txId,time_step,degree,y_true,mlp_score,mlp_predicted,graphsage_score,graphsage_predicted
1813992,35,6,0,5.8913585e-05,0,0.008185405,0
2234847,35,3,0,5.3751205e-06,0,0.002288977,0
2364754,35,2,0,1.4274184e-26,0,8.7224803e-14,0
2365784,35,11,0,1.0460897e-15,0,2.4551838e-10,0
2503693,35,2,0,0.77659047,1,0.29847917,0
3838391,35,1,0,1.9152365e-06,0,1.8191475e-05,0
4387573,35,7,0,8.016798e-15,0,1.2931763e-06,0
4565154,35,2,0,2.1162778e-05,0,0.016263578,0
6722049,35,1,0,0.00010146773,0,0.0023386478,0
7134700,35,1,1,0.101343565,0,0.3045571,0
7156740,35,6,0,1.51023e-30,0,7.034748e-17,0
7573937,35,1,0,0.04143366,0,0.031592336,0
8570131,35,10,0,0.012882939,0,0.00086670625,0
9009666,35,4,0,0.00048870355,0,0.0053907456,0
9010915,35,2,0,0.008038638,0,0.0072455085,0
9011388,35,1,0,0.012096299,0,0.042874996,0
9012982,35,3,0,0.0065961424,0,0.006759502,0
9070211,35,2,0,0.7325942,1,0.6704389,0
11908050,35,1,0,3.4865757e-08,0,2.8185734e-05,0
13489152,35,3,0,0.12572102,0,0.46185055,0
13538271,35,2,0,2.0697734e-24,0,1.0327801e-13,0
14051227,35,4,0,0.0,0,1.94391e-34,0
14585134,35,2,0,0.15795022,0,0.25663552,0
15158070,35,1,0,0.0011493663,0,0.0017436426,0
15984364,35,5,0,2.278777e-30,0,1.8631989e-16,0
16058648,35,1,0,0.00045305936,0,0.01488903,0
16809316,35,9,0,5.0581344e-09,0,8.9152396e-05,0
16820321,35,11,0,1.6546994e-24,0,2.9450123e-14,0
16827192,35,1,0,3.0023565e-19,0,2.3159303e-11,0
16922316,35,3,0,0.14612058,0,0.333897,0
17613471,35,4,0,4.495326e-19,0,5.3376612e-11,0
18458812,35,1,0,0.003515049,0,0.011260067,0
22334030,35,14,0,0.0018889129,0,0.0030585134,0
22544783,35,2,0,7.144782e-06,0,6.9044494e-05,0
24547797,35,4,0,9.338572e-08,0,0.00057196984,0
26136345,35,4,0,5.7034777e-07,0,7.533242e-05,0
26515239,35,11,0,0.0,0,8.9417447e-23,0
27494463,35,5,0,0.0013954311,0,6.950957e-05,0
27814162,35,1,0,1.3038438e-05,0,0.0023113405,0
28320734,35,1,0,0.3989804,0,0.70959526,0
28883075,35,2,0,1.08541685e-27,0,6.401508e-14,0
29192598,35,2,0,1.6090896e-25,0,2.3168823e-13,0
32689931,35,2,0,0.0001798446,0,0.033637628,0
32695528,35,6,0,6.834888e-28,0,1.5320244e-15,0
34565586,35,6,0,1.73644e-07,0,2.1027447e-05,0
34890565,35,5,0,2.8660004e-15,0,1.0967923e-08,0
35201427,35,2,0,0.0044936608,0,0.00174737,0
35201437,35,1,0,0.0003336412,0,0.00020210864,0
35201438,35,1,0,0.00019958464,0,6.0894574e-05,0
36621667,35,2,0,2.0215466e-06,0,1.2336738e-05,0
37292015,35,1,0,0.0018392508,0,0.0027877938,0
39533205,35,5,0,1.1380922e-36,0,5.4133667e-19,0
39700148,35,2,0,1.02464234e-07,0,3.409397e-05,0
41490163,35,5,0,9.1658115e-23,0,2.9945653e-13,0
43081036,35,2,0,0.26197913,0,0.8732888,1
43285945,35,1,0,4.374162e-09,0,6.3571915e-06,0
43396863,35,8,0,0.0,0,7.311796e-33,0
43438823,35,2,0,4.0518964e-07,0,7.248422e-05,0
45367289,35,4,0,4.4068564e-08,0,0.00010013149,0
45762362,35,2,0,9.959426e-06,0,0.00029212164,0
47060129,35,3,0,1.92135e-27,0,1.0975774e-15,0
47227022,35,1,0,0.0030727321,0,0.010141664,0
47570116,35,1,0,0.00030194252,0,6.427987e-05,0
48843267,35,2,0,0.0009758194,0,0.012171947,0
49420740,35,1,0,0.26271096,0,0.54125595,0
49909269,35,2,0,0.27718788,0,0.5493537,0
51851681,35,2,0,1.6794122e-08,0,2.4152541e-05,0
52931275,35,9,0,4.4498822e-08,0,0.00023260455,0
53771114,35,3,0,0.28590512,0,0.41279984,0
53776304,35,5,0,0.00061179756,0,0.014286613,0
53777687,35,5,0,0.0024177008,0,0.021131909,0
53779745,35,2,0,3.1162854e-24,0,4.1788843e-11,0
53779911,35,2,0,0.0021317857,0,0.020502033,0
53780299,35,3,0,0.0011804681,0,0.012902569,0
53780833,35,8,0,0.07042159,0,0.12234621,0
53781120,35,3,0,9.370066e-06,0,0.0010192678,0
53784210,35,6,0,0.0036971625,0,0.0029427037,0
53784539,35,3,0,0.00020958172,0,0.013487499,0
53785382,35,7,0,0.69041854,0,0.306823,0
53790648,35,1,0,0.007750779,0,0.04568799,0
53858303,35,4,0,0.004035144,0,0.049959645,0
53869774,35,2,0,0.64018196,0,0.415468,0
53880956,35,3,0,7.2402717e-10,0,1.2022304e-09,0
53881835,35,2,0,2.0759089e-07,0,0.00033453744,0
53883844,35,3,0,1.3589434e-11,0,1.5470914e-11,0
53883877,35,1,0,2.7914597e-05,0,0.00047543424,0
54196172,35,2,0,6.547943e-07,0,0.00028182252,0
54353300,35,7,0,3.621815e-16,0,6.846671e-09,0
54388447,35,11,0,6.4437986e-06,0,0.0011774831,0
54704081,35,1,0,0.212435,0,0.14288314,0
54704834,35,2,0,0.72738135,1,0.69261646,0
54704852,35,1,0,0.029997969,0,0.10227321,0
54704867,35,1,0,0.14639527,0,0.054289337,0
54705516,35,3,0,0.0022230537,0,0.010792328,0
54708123,35,2,0,6.7111733e-07,0,8.244175e-07,0
54708146,35,2,0,1.5534111e-10,0,4.9749773e-09,0
54708178,35,3,0,0.026342893,0,0.09538466,0
54708965,35,1,0,0.015778814,0,0.011937103,0
54711501,35,11,0,1.0853597e-18,0,5.2939294e-12,0
54712143,35,2,0,1.5702988e-14,0,3.3040756e-10,0
54712545,35,7,0,0.0005535226,0,0.0023238456,0
54714812,35,6,0,9.606834e-10,0,2.4572191e-05,0
54715153,35,2,0,1.6053478e-05,0,2.9199075e-05,0
54715156,35,2,0,6.0323856e-07,0,0.0100573385,0
54715734,35,1,0,0.0030882722,0,0.0718498,0
54716457,35,1,0,0.058074012,0,0.5303027,0
54716487,35,1,0,1.3282659e-08,0,0.009647829,0
54716899,35,1,0,0.03874002,0,0.08698571,0
54717251,35,2,0,0.11368842,0,0.10605662,0
54717534,35,9,0,1.124654e-34,0,0.0,0
54717573,35,5,0,1.2493135e-32,0,2.3997195e-28,0
54717633,35,5,0,4.409746e-32,0,2.4603551e-17,0
54718612,35,5,0,3.5970553e-33,0,3.2711604e-18,0
54719550,35,10,0,4.816104e-28,0,1.04712734e-16,0
54720900,35,8,0,2.8071687e-31,0,8.4746566e-17,0
54721593,35,12,0,4.8608204e-30,0,1.4019703e-16,0
54723430,35,1,0,0.50083244,0,0.4902152,0
54723872,35,2,0,0.0035535456,0,0.040079873,0
54723880,35,2,0,0.2146964,0,0.45658064,0
54723883,35,1,0,4.175445e-07,0,0.00010768544,0
54723899,35,3,0,1.2426594e-09,0,7.4337083e-07,0
54723920,35,4,0,0.0050534178,0,0.115580834,0
54723924,35,2,0,0.26931995,0,0.54959995,0
54723926,35,3,0,2.0101378e-09,0,1.1222216e-05,0
54723938,35,1,0,2.9418246e-07,0,0.0002661968,0
54724510,35,2,0,0.69364715,0,0.9042108,1
54724523,35,2,0,0.07977931,0,0.49956188,0
54724526,35,2,0,0.67774475,0,0.84761333,1
54724844,35,3,0,0.080781035,0,0.6305414,0
54724927,35,2,0,3.1308517e-13,0,1.64764e-11,0
54725743,35,2,0,0.10534221,0,0.8596778,1
54725746,35,2,0,0.20800279,0,0.69553936,0
54725927,35,1,0,0.00094164966,0,0.008328966,0
54726467,35,1,0,2.5819084e-14,0,3.4048597e-09,0
54726861,35,2,0,0.015860464,0,0.041794002,0
54727159,35,2,0,0.6268024,0,0.83328784,1
54730919,35,1,0,0.113329455,0,0.1579692,0
54731802,35,2,0,0.053150035,0,0.076015,0
54731809,35,1,0,0.055503763,0,0.11992514,0
54732569,35,2,0,0.670042,0,0.6811622,0
54732625,35,1,0,0.15283783,0,0.27173504,0
54732631,35,3,0,0.05570294,0,0.024682982,0
54733451,35,1,0,0.18043613,0,0.26165953,0
54733455,35,3,0,0.15486641,0,0.036089215,0
54733756,35,2,0,0.06814733,0,0.0133240195,0
54733759,35,2,0,0.07107724,0,0.08189431,0
54733761,35,2,0,0.001967066,0,0.014521884,0
54733763,35,2,0,0.19959123,0,0.007030992,0
54733770,35,1,0,0.15557057,0,0.3882315,0
54733777,35,6,0,0.43193048,0,0.2420027,0
54734399,35,1,0,0.23145907,0,0.27779785,0
54734409,35,2,0,0.25316745,0,0.047245376,0
54734446,35,3,0,0.14451039,0,0.37835044,0
54734451,35,3,0,0.15115048,0,0.15691742,0
54735821,35,1,0,1.0537257e-07,0,0.00014240197,0
54736796,35,1,0,8.4070116e-08,0,6.781851e-06,0
54738990,35,1,0,4.18563e-05,0,0.00543575,0
54745181,35,1,0,0.0021403702,0,0.020796642,0
54746426,35,1,0,0.04426886,0,0.17541347,0
54749029,35,1,0,1.6893844e-23,0,6.740014e-11,0
54749458,35,1,0,1.3198159e-23,0,9.8612585e-12,0
54749469,35,2,0,1.2695012e-06,0,1.9630235e-08,0
54749647,35,1,0,1.7695278e-23,0,1.1621553e-11,0
54749883,35,1,0,4.1558993e-05,0,1.6458868e-08,0
54750086,35,1,0,1.3438855e-06,0,1.9720828e-08,0
54751040,35,2,0,2.1487708e-06,0,2.1385903e-08,0
54751137,35,1,0,1.9922297e-23,0,1.3294196e-11,0
54751144,35,1,0,3.526531e-23,0,1.9906618e-11,0
54751363,35,1,0,9.298724e-23,0,2.9966935e-11,0
54752433,35,1,0,6.36777e-05,0,0.0050161164,0
54752635,35,1,0,3.703831e-05,0,0.00081201567,0
54752645,35,1,0,0.0008929013,0,0.0040615974,0
54753040,35,1,0,9.366797e-05,0,0.0070000957,0
54753410,35,1,0,0.00049442274,0,0.042875193,0
54754128,35,1,0,4.9942656e-10,0,3.6978608e-06,0
54756362,35,2,0,0.008687973,0,0.0063325125,0
54757426,35,1,0,0.0056273052,0,0.021132149,0
54758908,35,1,0,0.00013417695,0,0.0034990667,0
54759620,35,1,0,0.04209811,0,0.18560338,0
54759626,35,1,0,0.109298155,0,0.0330616,0
54759799,35,1,1,0.9713858,1,0.9574817,1
54760548,35,1,0,5.5285894e-18,0,5.9851163e-07,0
54760551,35,1,1,0.94835705,1,0.96613085,1
54762847,35,2,0,2.7080507e-05,0,0.0029231578,0
54764333,35,1,0,0.005034348,0,0.03425901,0
54767813,35,3,0,0.0012128148,0,0.013192762,0
54768399,35,3,0,0.25226834,0,0.46820468,0
54768400,35,2,0,0.38926792,0,0.13819969,0
54768404,35,2,0,0.57664454,0,0.5856231,0
54768598,35,2,0,0.48877952,0,0.4511379,0
54768608,35,3,0,0.0014829314,0,0.046891566,0
54768930,35,2,0,0.56712383,0,0.22171333,0
54768933,35,2,0,0.47409192,0,0.29079607,0
54769375,35,2,0,0.6133673,0,0.62895536,0
54769378,35,3,0,0.41093624,0,0.49244514,0
54769382,35,2,0,0.53769433,0,0.642927,0
54769388,35,3,0,0.103444435,0,0.16336232,0
54769550,35,2,0,0.6065131,0,0.67780685,0
54769795,35,2,0,0.5142482,0,0.6201583,0
54769801,35,2,0,0.45957163,0,0.6411501,0
54769823,35,3,0,0.49437848,0,0.49115655,0
54770026,35,2,0,0.64811057,0,0.70126015,0
54770028,35,3,0,0.050401926,0,0.10370509,0
54771037,35,1,1,0.8868567,1,0.945163,1
54771152,35,2,1,0.94919384,1,0.90109634,1
54771634,35,1,0,2.1383895e-20,0,3.780404e-21,0
54774042,35,1,0,0.0047418117,0,0.007846599,0
54776346,35,2,0,0.56858975,0,0.6959295,0
54776349,35,1,0,0.53858876,0,0.33055052,0
54777302,35,3,0,0.09974183,0,0.0010268752,0
54777309,35,2,0,0.021261744,0,0.017599287,0
54777326,35,2,0,0.632098,0,0.5922391,0
54777694,35,2,0,0.53957003,0,0.6011467,0
54777895,35,3,0,0.48524097,0,0.60227585,0
54779304,35,2,0,0.0062308013,0,0.02774509,0
54779337,35,1,0,0.02083191,0,0.12043637,0
54783807,35,11,0,0.00032622143,0,0.00430087,0
54785837,35,1,1,0.9622791,1,0.8824151,1
54788931,35,1,1,0.95232123,1,0.9181523,1
54789177,35,1,0,1.940898e-05,0,0.0005363063,0
54790821,35,2,0,5.8489266e-05,0,6.0571754e-05,0
54790859,35,2,0,0.02005727,0,0.010074881,0
54791816,35,1,0,0.16183926,0,0.5595791,0
54793796,35,1,0,0.00084908656,0,0.0007128654,0
54795004,35,1,0,0.0029201573,0,0.0003621244,0
54795008,35,2,0,0.00012188542,0,0.00033019236,0
54795283,35,2,0,4.8673024e-05,0,5.823815e-05,0
54795574,35,2,0,0.00379984,0,0.002315655,0
54795999,35,1,0,0.005318914,0,0.0013293795,0
54796088,35,1,0,0.097997755,0,0.026189493,0
54796364,35,2,0,0.0033735246,0,0.0042233896,0
54796612,35,1,0,0.00017509877,0,0.013268636,0
54798281,35,1,0,0.0018174491,0,0.008386197,0
54799858,35,2,0,0.0031380649,0,0.009715398,0
54801683,35,1,0,0.107744984,0,0.03791296,0
54802206,35,1,0,0.012937926,0,0.06055871,0
54802909,35,1,0,0.019520996,0,0.056578353,0
54803131,35,2,0,0.011765938,0,0.08417978,0
54803345,35,1,0,7.169736e-05,0,0.00030264776,0
54803350,35,2,0,0.0012577274,0,0.010321253,0
54803353,35,6,0,0.00020700548,0,0.001147454,0
54803357,35,1,0,0.01280103,0,0.007422531,0
54804228,35,4,0,0.0058406307,0,0.005975859,0
54804347,35,2,0,0.00039585718,0,0.020814693,0
54804627,35,3,0,0.68012536,0,0.39332834,0
54804733,35,1,0,0.61149955,0,0.25526592,0
54804748,35,1,0,0.004844552,0,0.004374701,0
54805075,35,3,0,0.009420467,0,0.002051906,0
54805330,35,2,0,0.31607005,0,0.17117213,0
54805361,35,1,0,2.9647455e-05,0,2.537703e-06,0
54805580,35,2,0,0.31701714,0,0.24385953,0
54807174,35,1,0,0.00019946326,0,0.010198825,0
54807376,35,1,0,0.009332973,0,0.06835293,0
54808415,35,1,0,6.697328e-11,0,1.5050448e-08,0
54808439,35,2,0,0.018765895,0,0.012544443,0
54808857,35,1,0,0.029744575,0,0.23456664,0
54809575,35,1,0,1.9581155e-05,0,0.00021845086,0
54810585,35,2,0,0.006406917,0,0.0049964255,0
54810844,35,1,0,0.0021351136,0,0.030051861,0
54810848,35,1,0,0.046877682,0,0.112674676,0
54810851,35,1,0,0.00011246422,0,0.0020785993,0
54810858,35,3,0,0.011201588,0,0.18638961,0
54810865,35,2,0,0.018217048,0,0.0128524415,0
54810885,35,1,0,0.00081844,0,0.00030184723,0
54811017,35,1,0,1.3034112e-05,0,0.001700886,0
54811283,35,1,0,0.0010716323,0,0.0023710602,0
54812037,35,1,0,0.010898301,0,0.13250422,0
54812078,35,1,0,0.0017926823,0,0.007990413,0
54812297,35,2,0,0.00010535098,0,0.008414386,0
54813115,35,2,0,0.005528698,0,0.068153106,0
54813121,35,2,0,0.15719385,0,0.4681917,0
54813370,35,1,0,1.8920115e-05,0,0.0001519029,0
54813638,35,2,0,0.32691675,0,0.49977836,0
54814169,35,2,0,0.00028391177,0,0.00029560208,0
54814303,35,1,0,2.6686891e-06,0,8.1170576e-05,0
54814380,35,2,0,0.0024195635,0,0.004666396,0
54814416,35,1,0,0.00035408864,0,0.0076707224,0
54815128,35,2,0,0.0006804194,0,0.001247422,0
54816062,35,1,0,0.010104796,0,0.034019046,0
54816605,35,1,0,0.08035565,0,0.32764444,0
54818110,35,2,0,0.019026522,0,0.049131908,0
54818215,35,3,0,0.00303044,0,0.0024737464,0
54821175,35,1,0,0.38677475,0,0.58855027,0
54821827,35,1,0,0.007993351,0,0.019096015,0
54821835,35,1,0,0.0064922944,0,0.01599383,0
54821855,35,2,0,0.597285,0,0.6465827,0
54824782,35,1,0,0.0043361583,0,0.00698546,0
54824800,35,4,0,0.0005629103,0,0.0023894135,0
54824999,35,1,0,0.0014597685,0,0.004990694,0
54825497,35,5,0,0.0022655604,0,0.0019069914,0
54826016,35,1,0,0.0021678396,0,0.027998487,0
54826507,35,2,0,0.0014096951,0,0.0015968949,0
54826797,35,2,0,0.021517055,0,0.20569538,0
54826806,35,1,0,0.20779715,0,0.5305927,0
54826814,35,1,0,0.10705829,0,0.22803967,0
54827393,35,2,0,0.032944925,0,0.12681603,0
54828183,35,2,0,0.002353814,0,0.0079975305,0
54829893,35,3,0,0.00054328475,0,0.002534394,0
54830536,35,1,0,0.0003668596,0,0.008778109,0
54831151,35,1,0,0.17798434,0,0.10162194,0
54831431,35,6,0,0.00081813044,0,0.004635774,0
54831581,35,1,0,0.016275529,0,0.09458719,0
54832126,35,1,0,0.0010820826,0,0.0012223888,0
54832425,35,4,0,1.1795201e-05,0,0.00012485536,0
54832573,35,1,0,0.0054038414,0,0.07434802,0
54832862,35,3,0,3.5824076e-05,0,0.00084565463,0
54833115,35,3,0,0.0026114376,0,0.020550488,0
54833461,35,3,0,0.0011270832,0,0.004222798,0
54833710,35,9,0,0.000118728974,0,0.0004827372,0
54836178,35,1,0,0.1928957,0,0.26610795,0
54836677,35,2,0,0.00027310936,0,0.0003572786,0
54836963,35,3,0,0.009609956,0,0.059152424,0
54837256,35,1,0,0.0015284838,0,0.0067724315,0
54838144,35,2,0,0.016251719,0,0.053249795,0
54838172,35,3,0,0.025299221,0,0.0063843634,0
54838179,35,1,0,0.0024372824,0,0.017258955,0
54838218,35,2,0,0.0026698236,0,0.02519199,0
54839841,35,2,0,0.023527257,0,0.08126107,0
54840029,35,1,0,0.0064932853,0,0.0069109136,0
54840054,35,1,0,0.0031624252,0,0.001156267,0
54840108,35,2,0,0.0020862224,0,0.0011397398,0
54841028,35,2,0,0.010059674,0,0.014874936,0
54841397,35,2,0,0.003775661,0,0.044162937,0
54842233,35,2,0,1.5562252e-14,0,1.3895892e-11,0
54844256,35,1,0,0.6565617,0,0.7059718,0
54845178,35,2,0,0.005307025,0,0.05113317,0
54845983,35,2,0,0.0030592808,0,0.005019206,0
54847261,35,1,0,0.0074884593,0,0.0032343594,0
54847270,35,1,0,0.063857,0,0.13258827,0
54848711,35,1,0,3.0013398e-06,0,3.0927826e-05,0
54849148,35,2,0,0.0018025854,0,0.0029443784,0
54851328,35,1,0,0.0052394033,0,0.0050064344,0
54851334,35,1,0,0.0011202097,0,0.001071687,0
54853134,35,1,0,2.2010447e-05,0,0.00014079176,0
54853462,35,1,0,3.662277e-06,0,7.2205826e-06,0
54853508,35,2,0,3.6875774e-06,0,0.0018655378,0
54853520,35,2,0,4.163627e-05,0,9.5755444e-05,0
54854333,35,1,0,2.0867637e-06,0,0.00015144011,0
54855612,35,2,0,0.012829528,0,0.12830792,0
54855813,35,1,0,0.014663613,0,0.07281263,0
54855815,35,1,0,2.6629472e-05,0,0.0027873842,0
54856328,35,2,0,0.008388386,0,0.0071440437,0
54857201,35,2,0,0.0018660814,0,0.005181725,0
54859933,35,1,0,0.015247962,0,0.022146257,0
54861756,35,1,0,4.4040075e-12,0,3.05937e-09,0
54862521,35,5,0,5.0618812e-23,0,2.0607663e-11,0
54865207,35,3,0,0.0021186138,0,0.010469822,0
54866474,35,1,0,7.1611603e-06,0,2.0925105e-05,0
54868919,35,2,0,3.8499468e-10,0,2.4820912e-07,0
54869389,35,2,0,0.0002499481,0,0.0022001823,0
54871606,35,2,0,6.0565446e-07,0,2.0982556e-05,0
54872531,35,1,0,0.6659506,0,0.17525819,0
54872625,35,1,1,0.9944794,1,0.993697,1
54874060,35,1,0,1.6855724e-06,0,0.00017733022,0
54878673,35,1,0,0.0017790138,0,0.0158964,0
54878850,35,1,1,0.97619104,1,0.93579084,1
54878851,35,1,1,0.9771224,1,0.9934849,1
54878901,35,1,1,0.3965219,0,0.047556087,0
54878909,35,1,1,0.9789175,1,0.926024,1
54879764,35,2,0,2.6166674e-07,0,0.00038816675,0
54879906,35,10,0,0.05751424,0,0.061207213,0
54879907,35,1,1,0.9739293,1,0.9635186,1
54880124,35,1,0,2.2337677e-08,0,6.730095e-06,0
54885834,35,3,0,0.0,0,3.3298866e-22,0
54885855,35,1,0,0.0014168,0,0.00036010362,0
54885869,35,2,0,5.09021e-23,0,1.8933201e-12,0
54885872,35,5,0,1.2339593e-30,0,3.204017e-16,0
54885883,35,3,0,1.0965989e-36,0,2.7034738e-22,0
54885945,35,1,0,2.0647186e-09,0,4.530942e-07,0
54885952,35,2,0,2.3450842e-23,0,3.910554e-13,0
54886124,35,5,0,0.009740772,0,0.0019562244,0
54886129,35,5,0,3.4751065e-29,0,9.362004e-16,0
54886134,35,2,0,1.4281585e-27,0,7.228552e-15,0
54887066,35,2,0,0.0014570354,0,0.00051555113,0
54887344,35,4,0,0.0,0,1.9686711e-26,0
54888223,35,3,0,3.2834294e-05,0,0.0015573218,0
54888229,35,10,0,0.0,0,7.0670063e-22,0
54893254,35,13,0,0.0011305198,0,0.003013369,0
54896381,35,2,0,8.090283e-38,0,2.546114e-19,0
54896405,35,48,0,0.00033915782,0,2.9215204e-05,0
54904991,35,3,0,1.6117601e-05,0,0.00026561038,0
54906193,35,33,0,0.0015552598,0,0.0005741149,0
54906489,35,1,0,0.0038710472,0,0.013493743,0
54912139,35,1,1,0.93212885,1,0.7336852,0
54912141,35,1,1,0.9715556,1,0.8910941,1
54912983,35,1,0,0.006196178,0,0.048789576,0
54913453,35,3,0,7.412818e-05,0,0.014249955,0
54913455,35,11,0,5.226605e-24,0,6.673884e-13,0
54915900,35,2,0,0.53430384,0,0.043627765,0
54918482,35,1,0,0.0015934374,0,0.0007540862,0
54918774,35,3,0,0.024419349,0,0.03864493,0
54919199,35,1,0,0.24079391,0,0.077009454,0
54922172,35,1,0,1.0891583e-05,0,0.00024185667,0
54929170,35,6,0,0.016349128,0,0.023896648,0
54929556,35,1,0,0.00035746698,0,0.0004168428,0
54930421,35,1,0,0.00023085665,0,0.13288441,0
54932909,35,1,0,0.3288378,0,0.53223747,0
54934554,35,1,0,5.2222535e-05,0,0.00011969509,0
54936064,35,1,0,4.9179595e-26,0,7.831966e-20,0
54948165,35,3,0,0.0,0,2.2398717e-24,0
54959120,35,1,0,0.0019127021,0,0.0035735252,0
54959207,35,10,0,0.19770804,0,0.18859868,0
54959212,35,3,0,0.010259734,0,0.1814741,0
54965024,35,2,0,2.3821488e-07,0,0.00042011376,0
54965309,35,2,0,4.2353604e-06,0,0.00080539647,0
54966960,35,2,0,0.32312596,0,0.0625167,0
54977212,35,4,0,0.008438578,0,0.042913973,0
54977464,35,3,0,1.4041616e-07,0,8.806645e-05,0
55106944,35,4,0,1.9185048e-08,0,2.0491425e-05,0
55106947,35,1,0,2.263609e-09,0,9.9284625e-09,0
55109779,35,1,0,0.46246794,0,0.6571339,0
55111562,35,1,1,0.8889936,1,0.9345519,1
55118035,35,2,0,0.01584655,0,0.01698468,0
55118487,35,3,0,0.0,0,1.0852791e-29,0
55121160,35,5,0,4.438595e-14,0,6.7765016e-09,0
55121162,35,34,0,0.0,0,0.0,0
55121172,35,2,0,8.093288e-09,0,9.1785193e-07,0
55121190,35,6,0,1.3909393e-37,0,2.6215766e-22,0
55121372,35,2,0,6.0327025e-08,0,1.1814981e-05,0
55182518,35,1,0,1.9191682e-05,0,0.00015274751,0
55214893,35,5,0,0.00076532987,0,0.008006209,0
55239131,35,4,0,2.9358083e-18,0,1.4274709e-10,0
55246666,35,2,0,0.0040375656,0,0.08705113,0
55246758,35,3,0,0.0007115178,0,0.005550562,0
55256205,35,5,0,1.7031814e-29,0,7.606642e-16,0
55257343,35,4,0,0.026206112,0,0.20012638,0
55258302,35,1,0,1.4524004e-05,0,0.0018174241,0
55671198,35,1,0,0.00032034284,0,0.00026490557,0
55678052,35,1,0,0.38633913,0,0.21692342,0
55678053,35,1,0,0.38464892,0,0.6614548,0
55690201,35,1,0,0.04500018,0,0.006361337,0
55692335,35,5,0,0.001221222,0,0.031438906,0
55699103,35,4,0,7.196253e-06,0,3.7260008e-05,0
55705770,35,3,0,0.22690444,0,0.34005478,0
55713378,35,2,0,1.1877535e-05,0,0.00046444897,0
55713620,35,2,0,0.000100050456,0,0.0030650091,0
55732951,35,2,0,0.0071110316,0,0.009465797,0
55734283,35,1,0,0.0048265415,0,0.004715168,0
55734286,35,1,0,0.00075395394,0,0.0028201255,0
55734423,35,2,0,0.0029049444,0,0.036115933,0
55735923,35,2,0,0.023996605,0,0.07833012,0
55768753,35,2,0,7.128006e-06,0,0.00014647165,0
55777865,35,2,0,6.9035586e-08,0,0.00038216054,0
55797479,35,1,0,0.00030546918,0,0.0013009475,0
55799881,35,3,0,1.41358205e-05,0,0.00035163737,0
55903635,35,2,0,0.115561455,0,0.20861995,0
55904589,35,1,0,0.0047516897,0,0.04908009,0
55917717,35,2,0,1.0019051e-05,0,0.00040378034,0
55919691,35,3,0,1.7736173e-22,0,2.6848753e-12,0
55921395,35,2,0,0.021138914,0,0.0029917522,0
55921908,35,2,0,0.0071969326,0,0.0029471433,0
55928256,35,5,0,0.0252881,0,0.002486486,0
55928261,35,1,0,0.34668186,0,0.12793224,0
55936804,35,1,0,4.8366123e-06,0,2.6659697e-07,0
55939055,35,72,0,0.0030074152,0,9.40568e-05,0
55951263,35,2,0,9.1020574e-10,0,7.7946277e-07,0
55954176,35,2,0,0.00015664876,0,0.0026671977,0
55961979,35,1,0,9.034702e-07,0,0.046206526,0
55963670,35,2,0,0.5605498,0,0.2920803,0
55969540,35,1,0,0.0002955832,0,0.0069740643,0
55970009,35,2,0,0.22299528,0,0.10165616,0
55970289,35,6,0,1.7295943e-13,0,1.6907642e-08,0
55981433,35,1,0,0.0009000817,0,0.0002208587,0
55982677,35,2,0,0.021046776,0,0.09512759,0
55987783,35,2,0,1.2450881e-06,0,5.3806223e-05,0
55989254,35,1,0,0.020322587,0,0.005631771,0
55990351,35,2,0,6.6088876e-05,0,0.00022739713,0
55999645,35,1,0,0.19698961,0,0.13854316,0
56001686,35,1,0,0.0007715616,0,0.0009380369,0
56001916,35,1,0,0.0757264,0,0.07238125,0
56004984,35,1,1,0.9874844,1,0.983067,1
56032497,35,1,0,1.3520188e-06,0,0.0012741454,0
56038001,35,2,0,7.848049e-07,0,0.00040356294,0
56048884,35,2,0,0.0,0,6.702605e-30,0
56049406,35,2,0,0.04483263,0,0.009214936,0
56086604,35,3,0,0.0038064318,0,0.025650261,0
56092515,35,1,0,0.45939007,0,0.86514145,1
56096954,35,2,0,0.0028691972,0,0.003938547,0
56110829,35,2,0,6.725988e-08,0,1.2578269e-05,0
56110851,35,2,0,0.6682393,0,0.9845936,1
56113863,35,2,0,0.020523546,0,0.31512204,0
56113868,35,2,0,1.9571056e-05,0,0.00071365864,0
56114940,35,2,0,2.3543516e-06,0,0.00027815823,0
56117902,35,4,0,7.5841454e-06,0,7.5680123e-06,0
56117903,35,1,0,0.059654113,0,0.029866135,0
56120732,35,4,0,0.0001221782,0,0.006018653,0
56120733,35,3,0,0.0017762723,0,0.0076489504,0
56121607,35,3,0,7.135999e-05,0,0.00044940496,0
56123429,35,5,0,6.725719e-05,0,0.0006249973,0
56123930,35,2,0,0.0009125376,0,0.0022818702,0
56127938,35,3,0,0.00047064113,0,0.022576239,0
56128498,35,1,0,0.0006732996,0,0.0024173555,0
56130548,35,2,0,0.005855804,0,0.14348637,0
56131331,35,14,0,0.00039514966,0,0.0010828881,0
56165616,35,1,0,0.13614178,0,0.13847388,0
56199750,35,2,0,1.2446331e-07,0,4.6626665e-05,0
56215656,35,1,0,0.00021454992,0,0.0005369518,0
56215674,35,2,0,3.808141e-11,0,8.0072596e-08,0
56234683,35,2,0,1.6807378e-06,0,1.4182578e-07,0
56234684,35,2,0,1.48071285e-05,0,4.666309e-05,0
56234694,35,3,0,0.00019172614,0,4.4618693e-05,0
56240836,35,2,0,0.0064474028,0,0.037073657,0
56242196,35,1,1,0.6946119,0,0.69453496,0
56255918,35,1,0,8.584878e-06,0,3.5846261e-07,0
56264184,35,2,0,2.9777999e-05,0,3.767717e-05,0
56278048,35,2,0,0.013847808,0,0.012928454,0
56278480,35,3,0,0.04710901,0,0.10272836,0
56279506,35,1,0,0.007391209,0,0.034131017,0
56280192,35,2,0,4.3041664e-06,0,0.0016170688,0
56287995,35,1,0,0.040620394,0,0.011898193,0
56288197,35,2,0,1.7857283e-06,0,0.0019420166,0
56301128,35,1,0,0.00019889182,0,0.0005806737,0
56329117,35,1,0,0.00014377852,0,0.00038376235,0
56333891,35,2,0,0.25065666,0,0.29065108,0
56336772,35,3,0,2.0944197e-08,0,0.00015070586,0
56337133,35,1,0,3.6793004e-05,0,0.0062628803,0
56352710,35,27,0,0.22311969,0,0.27506632,0
56369991,35,1,0,0.019868866,0,0.028833061,0
56395468,35,1,0,0.011045819,0,0.0037632268,0
56524758,35,3,0,1.928927e-29,0,3.968569e-17,0
56532833,35,3,0,0.00010003186,0,0.0053265435,0
56533444,35,1,0,0.0039559016,0,0.029631533,0
56539973,35,3,0,0.00018024768,0,0.0014819899,0
56614050,35,1,0,0.044672843,0,0.03058606,0
56614055,35,3,0,0.4755308,0,0.560095,0
56614059,35,1,0,1.2726062e-05,0,2.9307266e-06,0
56693174,35,1,0,0.00027403998,0,0.00033942392,0
56707264,35,2,0,0.026188197,0,0.6590885,0
56777808,35,1,0,0.0048962273,0,0.0011010473,0
56783023,35,2,0,1.1275779e-05,0,6.654327e-06,0
56784750,35,7,0,0.042262312,0,0.0068679983,0
56784754,35,2,0,0.003244139,0,0.0033834826,0
56784794,35,2,0,0.19698495,0,0.10217939,0
56784795,35,1,0,0.002788946,0,0.015948191,0
56787106,35,5,0,0.23167425,0,0.00233372,0
56859447,35,1,0,0.4154905,0,0.14877237,0
56924092,35,3,0,0.02887627,0,0.020854646,0
56979223,35,3,0,1.1457715e-05,0,2.1278088e-07,0
57014736,35,53,0,0.00050199684,0,0.0011499603,0
57017238,35,1,1,0.9013802,1,0.9602706,1
57017683,35,1,0,0.0013862202,0,0.0001259656,0
57024278,35,1,0,0.09530273,0,0.3549414,0
57062175,35,2,0,0.00010831116,0,0.00041919187,0
57074191,35,7,0,0.40658548,0,0.091860175,0
57083717,35,2,0,1.9149043e-06,0,2.4096496e-05,0
57095769,35,2,0,2.0714475e-07,0,0.000106081934,0
57124631,35,1,0,0.0010490603,0,0.005972062,0
57132375,35,1,0,6.3852334e-05,0,4.4191722e-05,0
58564927,35,1,0,7.9471545e-05,0,0.00013317178,0
58975531,35,3,0,0.007964436,0,0.0035545554,0
59488377,35,2,0,1.1944095e-06,0,0.00059673644,0
62035059,35,2,0,0.043429986,0,0.029045818,0
62138030,35,2,0,0.7619716,1,0.7586629,0
62154976,35,1,0,7.5413695e-06,0,0.00033038476,0
62161756,35,4,0,1.4036529e-07,0,0.00035838896,0
62181130,35,1,0,0.069059856,0,0.21632014,0
62237620,35,1,0,5.055372e-14,0,3.9781332e-13,0
62237626,35,1,0,4.0677628e-19,0,6.4221165e-17,0
62240726,35,8,0,0.011619148,0,0.006752373,0
62240911,35,2,0,6.1703184e-07,0,9.582807e-05,0
62241667,35,1,0,3.2338596e-07,0,1.9256419e-09,0
62241682,35,16,0,0.052569024,0,0.023401575,0
62243389,35,2,0,0.12133072,0,0.057720356,0
62243420,35,1,0,3.4174485e-07,0,9.0544556e-05,0
62243731,35,1,0,0.045552842,0,0.03895659,0
62257079,35,1,0,7.3844625e-05,0,0.00055637886,0
62264967,35,1,0,5.15516e-10,0,0.0011871753,0
62264968,35,2,0,2.276239e-06,0,5.886277e-06,0
62337431,35,1,0,3.2027652e-05,0,0.0066321404,0
62595001,35,2,0,0.00018448844,0,0.0019201328,0
62595438,35,3,0,0.025137058,0,0.0129673155,0
62595452,35,2,0,0.053848855,0,0.117956996,0
62599108,35,1,0,0.31345388,0,0.07937811,0
62601402,35,1,0,0.5631965,0,0.74079525,0
62601403,35,2,0,1.5160213e-06,0,0.0017105191,0
62668414,35,2,0,0.23778665,0,0.13991235,0
62722471,35,12,0,0.005289579,0,0.0020399806,0
62723195,35,2,0,0.7860694,1,0.26165423,0
63018297,35,3,0,0.10715589,0,0.15777907,0
63069519,35,2,0,0.50047934,0,0.7103592,0
63108756,35,1,0,9.896852e-06,0,0.00022446901,0
63109243,35,2,0,2.6977808e-08,0,2.6385064e-06,0
63749433,35,2,0,0.023633165,0,0.083574705,0
63819321,35,2,0,2.7563568e-05,0,4.1322153e-05,0
64069335,35,10,0,0.027616564,0,0.024521137,0
64082788,35,1,0,0.03066804,0,0.0176335,0
64181087,35,1,0,0.0010414942,0,0.002861568,0
64189565,35,1,0,0.06651461,0,0.06712184,0
64192203,35,1,0,0.01069242,0,0.045113556,0
64194350,35,1,0,0.013872524,0,1.2419051e-18,0
64198359,35,1,0,0.00085360504,0,0.015107247,0
64199616,35,1,0,0.0009943217,0,0.0002811221,0
64203116,35,11,0,0.09266969,0,0.061754517,0
64208517,35,18,0,0.0040072678,0,0.0015686608,0
64211564,35,47,0,0.0015674828,0,0.0012935257,0
64220417,35,12,0,0.023506546,0,0.017067246,0
64221694,35,1,0,0.00022127223,0,0.00021893065,0
64271102,35,1,0,0.0024880273,0,0.00965261,0
64346631,35,10,0,0.00026690096,0,0.0011377274,0
64413379,35,2,0,0.7201491,1,0.7360326,0
64444224,35,1,0,0.0064972234,0,0.013945353,0
64523668,35,2,0,7.992061e-06,0,0.00081703893,0
64868201,35,3,0,0.2976889,0,0.69978994,0
64879504,35,2,0,0.0005351867,0,0.0005919103,0
64879505,35,2,0,0.00078733126,0,0.0064451247,0
64879544,35,2,0,0.42941517,0,0.22516745,0
65255986,35,1,0,0.0013525363,0,0.047225825,0
65271190,35,2,0,0.6742242,0,0.42528868,0
65496695,35,5,0,1.2329773e-09,0,2.064368e-09,0
66443314,35,1,0,1.4412105e-07,0,3.156061e-05,0
67005848,35,1,0,3.1430798e-06,0,1.6139056e-05,0
67546875,35,2,0,6.4663786e-06,0,0.00047592397,0
67548722,35,2,0,0.0,0,1.5762762e-18,0
67548736,35,2,0,0.30174974,0,0.3062972,0
67548739,35,5,0,0.044730242,0,0.053942453,0
67555648,35,1,0,0.003488155,0,0.007893814,0
67555862,35,1,0,0.035268907,0,0.092265524,0
67556646,35,1,0,0.00081564963,0,0.5473645,0
67556652,35,1,0,0.26173782,0,0.22027893,0
67556667,35,1,0,0.001360742,0,0.012708401,0
67556907,35,3,0,0.00027681215,0,0.0063918903,0
67557160,35,4,0,0.001378098,0,0.023724882,0
67557168,35,2,0,0.57318616,0,0.10102538,0
67557171,35,1,0,0.013027276,0,0.08705738,0
67557179,35,3,0,0.020484895,0,0.040109888,0
67557268,35,1,0,0.00802141,0,0.011258003,0
67557272,35,3,0,0.016659688,0,0.16354406,0
67558660,35,2,0,1.851735e-05,0,0.00029262505,0
67562160,35,3,0,0.38340393,0,0.18185407,0
67562982,35,5,0,0.2878513,0,0.3696777,0
67562983,35,6,0,0.266864,0,0.24423482,0
67562985,35,4,0,0.06791466,0,0.18706675,0
67562986,35,3,0,0.17492042,0,0.3074511,0
67562987,35,5,0,0.01807762,0,0.01962052,0
67562988,35,4,0,0.04128886,0,0.2228568,0
67563833,35,2,0,0.009729597,0,0.03515208,0
67565986,35,1,0,2.653122e-05,0,0.0007708862,0
67565988,35,1,0,7.827882e-07,0,5.0479575e-06,0
67568711,35,1,0,0.007079036,0,0.052308574,0
67572549,35,9,0,0.00013096834,0,1.2562349e-07,0
67572666,35,33,0,0.02762292,0,0.017299665,0
67572674,35,2,1,0.978131,1,0.9929196,1
67573113,35,1,1,0.94116604,1,0.9760122,1
67573534,35,1,0,3.7124458e-08,0,7.5355174e-06,0
67573535,35,2,0,0.00010830238,0,0.0002466377,0
67573673,35,1,0,1.542009e-23,0,6.7273506e-11,0
67573682,35,6,0,0.0046177446,0,0.0011804866,0
67575027,35,1,0,2.3056732e-23,0,1.1900032e-11,0
67575780,35,1,1,0.9836481,1,0.9693411,1
67575821,35,1,0,0.0032664526,0,0.0002954271,0
67575835,35,1,1,0.7843673,1,0.7673285,0
67575965,35,2,1,0.6220737,0,0.49205056,0
67576294,35,3,0,0.009837939,0,0.10474097,0
67576304,35,1,1,0.5341443,0,0.5187647,0
67576436,35,1,1,0.9410918,1,0.96120024,1
67576439,35,2,1,0.83155495,1,0.69264877,0
67576672,35,3,0,1.1488921e-05,0,0.009669317,0
67581732,35,1,0,7.000763e-05,0,4.2922224e-05,0
67582896,35,3,0,0.0022729025,0,0.08379177,0
67582897,35,2,0,0.00045348887,0,0.01798973,0
67583000,35,1,0,4.204517e-05,0,6.2413215e-05,0
67584861,35,1,1,0.98293346,1,0.9684068,1
67584867,35,1,1,0.8672882,1,0.72866577,0
67585644,35,1,1,0.9805571,1,0.99303657,1
67585727,35,1,1,0.97000384,1,0.98041874,1
67585812,35,1,1,0.95897985,1,0.9907108,1
67586049,35,2,0,0.06938837,0,0.33216065,0
67586063,35,1,1,0.9868816,1,0.98542887,1
67586067,35,1,0,8.1949713e-07,0,2.6176709e-05,0
67586146,35,2,0,1.6974518e-07,0,0.00015417303,0
67594169,35,2,1,0.99628747,1,0.4370973,0
67594170,35,2,0,1.8266033e-05,0,0.0024731522,0
67594178,35,2,1,0.97306925,1,0.9964084,1
67594988,35,1,1,0.9233739,1,0.893969,1
67597090,35,4,0,0.04078023,0,1.4140473e-05,0
67597117,35,1,1,0.96804017,1,0.9570063,1
67597127,35,2,0,0.65860385,0,0.13966468,0
67597195,35,2,0,0.25778672,0,0.16849913,0
67597811,35,2,0,0.76229525,1,0.6203627,0
67597991,35,2,0,0.19475238,0,0.6777664,0
67597994,35,2,0,0.20282978,0,0.39974314,0
67597999,35,2,0,0.22505048,0,0.39820686,0
67598003,35,2,0,0.9661836,1,0.83157635,1
67598007,35,2,0,0.7899396,1,0.9161854,1
67598679,35,3,0,0.0044294964,0,0.0018908655,0
67600922,35,1,1,0.87548965,1,0.9669958,1
67602987,35,1,0,0.066445105,0,0.069885686,0
67602991,35,61,0,0.009916483,0,0.009214766,0
67603015,35,2,1,0.9965538,1,0.98752856,1
67603016,35,3,0,0.20097677,0,0.43364677,0
67603017,35,2,1,0.99601525,1,0.9994192,1
67603018,35,2,1,0.9977024,1,0.99970067,1
67603024,35,2,1,0.995795,1,0.91398966,1
67603027,35,3,0,6.197557e-06,0,0.00095612806,0
67603033,35,2,1,0.9964765,1,0.8515493,1
67603154,35,2,1,0.9550749,1,0.9300937,1
67603155,35,2,1,0.99767727,1,0.99824274,1
67603196,35,1,1,0.9410812,1,0.97600424,1
67604001,35,1,1,0.8006896,1,0.7374693,0
67604028,35,3,0,0.0023421615,0,3.281783e-07,0
67604368,35,1,0,0.3226671,0,0.6362071,0
67604406,35,1,0,0.0031491646,0,0.0052890093,0
67604409,35,3,0,0.0086785415,0,0.0003044144,0
67604515,35,2,0,0.0003482543,0,0.0011781371,0
67605068,35,2,0,0.20410365,0,0.03598114,0
67605524,35,1,0,0.00025625576,0,0.0071758823,0
67605758,35,1,0,0.007869366,0,0.015756747,0
67606194,35,3,0,3.5650028e-05,0,5.478897e-05,0
67607221,35,1,0,0.002116222,0,0.0012032143,0
67607797,35,1,0,0.25876126,0,0.12970763,0
67609337,35,6,0,0.001106359,0,0.0027640369,0
67609773,35,4,0,0.02026455,0,0.0218387,0
67609813,35,5,0,5.154692e-16,0,3.5693498e-10,0
67611213,35,4,0,9.136681e-08,0,3.3604036e-05,0
67611224,35,2,0,0.01827183,0,0.026303165,0
67611417,35,1,0,0.0056560426,0,0.0002233301,0
67611432,35,1,0,0.002013935,0,0.0005178028,0
67611506,35,1,0,0.00017196692,0,3.557192e-05,0
67611688,35,1,0,0.075120874,0,0.036475923,0
67612036,35,1,0,0.0823882,0,0.0896913,0
67612044,35,1,0,9.1171705e-06,0,0.00011381907,0
67612048,35,1,0,0.018523948,0,0.0013125533,0
67612507,35,1,0,0.003933718,0,0.007374714,0
67612509,35,3,0,0.07140821,0,0.14579298,0
67612517,35,3,0,0.15174642,0,0.3648789,0
67614430,35,1,0,0.007835623,0,0.08019969,0
67614542,35,1,0,0.0009845673,0,0.0020780563,0
67615139,35,1,0,0.014192199,0,0.015563389,0
67615800,35,1,0,0.0014182802,0,0.00032275572,0
67617138,35,1,0,0.002021799,0,0.002021777,0
67617347,35,3,0,0.0007205777,0,1.4993066e-07,0
67617348,35,1,0,1.0129208e-05,0,2.9733816e-05,0
67617361,35,1,0,0.00043129054,0,8.50206e-05,0
67617547,35,1,0,0.00045289876,0,0.00066197873,0
67622489,35,1,0,0.046138622,0,0.020808026,0
67624013,35,7,0,0.0013436857,0,0.0029246758,0
67625970,35,1,0,0.038250946,0,0.25009885,0
67626761,35,3,0,0.0015396285,0,0.0042441357,0
67627062,35,2,0,0.35870355,0,0.30820477,0
67627099,35,2,0,0.9232379,1,0.9553294,1
67627226,35,2,0,0.029648215,0,0.47930652,0
67627706,35,84,0,0.0017685108,0,0.0057757837,0
67627710,35,1,0,0.15957312,0,0.041956168,0
67627719,35,15,0,0.00085371005,0,0.00085643865,0
67628055,35,2,0,0.16069564,0,0.0075848647,0
67628061,35,3,0,0.011920968,0,0.017050168,0
67628070,35,2,0,0.038681023,0,0.05019342,0
67628074,35,2,0,0.00031155007,0,0.00023246907,0
67628075,35,2,0,0.54340273,0,0.89963377,1
67628078,35,2,0,7.498248e-06,0,5.943197e-06,0
67628079,35,2,0,0.016646663,0,0.02685248,0
67628274,35,2,0,8.613559e-05,0,0.00053823873,0
67628277,35,2,0,0.022962602,0,0.012407742,0
67628281,35,2,0,3.795221e-05,0,0.00033074056,0
67628282,35,3,0,5.9364504e-07,0,1.40377e-05,0
67628399,35,54,0,0.005160443,0,0.008295634,0
67628407,35,2,0,0.37386948,0,0.6516612,0
67628428,35,2,0,0.24759094,0,0.07744504,0
67628442,35,2,0,1.4457574e-11,0,1.6336141e-08,0
67628472,35,3,0,0.0038822207,0,0.0057728984,0
67628477,35,2,0,0.009919344,0,0.025560344,0
67628673,35,3,0,0.008420005,0,0.015000595,0
67628742,35,46,0,0.001365753,0,0.012000247,0
67629086,35,7,0,0.35157767,0,0.19606465,0
67629185,35,3,0,0.039641242,0,0.052914273,0
67629192,35,2,0,0.00041694418,0,0.011631101,0
67629274,35,3,0,0.117373645,0,0.034954954,0
67629541,35,2,0,0.15264839,0,0.16079375,0
67629557,35,2,0,1.1612231e-10,0,5.8181693e-05,0
67630838,35,2,0,0.007909383,0,0.0055551142,0
67631240,35,2,0,0.81761134,1,0.51631,0
67631244,35,3,0,0.11352356,0,0.23659894,0
67632042,35,11,0,0.00043850573,0,2.1264696e-05,0
67632075,35,2,0,0.0009250812,0,0.00056123856,0
67632396,35,2,0,0.0005524997,0,0.00010679149,0
67632404,35,5,0,0.05273979,0,0.1357949,0
67633244,35,10,0,0.19532317,0,0.16370176,0
67633247,35,3,0,0.028811658,0,0.013054452,0
67633486,35,1,1,0.94982624,1,0.85712814,1
67634508,35,1,0,0.36250493,0,0.36294457,0
67634530,35,1,0,0.0010058816,0,0.07915637,0
67634535,35,3,0,0.45560408,0,0.12888367,0
67634539,35,1,0,0.0012707761,0,0.00740457,0
67634540,35,1,0,0.0022262724,0,0.00083872234,0
67636472,35,1,0,0.0021385197,0,0.015023142,0
67639053,35,1,0,7.610022e-05,0,0.00011242272,0
67639703,35,1,0,0.001559659,0,0.0010098803,0
67642086,35,1,0,0.079683885,0,0.117369,0
67642643,35,1,0,0.19049186,0,0.4779719,0
67642652,35,2,0,0.0056909365,0,0.0015640224,0
67642950,35,4,0,0.01975405,0,0.17285612,0
67642959,35,1,0,0.008644308,0,7.4455835e-05,0
67643195,35,1,0,6.5358545e-06,0,2.3284596e-08,0
67644958,35,1,0,2.285051e-07,0,2.9873784e-06,0
67645832,35,1,0,0.0038156086,0,0.00043581706,0
67646035,35,1,0,0.00026462358,0,0.0013785227,0
67646735,35,1,0,0.009861528,0,0.0023579528,0
67648024,35,1,0,0.015535376,0,0.0010018904,0
67648029,35,1,0,1.6638059e-07,0,2.6564628e-06,0
67648453,35,1,0,9.953866e-10,0,1.0906487e-06,0
67649169,35,1,0,0.0031397075,0,0.0021848765,0
67649196,35,1,0,8.520696e-05,0,2.0371692e-05,0
67651174,35,6,0,0.19495443,0,0.04406422,0
67651501,35,1,0,0.012120209,0,0.00015346563,0
67653845,35,1,0,0.054490697,0,0.05611925,0
67654240,35,2,0,3.3115255e-06,0,0.00071326224,0
67654242,35,2,0,0.13584307,0,0.13894811,0
67654371,35,1,0,1.5485624e-10,0,7.371528e-12,0
67654461,35,1,0,0.0012316463,0,0.0058234646,0
67654470,35,1,0,0.0008735021,0,0.00028592383,0
67654663,35,2,0,0.048654273,0,1.7967921e-29,0
67654735,35,1,0,0.00035404883,0,6.2716834e-05,0
67655158,35,3,0,2.0065008e-05,0,8.4845014e-05,0
67656079,35,1,1,0.9422953,1,0.9426039,1
67656601,35,1,1,0.99035966,1,0.9919383,1
67656766,35,4,0,0.02318614,0,0.24574639,0
67656769,35,7,0,0.6072124,0,0.1370404,0
67657161,35,1,0,0.0001998177,0,0.00019557976,0
67657823,35,1,1,0.9907871,1,0.96133244,1
67657844,35,1,1,0.97069013,1,0.95317954,1
67657849,35,1,1,0.99004185,1,0.9786361,1
67658971,35,1,1,0.9643881,1,0.92564124,1
67661738,35,1,1,0.967947,1,0.96751994,1
67661739,35,2,1,0.9339066,1,0.9484216,1
67665312,35,1,1,0.942307,1,0.9367264,1
67665318,35,2,1,0.69032574,0,0.67238724,0
67665408,35,1,1,0.9165179,1,0.85536367,1
67668321,35,2,0,0.16093066,0,0.01599615,0
67669432,35,1,1,0.96524715,1,0.8997531,1
67669603,35,2,0,8.860049e-05,0,0.0005666202,0
67669853,35,1,0,1.1125512e-05,0,0.00035922774,0
67670413,35,4,0,0.15050218,0,0.051368207,0
67670415,35,6,0,0.00090822874,0,0.0022632063,0
67670596,35,1,1,0.97384655,1,0.9952219,1
67670706,35,1,1,0.9373124,1,0.9584463,1
67670945,35,1,1,0.9672313,1,0.8696759,1
67671212,35,1,1,0.9602078,1,0.97303,1
67671717,35,1,1,0.9622847,1,0.9949361,1
67672857,35,30,0,0.00021580925,0,0.0002531496,0
67672878,35,1,0,0.718009,1,0.96832955,1
67672879,35,1,0,1.7965604e-20,0,8.773162e-08,0
67672890,35,1,0,0.020813057,0,0.039310727,0
67672891,35,1,0,0.012189453,0,0.032093268,0
67672895,35,2,1,0.9963606,1,0.9956726,1
67673076,35,5,1,0.1838759,0,0.27209622,0
67673399,35,1,1,0.9830048,1,0.96426237,1
67673928,35,1,1,0.98220015,1,0.9859643,1
67674072,35,1,1,0.98672324,1,0.9852893,1
67674079,35,1,1,0.9809394,1,0.9930026,1
67679668,35,1,1,0.86770093,1,0.70952517,0
67679673,35,3,0,0.014367298,0,0.03458867,0
67681829,35,1,1,0.7892819,1,0.48394546,0
67681867,35,3,0,0.021153979,0,0.041251067,0
67682157,35,1,1,0.96323264,1,0.8591354,1
67682556,35,1,1,0.9803972,1,0.9929999,1
67682778,35,1,1,0.9639276,1,0.95110595,1
67686377,35,2,1,0.9140354,1,0.9159142,1
67686381,35,2,0,0.0921631,0,0.047295704,0
67686746,35,3,0,2.1726282e-06,0,0.011095125,0
67686748,35,1,1,0.0037478162,0,3.821488e-06,0
67687673,35,1,1,0.9785801,1,0.9792682,1
68900424,35,2,0,0.7242938,1,0.68222106,0
68936051,35,2,0,1.3751796e-05,0,0.0018613179,0
68943318,35,1,1,0.9732756,1,0.97678137,1
68945302,35,1,1,0.9663244,1,0.9724963,1
68945489,35,4,0,4.6936745e-36,0,4.2371567e-32,0
68949585,35,1,1,0.98642087,1,0.9799392,1
68952830,35,2,1,0.97208965,1,0.97897524,1
68953714,35,1,0,0.09743041,0,0.1851369,0
68953869,35,2,0,0.101972304,0,0.030521069,0
68954616,35,2,1,0.7509745,1,0.6853667,0
68954996,35,1,1,0.98751837,1,0.98113453,1
68956752,35,1,1,0.9860487,1,0.97973174,1
68956910,35,1,1,0.986901,1,0.98030007,1
68957072,35,1,1,0.9779327,1,0.97532237,1
68957134,35,1,0,0.00091344106,0,0.0065487605,0
68957502,35,1,0,4.713466e-06,0,8.206045e-05,0
68958435,35,1,0,0.00924775,0,0.07074766,0
68960278,35,5,0,6.932753e-05,0,1.07647975e-05,0
68960287,35,3,0,0.005803622,0,0.0019291717,0
68960292,35,4,0,5.188294e-07,0,7.0631672e-06,0
68960298,35,3,0,1.1582992e-07,0,2.9392916e-06,0
68968804,35,1,0,0.22079986,0,0.2735558,0
68969569,35,1,0,0.093011096,0,0.22830506,0
68971841,35,1,0,0.0014091139,0,0.0060494887,0
68976860,35,1,1,0.9318754,1,0.9667308,1
68978779,35,1,0,1.1534194e-05,0,5.4050968e-05,0
68980397,35,1,1,0.9811553,1,0.97877055,1
68980512,35,1,1,0.9826766,1,0.9802515,1
68980597,35,1,1,0.9867721,1,0.9803822,1
68982016,35,1,1,0.9782389,1,0.9773762,1
68984781,35,1,1,0.97607774,1,0.97576183,1
68984782,35,2,0,1.7534692e-22,0,1.1514768e-21,0
68986317,35,1,1,0.9731054,1,0.9765861,1
68986786,35,1,1,0.9685551,1,0.9693122,1
68986876,35,1,1,0.98052555,1,0.97234464,1
68986958,35,1,0,3.6164604e-06,0,0.04975302,0
68986962,35,2,0,2.578826e-07,0,0.0373152,0
68987712,35,1,0,1.8834716e-17,0,5.9294003e-10,0
68988025,35,1,0,5.263257e-10,0,0.00024275812,0
68988032,35,2,0,3.6890118e-08,0,0.031648282,0
68988234,35,1,0,4.860462e-06,0,0.1107314,0
68988443,35,1,1,0.93402755,1,0.963067,1
68988638,35,1,0,0.00010121281,0,0.022919722,0
68988797,35,1,1,0.98199236,1,0.9796306,1
68990207,35,1,1,0.98210967,1,0.9797563,1
68992395,35,1,0,0.015577343,0,0.10505285,0
68995268,35,2,1,0.9230555,1,0.93712467,1
68996231,35,1,0,0.12123373,0,0.358559,0
68997683,35,1,0,5.267664e-06,0,0.0003011858,0
69016047,35,1,0,0.018517654,0,0.006849355,0
69016574,35,1,0,3.1827918e-26,0,1.5798856e-21,0
69266648,35,20,0,1.1772804e-05,0,3.452652e-06,0
69269369,35,21,0,0.00776757,0,0.0033746264,0
69279489,35,2,0,0.14634052,0,0.7851417,0
69280653,35,3,0,0.04172795,0,0.65334207,0
69281857,35,1,0,1.2463071e-06,0,0.00021621642,0
69281981,35,1,0,1.4319672e-06,0,0.00045794933,0
69282266,35,1,0,5.564247e-08,0,2.8078795e-05,0
69282548,35,1,0,0.0027942532,0,0.023517644,0
69285652,35,5,0,0.47501022,0,0.4984281,0
69287954,35,4,0,0.11223146,0,0.23090523,0
69289728,35,2,0,0.018297384,0,0.008775242,0
69290000,35,4,0,0.0024920022,0,0.0046984456,0
69290304,35,10,0,0.27179074,0,0.21408588,0
69305758,35,3,0,0.00058580237,0,0.052730333,0
69315004,35,1,0,1.5895199e-23,0,9.615183e-12,0
69315009,35,1,0,1.9747139e-23,0,8.044861e-11,0
69316086,35,1,0,1.3440649e-06,0,1.3658499e-08,0
69318643,35,1,1,0.9659376,1,0.96600217,1
69319474,35,2,1,0.970889,1,0.94679165,1
69320027,35,1,1,0.8668659,1,0.9756271,1
69320862,35,1,1,0.98151577,1,0.9996531,1
69326133,35,4,0,0.12793994,0,0.00021566733,0
69328545,35,2,0,0.0005942706,0,0.09967972,0
69328547,35,2,0,0.0027474887,0,0.038087238,0
69330912,35,1,1,0.45902225,0,0.033264186,0
69330928,35,1,1,0.6108562,0,0.9459367,1
69343352,35,2,1,0.9769623,1,0.9603778,1
69346273,35,1,1,0.9966845,1,0.99618196,1
69349008,35,1,0,0.0071026566,0,0.0041938955,0
69349381,35,2,0,0.17338744,0,4.0182385e-05,0
69349487,35,2,0,0.268709,0,0.2950735,0
69349585,35,2,0,0.76564515,1,0.38490948,0
69349700,35,2,0,0.19279253,0,0.21385446,0
69349828,35,2,0,0.10025475,0,0.013620304,0
69349836,35,2,0,0.55270344,0,0.7619663,0
69350154,35,3,0,0.9973429,1,0.8556874,1
69350544,35,2,0,0.89567393,1,0.8767778,1
69350697,35,2,0,0.9778627,1,0.5420607,0
69350704,35,2,0,0.8659202,1,0.71957093,0
69350706,35,2,0,0.11841236,0,0.7180752,0
69350713,35,2,0,0.63016444,0,0.5491451,0
69350811,35,2,0,0.58834296,0,0.51286405,0
69350817,35,2,0,0.69443125,0,0.82073987,0
69350825,35,2,0,0.573369,0,0.81902593,0
69350826,35,2,0,0.89300495,1,0.74175406,0
69350929,35,2,0,0.5756545,0,0.86982346,1
69350933,35,2,0,0.16063268,0,0.6522227,0
69350938,35,2,0,0.605296,0,0.5360015,0
69351072,35,1,1,0.94752645,1,0.85649073,1
69351361,35,1,1,0.98379797,1,0.9937842,1
69351415,35,1,0,3.4914789e-09,0,9.757938e-07,0
69353017,35,2,1,0.9757671,1,0.97248715,1
69354395,35,2,1,0.9754284,1,0.9702973,1
69356870,35,1,1,0.62156504,0,0.91363925,1
69358730,35,2,1,0.93990403,1,0.9238601,1
69358807,35,2,0,0.00013618235,0,7.652047e-05,0
69359366,35,1,0,0.0052792924,0,0.0059615094,0
69365837,35,4,0,0.27140367,0,0.13776147,0
69373478,35,8,0,0.0007778732,0,9.0385816e-05,0
69376681,35,6,0,0.0043356726,0,0.0021040705,0
69378228,35,1,0,0.0001037864,0,0.000515249,0
69379763,35,1,0,0.03227098,0,0.0015796316,0
69381533,35,2,0,2.6315121e-05,0,0.00027575748,0
69383394,35,2,0,0.0042821304,0,0.0015983171,0
69387795,35,3,0,0.007648715,0,0.02577414,0
69388442,35,1,0,0.021940554,0,0.0060989787,0
69390906,35,5,0,0.014521671,0,0.002937773,0
69391326,35,8,0,0.72057414,1,0.6520606,0
69392542,35,2,0,0.011002191,0,0.0019465652,0
69392709,35,3,0,0.038796708,0,0.063112594,0
69392763,35,2,0,0.032526106,0,0.07883788,0
69394343,35,6,0,0.0025118089,0,0.011307243,0
69395266,35,2,0,1.5322117e-05,0,8.0865866e-05,0
69395378,35,25,0,0.0036635885,0,0.0060874242,0
69398136,35,6,0,4.0710103e-05,0,0.00023510648,0
69399511,35,11,0,0.0003224291,0,0.0016159897,0
69408781,35,15,0,0.002409009,0,0.008245186,0
69410407,35,1,1,0.8931654,1,0.5607251,0
69414423,35,1,0,8.128637e-05,0,0.00048153865,0
69517915,35,1,0,0.0005013941,0,0.0001773517,0
69593166,35,2,0,0.15729457,0,0.56534135,0
69593714,35,1,0,7.781395e-06,0,6.9855605e-07,0
69593976,35,2,1,0.9631892,1,0.9632283,1
69598358,35,2,1,0.89326,1,0.9256464,1
69599040,35,2,0,0.84838367,1,0.83928347,1
69599046,35,3,0,0.8842935,1,0.51318204,0
69599555,35,1,0,0.0,0,0.0,0
69599641,35,1,0,5.3244145e-05,0,7.3179224e-05,0
69599893,35,1,0,0.0007492979,0,2.5618889e-05,0
69600457,35,2,0,4.034382e-06,0,1.089094e-05,0
69600560,35,2,0,0.044358037,0,0.05363909,0
69601690,35,1,0,0.0032345348,0,0.00017540438,0
69601696,35,2,0,0.04482495,0,0.010871227,0
69604327,35,2,0,0.013824966,0,0.017849935,0
69605547,35,2,0,0.0012487724,0,0.0016246894,0
69607923,35,1,0,0.0018987645,0,0.0023312422,0
69610588,35,1,0,0.000104147366,0,0.00035652934,0
69613506,35,2,0,1.1072905e-05,0,0.0026630901,0
69613711,35,1,0,0.00047115845,0,0.001896328,0
69613971,35,2,0,0.0029938393,0,0.0039764657,0
69615167,35,2,0,0.00036656737,0,6.4340406e-05,0
69616403,35,2,0,0.018846333,0,0.033063773,0
69616964,35,1,0,0.00021275382,0,0.0022218737,0
69624433,35,2,0,0.00829627,0,0.019065643,0
69625047,35,1,0,1.0607602e-05,0,0.00013695286,0
69628846,35,3,0,0.019717705,0,0.033375937,0
69631179,35,1,0,4.4237848e-05,0,5.820097e-06,0
69653120,35,1,1,0.90081537,1,0.9027312,1
69660727,35,1,0,0.00011349219,0,0.0015342379,0
69662258,35,1,0,0.00472365,0,0.0098541165,0
69662492,35,1,1,0.93513626,1,0.9358319,1
69680070,35,1,1,0.9625698,1,0.9088516,1
69683783,35,2,1,0.68341005,0,0.4484844,0
69688672,35,1,0,1.388606e-05,0,5.394314e-05,0
69690622,35,1,0,2.2074308e-05,0,0.0001386602,0
69695707,35,2,1,0.93785524,1,0.857076,1
69696447,35,1,0,9.6783515e-05,0,0.0036110722,0
69706912,35,1,0,0.007405366,0,0.090099484,0
69713058,35,1,0,6.959221e-05,0,0.00019024074,0
69713600,35,2,1,0.973813,1,0.9756595,1
69727711,35,1,0,0.0,0,0.0,0
69728473,35,1,1,0.9780667,1,0.9020466,1
69746416,35,2,1,0.94900334,1,0.9009215,1
69749798,35,2,0,2.870982e-07,0,1.8903165e-06,0
69749908,35,2,0,9.97063e-07,0,0.00048461874,0
69750268,35,3,0,1.8983128e-07,0,2.583746e-10,0
69750289,35,2,0,0.049276266,0,0.12596624,0
69756172,35,3,1,0.98260295,1,0.7757372,0
69759953,35,2,0,5.580735e-11,0,4.2573635e-08,0
69760099,35,2,0,1.9065711e-06,0,2.0697544e-06,0
69760671,35,2,0,1.1789665e-08,0,8.410872e-06,0
69760673,35,3,0,1.1374236e-06,0,1.7320571e-06,0
69760681,35,2,0,2.7166708e-18,0,8.5381535e-11,0
69760684,35,2,0,2.0622145e-05,0,4.819052e-10,0
69760688,35,2,0,2.0612173e-12,0,3.9979505e-27,0
69760709,35,2,0,3.3911165e-06,0,2.835293e-05,0
69761359,35,2,0,1.11218995e-07,0,0.00037180784,0
69761373,35,3,0,5.1921987e-08,0,1.9233621e-05,0
69761585,35,2,0,5.721701e-08,0,4.51905e-06,0
69761602,35,2,0,7.308079e-06,0,4.729202e-05,0
69762211,35,2,0,1.5601329e-06,0,5.486222e-05,0
69762213,35,2,0,1.80191e-07,0,7.781424e-06,0
69762363,35,2,0,2.2005602e-06,0,5.236654e-06,0
69762368,35,3,0,7.4167065e-07,0,1.313536e-05,0
69762370,35,2,0,4.7023127e-06,0,7.756096e-05,0
69762379,35,2,0,8.2192255e-06,0,2.9083054e-05,0
69762383,35,3,0,1.1814195e-09,0,9.183972e-06,0
69762389,35,2,0,3.7483715e-05,0,0.00090921886,0
69762396,35,2,0,2.5637928e-05,0,0.0095949555,0
69762609,35,2,0,1.926929e-06,0,0.0049657784,0
69762618,35,2,0,2.255159e-06,0,3.5417874e-05,0
69762625,35,2,0,4.736233e-12,0,2.18835e-07,0
69762959,35,3,0,5.972419e-05,0,6.3487573e-06,0
69762964,35,2,0,3.8925737e-06,0,0.00048004734,0
69762969,35,2,0,5.2992054e-06,0,0.00023801031,0
69763201,35,2,0,3.04314e-06,0,6.0369657e-06,0
69763241,35,2,0,7.534723e-07,0,2.2077276e-05,0
69763468,35,2,0,1.2306223e-06,0,5.1459583e-06,0
69763472,35,2,0,2.314966e-06,0,0.00032111982,0
69763489,35,3,0,5.462333e-05,0,0.00034475458,0
69763511,35,2,0,2.7203818e-05,0,0.004344473,0
69763679,35,2,0,1.27312815e-05,0,2.4145058e-05,0
69763965,35,2,0,1.5470164e-06,0,2.1781113e-06,0
69764186,35,2,0,0.00013432828,0,4.6344416e-05,0
69764204,35,3,0,1.978461e-05,0,0.002949996,0
69764211,35,2,0,1.605967e-08,0,0.0012374865,0
69764268,35,2,0,6.7934184e-06,0,0.00010779527,0
69764425,35,2,0,2.1453215e-07,0,1.753599e-06,0
69764427,35,3,0,5.9830154e-06,0,1.8228637e-05,0
69764677,35,2,0,2.57364e-06,0,5.3336276e-05,0
69764679,35,2,0,5.2610693e-07,0,0.00015675859,0
69764721,35,2,0,1.10747784e-07,0,2.9417222e-05,0
69764930,35,2,0,4.118491e-08,0,1.4509541e-06,0
69764973,35,2,0,1.6295706e-07,0,8.70747e-06,0
69764975,35,2,0,2.852848e-06,0,6.9698144e-05,0
69764982,35,2,0,7.648176e-07,0,0.00030130442,0
69765118,35,2,0,1.2287303e-07,0,0.00022583906,0
69765183,35,3,0,1.0403083e-06,0,0.00072848453,0
69765192,35,2,0,1.1479272e-05,0,1.14339955e-05,0
69765197,35,2,0,1.6414935e-05,0,0.00074918504,0
69765199,35,2,0,5.520284e-06,0,0.0052844607,0
69765203,35,2,0,4.0271516e-06,0,0.00047487894,0
69765312,35,2,0,8.927761e-06,0,1.4272036e-05,0
69765544,35,3,0,4.3839464e-06,0,2.5865604e-05,0
69765552,35,2,0,6.7650626e-06,0,0.00017324703,0
69765671,35,2,0,2.5561272e-05,0,2.3432849e-05,0
69765764,35,2,0,3.0165284e-05,0,0.0009910857,0
69765767,35,2,0,4.260193e-06,0,0.0024935282,0
69765772,35,3,0,9.1188485e-06,0,8.946895e-05,0
69766228,35,2,0,1.2845669e-07,0,4.509617e-05,0
69766440,35,3,0,1.9001911e-07,0,1.2669572e-05,0
69766445,35,2,0,9.2380236e-07,0,2.5759287e-05,0
69766490,35,2,0,5.232109e-07,0,7.123068e-05,0
69766502,35,2,0,1.0068121e-06,0,7.0786155e-06,0
69766666,35,2,0,1.1349962e-05,0,0.00011200093,0
69766775,35,2,0,1.2906979e-05,0,1.5769427e-05,0
69766783,35,2,0,1.2485599e-05,0,0.00019177732,0
69766791,35,2,0,1.2100445e-06,0,1.1134332e-05,0
69766797,35,3,0,7.4940444e-06,0,0.0001656125,0
69766801,35,2,0,3.8435787e-06,0,0.00038911315,0
69766804,35,2,0,0.0003438309,0,0.00051240466,0
69766815,35,2,0,0.00034659624,0,0.005582281,0
69766935,35,2,0,9.144845e-07,0,0.008072462,0
69767012,35,2,0,0.00015603249,0,0.0056873597,0
69769550,35,1,1,0.0034023116,0,0.010812047,0
69770247,35,3,1,0.8445944,1,0.23047154,0
69771242,35,1,1,0.028713912,0,0.110868834,0
69771744,35,1,0,0.008582158,0,0.005753824,0
69774121,35,1,1,0.9792594,1,0.99172056,1
69776359,35,16,0,2.389184e-05,0,0.0005346047,0
69777286,35,1,0,5.632251e-05,0,0.0010535779,0
69785371,35,2,1,0.8700785,1,0.7230501,0
69786818,35,1,0,0.031412076,0,0.011781501,0
69788018,35,2,0,0.0067391684,0,0.019978838,0
69788022,35,2,0,0.29455876,0,0.4665667,0
69789201,35,2,1,0.9968214,1,0.99954516,1
69790299,35,1,0,0.000508144,0,0.023215786,0
69969727,35,2,0,7.82884e-10,0,1.3985781e-09,0
69971244,35,4,0,0.00024831484,0,0.005753339,0
69974712,35,2,0,0.0064672115,0,2.4839768e-05,0
69978242,35,2,0,0.6605702,0,0.78083193,0
69978247,35,2,0,0.7759484,1,0.7730453,0
69980283,35,2,0,0.0019998231,0,0.1321538,0
69983656,35,1,0,0.003297145,0,0.0001277989,0
69983664,35,1,0,0.013707884,0,0.00040154287,0
69983675,35,1,0,0.000899105,0,0.0031732456,0
69984099,35,2,0,0.0011270746,0,0.0021948968,0
69984489,35,1,0,3.9816236e-06,0,7.379137e-07,0
69985783,35,1,0,0.005912358,0,0.0020382048,0
69989672,35,3,0,3.416888e-07,0,0.0021880995,0
69989725,35,2,0,5.025574e-06,0,8.846449e-05,0
69990281,35,2,0,4.9873347e-06,0,0.0060601924,0
69991706,35,1,0,0.000111730405,0,9.481404e-05,0
69991710,35,2,0,4.1746034e-06,0,1.7495232e-06,0
69991725,35,3,0,0.0025657767,0,0.026841803,0
70005176,35,1,0,0.04437236,0,0.0882315,0
70014376,35,8,0,7.876364e-05,0,0.00039140735,0
70023047,35,48,1,0.99978024,1,0.99571407,1
70038410,35,2,1,0.9600442,1,0.8621466,1
70042737,35,1,1,0.9730656,1,0.9193523,1
70046262,35,1,0,0.04842789,0,0.39268816,0
70046276,35,2,1,0.9702331,1,0.93379205,1
70061225,35,3,0,0.006825251,0,7.877737e-16,0
70062248,35,2,0,0.015259401,0,0.00739062,0
70062896,35,2,0,0.058029197,0,0.00038453087,0
70063174,35,1,0,0.005665901,0,0.0010402001,0
70063601,35,1,0,0.5825818,0,0.7427385,0
70063849,35,1,0,0.010613304,0,0.032343123,0
70074480,35,3,0,0.13527267,0,0.08104611,0
70076315,35,1,0,8.560858e-06,0,5.0316983e-05,0
70077225,35,1,0,0.017496726,0,0.037601575,0
70098166,35,1,0,0.2249143,0,0.4681147,0
70098837,35,1,0,0.046485506,0,0.14044334,0
70107772,35,2,1,0.667553,0,0.5345127,0
70120032,35,1,0,2.9698522e-06,0,0.0004175161,0
70121924,35,1,0,0.0072441534,0,0.035310872,0
70125493,35,1,0,0.21074022,0,0.4031937,0
70133154,35,1,0,4.1990996e-05,0,0.0018033981,0
70270159,35,6,0,0.047157463,0,0.11683122,0
70296899,35,20,0,0.0,0,0.0,0
70323435,35,1,0,6.3866694e-09,0,1.0826448e-07,0
70323761,35,8,0,0.0007847643,0,7.044339e-07,0
70324099,35,1,0,0.8677249,1,0.8643502,1
70326881,35,4,0,0.084276155,0,0.027987368,0
70328737,35,3,1,0.80942845,1,0.9304568,1
70328738,35,2,1,0.86520636,1,0.9514599,1
70328739,35,2,1,0.9756118,1,0.9620333,1
70333393,35,2,1,0.98148626,1,0.95295745,1
70335036,35,2,1,0.9785701,1,0.9908879,1
70335041,35,2,1,0.97728807,1,0.99287367,1
70338412,35,1,0,1.7221762e-06,0,0.00012495182,0
70340047,35,2,0,0.0010602323,0,0.0156192165,0
70342585,35,3,0,0.07059792,0,0.15538655,0
70342642,35,2,0,0.008320443,0,0.26169458,0
70346036,35,3,0,0.00012322467,0,0.00018621705,0
70346573,35,3,0,0.4950279,0,0.39210638,0
70352807,35,2,0,0.8811702,1,0.96313995,1
70354122,35,1,0,0.006278209,0,0.26619655,0
70361153,35,2,1,0.95554674,1,0.8403432,1
70361267,35,2,1,0.96802956,1,0.8979511,1
70361268,35,2,1,0.9815006,1,0.9770668,1
70361269,35,2,1,0.9430268,1,0.99143547,1
70361270,35,2,1,0.97246265,1,0.973461,1
70361272,35,2,1,0.9810219,1,0.9678128,1
70361273,35,2,1,0.8944819,1,0.79021126,0
70365718,35,1,1,0.98734206,1,0.9874737,1
70365720,35,1,1,0.9832755,1,0.9972218,1
70365734,35,1,1,0.98094577,1,0.99769455,1
70367102,35,1,0,2.0359839e-23,0,1.0865464e-11,0
70369931,35,1,0,5.3721534e-22,0,1.3260774e-10,0
70370656,35,1,1,0.9440468,1,0.96454895,1
70371756,35,82,0,0.0,0,1.2761651e-35,0
70372167,35,2,0,3.3002433e-08,0,1.6715401e-06,0
70372168,35,3,0,1.6366853e-09,0,6.019393e-08,0
70373989,35,1,1,0.9914028,1,0.9767497,1
70374249,35,1,1,0.95518714,1,0.9916608,1
70375748,35,3,0,0.026972832,0,0.019034017,0
70380892,35,4,0,0.42891026,0,0.6309974,0
70382513,35,3,0,4.5641784e-05,0,0.0002813189,0
70383061,35,1,0,0.11486536,0,0.018069109,0
70383876,35,1,1,0.97615826,1,0.9960723,1
70383882,35,1,1,0.9756693,1,0.99415153,1
70383900,35,1,1,0.96291864,1,0.9850268,1
70384401,35,1,1,0.91458046,1,0.8233222,0
70384537,35,1,1,0.9872593,1,0.99753225,1
70388754,35,1,1,0.99211663,1,0.99071723,1
70389553,35,1,1,0.9918051,1,0.99626935,1
70393167,35,5,0,3.735758e-08,0,9.968263e-06,0
70400064,35,9,0,0.035692,0,0.04460662,0
70400104,35,1,0,0.0023265136,0,0.0037603374,0
70401397,35,2,0,0.62751216,0,0.29002753,0
70402162,35,2,0,0.31156337,0,0.23332971,0
70402171,35,3,0,0.7363149,1,0.34447706,0
70402175,35,2,0,0.98852134,1,0.57126784,0
70402309,35,2,0,0.29735112,0,0.5915251,0
70402311,35,2,0,0.364179,0,0.1842285,0
70404602,35,1,1,0.8949225,1,0.97206014,1
70405972,35,1,1,0.96115685,1,0.8917511,1
70406447,35,1,1,0.95571405,1,0.9232842,1
70408666,35,1,1,0.99144113,1,0.9768182,1
70408671,35,1,1,0.98260975,1,0.9584436,1
70409466,35,1,1,0.9513721,1,0.28533646,0
70409573,35,1,1,0.95521736,1,0.9916892,1
70410578,35,2,1,0.8388931,1,0.9716743,1
70410625,35,2,1,0.6654742,0,0.899021,1
70410628,35,2,1,0.82656443,1,0.8996081,1
70410630,35,2,1,0.83777153,1,0.9568755,1
70410631,35,2,1,0.4574256,0,0.8749684,1
70410888,35,1,1,0.9217771,1,0.95798475,1
70411208,35,1,0,0.0016639829,0,0.0017982459,0
70411220,35,1,0,0.032527924,0,0.054134235,0
70411474,35,1,0,0.0011868356,0,0.0034634878,0
70411516,35,1,0,0.1314271,0,0.22229883,0
70412109,35,1,0,4.689565e-05,0,0.0024435925,0
70412171,35,1,0,6.588826e-05,0,0.000105697225,0
70412698,35,1,0,0.002305247,0,0.0047405493,0
70416184,35,1,0,4.752186e-05,0,1.9736612e-05,0
70416560,35,1,0,0.00065617485,0,0.003012548,0
70418770,35,1,1,0.96714413,1,0.9919299,1
70421733,35,2,0,2.3449098e-05,0,0.00016457778,0
70422098,35,1,0,0.00035727944,0,0.00016430886,0
70423756,35,3,0,0.4402125,0,0.3593789,0
70423765,35,1,0,0.0029446196,0,0.0047658887,0
70424581,35,2,1,0.9485245,1,0.8190889,0
70428323,35,2,0,0.14576563,0,0.04998793,0
70432256,35,2,0,0.114543915,0,0.085629724,0
70432262,35,2,0,0.27399144,0,0.0033928389,0
70432280,35,17,0,0.0035978684,0,0.003406021,0
70433726,35,18,0,0.08895825,0,0.056904826,0
70433741,35,3,0,0.00025005202,0,1.2785512e-05,0
70437152,35,10,0,0.39732528,0,0.2446464,0
70439318,35,20,0,0.010949064,0,0.01344216,0
70449361,35,1,0,1.6549637e-10,0,4.0549732e-08,0
70449773,35,1,0,2.0189658e-05,0,0.00054129784,0
70449777,35,1,0,6.478097e-16,0,3.6976802e-36,0
70449784,35,87,0,0.0,0,5.3265488e-36,0
70450102,35,2,0,8.4489e-09,0,2.9300863e-05,0
70450655,35,1,0,0.0028061273,0,0.00062621594,0
70451888,35,2,0,2.9761759e-05,0,0.0001443928,0
70454015,35,2,0,8.419813e-06,0,0.0024662027,0
70454020,35,2,0,1.2515557e-05,0,0.005331399,0
70454023,35,2,0,6.122655e-06,0,2.1470241e-05,0
70454028,35,2,0,2.1057494e-06,0,0.00036139568,0
70454035,35,2,0,1.3097956e-06,0,3.227761e-05,0
70454320,35,2,0,4.411753e-05,0,5.571194e-06,0
70454327,35,2,0,8.918463e-19,0,6.860307e-12,0
70454394,35,2,0,2.4920987e-06,0,5.9474923e-09,0
70454722,35,2,0,2.0097239e-05,0,1.0050996e-06,0
70454912,35,2,0,2.276264e-07,0,3.8379158e-06,0
70454916,35,2,0,1.1445946e-10,0,7.928914e-07,0
70454978,35,2,0,4.838194e-06,0,0.0003582778,0
70454989,35,2,0,2.062758e-07,0,0.00041630436,0
70454997,35,2,0,5.5576416e-05,0,0.0010019391,0
70455189,35,2,0,2.0096807e-06,0,7.2167444e-05,0
70455295,35,2,0,8.9389644e-08,0,3.883696e-05,0
70455475,35,2,0,2.691991e-07,0,0.00016007014,0
70455488,35,2,0,1.9310133e-05,0,4.9254297e-05,0
70455492,35,2,0,2.2139122e-06,0,2.8726778e-05,0
70455498,35,2,0,9.955494e-07,0,3.4503544e-05,0
70455794,35,2,0,3.7455911e-06,0,3.7047317e-05,0
70455803,35,2,0,2.668849e-08,0,7.678047e-05,0
70455823,35,1,0,3.8196918e-06,0,2.7568272e-05,0
70457288,35,2,0,6.233545e-07,0,2.1395104e-05,0
70457388,35,2,0,3.392742e-05,0,3.1403022e-05,0
70457391,35,2,0,1.3806188e-07,0,9.492385e-05,0
70457732,35,1,0,7.999208e-10,0,1.6155267e-06,0
70462696,35,1,0,1.7971941e-07,0,4.336712e-06,0
70462835,35,1,0,1.207209e-06,0,8.876404e-09,0
70497257,35,2,0,0.00044775975,0,0.001248723,0
70514861,35,26,0,0.025851341,0,0.04247011,0
70559252,35,2,0,3.6532517e-12,0,1.4304541e-08,0
72963083,35,2,0,0.0084188385,0,0.0076699965,0
73951916,35,1,0,3.496405e-05,0,2.339363e-06,0
74565607,35,3,0,0.6812967,0,0.056665536,0
79803570,35,1,0,0.009941613,0,0.276162,0
81566771,35,2,0,4.090836e-07,0,0.00017195413,0
85408708,35,1,1,0.9175554,1,0.8877514,1
86875050,35,1,1,0.9793691,1,0.9877549,1
87186734,35,1,0,0.006410457,0,0.021584105,0
87905851,35,2,0,0.0005895346,0,0.00025097613,0
89223678,35,1,0,0.18342859,0,0.5408696,0
94904793,35,1,0,0.0014650968,0,0.0021106699,0
100754045,35,1,0,0.070395395,0,0.17164773,0
100754050,35,1,0,2.8297936e-05,0,1.0014014e-14,0
100769138,35,1,0,2.3405443e-23,0,1.27680895e-11,0
100769282,35,1,0,1.6299128e-06,0,3.260177e-08,0
100791450,35,2,0,0.6313105,0,0.4519879,0
100791505,35,2,0,0.76505595,1,0.81806517,0
100791799,35,2,0,0.6134262,0,0.74405617,0
100795612,35,1,0,0.040479723,0,0.11579186,0
100798498,35,1,0,0.017795637,0,0.0066062114,0
100802655,35,1,0,0.005566667,0,0.0004851914,0
100803539,35,1,0,0.015476618,0,0.00011043138,0
100804290,35,3,0,0.0,0,0.0,0
100808999,35,1,0,0.0065554553,0,0.030107971,0
100809005,35,1,0,0.029071078,0,0.027359879,0
100830973,35,1,1,0.9571204,1,0.9769514,1
100848371,35,2,0,0.076036595,0,0.3793837,0
100918454,35,2,0,0.0006965854,0,0.008903435,0
100918469,35,3,0,0.06257191,0,0.029768717,0
65879,36,1,0,8.278747e-18,0,1.4120028e-06,0
646566,36,15,0,3.7274287e-17,0,7.240818e-08,0
2070455,36,23,0,8.79672e-12,0,2.776187e-05,0
2503479,36,6,0,7.0817154e-29,0,2.770245e-12,0
2607210,36,2,0,0.01314517,0,0.06185158,0
2692055,36,6,0,0.0,0,1.7828622e-38,0
2921806,36,3,0,2.0538399e-05,0,0.0012027588,0
3132827,36,3,0,0.0044105384,0,0.015818123,0
3223131,36,5,0,0.050949983,0,0.0040409206,0
3353060,36,2,0,9.3581515e-23,0,0.0,0
3622868,36,2,0,0.0026098557,0,0.0067428495,0
3678760,36,6,0,1.2022394e-13,0,3.779096e-07,0
3983184,36,1,0,0.2496842,0,0.4823523,0
4209720,36,11,0,5.461141e-09,0,3.322557e-08,0
4264481,36,1,1,0.001396814,0,0.0049674865,0
4264482,36,1,1,0.0013977889,0,0.004957816,0
4264483,36,1,1,0.0013962089,0,0.0049634157,0
4599651,36,2,0,7.859047e-21,0,0.0,0
5050216,36,8,0,0.00011457631,0,0.0034096488,0
5229110,36,19,0,0.117550805,0,0.017165998,0
5408397,36,6,0,1.444504e-25,0,2.3332597e-13,0
5651731,36,6,0,6.278903e-17,0,3.36058e-09,0
5923264,36,4,0,0.0,0,3.8168615e-29,0
6538083,36,3,0,3.8595136e-13,0,5.6449917e-10,0
6541729,36,1,0,0.18730184,0,0.108609304,0
6544887,36,2,0,0.0019528386,0,0.058448676,0
7160465,36,3,0,7.422671e-07,0,0.0015412677,0
7291548,36,1,0,0.04551003,0,0.2432385,0
7371966,36,1,0,0.0026081693,0,0.04156466,0
7700342,36,2,0,3.249174e-07,0,2.131511e-05,0
7794370,36,1,0,1.405535e-07,0,3.365814e-05,0
7846920,36,14,0,0.2873033,0,0.106247574,0
7988208,36,6,0,1.0253667e-24,0,1.819395e-13,0
8691444,36,2,0,0.001517637,0,0.0074839066,0
9292788,36,3,0,0.00021522073,0,0.004110183,0
9463289,36,3,0,0.00022428439,0,0.0013579663,0
9580797,36,1,1,0.94042045,1,0.8446948,1
9709745,36,1,0,5.329087e-22,0,7.942963e-19,0
9742529,36,6,0,0.0039293966,0,0.00025863468,0
9819062,36,2,0,1.7324091e-05,0,0.00019544928,0
10020863,36,2,0,0.013779072,0,0.09854747,0
10043588,36,2,0,0.00065910217,0,0.008306539,0
10075210,36,60,0,0.00062323746,0,0.0,0
10174843,36,3,0,0.00016880929,0,0.0021662589,0
10174934,36,2,0,8.947245e-05,0,0.0015056223,0
10333291,36,2,0,0.00010713144,0,0.019965002,0
10773258,36,2,0,2.3560934e-10,0,1.5404694e-05,0
10944863,36,1,0,0.22291282,0,0.44737992,0
11314537,36,8,0,0.0,0,1.9843205e-29,0
11320206,36,3,0,0.0009800657,0,0.03575048,0
11617562,36,2,0,2.5935058e-15,0,1.6140791e-07,0
11735899,36,2,0,1.5408052e-21,0,0.0,0
11748616,36,2,0,0.0022013173,0,0.23741019,0
11750730,36,5,0,0.0,0,7.480566e-33,0
11780910,36,3,0,1.1870593e-05,0,0.00017690632,0
12066494,36,2,0,5.1945947e-20,0,0.0,0
12067271,36,4,0,4.19189e-05,0,0.0013637819,0
12067399,36,3,0,0.009238798,0,0.07703119,0
12912741,36,2,0,8.004372e-05,0,0.1377334,0
13257685,36,3,0,1.6580874e-06,0,0.00027596208,0
13329538,36,3,0,0.0,0,4.969188e-37,0
13338694,36,3,0,0.0,0,1.834395e-33,0
13439827,36,1,0,0.102173015,0,0.22744642,0
13827311,36,4,0,0.0,0,4.182478e-31,0
14101385,36,2,0,1.1306476e-24,0,0.0,0
14208485,36,2,0,0.00023260099,0,0.029560257,0
14249153,36,4,0,0.00010146928,0,0.0057510096,0
14476823,36,1,0,0.00059468026,0,0.0042244904,0
14487702,36,28,0,2.230944e-16,0,2.8602073e-18,0
14511457,36,2,0,2.2182396e-13,0,3.6896455e-07,0
14636404,36,2,0,0.00020155363,0,0.046630606,0
14636407,36,2,0,0.0003033422,0,0.01813669,0
14636411,36,2,0,1.1334723e-08,0,7.4678537e-06,0
14915621,36,4,0,8.608767e-25,0,1.7476474e-13,0
15026863,36,2,0,0.53391045,0,0.8843697,1
15101691,36,1,0,0.0055114715,0,0.034193583,0
15450988,36,1,0,2.3556677e-06,0,0.00043450602,0
15456615,36,4,0,5.6825647e-05,0,0.008942408,0
15456696,36,2,0,8.092803e-07,0,0.00106537,0
15457176,36,2,0,0.00013381358,0,0.01779391,0
15575586,36,2,0,5.268266e-05,0,0.003979162,0
15973232,36,2,0,4.6195055e-05,0,0.002371243,0
16132110,36,1,0,5.5360014e-24,0,0.0,0
16713135,36,2,0,2.1441936e-06,0,6.56701e-05,0
16713136,36,3,0,0.0021204432,0,0.013617044,0
16713740,36,5,0,0.0,0,0.0,0
16767018,36,14,0,0.0037491769,0,0.007471011,0
17144603,36,1,0,1.0732085e-21,0,1.5128274e-19,0
17746396,36,1,0,0.014532013,0,0.23913798,0
17794012,36,1,0,1.0987642e-20,0,0.0,0
17825753,36,5,0,0.0001101719,0,0.0014177212,0
17825759,36,2,0,0.09635265,0,0.30393323,0
18056041,36,2,0,0.09624067,0,0.22482906,0
18447613,36,7,0,1.0024872e-21,0,2.628725e-12,0
18473563,36,2,0,0.9655525,1,0.6921901,0
18911729,36,7,0,3.755979e-15,0,4.4320925e-09,0
19097439,36,2,0,0.0036560404,0,8.855057e-05,0
20258334,36,2,0,0.00020017126,0,0.002790233,0
20346661,36,1,0,7.219346e-05,0,3.733138e-06,0
21352615,36,7,0,0.0,0,0.0,0
21632518,36,55,0,0.0017395961,0,0.0073648775,0
22478580,36,1,0,0.00066229055,0,0.0010274095,0
22845436,36,1,0,0.072128974,0,0.13988757,0
22845448,36,1,0,0.047867663,0,0.11361859,0
23065358,36,1,0,0.0033589064,0,0.0,0
23612274,36,2,0,5.5913774e-06,0,0.0004271562,0
24029780,36,2,0,3.6143266e-09,0,4.51914e-06,0
24238963,36,1,0,0.0058625224,0,0.04839208,0
24339154,36,9,0,0.029118182,0,0.03939296,0
24565114,36,5,0,0.06459692,0,0.37120575,0
24640314,36,2,0,7.723159e-06,0,0.0073256562,0
24815685,36,4,0,3.3549375e-05,0,0.0026804947,0
24823000,36,1,0,4.0028444e-05,0,0.012969141,0
24916701,36,1,0,0.03796485,0,0.5268047,0
25154653,36,2,0,4.674072e-22,0,0.0,0
25183547,36,1,0,9.534453e-05,0,0.001717679,0
25244255,36,3,0,0.00021040223,0,0.04029688,0
25374129,36,4,0,4.0186997e-06,0,1.1482097e-05,0
25376709,36,1,0,2.2558834e-22,0,1.9407597e-20,0
25380228,36,7,0,4.7602303e-13,0,1.6835483e-07,0
25493733,36,6,0,0.0,0,9.221515e-36,0
25881241,36,2,0,3.7730384e-05,0,2.9843299e-05,0
26118294,36,1,0,2.682248e-07,0,7.632773e-07,0
26229388,36,2,0,6.180848e-05,0,9.574678e-05,0
26255407,36,1,0,0.39651844,0,0.8953066,1
26255414,36,2,0,0.05647227,0,0.4864485,0
26274328,36,1,0,9.989022e-08,0,3.7511281e-06,0
26290746,36,3,0,3.010309e-06,0,3.8655464e-05,0
26344309,36,7,0,1.2894483e-09,0,1.833645e-08,0
26345903,36,2,0,7.8689386e-23,0,0.0,0
26352334,36,2,0,0.003630142,0,0.0018884868,0
26369473,36,1,0,0.004070414,0,0.7549194,0
26386420,36,1,0,0.8979231,1,0.7532358,0
26394081,36,5,0,0.0009084775,0,0.015113991,0
26416754,36,3,0,4.7834856e-05,0,0.002196023,0
26426749,36,52,0,0.009002565,0,0.0044647353,0
26484117,36,2,0,0.027702978,0,0.4652153,0
26560265,36,2,0,0.00039614405,0,0.021334955,0
26560948,36,2,0,0.0001296736,0,0.0144268675,0
26561062,36,2,0,1.5526031e-24,0,0.0,0
26723076,36,2,0,7.458274e-06,0,0.007867556,0
26743269,36,8,0,0.0,0,1.5996357e-38,0
27061572,36,2,0,7.252777e-05,0,1.4885715e-06,0
27365482,36,1,0,0.00027893714,0,0.0012911366,0
27443500,36,2,0,0.86426204,1,0.7450703,0
27476905,36,2,0,1.9946327e-08,0,2.4611209e-06,0
27702383,36,11,0,5.523366e-24,0,2.9475988e-13,0
27718529,36,7,0,8.3937986e-05,0,0.0,0
27862024,36,4,0,0.030850852,0,0.14403899,0
27949058,36,4,0,0.0009506929,0,0.0217367,0
27950078,36,1,0,0.00010098625,0,0.020793311,0
28041649,36,2,0,1.2329478e-07,0,0.0010857555,0
28041676,36,4,0,0.0006729519,0,0.035182152,0
28244967,36,4,0,6.342621e-06,0,0.00070716336,0
28493004,36,12,0,0.0021564213,0,0.001356376,0
28603448,36,5,0,0.0,0,1.7527057e-38,0
28947752,36,1,0,2.6462416e-08,0,4.174043e-05,0
29225466,36,5,0,3.2266738e-22,0,1.9098025e-14,0
29392235,36,1,0,1.7444174e-20,0,3.441825e-19,0
29542388,36,1,0,0.3466733,0,0.7386405,0
29638820,36,1,0,0.0030984017,0,0.009090073,0
31156994,36,3,0,5.8028663e-06,0,3.2602723e-06,0
31171392,36,24,0,0.0010696709,0,0.00089662656,0
31308955,36,1,0,2.9465732e-11,0,1.952306e-09,0
31344260,36,4,0,3.82019e-25,0,1.8010406e-13,0
31364369,36,1,0,0.00025794862,0,0.015148524,0
31406282,36,1,0,0.018101254,0,0.022090532,0
31413233,36,1,0,0.00046876955,0,9.788299e-05,0
32293580,36,2,0,0.00013719454,0,0.0032212485,0
33843382,36,2,0,0.0068085925,0,0.022287007,0
34242428,36,2,0,5.255616e-05,0,0.03832104,0
34339939,36,3,0,9.8610646e-05,0,0.014109022,0
34410435,36,1,0,1.00937935e-13,0,5.635221e-11,0
35004666,36,3,0,7.618783e-06,0,0.000157478,0
35018122,36,2,0,0.00044499713,0,0.00034007657,0
35598976,36,3,0,0.00081545033,0,0.017657386,0
35621005,36,2,0,8.097351e-05,0,0.00016011608,0
36245380,36,2,0,0.001834217,0,0.005419382,0
36298639,36,2,0,0.7561906,1,0.88997036,1
36460742,36,3,0,3.8679837e-06,0,0.00047696233,0
36620223,36,2,0,0.00035529802,0,0.0035921976,0
36910464,36,4,0,4.7348526e-06,0,0.0005066785,0
38876099,36,4,0,0.0,0,4.438633e-27,0
38930646,36,3,0,0.008388188,0,0.27313617,0
39420798,36,1,0,2.1540845e-20,0,1.6102145e-16,0
39911871,36,2,0,8.8570784e-23,0,0.0,0
41020170,36,1,0,0.0012152247,0,0.00065013056,0
41124600,36,3,0,4.0185792e-11,0,5.4107722e-06,0
41447158,36,1,0,0.08966154,0,0.30804804,0
41570941,36,1,0,3.2486564e-23,0,1.8936472e-21,0
41983422,36,1,0,1.2081744e-21,0,6.6554316e-19,0
42079740,36,2,0,4.0428023e-23,0,0.0,0
42367646,36,1,0,2.4204854e-23,0,0.0,0
42516065,36,1,0,5.5253074e-23,0,0.0,0
42694213,36,4,0,0.77122664,1,0.6549723,0
42756372,36,2,0,3.2871812e-20,0,0.0,0
43153369,36,6,0,0.0,0,0.0,0
43495620,36,3,0,2.9033336e-06,0,0.00014101357,0
43519779,36,4,0,0.004340366,0,0.00096563634,0
43538180,36,4,0,0.0,0,1.3342542e-29,0
43746762,36,8,0,0.19114663,0,0.27610037,0
43788807,36,4,0,5.9290864e-13,0,1.3878464e-07,0
43840946,36,3,0,5.2934105e-05,0,0.00042228698,0
43845271,36,1,0,0.001396161,0,0.0659038,0
44175377,36,2,0,0.00012941074,0,0.0078196805,0
44562478,36,1,1,0.0049475636,0,0.17883429,0
44562982,36,1,1,0.0037548554,0,0.16273487,0
44674211,36,1,0,7.1256745e-06,0,0.00078844844,0
45505039,36,1,0,0.013519443,0,0.11444028,0
45858651,36,2,0,4.4390804e-06,0,5.812347e-05,0
46403128,36,3,0,1.1993645e-06,0,0.004615783,0
46672640,36,1,0,0.120917514,0,0.31210837,0
46743617,36,2,0,2.5603372e-24,0,0.0,0
46746122,36,1,0,6.5323445e-23,0,6.234569e-21,0
46747574,36,2,0,0.039766405,0,0.8208053,0
46781613,36,2,0,7.145122e-24,0,0.0,0
46848276,36,3,0,3.3443066e-09,0,2.5908561e-05,0
46861644,36,4,0,7.4876705e-05,0,0.006017418,0
46911141,36,1,0,0.5204083,0,0.047105733,0
47033579,36,1,0,2.381041e-24,0,0.0,0
47049999,36,3,0,1.3980821e-06,0,8.456258e-06,0
47201034,36,1,0,4.9111427e-06,0,2.6923302e-05,0
47253767,36,1,0,0.00016732456,0,0.00081540406,0
47343604,36,1,0,0.00020827551,0,0.21167468,0
47471554,36,4,0,0.5238733,0,0.7629052,0
47885917,36,33,0,0.067910984,0,2.5779599e-08,0
48012475,36,1,0,7.9796836e-11,0,6.746069e-08,0
48536569,36,1,0,0.0013013155,0,0.021200756,0
48607207,36,3,0,2.1392514e-05,0,7.920042e-07,0
49358314,36,2,0,8.228822e-23,0,0.0,0
49496202,36,1,0,0.00331125,0,0.08447918,0
49504861,36,3,0,0.00015028797,0,6.675427e-07,0
49751168,36,19,0,0.008185521,0,0.004278426,0
49751552,36,6,0,0.01792687,0,0.00640828,0
49751554,36,1,0,0.013840505,0,0.004083803,0
49751560,36,3,0,0.0012390121,0,0.000562012,0
50287049,36,1,0,1.4734062e-23,0,0.0,0
50299005,36,4,0,0.00032329868,0,0.0007433345,0
50405501,36,2,0,4.416543e-05,0,0.00015490732,0
50480742,36,1,0,0.036353197,0,0.07072651,0
50980775,36,1,0,2.5779559e-11,0,8.500577e-09,0
51049869,36,1,0,4.6997592e-09,0,2.1019835e-08,0
51057762,36,19,0,0.0028435667,0,0.0005046704,0
51871690,36,1,0,3.9911474e-23,0,4.6212813e-19,0
52084569,36,2,0,0.0,0,2.4733487e-26,0
52085803,36,12,0,1.4473521e-07,0,5.667482e-05,0
52489831,36,1,0,1.3523461e-07,0,3.4740504e-05,0
52597830,36,1,0,4.5394215e-20,0,5.889353e-18,0
53178126,36,1,0,2.2688746e-05,0,7.599167e-05,0
53680335,36,1,0,1.2845404e-06,0,7.9300386e-05,0
53860629,36,2,0,0.22981913,0,0.06101874,0
53862301,36,6,0,0.0,0,2.0223451e-38,0
54305138,36,2,0,5.8072064e-08,0,5.697427e-07,0
54317371,36,2,0,0.0058499277,0,0.0341067,0
55661554,36,2,0,0.00255995,0,0.025101887,0
55801092,36,1,0,0.0027852883,0,0.0007088123,0
56274229,36,4,0,3.4450247e-06,0,0.0004729286,0
58031903,36,1,0,0.012689516,0,0.0040261745,0
59374847,36,1,0,0.00033066238,0,0.001806835,0
59374849,36,3,0,8.744294e-08,0,3.808839e-05,0
59503198,36,2,0,0.066255875,0,0.03885149,0
59724632,36,4,0,0.04193628,0,0.0046175867,0
59724634,36,3,0,0.08965993,0,0.400653,0
59724636,36,4,0,0.060991593,0,0.2831868,0
59758492,36,2,0,0.0007845684,0,0.00045219107,0
59760533,36,1,0,5.749519e-20,0,4.685006e-18,0
59998001,36,2,0,0.021769973,0,0.023525288,0
60088432,36,2,0,4.0707487e-24,0,0.0,0
60116376,36,1,0,0.13619368,0,0.38820755,0
60513732,36,2,0,5.125677e-05,0,0.003699598,0
60926373,36,2,0,0.012197287,0,0.19604532,0
60969652,36,1,0,0.0064529893,0,0.05876888,0
61697431,36,1,0,0.007921916,0,0.03409629,0
61829955,36,1,0,2.513165e-08,0,9.593339e-05,0
62175284,36,1,0,0.027318912,0,0.1439108,0
62917941,36,1,0,5.740068e-11,0,1.16669225e-08,0
63422749,36,2,0,0.004299349,0,0.013240091,0
63489982,36,2,0,0.6350691,0,0.8713542,1
63498194,36,1,0,0.17889595,0,0.38202718,0
63848074,36,2,0,0.7522658,1,0.46997067,0
64364849,36,64,0,6.636765e-05,0,0.0,0
64472772,36,1,1,0.9255052,1,0.8055449,0
64504124,36,2,0,3.6335206e-07,0,0.00025244005,0
65555132,36,2,0,0.0006273632,0,0.0065095006,0
65694686,36,1,0,0.0004411369,0,7.0675516e-05,0
65838245,36,6,0,0.011248453,0,0.00075174717,0
66158250,36,10,0,1.7481821e-19,0,2.030505e-11,0
66403063,36,1,0,0.28750658,0,0.34861526,0
66590338,36,5,0,0.0,0,5.640594e-35,0
66609309,36,1,0,7.745653e-09,0,0.00054182333,0
66610974,36,2,0,1.8960335e-20,0,0.0,0
66754395,36,1,0,0.039521053,0,0.22112021,0
66866745,36,1,0,0.14492562,0,0.22275023,0
67457597,36,2,0,0.00023463306,0,0.008447312,0
67999086,36,1,0,0.04726647,0,0.06938831,0
68580446,36,1,0,5.213329e-22,0,1.8981768e-19,0
69333842,36,1,0,2.0992372e-21,0,3.085585e-19,0
69490698,36,23,0,0.005226763,0,0.004896557,0
69530166,36,2,0,9.6698e-05,0,2.350794e-05,0
69807327,36,2,0,0.9951018,1,0.97364694,1
69822240,36,1,0,2.7866374e-11,0,4.8880855e-09,0
69911289,36,2,0,2.2407263e-24,0,0.0,0
69911290,36,2,0,6.7777514e-25,0,0.0,0
70047034,36,1,0,0.002884738,0,0.04404846,0
70229149,36,3,0,4.3479162e-05,0,0.017469088,0
70819595,36,1,0,4.825127e-05,0,0.0006019495,0
71095725,36,1,0,0.04143845,0,0.44277668,0
71306396,36,2,0,1.2179434e-07,0,8.134764e-06,0
71359356,36,2,0,0.10947434,0,0.20990361,0
71359771,36,2,0,0.024887647,0,0.02174559,0
71360182,36,1,0,0.07054204,0,0.033154655,0
71363407,36,8,0,0.005442833,0,0.0064606704,0
71363970,36,2,0,2.0738059e-22,0,0.0,0
71363971,36,2,0,0.12591769,0,0.014241539,0
71804992,36,2,0,4.5592005e-22,0,0.0,0
71807218,36,2,0,4.0269352e-22,0,0.0,0
71885980,36,1,1,0.9657709,1,0.99988556,1
72086714,36,1,0,0.02677368,0,0.116835974,0
72266983,36,2,0,4.1431133e-23,0,0.0,0
72337286,36,2,0,0.002367814,0,0.008432291,0
72504994,36,11,0,0.0,0,2.5907095e-36,0
72524957,36,1,0,8.838161e-05,0,0.00010436608,0
72537227,36,2,0,6.025688e-23,0,0.0,0
72567022,36,1,0,0.014510744,0,0.1504008,0
72897869,36,3,0,7.256306e-05,0,0.0016265251,0
72898322,36,2,0,1.8201046e-19,0,0.0,0
72902501,36,2,0,0.007984553,0,0.0040465435,0
72904787,36,2,0,1.5793775e-16,0,0.0,0
72906946,36,1,0,0.0014159508,0,0.00021466616,0
72907855,36,22,0,0.007264335,0,0.0101505285,0
73186350,36,2,0,0.0025254702,0,0.0031023473,0
73222775,36,18,0,0.024678212,0,0.0911203,0
73452777,36,2,0,9.735751e-05,0,1.535467e-12,0
73648802,36,1,0,7.1105394e-05,0,3.430485e-05,0
73668731,36,2,0,1.3847206e-19,0,0.0,0
73747118,36,3,0,0.00051610323,0,0.0055784252,0
73862228,36,1,0,3.175458e-05,0,0.00084118184,0
74146541,36,2,0,9.462179e-23,0,0.0,0
74216201,36,1,0,0.012125498,0,0.14275324,0
74267778,36,1,0,1.5343299e-21,0,1.6592318e-16,0
74345264,36,1,0,0.38606298,0,0.7034586,0
74432593,36,1,0,0.0,0,0.0,0
74628655,36,2,0,1.6906681e-22,0,0.0,0
74657803,36,6,0,0.0014140791,0,0.0071895863,0
74699742,36,2,0,4.8941212e-05,0,0.0016536383,0
74700264,36,2,0,0.0011048502,0,0.00038470974,0
74766136,36,1,0,0.6818865,0,0.6045077,0
74814094,36,1,0,0.00021724697,0,0.00080661156,0
74815309,36,1,0,0.028614148,0,0.6556692,0
74815310,36,4,0,4.4936518e-05,0,0.0010530927,0
74815849,36,1,0,2.654382e-22,0,7.179073e-19,0
74816160,36,2,0,1.6549852e-22,0,0.0,0
75729088,36,1,0,0.0152094485,0,0.023311805,0
76314771,36,1,0,1.4856995e-22,0,1.4986978e-18,0
76402619,36,2,0,3.739278e-09,0,3.005293e-07,0
76404237,36,2,0,0.000118279,0,0.0033740138,0
76435940,36,2,0,1.1599934e-08,0,1.6545227e-09,0
76605068,36,4,0,0.0,0,1.2308283e-30,0
76863021,36,1,1,0.93133324,1,0.60810494,0
76863054,36,1,1,0.94527066,1,0.902958,1
76863076,36,1,1,0.90715694,1,0.99120754,1
76961964,36,1,0,1.8247352e-05,0,0.001381003,0
77058948,36,2,0,2.4694911e-05,0,4.4071694e-05,0
77092696,36,2,0,1.218641e-05,0,1.3561035e-14,0
77100286,36,1,0,0.034099694,0,0.037324574,0
77133658,36,2,0,0.00082651357,0,0.00933534,0
77142763,36,2,0,2.9314517e-09,0,5.1081884e-07,0
77147400,36,2,0,0.00089854957,0,0.019383445,0
77148660,36,2,0,5.0920596e-10,0,5.6872873e-06,0
77153980,36,2,0,4.3461627e-05,0,0.00031148116,0
77155797,36,2,0,0.00085107115,0,0.013525358,0
77164674,36,1,0,3.6404774e-10,0,1.1999246e-07,0
77165567,36,2,0,0.0006064577,0,0.0051437085,0
77170571,36,2,0,1.3354442e-09,0,3.1865112e-25,0
77175773,36,2,0,0.0006447724,0,0.093953624,0
77176710,36,2,0,8.4561263e-23,0,0.0,0
78111088,36,2,0,1.21976434e-23,0,0.0,0
78602033,36,5,0,1.3672251e-05,0,6.160964e-05,0
78655939,36,2,0,3.3455206e-23,0,0.0,0
78777019,36,2,0,5.2957856e-09,0,2.6642797e-06,0
79470693,36,2,0,0.0007346166,0,0.009073121,0
79784131,36,2,0,0.0033390343,0,0.00549272,0
80196411,36,1,0,8.246041e-23,0,5.420909e-19,0
80278594,36,1,0,6.961926e-23,0,1.2087249e-18,0
81447983,36,2,0,4.0552554e-21,0,0.0,0
81750846,36,2,0,2.755301e-23,0,0.0,0
81948747,36,16,0,0.32047987,0,0.45520687,0
82172275,36,1,0,0.0,0,9.930199e-25,0
82412818,36,2,0,0.06097847,0,0.113771714,0
82478836,36,1,0,0.0033890554,0,0.061733954,0
83006156,36,4,0,0.07686467,0,0.43618464,0
83047903,36,1,0,0.8298534,1,0.71578926,0
83171612,36,2,0,0.9860815,1,0.9290316,1
83201398,36,4,0,0.016515005,0,0.04717118,0
83486785,36,1,0,0.00012935128,0,0.011987737,0
83641975,36,2,0,2.1801707e-06,0,9.3928577e-07,0
83733232,36,1,0,4.65534e-05,0,0.0004019785,0
84288626,36,4,0,0.0003099609,0,0.0042833365,0
84362242,36,5,0,0.0060532396,0,0.12776862,0
85605136,36,1,0,3.0161243e-24,0,3.7622788e-20,0
85763115,36,2,0,5.6139456e-08,0,5.864218e-06,0
86043782,36,24,0,0.004778373,0,1.12795105e-05,0
86143479,36,3,0,0.00025498477,0,0.0013638897,0
86225808,36,1,0,1.3229643e-11,0,2.7778684e-09,0
87302679,36,1,0,0.055703156,0,0.36580762,0
87451958,36,1,0,0.019488506,0,0.07362739,0
88267744,36,2,0,6.4864354e-22,0,0.0,0
88843080,36,3,0,0.31410328,0,0.56429297,0
90249287,36,1,0,0.00043309235,0,0.00029420696,0
92530488,36,1,0,0.32540962,0,0.24875413,0
93761483,36,1,0,0.0053928755,0,0.09645747,0
94619995,36,2,0,0.22893822,0,0.064130105,0
94749368,36,1,0,0.0005326919,0,0.0016448895,0
94828134,36,1,0,2.5606325e-15,0,1.5291095e-13,0
96222292,36,1,0,2.2550668e-14,0,5.537041e-11,0
96222293,36,1,0,7.479293e-15,0,4.610653e-12,0
96363307,36,1,0,0.021584371,0,0.43132114,0
96443703,36,9,0,0.032717552,0,0.025648253,0
96447687,36,1,0,0.009041945,0,0.016001802,0
96453477,36,2,0,0.04004339,0,0.9121303,1
96574185,36,1,0,6.3449406e-12,0,1.2480682e-09,0
96613640,36,2,0,0.92464083,1,0.8757727,1
97150074,36,1,1,0.9643653,1,0.92068803,1
97150075,36,1,1,0.71854705,1,0.5563393,0
97150081,36,1,1,0.95970106,1,0.9271602,1
97150082,36,1,1,0.9643226,1,0.98634547,1
98089343,36,2,0,0.012896097,0,0.0034139259,0
98178148,36,1,1,0.9553775,1,0.96496683,1
98294704,36,1,0,0.013957934,0,0.19544084,0
99189548,36,7,0,0.054259516,0,0.06059556,0
99728985,36,1,0,0.0010800764,0,0.0057688165,0
99920376,36,1,0,0.0036660417,0,0.023760816,0
100458403,36,2,0,0.0049534636,0,0.012814294,0
100811554,36,1,1,0.9330793,1,0.87813556,1
100811714,36,1,1,0.48744524,0,0.008253616,0
100811720,36,1,1,0.9232874,1,0.8505764,1
102312377,36,2,0,1.8114711e-22,0,0.0,0
104349929,36,2,0,2.5346155e-23,0,0.0,0
106066289,36,1,0,4.0485475e-21,0,3.7190875e-19,0
106227662,36,1,0,5.734396e-12,0,2.1946853e-09,0
106249867,36,1,0,0.19784483,0,0.5407347,0
106474160,36,2,0,2.1826024e-22,0,0.0,0
107112620,36,2,0,0.035051167,0,0.3838461,0
107307791,36,1,0,0.80085534,1,0.8379975,1
108152450,36,2,0,2.4667191e-23,0,0.0,0
108155998,36,1,0,6.822018e-05,0,2.2346097e-05,0
108156000,36,1,0,0.1590151,0,0.34805363,0
108158984,36,2,0,8.7455876e-21,0,0.0,0
108558120,36,1,0,4.9000805e-24,0,1.7351534e-19,0
108623552,36,1,0,0.038241953,0,0.19078812,0
108623828,36,2,0,0.00018694004,0,0.003937417,0
108781464,36,1,0,0.00020306149,0,0.00026706795,0
109163904,36,1,0,0.05331131,0,0.43524095,0
110935079,36,2,0,2.73746e-06,0,6.396624e-05,0
111064425,36,1,0,7.0647424e-22,0,0.0,0
111505611,36,1,0,0.00023267973,0,0.0038341626,0
111701814,36,2,0,0.04257304,0,0.012847301,0
111816511,36,1,0,9.14025e-06,0,0.00023247926,0
112055022,36,18,0,0.028149897,0,8.420121e-35,0
112834095,36,2,0,0.95885324,1,0.82831234,0
112841520,36,1,0,0.0986581,0,0.114403196,0
113028362,36,1,0,0.0065454543,0,0.0009350365,0
113573117,36,1,0,0.0034610427,0,0.0029596766,0
114498409,36,1,0,0.00044017093,0,0.0029739367,0
115128842,36,3,0,0.0041756444,0,0.00185441,0
115610377,36,1,0,0.000725102,0,0.009495718,0
115625469,36,2,0,3.902429e-22,0,0.0,0
116903169,36,1,0,0.002293769,0,0.06820227,0
117140737,36,1,1,0.86630267,1,0.8364009,1
117628526,36,3,0,0.008068168,0,0.004004188,0
117722026,36,1,0,0.008766068,0,0.048949786,0
117914128,36,1,0,1.2575234e-05,0,2.8718205e-05,0
118157074,36,1,0,5.417728e-18,0,3.0484686e-15,0
118375251,36,16,0,0.0029850204,0,0.0,0
118382752,36,2,0,0.0048199976,0,0.0059805117,0
118479624,36,1,0,0.07301865,0,0.16351122,0
119202474,36,2,0,1.098978e-20,0,0.0,0
119446249,36,1,0,1.4265884e-22,0,0.0,0
120019032,36,38,1,0.7918133,1,0.23759525,0
120019034,36,43,1,0.7000022,0,0.59140015,0
120068194,36,19,0,0.003345184,0,0.0008226897,0
120179148,36,9,0,0.005012681,0,0.03394115,0
121874664,36,1,0,5.0141047e-23,0,5.2825227e-19,0
121915821,36,1,0,0.03397871,0,0.31273487,0
121978408,36,1,0,0.034194466,0,0.060396735,0
121978551,36,1,0,0.00042865236,0,3.1257812e-05,0
121978777,36,1,0,6.03838e-05,0,7.914732e-05,0
121979121,36,1,0,1.790681e-22,0,3.055449e-18,0
122060720,36,1,0,1.8532701e-06,0,1.4099817e-06,0
122148516,36,1,0,9.7341435e-05,0,4.6755074e-05,0
122166858,36,2,0,0.0005722997,0,0.009662484,0
122267457,36,40,0,0.0022041993,0,0.030946288,0
122268541,36,13,0,0.01261483,0,0.033577126,0
122351378,36,2,0,6.313828e-05,0,0.00036707235,0
122701156,36,1,0,0.010401789,0,0.08018374,0
122707293,36,1,0,0.0027975994,0,0.0,0
123108840,36,1,0,1.7060065e-05,0,0.0010405763,0
123587742,36,2,0,0.9663273,1,0.79597026,0
123665326,36,1,0,0.0048296233,0,0.06310373,0
124546130,36,1,0,0.22790498,0,0.70540595,0
124968331,36,1,0,0.000699105,0,0.0035402537,0
125057770,36,1,0,0.011177298,0,0.019766234,0
125104979,36,1,0,0.000139468,0,0.0014219012,0
125133336,36,27,0,0.00019833336,0,0.0011557539,0
125410588,36,1,0,0.011958297,0,0.020287542,0
125579696,36,1,0,0.0013786979,0,0.019993661,0
125608376,36,1,0,2.7385777e-06,0,2.2605684e-05,0
126380404,36,1,0,9.794563e-06,0,0.0003424452,0
126866147,36,2,0,3.2502602e-35,0,0.0,0
126969160,36,6,0,0.00031447332,0,9.840102e-06,0
127430876,36,2,0,9.293122e-23,0,0.0,0
130123636,36,1,0,2.5190857e-06,0,0.000893856,0
130576759,36,1,0,0.00061212125,0,5.5512584e-05,0
130896132,36,1,0,0.056848202,0,0.3539629,0
130917377,36,1,0,0.0019459197,0,0.0060905786,0
130927055,36,1,0,6.4030995e-05,0,1.0477036e-05,0
132499699,36,2,0,0.38115373,0,0.2359694,0
132758264,36,3,0,3.3841687e-08,0,1.020181e-05,0
132859923,36,1,0,0.0002247485,0,0.0047688633,0
134252201,36,1,0,6.5994915e-05,0,0.00010073437,0
136314571,36,1,0,1.1853429e-06,0,2.1694004e-05,0
138041080,36,2,0,0.27141628,0,0.21615632,0
138486890,36,2,0,1.9642878e-21,0,0.0,0
142287820,36,2,0,4.828665e-22,0,0.0,0
143269221,36,2,0,7.731649e-23,0,0.0,0
145420201,36,2,0,3.586802e-20,0,0.0,0
146303161,36,2,0,0.025764806,0,0.044423595,0
147112358,36,1,0,2.934256e-23,0,2.267266e-19,0
147587975,36,1,0,4.7487396e-07,0,5.9802493e-05,0
148433399,36,1,0,2.1230406e-08,0,2.9630087e-06,0
149638056,36,2,0,0.98192376,1,0.7721113,0
149644613,36,1,0,0.49198467,0,0.300299,0
154749916,36,1,0,0.0027155497,0,0.00048638982,0
157288049,36,1,0,9.4343693e-07,0,0.0001884074,0
159141256,36,2,0,0.00024350968,0,0.006013626,0
159683384,36,5,0,0.007929733,0,0.046643063,0
160376254,36,1,0,1.1601622e-22,0,0.0,0
163406178,36,1,0,0.002637238,0,0.012509088,0
167356788,36,2,0,0.006858872,0,0.0076726032,0
171180032,36,2,0,0.0052584545,0,0.0041289926,0
173957578,36,1,0,0.000286232,0,0.000648309,0
175294105,36,1,0,0.0004363633,0,0.002286427,0
175662507,36,1,0,0.0010710179,0,0.0017226534,0
176543937,36,2,0,0.00023738277,0,0.019339958,0
177302802,36,1,0,1.5127529e-06,0,1.2038015e-06,0
178163570,36,1,0,8.275852e-08,0,7.757136e-06,0
182549951,36,1,0,6.666596e-05,0,0.0013084941,0
182703317,36,1,0,2.2471762e-09,0,3.16832e-16,0
184107503,36,1,0,1.9908579e-05,0,0.0037198684,0
184121536,36,1,0,2.0259884e-05,0,0.0023031444,0
184833091,36,6,0,0.0,0,7.004387e-38,0
186596922,36,1,0,0.11919185,0,0.25405154,0
187524527,36,2,0,0.030991923,0,0.0026874293,0
187549053,36,1,0,0.15388444,0,0.26320145,0
190152436,36,1,0,0.000561262,0,0.0016744272,0
191691627,36,1,0,0.0018199007,0,3.8386308e-05,0
192139265,36,2,0,0.19054273,0,0.38222444,0
192706595,36,1,0,7.5721066e-05,0,0.00019746856,0
192729408,36,1,0,0.022602292,0,0.021610068,0
193908657,36,7,0,5.7928413e-05,0,9.148395e-07,0
195456317,36,33,0,0.00012241844,0,0.00017214885,0
196128588,36,1,0,9.1376097e-07,0,4.718426e-06,0
197040242,36,1,0,0.016460653,0,0.02032775,0
197655358,36,3,0,0.0024521693,0,1.1060672e-06,0
198513652,36,1,0,1.32079805e-08,0,2.4084945e-06,0
198727492,36,2,0,3.2416637e-22,0,8.223791e-18,0
198745679,36,2,0,0.027563533,0,0.084183566,0
198749721,36,3,0,0.000113058835,0,1.5542533e-05,0
198749732,36,1,0,4.2662803e-05,0,0.000285693,0
198751613,36,3,0,1.5652066e-21,0,0.0,0
198759651,36,3,0,2.3301111e-24,0,0.0,0
198763958,36,3,0,2.7481077e-25,0,0.0,0
198766843,36,2,0,8.925479e-06,0,5.2038144e-05,0
198768711,36,2,0,0.0006461525,0,0.0015142491,0
198776290,36,2,0,0.013295895,0,0.22044113,0
198777856,36,1,0,2.3758005e-07,0,0.0002092381,0
198780802,36,1,0,0.17114444,0,0.5843365,0
198785941,36,1,0,0.93529713,1,0.9880322,1
198787816,36,2,0,5.617416e-23,0,0.0,0
198787819,36,2,0,6.263077e-05,0,5.7204634e-06,0
198789626,36,1,0,3.2259657e-11,0,7.0336363e-09,0
198789634,36,2,0,2.0764683e-12,0,1.4741699e-09,0
198789956,36,2,0,1.1982043e-23,0,0.0,0
198790044,36,4,0,3.9238405e-08,0,0.0,0
198790046,36,2,0,3.2624674e-11,0,2.2539469e-08,0
198791026,36,1,0,0.0037707444,0,0.0061087413,0
198791041,36,1,0,0.0016609438,0,0.018353626,0
198791666,36,3,0,0.0011257575,0,0.003111662,0
198791681,36,1,0,5.598633e-23,0,1.1197742e-18,0
198791804,36,1,0,1.5980926e-23,0,7.139306e-20,0
198791989,36,1,0,2.1917656e-20,0,3.9847203e-19,0
198791991,36,2,0,7.106038e-23,0,0.0,0
198792214,36,3,0,1.1925232e-22,0,0.0,0
198792215,36,1,0,0.05816547,0,0.12788829,0
198793579,36,16,0,0.0024664537,0,0.0,0
198793583,36,1,0,1.5371939e-22,0,2.6247325e-19,0
198793586,36,3,0,8.927946e-22,0,0.0,0
198793587,36,3,0,1.05375125e-23,0,0.0,0
198793589,36,1,0,5.223005e-05,0,1.4146368e-05,0
198793594,36,1,0,0.0003528459,0,0.00046540113,0
198793602,36,2,0,2.50994e-20,0,0.0,0
198797078,36,1,0,0.00014615271,0,0.0013904355,0
198799339,36,1,0,0.0012453218,0,0.017120516,0
198800162,36,2,0,1.9250712e-18,0,0.0,0
198800166,36,2,0,8.944952e-23,0,0.0,0
198800687,36,1,0,4.6893976e-21,0,5.310405e-19,0
198800691,36,3,0,3.2236227e-22,0,0.0,0
198800707,36,2,0,0.0016476678,0,0.031205976,0
198800739,36,1,0,0.0013981549,0,7.4057266e-06,0
198800793,36,2,0,1.0052362e-22,0,0.0,0
198800811,36,3,0,1.3074214e-19,0,0.0,0
198800988,36,3,0,2.763311e-23,0,0.0,0
198801308,36,2,0,1.2907524e-24,0,0.0,0
198801313,36,1,0,1.38932685e-11,0,3.0155662e-09,0
198801599,36,2,0,1.250933e-20,0,0.0,0
198801683,36,2,0,8.239598e-05,0,0.00046574304,0
198801841,36,2,0,3.999791e-22,0,0.0,0
198801918,36,2,0,2.7304523e-22,0,5.0611985e-18,0
198801919,36,2,0,0.0009144102,0,0.0,0
198802015,36,3,0,3.0843465e-21,0,0.0,0
198802021,36,2,0,1.0362279e-23,0,0.0,0
198802582,36,3,0,8.3159495e-23,0,0.0,0
198802733,36,4,0,0.16717876,0,0.074092574,0
198802739,36,2,0,5.049346e-23,0,0.0,0
198803096,36,3,0,8.432901e-23,0,0.0,0
198803598,36,2,0,2.3162178e-22,0,0.0,0
198803599,36,1,0,0.004469169,0,0.008053256,0
198803626,36,1,0,0.00011587193,0,4.3480472e-06,0
198805681,36,12,0,0.0008954949,0,0.0,0
198805849,36,2,0,6.90348e-23,0,0.0,0
198805853,36,1,0,1.428788e-23,0,7.631971e-20,0
198805855,36,1,0,3.110064e-23,0,1.9872754e-21,0
198810098,36,1,0,4.0254065e-05,0,0.001670468,0
198810823,36,7,0,0.00017369809,0,0.0,0
198810833,36,2,0,1.0898835e-23,0,0.0,0
198810834,36,2,0,9.5532135e-23,0,0.0,0
198810836,36,2,0,1.4242008e-23,0,0.0,0
198811356,36,1,0,0.0005028951,0,0.0062873187,0
198812380,36,1,0,0.0010039099,0,0.0008378811,0
198814102,36,2,0,3.0077971e-22,0,0.0,0
198814103,36,3,0,0.7810877,1,0.0,0
198814108,36,1,0,2.1538713e-12,0,1.3769029e-09,0
198814111,36,2,0,9.5654954e-17,0,0.0,0
198814113,36,2,0,6.14843e-22,0,0.0,0
198814117,36,2,0,1.28410825e-23,0,0.0,0
198814120,36,2,0,3.0133505e-14,0,1.5221767e-11,0
198826861,36,1,0,0.00056432094,0,0.0003775161,0
198827173,36,1,0,1.5014807e-05,0,0.00013104704,0
198827545,36,7,0,0.0021576355,0,0.0,0
198828204,36,5,0,8.3031855e-06,0,0.0,0
198828206,36,2,0,8.1980855e-23,0,2.3023305e-18,0
198828207,36,2,0,2.861413e-22,0,0.0,0
198828632,36,1,0,0.0001419098,0,0.00081965444,0
198829043,36,2,0,4.884819e-22,0,6.296526e-19,0
198829044,36,2,0,2.4952914e-23,0,0.0,0
198830119,36,1,0,0.008385618,0,0.01978719,0
198833165,36,1,0,0.0008881747,0,0.00016025966,0
198846485,36,1,0,1.3134621e-05,0,0.00016569796,0
198851715,36,1,0,0.0061271293,0,0.021033129,0
198851754,36,5,0,4.338829e-05,0,0.00025080293,0
198851848,36,1,0,0.0017502301,0,0.003565369,0
198855413,36,1,0,0.00014903276,0,4.225003e-05,0
198862743,36,1,0,6.406947e-05,0,7.941105e-06,0
199305906,36,1,0,0.00017565963,0,0.017422033,0
199308438,36,1,0,0.02570513,0,0.040646784,0
199310352,36,2,0,3.8736668e-24,0,0.0,0
199310359,36,1,0,0.0004771772,0,0.0037573876,0
199310811,36,1,0,5.0501485e-06,0,4.4859236e-05,0
199312098,36,20,0,0.00052282825,0,0.021224221,0
199314572,36,1,0,0.00019380063,0,0.00027913053,0
199321355,36,2,0,3.3304534e-10,0,4.5870467e-09,0
199321357,36,2,0,3.577877e-21,0,0.0,0
199321367,36,2,0,1.1940018e-12,0,8.204595e-11,0
199321376,36,1,0,6.6049483e-19,0,3.4336172e-18,0
199321379,36,1,0,1.1777293e-10,0,8.905742e-09,0
199321388,36,3,0,1.8269825e-21,0,0.0,0
199321392,36,1,0,9.602434e-22,0,8.386758e-18,0
199321544,36,1,0,0.07237216,0,0.07718895,0
199321554,36,2,0,2.4820233e-09,0,5.6835773e-08,0
199321565,36,1,0,1.5671303e-10,0,3.093739e-09,0
199321574,36,1,0,0.0013682774,0,0.004713582,0
199322846,36,1,0,0.003442176,0,0.0021949918,0
199323080,36,1,0,3.0628442e-05,0,0.0005957184,0
199323884,36,1,0,0.0002777276,0,0.0015723221,0
199336962,36,1,0,4.8338084e-06,0,8.574502e-06,0
199337975,36,1,0,4.4099692e-05,0,1.8477765e-05,0
199347872,36,2,0,1.12093485e-05,0,2.1543914e-05,0
199358336,36,1,0,5.9792743e-05,0,2.1770646e-05,0
199362648,36,1,0,2.3868613e-06,0,1.1491211e-05,0
199365528,36,1,0,7.99675e-05,0,0.0018293904,0
199381173,36,1,0,0.0050060097,0,0.1421715,0
199393791,36,1,0,1.6379283e-05,0,0.0005912929,0
199402381,36,1,0,5.313456e-06,0,5.9106615e-06,0
199404537,36,3,0,0.5985437,0,0.08837225,0
199404540,36,2,0,0.004674451,0,0.014331521,0
199404549,36,2,0,0.004789386,0,0.0064344374,0
199408076,36,7,0,0.0060934573,0,0.08594509,0
199408246,36,1,0,0.00061154313,0,0.037654933,0
199408495,36,1,0,0.012078613,0,0.042199112,0
199416010,36,1,0,0.0011097626,0,0.0031210126,0
199542101,36,1,0,3.986118e-06,0,0.0004096524,0
199932860,36,6,0,2.4130813e-09,0,0.0,0
199933971,36,1,0,0.0029254132,0,0.035404626,0
199934365,36,1,0,0.09507295,0,0.26153684,0
199934729,36,2,0,0.0014196519,0,0.31597275,0
199934775,36,2,0,0.93870693,1,0.68977374,0
199934828,36,1,0,0.13084573,0,0.40481153,0
199935124,36,2,0,0.6148837,0,0.40394086,0
199937031,36,2,0,0.0539281,0,0.37877133,0
199937366,36,1,0,0.00017169952,0,0.0024294574,0
199937804,36,1,0,0.0012500637,0,0.0016931478,0
199938132,36,5,0,9.930652e-06,0,7.611301e-05,0
199938558,36,3,0,0.00898103,0,0.0003750179,0
199938565,36,1,0,0.009362756,0,0.044666413,0
199939481,36,1,0,7.7418554e-05,0,0.00031842943,0
199939839,36,2,0,0.00088448205,0,0.00028375725,0
199940244,36,2,0,0.00018938776,0,8.1304825e-05,0
199940257,36,2,0,0.00017985025,0,0.0018735051,0
199940269,36,4,0,0.7852637,1,0.009549039,0
199941533,36,3,0,0.04132622,0,0.02199429,0
199941768,36,3,0,4.3528617e-05,0,0.00022347218,0
199941804,36,2,0,0.002974638,0,0.0061194855,0
199941968,36,2,0,0.021371365,0,0.028545652,0
199941994,36,2,0,0.014643275,0,0.082885385,0
199942007,36,3,0,0.0005121556,0,0.0011718979,0
199942851,36,2,0,0.046252232,0,0.3226414,0
199942854,36,4,0,6.813486e-07,0,1.1634772e-05,0
199942855,36,2,0,0.31232,0,0.44602233,0
199942857,36,2,0,0.31618324,0,0.600598,0
199942869,36,3,0,0.0009054922,0,0.00724884,0
199942873,36,9,0,0.0022587078,0,0.01377067,0
199942876,36,3,0,0.00043867403,0,0.00018513357,0
199943644,36,1,0,0.0005475571,0,0.0006921982,0
199944363,36,3,0,0.00071061857,0,3.455669e-05,0
199944365,36,1,0,0.00029450867,0,0.015353948,0
199944366,36,1,0,1.4629728e-06,0,1.2961919e-05,0
199944367,36,6,0,0.09467604,0,0.4280789,0
199944374,36,1,0,0.0048503736,0,0.022230865,0
199944376,36,1,0,0.0010403076,0,0.00037796458,0
199944394,36,1,0,0.00047005963,0,0.0010588589,0
199944769,36,5,0,0.049689297,0,0.049634214,0
199945050,36,4,0,0.70308405,0,0.16577746,0
199945121,36,23,0,0.008669709,0,0.00957577,0
199945130,36,2,0,0.00015344647,0,3.1907252e-06,0
199945134,36,1,0,0.00019308885,0,0.00013965284,0
199945135,36,3,0,0.006361678,0,0.0,0
199945141,36,1,0,0.00024173471,0,0.010763588,0
199945951,36,1,0,0.00079571706,0,0.001612153,0
199946705,36,1,0,0.00041193995,0,0.0006832135,0
199947498,36,1,0,5.0482464e-05,0,0.0004098907,0
199948988,36,1,0,0.000335843,0,0.0054510995,0
199949041,36,2,0,1.6977571e-08,0,2.6082684e-08,0
199950597,36,2,0,0.007382632,0,0.027584175,0
199951045,36,4,0,0.0011633098,0,0.008664104,0
199951054,36,2,0,0.8864617,1,0.5581011,0
199955006,36,1,0,0.011161561,0,0.06333915,0
199956747,36,1,0,0.0026613504,0,0.0018738545,0
199956760,36,1,0,0.27570006,0,0.28633678,0
199958894,36,1,0,0.09869509,0,0.07117016,0
199959457,36,3,0,0.1904243,0,0.008892872,0
199963475,36,3,0,0.0011299757,0,0.0014402459,0
199966802,36,2,0,0.0007907569,0,0.00020634456,0
199967131,36,1,0,0.00018170026,0,0.02080447,0
199979709,36,1,0,0.5953199,0,0.58117443,0
199979754,36,1,0,0.74063367,1,0.5255624,0
199981276,36,2,0,5.252406e-25,0,5.197585e-21,0
199987555,36,1,0,0.0015632788,0,0.012869701,0
199987644,36,1,0,0.00052913517,0,0.0065236306,0
199988638,36,5,0,0.0002667954,0,0.0010794047,0
199988989,36,1,0,0.0026808544,0,0.036191497,0
199989335,36,1,0,0.027435698,0,0.14266255,0
199991289,36,2,0,6.091059e-11,0,7.0066456e-08,0
199991671,36,1,0,0.0005241618,0,0.0017644688,0
199992494,36,5,0,0.000361694,0,0.00014369561,0
199994110,36,1,0,0.00011045086,0,0.012466009,0
199994120,36,1,0,2.7291597e-08,0,0.00010277622,0
199996026,36,1,0,5.0841745e-08,0,1.5260052e-06,0
199997388,36,1,0,4.480959e-09,0,5.357689e-06,0
200001458,36,1,0,1.802165e-05,0,1.2422047e-05,0
200002294,36,3,0,1.8156394e-05,0,5.499841e-08,0
200005376,36,1,0,0.4227374,0,0.07293942,0
200006157,36,2,0,6.392421e-13,0,2.306785e-09,0
200016689,36,2,0,7.03521e-23,0,2.5892809e-18,0
200017681,36,1,0,7.940671e-05,0,0.00014617767,0
200019324,36,3,0,3.5769061e-22,0,0.0,0
200020510,36,30,0,3.784198e-14,0,1.2628722e-08,0
200022074,36,1,0,0.00014031545,0,0.002234255,0
200022532,36,2,0,9.901164e-22,0,1.865978e-18,0
200023141,36,1,0,1.2488993e-05,0,0.00078563223,0
200023153,36,1,0,0.00079904514,0,0.00604729,0
200023179,36,1,0,5.234878e-05,0,2.076916e-05,0
200024397,36,1,0,0.0042237565,0,0.095907666,0
200024875,36,1,0,2.5862373e-05,0,0.003419012,0
200025279,36,5,0,1.1095389e-05,0,0.0013012158,0
200032559,36,66,0,7.7406404e-14,0,0.0,0
200032635,36,1,0,4.4319104e-22,0,3.4508303e-19,0
200032976,36,2,0,1.4722334e-21,0,7.740429e-19,0
200032985,36,1,0,0.0007678963,0,0.008079258,0
200032992,36,17,0,0.00015778026,0,0.0,0
200032993,36,40,0,0.00035201752,0,0.0,0
200033067,36,1,0,0.19821508,0,0.38042125,0
200040099,36,4,0,0.22031741,0,0.08023823,0
200041934,36,1,0,0.003294526,0,0.06691946,0
200046204,36,1,0,3.7652995e-07,0,6.974715e-05,0
200047753,36,1,0,0.0023484854,0,0.010454218,0
200048339,36,1,0,0.00022722724,0,0.010935126,0
200048385,36,2,0,0.22007893,0,0.3710758,0
200048388,36,2,0,0.00014573146,0,0.00042771376,0
200048398,36,1,0,0.06301352,0,0.095706955,0
200048413,36,1,0,0.10402262,0,0.032294046,0
200048728,36,1,0,0.036580253,0,0.12255077,0
200049093,36,2,0,0.0050008865,0,0.011086282,0
200049384,36,2,0,0.54230917,0,0.056768447,0
200050566,36,1,0,5.4519e-09,0,2.2902396e-09,0
200051516,36,1,0,0.0056617684,0,0.079265416,0
200051543,36,2,0,0.23606384,0,0.17332514,0
200051546,36,1,0,2.5044304e-05,0,8.03753e-05,0
200052146,36,2,0,0.0016338456,0,0.2786452,0
200052174,36,2,0,0.0008953703,0,2.3680056e-07,0
200052323,36,2,0,0.02534741,0,5.8304744e-07,0
200052760,36,3,0,0.003467807,0,0.0019475835,0
200052775,36,1,0,0.014814964,0,0.0675554,0
200052857,36,2,0,0.047006447,0,0.1907825,0
200054513,36,4,0,0.012561642,0,0.005351821,0
200055834,36,2,0,0.5758308,0,0.82916224,0
200055840,36,2,0,0.2486401,0,0.625609,0
200057362,36,2,0,0.02965882,0,0.3234732,0
200057744,36,1,0,0.00028788974,0,0.006349373,0
200059005,36,1,0,4.6192667e-07,0,3.1871884e-06,0
200059007,36,1,0,4.647716e-06,0,1.1737425e-05,0
200059513,36,2,0,7.953098e-05,0,0.0041435296,0
200061043,36,1,0,1.04648225e-05,0,1.0267852e-06,0
200061851,36,6,0,2.8274197e-05,0,3.385803e-05,0
200062477,36,2,0,0.023715662,0,0.038230486,0
200062510,36,4,0,0.0039188997,0,0.0011613049,0
200062534,36,4,0,0.06523483,0,0.008041528,0
200064568,36,1,0,0.12546512,0,0.13764279,0
200067272,36,69,0,2.3956063e-11,0,1.5076644e-07,0
200072369,36,3,0,0.0031030935,0,0.0010866218,0
200072389,36,1,0,0.024072371,0,0.023249812,0
200126121,36,1,0,0.62215245,0,0.591669,0
200438684,36,2,0,0.0,0,0.0,0
200439780,36,2,0,0.016535146,0,0.011470327,0
200445863,36,3,0,0.0093819965,0,0.0048724227,0
200446402,36,1,0,3.6190497e-05,0,0.008406544,0
200453211,36,3,0,1.8739824e-05,0,0.0042505125,0
200453737,36,3,0,0.0047137877,0,0.0025700307,0
200454702,36,3,0,0.07379079,0,0.5110317,0
200456497,36,2,0,0.004405606,0,0.012984782,0
200456866,36,1,0,0.012331855,0,0.001383128,0
200457195,36,2,0,1.0606611e-05,0,2.0439547e-05,0
200457256,36,2,0,0.016849954,0,0.036333267,0
200458469,36,2,0,0.0011778292,0,0.023452865,0
200458940,36,2,0,0.03650652,0,0.1845578,0
200459281,36,3,0,0.0012793884,0,0.001396544,0
200459299,36,1,0,0.00043349116,0,0.010632593,0
200459331,36,18,0,0.12403799,0,0.039748587,0
200464814,36,14,0,0.055187948,0,0.054054283,0
200465307,36,12,0,0.21380922,0,0.12517759,0
200465331,36,8,0,0.35950255,0,0.16146336,0
200469204,36,1,0,3.7187132e-05,0,2.9322757e-06,0
200469605,36,3,0,0.05799902,0,0.07775782,0
200469620,36,2,0,0.029606473,0,0.04752679,0
200470103,36,2,0,0.046392947,0,0.032042976,0
200470127,36,2,0,0.002119854,0,0.0014856191,0
200470656,36,2,0,0.3676971,0,0.49402735,0
200470900,36,2,0,0.0002607661,0,2.455516e-05,0
200472743,36,3,0,0.08119927,0,0.016564839,0
200476030,36,3,0,0.04334319,0,0.0173638,0
200484358,36,1,0,2.5879442e-07,0,0.00020053975,0
200484774,36,1,0,4.7489375e-05,0,0.00017748804,0
200484816,36,1,0,0.00022062696,0,0.00047358946,0
200489567,36,3,0,0.077650286,0,0.021483421,0
200498737,36,2,0,0.00094975403,0,0.028977465,0
200499666,36,2,0,0.17111063,0,0.24491732,0
200501540,36,2,0,0.0036993448,0,0.040319838,0
200501946,36,2,0,0.011785521,0,0.094152264,0
200505748,36,1,0,6.568951e-05,0,6.816354e-05,0
200505755,36,1,0,0.07208024,0,0.038818628,0
200505759,36,2,0,0.9446137,1,0.74721587,0
200505768,36,1,0,1.3438946e-12,0,7.056456e-08,0
200505773,36,1,0,0.025763312,0,0.025033724,0
200505775,36,1,0,0.00020947204,0,0.0008882005,0
200507394,36,2,0,0.016413877,0,0.0701393,0
200507615,36,2,0,0.0031506813,0,0.008918213,0
200508991,36,21,0,1.6847721e-13,0,5.094977e-09,0
200508995,36,2,0,0.00018230923,0,9.9474e-06,0
200509432,36,2,0,0.014421491,0,0.017361498,0
200509865,36,4,0,0.24341397,0,0.4017621,0
200509897,36,2,0,0.025908304,0,0.0021338612,0
200517143,36,6,0,0.034988284,0,0.018586129,0
200518105,36,1,0,5.1271577e-06,0,0.00022408711,0
200520046,36,75,0,2.7966182e-13,0,1.1809194e-09,0
200521999,36,1,0,4.2838674e-06,0,4.2106485e-06,0
200523049,36,1,0,1.5730603e-07,0,3.2012526e-06,0
200524878,36,1,0,6.4876654e-24,0,7.997139e-20,0
200526957,36,2,0,0.0010666263,0,0.0071795937,0
200528352,36,2,0,0.9541285,1,0.24179909,0
200528363,36,12,0,9.520416e-05,0,2.372901e-05,0
200529140,36,2,0,6.556511e-23,0,5.323284e-19,0
200529143,36,2,0,3.9500658e-10,0,1.3537508e-08,0
200529472,36,3,0,0.40502,0,0.9950813,1
200529476,36,3,0,0.008767149,0,0.48911,0
200530201,36,5,0,0.018575294,0,0.003185886,0
200532514,36,9,0,0.0016874381,0,0.0003861061,0
200543666,36,1,0,3.2151742e-29,0,4.1095184e-25,0
200543668,36,2,0,4.4864215e-10,0,1.6873448e-13,0
200544004,36,2,0,9.486296e-05,0,0.00033852874,0
200544012,36,2,0,1.0056619e-07,0,7.8589575e-05,0
200544019,36,2,0,0.0007447614,0,0.00045254617,0
200544024,36,2,0,1.0385939e-09,0,9.431745e-08,0
200544034,36,2,0,1.17126014e-07,0,4.2256415e-06,0
200544377,36,2,0,4.7788347e-09,0,4.492352e-07,0
200544793,36,2,0,1.1197115e-05,0,2.4453697e-05,0
200544799,36,2,0,3.450137e-06,0,0.0002934702,0
200544803,36,2,0,7.250861e-09,0,1.2364064e-05,0
200545112,36,2,0,1.0453974e-08,0,1.433276e-05,0
200545151,36,2,0,0.0017524676,0,0.0005953705,0
200545451,36,2,0,2.3415044e-08,0,6.454984e-07,0
200545458,36,2,0,5.75857e-07,0,6.5185554e-06,0
200565506,36,1,0,0.18759252,0,0.5743141,0
200565606,36,1,0,0.008314001,0,0.028322674,0
200565611,36,2,0,3.5111996e-09,0,0.0002067453,0
200565615,36,2,0,9.657954e-12,0,5.6898553e-09,0
200565617,36,2,0,8.7217967e-07,0,2.957008e-07,0
200565624,36,2,0,7.375857e-09,0,0.0003975175,0
200565627,36,3,0,1.9541231e-10,0,5.2359205e-06,0
200568200,36,2,0,0.005727536,0,0.0052413368,0
200569926,36,1,0,4.7527315e-06,0,7.0526867e-06,0
200569927,36,2,0,7.832256e-22,0,2.1381052e-19,0
200575744,36,1,0,0.0010775124,0,0.0017110108,0
200576139,36,2,0,0.16078956,0,0.4455537,0
200583082,36,1,0,0.021533504,0,0.031064536,0
200583424,36,3,0,9.84901e-07,0,0.00030735135,0
200593594,36,2,0,2.1297083e-23,0,7.90608e-20,0
200594293,36,1,0,0.013712429,0,0.03534439,0
200595876,36,2,0,5.370409e-23,0,5.2954955e-19,0
200595877,36,2,0,6.6843592e-12,0,4.714816e-09,0
200595880,36,2,0,8.234981e-22,0,7.628602e-18,0
200595885,36,2,0,1.3367611e-21,0,8.898383e-18,0
200596723,36,14,0,0.00077757053,0,2.831377e-24,0
200596727,36,3,0,2.7617106e-22,0,0.0,0
200596729,36,2,0,0.007182269,0,0.006906627,0
200597835,36,1,1,0.9680208,1,0.71332234,0
200601473,36,3,0,0.0041909493,0,0.09830435,0
200606547,36,1,0,0.0002893641,0,0.0008481579,0
200607300,36,1,0,0.0005271728,0,0.0013946175,0
200608590,36,2,0,1.9677086e-20,0,5.0745797e-17,0
200613731,36,1,0,1.1776911e-21,0,3.4589771e-18,0
200613889,36,1,0,3.0679923e-05,0,0.00051982165,0
200616032,36,3,0,5.1351257e-08,0,9.73633e-06,0
200616109,36,3,0,1.2105271e-10,0,2.321355e-06,0
200616710,36,3,0,3.576437e-10,0,8.7680235e-07,0
200617038,36,3,0,2.124527e-06,0,4.4791657e-05,0
200617459,36,3,0,6.90082e-08,0,2.6167452e-06,0
200617679,36,2,0,9.0070665e-05,0,0.090594545,0
200617681,36,4,0,2.8896635e-05,0,0.032976884,0
200618246,36,3,0,5.7698468e-11,0,1.1156812e-06,0
200618249,36,3,0,3.3854697e-10,0,7.4131885e-06,0
200618680,36,3,0,0.03348011,0,0.1276565,0
200618684,36,3,0,2.4059233e-22,0,0.0,0
200619436,36,1,0,0.00019573329,0,0.02381235,0
200620170,36,2,0,2.2443386e-22,0,0.0,0
200620180,36,3,0,0.023575764,0,0.13669738,0
200620183,36,2,0,2.4104787e-23,0,0.0,0
200620368,36,2,0,2.4100398e-21,0,0.0,0
200620377,36,2,0,2.5582396e-23,0,0.0,0
200620419,36,2,0,1.08806974e-20,0,0.0,0
200620429,36,2,0,2.2808028e-23,0,0.0,0
200620433,36,2,0,5.279251e-22,0,0.0,0
200620490,36,3,0,0.107210495,0,0.013413172,0
200620692,36,2,0,7.805975e-23,0,0.0,0
200620701,36,2,0,7.147715e-23,0,0.0,0
200620737,36,2,0,8.8246974e-24,0,0.0,0
200620846,36,2,0,4.392417e-05,0,0.0027957538,0
200621070,36,4,0,0.025515554,0,0.019331666,0
200621299,36,2,0,3.6071888e-22,0,0.0,0
200621417,36,2,0,1.3227148e-37,0,0.0,0
200621439,36,2,0,5.659724e-23,0,0.0,0
200621643,36,2,0,8.506277e-05,0,0.017854158,0
200621644,36,3,0,1.26938046e-23,0,0.0,0
200621661,36,2,0,0.00026103147,0,0.0012867276,0
200621664,36,2,0,0.0017121686,0,0.014172645,0
200621673,36,3,0,2.3719853e-23,0,0.0,0
200621676,36,2,0,2.7812257e-23,0,0.0,0
200621681,36,2,0,0.026745569,0,0.083983876,0
200621686,36,2,0,0.040105578,0,0.107640006,0
200621700,36,2,0,4.1410317e-21,0,0.0,0
200621998,36,2,0,7.047677e-22,0,0.0,0
200622100,36,2,0,1.0502198e-23,0,0.0,0
200622108,36,2,0,3.7747678e-22,0,0.0,0
200622727,36,2,0,1.2091791e-22,0,0.0,0
200622734,36,3,0,1.834581e-21,0,0.0,0
200622929,36,2,0,2.2821169e-23,0,0.0,0
200622946,36,2,0,0.6600352,0,0.17055063,0
200622949,36,4,0,0.003296974,0,0.00867339,0
200623366,36,1,0,0.021745624,0,0.0076596816,0
200623373,36,2,0,4.294357e-23,0,0.0,0
200623452,36,2,0,7.2869404e-23,0,0.0,0
200623470,36,2,0,8.591356e-23,0,0.0,0
200624336,36,2,0,3.8649013e-23,0,0.0,0
200624339,36,2,0,1.0079822e-05,0,7.4482385e-13,0
200624424,36,3,0,3.219567e-22,0,0.0,0
200624439,36,2,0,3.427096e-07,0,4.8578535e-08,0
200624455,36,3,0,3.316816e-22,0,0.0,0
200624474,36,3,0,4.3480615e-23,0,0.0,0
200624658,36,2,0,3.1337512e-23,0,0.0,0
200624969,36,2,0,0.00021194133,0,2.2731198e-12,0
200624971,36,2,0,4.402786e-25,0,0.0,0
200625109,36,2,0,2.4049966e-22,0,0.0,0
200625122,36,2,0,0.03761184,0,0.16716589,0
200625132,36,2,0,1.0104412e-23,0,0.0,0
200625166,36,2,0,2.697467e-23,0,0.0,0
200625438,36,2,0,2.3612421e-23,0,0.0,0
200625442,36,3,0,4.3455574e-23,0,0.0,0
200625825,36,2,0,5.416282e-18,0,0.0,0
200625841,36,3,0,5.47546e-21,0,0.0,0
200625847,36,2,0,8.6975e-09,0,2.0778986e-16,0
200625854,36,2,0,5.46525e-23,0,0.0,0
200625918,36,2,0,1.4544083e-23,0,0.0,0
200626321,36,1,0,0.016189227,0,0.16678184,0
200627453,36,4,0,0.0047061383,0,0.052806366,0
200627914,36,2,0,1.2763378e-24,0,0.0,0
200628383,36,2,0,3.2965046e-24,0,0.0,0
200628393,36,2,0,3.0529572e-17,0,0.0,0
200628433,36,51,0,0.00015158646,0,0.00016062865,0
200628441,36,1,0,0.009759482,0,0.057396073,0
200628452,36,2,0,0.0004861388,0,0.0016970548,0
200628921,36,55,0,2.3259212e-05,0,2.8789655e-36,0
200629155,36,2,0,0.2739323,0,0.064471975,0
200629160,36,2,0,0.007279678,0,0.5473036,0
200629170,36,3,0,0.0021792648,0,0.033692397,0
200629269,36,2,0,0.0026052871,0,0.0079100225,0
200629302,36,2,0,0.023118136,0,0.004551516,0
200629304,36,2,0,0.028212141,0,0.063712835,0
200629536,36,1,0,5.921539e-06,0,0.0020787595,0
200629551,36,12,0,0.004276754,0,0.0059299306,0
200631491,36,1,0,0.018193573,0,0.11641924,0
200631494,36,1,0,6.096506e-05,0,0.0013335827,0
200631523,36,1,0,0.00022347496,0,0.00072035904,0
200631542,36,1,0,0.0,0,0.0,0
200631547,36,2,0,5.667576e-20,0,0.0,0
200631553,36,2,0,6.9384393e-22,0,0.0,0
200632121,36,2,0,1.9549221e-20,0,0.0,0
200632283,36,2,0,1.430615e-23,0,0.0,0
200632286,36,3,0,2.15464e-23,0,0.0,0
200632302,36,2,0,2.0687809e-22,0,0.0,0
200632861,36,2,0,6.244634e-22,0,0.0,0
200633621,36,2,0,6.185151e-22,0,0.0,0
200633975,36,2,0,1.1115236e-23,0,0.0,0
200633982,36,7,0,0.23042187,0,0.7886823,0
200633985,36,2,0,4.7030256e-23,0,0.0,0
200634059,36,4,0,3.3395833e-09,0,3.9354242e-10,0
200634410,36,2,0,7.029415e-23,0,0.0,0
200634414,36,2,0,3.9871605e-23,0,0.0,0
200634664,36,1,0,0.3378732,0,0.5047534,0
200634668,36,2,0,5.130818e-23,0,0.0,0
200634679,36,2,0,2.2954667e-23,0,0.0,0
200634784,36,1,0,0.00979306,0,0.0019286869,0
200634789,36,2,0,1.3879877e-21,0,0.0,0
200634801,36,2,0,4.979169e-22,0,0.0,0
200635458,36,1,0,2.005629e-06,0,1.8533659e-06,0
200635469,36,3,0,1.9140887e-24,0,0.0,0
200635499,36,3,0,4.6993855e-23,0,0.0,0
200635506,36,2,0,3.430377e-22,0,0.0,0
200635514,36,3,0,6.9736206e-23,0,0.0,0
200635548,36,2,0,1.6944316e-23,0,0.0,0
200635908,36,2,0,6.635746e-23,0,0.0,0
200635931,36,2,0,9.882885e-25,0,0.0,0
200635935,36,2,0,1.00017566e-22,0,0.0,0
200636236,36,3,0,2.2250294e-23,0,0.0,0
200636252,36,2,0,9.2250934e-23,0,0.0,0
200636263,36,2,0,9.6882684e-23,0,0.0,0
200636269,36,2,0,0.10170135,0,0.28837237,0
200636740,36,2,0,2.5292938e-23,0,0.0,0
200636760,36,2,0,7.0236666e-19,0,0.0,0
200636763,36,2,0,1.4664809e-23,0,0.0,0
200636776,36,1,0,0.0038619176,0,0.1492449,0
200636780,36,2,0,2.6571198e-20,0,0.0,0
200636788,36,3,0,0.1306851,0,0.17109412,0
200636790,36,2,0,0.007730847,0,0.027576854,0
200636970,36,8,0,0.07972254,0,0.16143708,0
200637380,36,2,0,1.336531e-22,0,0.0,0
200637385,36,3,0,0.00043325836,0,2.0516195e-12,0
200637623,36,2,0,5.4970337e-22,0,0.0,0
200637635,36,2,0,4.299551e-24,0,0.0,0
200637638,36,2,0,2.3048465e-23,0,0.0,0
200637644,36,2,0,1.1998464e-23,0,0.0,0
200637657,36,2,0,6.9022426e-23,0,0.0,0
200637782,36,2,0,0.055753093,0,0.16374627,0
200637797,36,2,0,4.7213606e-23,0,0.0,0
200637802,36,2,0,4.982817e-22,0,0.0,0
200637965,36,2,0,6.003962e-22,0,0.0,0
200637978,36,2,0,1.6731174e-11,0,0.00021363725,0
200637988,36,2,0,6.796192e-23,0,0.0,0
200638417,36,2,0,2.604295e-05,0,0.0001031504,0
200638608,36,2,0,1.8026752e-22,0,0.0,0
200638622,36,2,0,1.2596103e-19,0,0.0,0
200638626,36,2,0,1.733219e-22,0,0.0,0
200638629,36,2,0,2.1034193e-23,0,0.0,0
200638732,36,2,0,0.03349584,0,0.0023721715,0
200638745,36,1,0,0.0006048815,0,0.031385623,0
200638898,36,2,0,1.0972061e-20,0,0.0,0
200639284,36,2,0,3.973709e-22,0,0.0,0
200639293,36,2,0,9.816503e-23,0,0.0,0
200639301,36,2,0,1.1757694e-22,0,0.0,0
200639306,36,2,0,1.4216488e-24,0,0.0,0
200639310,36,1,0,0.0024144643,0,0.0029608659,0
200641856,36,7,0,8.907694e-13,0,1.2465676e-08,0
200642268,36,6,0,0.325185,0,0.20939259,0
200643820,36,1,0,8.377783e-08,0,7.589093e-05,0
200645694,36,2,0,5.6498046e-11,0,2.7902405e-07,0
200647127,36,2,0,1.2812475e-13,0,1.258805e-09,0
200647128,36,2,0,2.1307815e-11,0,1.8611116e-11,0
200649629,36,47,0,7.967356e-13,0,1.6010844e-13,0
200649631,36,1,0,1.906949e-14,0,2.7759817e-10,0
200649636,36,2,0,1.774239e-05,0,8.958594e-08,0
200650489,36,1,0,2.1623717e-05,0,0.00047617874,0
200650649,36,3,0,9.6464166e-05,0,0.0002661196,0
200650652,36,2,0,2.7838249e-05,0,9.227003e-05,0
200650970,36,2,0,3.6146354e-25,0,8.192596e-20,0
200651616,36,2,0,1.0966479e-08,0,2.618862e-07,0
200653397,36,3,0,0.041445494,0,0.03232304,0
200653992,36,8,0,0.00050746,0,0.0003392251,0
200654768,36,1,0,0.29357982,0,0.16277117,0
200654769,36,1,0,1.9292389e-05,0,9.913248e-07,0
200656543,36,7,0,0.00680816,0,0.009727676,0
200656551,36,1,0,0.11675149,0,0.19474444,0
200656553,36,4,0,0.00019117832,0,0.0004095579,0
200657269,36,2,0,8.282467e-07,0,5.896564e-06,0
200657605,36,4,0,0.007927611,0,0.0011816043,0
200657607,36,6,0,1.0672348e-15,0,4.413214e-09,0
200657616,36,4,0,0.054443154,0,0.2764863,0
200657617,36,1,0,0.0013964064,0,0.01281319,0
200657619,36,7,0,0.009903098,0,0.023284994,0
200657624,36,1,0,0.0087669715,0,0.12878607,0
200657635,36,1,0,0.27916774,0,0.32155263,0
200657637,36,1,0,0.12480854,0,0.17119981,0
200657649,36,2,0,0.06991326,0,0.24724449,0
200659646,36,1,0,0.20139137,0,0.35749653,0
200659991,36,1,0,0.003491289,0,0.021619549,0
200660001,36,2,0,0.041409377,0,0.19476545,0
200661541,36,1,0,0.08756228,0,0.66485417,0
200666341,36,1,0,0.0001071063,0,0.00198544,0
200666346,36,1,0,0.17319986,0,0.25530133,0
200668469,36,1,0,0.022552293,0,0.020290263,0
200668488,36,1,0,1.3567122e-05,0,0.00035379225,0
200670032,36,1,0,0.027007008,0,0.1335552,0
200671734,36,3,0,0.007899167,0,0.030484607,0
200672478,36,2,0,1.4406806e-16,0,1.1815227e-10,0
200675377,36,1,0,4.59293e-05,0,0.006449212,0
200675390,36,2,0,0.31499305,0,0.66914815,0
200679030,36,1,0,0.009471383,0,0.017184649,0
200680523,36,5,0,0.0042039724,0,0.021115426,0
200680529,36,1,0,0.008338775,0,0.055413105,0
200681750,36,1,0,0.0019668695,0,0.006180729,0
200683436,36,1,0,0.0002894284,0,2.305586e-05,0
200695257,36,1,0,0.011898484,0,0.06898231,0
200699531,36,1,0,1.8944656e-19,0,1.6125405e-07,0
200699903,36,1,0,0.0057345163,0,0.021934971,0
200699911,36,1,0,0.109146036,0,0.012607907,0
200701406,36,1,0,0.1877097,0,0.1644926,0
200701533,36,1,0,0.05020406,0,0.21350743,0
200701769,36,2,0,0.0071209674,0,0.031608235,0
200701898,36,1,0,0.5355021,0,0.5211172,0
200702141,36,1,0,0.6260558,0,0.86030054,1
200702144,36,1,0,0.03188264,0,0.1794068,0
200703151,36,1,0,1.0042323e-14,0,5.9070433e-05,0
200711159,36,1,0,0.035005394,0,0.12481514,0
200711944,36,4,0,0.032959606,0,0.13065213,0
200714931,36,1,0,1.6579323e-19,0,2.1683651e-07,0
200715960,36,1,0,0.00070942834,0,0.00731472,0
200718750,36,1,1,0.2953491,0,0.33802816,0
200725884,36,1,0,0.00020180976,0,0.002070798,0
200725891,36,2,0,0.001403316,0,0.0045443256,0
200726247,36,2,0,0.004377733,0,0.021702636,0
200726256,36,2,0,0.09921308,0,0.016722845,0
200726261,36,2,0,0.00015741555,0,0.001623195,0
200726278,36,2,0,0.011516902,0,0.040027898,0
200726279,36,3,0,0.057684746,0,0.23367909,0
200726566,36,3,0,0.00048098242,0,0.4098689,0
200726571,36,2,0,0.0015079912,0,0.04816562,0
200726913,36,2,0,0.0037911243,0,0.016874103,0
200729972,36,1,0,0.00018459542,0,1.9628765e-09,0
200732641,36,1,1,0.98654455,1,0.989185,1
200738248,36,4,0,0.021201344,0,0.1596531,0
200738264,36,1,1,0.9868274,1,0.9894254,1
200739618,36,2,0,0.002718873,0,0.006504205,0
200739622,36,3,0,0.0075645475,0,0.21946892,0
200739625,36,2,0,0.013852577,0,0.1874889,0
200739627,36,3,0,0.004826567,0,0.06033814,0
200742133,36,2,0,0.0029182797,0,0.008665407,0
200748600,36,2,0,0.0004672779,0,0.0010935054,0
200748602,36,2,0,0.00035679052,0,0.0008092978,0
200749138,36,3,0,1.7512512e-07,0,5.4884576e-06,0
200757149,36,1,0,0.3397019,0,0.008870101,0
200757155,36,2,0,0.22560865,0,0.043466266,0
200758287,36,3,0,0.0033978748,0,0.18021744,0
200758291,36,3,0,0.005503273,0,0.10084522,0
200758995,36,2,0,0.12498626,0,0.052238718,0
200759035,36,2,0,0.0053509125,0,0.023390876,0
200759308,36,2,0,0.99017227,1,0.47320428,0
200759315,36,2,0,0.028482083,0,0.5611945,0
200759319,36,1,0,0.043385524,0,0.1698954,0
200762536,36,1,0,9.5160107e-07,0,7.372051e-05,0
200774461,36,2,0,0.94921684,1,0.48794666,0
200774465,36,2,0,0.94594693,1,0.83715737,1
200774471,36,2,0,0.9193476,1,0.9365868,1
200774495,36,2,0,0.7844316,1,0.6215333,0
200774934,36,2,0,0.98469466,1,0.88317007,1
200949987,36,6,0,0.00842588,0,0.011450453,0
200949999,36,5,0,0.002641218,0,0.025931247,0
200950000,36,4,0,0.123296306,0,0.31889433,0
200950004,36,5,0,0.18030575,0,0.15595998,0
200960497,36,1,0,0.16188098,0,0.0049619013,0
200960522,36,6,0,1.3127897e-10,0,0.0,0
200961472,36,2,0,0.14424424,0,0.588154,0
200961978,36,1,0,5.3019503e-24,0,0.0,0
200962780,36,3,0,0.00030035563,0,0.035879515,0
200963552,36,2,0,3.3405578e-09,0,1.8710674e-18,0
200963581,36,1,0,1.9112757e-07,0,7.5609976e-14,0
200963849,36,2,0,1.4605854e-08,0,4.0288183e-18,0
200963850,36,1,0,1.3592084e-25,0,0.0,0
200964038,36,1,0,5.1877713e-13,0,4.1498325e-17,0
200964045,36,2,0,7.071145e-05,0,0.019978084,0
200964059,36,1,0,5.69306e-05,0,4.0157407e-05,0
200967006,36,1,0,0.04456952,0,0.011892263,0
200967011,36,2,0,0.00031396584,0,0.005269683,0
200967215,36,1,0,2.069886e-22,0,0.0,0
200967961,36,1,0,1.6062172e-06,0,7.4581253e-06,0
200967969,36,1,0,0.0009751762,0,0.00019793192,0
200968142,36,1,0,0.0017426137,0,0.00084562885,0
200968748,36,1,0,2.1056807e-18,0,0.0,0
200969391,36,1,0,3.3766462e-06,0,3.2432706e-07,0
200969594,36,2,0,0.85259724,1,0.0,0
200969707,36,1,0,0.0014095892,0,0.0006887968,0
200970411,36,1,0,1.2164546e-06,0,9.924647e-07,0
200970416,36,1,0,9.973226e-22,0,0.0,0
200970594,36,1,0,0.094237745,0,0.43812263,0
200970629,36,1,0,2.2560222e-21,0,0.0,0
200970830,36,2,0,1.0253849e-06,0,3.995209e-18,0
200970835,36,3,0,0.21100737,0,0.36803576,0
200971020,36,1,0,0.00076793355,0,0.0004152754,0
200971455,36,1,0,4.7818304e-22,0,0.0,0
200972495,36,1,0,7.2088737e-12,0,4.5828692e-08,0
200972506,36,2,0,0.03004514,0,0.0,0
200972983,36,1,0,0.93993944,1,0.99394,1
200973003,36,2,0,0.00016613206,0,0.00014685694,0
200973023,36,2,0,0.008637621,0,0.0,0
200973054,36,1,0,1.2082944e-21,0,0.0,0
200973062,36,1,0,5.850267e-22,0,0.0,0
200973068,36,3,0,0.0003944301,0,0.0,0
200973088,36,2,0,6.610739e-21,0,0.0,0
200973495,36,2,0,2.0547565e-08,0,0.0,0
200973551,36,2,0,0.02717757,0,0.0776491,0
200973560,36,1,0,7.211207e-21,0,0.0,0
200973871,36,2,0,0.051479805,0,0.2713446,0
200974374,36,8,0,0.00070604717,0,0.0001014272,0
200974754,36,5,0,0.013600055,0,0.000121265315,0
200974757,36,2,0,0.0003206365,0,6.752582e-05,0
200974803,36,4,0,0.0020445706,0,0.0,0
200975838,36,3,0,8.771255e-08,0,0.0,0
200976642,36,16,0,0.002180901,0,0.009129018,0
200976649,36,2,0,0.06270413,0,0.06075375,0
200976652,36,2,0,0.008179762,0,0.005175557,0
200976659,36,2,0,0.030834945,0,0.049778186,0
200976671,36,11,0,0.14143941,0,0.14232449,0
200976706,36,1,0,1.2868263e-21,0,0.0,0
200976710,36,1,0,2.2336429e-24,0,0.0,0
200976730,36,1,0,3.3561187e-22,0,0.0,0
200977021,36,3,0,0.00011289972,0,1.2758105e-05,0
200977055,36,42,0,0.07782089,0,0.0,0
200977063,36,3,0,0.90649354,1,0.9248654,1
200977184,36,13,0,0.01552509,0,0.008083144,0
200977588,36,1,0,4.763442e-22,0,0.0,0
200978069,36,2,0,9.908943e-23,0,0.0,0
200978413,36,2,0,0.0005793577,0,0.0,0
200978441,36,1,0,0.0016397458,0,0.0023724332,0
200978447,36,2,0,3.0627565e-09,0,1.249927e-19,0
200979248,36,1,0,0.74447966,1,0.9363272,1
200979648,36,1,0,1.1814208e-22,0,0.0,0
200981209,36,1,0,1.0497037e-22,0,0.0,0
200981699,36,4,0,0.123110175,0,0.111017615,0
200983773,36,3,0,0.01108805,0,0.053019494,0
200983939,36,1,0,1.4689004e-22,0,0.0,0
200984150,36,1,0,0.008800101,0,0.0051244097,0
200984494,36,1,0,1.6042888e-05,0,4.788847e-06,0
200984871,36,1,0,7.521157e-21,0,0.0,0
200984879,36,1,0,0.09077547,0,0.0,0
200984882,36,4,0,1.7827873e-05,0,0.0,0
200985088,36,1,0,2.5740276e-06,0,9.872953e-07,0
200986283,36,3,0,2.8641405e-09,0,1.1699568e-06,0
200987157,36,4,0,3.314487e-05,0,2.2450185e-05,0
200987571,36,4,0,4.0758472e-08,0,8.3186926e-08,0
200990304,36,66,0,2.9993477e-14,0,7.7325826e-33,0
200992452,36,5,0,0.10604842,0,0.08944959,0
200992457,36,3,0,0.0025217864,0,0.0010632966,0
200992461,36,2,0,0.0032387467,0,0.00027375846,0
200992466,36,1,0,0.0012594596,0,0.0005504125,0
200992468,36,4,0,0.00026618864,0,9.825389e-06,0
200993368,36,4,0,0.06817162,0,0.0,0
200993389,36,7,0,5.321348e-05,0,0.0,0
200993394,36,3,0,7.070212e-23,0,0.0,0
200993832,36,1,0,2.116195e-05,0,1.2241658e-05,0
200996856,36,9,0,0.035210885,0,0.07144614,0
200997190,36,3,0,0.000897141,0,0.00014616831,0
200997195,36,2,0,0.015388423,0,0.0029250542,0
200997199,36,3,0,0.0035702903,0,0.0016020492,0
201000131,36,2,0,0.78998077,1,0.90285486,1
201000132,36,4,0,0.8404303,1,0.8549759,1
201000368,36,49,0,0.001991682,0,0.0028346423,0
201002436,36,2,0,7.308696e-05,0,0.056754865,0
201002440,36,2,0,0.001405227,0,0.045932744,0
201002441,36,2,0,0.0012544147,0,0.010816837,0
201002448,36,2,0,0.011753565,0,0.020154065,0
201002450,36,2,0,0.02353839,0,0.111022785,0
201002456,36,2,0,0.057695124,0,0.5487497,0
201002459,36,2,0,0.0005996147,0,0.11243556,0
201002561,36,2,0,0.001562859,0,0.05841433,0
201002580,36,2,0,1.4945364e-05,0,0.0021154096,0
201002586,36,2,0,3.7546288e-05,0,0.00028818633,0
201002590,36,2,0,0.07670148,0,0.018691136,0
201002594,36,2,0,0.0038037223,0,0.022943648,0
201002597,36,2,0,0.00639682,0,0.45083463,0
201002601,36,2,0,0.00091907184,0,0.048556197,0
201002621,36,2,0,0.50041723,0,0.2181235,0
201002875,36,2,0,0.005503699,0,0.020901104,0
201002880,36,2,0,0.029668018,0,0.023217203,0
201002883,36,1,0,0.013036898,0,0.0898739,0
201003675,36,13,0,0.11644924,0,0.10421408,0
201003677,36,1,0,0.009946616,0,0.049828667,0
201003678,36,4,0,0.35617954,0,0.14884728,0
201003681,36,4,0,0.3257887,0,0.34083495,0
201003685,36,1,0,0.025908308,0,0.29684198,0
201003687,36,4,0,7.188998e-14,0,3.554739e-08,0
201003689,36,2,0,0.011727351,0,0.004595434,0
201003706,36,16,0,8.061306e-06,0,3.0912994e-05,0
201003711,36,1,0,0.0052981465,0,0.031017838,0
201003719,36,2,0,0.119469084,0,0.27766004,0
201003724,36,1,0,0.57345146,0,0.8408813,1
201003735,36,4,0,0.06541157,0,0.25281578,0
201003738,36,3,0,0.005252601,0,0.010054532,0
201003740,36,1,0,0.5157299,0,0.6752306,0
201003741,36,3,0,0.028770298,0,0.28059828,0
201003748,36,1,0,0.05337495,0,0.33472025,0
201003749,36,1,0,0.051944964,0,0.38797128,0
201003752,36,14,0,0.0007582158,0,0.0036345776,0
201003757,36,2,0,2.4882376e-16,0,5.0247117e-08,0
201003762,36,3,0,0.037391257,0,0.048183866,0
201003765,36,5,0,0.013334949,0,0.0012587766,0
201003773,36,1,0,0.3474764,0,0.66195756,0
201004044,36,3,0,0.010294441,0,0.067672156,0
201004046,36,2,0,0.013295183,0,0.03955344,0
201004048,36,2,0,0.13111293,0,0.07479799,0
201006709,36,2,0,0.024750827,0,0.22446495,0
201006731,36,7,0,0.03550688,0,0.092687614,0
201006734,36,1,0,0.001230541,0,0.0029792986,0
201007085,36,2,0,0.21850409,0,0.8407095,1
201007087,36,2,0,0.7344805,1,0.94052035,1
201007133,36,2,0,0.61436313,0,0.48777807,0
201007520,36,2,0,0.88420856,1,0.8651799,1
201007910,36,2,0,0.97971934,1,0.8458855,1
201007915,36,2,0,0.9829463,1,0.77094585,0
201007941,36,2,0,0.60273635,0,0.506916,0
201008293,36,2,0,0.981878,1,0.56886244,0
201008307,36,2,0,0.9857428,1,0.7355172,0
201008310,36,2,0,0.9778512,1,0.85413295,1
201008314,36,2,0,0.9716328,1,0.90957934,1
201008318,36,2,0,0.6451943,0,0.6513011,0
201008323,36,2,0,0.9558661,1,0.7375296,0
201008326,36,2,0,0.5676245,0,0.51999,0
201008328,36,2,0,0.8180852,1,0.92137784,1
201008331,36,2,0,0.62051433,0,0.69596994,0
201008614,36,2,0,0.97673595,1,0.9608921,1
201008617,36,2,0,0.65031236,0,0.36748666,0
201008700,36,2,0,0.9881995,1,0.94814646,1
201008705,36,1,0,0.9672285,1,0.821951,0
201013284,36,2,0,1.3165474e-08,0,1.5216151e-06,0
201054667,36,2,0,0.9050496,1,0.70492303,0
201055674,36,1,0,4.8189462e-23,0,1.1902531e-18,0
201064312,36,1,0,5.2603292e-24,0,4.398636e-19,0
201065557,36,1,0,1.4117945e-12,0,2.0941031e-09,0
201389001,36,2,0,0.009146456,0,0.00071737694,0
201419733,36,14,0,0.008149782,0,0.019388603,0
201419737,36,2,0,0.010192546,0,0.5727134,0
201420445,36,17,0,0.008484357,0,0.0062209154,0
201420450,36,25,0,0.13829,0,0.33688614,0
201432010,36,6,0,0.0022792208,0,0.001145119,0
201432023,36,2,0,0.0021488236,0,0.09003612,0
201433814,36,5,0,0.1730593,0,0.058371782,0
201433815,36,4,0,0.015923366,0,0.06813403,0
201433819,36,3,0,0.010819678,0,0.014668857,0
201434285,36,4,0,0.5831962,0,0.0,0
201436329,36,2,0,0.00035800718,0,0.02174705,0
201449662,36,1,0,1.8055164e-23,0,1.2484874e-20,0
201449665,36,2,0,0.009069691,0,0.14332518,0
201449673,36,1,0,1.0491982e-09,0,2.4941544e-08,0
201452245,36,1,0,6.1984094e-12,0,1.3063013e-09,0
201456338,36,2,0,0.0034590599,0,0.0015524825,0
201456554,36,2,0,0.0013087322,0,0.00026259362,0
201468723,36,2,0,0.25429037,0,0.012712799,0
201494647,36,5,0,0.048276957,0,0.23182452,0
201525671,36,1,0,2.256261e-23,0,8.600686e-19,0
201749887,36,2,0,0.031597983,0,0.12940921,0
201857236,36,1,0,0.0060514817,0,0.051609803,0
201862388,36,48,0,7.248064e-14,0,0.0,0
201880384,36,2,0,3.333989e-09,0,8.364478e-06,0
201942372,36,3,0,2.1648932e-08,0,2.8879215e-08,0
201993522,36,1,0,3.6984664e-23,0,8.284426e-20,0
201995858,36,1,0,1.5374898e-11,0,3.254534e-09,0
202039596,36,1,0,2.955731e-11,0,2.2303224e-09,0
202051764,36,2,0,0.013463359,0,0.018063715,0
202064266,36,2,0,0.0017741311,0,0.027705794,0
202093295,36,1,0,0.18302628,0,0.39594904,0
202093981,36,2,0,0.00030693496,0,0.005889734,0
202510861,36,1,1,0.95692956,1,0.34439057,0
202510866,36,1,1,0.957011,1,0.20316988,0
202546669,36,1,0,2.3424123e-22,0,2.4627095e-19,0
202552696,36,2,0,0.45110044,0,0.756626,0
202553626,36,2,0,0.94128364,1,0.94449365,1
202570152,36,2,0,1.0220639e-07,0,1.7357313e-05,0
202602092,36,1,0,3.379602e-23,0,7.854649e-19,0
202631323,36,1,0,0.0006334133,0,0.009545599,0
202674571,36,6,0,0.03177016,0,0.16208807,0
202721511,36,2,0,1.3856645e-22,0,0.0,0
202828590,36,1,1,0.97188884,1,0.9713419,1
202828595,36,1,1,0.96154475,1,0.7344249,0
202838791,36,1,0,0.036307238,0,0.27673307,0
202840409,36,2,0,0.018267054,0,0.043550402,0
202846602,36,1,0,0.0006937562,0,0.01222865,0
202878199,36,1,1,0.9715827,1,0.9998982,1
202914789,36,1,0,4.3583072e-23,0,1.1898402e-18,0
202936901,36,1,0,2.2089951e-11,0,4.0802477e-09,0
203157232,36,1,0,2.1367391e-23,0,9.7831724e-20,0
203169641,36,2,0,0.9540433,1,0.9551051,1
203174429,36,2,0,0.9536948,1,0.8946866,1
203177072,36,2,0,0.9539616,1,0.949677,1
203802251,36,2,0,0.8888855,1,0.80842435,0
203802264,36,3,0,0.00013749511,0,9.573582e-05,0
204001124,36,1,0,6.2032e-23,0,8.024615e-19,0
204189178,36,3,0,0.021020634,0,0.17436548,0
204394667,36,1,0,0.00016990965,0,0.0011565225,0
204798813,36,1,0,1.7353485e-23,0,1.0169708e-19,0
204918142,36,2,0,0.95756507,1,0.83468497,1
204964548,36,1,0,2.9856072e-23,0,4.416018e-20,0
205337465,36,1,0,3.5455794e-22,0,1.2470125e-19,0
205337466,36,1,0,6.0409907e-24,0,4.711203e-20,0
205765035,36,2,0,2.7817753e-06,0,0.0005407378,0
205765038,36,2,0,2.7772955e-06,0,0.0035024697,0
205768407,36,1,0,0.0013205947,0,0.021036832,0
206369782,36,1,0,4.1686436e-20,0,2.1069423e-18,0
206369833,36,2,0,0.107153416,0,0.035010144,0
206376233,36,2,0,0.04561994,0,0.55331177,0
206378921,36,1,0,1.1144569e-09,0,1.3054875e-08,0
206462722,36,1,0,4.2039956e-05,0,9.718303e-05,0
206939495,36,1,0,0.21603268,0,0.7073783,0
206939723,36,13,0,6.9614003e-07,0,2.665286e-06,0
207037694,36,2,0,3.0471812e-09,0,2.5556533e-06,0
207061251,36,7,0,0.013708387,0,0.05121999,0
207070139,36,1,0,0.017449621,0,0.1015965,0
207362772,36,1,0,7.809175e-06,0,1.3118535e-05,0
207363644,36,1,0,0.05036345,0,0.16122682,0
207727189,36,1,0,2.1407977e-12,0,6.708496e-09,0
207926816,36,1,0,5.278508e-10,0,4.1873186e-06,0
207926824,36,1,0,4.782017e-09,0,1.6336537e-06,0
207930774,36,14,0,0.0060905726,0,0.0065045096,0
207934076,36,1,0,2.94772e-22,0,3.2152043e-18,0
207939801,36,1,0,9.8837816e-05,0,0.00020314417,0
207948568,36,2,0,2.8536954e-22,0,4.7834795e-19,0
207948577,36,1,0,0.005053861,0,0.013447523,0
207951676,36,1,0,1.1059206e-05,0,6.902874e-06,0
207956674,36,2,0,7.6027325e-05,0,5.0257087e-05,0
207961196,36,1,0,0.00011712232,0,0.00018560425,0
207968518,36,2,0,1.0973767e-22,0,0.0,0
207987493,36,1,0,0.010100542,0,0.029803274,0
208002291,36,2,0,3.352112e-23,0,0.0,0
208003277,36,1,0,8.11128e-12,0,1.8082357e-08,0
208005440,36,2,0,9.925351e-25,0,0.0,0
208006193,36,2,0,2.1722763e-23,0,0.0,0
208006569,36,2,0,1.197415e-21,0,0.0,0
208007181,36,2,0,1.816002e-23,0,0.0,0
208009073,36,2,0,7.9069125e-23,0,0.0,0
208041590,36,2,0,0.36723712,0,0.6337856,0
209129579,36,1,0,2.3053168e-08,0,8.350442e-06,0
209179808,36,2,0,0.9017437,1,0.76175255,0
210019069,36,1,0,2.0670306e-21,0,8.5424844e-19,0
210056488,36,1,0,0.80233854,1,0.85875636,1
210610779,36,2,0,0.00033116303,0,0.0011726555,0
211804130,36,1,0,0.0050343648,0,0.05095379,0
211945731,36,1,0,3.916171e-11,0,5.257942e-09,0
212500432,36,1,0,7.3819505e-24,0,5.2717907e-20,0
213127158,36,2,0,0.00015538989,0,0.004582567,0
213127175,36,2,0,0.0022322924,0,0.05997229,0
213726951,36,1,0,0.021407437,0,0.38701403,0
214413398,36,2,0,0.002182811,0,9.130353e-07,0
215052635,36,1,0,1.389343e-22,0,1.7821596e-18,0
215052636,36,1,0,1.0445129e-11,0,4.0833946e-08,0
215860446,36,1,0,0.037737336,0,0.32941088,0
216354897,36,2,0,2.5611775e-09,0,3.0529416e-06,0
216518429,36,1,0,5.2831125e-05,0,8.768409e-05,0
216521282,36,1,0,2.538049e-24,0,3.0653092e-21,0
216521291,36,2,0,2.6176506e-21,0,5.682669e-19,0
216521847,36,2,0,1.1942583e-21,0,3.3488984e-19,0
216521848,36,2,0,2.6712438e-22,0,1.4557046e-19,0
216523168,36,1,0,2.6700913e-23,0,3.3892402e-19,0
216523194,36,1,0,6.647194e-24,0,1.2793828e-19,0
216523199,36,1,0,1.1690816e-17,0,1.8406554e-17,0
216523765,36,2,0,3.815293e-12,0,3.0867544e-09,0
216524470,36,2,0,1.1581827e-12,0,4.164002e-09,0
216524840,36,2,0,6.8405516e-12,0,3.6414243e-09,0
216525352,36,2,0,9.7718554e-23,0,1.326831e-18,0
216525647,36,1,0,2.352547e-24,0,2.945082e-20,0
216526565,36,1,0,1.8977508e-10,0,8.7801425e-08,0
216527230,36,1,0,0.19356836,0,0.3864509,0
216528012,36,1,0,6.153166e-23,0,6.7671537e-19,0
216542850,36,2,0,3.758595e-11,0,1.1064739e-09,0
216543839,36,2,0,1.9287972e-11,0,6.354724e-09,0
216549134,36,1,0,0.00013578686,0,7.4523174e-05,0
216554848,36,2,0,8.736105e-24,0,4.812175e-20,0
216559772,36,1,0,1.5773795e-22,0,5.693819e-20,0
216559774,36,2,0,2.4990982e-11,0,6.534899e-08,0
216559776,36,2,0,2.6086577e-22,0,5.5301292e-18,0
216559780,36,1,0,2.4623863e-22,0,1.6910255e-19,0
216559781,36,2,0,1.5843198e-23,0,4.898486e-19,0
216559783,36,2,0,3.724583e-11,0,4.5980753e-09,0
216559787,36,2,0,8.955728e-11,0,1.201089e-09,0
216559788,36,2,0,3.7592193e-22,0,1.2304034e-19,0
216559791,36,1,0,4.5554732e-10,0,1.7432266e-09,0
216559792,36,1,0,8.152118e-23,0,2.0409725e-19,0
216559794,36,1,0,1.7053327e-22,0,8.426009e-18,0
216559803,36,1,0,6.774476e-23,0,5.203599e-20,0
216559809,36,2,0,4.357526e-23,0,9.503323e-20,0
216562926,36,2,0,3.1952063e-11,0,9.456812e-10,0
216562928,36,2,0,4.931303e-24,0,3.0347476e-19,0
216562929,36,2,0,1.7721431e-22,0,2.076494e-18,0
216563621,36,2,0,2.523089e-22,0,1.0776161e-18,0
216563632,36,1,0,6.352268e-23,0,2.8967154e-19,0
216568516,36,1,0,1.5694934e-10,0,5.683532e-09,0
216568517,36,1,0,2.9080205e-11,0,1.8830733e-09,0
216568518,36,1,0,3.2777513e-13,0,3.8106953e-09,0
216572145,36,1,0,4.8380404e-18,0,2.1737905e-18,0
216572650,36,2,0,2.0720022e-23,0,6.9013313e-20,0
216573014,36,2,0,6.644727e-11,0,1.3916284e-08,0
216574260,36,2,0,1.1360094e-11,0,4.318479e-09,0
216576290,36,1,0,0.0053986567,0,0.036843173,0
216577575,36,1,0,3.5236016e-22,0,1.3846368e-18,0
216578762,36,1,0,2.588694e-21,0,9.802902e-19,0
216581048,36,1,0,6.3896676e-24,0,3.9362223e-20,0
216585659,36,1,0,0.020285472,0,0.05412221,0
216593390,36,1,0,0.3607306,0,0.67981476,0
216593392,36,1,0,2.6752772e-05,0,8.314509e-06,0
216593393,36,1,0,6.59735e-06,0,8.316158e-05,0
216600670,36,1,0,1.7900995e-05,0,0.00092928443,0
216635789,36,1,0,0.0002725953,0,0.00012319871,0
216807497,36,2,0,0.24860653,0,0.45167017,0
216811524,36,1,0,0.38778827,0,0.44721153,0
216811703,36,1,0,0.14500362,0,0.2865321,0
216812226,36,1,0,0.1337235,0,0.2762788,0
216812228,36,1,0,0.25154325,0,0.39456916,0
216813441,36,1,0,0.119020976,0,0.14552239,0
216813442,36,1,0,0.26184103,0,0.37169185,0
217583370,36,1,0,0.00014973615,0,0.00029841645,0
217586908,36,1,0,0.0024028267,0,0.0017600306,0
217604757,36,2,0,1.6412555e-07,0,6.6340115e-05,0
217605178,36,3,0,1.7764152e-07,0,5.8569087e-05,0
217605290,36,2,0,1.7584539e-06,0,8.680166e-05,0
217605292,36,2,0,9.593463e-07,0,4.4768934e-05,0
217605300,36,2,0,2.2960344e-07,0,2.4706355e-06,0
217610708,36,10,0,0.014937274,0,0.0032428731,0
217614129,36,1,1,0.98883176,1,0.982003,1
217630336,36,3,0,0.00015283798,0,0.0034855618,0
217633500,36,1,1,0.5641827,0,0.58073044,0
217634767,36,2,0,3.3515415e-09,0,2.069044e-06,0
217654794,36,8,0,0.087435625,0,0.2251024,0
217655635,36,1,0,1.7425853e-16,0,7.0846345e-10,0
217658502,36,2,0,0.19546181,0,0.23114818,0
217661179,36,1,0,0.047760945,0,0.1081587,0
217663350,36,1,0,6.3975983e-15,0,1.6547025e-09,0
217678280,36,1,0,0.0004552582,0,0.0017404013,0
217678717,36,1,0,0.12975287,0,0.1851062,0
217701123,36,1,0,0.07930307,0,0.698116,0
218217012,36,1,0,8.533315e-06,0,1.1868495e-06,0
219057662,36,2,0,0.985852,1,0.99005836,1
219348593,36,2,0,2.7843134e-05,0,0.0,0
219353245,36,2,0,0.77205646,1,0.55093604,0
219371979,36,41,0,0.00060439797,0,0.00043321916,0
219577010,36,1,0,0.010178653,0,0.17495859,0
219600551,36,4,0,0.0021411688,0,0.00042669103,0
219605774,36,2,0,4.6021228e-07,0,1.7210858e-06,0
219622938,36,2,0,7.508521e-05,0,0.03140699,0
219623122,36,3,0,0.0025383036,0,0.0071216985,0
219623306,36,2,0,0.0047244257,0,0.016628113,0
219623378,36,2,0,0.00773548,0,0.10379499,0
219628409,36,2,0,0.9510532,1,0.9199958,1
219628416,36,2,0,0.94847697,1,0.90904105,1
219635740,36,2,0,0.9573725,1,0.8774641,1
658042,37,3,0,2.4734363e-06,0,0.00016137399,0
1360579,37,4,0,1.5405897e-07,0,0.000103078324,0
2213779,37,1,0,0.00020066198,0,0.00028420534,0
2594742,37,4,0,5.788164e-07,0,0.00055678684,0
5613071,37,2,0,2.3406186e-07,0,0.0021623343,0
5658535,37,9,0,8.609093e-07,0,0.00052156794,0
5734936,37,2,0,2.6327953e-07,0,0.0006453091,0
6127258,37,3,0,2.1950939e-06,0,0.0009292003,0
6201592,37,2,0,0.91277105,1,0.71723986,0
6893365,37,1,0,5.8931014e-06,0,0.0021132133,0
8395924,37,2,0,0.68895525,0,0.81016237,0
8715514,37,4,0,1.5496047e-06,0,0.0010465367,0
8893820,37,2,0,0.0,0,0.0,0
8894834,37,7,0,2.0663687e-21,0,1.6488982e-14,0
9291658,37,2,0,0.021294331,0,0.054445524,0
11106276,37,8,0,5.5456253e-14,0,3.02032e-07,0
11109429,37,2,0,8.9787115e-08,0,2.5878337e-05,0
11156016,37,1,0,0.00022229637,0,0.019320803,0
12885908,37,3,0,0.014293801,0,0.0063969167,0
12891978,37,1,0,0.0068353754,0,0.0028306758,0
13088597,37,2,0,9.501723e-10,0,5.1086786e-06,0
13089146,37,1,0,1.5092037e-09,0,1.1137099e-07,0
13735016,37,11,1,0.054747958,0,0.16194406,0
13739107,37,2,0,0.00019983143,0,0.0031590478,0
14835628,37,2,0,0.00019809826,0,0.01930596,0
16441435,37,2,0,4.8644274e-08,0,6.108564e-05,0
16441436,37,1,0,3.639137e-14,0,1.287512e-31,0
19129652,37,2,0,1.872796e-05,0,0.008474122,0
19333117,37,3,0,5.661971e-06,0,0.0010330117,0
20219855,37,2,0,1.4113541e-18,0,0.0,0
20219860,37,3,0,0.13384263,0,0.10529581,0
20219881,37,1,0,8.141843e-06,0,0.0003188374,0
21420923,37,4,0,3.344167e-16,0,1.5436923e-08,0
21498012,37,8,0,3.8194152e-19,0,6.5380377e-09,0
22044483,37,3,0,9.266991e-09,0,7.543398e-06,0
22063301,37,8,0,1.6516266e-11,0,5.309675e-07,0
22063303,37,7,0,1.913593e-12,0,4.7403055e-06,0
22063305,37,3,0,1.7230165e-12,0,8.299219e-06,0
22075265,37,2,0,5.440253e-21,0,0.0,0
22075591,37,2,0,1.86777e-05,0,7.75143e-05,0
22075593,37,2,0,1.3780287e-07,0,0.00013916912,0
22075800,37,2,0,0.08999526,0,0.19951922,0
22111383,37,7,0,1.6417661e-09,0,3.7525058e-06,0
23135269,37,1,0,0.0,0,0.0,0
23332951,37,1,0,0.0003825947,0,2.3969595e-05,0
24092310,37,6,0,1.6828708e-13,0,1.5509931e-06,0
24118138,37,3,0,6.495772e-07,0,0.00034748475,0
24839921,37,2,0,0.0945701,0,0.2198638,0
25101142,37,1,0,6.507862e-18,0,6.6351e-08,0
26936052,37,1,0,0.22467217,0,0.4802266,0
27811117,37,1,0,0.00030674392,0,8.757787e-05,0
28807533,37,1,0,2.3078695e-05,0,0.015771491,0
28809387,37,2,0,0.96511704,1,0.87769854,1
28809392,37,3,0,0.8173758,1,0.7404033,0
28811595,37,1,0,3.2864039e-06,0,0.0020371103,0
28842051,37,2,0,5.5630917e-06,0,0.0030416255,0
28845506,37,2,0,0.07996734,0,0.043775834,0
28858062,37,1,0,1.2836922e-05,0,0.0008114927,0
28858195,37,1,0,0.14243494,0,0.26546723,0
28862543,37,1,1,0.7363316,1,0.6094533,0
28863327,37,2,0,5.4742445e-06,0,0.00033909062,0
28865573,37,2,0,0.00010791447,0,0.008341196,0
28866150,37,2,0,5.2826103e-06,0,0.0016598095,0
28877539,37,1,1,0.042188607,0,0.07074304,0
28878820,37,1,1,0.23868458,0,0.54641634,0
28879339,37,1,1,0.021380402,0,0.12432781,0
28890210,37,1,0,0.0029484944,0,0.0013223559,0
28891484,37,1,0,0.029604807,0,0.15215267,0
28894475,37,1,0,0.7188318,1,0.8452753,1
28895712,37,1,0,0.00018051462,0,0.0047996314,0
28898351,37,1,1,0.08574653,0,0.11605837,0
28898970,37,1,1,0.5484935,0,0.7942894,0
28900174,37,1,1,0.061126217,0,0.045862477,0
28900605,37,1,1,0.3540045,0,0.6466675,0
28902002,37,2,0,0.15980713,0,0.21389227,0
28902293,37,3,0,0.040340185,0,0.38398963,0
28902538,37,2,0,0.012316496,0,0.13469057,0
28903935,37,2,1,0.043731764,0,0.0756502,0
28907492,37,2,1,0.6183121,0,0.52071124,0
28910148,37,2,0,0.48423475,0,0.819451,0
28910727,37,2,0,0.07808421,0,0.13576487,0
28910748,37,2,0,0.56220305,0,0.81235415,0
28910883,37,1,0,0.3170958,0,0.6799574,0
28913542,37,4,0,3.850888e-05,0,0.0042842072,0
28916430,37,5,0,4.315612e-07,0,0.0007191724,0
28919343,37,5,0,0.10823847,0,0.14707348,0
28953279,37,1,1,0.99750644,1,0.99838245,1
28961012,37,2,0,5.509298e-13,0,1.5513858e-10,0
28978090,37,1,0,0.00014374069,0,0.00038362847,0
28991126,37,2,0,0.0011230198,0,0.014777241,0
28997148,37,1,1,0.6977382,0,0.90626353,1
28998355,37,1,0,2.9629765e-20,0,1.06324425e-08,0
29000647,37,6,0,0.04753675,0,0.12986837,0
29007692,37,1,0,0.024328034,0,0.017235175,0
29012168,37,1,0,0.0004965793,0,0.001785206,0
29012183,37,1,0,0.0066146124,0,0.07210001,0
29018863,37,1,0,0.008182634,0,0.01971981,0
29034434,37,2,0,0.19531687,0,0.3838497,0
29035758,37,2,1,0.05274371,0,0.10518202,0
29038601,37,1,0,0.0076328465,0,0.10330166,0
29039759,37,1,0,0.021577513,0,0.041536976,0
29065198,37,1,0,9.18272e-06,0,2.19576e-10,0
29065203,37,3,0,9.76033e-11,0,2.0746834e-08,0
29077889,37,2,0,1.16251895e-11,0,1.7177068e-05,0
29079220,37,5,0,4.704736e-13,0,6.948592e-06,0
29131565,37,90,0,0.0009201484,0,0.0007018934,0
29132309,37,2,0,0.0351994,0,0.18619443,0
29132572,37,1,1,0.17637217,0,0.5532686,0
29132574,37,4,0,0.00046565584,0,0.00254522,0
29132576,37,3,0,2.3417156e-06,0,0.0001362291,0
29132578,37,2,0,0.00173083,0,0.02548814,0
29132580,37,3,0,1.237546e-05,0,0.008142997,0
29132730,37,1,0,1.5982495e-25,0,1.5224129e-21,0
29133201,37,4,0,3.0860562e-07,0,0.0005389852,0
29133205,37,2,1,0.9939341,1,0.9993048,1
29133218,37,2,1,0.88159245,1,0.96789235,1
29140182,37,2,0,0.0,0,0.0,0
29147342,37,4,0,0.0003789781,0,3.989476e-05,0
29147628,37,2,0,0.00010658527,0,5.656293e-08,0
29148599,37,2,0,0.008441427,0,0.19750504,0
29153607,37,3,0,2.9433818e-07,0,0.0,0
29154944,37,1,0,0.0292238,0,0.0026233266,0
29157617,37,48,0,6.412563e-34,0,0.0,0
29157700,37,1,0,6.0926523e-05,0,0.00017088029,0
29157703,37,1,0,0.30336985,0,0.9139331,1
29157706,37,2,0,0.0064026536,0,0.032569803,0
29158039,37,2,0,3.2497735e-22,0,8.163801e-20,0
29158041,37,1,0,0.2655152,0,0.2922791,0
29158820,37,1,0,0.17049956,0,0.08804923,0
29158821,37,1,0,0.03172074,0,0.017143993,0
29158822,37,1,0,0.050612926,0,0.031107664,0
29158824,37,1,0,0.0046673287,0,0.046046663,0
29158849,37,2,0,1.4132289e-05,0,0.0002812575,0
29159333,37,2,0,0.0006430084,0,0.0020018448,0
29159669,37,1,0,0.0033942373,0,0.020219883,0
29159676,37,5,0,0.011425241,0,0.010004565,0
29161611,37,1,1,0.9703325,1,0.94984454,1
29197257,37,1,0,0.00046739817,0,0.017798595,0
29197703,37,2,0,1.0582135e-10,0,1.9558835e-36,0
29197707,37,64,0,4.056913e-35,0,0.0,0
29198297,37,2,0,3.7507345e-06,0,3.1381683e-10,0
29198315,37,2,0,2.4174578e-06,0,0.00168694,0
29198322,37,2,0,1.2860971e-06,0,0.0015225593,0
29198328,37,2,0,5.7478005e-08,0,0.00021392835,0
29198339,37,2,0,3.1290327e-08,0,3.537827e-06,0
29198348,37,3,0,7.59171e-09,0,1.5162062e-06,0
29200748,37,2,0,1.5181684e-20,0,5.369044e-13,0
29200752,37,2,0,1.1964665e-19,0,2.1648423e-13,0
29200754,37,2,0,0.014706135,0,0.50683904,0
29200761,37,2,0,0.06298174,0,0.65519077,0
29201120,37,2,0,8.9209374e-05,0,0.00011217119,0
29201217,37,2,0,0.0048589227,0,0.09412715,0
29201671,37,2,0,5.8360067e-05,0,0.05355621,0
29201674,37,2,0,0.67810357,0,0.035918307,0
29201677,37,2,0,0.07231029,0,0.3059241,0
29201784,37,2,0,0.060866702,0,0.51309764,0
29202270,37,2,0,1.5066528e-20,0,9.760327e-19,0
29202274,37,2,0,1.4589823e-22,0,4.1057944e-15,0
29202276,37,3,0,9.891573e-15,0,1.5736014e-12,0
29202282,37,2,0,2.4422746e-21,0,2.6257742e-19,0
29207064,37,2,0,0.0020195164,0,0.018008027,0
29207925,37,2,0,0.0017296976,0,0.008126654,0
29208718,37,2,0,0.037656844,0,0.0417531,0
29211512,37,1,0,0.034182884,0,0.13200392,0
29211516,37,2,0,0.0014863152,0,0.010148713,0
29216827,37,1,0,7.013124e-25,0,0.0,0
29217943,37,1,0,0.0010748683,0,0.16971438,0
29223839,37,3,0,6.8323738e-09,0,1.4669793e-05,0
29224329,37,1,0,0.00020231187,0,0.0016912709,0
29225467,37,1,0,0.0038337526,0,0.22072844,0
29226430,37,1,0,6.728041e-23,0,0.0,0
29226839,37,1,0,0.0006669638,0,0.003101464,0
29230449,37,2,0,9.289794e-22,0,0.0,0
29234681,37,2,0,1.0533649e-24,0,0.0,0
29235826,37,1,0,0.05494931,0,0.21361709,0
29239488,37,1,0,0.021357538,0,0.96348125,1
29239643,37,2,0,4.8747806e-24,0,0.0,0
29239676,37,2,0,1.5333445e-24,0,0.0,0
29240276,37,1,0,0.07975414,0,0.9835194,1
29250236,37,2,0,0.037594337,0,0.045273934,0
29256869,37,2,0,8.326166e-24,0,0.0,0
29258261,37,3,0,4.188608e-24,0,0.0,0
29260338,37,3,0,0.0015683345,0,0.032549553,0
29262533,37,2,0,1.2106785e-23,0,0.0,0
29263104,37,3,0,2.5238276e-06,0,2.9449166e-05,0
29265718,37,1,0,0.44219428,0,0.11882168,0
29265730,37,3,0,0.4726021,0,0.69493717,0
29300677,37,1,1,0.9902794,1,0.99817324,1
29303151,37,2,0,4.390138e-06,0,3.5792231e-09,0
29427579,37,1,0,0.0,0,0.0,0
29433668,37,1,0,0.001147905,0,0.0284168,0
29441006,37,2,0,0.95670855,1,0.1512003,0
29484596,37,1,0,0.0006565884,0,0.0024115627,0
29487690,37,2,0,0.49037346,0,0.29995158,0
29489272,37,2,0,0.0013194656,0,0.0028628714,0
29490461,37,2,0,0.00035094176,0,0.013919444,0
29491928,37,1,0,0.00043727626,0,0.0076927086,0
29491994,37,1,0,5.9023434e-36,0,4.2989367e-35,0
29496153,37,1,0,2.0469998e-19,0,1.2673983e-07,0
29498692,37,1,0,0.072445065,0,0.09329479,0
29499895,37,1,0,1.2194223e-05,0,0.0024433113,0
29500517,37,2,0,0.004994532,0,0.03158637,0
29501882,37,2,0,5.026883e-05,0,0.012962519,0
29502018,37,2,0,6.059183e-22,0,9.3005354e-30,0
29507998,37,2,0,6.6395293e-20,0,2.2296329e-13,0
29508038,37,2,0,0.006789022,0,0.0010218059,0
29509489,37,1,0,2.4534727e-05,0,0.00040746626,0
29514101,37,1,0,1.842203e-22,0,2.3840462e-19,0
29520081,37,1,0,2.5599296e-22,0,2.728914e-20,0
29525354,37,1,0,0.1507539,0,0.10971674,0
29531000,37,1,0,3.7149863e-07,0,3.2183614e-06,0
29531724,37,1,0,4.3636665e-22,0,5.4226885e-19,0
29537395,37,1,0,0.66060597,0,0.3270548,0
29537769,37,1,0,0.16282536,0,0.13136268,0
29541260,37,1,0,0.0038637763,0,0.004562775,0
29568489,37,1,0,4.1091272e-07,0,0.0019651458,0
29568513,37,1,0,0.0002608929,0,1.3321854e-06,0
29569824,37,2,0,4.6906857e-06,0,4.1533873e-05,0
29569841,37,2,0,2.2439213e-09,0,0.0072710854,0
29571342,37,1,0,1.3522883e-06,0,1.2406345e-07,0
29576079,37,1,0,0.86550665,1,0.6835114,0
29576091,37,2,0,0.46378258,0,0.06787292,0
29576108,37,3,0,0.8194741,1,0.22830272,0
29576771,37,2,0,0.700095,0,0.22364387,0
29576784,37,2,0,0.9132616,1,0.63109905,0
29577198,37,2,0,0.8002916,1,0.34341753,0
29577804,37,2,0,0.82169926,1,0.705323,0
29578030,37,2,0,0.5322212,0,0.45331535,0
29578035,37,2,0,0.89858043,1,0.60367024,0
29579038,37,2,0,0.7653015,1,0.19565232,0
29579043,37,2,0,0.98768914,1,0.68616486,0
29581775,37,1,1,0.9471511,1,0.9632293,1
29607229,37,1,0,2.3376056e-18,0,6.9370984e-08,0
29611862,37,1,1,0.99746597,1,0.9986603,1
29613853,37,2,0,0.00015931578,0,0.00070836634,0
29615095,37,2,1,0.65945053,0,0.8313069,1
29615279,37,6,0,1.3229277e-07,0,0.00046826064,0
29617354,37,1,0,0.0018033973,0,0.0019488677,0
29617384,37,1,0,0.004802923,0,0.006049919,0
29621967,37,1,0,0.0037273688,0,0.062612765,0
29642182,37,1,0,1.91579e-06,0,2.4126919e-05,0
29650728,37,1,0,2.3596749e-05,0,0.0049137757,0
29650831,37,2,0,0.000599569,0,0.0005796968,0
29653130,37,1,0,0.00017019812,0,0.026565112,0
29653132,37,1,0,0.071217015,0,0.15859082,0
29654784,37,1,0,0.15979554,0,0.28787422,0
29702068,37,1,0,2.7107431e-05,0,0.008111458,0
29703671,37,2,0,2.5532138e-08,0,6.236556e-05,0
29708059,37,5,0,0.00065049186,0,0.03405653,0
29732317,37,2,0,0.966342,1,0.84083676,1
29735405,37,2,0,9.90294e-22,0,5.9144647e-15,0
29745091,37,1,0,3.2024482e-07,0,0.000229007,0
29752841,37,1,0,0.0074430937,0,0.001400541,0
29754622,37,1,0,0.00081529183,0,0.012702904,0
29803506,37,1,0,0.5303871,0,0.16339266,0
29820678,37,2,0,0.9102818,1,0.62384814,0
29848936,37,2,0,4.908179e-07,0,0.00018524041,0
29850436,37,2,0,0.020413537,0,0.0009863512,0
29850440,37,4,0,0.013583159,0,0.012250768,0
29851848,37,3,0,0.7382059,1,0.00013467006,0
29851856,37,2,0,0.9800143,1,0.9544446,1
29852791,37,2,0,0.9300522,1,0.7985301,0
29854235,37,2,0,0.9785856,1,0.9816496,1
29866188,37,1,0,0.9350832,1,0.7894193,0
29868010,37,1,0,0.0051379316,0,0.0019247826,0
29869285,37,1,0,0.35640794,0,0.5575252,0
29870304,37,1,0,0.010768707,0,0.010441091,0
29870940,37,1,0,0.47850806,0,0.743664,0
29962122,37,2,1,0.8562407,1,0.89605397,1
29965901,37,4,0,0.45083997,0,0.13574016,0
29986693,37,1,0,6.331544e-20,0,1.7200372e-17,0
29986772,37,1,0,6.622982e-05,0,2.9720435e-05,0
29991566,37,1,0,4.658404e-05,0,0.0007163829,0
29994924,37,1,0,0.55607283,0,0.8712021,1
29996898,37,1,0,3.697176e-07,0,1.7906783e-05,0
29999304,37,2,0,0.0037386902,0,0.018825827,0
30002374,37,3,0,0.5247742,0,0.8423426,1
30002389,37,2,0,0.0011474469,0,0.0023627733,0
30002391,37,1,0,0.00013408193,0,0.006522234,0
30002397,37,1,0,0.12254358,0,0.09461718,0
30002603,37,1,0,1.3162935e-06,0,9.842608e-06,0
30003202,37,1,0,0.00085381983,0,0.00804829,0
30003766,37,7,0,0.078865655,0,0.019667342,0
30060590,37,46,0,0.010321297,0,0.010881948,0
30060601,37,1,0,0.99955267,1,0.9969043,1
30060606,37,1,0,0.00020703943,0,0.0017607597,0
30061037,37,1,0,0.0027591765,0,0.019948369,0
30061066,37,2,1,0.14856485,0,0.43369624,0
30061071,37,3,0,4.5457287e-09,0,1.5175153e-11,0
30068694,37,3,0,0.002211658,0,0.013515806,0
30068696,37,2,0,0.0005608265,0,0.0049256342,0
30072068,37,1,0,0.01020143,0,0.010099164,0
30072090,37,2,0,1.482867e-24,0,1.061595e-15,0
30072092,37,2,0,1.99426e-23,0,1.5571358e-15,0
30072104,37,2,0,1.347802e-19,0,4.3956446e-14,0
30082772,37,2,0,4.218241e-16,0,2.0072574e-12,0
30083182,37,2,0,1.8724598e-18,0,1.1364596e-12,0
30083187,37,2,0,0.024813866,0,0.019234717,0
30083195,37,2,0,0.13048916,0,0.045268197,0
30085664,37,1,0,7.8088465e-07,0,1.8513148e-05,0
30088616,37,2,0,0.0001945221,0,3.4698223e-05,0
30094922,37,1,0,0.00030802455,0,0.0777089,0
30095211,37,1,0,0.0015796624,0,0.0006234136,0
30113950,37,1,0,0.00038553603,0,0.00010842979,0
30113955,37,3,0,0.006146176,0,0.0071701715,0
30115034,37,1,0,0.0094126025,0,0.048190843,0
30115063,37,1,0,0.035339557,0,0.15027156,0
30116076,37,2,0,0.39886007,0,0.35914546,0
30118068,37,2,0,0.00015354174,0,0.009557191,0
30120627,37,1,0,0.0037950831,0,0.0044980957,0
30126876,37,3,0,0.032483663,0,0.0719508,0
30133493,37,2,0,0.7496275,1,0.87858176,1
30151745,37,121,0,5.7486766e-08,0,1.2056344e-19,0
30152588,37,1,0,0.00096142583,0,0.042223215,0
30152597,37,1,0,0.009655035,0,0.015151548,0
30158167,37,1,0,6.597042e-19,0,2.7772083e-07,0
30164112,37,2,0,1.1580795e-05,0,0.00025928332,0
30165215,37,2,0,0.011470765,0,0.0068139145,0
30166073,37,2,0,5.5164583e-06,0,0.00017479317,0
30166084,37,2,0,1.9231506e-06,0,0.00022349859,0
30166094,37,2,0,3.709766e-05,0,0.0005592787,0
30166097,37,2,0,6.5272684e-07,0,7.589868e-05,0
30166102,37,2,0,4.300527e-05,0,4.625112e-05,0
30166109,37,2,0,1.7469984e-12,0,4.162694e-08,0
30166709,37,2,0,2.5849527e-05,0,1.4499069e-06,0
30166717,37,3,0,3.7534255e-07,0,2.7392818e-05,0
30166724,37,2,0,7.886689e-07,0,0.000117949116,0
30166728,37,2,0,1.3483128e-05,0,2.0743468e-05,0
30166731,37,2,0,4.8846647e-05,0,0.00011674588,0
30166744,37,2,0,1.1710869e-05,0,0.0001327449,0
30166755,37,2,0,2.8821355e-06,0,8.0780934e-05,0
30167453,37,2,0,6.4839037e-06,0,8.556889e-05,0
30167458,37,2,0,6.5038024e-05,0,0.00016415711,0
30167462,37,2,0,0.00015724452,0,0.0024185947,0
30167470,37,2,0,6.6097377e-06,0,0.0057740347,0
30167815,37,2,0,0.00026001112,0,0.0030447012,0
30167824,37,2,0,4.2716492e-06,0,0.00023009522,0
30167830,37,2,0,1.745743e-05,0,0.00039643515,0
30167841,37,2,0,1.8204097e-12,0,4.1246135e-09,0
30171477,37,2,0,0.057168897,0,0.03921648,0
30171560,37,2,0,0.05445484,0,0.0069047995,0
30172054,37,2,0,0.0045203525,0,0.046264086,0
30172062,37,2,0,0.50664175,0,0.0098856045,0
30172094,37,2,0,0.15524206,0,0.49453905,0
30172105,37,2,0,0.31644893,0,0.5392336,0
30172114,37,3,0,0.05763214,0,0.025891509,0
30173115,37,2,0,0.9896882,1,0.9405023,1
30173122,37,2,0,0.5272124,0,0.77428424,0
30173547,37,3,0,0.66544807,0,0.45504457,0
30173550,37,3,0,0.36849827,0,0.06482473,0
30179316,37,177,1,0.9509881,1,0.7376213,0
30179829,37,1,0,0.0023151976,0,0.026525518,0
30179874,37,1,0,0.0060409503,0,0.0051326696,0
30185168,37,1,0,4.683306e-06,0,0.006323925,0
30191354,37,5,0,0.014302651,0,0.2743809,0
30204549,37,1,1,0.96573377,1,0.9810433,1
30204891,37,2,1,0.703242,0,0.8294775,0
30217241,37,2,0,0.011812051,0,0.0072329696,0
30276715,37,129,0,1.8472568e-06,0,3.1488894e-28,0
30299014,37,2,0,2.647333e-07,0,2.888041e-05,0
30585806,37,1,1,0.9456786,1,0.94674194,1
30585811,37,1,1,0.8869707,1,0.9973984,1
30585812,37,1,1,0.9162131,1,0.99621236,1
30659979,37,9,0,0.022397818,0,0.12141445,0
30699343,37,241,0,3.7685607e-10,0,1.8169305e-12,0
30712080,37,1,0,0.5837402,0,0.82179147,0
30839686,37,9,0,0.056282017,0,0.08844921,0
30840634,37,8,0,0.14382914,0,0.2550251,0
30846014,37,63,0,1.2409379e-06,0,1.030159e-05,0
30861039,37,105,0,6.0308034e-06,0,0.00057370163,0
30900997,37,2,0,9.452348e-08,0,1.36279e-05,0
30921441,37,2,0,0.54080087,0,0.5535446,0
30971775,37,2,0,0.32919627,0,0.012402829,0
30998360,37,1,0,0.013125538,0,0.0010936215,0
31014962,37,2,0,0.9622909,1,0.86856407,1
31020045,37,1,0,1.06329835e-05,0,0.0023410623,0
31730726,37,1,1,0.22939776,0,0.43315697,0
31779594,37,1,0,2.6509105e-15,0,3.6191207e-06,0
33503835,37,1,0,5.1689514e-22,0,3.8311406e-15,0
33917980,37,2,0,1.1207506e-22,0,2.0265445e-17,0
35335659,37,1,0,0.35527006,0,0.15906356,0
35793819,37,1,0,0.00010225977,0,5.2011974e-06,0
36584676,37,1,0,0.0057861796,0,0.04029358,0
36742734,37,1,1,0.9622985,1,0.999298,1
38396553,37,2,0,5.9462404e-06,0,7.2485245e-06,0
38396555,37,2,0,2.0947034e-06,0,0.00029782782,0
38406946,37,2,0,4.291404e-05,0,0.000996403,0
38859272,37,1,0,0.00033945512,0,0.0045711165,0
38860323,37,1,0,0.00029145592,0,0.0015061379,0
38860328,37,2,0,1.6778164e-17,0,0.0,0
38861661,37,1,0,0.034699846,0,0.066258974,0
38863760,37,1,0,0.036806088,0,0.07015264,0
38881714,37,12,0,9.025362e-05,0,0.0,0
38882098,37,2,0,2.3173493e-06,0,7.8184145e-05,0
38882122,37,2,0,1.5176518e-05,0,0.0013519923,0
38882130,37,2,0,5.9630536e-09,0,5.5171054e-06,0
38882139,37,2,0,9.12829e-06,0,0.00022105842,0
38882145,37,2,0,1.2474899e-05,0,0.002684425,0
38882277,37,2,0,2.6999642e-11,0,8.8281925e-33,0
38882284,37,2,0,1.744327e-05,0,0.002267951,0
38882290,37,3,0,1.5824791e-05,0,0.015725445,0
38882296,37,2,0,1.5400079e-06,0,0.0009634594,0
38886817,37,2,0,0.525673,0,0.7946834,0
38886822,37,3,0,0.28840876,0,0.14407223,0
38886849,37,3,0,0.82720995,1,0.62324905,0
38895342,37,1,0,0.027096063,0,0.0020886362,0
38915630,37,3,0,0.5199765,0,0.1485024,0
38963348,37,1,0,0.008271895,0,0.0054034363,0
38963435,37,1,0,3.1421473e-20,0,1.7657687e-08,0
39055134,37,1,0,0.00020962169,0,0.000598056,0
39055136,37,1,0,8.344921e-07,0,1.4084419e-05,0
39634992,37,1,1,0.9833961,1,0.99477273,1
39645446,37,1,0,0.008719628,0,0.017378896,0
39660882,37,2,0,5.623065e-07,0,2.6194543e-06,0
39661038,37,2,0,6.018497e-08,0,2.269169e-05,0
39661046,37,2,0,7.163547e-08,0,3.429353e-05,0
39661890,37,2,0,1.3700114e-08,0,2.0071868e-06,0
39662525,37,2,0,2.880806e-07,0,9.748622e-06,0
39662693,37,2,0,9.9854404e-08,0,1.1888472e-05,0
39662729,37,2,0,2.4674502e-05,0,2.4276313e-05,0
39662735,37,2,0,2.9162011e-08,0,2.7998549e-06,0
39663342,37,2,0,7.293008e-07,0,6.7167457e-06,0
39663353,37,2,0,1.0884811e-06,0,0.00053070526,0
39663531,37,1,0,2.145862e-09,0,1.690593e-05,0
39667347,37,2,0,0.01748612,0,0.0013036211,0
39673149,37,2,0,0.9187548,1,0.9147898,1
39675637,37,2,0,0.7247994,1,0.34289888,0
39676134,37,3,0,0.7057514,0,0.10732558,0
39676162,37,2,0,0.34169978,0,0.7758995,0
39676169,37,1,0,0.9818958,1,0.91645324,1
39676971,37,1,1,0.87178636,1,0.9819562,1
39680719,37,4,0,0.1074304,0,0.34130844,0
39684200,37,1,1,0.9962314,1,0.0,0
39686670,37,2,0,0.6542594,0,0.040846013,0
39686681,37,2,0,0.8551815,1,0.4110084,0
39687372,37,2,0,0.83569026,1,0.65509766,0
39687411,37,1,1,0.9902762,1,0.9979163,1
39692773,37,29,0,0.0072116414,0,0.0,0
39693929,37,1,0,6.8322192e-06,0,7.024903e-06,0
39718260,37,1,0,0.0063366126,0,7.532744e-06,0
39724214,37,1,1,0.96700203,1,0.9978345,1
39728377,37,1,1,0.96710724,1,0.9978393,1
39747107,37,1,1,0.9807602,1,0.9754195,1
39766837,37,1,1,0.015752511,0,0.025212226,0
40853357,37,1,0,0.0037224388,0,0.0,0
46264848,37,2,0,4.2097767e-05,0,0.0017764042,0
332928,38,1,0,0.29957938,0,0.5413127,0
344903,38,1,0,0.02184749,0,0.07699956,0
1061971,38,6,0,6.594521e-13,0,2.5719345e-07,0
1119474,38,3,0,7.2084076e-05,0,0.00014924964,0
1386485,38,3,0,3.4727532e-06,0,3.888492e-05,0
1396330,38,1,0,5.9823776e-08,0,1.25199385e-05,0
2089013,38,1,0,8.8279936e-05,0,0.0058170166,0
2343907,38,7,0,2.8936924e-07,0,0.00070556323,0
3000362,38,1,0,3.6316396e-07,0,0.0049807667,0
3884437,38,1,0,0.004679092,0,0.028208626,0
3955089,38,7,0,3.2397126e-13,0,1.3633767e-06,0
4384743,38,1,0,0.0023247069,0,0.016337201,0
4450188,38,2,0,1.1709172e-05,0,0.0007490473,0
4781655,38,3,0,0.07834941,0,0.0069598793,0
5687299,38,2,0,4.795542e-10,0,1.7288468e-08,0
6060482,38,23,0,0.0,0,0.0,0
6135217,38,2,0,7.801676e-11,0,1.3552001e-08,0
6239780,38,1,0,8.2199483e-07,0,1.1540752e-05,0
6368275,38,1,0,6.779497e-06,0,0.0013544313,0
7128970,38,1,0,1.3074641e-22,0,4.6451746e-20,0
7404129,38,5,0,8.405115e-06,0,0.0004067743,0
8127357,38,1,0,7.3976654e-13,0,3.2793043e-08,0
8149444,38,1,0,0.34840676,0,0.31311068,0
8281289,38,1,0,3.2756373e-14,0,1.1285688e-12,0
8845038,38,1,0,0.00015819966,0,0.0028622618,0
9186862,38,2,0,5.042761e-05,0,0.0011183886,0
9376210,38,8,0,1.3554122e-19,0,0.0,0
11866994,38,1,0,6.5981054e-17,0,1.1487576e-06,0
12829371,38,1,1,0.88340646,1,0.99603844,1
12829644,38,1,1,0.9907486,1,0.99884087,1
12829702,38,1,1,0.99092567,1,0.999863,1
12829709,38,1,1,0.9385786,1,0.9767883,1
12830001,38,1,1,0.9877413,1,0.99935645,1
12830002,38,1,1,0.93821955,1,0.97666067,1
12830011,38,1,1,0.88722163,1,0.99614525,1
12830017,38,1,1,0.99133563,1,0.99941933,1
12830020,38,1,1,0.9381994,1,0.9766118,1
12830021,38,1,1,0.9907891,1,0.0,0
12830057,38,1,1,0.9388808,1,0.9768503,1
12830061,38,1,1,0.98587716,1,0.99923074,1
12830069,38,1,1,0.9880773,1,0.9997396,1
12830383,38,1,1,0.8875845,1,0.9961617,1
12830385,38,1,1,0.8884592,1,0.9961796,1
12830801,38,1,1,0.99055934,1,0.9972007,1
13227997,38,2,0,0.00069690903,0,0.0034933682,0
13785728,38,1,0,1.1623892e-24,0,0.0,0
15122642,38,2,0,1.7524988e-05,0,4.1416126e-05,0
15183331,38,2,0,8.586393e-06,0,0.00034401586,0
17753526,38,2,0,7.2881146e-10,0,9.9748185e-08,0
17887663,38,1,0,8.8573776e-24,0,0.0,0
18289552,38,2,0,0.0009765709,0,0.08889644,0
19601398,38,10,0,1.6948241e-10,0,8.165341e-06,0
20406025,38,2,0,0.83019334,1,0.4504888,0
20678458,38,5,0,4.4815767e-08,0,0.00011533409,0
21677972,38,1,1,0.96570164,1,0.9721085,1
21677974,38,1,1,0.21234515,0,0.53544986,0
22156511,38,3,0,0.00014807943,0,0.0027005328,0
24452622,38,23,0,0.4145421,0,0.6033517,0
24466467,38,2,0,2.6902263e-20,0,6.364509e-18,0
24663119,38,1,0,0.00073698844,0,0.0030177224,0
25451187,38,1,0,0.12466752,0,0.4380985,0
26135292,38,2,0,6.3898384e-05,0,0.008271136,0
26539290,38,1,0,8.554434e-23,0,0.0,0
27677611,38,3,0,1.2805928e-07,0,3.2374282e-05,0
27677612,38,2,0,0.0063226605,0,0.0011990886,0
28201734,38,2,0,0.8600123,1,0.20849772,0
28203115,38,2,0,5.984117e-05,0,0.0021637762,0
28226984,38,2,0,0.047273748,0,0.004753661,0
28227172,38,1,0,2.2690607e-16,0,5.1980453e-07,0
28228628,38,3,0,1.0714263e-05,0,0.00020717272,0
28228835,38,2,0,1.3695255e-08,0,2.0542489e-10,0
28228839,38,2,0,3.3809058e-06,0,0.00080340507,0
28229177,38,2,0,0.551505,0,0.23320988,0
28493495,38,2,0,0.14280906,0,0.042495847,0
28669491,38,2,0,1.1775959e-05,0,6.885513e-05,0
29626166,38,4,0,4.352318e-05,0,7.274645e-05,0
30448826,38,4,0,0.0006999603,0,4.7129943e-05,0
30720338,38,3,0,0.76029235,1,0.6853924,0
30720340,38,2,0,0.23726462,0,0.2428487,0
30755419,38,1,0,0.00015876468,0,0.0005964204,0
30897741,38,1,0,0.00082522724,0,0.00047488615,0
31000876,38,5,0,7.897611e-06,0,0.00027116676,0
31319565,38,1,1,0.44260156,0,0.6136279,0
31319567,38,1,1,0.9598959,1,0.99378115,1
31319568,38,1,1,0.76986593,1,0.21738282,0
31837161,38,2,0,3.3614066e-05,0,0.014105878,0
32075968,38,2,0,0.07233799,0,0.12920345,0
32942675,38,2,0,0.9116721,1,0.7083258,0
32964065,38,2,0,0.8548452,1,0.56952316,0
33557201,38,1,0,2.8597697e-19,0,0.0,0
33570524,38,2,0,0.59382206,0,0.48277757,0
36686206,38,1,0,2.1220819e-26,0,0.0,0
37013075,38,2,0,4.418372e-06,0,2.3908364e-05,0
37045557,38,4,0,4.415059e-12,0,1.2030282e-05,0
38996039,38,3,0,0.0038235483,0,0.057043202,0
39012183,38,1,0,0.009413416,0,0.00049452076,0
39029147,38,2,0,0.73032635,1,0.3225397,0
39039425,38,2,0,0.004497891,0,0.037730202,0
39432930,38,2,0,0.6784772,0,0.66655904,0
39652286,38,2,0,0.42428786,0,0.25664154,0
39997296,38,2,0,0.13311394,0,0.03491289,0
40022007,38,2,0,0.06775889,0,0.017634368,0
40467476,38,1,1,0.32053518,0,0.010604876,0
40467477,38,1,1,0.9795467,1,0.9903936,1
40467480,38,1,1,0.9667642,1,0.9338158,1
40467486,38,1,1,0.2174508,0,0.008982677,0
40467487,38,1,1,0.3168933,0,0.01041308,0
40467495,38,1,1,0.32193333,0,0.0106055355,0
40467500,38,2,1,0.93601483,1,0.9468162,1
40467520,38,1,1,0.3206711,0,0.010602604,0
40467521,38,1,1,0.31791702,0,0.010455417,0
40722900,38,6,0,1.1580379e-18,0,1.467616e-17,0
40813849,38,5,0,3.486709e-08,0,3.681003e-05,0
42363278,38,2,0,0.9903093,1,0.6945163,0
42641146,38,2,0,0.005918131,0,0.0043611913,0
42789519,38,2,0,0.06836899,0,0.31375805,0
43103633,38,8,0,3.8846494e-15,0,1.5795501e-07,0
44515832,38,4,0,6.27965e-08,0,6.002372e-05,0
44570397,38,1,0,0.02373657,0,0.10986179,0
44914114,38,2,0,0.9296764,1,0.8350899,1
46544927,38,2,0,4.2685256e-06,0,2.9498691e-05,0
46544929,38,2,0,6.4711044e-06,0,1.8752247e-05,0
46544936,38,1,0,0.0016314813,0,0.016144501,0
46544950,38,2,0,0.00061687164,0,0.0016580849,0
47224248,38,2,1,0.9009071,1,0.9378625,1
47224250,38,1,1,0.947738,1,0.97825617,1
47667791,38,2,0,0.01008701,0,0.00041754876,0
48547471,38,1,0,0.19901691,0,0.08947947,0
49146255,38,4,0,5.601014e-05,0,0.0016363607,0
53136217,38,3,0,3.379671e-09,0,2.1363783e-06,0
53362505,38,2,0,7.333415e-11,0,9.334334e-08,0
54066382,38,1,0,0.0046008965,0,0.057805587,0
54066383,38,1,0,3.125701e-05,0,0.0003825699,0
55274937,38,3,0,1.700085e-05,0,0.013844891,0
55274950,38,2,0,0.122639135,0,0.077529795,0
55275135,38,2,0,0.1025405,0,0.05600282,0
56383979,38,2,0,9.992917e-05,0,0.0009252539,0
56571507,38,3,0,0.0010861994,0,0.00013863322,0
56638263,38,3,0,4.436535e-07,0,0.00010822609,0
57342969,38,2,0,0.3192159,0,0.56981546,0
57658988,38,1,0,0.00015323855,0,0.0139230965,0
58590872,38,2,0,0.9022898,1,0.69903994,0
58738358,38,2,0,7.944931e-07,0,5.5651086e-05,0
59322728,38,2,0,5.8888766e-08,0,2.0348082e-07,0
60277582,38,1,0,0.015039542,0,0.0053733196,0
60710228,38,1,0,5.6772347e-05,0,0.0006951062,0
60980911,38,2,0,0.9649065,1,0.97283995,1
61317530,38,1,1,4.7368798e-05,0,8.675722e-05,0
61775673,38,8,0,3.6215148e-05,0,2.1590728e-05,0
62097591,38,1,0,0.0051359087,0,0.03486457,0
62134772,38,2,0,2.9094453e-08,0,3.5483085e-05,0
62156759,38,1,0,0.058565542,0,0.03562187,0
62229594,38,2,0,0.9998888,1,0.93634665,1
62302746,38,1,0,0.0018822638,0,0.020012263,0
63407348,38,2,0,0.017120235,0,0.03300233,0
63501805,38,1,0,1.00020195e-23,0,0.0,0
64405787,38,1,0,0.020810392,0,0.10821219,0
65733573,38,2,0,0.24348263,0,0.110958666,0
66750274,38,4,0,1.928825e-05,0,0.0037507727,0
67790675,38,2,0,0.015317231,0,0.053451456,0
67791283,38,2,0,5.475152e-05,0,0.00050709443,0
68471582,38,1,0,1.269995e-24,0,1.5415813e-21,0
68527875,38,2,0,0.030990813,0,0.02339707,0
68821525,38,1,0,1.6037949e-14,0,4.219972e-12,0
69476252,38,8,0,5.228647e-10,0,1.2766468e-05,0
70263261,38,1,0,6.349072e-06,0,0.08745391,0
70368598,38,1,0,0.096753746,0,0.12407913,0
70899975,38,5,0,3.60316e-05,0,0.0006000941,0
74054280,38,1,0,8.975754e-22,0,0.0,0
74816463,38,1,1,0.93692666,1,0.9765861,1
74816464,38,1,1,0.930068,1,0.95408344,1
76126924,38,1,0,0.0025450615,0,0.0012850924,0
76178842,38,2,0,0.9303796,1,0.87781,1
76469733,38,1,0,0.0051877657,0,0.057823297,0
77531247,38,2,0,5.7463272e-05,0,0.02208178,0
78115825,38,2,0,0.014650248,0,0.12698239,0
79143470,38,1,0,0.062035624,0,0.016095487,0
81117054,38,2,0,7.5166804e-07,0,0.0006092745,0
82002608,38,6,0,0.0004886192,0,5.999074e-11,0
84944159,38,2,0,4.0715236e-07,0,4.951308e-05,0
85734196,38,2,0,0.88337785,1,0.7271624,0
86275329,38,2,0,0.9524913,1,0.81861866,0
86347642,38,1,0,0.034651313,0,0.06271236,0
86954963,38,2,0,8.430944e-07,0,2.329445e-06,0
88151584,38,1,0,0.040038586,0,0.034841795,0
88261666,38,1,1,0.39654553,0,0.28592658,0
88288504,38,1,0,0.00019629979,0,0.0008085578,0
88288539,38,1,0,8.1118575e-05,0,0.0004013961,0
88290986,38,1,0,0.00036018825,0,7.3218456e-05,0
88303648,38,1,0,0.00012310065,0,0.00012676472,0
88433177,38,1,0,0.01053235,0,0.016059779,0
88451222,38,1,0,0.013624558,0,0.09381041,0
88469321,38,2,0,3.299001e-07,0,0.00031596574,0
88822941,38,2,0,9.7112975e-09,0,3.066088e-05,0
91060355,38,2,0,0.9431384,1,0.67353743,0
92554092,38,1,0,0.026458703,0,0.030491479,0
96508393,38,1,0,0.0006995248,0,0.019466609,0
97592518,38,1,0,9.2731575e-21,0,0.0,0
97660090,38,2,0,4.345853e-13,0,5.4942594e-32,0
98887628,38,1,0,9.069505e-23,0,2.0119753e-20,0
98980159,38,1,0,0.16554046,0,0.17060183,0
100252268,38,3,0,3.6804973e-05,0,3.0633603e-07,0
100474142,38,1,0,7.34681e-23,0,0.0,0
100648437,38,1,0,0.002616975,0,0.02453949,0
100724438,38,2,0,0.6864978,0,0.80711037,0
104313316,38,8,0,0.030315723,0,0.052203707,0
110026126,38,1,0,1.2729437e-05,0,0.0015749774,0
112694396,38,2,0,0.21704325,0,0.16458349,0
112920133,38,1,0,0.4421249,0,0.8919947,1
112967869,38,2,0,8.531129e-24,0,0.0,0
112997653,38,1,0,0.0014060837,0,0.009222733,0
113003834,38,3,0,0.114229016,0,0.0006914799,0
113054794,38,1,0,1.1694642e-05,0,0.0,0
113055065,38,1,0,0.0017850633,0,0.017053755,0
114005569,38,3,0,0.01214844,0,0.34654137,0
114088682,38,3,0,1.3787199e-05,0,0.002548121,0
114436378,38,2,0,6.0587048e-12,0,2.5689607e-07,0
114447297,38,2,0,0.0001605628,0,0.0001252718,0
114464849,38,1,0,2.6280301e-18,0,2.2390925e-18,0
114465984,38,1,0,0.049487654,0,0.32589275,0
114468688,38,1,0,0.010016185,0,0.0072457176,0
114469775,38,2,0,0.08606438,0,0.22358593,0
114471864,38,1,0,1.1180848e-09,0,0.0010117495,0
114472095,38,1,0,8.024206e-07,0,0.026960501,0
114472101,38,2,0,6.868916e-07,0,0.024496028,0
114472735,38,1,0,3.7215135e-12,0,0.00024456135,0
114476019,38,2,0,0.0063220793,0,0.010885942,0
114479506,38,2,0,0.34039786,0,0.44140178,0
114481812,38,1,0,1.8478397e-08,0,8.9903125e-08,0
114488187,38,2,1,0.010469274,0,0.019503104,0
114488570,38,1,0,0.0,0,0.0,0
114497010,38,2,0,0.96423864,1,0.79628336,0
114497093,38,1,0,0.7249978,1,0.33926138,0
114497355,38,2,0,0.9432363,1,0.7589783,0
114497358,38,3,0,0.25759163,0,0.9240513,1
114497371,38,2,0,0.7679143,1,0.39245468,0
114497377,38,2,0,0.9268327,1,0.8142449,0
114497382,38,2,0,0.8710049,1,0.81520057,0
114497389,38,2,0,0.86760086,1,0.86640817,1
114497394,38,2,0,0.60924166,0,0.765441,0
114497399,38,3,0,0.8945402,1,0.8567612,1
114497403,38,3,0,0.19972034,0,0.17915443,0
114497406,38,2,0,0.6800865,0,0.5502256,0
114497412,38,2,0,0.6808985,0,0.79914564,0
114497427,38,2,0,0.7866747,1,0.8218181,0
114497431,38,2,0,0.91170365,1,0.8628146,1
114497436,38,3,0,0.70220125,0,0.6481452,0
114497438,38,2,0,0.6609249,0,0.5885349,0
114497442,38,2,0,0.69916,0,0.7626232,0
114497450,38,3,0,0.8464703,1,0.7919702,0
114497721,38,2,0,0.43711686,0,0.19302692,0
114497725,38,2,0,0.76779556,1,0.62188387,0
114499205,38,1,1,0.96054065,1,0.97668606,1
114507940,38,2,1,0.2131799,0,0.29625058,0
114514658,38,1,0,0.012869398,0,0.012531726,0
114521942,38,2,0,4.755191e-18,0,2.467887e-07,0
114528470,38,1,0,3.0209167e-15,0,2.6312287e-19,0
114538747,38,1,0,0.0024605517,0,0.0015760545,0
114548633,38,1,0,0.032103308,0,0.06607096,0
114549683,38,1,0,0.07375277,0,0.24757133,0
114558980,38,2,0,0.00053910055,0,0.00535937,0
114559941,38,2,0,0.06281588,0,0.17142984,0
114560432,38,1,0,0.004135297,0,0.15448146,0
114565898,38,1,0,6.198994e-05,0,3.3037733e-05,0
114571127,38,1,0,0.00066536706,0,0.0023221937,0
114598077,38,2,0,6.331741e-05,0,0.0066597895,0
114600470,38,2,0,0.00042104113,0,0.029351737,0
114602932,38,1,0,0.99983835,1,0.99920964,1
114603374,38,1,0,0.011507308,0,0.0047472697,0
114603376,38,1,0,9.648671e-07,0,1.2058376e-05,0
114603391,38,1,0,0.00036123738,0,0.0008577111,0
114603911,38,1,0,0.016363742,0,0.005818688,0
114603961,38,1,0,3.8756566e-06,0,7.263534e-06,0
114604129,38,1,0,0.0070456243,0,0.0016127957,0
114604155,38,1,0,6.3230524e-05,0,0.000104124934,0
114604546,38,1,0,1.1680871e-06,0,2.0535537e-05,0
114604557,38,1,0,2.9083774e-05,0,3.2392968e-06,0
114604561,38,1,0,0.01184325,0,0.0043824594,0
114604822,38,1,0,0.00093979656,0,0.0002641303,0
114619004,38,4,0,0.016770694,0,0.064042434,0
114619014,38,1,0,0.5852183,0,0.11255985,0
114619016,38,2,0,0.78217745,1,0.07108864,0
114621255,38,1,0,0.026293265,0,0.035742786,0
114621768,38,2,0,0.004619976,0,0.008340234,0
114622685,38,1,0,0.20520665,0,0.33171707,0
114626665,38,1,0,0.00015452596,0,0.00021192213,0
114626822,38,2,1,0.93253475,1,0.7123454,0
114629224,38,1,0,0.0027958083,0,0.038001347,0
114629242,38,2,0,9.3156545e-24,0,2.9695832e-21,0
114633474,38,1,0,3.3402665e-23,0,0.0,0
114635233,38,1,0,0.00024480958,0,0.00011663495,0
114635481,38,1,0,4.794331e-19,0,3.4221494e-18,0
114637435,38,1,0,0.00010366533,0,0.030566202,0
114638312,38,4,0,0.0343152,0,0.029479366,0
114638316,38,2,0,0.08273135,0,0.0959635,0
114638388,38,2,0,0.05222602,0,0.2221946,0
114638390,38,1,0,0.026387742,0,0.017877081,0
114638671,38,1,0,0.00076889206,0,0.0031292723,0
114638673,38,3,0,0.039615594,0,0.061760694,0
114640040,38,1,0,3.720909e-05,0,9.9180725e-06,0
114641619,38,3,0,5.220391e-07,0,5.790179e-05,0
114641963,38,2,0,1.5976232e-08,0,3.1556674e-06,0
114641966,38,2,0,7.214527e-07,0,2.9629397e-05,0
114641985,38,2,0,7.378537e-11,0,1.9258086e-07,0
114642158,38,2,0,2.568186e-10,0,5.7173856e-05,0
114642160,38,2,0,1.571147e-05,0,0.0002554951,0
114642262,38,2,0,0.00021614408,0,0.0033363411,0
114642279,38,2,0,8.1993113e-07,0,0.0001371183,0
114642288,38,3,0,2.1099206e-06,0,3.1894426e-05,0
114642450,38,2,0,2.0307858e-09,0,4.6024123e-08,0
114648386,38,2,1,0.9811674,1,0.99774677,1
114651822,38,3,0,0.00014893658,0,0.011166084,0
114651826,38,3,0,4.4006432e-05,0,5.5393182e-05,0
114652567,38,2,0,4.759371e-23,0,0.0,0
114653338,38,10,0,3.550115e-07,0,1.2356706e-09,0
114653503,38,1,0,3.6407e-21,0,9.750533e-09,0
114655562,38,58,0,4.808861e-05,0,1.4702168e-31,0
114655823,38,2,1,0.78726757,1,0.51938134,0
114656125,38,1,1,0.9670931,1,0.9791855,1
114656654,38,13,0,1.5172663e-11,0,0.0,0
114656657,38,39,0,1.4731623e-06,0,1.6510721e-06,0
114657228,38,3,0,0.011313231,0,0.0029055756,0
114657233,38,1,0,0.1922327,0,0.14446579,0
114657834,38,1,0,0.2531402,0,0.27134475,0
114657835,38,1,0,0.08824452,0,0.3382625,0
114657864,38,2,0,0.0024677739,0,0.0023841497,0
114658129,38,2,0,1.493012e-05,0,7.2591094e-05,0
114658606,38,2,0,0.26319867,0,0.46346894,0
114658610,38,4,0,0.9689447,1,0.9574995,1
114659528,38,2,0,0.7678928,1,0.84818274,1
114664262,38,3,0,0.80751455,1,0.9038427,1
114664264,38,2,0,0.36932394,0,0.20487511,0
114664272,38,3,0,0.06968373,0,0.021180699,0
114664363,38,3,0,0.54843426,0,0.57440466,0
114664366,38,2,0,0.7662606,1,0.9531998,1
114664367,38,2,0,0.98279977,1,0.8738637,1
114664545,38,2,0,0.93052,1,0.9446988,1
114664778,38,2,0,0.97810155,1,0.9240695,1
114665016,38,1,1,0.083662055,0,0.0029067444,0
114675613,38,2,1,0.92659396,1,0.97656834,1
114682049,38,1,0,0.02535353,0,0.08475016,0
114682162,38,2,0,7.2113166e-05,0,0.0001600686,0
114683130,38,1,0,1.9621475e-05,0,3.0120298e-05,0
114689047,38,1,0,1.3699047e-05,0,4.6432448e-05,0
114689180,38,1,0,0.035068084,0,0.3910645,0
114689730,38,1,0,0.00044044814,0,0.0042863167,0
114690327,38,1,0,0.071235105,0,0.26220903,0
114690946,38,1,0,0.103658676,0,0.20190433,0
114690948,38,1,0,0.03463663,0,0.19346476,0
114707588,38,2,0,3.52073e-05,0,0.0034037249,0
114714504,38,3,0,0.003868665,0,0.0060914303,0
114714715,38,3,0,0.029245382,0,0.11448658,0
114714721,38,2,0,0.26092124,0,0.203817,0
114714727,38,2,0,0.07328036,0,0.19111161,0
114714734,38,2,0,0.10183992,0,0.09478746,0
114714743,38,2,0,0.14520855,0,0.2104259,0
114714780,38,2,0,0.049853835,0,0.040287707,0
114715015,38,3,0,0.0041030534,0,0.0049652243,0
114715022,38,3,0,0.028650617,0,0.09418045,0
114715291,38,2,0,0.4547121,0,0.048788868,0
114715546,38,2,0,0.17801777,0,0.6400702,0
114715547,38,2,0,0.3939251,0,0.7143853,0
114715754,38,2,0,0.14966054,0,0.35487008,0
114715759,38,3,0,0.0009657894,0,0.015117866,0
114737654,38,1,0,0.0010329634,0,0.007507518,0
114742232,38,1,0,2.0694823e-05,0,0.00010450571,0
114743251,38,1,0,0.002234743,0,0.0028280818,0
114743268,38,1,0,3.6283368e-19,0,0.0,0
114743500,38,1,0,0.00023326527,0,0.0006811153,0
114749815,38,2,1,0.9135164,1,0.9563048,1
114753292,38,1,0,0.0035477825,0,0.030967444,0
114754008,38,1,0,0.004295544,0,0.008325556,0
114755343,38,1,0,0.00031968052,0,0.0018120152,0
114969113,38,1,0,0.021059094,0,0.012165321,0
114969923,38,1,0,6.5244335e-06,0,5.8605685e-05,0
114971129,38,1,0,0.0055464124,0,0.033998642,0
114971133,38,2,0,0.0014002504,0,0.010491709,0
114971381,38,1,0,1.5097971e-05,0,0.0001014272,0
114971634,38,2,0,4.5458776e-08,0,1.3797447e-05,0
115007767,38,1,0,1.0518577e-06,0,3.0631043e-05,0
115022389,38,1,0,0.0018621013,0,0.0108170705,0
115023272,38,1,0,0.022258872,0,0.077747606,0
115023740,38,1,0,1.4365404e-19,0,1.6846587e-18,0
115029548,38,1,0,3.14007e-07,0,2.7149836e-06,0
115029580,38,2,0,0.08878082,0,0.26480484,0
115029843,38,1,0,5.501678e-19,0,3.9089036e-18,0
115032320,38,1,0,0.009143396,0,0.019334648,0
115033057,38,1,0,3.9468112e-18,0,2.2177306e-18,0
115038303,38,2,0,0.098231316,0,0.19078898,0
115039060,38,2,0,0.13992013,0,0.08662912,0
115039451,38,2,0,0.022545094,0,0.111594185,0
115041996,38,2,0,0.000517543,0,0.0004716028,0
115043748,38,2,0,3.224712e-05,0,8.395144e-05,0
115043988,38,2,0,0.005252572,0,0.00092253345,0
115044377,38,2,0,3.0031835e-10,0,1.3544046e-07,0
115046811,38,2,0,3.999676e-11,0,4.821217e-06,0
115046822,38,2,0,6.677014e-10,0,1.4936252e-06,0
115046915,38,2,0,1.9231312e-09,0,5.1806944e-07,0
115047046,38,2,0,4.094452e-09,0,5.3468837e-05,0
115047048,38,3,0,2.9381535e-08,0,4.305168e-05,0
115047280,38,2,0,3.403892e-09,0,5.708261e-07,0
115047601,38,2,0,1.1254831e-06,0,0.000120899786,0
115047732,38,2,0,1.9985741e-06,0,1.9301884e-05,0
115047896,38,2,0,9.000356e-06,0,1.0187821e-06,0
115047910,38,3,0,0.00019106112,0,0.0002519452,0
115047921,38,3,0,2.0190255e-05,0,5.6695364e-05,0
115047927,38,2,0,3.6079102e-06,0,0.00011900939,0
115047933,38,4,0,2.4550798e-06,0,0.0009413294,0
115065290,38,1,1,0.9082526,1,0.7392573,0
115076686,38,1,0,0.32571405,0,0.23171589,0
115080200,38,2,0,0.00037574422,0,0.00026903555,0
115087591,38,3,0,2.1564634e-05,0,2.4200152e-05,0
115089336,38,1,1,0.5762905,0,0.22730733,0
115090672,38,3,0,0.47587195,0,0.8034297,0
115091598,38,4,0,0.13124149,0,0.32660168,0
115097174,38,1,0,0.3434637,0,0.28494474,0
115098616,38,1,0,2.3499835e-07,0,2.6730345e-06,0
115106112,38,2,0,0.95857656,1,0.84219176,1
115106125,38,2,0,0.96383965,1,0.95971054,1
115107039,38,2,0,0.93380505,1,0.77471447,0
115107166,38,2,0,0.7513518,1,0.8322494,1
115107426,38,2,0,0.76846313,1,0.74605566,0
115107502,38,3,0,0.78342927,1,0.72777575,0
115107506,38,2,0,0.78885317,1,0.6831324,0
115107509,38,2,0,0.41955915,0,0.21810597,0
115107512,38,2,0,0.7830312,1,0.79133296,0
115107784,38,2,0,0.91301554,1,0.86744213,1
115107880,38,2,0,0.92934436,1,0.8649413,1
115108021,38,2,0,0.88693726,1,0.5763,0
115108118,38,3,0,0.92966,1,0.7676131,0
115108121,38,2,0,0.7926426,1,0.8581635,1
115108123,38,2,0,0.93115294,1,0.83126694,1
115108127,38,2,0,0.62732005,0,0.4375882,0
115108221,38,2,0,0.9307043,1,0.5668224,0
115108224,38,3,0,0.87215,1,0.6662768,0
115108227,38,2,0,0.93352056,1,0.8535106,1
115108234,38,3,0,0.9642456,1,0.808466,0
115108241,38,3,0,0.9437079,1,0.65012515,0
115114921,38,1,0,5.351622e-13,0,2.4740195e-05,0
115121140,38,1,0,5.8091436e-16,0,1.7865408e-06,0
115122271,38,1,0,0.22718337,0,0.39747453,0
115126716,38,2,0,1.3118242e-07,0,0.00054281426,0
115129346,38,1,0,0.0720408,0,0.004132906,0
115138120,38,2,0,0.04730688,0,0.24965061,0
115145490,38,1,0,5.4539504e-07,0,3.1170388e-05,0
115148343,38,2,0,0.055064593,0,0.0006811522,0
115148874,38,1,0,9.476856e-05,0,0.0015548392,0
115150849,38,1,0,0.00017428042,0,0.0024819663,0
115170044,38,4,0,0.011948285,0,0.0,0
115170982,38,1,0,0.039888337,0,0.11339086,0
115180884,38,43,0,0.00010956153,0,0.00012509871,0
115180918,38,1,0,0.044177763,0,0.21636693,0
115186990,38,77,0,3.0785423e-34,0,3.7683172e-32,0
115187045,38,1,0,0.014537799,0,0.015877964,0
115187055,38,1,0,0.019420715,0,0.040732507,0
115187058,38,1,0,0.002434052,0,0.009888278,0
115187059,38,1,0,0.0044391016,0,0.002537507,0
115187255,38,1,0,0.00073277287,0,0.016929423,0
115187876,38,1,0,1.3331726e-11,0,2.8335444e-05,0
115193071,38,1,0,0.00065522,0,0.0047871317,0
115193078,38,3,0,1.03560815e-05,0,0.0028686586,0
115193081,38,3,0,1.375133e-06,0,0.0009114245,0
115193083,38,3,0,4.1437417e-07,0,0.0017893842,0
115193133,38,2,0,4.5028003e-07,0,3.101969e-05,0
115193767,38,2,0,9.723485e-07,0,6.0071365e-05,0
115193770,38,2,0,1.5164626e-05,0,1.4911936e-05,0
115193788,38,2,0,2.3622276e-06,0,5.4146844e-06,0
115193791,38,2,0,3.4071843e-07,0,1.4235607e-05,0
115193797,38,2,0,7.519017e-07,0,8.1280785e-05,0
115193801,38,2,0,3.4656287e-07,0,1.6364247e-05,0
115193972,38,2,0,2.322254e-06,0,0.0001610974,0
115193976,38,2,0,7.0842475e-06,0,9.690782e-05,0
115194165,38,2,0,0.00045669387,0,5.108062e-05,0
115194169,38,2,0,0.023584701,0,0.0014541673,0
115194643,38,1,0,0.00068715826,0,0.0,0
115197289,38,1,0,2.927007e-26,0,1.7754401e-20,0
115202299,38,1,0,3.5570494e-05,0,4.878371e-05,0
115204727,38,2,0,0.04075585,0,0.026364923,0
115209397,38,2,0,0.24282333,0,0.46411267,0
115209597,38,4,0,0.22070113,0,0.23231155,0
115209651,38,2,0,0.015395656,0,0.06457314,0
115209664,38,2,0,0.19028388,0,0.21679929,0
115213278,38,2,0,0.99308574,1,0.8883424,1
115213281,38,3,0,0.050422847,0,0.04183244,0
115213392,38,2,0,0.29712966,0,0.18567157,0
115213540,38,1,0,0.0027898469,0,0.016847512,0
115214695,38,85,0,7.5913357e-07,0,1.3079984e-10,0
115220831,38,3,0,0.024860743,0,0.0034325696,0
115221333,38,1,0,0.003729415,0,0.010752977,0
115221484,38,3,0,0.0009735656,0,0.0010981874,0
115228596,38,3,0,3.572428e-10,0,3.0002474e-07,0
115229005,38,1,0,2.099813e-05,0,7.5918956e-06,0
115231587,38,3,0,4.8354404e-10,0,1.4215312e-05,0
115231864,38,2,0,5.4968575e-07,0,0.0012327149,0
115232202,38,2,0,3.092581e-06,0,0.00029944527,0
115239651,38,20,0,9.629743e-11,0,0.0,0
115242044,38,2,0,0.001928129,0,0.011412312,0
115261388,38,3,0,5.078851e-09,0,5.1512966e-10,0
115266588,38,3,0,0.16063161,0,0.008211487,0
115268291,38,39,0,6.4622705e-05,0,0.00094541005,0
115270578,38,52,0,1.5333795e-07,0,2.9648558e-05,0
115274072,38,1,1,0.266236,0,0.4621545,0
115275152,38,3,1,0.3521297,0,0.23805763,0
115276738,38,2,0,2.7354582e-07,0,0.0002754587,0
115278581,38,2,0,0.8877374,1,0.70239556,0
115279312,38,2,0,0.67638373,0,0.7958289,0
115279602,38,3,0,0.03466937,0,0.08207149,0
115281323,38,1,0,1.19603865e-05,0,3.958563e-05,0
115285564,38,2,0,0.89453125,1,0.90694773,1
115285570,38,2,0,0.416878,0,0.6916442,0
115285582,38,2,0,0.9562914,1,0.9211225,1
115285591,38,2,0,0.83614224,1,0.86851907,1
115286209,38,2,0,0.60953087,0,0.17385647,0
115286481,38,2,0,0.94106627,1,0.80356693,0
115293869,38,2,0,1.0764172e-09,0,5.8684815e-05,0
115294137,38,1,0,5.1196097e-05,0,0.014746068,0
115294952,38,1,0,7.855792e-18,0,4.1587026e-07,0
115298687,38,5,0,0.026120752,0,0.015363392,0
115299847,38,3,0,0.00014310736,0,6.9766975e-05,0
115324291,38,2,0,0.085006975,0,0.11041612,0
115394915,38,1,0,1.0117692e-21,0,0.0,0
115500189,38,1,0,0.0024361347,0,0.0017247973,0
115523071,38,3,0,3.3629868e-07,0,8.4313506e-05,0
115529485,38,5,0,0.01555835,0,1.996011e-15,0
115533534,38,3,0,0.0041289865,0,0.04123341,0
115533535,38,2,0,0.036950797,0,0.037215408,0
115533793,38,3,0,0.002797042,0,0.040368725,0
115534029,38,2,0,0.0096809445,0,0.09238966,0
115534697,38,2,0,0.0026171396,0,0.06421028,0
115534702,38,2,0,0.0040253885,0,0.010540807,0
115534770,38,2,0,0.111493334,0,0.012260132,0
115534952,38,2,0,0.034584124,0,0.23291557,0
115534959,38,3,0,0.062069394,0,0.0768724,0
115606048,38,2,0,0.041257724,0,0.06114324,0
115607282,38,1,0,0.0040611806,0,0.04602474,0
115608090,38,1,0,0.05678994,0,0.34405333,0
115635730,38,1,0,0.054920472,0,0.07746734,0
115688802,38,2,0,0.0013468874,0,0.0065794224,0
115706480,38,1,0,0.024057101,0,0.07798153,0
115708945,38,1,0,5.4095675e-05,0,0.00020788368,0
115708965,38,2,0,0.2873767,0,0.45313245,0
115709632,38,1,0,4.7127213e-09,0,9.186547e-06,0
115709635,38,2,0,4.4752535e-09,0,0.00034590714,0
115711293,38,1,0,1.0994569e-11,0,6.7815833e-09,0
115711296,38,3,0,6.688447e-10,0,1.3652217e-06,0
115711513,38,1,0,1.025265e-09,0,2.151024e-06,0
115711514,38,2,0,1.4916374e-10,0,2.4056268e-07,0
115718351,38,3,0,0.0013111682,0,6.92096e-16,0
115718605,38,6,0,0.1428556,0,0.13010855,0
115722990,38,50,0,1.7163984e-05,0,2.385936e-21,0
115722999,38,2,1,0.9804135,1,0.9982657,1
115723002,38,2,1,0.8606787,1,0.9793625,1
115723004,38,2,1,0.8498199,1,0.9784304,1
115723006,38,2,1,0.84775287,1,0.9782307,1
115723008,38,2,1,0.97150403,1,0.9934009,1
115723010,38,2,1,0.9797894,1,0.99305856,1
115723011,38,2,1,0.85181797,1,0.97848284,1
115723118,38,2,1,0.98062205,1,0.71109253,0
115723119,38,2,1,0.97994107,1,0.99872017,1
115723125,38,2,1,0.9790614,1,0.9965796,1
115723127,38,2,1,0.97876865,1,0.99720913,1
115723274,38,2,1,0.9812486,1,0.9851125,1
115723277,38,2,1,0.9714912,1,0.9770735,1
115723278,38,2,1,0.9624945,1,0.9949445,1
115723279,38,2,1,0.9742284,1,0.9960199,1
115723284,38,2,1,0.98030406,1,0.99477816,1
115723285,38,69,0,0.00023511633,0,0.0,0
115723287,38,2,0,3.537794e-39,0,0.0,0
115723389,38,2,1,0.97940445,1,0.9209441,1
115723393,38,3,0,0.15987508,0,0.2922067,0
115723395,38,2,0,0.22426963,0,0.17566366,0
115723397,38,7,0,0.00011734567,0,0.0,0
115723399,38,1,0,0.2686095,0,0.5737052,0
115723400,38,2,0,0.015985195,0,0.03823928,0
115723402,38,2,1,0.98109,1,0.7152194,0
115723954,38,2,0,0.082959004,0,0.09766719,0
115723984,38,6,0,0.0071778363,0,0.0,0
115724242,38,1,0,0.16423765,0,0.73575026,0
115724248,38,2,0,0.8781684,1,0.9212128,1
115726098,38,1,0,0.0048540416,0,0.09943643,0
115726274,38,1,0,0.8865805,1,0.5468798,0
115726373,38,1,1,1.4877642e-14,0,0.019691458,0
115728003,38,4,0,0.0069640195,0,0.0005315669,0
115728011,38,2,0,0.27429152,0,0.19378613,0
115728012,38,3,0,0.0051897964,0,0.0060285944,0
115892435,38,1,0,0.00034966154,0,0.02856143,0
115901833,38,1,0,0.035756025,0,0.084129795,0
115911613,38,1,0,0.0002184367,0,0.023847701,0
115911726,38,1,0,3.8202254e-22,0,0.0,0
115912314,38,1,0,4.9208433e-21,0,0.0,0
115912650,38,28,0,1.0155082e-06,0,9.889368e-07,0
115916138,38,1,0,9.754989e-22,0,0.0,0
115918983,38,2,0,0.23809633,0,0.07488655,0
115919375,38,2,0,0.54654866,0,0.34313923,0
115920425,38,1,0,0.1466814,0,0.0006842613,0
115920677,38,1,0,0.0004200283,0,0.005939957,0
115922609,38,2,0,1.1475975e-11,0,9.294516e-09,0
115922729,38,2,0,2.2187308e-09,0,2.4498496e-07,0
115922894,38,2,0,0.0006092135,0,0.0033285364,0
115923487,38,2,0,8.627352e-05,0,0.002526131,0
115924670,38,2,1,0.9465989,1,0.7575427,0
115943062,38,3,0,0.00031151975,0,0.011978343,0
115944090,38,30,0,3.9323906e-05,0,0.0005067965,0
115945205,38,2,0,0.082830854,0,0.102601275,0
115946082,38,3,1,0.323966,0,0.43646762,0
115946101,38,2,0,0.0001444063,0,0.0041731545,0
115947349,38,3,0,0.053880762,0,0.40436763,0
115947357,38,3,0,0.009165382,0,0.08309183,0
115949445,38,1,1,0.99669904,1,0.9999982,1
115952203,38,2,0,0.96755904,1,0.93720835,1
115952438,38,2,0,0.9614223,1,0.98414284,1
115959240,38,1,0,0.020590564,0,0.011587129,0
115959733,38,1,0,0.004922104,0,0.002201864,0
115960307,38,2,0,0.0070733735,0,0.048800167,0
115967728,38,1,0,0.9999529,1,0.9994454,1
116010228,38,2,0,4.2379176e-09,0,1.1937343e-06,0
116052901,38,2,1,0.7597072,1,0.9832834,1
116053428,38,2,1,0.9584836,1,0.9946413,1
116054103,38,1,1,0.15851657,0,0.48442245,0
116054110,38,2,1,0.9068789,1,0.9897995,1
116055498,38,1,1,0.79087347,1,0.8544315,1
116055520,38,2,1,0.84975207,1,0.560996,0
116055665,38,1,1,0.32635683,0,0.5573106,0
116055667,38,1,1,0.57672703,0,0.8063573,0
116058585,38,2,1,0.7601619,1,0.98329574,1
116058901,38,2,1,0.9708765,1,0.99125636,1
116060279,38,2,1,0.9581848,1,0.99706763,1
116061812,38,1,1,0.96117294,1,0.4874649,0
116064774,38,2,1,0.72881526,1,0.9812228,1
116069421,38,1,1,0.79313785,1,0.8554877,1
116072231,38,2,1,0.9592068,1,0.9958905,1
116073592,38,4,0,1.3106255e-05,0,3.0998356e-06,0
116075693,38,2,1,0.9730854,1,0.99939346,1
116081878,38,2,1,0.9706178,1,0.63050205,0
116083308,38,1,0,0.0074848733,0,0.25857314,0
116085643,38,1,0,9.613744e-25,0,0.0,0
116086353,38,1,0,2.0152687e-22,0,0.0,0
116087383,38,1,0,0.00010613526,0,6.9035455e-06,0
116088068,38,1,0,3.522323e-23,0,0.0,0
116092892,38,1,0,1.9481225e-23,0,4.9984902e-20,0
116093362,38,1,0,4.5914592e-20,0,0.0,0
116100971,38,1,0,1.1426761e-23,0,2.1825214e-20,0
116101613,38,2,0,1.957067e-24,0,0.0,0
116103484,38,1,0,1.5158439e-25,0,0.0,0
116107028,38,2,1,0.9711277,1,0.9898212,1
116107405,38,1,1,0.9591619,1,0.94382894,1
116107409,38,1,1,0.79325426,1,0.85515434,1
116107565,38,3,0,0.08410942,0,0.22807099,0
116107573,38,3,0,0.37210384,0,0.026191412,0
116107587,38,2,0,0.9698859,1,0.9836495,1
116107831,38,2,0,0.06741592,0,0.020058291,0
116107977,38,4,0,0.22421055,0,0.3180177,0
116109093,38,1,0,0.007976238,0,0.06989573,0
116110039,38,2,1,0.8261195,1,0.9981975,1
116110047,38,2,0,0.5866342,0,0.5877258,0
116110341,38,3,0,0.30607167,0,0.39625424,0
116110485,38,2,0,0.48860255,0,0.55727434,0
116112202,38,2,1,0.9642964,1,0.9847072,1
116115792,38,1,1,0.7825353,1,0.8512468,1
116116290,38,3,0,0.00045824214,0,0.00011373921,0
116117825,38,2,1,0.973179,1,0.99938834,1
116119540,38,2,0,6.283573e-05,0,0.013720255,0
116125864,38,1,1,0.966819,1,0.98053426,1
116126365,38,1,0,0.04716576,0,0.035498213,0
116128557,38,2,0,9.7912206e-08,0,6.4776934e-11,0
116128866,38,2,0,5.475955e-07,0,0.002508918,0
116129206,38,2,0,2.6907435e-07,0,1.9629786e-06,0
116129214,38,3,0,2.7218096e-06,0,6.754129e-06,0
116129222,38,2,0,1.6441727e-05,0,0.008295889,0
116129229,38,2,0,7.455587e-05,0,9.381341e-05,0
116129238,38,2,0,2.5301415e-06,0,3.4388966e-05,0
116129479,38,3,0,2.2132324e-06,0,0.0004068575,0
116129483,38,2,0,2.7051523e-05,0,0.0004912576,0
116129487,38,3,0,7.2196667e-06,0,0.00010987509,0
116129489,38,2,0,3.033349e-05,0,0.00070445595,0
116129494,38,2,0,3.216708e-05,0,0.0010824106,0
116129496,38,2,0,2.0206696e-06,0,0.0038063922,0
116129500,38,2,0,6.408914e-06,0,5.5948054e-05,0
116129502,38,2,0,0.0009919212,0,0.021163197,0
116129504,38,2,0,9.98358e-06,0,0.0015201515,0
116135416,38,2,1,0.97192377,1,0.99703157,1
116162492,38,1,1,0.7949068,1,0.8559736,1
116162711,38,2,1,0.9729275,1,0.9990044,1
116173763,38,2,1,0.8804628,1,0.9620557,1
116178462,38,1,0,0.0022636596,0,0.0026941474,0
116178975,38,1,0,0.020102758,0,0.05629595,0
116179559,38,2,0,0.763666,1,0.30592856,0
116179605,38,35,0,6.137601e-05,0,1.1545281e-08,0
116183359,38,1,0,0.3788228,0,0.6612529,0
116184011,38,1,0,0.009578055,0,0.0023860196,0
116185674,38,1,0,1.756057e-10,0,2.8004322e-07,0
116186242,38,3,0,0.0055603483,0,0.0059033213,0
116189189,38,2,1,0.04149119,0,0.013360338,0
116193002,38,2,0,0.15021883,0,0.010639001,0
116193317,38,3,0,0.8428676,1,0.26338428,0
116193739,38,3,0,0.5956053,0,0.18088701,0
116203361,38,2,0,0.07749462,0,0.012658875,0
116203637,38,2,0,0.0264011,0,0.0055043045,0
116203732,38,2,0,0.15108421,0,0.060421493,0
116205436,38,2,0,0.86229,1,0.98275834,1
116205444,38,2,0,0.98068595,1,0.6941155,0
116205731,38,2,0,0.825232,1,0.82227415,0
116205737,38,2,0,0.9610088,1,0.69136024,0
116206284,38,2,0,0.9847707,1,0.627139,0
116206510,38,2,0,0.98543787,1,0.6841791,0
116206771,38,2,0,0.9559104,1,0.52906317,0
116206777,38,2,0,0.92330784,1,0.90410906,1
116206785,38,2,0,0.51117593,0,0.21833856,0
116207101,38,2,0,0.9581211,1,0.6928222,0
116208111,38,2,1,0.97346705,1,0.99825186,1
116217174,38,2,1,0.9714436,1,0.9926866,1
116217308,38,1,1,0.9423841,1,0.96365565,1
116611781,38,1,0,7.016208e-05,0,0.00414241,0
116630616,38,1,0,2.1467501e-07,0,0.00054608984,0
116631597,38,1,1,0.6822971,0,0.44623587,0
116636762,38,6,0,9.1143404e-10,0,0.0,0
116645837,38,5,0,0.0313635,0,0.059972893,0
116678494,38,3,0,0.08025679,0,0.1717763,0
116679831,38,2,0,0.019847507,0,0.027358834,0
116726225,38,2,0,0.0017201907,0,0.0041535646,0
116743527,38,1,0,0.40042743,0,0.43402883,0
116746285,38,3,1,0.40286878,0,0.55388474,0
116747257,38,1,0,6.0905903e-05,0,0.0049923453,0
116747423,38,1,0,0.974744,1,0.96110785,1
116749414,38,3,0,0.33932647,0,0.06330685,0
116759257,38,3,0,0.119918555,0,0.07494035,0
116822093,38,1,0,2.5730465e-05,0,0.006742249,0
116822292,38,1,1,0.9708618,1,0.99404645,1
116823108,38,1,0,3.810499e-24,0,0.0,0
116823132,38,1,0,1.3103189e-24,0,0.0,0
116823189,38,1,0,3.947554e-23,0,0.0,0
116830045,38,1,0,4.578748e-05,0,0.002931114,0
116839462,38,1,1,0.9292012,1,7.899494e-12,0
116841218,38,1,0,0.20229603,0,0.0,0
116845555,38,1,0,0.014929627,0,2.7917256e-06,0
116874855,38,1,0,0.08937455,0,0.037294928,0
116882540,38,2,0,0.0023732292,0,0.01934677,0
116883110,38,2,0,0.42960456,0,0.11712919,0
116883461,38,2,0,0.9557245,1,0.8882481,1
116884797,38,2,0,0.9636727,1,0.81295365,0
116884909,38,2,0,0.8718277,1,0.8926439,1
116898498,38,124,0,4.4098084e-19,0,6.701965e-23,0
116902242,38,1,1,0.9707959,1,0.99460816,1
116905764,38,9,0,1.3572138e-10,0,2.6089005e-08,0
116906461,38,8,0,3.4839154e-09,0,1.2241388e-06,0
116914127,38,1,1,0.4198563,0,0.6685264,0
116914752,38,1,0,3.998643e-09,0,0.0,0
2067048,39,2,0,1.7178335e-10,0,3.6233345e-09,0
2067049,39,6,0,0.0,0,4.0291067e-27,0
2864655,39,9,0,0.0,0,2.5175283e-25,0
3133285,39,1,0,3.7754742e-29,0,0.0,0
3245282,39,2,0,0.0054771206,0,0.0014741507,0
3270847,39,2,0,7.20303e-09,0,7.668568e-07,0
3469647,39,5,0,1.3569193e-07,0,0.00037587248,0
3905058,39,1,0,0.7151874,1,0.6912934,0
4213625,39,2,0,1.1303191e-06,0,0.0003486348,0
5275627,39,7,0,1.0180357e-09,0,2.1192081e-05,0
5836681,39,4,0,1.4601181e-06,0,0.0008044799,0
5928715,39,7,0,0.0,0,4.8225666e-24,0
6818420,39,10,0,0.03754438,0,0.06374806,0
7014841,39,7,0,3.868839e-12,0,7.898383e-15,0
7014913,39,10,0,1.1743616e-15,0,2.019377e-08,0
7015277,39,11,0,2.7139515e-37,0,0.0,0
7965704,39,8,0,5.8561393e-22,0,1.2964708e-18,0
8378346,39,2,0,0.00024786257,0,0.0012120301,0
8908091,39,1,0,5.9741326e-27,0,0.0,0
9095322,39,2,0,3.2632799e-09,0,3.3422315e-05,0
9156373,39,2,0,3.400159e-10,0,1.8949633e-09,0
9517432,39,8,0,0.0,0,4.322836e-25,0
9829411,39,1,0,0.0391054,0,0.04905378,0
9833495,39,2,0,3.2438197e-06,0,0.0012642299,0
9899666,39,2,0,2.1714362e-07,0,5.856404e-07,0
9942589,39,2,0,0.011046419,0,0.0022011215,0
10619588,39,1,0,1.9802133e-30,0,0.0,0
10775210,39,1,0,6.574059e-05,0,0.00087922823,0
10835543,39,2,0,0.101902954,0,0.07538026,0
10846099,39,2,0,0.0007546835,0,0.031106079,0
10940853,39,1,0,3.8719e-07,0,4.014546e-05,0
11172561,39,12,0,0.0,0,3.3418325e-24,0
12061834,39,1,0,0.028752144,0,0.42969123,0
12061835,39,1,0,0.20007682,0,0.43573925,0
12061836,39,4,0,0.0066060326,0,0.005644841,0
12061837,39,5,0,0.016826065,0,0.064030856,0
12062164,39,2,0,0.21772966,0,0.28466544,0
12062166,39,3,0,0.11306206,0,0.8358832,1
12062173,39,2,0,0.0018545532,0,0.019115828,0
12102720,39,2,0,2.7207528e-10,0,1.1446785e-06,0
12154231,39,7,0,0.0,0,5.4896724e-24,0
12284459,39,7,0,3.5750364e-15,0,2.0086384e-06,0
12401126,39,6,0,3.314525e-08,0,0.00016496521,0
12972869,39,2,0,7.6276395e-11,0,5.2453715e-06,0
13161496,39,1,1,0.059660472,0,0.38342568,0
13623410,39,8,0,2.331881e-06,0,0.0009129616,0
13676664,39,1,0,1.4494517e-30,0,0.0,0
13906899,39,1,1,0.018612457,0,0.29147315,0
13983579,39,6,0,1.677471e-13,0,8.4400284e-08,0
14182114,39,5,0,2.019939e-31,0,4.619093e-35,0
14367822,39,2,0,7.126939e-06,0,4.788844e-05,0
14583722,39,2,0,0.99128073,1,0.08715208,0
15341623,39,2,0,1.1477764e-12,0,3.2257066e-07,0
17345754,39,2,0,2.0682864e-06,0,0.0001959811,0
17996561,39,2,0,1.0287619e-05,0,0.00028579272,0
17996566,39,2,0,0.6315823,0,0.0027957552,0
17996606,39,2,0,0.083602704,0,0.35358736,0
17997502,39,5,0,0.0,0,3.2578756e-24,0
18277003,39,2,0,6.486478e-09,0,7.89505e-06,0
18426017,39,2,0,1.5994614e-05,0,6.195837e-05,0
19559683,39,2,0,0.008877965,0,0.007434806,0
19559928,39,2,0,0.3662415,0,0.12778272,0
20032383,39,3,0,0.06528928,0,0.19031127,0
20194738,39,1,1,0.88800013,1,0.9985827,1
20194762,39,1,1,0.84179765,1,0.9520305,1
21092110,39,1,0,1.0652744e-30,0,0.0,0
21940716,39,3,0,7.8548865e-06,0,0.0021803405,0
22283488,39,3,0,0.00021158576,0,0.006854225,0
22891722,39,1,0,2.2459098e-26,0,0.0,0
24775820,39,12,0,0.0,0,6.0615313e-25,0
25235188,39,1,0,0.0012337434,0,0.0029446417,0
26329248,39,2,0,0.118445024,0,0.85612977,1
26481699,39,2,0,6.9803195e-07,0,1.5957241e-05,0
27085149,39,1,1,0.7250696,1,0.92625856,1
27896017,39,2,0,7.406906e-11,0,2.6399134e-06,0
28352314,39,1,0,4.074355e-23,0,1.044787e-20,0
28594082,39,2,0,0.0007719682,0,0.0006419252,0
29614073,39,4,0,0.0,0,1.5536135e-35,0
30336367,39,2,0,1.3309831e-10,0,2.4916853e-06,0
30427669,39,1,0,1.8013276e-07,0,5.2964602e-05,0
30459894,39,2,0,5.279372e-06,0,0.0009501396,0
30461668,39,1,0,0.00013467584,0,0.0012688072,0
30700346,39,6,0,0.0017570305,0,0.1180973,0
30700348,39,5,0,0.13252157,0,0.21814546,0
30799508,39,1,0,1.10813286e-11,0,5.244338e-07,0
30820604,39,1,0,9.35169e-16,0,3.1033926e-15,0
31614040,39,10,0,9.515921e-18,0,6.240982e-32,0
31769818,39,1,0,3.6755877e-28,0,0.0,0
31859229,39,1,0,1.7146506e-06,0,2.3028706e-06,0
32228077,39,5,0,6.563504e-05,0,0.002575754,0
32228844,39,2,0,3.3330278e-07,0,7.9461395e-05,0
32228862,39,1,0,1.6055296e-07,0,1.6891185e-05,0
32228877,39,2,0,5.206957e-05,0,0.00026950767,0
34265456,39,4,0,3.662496e-08,0,4.4749713e-06,0
34535373,39,1,1,0.66038114,0,0.41531134,0
34535382,39,1,1,0.6455543,0,0.40972853,0
34584290,39,2,0,6.4444784e-08,0,0.000108582826,0
34662595,39,2,0,1.1827198e-06,0,9.869883e-07,0
35145056,39,2,0,1.3557139e-09,0,1.0645514e-05,0
35990816,39,1,0,0.00041750856,0,0.02594375,0
36544488,39,2,0,1.5894402e-07,0,5.41111e-05,0
36807555,39,2,0,0.008536583,0,0.020298112,0
37530007,39,2,0,6.5539048e-06,0,1.3972629e-05,0
38072014,39,1,0,1.0888595e-26,0,0.0,0
38107881,39,2,0,3.326184e-08,0,5.480664e-06,0
38111661,39,1,0,0.00010530046,0,0.003271623,0
38182292,39,2,0,1.2067723e-07,0,4.119178e-06,0
38246399,39,1,0,3.4070196e-22,0,1.0198695e-18,0
38892588,39,2,0,7.5564444e-06,0,0.0004934888,0
40201044,39,2,0,0.000108881744,0,0.0006304372,0
40304221,39,2,0,0.003068642,0,0.0029160785,0
40497229,39,2,0,1.7532079e-07,0,2.2872082e-05,0
40879076,39,2,0,2.4526818e-05,0,0.12497736,0
43881377,39,2,0,3.1674052e-10,0,1.3814555e-06,0
44595504,39,1,0,0.0033234842,0,0.026256897,0
45350873,39,2,1,0.87522554,1,0.87024045,1
45444755,39,1,0,1.718819e-06,0,5.317395e-06,0
45809670,39,1,1,0.29667324,0,0.16173914,0
46753747,39,1,0,1.8797492e-29,0,0.0,0
47622350,39,1,0,4.3673282e-07,0,4.553766e-05,0
47662188,39,1,0,0.0016897082,0,0.01605871,0
47683327,39,1,0,1.4155666e-16,0,8.35072e-17,0
47987646,39,2,0,5.8154057e-13,0,1.217627e-06,0
47987650,39,2,0,3.3028671e-13,0,2.5017048e-09,0
48051143,39,1,0,0.0055696135,0,0.09186982,0
48051399,39,1,0,0.26847017,0,0.37593764,0
49040928,39,1,0,0.0060806456,0,0.008242827,0
49188193,39,1,0,4.496697e-27,0,0.0,0
49299982,39,1,0,0.063950494,0,0.2425014,0
49375401,39,2,0,3.564332e-08,0,3.975545e-06,0
51082607,39,2,0,9.597616e-11,0,1.0324824e-06,0
51085248,39,2,0,6.95022e-09,0,5.140337e-05,0
51113603,39,2,0,8.2819125e-13,0,5.7089227e-09,0
51113675,39,10,0,0.0,0,1.6032131e-26,0
51113964,39,2,0,5.484502e-13,0,1.6422966e-06,0
55607420,39,2,0,2.0918796e-09,0,4.1545127e-07,0
57770370,39,1,0,7.2720584e-05,0,0.0006752586,0
58866785,39,2,0,2.5275023e-05,0,0.0017700056,0
59090978,39,1,0,8.981862e-27,0,0.0,0
59857852,39,2,0,1.4719658e-06,0,1.0077352e-05,0
60158347,39,1,0,1.5029327e-28,0,0.0,0
62019611,39,3,0,0.13047343,0,0.116120294,0
62484751,39,2,0,1.0083467e-05,0,0.0013342408,0
62823600,39,3,0,0.0863266,0,0.3635855,0
62890179,39,1,0,0.0011538024,0,0.004662323,0
63614102,39,1,0,0.5251578,0,0.9151695,1
64188232,39,3,0,0.0018715558,0,0.03639997,0
64188626,39,2,0,7.808383e-09,0,3.6849437e-05,0
64781880,39,2,0,3.7538667e-11,0,5.7577854e-06,0
66990867,39,2,0,2.1918758e-11,0,3.7947046e-07,0
67014644,39,2,0,8.580912e-11,0,1.8250375e-06,0
67160405,39,1,0,2.6878095e-06,0,4.5736593e-05,0
67160406,39,2,0,7.7698853e-10,0,3.5828016e-06,0
67160407,39,2,0,9.772927e-10,0,1.043267e-06,0
67621910,39,2,0,5.0484325e-11,0,1.867485e-05,0
70190658,39,1,0,4.3474105e-05,0,0.0013611114,0
71202689,39,2,0,0.010131134,0,0.045223653,0
72361976,39,2,0,0.25985405,0,0.31542552,0
72777111,39,2,0,1.2261359e-10,0,4.075975e-06,0
74169594,39,1,0,0.00160904,0,0.0002169243,0
74957737,39,1,0,1.3139644e-06,0,0.00054374064,0
75406099,39,2,0,1.677632e-08,0,1.2237875e-05,0
75995640,39,2,0,5.9973124e-11,0,7.06841e-07,0
76406659,39,2,0,3.3385837e-05,0,5.838862e-05,0
76847998,39,2,0,1.7038421e-09,0,2.2413253e-06,0
77957091,39,2,0,1.3177349e-07,0,9.2019945e-05,0
78079432,39,1,0,0.03746186,0,0.2719145,0
78121217,39,1,0,7.247143e-20,0,1.0638772e-08,0
78789157,39,2,0,0.5722517,0,0.94410926,1
78814858,39,5,0,0.09724201,0,0.16439189,0
79074357,39,3,0,0.0035804266,0,0.042591915,0
80547925,39,2,1,0.071318135,0,0.26299483,0
82161051,39,1,1,0.4188869,0,0.8212393,0
84102301,39,2,0,2.9043574e-14,0,1.4866335e-09,0
84812755,39,1,0,2.39075e-18,0,7.5897345e-18,0
85337146,39,2,0,0.00022175316,0,7.589521e-06,0
85621251,39,5,0,3.2313625e-17,0,6.2278565e-09,0
85917130,39,1,0,4.2658208e-29,0,0.0,0
86331399,39,1,0,0.0014079632,0,0.018362593,0
86783496,39,1,0,2.094844e-30,0,0.0,0
86803299,39,2,0,1.7280726e-07,0,1.6956694e-05,0
86903877,39,2,0,5.383228e-07,0,4.8716625e-05,0
86904181,39,2,0,4.777639e-07,0,1.1624413e-05,0
86904183,39,1,0,8.65707e-27,0,0.0,0
86904184,39,1,0,0.0006694915,0,0.0041934573,0
87771179,39,2,0,1.1627911e-08,0,5.8965697e-06,0
88857068,39,1,0,0.05112531,0,0.17885995,0
88963958,39,2,0,1.0823742e-11,0,7.3991626e-09,0
89841044,39,2,0,1.3044359e-05,0,3.8711132e-05,0
90448287,39,1,0,1.6510296e-05,0,0.0013209016,0
91400373,39,9,0,6.845776e-11,0,4.2782092e-05,0
92198600,39,1,0,2.0717174e-08,0,1.2504354e-05,0
92204257,39,1,0,0.98386836,1,0.9479309,1
93136339,39,1,0,0.00071221625,0,0.003529588,0
94150387,39,2,0,1.863791e-10,0,4.3909742e-07,0
94757746,39,1,0,6.2400647e-21,0,9.274372e-19,0
94931566,39,1,0,0.16905296,0,0.7577888,0
95850377,39,8,0,5.6500795e-09,0,5.8337308e-05,0
99352394,39,1,0,0.05849006,0,0.3102656,0
99616497,39,1,0,0.0011650532,0,0.01338827,0
100356049,39,1,0,0.10447555,0,0.123676986,0
101783430,39,1,0,0.5210123,0,0.830124,1
102226108,39,1,1,0.85144645,1,0.598028,0
103063599,39,2,0,1.4084119e-11,0,3.4185916e-08,0
103948477,39,1,0,1.1634709e-18,0,1.8262328e-18,0
104097172,39,1,0,0.22638355,0,0.0814463,0
104703549,39,1,0,4.085726e-11,0,2.0449648e-05,0
105268480,39,1,0,7.24512e-29,0,0.0,0
107473362,39,2,0,1.6458075e-09,0,4.6088598e-08,0
108961020,39,2,0,0.017439732,0,0.01551851,0
109171776,39,1,0,1.597336e-24,0,0.0,0
110273405,39,2,0,4.984413e-05,0,0.05400879,0
111235406,39,1,1,0.125804,0,0.08237214,0
112285660,39,1,0,0.0186579,0,0.06871615,0
112928975,39,1,1,0.1625814,0,0.09303475,0
113649806,39,10,0,0.049098242,0,0.11401556,0
114364497,39,2,0,0.0050770566,0,0.004011145,0
114462489,39,2,0,2.9731082e-06,0,0.0062716226,0
114710797,39,2,0,0.04991659,0,0.7105329,0
114898290,39,1,0,0.09210196,0,0.2475453,0
114916139,39,2,0,0.016745599,0,0.14978008,0
114922700,39,1,0,0.0006046463,0,0.003580488,0
115950776,39,2,0,3.2611296e-11,0,3.9063552e-06,0
116139224,39,2,0,8.337108e-07,0,2.1611491e-05,0
117109705,39,2,0,1.1410507e-13,0,1.4135696e-09,0
118638871,39,4,0,0.21395895,0,0.66759336,0
118639527,39,13,0,0.016848333,0,0.07396096,0
119043284,39,8,0,0.08273812,0,0.118860185,0
119075718,39,1,0,0.00083910197,0,0.0010625918,0
120319794,39,2,0,0.0027321086,0,0.01685283,0
121778585,39,2,0,4.725266e-10,0,5.3108265e-06,0
121987738,39,2,0,1.4211041e-05,0,0.004688095,0
122371039,39,1,1,0.0035450528,0,0.09769797,0
122371040,39,1,1,0.061214592,0,0.21671438,0
123244307,39,1,0,2.1313804e-25,0,0.0,0
123449676,39,1,0,2.3796398e-26,0,0.0,0
124305697,39,2,0,0.022748811,0,0.07158776,0
124414895,39,1,0,1.4860475e-19,0,1.5204012e-18,0
124944070,39,2,0,4.086114e-12,0,4.179058e-08,0
125618369,39,1,0,1.7411858e-28,0,0.0,0
126015984,39,2,0,3.4534913e-11,0,4.4351518e-07,0
126048495,39,2,0,1.0602545e-13,0,1.9922375e-08,0
126436479,39,2,0,8.13578e-11,0,1.1611255e-06,0
127010216,39,2,0,0.005803751,0,0.20657098,0
127887721,39,2,0,7.990932e-09,0,1.3368383e-06,0
127887726,39,1,0,5.9539434e-05,0,0.0028656635,0
129841251,39,2,0,0.025827853,0,0.13277371,0
129946705,39,1,0,0.20211321,0,0.33524165,0
130369271,39,1,0,1.5046766e-28,0,0.0,0
133751539,39,2,0,5.0687777e-06,0,1.494629e-05,0
135246316,39,2,0,1.7619742e-11,0,1.265696e-08,0
136562137,39,2,0,0.0004638488,0,2.9751927e-08,0
136768718,39,2,0,4.790363e-07,0,0.002118655,0
137164629,39,4,0,0.20733498,0,0.7203271,0
137732505,39,2,0,8.341217e-28,0,0.0,0
137906514,39,2,0,0.03720393,0,0.19781855,0
138422168,39,1,0,6.030272e-28,0,0.0,0
140870196,39,2,0,2.0360525e-07,0,0.000110827394,0
141251903,39,2,0,4.836206e-10,0,1.7877332e-05,0
143310472,39,1,0,0.00031366877,0,0.0013202998,0
143317555,39,2,0,5.5451685e-11,0,6.4327133e-07,0
146479398,39,1,0,1.3044084e-25,0,0.0,0
148533307,39,1,0,0.09524577,0,0.1873075,0
148533415,39,2,0,0.022855617,0,0.19768958,0
148533591,39,2,0,0.0039144107,0,0.024071129,0
148535049,39,1,0,0.0042257267,0,0.0064597433,0
148536037,39,4,0,0.011723389,0,0.007263981,0
148536076,39,1,0,2.243655e-05,0,0.0009180807,0
148536080,39,1,0,2.0606568e-18,0,1.1026546e-16,0
148536082,39,2,0,0.09584052,0,0.32010835,0
148537619,39,2,0,9.71206e-06,0,3.3669985e-05,0
148537640,39,2,0,5.588765e-06,0,2.708193e-05,0
148537909,39,2,0,4.3102336e-06,0,9.661025e-05,0
148537911,39,3,0,2.532251e-06,0,2.0241383e-05,0
148541127,39,1,0,0.0064049927,0,0.013802347,0
148541145,39,1,0,0.05150634,0,0.28325933,0
148542030,39,1,0,0.05096968,0,0.09064591,0
148542035,39,1,0,0.08178335,0,0.17706725,0
148542990,39,1,0,1.952726e-06,0,1.0322773e-05,0
148544557,39,2,0,0.006794204,0,0.13415281,0
148545820,39,1,0,0.5034791,0,0.73663145,0
148545840,39,1,0,0.1576646,0,0.6114962,0
148545913,39,3,0,0.0038688907,0,0.34263885,0
148546137,39,1,0,0.034698576,0,0.20366374,0
148546162,39,5,0,0.052448887,0,0.18935814,0
148546170,39,1,0,4.226576e-06,0,0.00020081241,0
148546189,39,1,0,0.12635724,0,0.1191614,0
148546191,39,1,0,0.253585,0,0.34057763,0
148546194,39,1,0,0.011938758,0,0.032471944,0
148546492,39,5,0,0.25441507,0,0.14588058,0
148546503,39,2,0,0.002862311,0,0.031987943,0
148546506,39,1,0,0.017138595,0,0.10433803,0
148546520,39,1,0,0.0017374131,0,0.031213624,0
148546524,39,1,0,0.026399136,0,0.038134445,0
148546526,39,6,0,0.017585136,0,0.036210727,0
148546733,39,1,0,0.006804943,0,0.012337791,0
148546734,39,1,0,0.020797439,0,0.17186622,0
148546737,39,1,0,0.96849525,1,0.9656154,1
148546738,39,1,0,0.39504394,0,0.76788485,0
148546740,39,2,0,0.022194821,0,0.07886611,0
148546741,39,1,0,0.010772279,0,0.081329696,0
148546746,39,7,0,0.50281215,0,0.63662493,0
148546937,39,2,0,0.16950516,0,0.62380487,0
148546939,39,1,0,0.03632961,0,0.06445181,0
148549025,39,1,0,0.014035984,0,0.05073031,0
148549034,39,1,0,0.05056111,0,0.16211097,0
148549351,39,2,0,0.88886684,1,0.7033548,0
148549354,39,2,0,0.41167107,0,0.17455912,0
148549365,39,3,0,0.9807014,1,0.73757946,0
148549369,39,2,0,0.9909327,1,0.8293868,0
148558116,39,2,0,0.0830458,0,0.31949708,0
148558173,39,1,0,1.5266902e-10,0,4.2807244e-08,0
148558252,39,3,0,0.15146087,0,0.04534719,0
148561156,39,2,0,0.19958483,0,0.58166075,0
148561385,39,3,0,5.0845392e-05,0,6.391478e-05,0
148562098,39,2,0,0.007797499,0,0.036290407,0
148562398,39,1,0,5.0270607e-08,0,7.692272e-06,0
148563652,39,2,0,1.29381945e-08,0,5.5718303e-08,0
148563757,39,2,0,0.021600423,0,0.2381802,0
148563818,39,2,0,0.0017276907,0,0.031156711,0
148566614,39,2,0,0.00942945,0,0.02577991,0
148568416,39,65,0,7.4773974e-26,0,1.3942476e-31,0
148568937,39,1,0,0.004959209,0,0.01726379,0
148568939,39,1,1,0.99934393,1,0.9996611,1
148568948,39,1,0,0.010362836,0,0.0076611647,0
148568959,39,1,0,0.00033788296,0,0.030737922,0
148568966,39,1,0,0.012569286,0,0.0042549344,0
148569208,39,2,0,0.00021230496,0,0.042641826,0
148569249,39,1,0,0.048151236,0,0.034214973,0
148569253,39,2,0,0.022173902,0,0.028320622,0
148569487,39,1,1,0.99934036,1,0.99966264,1
148569497,39,2,0,0.003110318,0,0.00265042,0
148569555,39,1,0,0.0038296864,0,0.008227607,0
148569565,39,1,1,0.99715495,1,0.9976451,1
148577362,39,1,0,0.0041230046,0,0.028262328,0
148587956,39,1,0,0.004885621,0,0.008660231,0
148608910,39,2,0,0.9361335,1,2.2406064e-13,0
148608917,39,2,0,0.8974796,1,1.6159304e-13,0
148608921,39,2,0,0.9754581,1,0.004556179,0
148609062,39,2,0,0.9408131,1,0.79408324,0
148609616,39,3,0,0.17115104,0,0.22500725,0
148612058,39,48,0,0.00027773183,0,0.00027324917,0
148612068,39,1,1,0.9708801,1,0.9895354,1
148612071,39,2,1,0.010306276,0,0.030028401,0
148612078,39,1,1,0.7007349,0,0.8642548,1
148612086,39,1,1,0.959894,1,0.98820657,1
148612093,39,1,1,0.6189827,0,0.8657145,1
148612097,39,1,0,0.0026082972,0,0.021803819,0
148612337,39,1,1,0.604903,0,0.85854524,1
148612343,39,1,1,0.9095016,1,0.9628009,1
148612415,39,1,1,0.61655587,0,0.8641054,1
148640119,39,1,0,0.68067086,0,0.60619,0
148651062,39,2,0,0.003100195,0,0.011201567,0
148651128,39,1,0,0.009944425,0,0.01605556,0
148651749,39,1,0,0.006292549,0,0.06843315,0
148652034,39,1,0,1.016962e-06,0,9.65515e-05,0
148652660,39,1,0,3.003585e-05,0,0.008798221,0
148659689,39,2,0,0.0070285215,0,0.006618581,0
148663563,39,2,0,0.013275631,0,0.03948058,0
148666022,39,1,0,0.36087888,0,0.6273513,0
148670107,39,1,0,0.053259164,0,0.053255063,0
148670312,39,1,0,0.002231957,0,0.014722311,0
148671662,39,1,0,6.497966e-10,0,4.3000597e-05,0
148671674,39,1,0,1.0177046e-07,0,0.00886408,0
148672286,39,2,0,6.7625776e-14,0,2.6531854e-05,0
148672512,39,1,0,2.7711464e-10,0,0.0007614706,0
148672524,39,2,0,2.0025637e-10,0,1.6103061e-06,0
148673762,39,1,0,2.7059373e-09,0,0.00015140473,0
148674452,39,2,0,4.726699e-10,0,2.7614039e-08,0
148674765,39,1,0,7.274712e-10,0,3.0194986e-05,0
148674769,39,2,0,6.150203e-10,0,5.733144e-07,0
148674996,39,1,0,7.026244e-10,0,7.393517e-05,0
148675003,39,2,0,9.330713e-10,0,6.835204e-07,0
148675735,39,2,0,4.1278622e-10,0,3.5652747e-07,0
148681100,39,3,0,0.07892775,0,0.23793624,0
148684827,39,1,0,0.30936998,0,0.35647282,0
148685585,39,1,0,4.859963e-17,0,1.0974974e-06,0
148689046,39,1,0,5.320514e-15,0,2.7705921e-06,0
148694324,39,1,0,0.0005568335,0,0.00051934423,0
148695422,39,1,0,0.00010836778,0,7.4545635e-05,0
148696571,39,2,0,0.01307383,0,0.009015758,0
148696813,39,1,0,0.04604317,0,0.040476207,0
148697637,39,1,0,2.386588e-05,0,0.007673601,0
148702402,39,1,0,1.1901285e-06,0,0.00011671794,0
148710753,39,2,0,2.003464e-15,0,2.0295536e-06,0
148775335,39,1,0,0.0008091716,0,0.0042425,0
148775791,39,3,0,3.358578e-06,0,8.653999e-05,0
148775793,39,2,0,1.4948464e-06,0,2.3670405e-05,0
148776563,39,1,0,0.00014784932,0,0.00035751233,0
148779157,39,6,0,0.044069294,0,0.0780123,0
148779342,39,2,0,0.0017393394,0,0.059338816,0
148779345,39,4,0,0.037614096,0,0.13350041,0
148779591,39,9,0,0.94076777,1,0.9443388,1
148784981,39,1,0,0.06813716,0,0.037291933,0
148785271,39,2,0,4.8252925e-05,0,0.0018701196,0
148785280,39,2,0,0.000678686,0,0.17079833,0
148785284,39,2,0,0.14381216,0,0.20648722,0
148785476,39,2,0,0.1436059,0,0.1138745,0
148785723,39,2,0,0.0002021256,0,0.046524394,0
148785957,39,2,0,0.005455317,0,0.15752113,0
148786236,39,2,0,0.2309802,0,0.44844285,0
148786424,39,2,0,0.007867783,0,0.3236155,0
148786662,39,3,0,0.01637145,0,0.83209777,1
148786672,39,2,0,4.2580697e-05,0,0.0072969245,0
148786683,39,2,0,0.06336299,0,0.05368698,0
148786686,39,2,0,0.16435866,0,0.40659368,0
148786690,39,2,0,0.04822073,0,0.18125041,0
148786696,39,3,0,0.026304163,0,0.04198255,0
148786700,39,2,0,0.004092708,0,0.018155657,0
148788387,39,1,0,1.5266284e-22,0,1.5798993e-19,0
148789748,39,2,0,0.00042155982,0,0.02190294,0
148790971,39,1,0,0.03493066,0,0.028332788,0
148790983,39,2,0,0.03289952,0,0.0045155464,0
148791084,39,3,0,2.863788e-05,0,0.0041609104,0
148791090,39,2,0,7.02094e-05,0,0.003867656,0
148791095,39,2,0,0.02891326,0,0.06279261,0
148791392,39,2,0,8.799838e-05,0,0.121942185,0
148791514,39,2,0,0.013647738,0,0.6145226,0
148791595,39,2,0,0.07786736,0,0.03253538,0
148791597,39,2,0,0.18473206,0,0.24712609,0
148791604,39,2,0,0.2682236,0,0.22710116,0
148792328,39,1,0,1.8162127e-05,0,0.000105836414,0
148792567,39,2,0,0.00056465564,0,0.015366755,0
148792573,39,3,0,0.00026340125,0,0.007880065,0
148792825,39,2,0,0.001759971,0,0.014615265,0
148793347,39,3,0,0.015089804,0,0.011014267,0
148793351,39,2,0,0.018380221,0,0.002045354,0
148793541,39,2,0,4.100165e-05,0,0.0014223956,0
148793555,39,2,0,3.1038026e-06,0,0.0012777584,0
148793597,39,2,0,3.5737514e-06,0,0.0021748273,0
148793781,39,2,0,2.4221554e-05,0,0.0010471351,0
148809528,39,2,0,0.08733684,0,0.17087439,0
148809531,39,2,0,0.014274143,0,0.16766559,0
148809535,39,2,0,0.06430552,0,0.51291716,0
148814510,39,2,0,3.823053e-11,0,1.0852104e-07,0
148814550,39,2,0,4.7769094e-10,0,1.14856e-05,0
148814754,39,2,0,9.759078e-12,0,3.6272576e-07,0
148814755,39,2,0,3.3902928e-12,0,3.5161474e-08,0
148814759,39,3,0,4.0877992e-11,0,1.880982e-07,0
148814762,39,2,0,1.668445e-08,0,5.172868e-06,0
148814767,39,2,0,3.7693047e-12,0,1.4897082e-08,0
148814770,39,2,0,4.2816267e-10,0,6.235104e-05,0
148815038,39,3,0,1.7411047e-11,0,2.4754916e-06,0
148815040,39,2,0,5.616874e-10,0,5.010223e-07,0
148815051,39,3,0,1.8676318e-09,0,3.2802026e-07,0
148820482,39,1,0,0.0111455005,0,0.03543445,0
148827018,39,2,0,2.7977844e-11,0,3.1758634e-07,0
148827021,39,2,0,7.388535e-11,0,1.3697036e-07,0
148827025,39,2,0,5.347406e-10,0,2.95258e-06,0
148827030,39,2,0,7.1407715e-07,0,5.8044384e-06,0
148827410,39,2,0,1.0673353e-10,0,3.7553446e-06,0
148827417,39,2,0,1.6411899e-07,0,3.3886338e-06,0
148827422,39,2,0,1.6239136e-10,0,5.4995263e-07,0
148827426,39,3,0,7.2453277e-10,0,8.842231e-06,0
148827442,39,2,0,1.9134772e-11,0,3.704023e-07,0
148827447,39,2,0,1.2327492e-09,0,2.3838695e-06,0
148827450,39,2,0,1.035248e-08,0,8.572287e-06,0
148827455,39,2,0,4.0277625e-12,0,4.929894e-08,0
148827469,39,3,0,2.9364285e-08,0,1.1354759e-06,0
148827476,39,3,0,7.210308e-11,0,4.0555767e-07,0
148835281,39,2,0,9.166043e-11,0,1.4167133e-05,0
148835283,39,2,0,1.3429488e-09,0,2.3251594e-06,0
148836219,39,2,0,2.9850006e-10,0,2.1920105e-06,0
148836221,39,2,0,9.7612425e-11,0,2.3948408e-07,0
148836228,39,2,0,8.86025e-09,0,5.4735076e-05,0
148836707,39,3,0,8.371721e-10,0,3.4867724e-05,0
148836714,39,2,0,1.3298063e-07,0,0.00018153264,0
148836717,39,2,0,2.0854028e-05,0,0.0007209218,0
148836720,39,2,0,1.1094748e-09,0,5.1445124e-07,0
148836725,39,2,0,3.0218522e-10,0,8.4443145e-06,0
148836731,39,2,0,4.2358246e-09,0,1.9119229e-07,0
148836915,39,2,0,0.002029841,0,5.123566e-07,0
148836921,39,3,0,1.3740126e-08,0,1.7695386e-07,0
148836935,39,2,0,3.055884e-08,0,1.5856953e-05,0
148837139,39,2,0,1.2284216e-08,0,7.667963e-06,0
148837140,39,2,0,1.5810537e-08,0,1.372643e-05,0
148837143,39,2,0,1.1068228e-08,0,7.4735185e-06,0
148837147,39,2,0,3.507565e-09,0,0.00010404681,0
148837342,39,2,0,1.7529855e-07,0,1.8179939e-05,0
148837538,39,2,0,3.8174623e-08,0,9.400112e-06,0
148837544,39,2,0,7.0054527e-09,0,5.547017e-07,0
148837760,39,3,0,1.8428487e-08,0,4.8043635e-06,0
148837780,39,3,0,1.1287175e-08,0,1.2011088e-06,0
148837784,39,2,0,2.5421187e-09,0,1.6620057e-06,0
148838180,39,2,0,2.647245e-09,0,0.0012318721,0
148838411,39,2,0,3.780038e-09,0,2.7194585e-05,0
148838603,39,1,0,1.6129539e-08,0,0.00042822002,0
148838698,39,2,0,6.1502774e-06,0,0.000103947255,0
148838708,39,3,0,1.2893158e-06,0,0.0007246213,0
148838850,39,2,0,2.1175535e-07,0,1.903596e-05,0
148838857,39,3,0,6.759219e-08,0,7.248408e-05,0
148838967,39,3,0,8.048756e-08,0,0.00014343578,0
148838970,39,2,0,9.578849e-06,0,0.00033240614,0
148838976,39,2,0,1.7241238e-05,0,0.00029999795,0
148838983,39,2,0,3.0839143e-05,0,0.00347621,0
148839108,39,2,0,1.3938062e-06,0,7.865713e-05,0
148839226,39,2,0,1.4028479e-05,0,0.012863578,0
148839525,39,2,0,1.4184555e-07,0,3.348695e-05,0
148839528,39,2,0,2.9342115e-07,0,5.1340667e-05,0
148839597,39,3,0,7.407644e-07,0,5.2040326e-05,0
148839603,39,2,0,2.4759756e-06,0,5.323099e-05,0
148839671,39,2,0,2.3131311e-07,0,5.6665413e-06,0
148839682,39,2,0,2.8897591e-06,0,9.342035e-05,0
148839691,39,2,0,1.4454418e-05,0,0.0005359573,0
148840585,39,3,0,1.5851631e-08,0,1.6931293e-05,0
148840593,39,2,0,3.13605e-10,0,1.6005519e-06,0
148841333,39,1,0,6.5684645e-08,0,0.00015462175,0
148841337,39,3,0,8.339154e-08,0,2.5706444e-07,0
148841438,39,3,0,9.030579e-08,0,1.0119553e-05,0
148841441,39,2,0,3.67735e-08,0,9.290776e-06,0
148841669,39,2,0,2.246427e-06,0,0.00095641235,0
148841677,39,2,0,7.331894e-07,0,9.3636096e-05,0
148841686,39,2,0,2.3212036e-07,0,2.0519994e-05,0
148841737,39,2,0,3.9277947e-07,0,0.0007235941,0
148841741,39,3,0,1.7030555e-07,0,2.283174e-05,0
148841744,39,3,0,4.8449547e-08,0,0.0005188558,0
148841749,39,2,0,3.3696037e-05,0,0.0003388345,0
148841754,39,2,0,0.00021323553,0,0.0063487357,0
148841758,39,2,0,8.739251e-06,0,0.02155227,0
148841911,39,2,0,1.8640528e-06,0,3.3253495e-05,0
148841925,39,2,0,2.0631552e-07,0,2.1055319e-05,0
148841982,39,2,0,9.4588006e-07,0,2.0618585e-05,0
148841987,39,3,0,5.8140333e-08,0,6.1867913e-06,0
148841991,39,3,0,7.836247e-07,0,1.4644813e-05,0
148841996,39,2,0,3.561876e-07,0,1.1963376e-05,0
148842013,39,2,0,4.5996054e-11,0,2.7819345e-07,0
148842019,39,2,0,3.5437617e-10,0,1.4732593e-06,0
148842091,39,2,0,1.8515245e-10,0,1.1494324e-05,0
148842226,39,2,0,5.046856e-10,0,3.91468e-07,0
148842230,39,2,0,5.3049426e-10,0,8.9910645e-06,0
148842316,39,2,0,2.5164157e-09,0,2.8685538e-06,0
148842318,39,2,0,9.003848e-09,0,1.9230283e-05,0
148842322,39,2,0,1.9395586e-11,0,2.829834e-06,0
148843157,39,2,0,1.019368e-05,0,0.0015901263,0
148843334,39,2,0,1.5850725e-05,0,0.0003527198,0
148843537,39,2,0,1.0888621e-06,0,3.389434e-05,0
148843735,39,2,0,1.4392629e-05,0,0.00013829456,0
148843954,39,2,0,1.2979509e-05,0,0.014481772,0
148844172,39,2,0,4.756665e-09,0,1.4783945e-05,0
148844409,39,2,0,1.9630673e-07,0,0.00013001719,0
148844412,39,3,0,7.041431e-10,0,3.879447e-06,0
148844421,39,2,0,2.2508452e-08,0,2.6748348e-06,0
148844425,39,3,0,1.9444676e-10,0,2.8975114e-07,0
148844431,39,2,0,5.335402e-11,0,3.6515007e-07,0
148844437,39,2,0,1.7235474e-10,0,5.1573136e-07,0
148844753,39,2,0,3.2756067e-10,0,5.1225208e-05,0
148844984,39,3,0,9.176584e-09,0,1.3917162e-05,0
148844993,39,2,0,8.9535526e-05,0,0.000778442,0
148845257,39,2,0,2.7663258e-09,0,0.000120879035,0
148845306,39,2,0,1.2786282e-09,0,5.2879177e-06,0
148845311,39,2,0,1.1392725e-08,0,1.1304475e-06,0
148845451,39,2,0,1.2217727e-10,0,4.871015e-07,0
148845459,39,3,0,2.4941185e-10,0,6.4145064e-07,0
148845467,39,2,0,5.478248e-10,0,3.1229666e-07,0
148845495,39,2,0,2.411457e-06,0,0.00015667728,0
148845691,39,2,0,9.121123e-05,0,0.0058018,0
148845696,39,2,0,6.1261784e-07,0,4.302566e-05,0
148845907,39,2,0,1.8639336e-06,0,7.506072e-05,0
148845909,39,2,0,0.017352363,0,0.004113309,0
148847277,39,1,0,2.2204661e-07,0,5.480935e-05,0
148847495,39,2,0,3.631872e-13,0,4.621606e-08,0
148847511,39,3,0,3.2603524e-11,0,2.0033946e-08,0
148847516,39,2,0,1.3883826e-09,0,1.4525654e-05,0
148847719,39,2,0,1.0938945e-08,0,1.2363123e-06,0
148847729,39,2,0,1.5394793e-11,0,6.8881434e-08,0
148847738,39,2,0,6.15323e-10,0,3.0751203e-06,0
148847746,39,2,0,1.6338672e-11,0,5.3611977e-08,0
148847751,39,2,0,9.716327e-11,0,1.0430193e-06,0
148847757,39,2,0,1.6789685e-10,0,5.9436168e-08,0
148847760,39,2,0,5.5896965e-07,0,1.5378974e-07,0
148847766,39,2,0,2.0761396e-12,0,2.1049285e-08,0
148847772,39,2,0,1.7459141e-10,0,1.7023591e-07,0
148847776,39,2,0,2.762816e-08,0,1.1580033e-05,0
148847783,39,2,0,1.672828e-10,0,7.898702e-07,0
148847791,39,2,0,2.0438178e-10,0,2.8443367e-06,0
148847797,39,2,0,3.0066627e-10,0,5.642931e-07,0
148847802,39,2,0,6.896261e-10,0,6.7779064e-07,0
148849217,39,2,0,0.00032858425,0,0.017239086,0
148849226,39,2,0,6.96355e-05,0,0.0070614847,0
148849253,39,2,0,0.60745084,0,0.16287255,0
148849276,39,2,0,2.3378611e-07,0,1.0874676e-05,0
148849528,39,2,0,2.8940506e-06,0,0.00012269903,0
148849532,39,3,0,2.7144909e-10,0,7.03941e-05,0
148849789,39,2,0,3.1434175e-09,0,1.8680139e-05,0
148849989,39,2,0,2.0328465e-10,0,9.3848016e-08,0
148850207,39,2,0,1.2554798e-08,0,2.939556e-07,0
148850213,39,2,0,1.35065e-09,0,1.4307712e-07,0
148850220,39,2,0,2.7254543e-09,0,1.7337064e-06,0
148850403,39,2,0,2.9006577e-07,0,1.19562355e-05,0
148850410,39,2,0,1.1013727e-08,0,2.75971e-05,0
148850425,39,2,0,1.4976267e-10,0,4.068549e-06,0
148850433,39,2,0,4.710122e-10,0,4.0030693e-05,0
148850625,39,2,0,2.8142553e-09,0,9.440521e-06,0
148850662,39,3,0,8.776883e-07,0,1.3741078e-06,0
148850670,39,2,0,2.706331e-08,0,1.12461075e-05,0
148850890,39,2,0,2.5098787e-08,0,5.9304066e-06,0
148850893,39,2,0,7.539905e-09,0,4.7824165e-06,0
148851798,39,2,0,1.2064254e-12,0,3.525869e-07,0
148851806,39,3,0,3.5318182e-10,0,3.6454075e-08,0
148852054,39,2,0,3.1193388e-11,0,9.334672e-08,0
148852182,39,2,0,1.2865893e-08,0,1.0409571e-05,0
148852286,39,2,0,3.9629217e-07,0,4.3672635e-06,0
148852292,39,2,0,4.9580257e-11,0,8.285491e-06,0
148852394,39,2,0,4.7299345e-11,0,3.2485514e-07,0
148852400,39,2,0,3.0764552e-10,0,7.2741835e-07,0
148852478,39,2,0,1.6143671e-11,0,9.1014236e-08,0
148852485,39,2,0,4.316642e-09,0,7.6970105e-07,0
148852579,39,2,0,1.0607693e-07,0,9.856164e-08,0
148854300,39,2,0,1.8391967e-08,0,2.2069914e-06,0
148854456,39,2,0,3.5956738e-08,0,0.000106259715,0
148854538,39,2,0,7.078489e-10,0,1.6870329e-06,0
148854546,39,2,0,5.2258006e-08,0,4.5819626e-05,0
148854549,39,3,0,6.177482e-09,0,1.6007259e-07,0
148854554,39,3,0,1.7907784e-09,0,8.964557e-05,0
148854559,39,2,0,4.571072e-06,0,0.0003160103,0
148857514,39,2,0,5.3140813e-08,0,0.00041972473,0
148857937,39,2,0,3.1052064e-10,0,6.2399334e-07,0
148857948,39,2,0,7.542144e-10,0,9.0176845e-06,0
148857969,39,3,0,1.0752055e-11,0,9.445711e-07,0
148859827,39,2,0,6.915919e-16,0,6.9801868e-06,0
148860009,39,2,0,5.2443164e-18,0,4.3085797e-07,0
148860038,39,1,0,1.8239708e-06,0,0.0005106231,0
148860424,39,1,0,4.1416603e-15,0,3.5213402e-06,0
148861092,39,1,0,1.090788e-12,0,2.1119127e-05,0
148861809,39,2,0,7.232538e-11,0,3.45349e-08,0
148863481,39,1,0,8.092581e-12,0,6.0649995e-06,0
148863745,39,2,0,2.8279649e-06,0,0.005609877,0
148863756,39,2,0,1.42139415e-05,0,0.0024051152,0
148863771,39,2,0,2.1770058e-11,0,2.0223476e-07,0
148863776,39,2,0,2.6241379e-11,0,1.4385782e-05,0
148864043,39,2,0,7.298624e-08,0,0.000118385185,0
148864243,39,1,0,9.1032725e-14,0,0.00016461528,0
148864245,39,1,0,1.0948133e-15,0,2.053526e-06,0
148864796,39,3,0,7.4386775e-11,0,1.5843129e-07,0
148864800,39,2,0,6.798253e-12,0,1.629204e-07,0
148864802,39,2,0,1.0227391e-05,0,0.0052915034,0
148867642,39,1,0,0.0,0,0.0,0
148870987,39,1,0,0.0,0,4.82126e-39,0
148881439,39,2,1,0.4574395,0,0.20029615,0
148886495,39,2,0,0.0073082,0,0.014481582,0
148887174,39,2,0,0.0051647043,0,0.011562503,0
148892351,39,1,0,1.0852378e-06,0,0.000119298114,0
149127367,39,2,1,0.8383678,1,0.95253205,1
149127368,39,3,1,0.8620854,1,0.61771554,0
149129137,39,1,1,0.95236826,1,0.99970055,1
149129504,39,2,1,0.383806,0,0.393532,0
149130813,39,1,1,0.32196704,0,0.93082625,1
149133653,39,1,1,0.9269935,1,0.9043709,1
149134780,39,1,0,0.00025394664,0,0.0006614424,0
149134785,39,2,0,9.584972e-06,0,6.315134e-05,0
149134786,39,1,1,0.32215372,0,0.9304379,1
149136914,39,2,1,0.015407094,0,0.30853012,0
149137272,39,1,0,7.6610995e-06,0,1.0155518e-05,0
149138176,39,1,1,0.18816817,0,0.6110491,0
149141236,39,2,0,2.9706643e-18,0,2.5491475e-18,0
149141241,39,1,0,3.1626824e-30,0,0.0,0
149141685,39,3,0,1.2710611e-09,0,1.0288132e-06,0
149141687,39,1,0,5.628354e-31,0,0.0,0
149142368,39,3,0,8.216075e-11,0,1.3538717e-06,0
149143123,39,1,0,4.3437113e-26,0,0.0,0
149143543,39,1,0,3.7267487e-23,0,0.0,0
149144099,39,2,0,7.62816e-27,0,0.0,0
149144836,39,2,0,1.4253793e-07,0,5.0067365e-07,0
149144930,39,3,0,2.3440454e-13,0,8.189386e-07,0
149145257,39,1,0,1.3138291e-29,0,0.0,0
149145534,39,1,0,0.0123574985,0,0.96761507,1
149145544,39,2,0,8.8261217e-29,0,0.0,0
149145644,39,1,0,1.988992e-26,0,0.0,0
149145660,39,1,0,4.8052003e-29,0,0.0,0
149146581,39,1,0,8.426086e-05,0,4.687552e-11,0
149146859,39,1,0,0.00021419796,0,0.00031896145,0
149147165,39,4,0,4.2918906e-05,0,0.00029083996,0
149147366,39,2,0,1.4048185e-31,0,0.0,0
149148222,39,1,0,6.375028e-26,0,0.0,0
149149225,39,3,0,6.5269207e-10,0,1.0207922e-05,0
149149252,39,1,0,1.1557344e-25,0,0.0,0
149149308,39,1,0,1.962375e-24,0,0.0,0
149149499,39,3,0,6.3057667e-12,0,8.6885e-08,0
149152472,39,1,0,4.687188e-25,0,0.0,0
149153021,39,1,0,1.7029808e-28,0,0.0,0
149153540,39,3,0,2.0426224e-07,0,0.00016074526,0
149153543,39,1,0,6.5107994e-31,0,0.0,0
149154428,39,19,0,0.0019378942,0,0.00694393,0
149154533,39,1,0,0.15178053,0,0.40500027,0
149154713,39,1,0,8.374878e-06,0,0.00048392423,0
149154717,39,3,0,3.82465e-11,0,2.6347773e-06,0
149154721,39,1,0,0.11792074,0,0.24255188,0
149154841,39,2,0,0.32064232,0,0.01885886,0
149156610,39,1,0,4.872671e-05,0,0.015318318,0
149156780,39,2,0,0.013745442,0,0.12157242,0
149157468,39,2,0,0.00021200033,0,0.0072489944,0
149157473,39,2,0,0.08037028,0,0.0009974237,0
149157475,39,1,0,1.2344802e-06,0,0.0010233355,0
149157549,39,3,0,0.15390491,0,0.4705458,0
149157885,39,1,0,0.66274,0,0.80269676,0
149157890,39,1,0,0.016985605,0,0.037336346,0
149157913,39,14,0,0.0056014005,0,0.006894494,0
149157916,39,10,0,0.0021098233,0,0.010654903,0
149158077,39,39,0,0.0019417448,0,0.00064674055,0
149158079,39,1,0,0.004295289,0,0.0054260734,0
149158419,39,1,0,0.13888454,0,0.33739018,0
149158704,39,1,0,0.11402721,0,0.33954585,0
149158766,39,148,0,1.4139736e-32,0,0.0,0
149158775,39,3,0,0.009685888,0,0.03993766,0
149158779,39,2,0,0.0022831778,0,0.025654407,0
149158782,39,2,0,1.1001916e-25,0,0.0,0
149159027,39,3,0,0.022093687,0,0.108885765,0
149159034,39,2,0,0.0009067627,0,0.0017804556,0
149159040,39,3,0,6.993614e-08,0,6.310435e-07,0
149159056,39,1,0,0.0014910649,0,0.0023588156,0
149159379,39,2,0,7.768168e-05,0,7.096619e-05,0
149159400,39,3,0,0.014996459,0,0.02537094,0
149159419,39,3,0,3.761132e-08,0,3.5910827e-07,0
149159420,39,1,0,3.3143058e-06,0,1.4908707e-05,0
149159427,39,3,0,1.4836513e-08,0,3.8088737e-07,0
149159429,39,1,0,4.326765e-24,0,5.590873e-20,0
149159646,39,1,0,6.3074665e-05,0,0.00881998,0
149159892,39,2,0,0.04253358,0,0.009881032,0
149159898,39,5,0,1.1261326e-06,0,5.2114527e-05,0
149159900,39,3,0,2.4163846e-08,0,3.4821008e-07,0
149159922,39,1,0,0.019132214,0,0.007824527,0
149160215,39,1,0,0.004602373,0,0.0036421106,0
149160216,39,2,0,6.59449e-05,0,0.0001168342,0
149160223,39,1,0,0.005974063,0,0.021075562,0
149160225,39,2,0,0.016152358,0,0.044454142,0
149160231,39,2,0,0.016279439,0,0.004449013,0
149160551,39,2,0,0.02519285,0,0.13220061,0
149160552,39,1,0,5.5994978e-08,0,5.1396214e-06,0
149160558,39,1,0,0.011503046,0,0.00476146,0
149161130,39,1,0,0.07000966,0,0.07287504,0
149161343,39,1,0,0.99732554,1,0.99966633,1
149161349,39,31,0,0.0010239371,0,0.0021390284,0
149161606,39,2,0,0.029249547,0,0.000110056295,0
149161627,39,2,0,0.009366936,0,0.03612807,0
149161642,39,1,1,0.99998593,1,0.9999908,1
149161646,39,6,0,0.01197097,0,0.030106796,0
149161656,39,1,0,0.17899877,0,0.17460363,0
149161658,39,1,0,1.0257612e-05,0,6.4234075e-07,0
149161668,39,15,0,0.13112314,0,0.19542295,0
149161688,39,1,0,0.40553945,0,0.38271487,0
149161853,39,4,0,0.17617239,0,0.14813656,0
149161859,39,1,0,4.466403e-05,0,0.00051758345,0
149161874,39,6,0,0.004617593,0,0.017537642,0
149161879,39,1,0,0.013534256,0,0.009187867,0
149161925,39,1,0,0.004051412,0,0.0036093122,0
149162144,39,2,0,7.5442864e-07,0,9.5081494e-05,0
149162476,39,1,0,0.94297683,1,0.91910756,1
149162480,39,3,0,0.25067875,0,0.27677593,0
149163057,39,1,1,0.60897636,0,0.946247,1
149167406,39,42,0,8.193314e-06,0,1.6087732e-05,0
149167747,39,1,0,1.0455713e-07,0,0.0012176951,0
149167759,39,3,0,1.4394984e-10,0,1.1957954e-06,0
149168096,39,21,0,1.4605752e-06,0,6.5233624e-05,0
149168097,39,34,0,6.078852e-05,0,2.0381505e-05,0
149168099,39,1,0,0.00016190557,0,0.0010988059,0
149180560,39,1,0,1.5300751e-28,0,7.7135647e-22,0
149182410,39,1,0,1.3543182e-09,0,8.1325936e-07,0
149182416,39,2,0,1.4803039e-09,0,3.810305e-07,0
149182418,39,1,0,3.4248125e-11,0,2.401751e-06,0
149182610,39,1,0,2.4262077e-08,0,1.0497137e-05,0
149182616,39,2,0,8.0636305e-08,0,0.00021301831,0
149182868,39,1,0,6.595735e-11,0,5.0298513e-07,0
149182874,39,2,0,2.4067962e-10,0,6.307644e-08,0
149182998,39,2,0,5.7711047e-10,0,1.146833e-05,0
149184521,39,1,0,3.3745556e-07,0,0.00011579163,0
149184527,39,1,0,9.8058365e-08,0,0.0007160235,0
149184531,39,1,0,1.9448375e-11,0,6.695129e-08,0
149184534,39,2,0,6.139344e-08,0,1.2143654e-07,0
149184536,39,1,0,6.717194e-06,0,0.005274659,0
149184543,39,2,0,0.0011239354,0,0.0120530175,0
149184852,39,1,0,1.0666322e-06,0,0.0047386107,0
149184853,39,2,0,1.4008235e-06,0,0.0014967915,0
149184867,39,1,0,4.7956705e-06,0,0.00030609802,0
149185296,39,2,0,0.00016941705,0,0.00033298592,0
149185303,39,1,0,1.08991505e-11,0,9.947364e-08,0
149185308,39,2,0,2.7977057e-10,0,2.5027593e-06,0
149185311,39,1,0,5.7820953e-12,0,9.538811e-08,0
149185574,39,2,0,7.246823e-13,0,1.870613e-08,0
149186550,39,3,0,0.0030526142,0,0.000106565254,0
149186557,39,1,0,0.0019522198,0,0.016668908,0
149194772,39,2,0,5.935802e-11,0,3.5138788e-07,0
149194782,39,2,0,1.5282822e-12,0,1.3250957e-07,0
149194813,39,2,0,4.230534e-10,0,2.7403647e-07,0
149206109,39,2,0,9.635653e-12,0,1.3575674e-08,0
149206442,39,2,0,6.282831e-10,0,2.2811216e-06,0
149235590,39,1,0,2.1217144e-29,0,0.0,0
149239379,39,1,0,3.7829998e-29,0,0.0,0
149247215,39,2,0,2.9051764e-11,0,3.052424e-08,0
149545531,39,3,0,2.7908309e-06,0,3.02293e-05,0
149547729,39,5,0,0.45814413,0,0.37688014,0
149550709,39,2,0,4.0172375e-30,0,0.0,0
149554273,39,2,0,0.00017930233,0,0.0005537912,0
149554286,39,2,0,6.3527664e-06,0,0.00014890479,0
149554287,39,3,0,2.2576125e-05,0,6.072733e-05,0
149554553,39,2,0,1.0915052e-05,0,0.00012376517,0
149554557,39,1,0,4.333379e-05,0,0.00029078007,0
149554720,39,1,0,0.00016175558,0,0.0006978878,0
149555693,39,2,0,0.04888227,0,0.037410017,0
149556040,39,1,0,3.0001632e-31,0,0.0,0
149556734,39,1,0,6.702196e-30,0,0.0,0
149556776,39,1,0,7.310296e-24,0,0.0,0
149556924,39,1,0,1.7195421e-28,0,0.0,0
149556981,39,1,0,1.2517148e-29,0,0.0,0
149560434,39,3,0,0.0026716958,0,0.010433156,0
149566791,39,1,0,0.19731458,0,0.62193555,0
149566798,39,5,0,0.012906851,0,0.038163524,0
149566960,39,4,0,0.0039250324,0,0.047045328,0
149566964,39,3,0,0.097129196,0,0.30093318,0
149567145,39,1,0,0.002655122,0,0.06759021,0
149567146,39,3,0,0.08822372,0,0.067709744,0
149567173,39,2,0,0.028887203,0,0.41228306,0
149567175,39,4,0,0.022307418,0,0.12124663,0
149567177,39,2,0,0.34238064,0,0.13664351,0
149567178,39,3,0,0.09571498,0,0.07895591,0
149567348,39,2,0,0.000103716644,0,0.0037762867,0
149567349,39,3,0,0.8240809,1,0.6258797,0
149567350,39,1,0,0.10949041,0,0.444363,0
149567351,39,2,0,0.0031290296,0,0.032544162,0
149567352,39,2,0,0.04389817,0,0.09437722,0
149567353,39,3,0,0.048028726,0,0.089951925,0
149567355,39,2,0,0.24135101,0,0.26288277,0
149567357,39,4,0,0.3647469,0,0.37098518,0
149567358,39,2,0,0.01204568,0,0.042017546,0
149567360,39,2,0,0.00069125614,0,0.000378125,0
149567361,39,1,0,0.049708087,0,0.5015777,0
149567365,39,4,0,0.26674515,0,0.32842803,0
149567366,39,2,0,0.036527306,0,0.15765315,0
149567368,39,3,0,0.35309038,0,0.4153361,0
149567373,39,3,0,0.120089486,0,0.18452275,0
149567381,39,3,0,0.0057592713,0,0.015211749,0
149567382,39,3,0,0.13548113,0,0.17468262,0
149567385,39,3,0,0.14409705,0,0.11650204,0
149567605,39,1,0,0.028214652,0,0.0377536,0
149567836,39,2,0,5.9613172e-05,0,0.0011789112,0
149567839,39,1,0,0.29503635,0,0.634817,0
149567862,39,1,0,0.02361974,0,0.03653619,0
149568051,39,3,0,0.5966027,0,0.8109492,0
149568452,39,1,0,0.00066072325,0,0.003471972,0
149568664,39,3,0,0.18426973,0,0.83649755,1
149569098,39,116,0,1.8690163e-22,0,3.116084e-31,0
149569105,39,1,0,0.0010407392,0,0.001738237,0
149569112,39,1,0,0.0077553643,0,0.020682514,0
149569356,39,1,0,0.0004902462,0,0.002331332,0
149569363,39,5,0,0.010008637,0,0.0050561493,0
149569447,39,2,0,0.03700146,0,0.00029398123,0
149569449,39,2,0,0.0007802619,0,0.0011419442,0
149569586,39,2,0,0.0075647193,0,0.0037643444,0
149569587,39,1,0,0.0016200569,0,0.0059075817,0
149569589,39,2,0,0.01754474,0,0.008088847,0
149570217,39,2,0,8.494431e-06,0,0.002548875,0
149570228,39,2,0,2.1529224e-06,0,4.0689874e-06,0
149570245,39,2,0,0.04208193,0,0.026469909,0
149570295,39,1,0,0.0010060593,0,0.0019437603,0
149570718,39,2,0,0.00018038436,0,0.0008171145,0
149570732,39,1,0,0.04949684,0,0.26943788,0
149570733,39,3,0,0.008472444,0,0.034453213,0
149570735,39,7,0,0.31553423,0,0.05989619,0
149570736,39,3,0,0.20139849,0,0.16414937,0
149570739,39,5,0,0.07299171,0,0.18394579,0
149570741,39,3,0,0.11717245,0,0.0759488,0
149570742,39,4,0,0.27707946,0,0.13411577,0
149570743,39,4,0,0.042361997,0,0.10953371,0
149571659,39,2,0,0.47172317,0,0.8206413,0
149571669,39,1,0,0.9759006,1,0.90812355,1
149572322,39,2,0,0.96899664,1,0.8584614,1
149574863,39,1,0,5.580939e-29,0,0.0,0
149575082,39,2,0,0.010412927,0,0.010851995,0
149575269,39,2,0,0.042240568,0,0.007921484,0
149575523,39,2,0,0.035955485,0,0.0065704216,0
149575529,39,2,0,0.0021653108,0,0.06303251,0
149575708,39,2,0,0.019077264,0,0.19192237,0
149575718,39,2,0,6.056746e-06,0,0.0007949213,0
149576538,39,1,0,9.436697e-30,0,0.0,0
149576866,39,1,0,0.35653892,0,0.413265,0
149577477,39,2,0,0.0060374327,0,0.06204696,0
149578568,39,1,0,3.643162e-27,0,0.0,0
149579623,39,2,0,0.0006798782,0,0.028422073,0
149581022,39,1,0,6.9369427e-26,0,0.0,0
149581500,39,1,0,1.1522115e-27,0,0.0,0
149582234,39,1,0,1.7704939e-30,0,0.0,0
149583032,39,1,0,5.404647e-31,0,0.0,0
149583447,39,1,0,1.9271235e-06,0,2.169661e-06,0
149583464,39,1,0,3.5324294e-06,0,3.9412457e-06,0
149583508,39,1,0,2.3659799e-27,0,0.0,0
149583899,39,1,0,1.0469612e-28,0,0.0,0
149585277,39,1,0,0.0016303337,0,0.04348392,0
149585998,39,1,0,1.3367768e-28,0,0.0,0
149587469,39,1,0,9.083756e-26,0,0.0,0
149588181,39,2,0,1.11587915e-05,0,3.635077e-07,0
149590943,39,2,0,0.23858346,0,0.70713073,0
149596030,39,2,0,7.687776e-10,0,2.82786e-07,0
149596203,39,2,0,1.4160333e-09,0,1.1463343e-05,0
149596405,39,2,0,5.9019083e-08,0,6.5246815e-05,0
149596407,39,2,0,1.8177954e-10,0,1.4023581e-06,0
149596410,39,2,0,4.7334836e-10,0,1.9336872e-05,0
149596415,39,2,0,5.120574e-11,0,7.422594e-07,0
149596432,39,3,0,1.5622158e-09,0,1.2269347e-08,0
149605448,39,1,0,2.914601e-22,0,9.473752e-20,0
149605643,39,1,0,1.6896547e-05,0,2.1758608e-05,0
149605800,39,1,0,5.301369e-06,0,0.00016981135,0
149605802,39,1,0,0.12837037,0,0.49917132,0
149605861,39,1,0,0.13438386,0,0.33886516,0
149605863,39,3,1,0.13372137,0,0.22456223,0
149605864,39,1,0,0.5055896,0,0.5358246,0
149627692,39,2,0,2.6205291e-09,0,1.2454943e-06,0
149627694,39,2,0,9.80571e-11,0,1.278861e-07,0
149627699,39,2,0,2.9586278e-09,0,1.0399165e-06,0
149627773,39,2,0,2.6829328e-10,0,1.1312434e-06,0
149627922,39,2,0,1.2688909e-09,0,8.340934e-07,0
149627934,39,2,0,4.23916e-10,0,1.8026059e-06,0
149627944,39,2,0,7.3326834e-07,0,1.7358539e-06,0
149628144,39,2,0,1.17303145e-08,0,0.0001318647,0
149628196,39,2,0,3.4056058e-07,0,9.2217946e-05,0
149628339,39,3,0,1.7122742e-08,0,3.6871802e-06,0
149635859,39,2,0,0.057483148,0,0.11016457,0
149636003,39,2,0,0.69880015,0,0.41792187,0
149642525,39,1,0,2.9462107e-24,0,4.5356505e-19,0
149662178,39,1,1,0.32322538,0,0.14091198,0
149686262,39,2,0,0.55560714,0,0.1303099,0
149687787,39,3,0,0.4991959,0,0.114675045,0
149691707,39,1,0,1.7889019e-34,0,0.0,0
149691712,39,129,0,9.993484e-30,0,2.3498943e-37,0
149697841,39,2,0,4.1776687e-13,0,9.535027e-08,0
149697870,39,2,0,1.9272255e-09,0,2.523502e-08,0
149698018,39,2,0,1.1690814e-10,0,4.658774e-07,0
149698020,39,2,0,3.958092e-09,0,1.0772436e-05,0
149698196,39,2,0,1.0189054e-10,0,3.372828e-07,0
149698204,39,2,0,1.5344e-10,0,2.0083287e-07,0
149698379,39,2,0,1.4476373e-10,0,2.7079966e-06,0
149698578,39,2,0,3.0169152e-11,0,1.8780354e-07,0
149698582,39,2,0,1.1054287e-11,0,2.1472252e-07,0
149698741,39,2,0,1.1138145e-10,0,4.5153914e-07,0
149698759,39,2,0,1.2154012e-11,0,1.6585271e-07,0
149699871,39,9,0,1.308456e-31,0,8.764966e-27,0
149701842,39,2,0,9.773444e-11,0,7.624843e-08,0
149701845,39,2,0,6.386173e-12,0,6.91476e-08,0
149702077,39,2,0,2.8125928e-12,0,1.9466039e-07,0
149702534,39,2,0,0.000625598,0,3.4878776e-06,0
149702721,39,2,0,1.3411587e-10,0,5.2585183e-05,0
149702838,39,2,0,3.235279e-13,0,1.0480287e-08,0
149704411,39,2,0,4.378178e-12,0,4.151118e-08,0
149704414,39,2,0,1.1382901e-09,0,5.122731e-07,0
149704419,39,2,0,2.5625724e-11,0,5.722782e-07,0
149704421,39,2,0,6.345134e-12,0,5.08416e-07,0
149704787,39,2,0,2.0639753e-08,0,4.7369394e-06,0
149704952,39,2,0,1.0609363e-09,0,1.1155397e-05,0
149705064,39,2,0,1.1485836e-10,0,1.0266891e-06,0
149705190,39,2,0,2.0812397e-11,0,4.327089e-07,0
149705268,39,2,0,4.1005144e-10,0,5.9880625e-07,0
149705272,39,2,0,1.0195624e-10,0,3.2116725e-07,0
149705279,39,2,0,4.5758855e-10,0,9.629095e-06,0
149705288,39,2,0,4.6167535e-11,0,1.3591135e-06,0
149705536,39,2,0,1.7699563e-12,0,9.974566e-09,0
149705540,39,2,0,1.9675984e-10,0,6.324824e-08,0
149705552,39,2,0,4.0812653e-10,0,1.0738138e-05,0
149705556,39,2,0,2.6666278e-10,0,6.7393696e-05,0
149705600,39,2,0,2.4577219e-11,0,1.3693001e-07,0
149705605,39,2,0,0.00011174181,0,1.4354181e-06,0
149705613,39,2,0,5.03535e-09,0,2.3827197e-05,0
149705617,39,2,0,1.2667446e-11,0,1.1754273e-07,0
149705621,39,2,0,4.888156e-11,0,2.7013525e-07,0
149707492,39,2,0,4.2794927e-30,0,0.0,0
149707497,39,2,0,3.7969825e-13,0,9.138405e-12,0
149707545,39,2,0,8.7292744e-13,0,7.846394e-09,0
149707731,39,2,0,5.576888e-09,0,3.300047e-06,0
149707987,39,2,0,4.5841364e-08,0,8.5631154e-07,0
149708968,39,2,0,2.6208613e-11,0,1.5233109e-06,0
149709242,39,2,0,2.6708243e-12,0,3.0381474e-07,0
149709253,39,2,0,4.98519e-12,0,4.1234202e-08,0
149709788,39,2,0,3.6394273e-11,0,2.671329e-08,0
149709792,39,2,0,2.6290473e-11,0,5.8781933e-07,0
149709793,39,2,0,4.2079083e-08,0,4.7276285e-06,0
149709797,39,2,0,1.5559457e-11,0,1.004929e-08,0
149709818,39,2,0,3.2634458e-14,0,7.862393e-09,0
149710201,39,2,0,2.2228554e-10,0,4.5161983e-06,0
149710202,39,2,0,7.234746e-11,0,1.4067945e-06,0
149710296,39,2,0,9.653396e-10,0,9.694137e-06,0
149710436,39,2,0,7.362015e-12,0,7.783827e-07,0
149710438,39,2,0,1.6592273e-10,0,2.057731e-06,0
149710443,39,2,0,5.0883356e-12,0,4.0908925e-09,0
149710449,39,2,0,7.6424055e-11,0,1.412717e-05,0
149712634,39,1,0,5.0397215e-09,0,1.7660183e-06,0
149714324,39,2,0,4.5502718e-10,0,4.520484e-07,0
149751920,39,1,0,0.01016153,0,0.0018208564,0
149751923,39,2,0,0.010704462,0,0.00032927256,0
149753094,39,2,0,2.3301614e-05,0,0.0010507075,0
149753097,39,2,0,1.4492349e-06,0,0.006141721,0
149753103,39,2,0,0.00035068573,0,0.017503176,0
149753105,39,2,0,0.023307333,0,0.021422021,0
149753108,39,2,0,2.6637701e-05,0,0.0076825456,0
149753117,39,2,0,0.0013488675,0,0.005786004,0
149753120,39,2,0,1.2785475e-05,0,0.00021123422,0
149753123,39,2,0,1.7043496e-05,0,0.00050635275,0
149753125,39,2,0,6.444044e-06,0,0.0024524585,0
149753128,39,2,0,5.5232167e-06,0,0.0005082747,0
149753132,39,2,0,0.000112988244,0,0.0013284183,0
149753138,39,2,0,0.0007818141,0,0.024943108,0
149753139,39,2,0,1.5607071e-06,0,0.0020032094,0
149753141,39,2,0,0.0026081807,0,0.058262516,0
149753145,39,2,0,0.010471181,0,0.10524802,0
149753147,39,2,0,0.04182683,0,0.060459822,0
149753151,39,2,0,0.15950002,0,0.15565433,0
149762345,39,1,0,4.5151647e-09,0,1.1401561e-06,0
149762982,39,1,1,0.16006246,0,0.19464591,0
149763077,39,2,0,6.1172505e-06,0,7.602182e-05,0
149763387,39,1,0,1.6740376e-05,0,0.00031038493,0
149774188,39,1,0,0.15494938,0,0.005834728,0
149774409,39,1,0,0.017592419,0,0.0003691352,0
149785207,39,1,0,0.14236435,0,0.24347213,0
149785359,39,1,0,0.009885712,0,0.016511753,0
149785404,39,2,0,0.14394628,0,0.07355868,0
149796884,39,1,0,0.0045796707,0,0.0032906232,0
149798110,39,1,0,0.08314064,0,0.042156693,0
149798246,39,1,0,0.027239805,0,0.05389354,0
149798422,39,1,0,0.19820207,0,0.1028278,0
149798584,39,1,1,0.10614145,0,0.64959997,0
149823959,39,33,0,1.2528001e-05,0,0.0002465272,0
149833120,39,1,0,7.699582e-06,0,0.00033093928,0
149833420,39,2,0,0.063118614,0,0.00013149314,0
150020105,39,1,0,4.0778566e-05,0,0.00019262584,0
150020258,39,1,0,0.0016041769,0,0.0027149958,0
150020701,39,1,0,0.35715416,0,0.22128563,0
150020806,39,1,0,0.025929729,0,0.11406735,0
150280422,39,1,0,0.0028147255,0,0.0058456697,0
150403732,39,4,0,0.04861339,0,0.29137865,0
150413125,39,1,1,0.87874013,1,0.94764227,1
150413127,39,1,1,0.87933964,1,0.94778156,1
150413143,39,1,1,0.31437594,0,0.20761505,0
150413145,39,1,1,0.40897843,0,0.22461937,0
150434526,39,6,0,0.00047012098,0,0.006122648,0
150839443,39,1,0,4.0058305e-05,0,0.00021258916,0
150866550,39,1,0,0.068079166,0,0.54220796,0
151183340,39,2,0,0.056004234,0,0.14309019,0
151187053,39,1,1,0.9241918,1,0.9891172,1
151187057,39,2,1,0.9153553,1,0.94232434,1
151190824,39,1,0,0.02583984,0,0.0051297676,0
151190965,39,2,1,0.48299423,0,0.70340717,0
151192199,39,1,0,0.0001384673,0,0.00040504563,0
151192648,39,2,1,0.010317188,0,0.043482095,0
151192988,39,3,0,5.8840146e-06,0,0.00010482588,0
151193187,39,1,0,8.890755e-05,0,0.0005871086,0
151193455,39,1,1,0.050685003,0,0.3598679,0
151193805,39,1,0,6.0665054e-05,0,0.004644387,0
151195593,39,2,1,0.9887473,1,0.897754,1
151200839,39,2,0,5.5955225e-06,0,5.3468786e-05,0
151200842,39,2,0,5.857656e-07,0,0.00012173559,0
151200845,39,2,0,1.7620981e-05,0,4.9932045e-05,0
151200949,39,1,0,0.00014617376,0,0.0011812988,0
151200952,39,2,0,4.518812e-07,0,1.0289955e-05,0
151200956,39,1,0,2.0126085e-05,0,0.000106115025,0
151202385,39,1,0,0.019212646,0,0.021302124,0
151202411,39,1,0,0.06549547,0,0.05960117,0
151203481,39,2,0,1.47789415e-05,0,3.594755e-05,0
151203489,39,2,0,6.1163814e-06,0,0.0002521545,0
151203504,39,2,0,9.498671e-06,0,4.5948575e-05,0
151206980,39,2,1,0.14832798,0,0.36656266,0
151210131,39,1,0,8.0582045e-05,0,0.0014991716,0
151211046,39,2,1,0.7586409,1,0.9922069,1
151211053,39,2,0,5.237439e-05,0,0.006751541,0
151217551,39,1,0,0.015390517,0,0.09053683,0
151217554,39,2,0,0.06297887,0,0.21173228,0
151222468,39,2,0,0.9733902,1,0.6207287,0
151222478,39,3,0,0.116154075,0,0.6417917,0
151223098,39,2,0,0.031764362,0,0.06009377,0
151223380,39,3,0,0.92706245,1,0.46729296,0
151223769,39,1,0,0.00019006705,0,0.0057790517,0
151223773,39,4,0,0.018120725,0,0.0630822,0
151224076,39,6,0,0.45669487,0,0.63124126,0
151224724,39,4,0,0.03885762,0,0.16367507,0
151224732,39,4,0,0.008583241,0,0.05026927,0
151227267,39,1,1,0.9999602,1,0.99997234,1
151227324,39,2,0,0.0033816292,0,0.008971003,0
151227879,39,1,0,2.278532e-09,0,2.1753237e-08,0
151227881,39,1,0,0.0025625888,0,0.007503011,0
151228201,39,1,0,0.0012750608,0,0.0012014174,0
151229968,39,4,0,0.10597966,0,0.15142182,0
151229972,39,1,0,9.283477e-05,0,0.00902613,0
151229975,39,3,0,0.0607468,0,0.06962803,0
151230204,39,4,0,0.052035566,0,0.04857345,0
151235261,39,2,0,0.123692565,0,0.65789574,0
151237618,39,2,0,0.936819,1,0.5391555,0
151238012,39,2,0,0.942506,1,0.90950435,1
151249246,39,1,0,0.03276027,0,0.32667333,0
151249253,39,1,0,0.01760914,0,0.02262807,0
151249264,39,2,0,0.0022382373,0,0.00018831114,0
151249353,39,1,0,0.00017519463,0,0.0009552736,0
151249374,39,1,0,0.10084232,0,0.18418702,0
151258418,39,2,0,0.06547447,0,0.0722103,0
151259051,39,1,0,0.003818963,0,0.0017405833,0
151264192,39,2,0,0.36087933,0,0.034709755,0
151264194,39,2,0,0.0051452904,0,0.03747022,0
151564883,39,2,0,4.8940925e-05,0,5.6397752e-05,0
151599761,39,1,1,0.18454823,0,0.050756644,0
151752242,39,1,1,0.20718352,0,0.7735828,0
151769971,39,1,0,8.752219e-06,0,4.3837714e-05,0
151776575,39,1,0,0.861359,1,0.8450333,1
152162148,39,2,0,9.452088e-06,0,2.0083942e-05,0
152340559,39,2,0,0.0013136663,0,0.012018669,0
152342510,39,1,0,0.0024059997,0,0.0008215185,0
152359024,39,1,1,0.8863642,1,0.97889245,1
152359025,39,1,1,0.041141424,0,0.36244422,0
152361795,39,26,0,0.00013254481,0,0.0031873446,0
152616724,39,1,0,0.00012487119,0,0.0009271747,0
152650997,39,2,0,3.3472743e-06,0,3.0437757e-06,0
152702148,39,2,0,0.0049562803,0,0.044951923,0
153191075,39,1,0,0.010932057,0,0.007469922,0
153487492,39,1,0,8.3475185e-05,0,0.00075559854,0
154678900,39,2,0,0.058776714,0,0.6253332,0
155508771,39,1,0,0.98859674,1,0.72787535,0
156747392,39,1,0,2.7640377e-05,0,0.0003325399,0
157183994,39,1,0,3.5623554e-05,0,0.00020034023,0
158222858,39,1,0,3.095701e-05,0,0.00038105843,0
160054606,39,2,0,4.633364e-06,0,3.5415003e-05,0
161393791,39,1,1,0.958735,1,0.9758542,1
161397347,39,1,1,0.54242724,0,0.761503,0
161397569,39,1,1,0.54831094,0,0.7661921,0
161398548,39,1,1,0.26533863,0,0.6194962,0
161399330,39,1,1,0.9115964,1,0.97120684,1
161400021,39,1,1,0.26455578,0,0.5135372,0
161400964,39,1,1,0.44218302,0,0.7541039,0
161406701,39,1,1,0.9468346,1,0.97633505,1
161409781,39,1,0,7.388851e-05,0,0.0015419576,0
161412045,39,1,1,0.92933714,1,0.97468513,1
161414170,39,1,1,0.2699188,0,0.623159,0
161424042,39,1,1,0.8987758,1,0.97258323,1
161441715,39,2,0,0.5305756,0,0.20763962,0
161475428,39,1,0,0.008194608,0,0.022270555,0
161486159,39,2,0,0.029780418,0,0.27200288,0
161490270,39,2,0,0.011975684,0,0.07513119,0
161583948,39,2,0,9.009883e-05,0,0.00014838843,0
161584194,39,2,0,1.497192e-06,0,3.2776265e-05,0
162419259,39,1,1,0.13377692,0,0.9517599,1
162421885,39,1,1,0.13337068,0,0.95176065,1
162424040,39,1,1,0.86521274,1,0.9867676,1
162424200,39,1,1,0.94222856,1,0.9623028,1
162424247,39,1,1,0.25903404,0,0.14077474,0
162425208,39,1,0,4.1755276e-05,0,0.0010363458,0
162428632,39,1,1,0.076961055,0,0.055915534,0
162433829,39,1,1,0.9312429,1,0.98096704,1
162434060,39,2,0,1.0061872e-05,0,5.2126055e-05,0
162434525,39,2,0,9.757998e-06,0,1.2432784e-05,0
162434531,39,2,0,1.1612912e-05,0,2.7203612e-05,0
162434599,39,2,0,2.1714682e-06,0,0.00012480584,0
162435482,39,1,1,0.9393717,1,0.96172124,1
162435501,39,2,0,2.1871847e-06,0,5.3625914e-05,0
162435684,39,1,0,8.3487605e-05,0,0.000119132135,0
162437519,39,1,1,0.93933237,1,0.9616633,1
162438319,39,1,1,0.9389034,1,0.96138203,1
162438330,39,1,0,0.00022465765,0,5.2195795e-05,0
162451117,39,2,0,0.005575974,0,0.5289706,0
162514393,39,1,0,0.0006405764,0,0.0037848123,0
172562,40,28,0,1.3836636e-07,0,1.243239e-07,0
797419,40,1,0,5.956589e-19,0,5.987817e-10,0
880825,40,9,0,1.1389895e-09,0,1.7142338e-06,0
886996,40,2,0,0.05487794,0,0.27526772,0
905123,40,21,0,8.3573397e-19,0,1.8620125e-12,0
924065,40,1,0,9.309645e-33,0,0.0,0
1255894,40,2,0,0.008403051,0,0.0043535554,0
1255910,40,1,0,0.045086026,0,0.0020096889,0
1261936,40,1,0,0.045680504,0,0.0069980407,0
1338889,40,1,0,7.4264054e-32,0,0.0,0
1342246,40,1,0,0.0,0,0.0,0
1343295,40,1,0,4.9107923e-05,0,0.002770162,0
1347516,40,4,0,3.5039475e-06,0,0.0025452103,0
1351021,40,1,0,1.1495263e-32,0,0.0,0
1351110,40,23,0,1.0568208e-08,0,6.949746e-12,0
2393072,40,1,1,0.32311758,0,0.65527683,0
3279974,40,14,0,7.6219915e-35,0,1.0408435e-15,0
3426501,40,18,0,6.62227e-11,0,5.9307713e-05,0
3814678,40,4,0,0.0014515608,0,0.011222395,0
3814868,40,14,0,1.8123384e-26,0,5.651374e-16,0
3814914,40,31,0,2.602825e-06,0,3.7867183e-05,0
4105224,40,1,0,8.513486e-07,0,1.2188061e-06,0
4261635,40,70,0,2.3678243e-10,0,2.1372721e-09,0
4669579,40,4,0,2.983815e-26,0,1.0039135e-12,0
4823515,40,2,0,0.00015198547,0,0.030955268,0
4860461,40,6,0,0.008153865,0,0.0010537851,0
6046631,40,7,0,1.6561068e-10,0,2.0466134e-05,0
6076330,40,1,0,1.6578377e-07,0,6.46182e-05,0
6245395,40,1,1,0.9966455,1,0.99999905,1
6266706,40,2,0,0.019321805,0,0.063074425,0
6851025,40,1,0,0.0017303432,0,0.12456394,0
6951204,40,1,0,0.002375008,0,0.018474042,0
6960653,40,1,0,0.00022404159,0,0.010403674,0
6975200,40,3,0,0.052253537,0,0.0062400443,0
6978169,40,2,0,0.0023803827,0,0.054045722,0
6978671,40,2,0,0.111815356,0,0.047722902,0
6978672,40,1,0,0.007140311,0,0.049233567,0
6978676,40,5,0,0.009180295,0,1.375447e-08,0
6978680,40,15,0,4.970217e-35,0,6.928614e-18,0
6979086,40,5,0,1.9351133e-07,0,0.0008106133,0
6979416,40,14,0,1.4868066e-35,0,1.3543616e-21,0
6979648,40,3,0,0.0033150907,0,0.0006738941,0
6979658,40,1,0,2.1180894e-31,0,0.0,0
6979659,40,1,0,0.015682658,0,0.024926737,0
6989909,40,4,0,7.118761e-31,0,3.9138182e-15,0
7244429,40,1,0,0.041172452,0,0.0462612,0
7590514,40,2,0,0.003307604,0,0.0010000241,0
7658107,40,4,0,3.6680223e-14,0,8.559118e-12,0
7817123,40,1,0,0.024312023,0,0.00034961407,0
7951563,40,9,0,1.8080132e-10,0,1.0958469e-12,0
7951587,40,16,0,2.4349842e-26,0,2.3114585e-31,0
7952088,40,1,0,0.012300161,0,0.019570967,0
7952092,40,46,0,3.0904445e-07,0,2.3505977e-07,0
7952270,40,1,0,2.9628032e-30,0,1.5854203e-38,0
7952321,40,9,0,8.323964e-34,0,1.5949618e-16,0
7952333,40,12,0,1.3098277e-26,0,2.123516e-18,0
7952929,40,2,0,1.026417e-10,0,3.5299327e-10,0
7952945,40,2,0,6.1311664e-05,0,0.0017616258,0
7971077,40,6,0,8.596105e-09,0,1.2021827e-06,0
9014737,40,1,0,0.004014907,0,0.010729933,0
9015009,40,6,0,0.0002726972,0,0.0005714314,0
9015011,40,6,0,0.0007909213,0,3.792157e-05,0
9138283,40,1,0,0.00025513725,0,0.0036995995,0
9534486,40,1,0,2.6499743e-27,0,3.3258633e-14,0
9904238,40,67,0,1.4931252e-11,0,3.164392e-10,0
9969789,40,21,0,7.772631e-13,0,5.350084e-07,0
10178929,40,2,0,1.10529115e-08,0,3.4754862e-06,0
10178973,40,2,0,0.31462035,0,0.063062236,0
10247466,40,4,0,1.4821685e-09,0,5.2853244e-05,0
12117243,40,84,0,1.43692445e-11,0,2.250596e-12,0
12462446,40,2,0,0.00699601,0,0.014056125,0
12843031,40,8,0,1.5974288e-06,0,0.0015559011,0
13344762,40,5,0,1.2153693e-10,0,2.4875066e-24,0
13425690,40,1,0,0.0032874718,0,0.008111048,0
13909471,40,25,0,1.3654099e-15,0,1.7153867e-07,0
13916444,40,7,0,9.929628e-06,0,0.0032523815,0
14193907,40,16,0,9.984824e-13,0,3.5008045e-26,0
14393317,40,17,0,6.3427544e-37,0,2.2510391e-26,0
14544722,40,2,0,0.0015602598,0,1.4853089e-14,0
15689800,40,4,0,7.41688e-06,0,2.7430644e-05,0
16812328,40,5,0,0.000423413,0,0.024142452,0
16838611,40,23,0,1.0842483e-11,0,1.7645675e-11,0
17290276,40,4,0,0.00011146352,0,0.0012317671,0
17290351,40,4,0,1.4067487e-09,0,3.614638e-05,0
17890509,40,10,0,5.3281446e-17,0,9.772442e-10,0
17932049,40,4,0,0.0154113835,0,6.209225e-07,0
18018237,40,3,0,4.8120768e-05,0,0.00047711763,0
18864639,40,5,0,5.973564e-08,0,1.3297967e-05,0
19229484,40,6,0,4.3685854e-05,0,0.0017189238,0
19263569,40,2,0,0.00035537983,0,0.005318571,0
19357391,40,5,0,0.45245618,0,0.14305845,0
19603231,40,1,0,0.0018998918,0,0.008133713,0
19675050,40,1,0,0.20137338,0,0.27526242,0
19754896,40,2,0,4.487356e-06,0,1.8585872e-05,0
19801917,40,2,0,6.7122644e-05,0,0.0006194734,0
21004667,40,1,0,6.6017556e-06,0,0.0005986306,0
21021259,40,2,0,0.006745523,0,0.067381516,0
22502070,40,1,0,4.2808146e-08,0,0.00014023519,0
22649404,40,13,0,1.568162e-10,0,1.6420947e-13,0
23344692,40,4,0,0.0006652219,0,0.012191341,0
24704981,40,14,0,9.166821e-39,0,0.0,0
26240495,40,1,0,0.0017422362,0,0.019987877,0
27282455,40,5,0,0.018576238,0,2.2648906e-10,0
27331982,40,3,0,1.4577547e-12,0,3.8888484e-06,0
27558167,40,1,0,7.853234e-05,0,0.011664291,0
27558169,40,12,0,3.832462e-12,0,1.1317139e-08,0
27558289,40,1,0,0.10756089,0,0.07297688,0
27558298,40,1,0,0.0067784647,0,0.056121916,0
27558306,40,1,0,5.0228056e-07,0,0.00032237225,0
27558494,40,1,0,0.0016565518,0,0.010920926,0
27559060,40,2,0,0.1740466,0,0.062101007,0
27607815,40,2,0,0.0050781886,0,0.00021817088,0
27765489,40,1,0,0.0044246144,0,0.037133288,0
27973222,40,3,0,0.0006495645,0,0.011906228,0
27998088,40,6,0,1.237782e-05,0,2.0348509e-05,0
28021032,40,2,0,0.00015171935,0,0.01883255,0
28476932,40,2,0,0.027814796,0,0.0071964683,0
28547465,40,54,0,5.2759507e-14,0,3.5291481e-12,0
28951670,40,1,0,0.0002450293,0,0.026397148,0
29185909,40,13,0,2.1257532e-10,0,4.306018e-05,0
29316477,40,2,0,8.314796e-18,0,5.00698e-07,0
30075078,40,1,0,2.2985008e-36,0,0.0,0
31168385,40,53,1,0.99492824,1,0.9971112,1
31466191,40,2,0,0.770496,1,0.6576968,0
32498112,40,1,1,0.9519571,1,0.9999008,1
32498113,40,1,1,0.9769771,1,0.95305413,1
32910001,40,1,0,1.6089428e-32,0,1.332974e-34,0
34234759,40,1,0,0.010313278,0,0.03455772,0
34331034,40,2,0,0.0018414494,0,0.001031361,0
34500205,40,2,0,2.823368e-07,0,0.0027044534,0
34751094,40,2,0,0.55316335,0,0.16476163,0
34879458,40,2,0,7.138202e-09,0,6.9672894e-09,0
36095108,40,2,0,0.0070935297,0,0.009600322,0
36284710,40,3,0,4.505293e-06,0,0.0010889258,0
36338162,40,3,0,0.0004387991,0,0.0075658467,0
36717437,40,3,0,1.008214e-06,0,5.275093e-05,0
36725599,40,1,0,0.00074578414,0,0.018100942,0
36729548,40,2,0,4.076437e-06,0,0.0009985575,0
36838022,40,84,0,1.945367e-12,0,2.0662755e-12,0
36866037,40,2,0,0.037040763,0,0.020775853,0
36901000,40,2,0,0.05288047,0,0.24534294,0
36901002,40,3,0,0.01114652,0,0.002473543,0
36971478,40,1,0,1.08938714e-07,0,6.192309e-13,0
37520166,40,14,0,3.9512214e-35,0,3.435337e-16,0
37704327,40,2,0,0.00038824667,0,0.0053234166,0
37791816,40,2,0,0.00031634944,0,0.01960797,0
38821430,40,1,0,6.5116823e-12,0,1.276746e-06,0
39954788,40,4,0,4.9654465e-18,0,1.8271644e-09,0
40709181,40,1,0,3.5884972e-05,0,2.3051975e-16,0
41846555,40,19,0,4.0362192e-17,0,6.420915e-07,0
44940541,40,3,0,0.19853058,0,0.071465,0
45002057,40,1,1,0.6762157,0,0.57696813,0
45430166,40,3,0,0.002954059,0,0.020722266,0
45431903,40,4,0,3.6342216e-09,0,8.7339526e-05,0
45432364,40,2,0,1.6308495e-12,0,3.2797413e-06,0
45432747,40,1,1,0.13894922,0,0.06958801,0
45476204,40,1,0,1.553747e-31,0,5.7833684e-29,0
46162256,40,3,0,0.17266357,0,0.20346725,0
46230282,40,59,0,1.1389904e-15,0,7.457727e-15,0
46319000,40,1,0,0.033941034,0,0.020934897,0
46325611,40,66,0,1.5320407e-09,0,1.9042869e-08,0
46328058,40,1,0,0.25228435,0,0.5088836,0
46329512,40,1,0,0.00019340355,0,0.0033094988,0
46329514,40,1,0,0.00035770508,0,0.0026036322,0
47367360,40,10,0,1.9778743e-05,0,0.0005276554,0
47590952,40,1,1,0.8730776,1,0.94704324,1
47755806,40,1,0,4.8433235e-06,0,2.9579875e-05,0
47777535,40,1,0,9.3038834e-35,0,0.0,0
47929412,40,1,0,8.269934e-05,0,8.718366e-05,0
47930947,40,4,0,0.0002381842,0,0.0024051412,0
47931493,40,2,0,0.028473707,0,0.069702044,0
48010230,40,3,0,0.03926358,0,0.08873269,0
48670415,40,1,0,2.6264627e-10,0,9.772386e-10,0
49432738,40,1,0,0.0025251075,0,0.007998135,0
49505906,40,1,0,0.0011760236,0,0.014528621,0
49505954,40,1,0,0.0018951704,0,0.01685023,0
49506981,40,1,0,5.0575177e-06,0,6.696918e-06,0
49508518,40,2,0,3.4203e-05,0,0.0028555684,0
49717542,40,1,0,0.12570345,0,0.008090362,0
51621542,40,1,0,9.5121595e-06,0,0.0064520906,0
52291382,40,1,0,0.022253253,0,0.0073551782,0
52293551,40,1,0,0.0,0,0.0,0
52307362,40,3,0,8.870569e-08,0,0.0004353904,0
52309847,40,1,0,1.8161687e-06,0,0.00017834238,0
52311679,40,1,0,1.3019467e-34,0,0.0,0
53252875,40,1,0,8.5929504e-33,0,0.0,0
53406347,40,1,0,8.811342e-39,0,0.0,0
53862689,40,6,0,0.00084038114,0,9.967578e-06,0
54141153,40,1,0,8.197066e-35,0,0.0,0
55137075,40,1,0,0.00019772384,0,0.0031021968,0
56719909,40,1,0,0.06460529,0,0.072482646,0
56781540,40,2,0,0.0015930997,0,0.0030960522,0
57091000,40,1,0,0.41280732,0,0.0068954052,0
57228978,40,7,0,9.2390255e-06,0,1.177996e-07,0
59376666,40,1,0,1.9780742e-05,0,3.0080997e-08,0
59376668,40,2,0,0.131694,0,0.23141564,0
59998756,40,3,0,0.0012759386,0,0.0011833333,0
60985498,40,2,0,4.836229e-05,0,0.0009475866,0
61189627,40,1,0,0.006281762,0,1.3970743e-09,0
62458720,40,1,0,1.2709568e-28,0,9.567571e-33,0
62898276,40,3,0,0.00015206014,0,0.0031225828,0
63071445,40,5,1,0.000281919,0,0.00067118957,0
63683376,40,2,0,0.0024026863,0,0.019256786,0
64400854,40,1,0,0.0,0,0.0,0
66411922,40,1,0,0.00017438762,0,0.0019797988,0
67195920,40,1,0,0.0,0,0.0,0
67196010,40,1,0,0.0016619309,0,0.09278932,0
67196205,40,1,0,0.0,0,0.0,0
67196725,40,1,0,0.0,0,0.0,0
67390627,40,3,0,0.073179424,0,0.6499517,0
67533631,40,1,0,4.4110536e-34,0,0.0,0
67774824,40,1,0,0.0,0,0.0,0
68337049,40,1,0,0.00015273367,0,0.00410886,0
70364893,40,2,0,3.9923275e-19,0,4.0660053e-10,0
72246251,40,1,0,0.0011649455,0,0.1660773,0
74105751,40,1,0,1.0923562e-07,0,0.00075430825,0
74108125,40,1,0,0.0023146304,0,0.012835218,0
75723181,40,1,0,0.0035269193,0,0.0023076301,0
76202814,40,1,0,4.2144415e-33,0,0.0,0
76257189,40,4,0,8.111775e-08,0,0.00013972132,0
76258823,40,4,0,0.000996763,0,0.012204033,0
77194240,40,3,0,7.8075514e-05,0,0.0034255497,0
77485715,40,11,0,7.1546074e-06,0,1.4887617e-09,0
77997482,40,3,0,4.6017425e-09,0,1.3134044e-06,0
78065983,40,2,1,0.00011549501,0,0.00016667931,0
78551177,40,6,0,1.3362524e-12,0,1.2994508e-08,0
79269156,40,1,0,0.114254504,0,0.3252672,0
80579048,40,1,0,7.511716e-08,0,7.918064e-08,0
80587765,40,1,0,0.0034162223,0,0.0052602505,0
80598123,40,1,0,9.228366e-08,0,1.38127545e-08,0
80609980,40,1,0,9.737341e-06,0,1.3656692e-07,0
80664766,40,82,0,4.675199e-13,0,1.942034e-12,0
80666995,40,8,0,1.1918767e-12,0,5.8040894e-10,0
80668138,40,1,0,1.1289344e-09,0,4.0005426e-09,0
80668142,40,4,0,6.434748e-09,0,1.5518134e-08,0
80972279,40,2,0,0.0,0,0.0,0
81025289,40,1,0,3.5026342e-06,0,7.1909635e-06,0
81332231,40,1,0,0.0002838065,0,0.0015818112,0
81352829,40,1,0,0.0033742816,0,8.5974825e-05,0
81353312,40,1,0,0.0010914505,0,0.0023938802,0
81394448,40,1,0,2.647376e-13,0,5.1912827e-14,0
81396275,40,1,0,3.6038937e-06,0,3.765501e-06,0
81401933,40,1,0,3.2139422e-05,0,6.386628e-05,0
83029144,40,1,0,9.974446e-14,0,5.213802e-06,0
84045292,40,2,0,6.997152e-05,0,2.6687352e-13,0
84169886,40,5,0,9.349159e-12,0,1.4740787e-06,0
84626897,40,3,0,0.21948625,0,0.4323573,0
84823318,40,3,0,3.3495027e-09,0,2.0505847e-06,0
84887530,40,2,0,0.9500921,1,0.92498416,1
85001791,40,1,1,0.9508565,1,0.9573325,1
85777812,40,1,0,2.7722794e-35,0,0.0,0
86045485,40,2,0,9.752362e-34,0,0.0,0
86462407,40,6,0,0.00015803789,0,8.569228e-16,0
86500037,40,1,0,4.9636877e-32,0,1.0597321e-33,0
86656021,40,1,1,0.6703682,0,0.7255183,0
87031793,40,1,0,1.0141368e-06,0,3.1297513e-05,0
87034564,40,2,0,0.1479197,0,0.032985263,0
87185274,40,1,0,2.7450504e-31,0,0.0,0
87189033,40,1,0,0.011988363,0,0.0007474942,0
87189041,40,1,0,5.688518e-05,0,0.00025722903,0
87192208,40,3,0,0.0630712,0,0.019527152,0
87253392,40,4,0,0.0073224735,0,5.9392983e-06,0
87265797,40,1,0,2.8746284e-15,0,1.2071412e-06,0
87579114,40,4,0,0.065180056,0,0.089875095,0
88047464,40,1,0,0.26395148,0,0.01794413,0
88100245,40,2,0,8.56422e-10,0,5.0192943e-06,0
88628542,40,1,0,0.0024498887,0,0.06774892,0
88642839,40,30,0,6.333756e-12,0,3.296608e-11,0
89034204,40,1,0,0.002383525,0,0.003148289,0
90548787,40,1,0,0.020066814,0,0.032820575,0
90639662,40,1,0,0.068743624,0,0.17514111,0
90640249,40,1,0,0.0,0,0.0,0
90640293,40,1,0,4.2630643e-32,0,1.5463831e-34,0
91179671,40,1,0,7.80075e-06,0,0.00024472605,0
91454748,40,1,0,0.004391882,0,0.0007976788,0
91766194,40,1,0,7.957413e-08,0,4.447623e-09,0
92734991,40,5,0,0.00091287727,0,0.0055891513,0
93331428,40,1,0,0.06623208,0,0.05610565,0
94542699,40,1,0,2.889297e-05,0,0.0013232593,0
94636584,40,3,0,4.0201026e-06,0,0.0004319272,0
95047190,40,2,0,0.86459184,1,0.43725374,0
95143863,40,4,0,1.5479622e-05,0,1.4746819e-06,0
95793133,40,1,0,0.0,0,0.0,0
95960009,40,1,0,1.2985879e-35,0,0.0,0
96056238,40,1,0,8.27893e-05,0,0.0008255474,0
96057658,40,1,0,5.4382313e-06,0,0.00030297745,0
96242910,40,2,0,0.0045535476,0,0.008293842,0
96254943,40,1,0,0.00038698057,0,0.0102178035,0
96254996,40,1,0,1.0695487e-32,0,4.7423083e-34,0
96255480,40,2,0,0.0,0,0.0,0
96255506,40,1,0,0.0,0,0.0,0
96256375,40,1,0,1.8574994e-32,0,6.7079855e-35,0
96256414,40,2,0,1.1742215e-32,0,3.1279873e-35,0
96256421,40,2,0,0.0024829393,0,1.0888012e-05,0
96256777,40,1,0,3.266212e-32,0,5.355567e-34,0
96256781,40,2,0,5.600292e-33,0,4.6782864e-35,0
96256789,40,2,0,0.04487695,0,0.00041685536,0
96257955,40,1,0,1.0681228e-30,0,9.59632e-29,0
96258274,40,1,0,0.0,0,0.0,0
96258738,40,2,0,0.0,0,0.0,0
96259706,40,1,0,6.21366e-05,0,0.0004913932,0
96260067,40,1,0,0.0013825248,0,0.16625397,0
96260827,40,39,0,1.1275189e-05,0,5.7262267e-10,0
96261183,40,2,1,0.078504235,0,0.21139,0
96261185,40,2,0,0.006101077,0,0.0149639305,0
96261189,40,1,1,0.939487,1,0.98103297,1
96261194,40,1,1,0.97600114,1,0.9949668,1
96261684,40,1,1,0.9750012,1,0.9938572,1
96262516,40,1,0,0.026916487,0,0.07718074,0
96264624,40,7,0,2.2310749e-05,0,8.663574e-13,0
96295586,40,2,0,0.006001112,0,0.018533774,0
96295947,40,2,1,0.006607097,0,0.04226553,0
96297994,40,1,0,0.029343119,0,0.025209831,0
96298259,40,1,0,0.46548873,0,0.21181321,0
96300185,40,1,0,0.002959885,0,0.017788112,0
96300732,40,4,0,0.0003615256,0,0.02576765,0
96301468,40,1,1,0.26908022,0,0.2949582,0
96301553,40,3,0,0.30317283,0,0.18150786,0
96301558,40,2,0,0.027627986,0,0.11947436,0
96301561,40,1,0,0.09633471,0,0.4198274,0
96301568,40,1,0,0.0713732,0,0.23069865,0
96301773,40,2,0,0.0020559367,0,0.006015151,0
96301783,40,3,0,0.025671815,0,0.008436164,0
96301969,40,2,0,0.001964988,0,0.041525066,0
96301970,40,1,0,9.301719e-07,0,7.659631e-06,0
96301988,40,1,0,0.035826564,0,0.14294802,0
96302406,40,2,0,0.3790566,0,0.13207832,0
96302407,40,1,0,0.00049219944,0,0.000761262,0
96302410,40,1,0,0.73253536,1,0.5736028,0
96302536,40,2,0,0.028638147,0,0.0038462982,0
96302544,40,2,0,0.004154596,0,0.009501294,0
96302545,40,1,0,0.07724037,0,0.15706418,0
96302549,40,2,0,0.022751536,0,0.08279401,0
96304661,40,4,0,2.158737e-12,0,8.166279e-23,0
96304812,40,1,0,2.8683627e-07,0,4.0624275e-08,0
96304815,40,1,0,2.3908663e-06,0,5.5937632e-09,0
96305134,40,1,0,6.026514e-06,0,0.0006436881,0
96311795,40,2,0,5.3357573e-30,0,1.3897055e-34,0
96311806,40,1,0,0.0003237746,0,0.004195441,0
96312180,40,3,0,0.0010170058,0,0.0003804209,0
96312183,40,2,0,0.035445537,0,0.0148835555,0
96317642,40,1,0,2.88002e-06,0,2.8747578e-05,0
96318703,40,1,0,0.05234444,0,0.01221897,0
96318989,40,2,0,0.004659025,0,0.020800658,0
96319696,40,5,0,1.2762729e-08,0,0.00013543617,0
96319936,40,2,0,0.00074517,0,0.015714746,0
96320585,40,1,0,1.21989e-08,0,1.7711014e-05,0
96558348,40,12,0,7.657855e-06,0,5.468119e-11,0
96558511,40,1,0,0.004428147,0,0.017450953,0
96558514,40,2,0,4.234577e-06,0,0.0016950589,0
96558885,40,2,0,0.0,0,0.0,0
96558934,40,4,0,0.00028817914,0,0.0024462338,0
96558938,40,1,0,0.005008404,0,0.033239476,0
96558942,40,1,0,0.014977805,0,0.0094621,0
96558945,40,1,0,2.5478406e-36,0,0.0,0
96559214,40,2,0,1.2194638e-35,0,0.0,0
96562112,40,19,0,0.0,0,1.5680498e-38,0
96562675,40,1,0,4.0671135e-33,0,0.0,0
96562963,40,1,0,0.0,0,0.0,0
96562968,40,1,0,1.2133042e-31,0,1.0582536e-33,0
96563306,40,1,0,0.0,0,0.0,0
96563984,40,1,0,2.605914e-36,0,0.0,0
96563988,40,1,0,2.7164816e-35,0,0.0,0
96564437,40,1,0,1.1063446e-25,0,3.9801763e-20,0
96564667,40,1,0,2.2542986e-31,0,7.777398e-34,0
96564682,40,1,0,8.337472e-06,0,6.804379e-05,0
96564952,40,2,0,1.72025e-29,0,1.818884e-33,0
96564983,40,2,0,5.7290954e-34,0,9.0758474e-36,0
96564990,40,1,0,7.1883087e-34,0,4.4349875e-30,0
96565250,40,1,0,6.0813975e-12,0,6.402677e-06,0
96565582,40,1,0,2.792741e-37,0,0.0,0
96565661,40,1,0,2.3949667e-11,0,1.45265685e-05,0
96565685,40,2,0,3.5686524e-05,0,0.00029516895,0
96565689,40,1,0,7.925927e-33,0,4.2451908e-35,0
96565828,40,1,0,4.433318e-06,0,2.1044782e-05,0
96565839,40,1,0,0.005993971,0,0.030714441,0
96566387,40,2,0,9.474985e-34,0,0.0,0
96566391,40,1,0,1.2930713e-35,0,0.0,0
96566398,40,2,0,0.0,0,0.0,0
96566499,40,1,0,3.6529796e-31,0,3.4446753e-34,0
96567159,40,1,0,1.3114046e-05,0,1.4747211e-06,0
96567170,40,2,0,5.3904225e-30,0,2.0029336e-33,0
96567176,40,1,0,3.1211584e-05,0,0.00019645406,0
96567189,40,2,0,1.0265401e-33,0,0.0,0
96567464,40,2,0,0.00082122895,0,9.577055e-07,0
96567719,40,3,0,0.0052211685,0,0.018217739,0
96567720,40,2,0,0.003558043,0,0.0030304168,0
96568211,40,2,0,1.5588119e-30,0,8.002329e-34,0
96568341,40,2,0,0.00027101918,0,9.578548e-06,0
96568345,40,1,0,0.0054690437,0,0.0027647505,0
96568492,40,1,0,0.0011553653,0,0.0005626193,0
96568656,40,1,0,2.7776723e-09,0,0.0005196708,0
96568911,40,1,0,2.2736494e-34,0,0.0,0
96568915,40,1,0,1.8371193e-10,0,4.1929892e-05,0
96569043,40,1,0,0.0,0,0.0,0
96569050,40,2,0,0.005063031,0,0.001120989,0
96569163,40,1,0,1.349229e-31,0,1.8389268e-34,0
96569266,40,1,0,5.2110715e-26,0,3.9100266e-38,0
96569403,40,1,0,0.004203641,0,0.0006733869,0
96569544,40,1,1,0.020079326,0,0.09311119,0
96569547,40,1,1,0.9331063,1,0.9396258,1
96569550,40,1,1,0.96064055,1,0.95983076,1
96569551,40,1,1,0.97005343,1,0.9566814,1
96569553,40,1,1,0.95901877,1,0.9441339,1
96570110,40,25,0,1.3238419e-05,0,1.1422685e-12,0
96570116,40,14,0,1.1097749e-05,0,0.0005144454,0
96570123,40,1,0,0.020075977,0,0.006524205,0
96570124,40,1,0,0.06416808,0,0.038832366,0
96570527,40,1,1,0.9179234,1,0.9726106,1
96570531,40,27,0,2.315794e-06,0,6.183675e-11,0
96571178,40,5,0,0.008574623,0,1.09708435e-05,0
96571183,40,2,0,0.00010136194,0,0.0109450985,0
96571185,40,1,0,0.26160932,0,0.1412504,0
96571186,40,1,0,0.012148509,0,0.038757578,0
96571497,40,1,0,5.5874856e-19,0,2.6050003e-07,0
96571507,40,1,0,0.008242908,0,0.05120224,0
96571509,40,1,0,1.3642791e-07,0,5.949273e-09,0
96571518,40,2,0,0.0017644084,0,0.04154849,0
96574884,40,12,0,4.1341764e-06,0,3.3909628e-10,0
96576022,40,3,0,0.0,0,3.1174908e-36,0
96577132,40,2,0,0.0015481808,0,0.14413987,0
96577996,40,2,0,0.037517693,0,0.00063197,0
96578001,40,3,0,0.00017086414,0,0.0002133002,0
96578042,40,4,0,0.026197037,0,0.09446787,0
96578048,40,1,0,0.016184244,0,0.05028823,0
96578733,40,2,0,0.41287184,0,0.1710901,0
96578735,40,2,0,0.42068842,0,0.7605993,0
96579303,40,1,0,0.051730298,0,0.20850143,0
96579449,40,1,0,1.5069376e-05,0,8.1692786e-05,0
96580204,40,1,1,0.007968023,0,0.03848701,0
96580278,40,2,0,0.16953093,0,0.104731,0
96580289,40,1,0,1.0263934e-05,0,0.00018308705,0
96580297,40,3,1,0.14386496,0,0.014118198,0
96580298,40,1,1,0.14824356,0,0.09160081,0
96580300,40,2,0,0.06657637,0,0.12868254,0
96580305,40,3,0,0.21806921,0,0.23818302,0
96580987,40,2,0,0.07739084,0,0.08282843,0
96580998,40,2,0,2.322301e-10,0,0.00018515739,0
96581586,40,5,1,0.33900955,0,0.5615783,0
96581589,40,2,1,0.7271538,1,0.7506939,0
96582546,40,4,0,0.3457769,0,0.029768817,0
96582588,40,4,0,0.009649583,0,0.0064965254,0
96582865,40,2,0,0.009714635,0,0.003150539,0
96582924,40,1,0,0.22413263,0,0.26214474,0
96583455,40,4,0,0.035008874,0,0.020299885,0
96583653,40,1,0,0.016093781,0,0.0242923,0
96583654,40,1,0,0.012785691,0,0.12409799,0
96583770,40,1,0,0.042233225,0,0.26802683,0
96583785,40,2,0,0.063418224,0,0.020931562,0
96583997,40,1,0,0.00010976619,0,0.0011527127,0
96584148,40,2,0,0.011281907,0,0.0019270263,0
96584303,40,1,0,0.5569821,0,0.88841176,1
96584663,40,1,0,5.2553505e-06,0,7.4404095e-05,0
96584824,40,5,0,0.00033740842,0,6.56336e-05,0
96584826,40,4,0,0.05429777,0,0.0049632485,0
96584828,40,3,0,0.0009538152,0,0.006807702,0
96584834,40,2,0,0.0012354308,0,0.0062691714,0
96584835,40,1,0,0.004272961,0,0.0115042385,0
96584836,40,2,0,0.00016308187,0,0.0038640667,0
96584837,40,2,0,0.0293688,0,0.23003976,0
96584844,40,3,0,0.06321301,0,0.025948703,0
96584846,40,2,0,0.0043634092,0,0.011205111,0
96584847,40,2,0,0.02881603,0,0.01232401,0
96584848,40,5,0,0.6635508,0,0.2574348,0
96584852,40,2,0,0.00020517253,0,0.0019129699,0
96584896,40,6,0,0.027363611,0,0.0016272515,0
96584900,40,4,0,0.0064691543,0,0.0005680158,0
96585090,40,3,0,0.23550422,0,0.19619478,0
96585092,40,1,0,4.889962e-06,0,4.2504103e-05,0
96589021,40,1,0,1.414986e-20,0,2.8036283e-11,0
96591382,40,2,0,6.2846066e-17,0,3.290313e-07,0
96592211,40,1,0,0.0010854474,0,0.000107186,0
96592855,40,3,0,6.4487537e-17,0,5.1282643e-07,0
96594944,40,1,0,0.0013039092,0,0.0068494417,0
96594947,40,1,0,0.00356501,0,0.01033431,0
96594954,40,1,0,0.0014995522,0,0.007621812,0
96595215,40,1,0,0.0026418627,0,0.012529371,0
96595239,40,3,0,0.0009840535,0,0.00945184,0
96595496,40,3,0,1.16698205e-11,0,3.0777475e-05,0
96595589,40,1,0,0.0020835954,0,0.079543374,0
96595711,40,1,0,0.013259537,0,0.022361537,0
96596603,40,33,0,1.047162e-11,0,9.269574e-16,0
96596928,40,2,0,0.14896037,0,5.0217604e-06,0
96596931,40,1,0,6.0252944e-05,0,0.0030175075,0
96610478,40,2,0,1.5011557e-05,0,0.0026995467,0
96615220,40,1,0,0.1388593,0,0.36867517,0
96617062,40,1,0,0.01358509,0,0.13254003,0
96621541,40,15,0,0.00013582778,0,0.00023754511,0
96642764,40,3,0,0.0022325378,0,0.07652634,0
96645694,40,1,0,0.077053204,0,0.048910856,0
96646659,40,2,0,0.24850519,0,0.31584993,0
96651531,40,9,0,2.4748048e-09,0,2.4682489e-08,0
96653243,40,5,0,6.3126326e-10,0,5.0950273e-08,0
96653769,40,1,0,0.0012475407,0,0.0400684,0
96654838,40,1,0,8.689652e-10,0,5.3599168e-05,0
96654950,40,2,0,3.292674e-11,0,4.2186634e-06,0
96655080,40,2,0,3.170444e-11,0,3.3158907e-05,0
96655169,40,1,0,3.6388506e-15,0,4.369838e-06,0
96655943,40,3,0,3.3042886e-06,0,0.00054184656,0
96656242,40,2,0,0.00011752652,0,0.0027155017,0
96658368,40,1,0,7.808869e-14,0,2.8814684e-05,0
96658618,40,2,0,2.610275e-06,0,0.0075294464,0
96658650,40,1,0,0.0,0,2.2868712e-34,0
96661157,40,1,0,2.650032e-14,0,2.2758655e-05,0
96664519,40,2,0,0.00046345164,0,0.5510632,0
96666459,40,2,0,0.00010714247,0,0.012797681,0
96674330,40,4,0,0.001734695,0,0.016102096,0
96674597,40,2,0,0.0072080307,0,0.23677236,0
96674599,40,1,0,0.00024661582,0,0.013548638,0
96674605,40,2,0,0.00092143187,0,0.034638204,0
96675147,40,4,0,5.9039183e-07,0,6.255205e-05,0
96681128,40,1,0,0.0010298387,0,0.004638179,0
96681131,40,2,0,0.0060894843,0,0.008811571,0
96681142,40,2,0,0.009769451,0,0.20407248,0
96690352,40,1,0,1.0200671e-12,0,5.198774e-10,0
96703683,40,2,0,7.482582e-06,0,0.00031075563,0
96704304,40,2,0,0.015890464,0,0.18797532,0
96704448,40,1,0,0.006477922,0,0.0071280776,0
96705380,40,2,0,0.048866834,0,0.23160523,0
96705793,40,1,0,1.7375823e-10,0,8.8239585e-07,0
96706402,40,31,0,2.1006076e-07,0,1.6259818e-09,0
96923963,40,3,0,0.055137657,0,9.250408e-06,0
96924240,40,1,1,0.96048915,1,0.9988403,1
96924242,40,2,1,0.838088,1,0.062242974,0
96924252,40,2,1,0.9673561,1,0.9955782,1
96925114,40,1,1,0.9074473,1,0.96511024,1
96925121,40,2,1,0.9140088,1,0.9678623,1
96925332,40,2,1,0.9540706,1,0.97563565,1
96925342,40,2,1,0.81074834,1,0.992546,1
96925593,40,1,1,0.20605221,0,0.33282277,0
96926546,40,2,1,0.9407113,1,0.7126917,0
96927272,40,1,1,0.20601593,0,0.332629,0
96928060,40,3,0,0.0246152,0,0.0039227265,0
96928334,40,1,1,0.95082986,1,0.9536922,1
96928352,40,1,1,0.9257295,1,0.749981,0
96928354,40,3,0,0.006404537,0,0.16411053,0
96929263,40,3,1,0.89968383,1,0.9978327,1
96929269,40,2,0,7.2164666e-35,0,0.0,0
96929850,40,1,1,0.94465303,1,0.78213155,0
96930118,40,1,1,0.9915417,1,0.9995239,1
96930221,40,2,0,1.472661e-35,0,0.0,0
96930234,40,1,0,0.0,0,0.0,0
96930818,40,2,0,0.011446091,0,0.04274299,0
96930820,40,1,0,0.0026196935,0,0.014683951,0
96930821,40,1,0,0.017994419,0,0.04749484,0
96930825,40,1,0,0.004861284,0,0.0068049305,0
96930826,40,1,0,0.088098004,0,0.30337155,0
96930827,40,3,0,0.008881847,0,0.010117816,0
96930828,40,3,0,4.28697e-05,0,1.5932463e-06,0
96930864,40,2,0,0.0072261654,0,0.086930454,0
96930873,40,2,0,0.00045181427,0,0.009609538,0
96931071,40,2,0,3.8015358e-07,0,1.608538e-06,0
96931073,40,3,0,0.0034194053,0,0.014273102,0
96931078,40,2,0,0.00043417956,0,9.651132e-06,0
96931079,40,2,0,0.028226053,0,0.07842925,0
96931088,40,1,0,0.10942591,0,0.12410859,0
96931098,40,2,0,1.635668e-05,0,3.5149835e-05,0
96931670,40,1,0,0.00093014986,0,0.010826785,0
96931897,40,1,0,0.00071534317,0,0.018325662,0
96931899,40,1,0,0.024029113,0,0.06847407,0
96932182,40,2,0,8.8955705e-32,0,0.0,0
96932184,40,1,0,5.434914e-05,0,0.00021674813,0
96932187,40,1,0,0.0050999317,0,0.098882966,0
96932189,40,1,0,5.949912e-08,0,3.6587899e-06,0
96932437,40,2,0,0.00061062723,0,0.0026618063,0
96932440,40,1,0,1.2395158e-07,0,7.697681e-06,0
96932441,40,1,0,1.1854124e-28,0,5.7584737e-28,0
96932442,40,2,0,4.972465e-31,0,0.0,0
96932445,40,2,0,0.0008521748,0,1.6282738e-05,0
96932447,40,2,0,1.2951233e-30,0,8.095053e-34,0
96932449,40,2,0,1.4341132e-29,0,0.0,0
96932456,40,2,0,8.424241e-33,0,0.0,0
96932460,40,1,0,1.4539986e-06,0,0.0041205524,0
96932462,40,2,0,0.0031917335,0,0.004254415,0
96932471,40,2,0,0.00014980054,0,0.010893811,0
96932479,40,2,0,0.0,0,0.0,0
96932674,40,2,0,2.4720042e-30,0,5.343976e-34,0
96933301,40,3,0,0.0024447911,0,0.01947989,0
96933830,40,2,0,0.022082165,0,0.0031888399,0
96934139,40,1,0,7.890587e-06,0,3.8287195e-05,0
96934403,40,1,0,0.7430622,1,0.3852694,0
96934681,40,2,1,0.96790904,1,0.9727955,1
96936902,40,21,0,0.0,0,0.0,0
96938644,40,2,0,1.5445337e-05,0,0.009249402,0
96939140,40,2,1,0.11145436,0,0.0019703787,0
96939408,40,2,1,0.9628883,1,0.69719917,0
96939427,40,1,1,0.8854982,1,0.9999918,1
96939966,40,2,1,0.9249364,1,0.9975128,1
96940886,40,3,0,2.0423998e-32,0,1.5817868e-34,0
96941147,40,2,0,8.328038e-32,0,5.352568e-33,0
96942259,40,2,0,0.0,0,0.0,0
96942810,40,1,0,1.0811129e-31,0,1.0335499e-33,0
96943473,40,1,0,0.27215657,0,0.5240896,0
96944071,40,1,0,0.052022126,0,0.2753748,0
96944106,40,1,0,2.0949877e-30,0,1.1345957e-33,0
96944115,40,1,0,0.0,0,0.0,0
96945447,40,2,0,0.0008390777,0,0.0018219089,0
96946114,40,1,0,1.4567723e-10,0,1.0995282e-11,0
96947649,40,1,0,3.2296094e-34,0,0.0,0
96948070,40,2,0,0.0007219493,0,0.016786829,0
96948080,40,3,0,0.13292351,0,0.19451289,0
96948089,40,3,0,1.822738e-06,0,8.01498e-11,0
96948093,40,1,0,1.6324094e-06,0,1.2352017e-09,0
96948103,40,1,0,0.0,0,0.0,0
96948361,40,1,0,3.985393e-32,0,0.0,0
96948889,40,1,0,1.6067102e-32,0,1.0429465e-29,0
96949700,40,2,0,7.50923e-05,0,7.082655e-07,0
96949768,40,2,0,0.0087715145,0,0.022279298,0
96949997,40,3,0,0.003294175,0,0.005396522,0
96950018,40,1,0,1.2216606e-05,0,0.014646867,0
96950113,40,1,0,0.0053419634,0,0.004935785,0
96950252,40,1,0,1.6770139e-35,0,0.0,0
96950545,40,1,0,3.540076e-31,0,1.6204592e-27,0
96950550,40,1,0,1.6655042e-05,0,0.0009542987,0
96950560,40,2,0,1.19371415e-32,0,0.0,0
96950566,40,1,0,0.0,0,0.0,0
96950572,40,1,0,0.0,0,0.0,0
96950584,40,1,0,0.0,0,0.0,0
96950625,40,2,0,0.00025406046,0,1.1029199e-05,0
96951086,40,3,0,0.0011342252,0,0.01959298,0
96951304,40,1,0,0.00065128284,0,0.19146399,0
96951550,40,2,0,4.504369e-06,0,2.0168575e-10,0
96951800,40,3,0,0.043349333,0,0.11251663,0
96952671,40,2,0,0.0006895521,0,0.001846061,0
96952919,40,2,0,0.00064773986,0,0.7923016,0
96953111,40,1,0,1.354242e-05,0,0.00011470716,0
96953133,40,2,0,0.004878884,0,0.0023010122,0
96953674,40,1,0,1.288864e-30,0,8.3040106e-35,0
96953903,40,1,0,1.5154721e-35,0,0.0,0
96953921,40,2,0,0.0032963604,0,0.0762141,0
96954175,40,2,0,0.0,0,0.0,0
96954444,40,2,0,0.037755392,0,0.07622875,0
96954594,40,1,0,3.1284034e-36,0,0.0,0
96954603,40,3,0,8.840079e-09,0,5.6241875e-06,0
96954607,40,1,0,8.6421074e-05,0,4.8029797e-08,0
96955560,40,2,0,6.796783e-32,0,4.8933527e-33,0
96955866,40,2,0,0.0012942145,0,0.0019713335,0
96956127,40,2,0,0.336529,0,0.0940338,0
96956384,40,1,0,3.418464e-29,0,5.211427e-27,0
96956708,40,1,0,4.064667e-31,0,0.0,0
96957287,40,2,0,0.0035547668,0,0.006495519,0
96957299,40,1,0,0.0,0,0.0,0
96957326,40,3,1,0.53943115,0,0.8442274,1
96957328,40,1,1,0.12747265,0,0.3510587,0
96957336,40,1,1,0.60299766,0,0.9961389,1
96958759,40,3,0,0.002752734,0,0.0054885144,0
96958874,40,1,1,0.15801355,0,0.9656204,1
96959542,40,2,1,0.93086785,1,0.9964959,1
96959547,40,5,0,2.2098504e-07,0,0.0029162364,0
96959863,40,1,1,0.05672797,0,0.23628758,0
96960021,40,2,0,0.00202875,0,0.005372833,0
96960278,40,1,0,0.08108178,0,0.17190649,0
96960281,40,2,0,0.22882646,0,0.12712283,0
96961445,40,2,0,0.0016815923,0,5.9302166e-28,0
96961708,40,5,0,9.141988e-10,0,6.18078e-17,0
96961846,40,1,0,0.00195984,0,0.026676966,0
96962483,40,2,0,0.01770392,0,0.014390829,0
96963043,40,2,0,0.004342924,0,0.0009388604,0
96963337,40,1,0,0.011283828,0,0.09967044,0
96963538,40,3,0,2.9369852e-05,0,4.1286255e-10,0
96966495,40,4,0,0.008011611,0,0.00015025432,0
96966752,40,1,0,0.017150568,0,0.14475392,0
96967821,40,1,0,3.5287123e-06,0,0.00013672948,0
96969003,40,1,0,0.24945635,0,0.28454417,0
96969543,40,4,0,0.75874543,1,0.002405084,0
96969757,40,1,0,0.626569,0,0.43973932,0
96972133,40,2,0,0.0004920703,0,1.8001199e-06,0
96972846,40,1,0,1.0707566e-18,0,3.7429092e-07,0
96973727,40,3,0,0.13675277,0,0.023853024,0
96973980,40,3,0,0.0033851922,0,0.0045560575,0
96973987,40,3,0,0.00035122293,0,0.002919115,0
96975033,40,2,1,0.2829901,0,0.3387038,0
96976090,40,1,0,0.005540012,0,0.006801122,0
96976740,40,1,0,0.006378229,0,0.028254176,0
96979667,40,1,0,0.00052643294,0,0.011733326,0
96982052,40,2,0,0.0017394935,0,1.081856e-05,0
96982775,40,3,0,3.3421773e-06,0,0.0003830843,0
96983187,40,1,0,0.023597548,0,2.338187e-13,0
96984383,40,3,0,0.00038440348,0,7.6306843e-29,0
96985766,40,3,0,0.004289444,0,0.18042892,0
96985951,40,2,0,0.033144385,0,0.1997725,0
96988124,40,19,0,1.9917543e-05,0,2.7398679e-07,0
96990197,40,2,1,0.2898531,0,0.19389197,0
96992804,40,2,1,0.02105565,0,0.14965223,0
96995131,40,2,0,0.9863695,1,0.25182575,0
96995426,40,1,1,0.0025995653,0,0.019142596,0
96995895,40,2,0,0.5431027,0,0.61926425,0
96995902,40,1,0,0.04056855,0,0.0043856143,0
96996773,40,4,0,0.45923918,0,0.056924745,0
96996777,40,1,0,0.00063717755,0,0.0028614565,0
96996789,40,2,0,0.017540863,0,0.07035183,0
96997093,40,3,0,0.18677948,0,0.037201665,0
96997102,40,2,0,0.00016836241,0,0.00248754,0
96998407,40,4,0,0.038144503,0,0.007039782,0
96998626,40,1,0,0.030753013,0,0.04797253,0
97002531,40,3,0,0.50830865,0,0.37962097,0
97002533,40,2,0,0.6690613,0,0.07923592,0
97002535,40,2,0,0.3634665,0,0.35066018,0
97002542,40,2,0,0.9709373,1,0.84425706,1
97002808,40,2,0,6.4950995e-15,0,5.059503e-17,0
97003361,40,3,0,1.2405698e-33,0,0.0,0
97003366,40,2,0,0.00026066814,0,7.329502e-05,0
97003450,40,1,0,0.012174917,0,0.011883513,0
97004022,40,3,0,0.41068012,0,0.5259186,0
97004064,40,1,0,0.04375376,0,0.001480599,0
97004104,40,2,0,0.0027248997,0,0.030617185,0
97004112,40,2,0,2.8962633e-11,0,4.914118e-05,0
97004399,40,2,0,0.00026426985,0,2.3699067e-05,0
97004775,40,2,0,0.02052627,0,4.1114614e-05,0
97011545,40,7,1,0.000101719605,0,9.385926e-09,0
97011985,40,2,0,0.00023953267,0,0.0006952407,0
97013836,40,2,1,0.39846087,0,0.07998327,0
97013839,40,2,0,0.18572974,0,0.4039141,0
97014328,40,3,0,0.0011033657,0,0.007015116,0
97015625,40,4,0,0.293452,0,0.039898187,0
97015630,40,7,0,0.0017990693,0,4.7202807e-06,0
97018898,40,2,0,6.1443907e-06,0,0.00013842229,0
97018904,40,3,0,4.2500456e-08,0,2.7339165e-05,0
97018930,40,1,0,1.510608e-05,0,0.00034760535,0
97018952,40,2,0,0.017880471,0,0.016437812,0
97019089,40,3,0,0.01189368,0,0.11090585,0
97019093,40,1,0,2.0090887e-08,0,7.050214e-08,0
97019109,40,3,0,3.060662e-07,0,5.94136e-06,0
97020043,40,2,1,0.015078852,0,0.011996607,0
97021355,40,1,1,0.06627853,0,0.07773169,0
97021579,40,2,1,0.472052,0,0.6178634,0
97022739,40,1,0,0.02820175,0,0.15628318,0
97022757,40,2,0,0.008353427,0,0.026472023,0
97022760,40,3,0,0.1704231,0,0.2273598,0
97022904,40,1,0,0.0006927097,0,0.11875914,0
97023225,40,1,0,0.0137866605,0,0.21683422,0
97023499,40,1,0,0.00023031601,0,0.011483987,0
97023505,40,3,0,1.1048897e-05,0,1.5359805e-05,0
97023790,40,2,0,6.2469604e-05,0,0.0094411,0
97024065,40,4,0,0.0036566919,0,0.007119305,0
97024067,40,2,0,0.026573407,0,0.01109981,0
97024228,40,4,0,0.0053610224,0,0.030891318,0
97024232,40,2,0,0.28767124,0,0.5197157,0
97024529,40,4,0,4.3823755e-05,0,2.25078e-06,0
97024534,40,3,0,0.012164359,0,0.018148217,0
97024542,40,9,0,0.0011612838,0,0.000955777,0
97024543,40,1,0,0.16309293,0,0.40986937,0
97024544,40,1,0,0.6938584,0,0.823352,0
97024546,40,4,0,0.025452567,0,0.005059619,0
97025225,40,9,0,0.26686746,0,0.31607953,0
97025233,40,2,0,0.00065075606,0,4.794303e-06,0
97025238,40,2,0,0.28342447,0,0.1615031,0
97025241,40,2,0,0.4747247,0,0.042525668,0
97025312,40,1,0,1.4162074e-11,0,4.1157863e-10,0
97025320,40,1,0,2.2439817e-06,0,2.7778764e-05,0
97025470,40,1,0,0.0023802842,0,0.0071993,0
97025490,40,1,0,0.004234576,0,0.049409363,0
97025799,40,4,0,0.117342696,0,0.2580733,0
97025802,40,5,0,0.015150979,0,0.012560642,0
97025823,40,7,0,5.467522e-07,0,9.846694e-08,0
97025844,40,2,0,0.06385277,0,0.0012251881,0
97026873,40,3,0,3.0787047e-05,0,0.0020893388,0
97027134,40,3,0,0.0041809967,0,0.06201411,0
97027340,40,2,0,8.460014e-05,0,0.0006230634,0
97027342,40,2,0,0.00014476903,0,0.0035223523,0
97027381,40,3,0,0.0012968897,0,5.2170068e-05,0
97027622,40,2,0,0.19687599,0,0.01565414,0
97027625,40,3,0,0.012133554,0,0.020081531,0
97027631,40,2,0,0.0001953209,0,0.01962778,0
97027788,40,3,0,0.0042601093,0,0.00056558906,0
97027795,40,1,0,0.0006576897,0,0.00695417,0
97027797,40,3,0,0.0053563765,0,0.011274575,0
97027985,40,1,0,0.0013223188,0,0.02524099,0
97051125,40,5,0,0.0010152266,0,1.129271e-08,0
97051255,40,23,0,7.6208795e-07,0,9.568693e-07,0
97051907,40,2,0,5.8575203e-31,0,3.3069544e-34,0
97051909,40,2,0,0.47491163,0,0.35128793,0
97051927,40,3,0,0.35289976,0,0.4196671,0
97055913,40,3,0,7.011217e-07,0,3.6873993e-20,0
97055918,40,3,0,8.612967e-11,0,8.307696e-25,0
97061709,40,1,0,3.6056467e-06,0,0.00048970093,0
97061718,40,4,0,1.6181515e-05,0,7.70823e-17,0
97062198,40,2,0,0.12939176,0,0.029505696,0
97062431,40,2,0,0.0025069306,0,2.0113744e-07,0
97062436,40,1,0,0.000107521984,0,0.032187298,0
97066702,40,2,1,0.009593043,0,0.2833063,0
97066713,40,2,0,8.433154e-39,0,0.0,0
97066970,40,2,0,0.1039425,0,0.02028339,0
97068677,40,6,1,0.05892545,0,0.05557928,0
97069017,40,1,1,0.12596096,0,0.18591432,0
97069571,40,1,1,1.2617982e-06,0,7.1754826e-06,0
97074096,40,1,0,0.51689255,0,0.010710615,0
97076225,40,1,0,0.0058706733,0,0.45358372,0
97078552,40,2,0,0.0027846526,0,8.046855e-15,0
97081237,40,2,0,2.6732521e-05,0,0.0017142653,0
97081246,40,2,0,0.0001720581,0,0.001289894,0
97081257,40,1,0,0.0015507141,0,0.015214333,0
97081261,40,1,0,5.705022e-05,0,0.00020317343,0
97081513,40,1,0,9.151763e-06,0,0.00016565592,0
97081539,40,1,0,4.7566896e-06,0,0.0001173722,0
97081546,40,2,0,1.1072334e-06,0,6.350481e-05,0
97081550,40,2,0,2.2953893e-06,0,8.8181994e-05,0
97081919,40,5,0,9.877843e-06,0,0.0049216817,0
97082697,40,1,0,0.004308569,0,0.029996565,0
97087594,40,2,0,0.012143337,0,0.013491877,0
97087598,40,1,0,0.0019892817,0,0.24361478,0
97088337,40,2,0,0.29624727,0,0.30422258,0
97089155,40,3,0,0.00043123582,0,0.006029134,0
97089156,40,1,0,0.00065231434,0,0.02149373,0
97089162,40,1,0,0.0029245687,0,0.039819628,0
97089300,40,1,0,0.0004993539,0,0.040274844,0
97095252,40,3,0,0.012327301,0,0.017682953,0
97100221,40,4,0,0.014812737,0,0.027035402,0
97100230,40,3,0,0.007078754,0,0.11674435,0
97101991,40,5,0,0.000586145,0,0.0017257138,0
97103615,40,15,0,0.00023328105,0,0.00048574954,0
97103628,40,2,0,0.034353904,0,0.059698045,0
97103630,40,2,0,0.001949494,0,0.034402087,0
97105496,40,2,0,3.184762e-32,0,6.9719328e-34,0
97105755,40,1,0,0.00011736738,0,0.0005047404,0
97106399,40,6,0,0.00016158617,0,0.0040703695,0
97107285,40,7,0,6.4327955e-06,0,5.1459132e-11,0
97110883,40,3,0,9.750068e-05,0,0.0018798664,0
97111900,40,1,0,0.19056414,0,0.32968992,0
97114782,40,1,0,0.37157282,0,0.45226267,0
97122951,40,2,0,5.0716248e-05,0,0.00019900524,0
97123266,40,1,0,0.00028531003,0,5.977877e-06,0
97126633,40,1,0,1.2581338e-15,0,2.4170474e-06,0
97127163,40,4,0,3.7511214e-05,0,0.00011417942,0
97127168,40,1,0,6.9245165e-11,0,3.1774027e-05,0
97132844,40,1,1,0.7796146,1,0.9273481,1
97133123,40,1,1,0.9459421,1,0.9750369,1
97133127,40,1,0,0.00654912,0,0.018126613,0
97133836,40,1,1,0.78235316,1,0.92847323,1
97134087,40,1,1,0.96113527,1,0.9806923,1
97141211,40,1,1,0.6351978,0,0.88696986,1
97141252,40,1,1,0.9474947,1,0.9755711,1
97145620,40,1,0,8.131032e-30,0,1.14295784e-26,0
97150814,40,1,0,0.0022815568,0,0.013201107,0
97184396,40,1,1,0.18856758,0,0.29687744,0
97184411,40,1,0,0.050246358,0,0.053533874,0
97184596,40,2,0,0.013227793,0,0.119451106,0
97184869,40,1,0,7.984412e-06,0,0.0018466524,0
97185724,40,1,0,0.03471868,0,0.0847315,0
97185809,40,1,0,0.4015852,0,0.7395909,0
97185956,40,1,0,0.001026973,0,0.0019835455,0
97185966,40,1,0,0.022920761,0,0.071449526,0
97186266,40,1,0,0.00045378465,0,0.0077541023,0
97186283,40,1,0,0.0005371704,0,0.004794978,0
97186543,40,1,0,0.13965333,0,0.17171282,0
97188340,40,1,0,3.1652387e-05,0,0.00026178468,0
97188343,40,2,0,0.0006333309,0,0.005503273,0
97188646,40,1,0,0.012436575,0,0.010062865,0
97199833,40,1,0,0.14366397,0,0.27057588,0
97206553,40,1,0,1.502434e-13,0,3.093213e-05,0
97244271,40,1,1,1.5287292e-06,0,0.00036696962,0
97387423,40,1,1,0.801981,1,0.9973122,1
97387433,40,2,1,0.9043168,1,0.936635,1
97388582,40,2,1,0.94798946,1,0.9752423,1
97388607,40,2,0,0.00012480632,0,8.321235e-05,0
97389359,40,1,0,1.1276375e-30,0,3.81074e-27,0
97390415,40,2,0,0.00087578216,0,2.488609e-08,0
97390676,40,1,0,5.73465e-26,0,0.0,0
97390680,40,1,0,0.10554055,0,0.86204195,1
97391458,40,3,0,0.0038108574,0,0.046456847,0
97391785,40,1,0,2.2521895e-34,0,0.0,0
97391808,40,1,0,0.0015408053,0,0.0046148985,0
97392467,40,1,0,0.053656936,0,0.00820932,0
97392828,40,2,0,0.00038961353,0,0.00060059305,0
97393096,40,1,0,2.4246286e-28,0,3.1943077e-28,0
97393220,40,1,0,1.981948e-07,0,3.5826442e-06,0
97393315,40,2,0,3.4835812e-25,0,1.453234e-10,0
97393541,40,38,0,4.0843133e-05,0,1.04070466e-07,0
97395586,40,24,0,0.00015645562,0,3.1612583e-08,0
97395877,40,35,0,6.922045e-05,0,6.458159e-09,0
97396335,40,3,0,0.004390604,0,0.20465183,0
97396614,40,1,0,0.0059434692,0,1.9424739e-05,0
97397223,40,1,0,0.00084195164,0,0.010056123,0
97400869,40,19,0,2.7017928e-05,0,5.382877e-09,0
97401884,40,2,0,2.0013932e-08,0,0.000101177975,0
97402313,40,3,0,0.18025623,0,0.2799649,0
97403097,40,4,0,0.0096784625,0,1.1301326e-05,0
97403284,40,2,0,0.00032574096,0,0.0005011473,0
97403381,40,1,0,0.00031490566,0,0.0017226876,0
97403688,40,3,0,0.055035572,0,0.055934064,0
97403694,40,3,0,0.06689243,0,0.00994058,0
97403881,40,1,0,0.15452038,0,0.27470684,0
97404074,40,7,0,0.0007200327,0,0.00040065995,0
97404081,40,2,1,3.9689653e-06,0,1.895483e-06,0
97404552,40,4,0,0.058320414,0,0.26618704,0
97404610,40,5,0,0.76343524,1,0.25327608,0
97405418,40,2,0,0.10928704,0,0.1775663,0
97405579,40,1,0,0.17014937,0,0.40849444,0
97405719,40,5,0,0.06626254,0,0.006078464,0
97406092,40,1,0,5.042541e-07,0,7.3075396e-05,0
97407738,40,3,0,0.0157898,0,1.2603645e-06,0
97408808,40,2,0,0.4173481,0,0.028219039,0
97408827,40,2,1,0.0004814902,0,0.014332658,0
97408977,40,3,1,0.0112802,0,0.03831895,0
97409997,40,1,0,0.0011245008,0,0.018618448,0
97421253,40,1,0,7.3795604e-08,0,5.213033e-05,0
97424124,40,2,0,0.00241982,0,0.029919824,0
97424359,40,1,0,0.05948219,0,0.13272308,0
97424365,40,2,0,0.00022796178,0,0.0030137785,0
97424376,40,3,0,0.0006222237,0,0.0013275682,0
97425476,40,3,0,7.992869e-06,0,0.00055436685,0
97430019,40,4,0,0.0014103524,0,0.00979367,0
97430122,40,1,0,0.13040477,0,0.23487173,0
97430363,40,6,0,3.7774203e-06,0,0.00025394323,0
97431326,40,1,0,0.00035827525,0,0.0024663857,0
97439283,40,1,0,4.4857404e-16,0,6.2123814e-07,0
97445088,40,5,0,0.0047200937,0,0.00015273324,0
97481182,40,5,0,0.020782232,0,0.00044219082,0
97481191,40,2,0,0.00068398745,0,0.0055986024,0
97485697,40,1,0,1.0583398e-06,0,9.784583e-06,0
97487318,40,1,0,0.00028964868,0,0.04456865,0
97488487,40,2,0,2.8530336e-13,0,2.196933e-25,0
97499027,40,80,0,4.43747e-07,0,6.0700964e-09,0
97500891,40,2,0,1.0709171e-31,0,7.861814e-34,0
97501177,40,1,0,0.2672682,0,0.14980732,0
97502122,40,1,0,0.17869757,0,0.14853667,0
97506379,40,4,0,1.9905819e-07,0,2.9433343e-07,0
97678626,40,1,0,1.669978e-05,0,0.0009977254,0
97702028,40,2,1,0.9463821,1,0.988064,1
97702225,40,2,1,0.94765127,1,0.9865123,1
97702228,40,2,1,0.9556425,1,0.99208826,1
97702373,40,2,1,0.8839294,1,0.8702307,1
97702586,40,11,0,0.00011654633,0,0.0011671648,0
97702600,40,3,0,0.0016178672,0,0.009507273,0
97702602,40,26,0,0.0003106558,0,1.424014e-06,0
97707107,40,14,0,0.0010289287,0,0.0018481745,0
97707448,40,4,0,0.00013791845,0,0.0003814097,0
97708835,40,1,0,0.10157283,0,0.007323981,0
97709964,40,1,0,2.768553e-32,0,3.5146374e-35,0
97710531,40,3,0,0.0016509402,0,0.0003545639,0
97712499,40,2,0,0.00013764454,0,9.993738e-10,0
97712844,40,1,0,0.0022438478,0,0.0008794772,0
97713596,40,1,0,3.8408747e-36,0,0.0,0
97713612,40,1,0,0.0,0,0.0,0
97714239,40,1,0,3.984312e-33,0,0.0,0
97714242,40,1,0,8.10661e-34,0,0.0,0
97714492,40,2,0,0.001193031,0,0.00086445664,0
97714505,40,7,0,0.004964136,0,0.0002305276,0
97714855,40,2,0,0.001289795,0,0.010692572,0
97714860,40,1,0,0.05765815,0,0.45663542,0
97715914,40,1,0,5.192816e-06,0,0.0013590823,0
97716158,40,1,1,0.18399802,0,0.97806346,1
97716762,40,6,0,0.016937891,0,0.0026071104,0
97717236,40,2,1,0.82050866,1,0.9833651,1
97718352,40,5,0,3.0378744e-06,0,1.3845647e-08,0
97718359,40,2,0,6.2593695e-05,0,0.00012501536,0
97718816,40,4,0,0.15033314,0,0.018528935,0
97718831,40,4,0,0.0026776548,0,0.00014998163,0
97718848,40,4,0,0.013638644,0,1.5456823e-10,0
97722486,40,2,0,0.0012270889,0,0.023634786,0
97724167,40,2,0,0.6731495,0,0.47961915,0
97724668,40,2,0,0.16916192,0,0.53677565,0
97724772,40,4,0,2.0068594e-08,0,8.296063e-09,0
97727467,40,2,0,0.00028613163,0,0.00041607383,0
97727554,40,2,0,0.39934653,0,0.6741931,0
97727557,40,2,0,0.7582137,1,0.37799326,0
97727559,40,2,0,0.45389512,0,0.5279661,0
97728947,40,1,0,2.185081e-06,0,1.2542298e-05,0
97729143,40,2,1,0.00074175745,0,4.776623e-06,0
97730088,40,4,0,1.1817337e-05,0,3.525723e-16,0
97731146,40,5,1,0.025606519,0,0.0007019299,0
97731388,40,2,0,0.00038263062,0,0.04359195,0
97732071,40,2,0,0.03966939,0,0.20358364,0
97732178,40,3,0,0.13460295,0,0.20566452,0
97732181,40,2,0,0.7481924,1,0.4341025,0
97732183,40,2,0,0.030854551,0,0.003078901,0
97732189,40,3,0,0.45620042,0,0.006597646,0
97732192,40,7,0,3.4343408e-05,0,2.7916886e-13,0
97732194,40,5,0,0.0016664513,0,0.00048807342,0
97732197,40,7,0,0.012293662,0,0.014112545,0
97732254,40,3,0,0.16682786,0,0.23380898,0
97732260,40,1,0,0.00065189606,0,0.010864363,0
97732600,40,6,0,0.017666552,0,0.039622005,0
97732728,40,2,0,0.38777652,0,0.20672713,0
97732737,40,3,0,4.2373053e-08,0,3.043936e-07,0
97732739,40,4,0,0.0009268771,0,0.0011578426,0
97732977,40,2,0,1.4163093e-05,0,3.142516e-05,0
97733166,40,4,0,0.013730105,0,0.001273666,0
97733169,40,3,0,0.037162352,0,0.15428115,0
97733170,40,2,0,0.051254284,0,0.00023304405,0
97733182,40,5,0,0.13789567,0,0.01330341,0
97733185,40,2,0,0.5076865,0,0.18378742,0
97733193,40,6,0,0.004941346,0,0.00063608936,0
97733199,40,1,0,0.09741872,0,0.607991,0
97733201,40,2,0,0.009805562,0,0.0043808515,0
97735311,40,2,0,0.006664586,0,2.646678e-14,0
97736494,40,2,0,6.311374e-07,0,1.1845182e-08,0
97737113,40,3,0,0.28778023,0,0.2286414,0
97738117,40,2,0,0.0022869154,0,9.645804e-08,0
97741696,40,2,0,0.00018516023,0,2.0678822e-06,0
97741703,40,1,0,5.709275e-06,0,7.372227e-06,0
97745607,40,2,0,0.036694065,0,0.07321706,0
97751106,40,5,0,0.0015631923,0,5.982645e-06,0
97751140,40,1,0,0.08206324,0,0.54076815,0
97751141,40,3,0,0.010609824,0,0.0023309472,0
97753556,40,4,0,0.00013628861,0,0.00043947579,0
97756937,40,6,0,2.1512611e-11,0,1.2355929e-09,0
97757487,40,2,0,7.1261247e-16,0,4.5110324e-13,0
97758241,40,8,0,5.989639e-08,0,1.9754394e-13,0
97758253,40,2,0,0.0005843575,0,0.008911194,0
97760414,40,5,0,0.00028483605,0,0.0008236513,0
97760586,40,5,0,0.001213036,0,0.01373717,0
97760589,40,1,0,0.05457821,0,0.37917203,0
97763578,40,1,0,1.8663097e-05,0,0.00076261867,0
97764020,40,5,0,8.178013e-06,0,4.6326927e-06,0
97764023,40,3,0,0.00034750212,0,0.0035222936,0
97764305,40,7,0,0.0008889511,0,6.007714e-09,0
97764394,40,3,0,0.012272027,0,0.012286989,0
97764397,40,2,0,1.5391494e-35,0,0.0,0
97804176,40,1,1,0.5731813,0,0.0162145,0
97804239,40,1,1,0.9678004,1,0.99986815,1
97804696,40,1,1,0.57326835,0,0.016118724,0
97820647,40,1,1,0.90796334,1,0.9891215,1
97822688,40,1,0,4.0250084e-33,0,1.6838858e-35,0
97822909,40,1,0,2.333341e-38,0,0.0,0
97824053,40,1,0,3.2754015e-05,0,0.0007270052,0
97824492,40,1,0,4.917717e-33,0,2.1029172e-35,0
97824971,40,1,0,6.872484e-28,0,1.1700862e-38,0
97826173,40,2,0,0.0,0,0.0,0
97826638,40,1,0,0.016652644,0,0.00016078634,0
97826912,40,2,0,2.3473447e-34,0,0.0,0
97827293,40,1,0,2.9840465e-31,0,2.5313162e-34,0
97828035,40,2,0,3.3073438e-35,0,0.0,0
97828549,40,1,0,0.0018518929,0,3.2720525e-06,0
97828838,40,1,0,3.73186e-36,0,0.0,0
97830403,40,1,0,0.0,0,0.0,0
97830644,40,1,0,0.032874405,0,0.00037029161,0
97833109,40,1,0,1.6559505e-38,0,0.0,0
97833121,40,1,0,0.008560099,0,2.4406609e-05,0
97833420,40,1,0,9.383081e-35,0,0.0,0
97833534,40,1,0,2.6004604e-30,0,1.0767983e-33,0
97833814,40,2,0,0.0,0,0.0,0
97833839,40,2,0,0.00012661939,0,4.0980208e-07,0
97834420,40,1,0,0.0,0,0.0,0
97834868,40,2,0,0.005729228,0,3.3448297e-05,0
97836072,40,2,0,0.025908513,0,0.13203697,0
97836462,40,1,0,0.0,0,0.0,0
97849403,40,1,0,0.55683625,0,0.42325014,0
97858320,40,1,0,0.004022381,0,0.015709216,0
97887859,40,2,0,0.4863032,0,0.6319177,0
97888626,40,1,0,0.046587974,0,0.4016886,0
97907377,40,1,0,0.29820356,0,0.25059262,0
97907385,40,2,0,0.033442516,0,0.09686359,0
97916516,40,1,0,0.0006566144,0,0.02005763,0
97916717,40,1,0,0.4013386,0,0.20705406,0
97916907,40,1,0,0.00086494605,0,0.00093210343,0
97918106,40,1,0,1.9397344e-24,0,7.044263e-22,0
97920432,40,1,0,0.0045639644,0,0.08186447,0
97930500,40,2,0,0.19649567,0,0.9199298,1
97930510,40,2,0,0.7546548,1,0.94586074,1
97930880,40,1,0,0.21255897,0,0.5388877,0
97931083,40,2,0,0.1261073,0,0.018869385,0
97933782,40,2,0,0.051942114,0,0.01136502,0
97938155,40,1,0,0.00020048814,0,0.023348834,0
97939634,40,1,0,0.0054288763,0,0.023027468,0
97976919,40,1,1,0.019020416,0,0.089786455,0
97991428,40,2,0,0.016808106,0,0.003819279,0
98031863,40,2,0,1.6826039e-10,0,2.6574706e-38,0
98032245,40,1,1,0.00035221843,0,0.0061927694,0
98032819,40,1,1,0.42783573,0,0.98484933,1
98032886,40,1,1,0.42911017,0,0.9848704,1
98033663,40,1,1,0.7373031,1,0.9334858,1
98033945,40,3,1,0.37193963,0,0.59081954,0
98034161,40,81,0,1.7558166e-09,0,4.0421217e-09,0
98035241,40,3,0,0.0043288707,0,0.007894572,0
98035246,40,1,0,0.00083088304,0,0.00093470473,0
98037436,40,2,0,0.036483966,0,2.5214722e-06,0
98037917,40,3,0,0.0004205281,0,0.0037700995,0
98038140,40,2,0,0.011282594,0,0.00093185354,0
98038334,40,2,0,1.5180256e-10,0,1.0546028e-10,0
98038348,40,1,0,0.0096920375,0,0.018712392,0
98039539,40,1,0,7.382489e-08,0,2.8472126e-05,0
98039709,40,1,0,3.675801e-19,0,2.3027292e-07,0
98039713,40,3,0,0.0029779887,0,0.0022660226,0
98039721,40,1,1,0.93553275,1,0.9993303,1
98041728,40,2,0,2.2750712e-06,0,0.00019236795,0
98042002,40,1,0,0.069931306,0,0.08584004,0
98043019,40,1,0,0.055326,0,0.002340659,0
98043517,40,1,0,5.274271e-07,0,3.0549484e-06,0
98044503,40,1,0,0.0022853753,0,0.0014207372,0
98044863,40,1,0,0.4599887,0,0.04774265,0
98045668,40,1,0,0.0,0,0.0,0
98046936,40,1,0,3.470461e-05,0,0.0025574812,0
98047174,40,4,0,4.2253673e-06,0,2.4381437e-05,0
98048827,40,1,0,0.00017870392,0,0.02061689,0
98054714,40,3,0,0.0012382924,0,8.453758e-06,0
98056376,40,3,0,0.8135747,1,0.6452236,0
98056569,40,2,0,0.0012776867,0,0.000810594,0
98056823,40,23,0,3.3973474e-06,0,2.0463808e-06,0
98056863,40,4,0,0.00033243434,0,0.027151957,0
98059174,40,27,0,0.0024875102,0,0.0018776755,0
98059197,40,2,1,0.94539416,1,0.99935883,1
98059757,40,4,0,0.067261584,0,4.508581e-05,0
98059762,40,5,0,0.0049471264,0,0.0002841937,0
98061737,40,1,0,0.36884785,0,0.0020673668,0
98062024,40,2,0,0.5712382,0,0.6525456,0
98062436,40,1,1,0.653495,0,0.81075007,0
98062661,40,2,0,0.2107272,0,0.32736045,0
98062684,40,2,0,0.14425388,0,0.29753187,0
98062691,40,1,0,0.55950856,0,0.10013747,0
98063047,40,2,0,0.96897686,1,0.7241178,0
98065046,40,3,0,0.46261653,0,0.0011939462,0
98066463,40,6,0,0.00037879188,0,0.00051217637,0
98066484,40,1,1,0.038420267,0,0.016864857,0
98067916,40,3,0,0.0008225298,0,0.0018299267,0
98068542,40,3,1,0.00112864,0,0.0043290285,0
98070095,40,1,0,0.06072732,0,0.13822775,0
98070867,40,9,0,0.0027039857,0,0.02383767,0
98070870,40,4,0,0.0050171446,0,0.02971865,0
98070881,40,4,0,0.23356262,0,0.06920197,0
98070965,40,2,0,0.00366284,0,0.0030826104,0
98071166,40,5,0,0.0028184578,0,0.004561101,0
98071508,40,2,0,0.07118522,0,0.018319646,0
98072232,40,4,0,0.0024828897,0,2.7720853e-06,0
98072243,40,2,0,0.079604894,0,0.0013147051,0
98072844,40,3,0,0.0054092975,0,0.000841944,0
98073165,40,3,0,0.0051076747,0,0.0016756298,0
98073174,40,2,0,0.13780126,0,0.86493105,1
98073347,40,3,0,0.000115116425,0,0.00012425876,0
98073507,40,3,0,3.511435e-05,0,0.010542154,0
98073789,40,5,0,0.0012477267,0,0.097140364,0
98074770,40,2,0,0.026697738,0,0.0009070932,0
98074776,40,1,0,0.017416494,0,0.086582124,0
98074796,40,3,0,0.04087602,0,1.7393967e-06,0
98076773,40,6,0,3.8557746e-06,0,1.1753416e-10,0
98077839,40,8,0,0.0003304818,0,0.0015675395,0
98079142,40,4,1,0.0016951801,0,0.002260258,0
98079154,40,3,1,0.000928629,0,0.0016812107,0
98081886,40,1,0,0.00010706403,0,0.00036396444,0
98083968,40,5,0,0.0016635504,0,0.0039383387,0
98093140,40,18,0,3.9417017e-05,0,3.4601405e-06,0
98097703,40,1,0,2.1601416e-05,0,0.0002557961,0
98106756,40,1,0,0.002185625,0,0.0008824314,0
98107357,40,2,0,0.004061032,0,0.00065206946,0
98108469,40,1,0,0.0024870809,0,2.6415023e-07,0
98109542,40,1,0,0.00020692694,0,8.750784e-05,0
98112023,40,3,0,0.00019055173,0,0.00011154987,0
98112106,40,3,0,0.08210023,0,0.020272119,0
98125789,40,1,0,1.3544009e-07,0,2.307848e-06,0
98143753,40,3,0,5.019535e-07,0,2.0461412e-07,0
98144008,40,2,0,1.428575e-05,0,1.5513214e-06,0
98161481,40,1,0,2.6808774e-32,0,0.0,0
98162429,40,1,0,2.1127731e-05,0,5.950093e-07,0
98195222,40,3,0,1.3988816e-10,0,6.4324476e-22,0
98221840,40,2,0,1.3337182e-09,0,8.229272e-28,0
98230927,40,3,0,1.3805399e-09,0,4.3105754e-14,0
98236765,40,4,0,3.4142877e-10,0,1.7095068e-12,0
98252967,40,2,0,2.349995e-13,0,2.5491545e-20,0
98273924,40,3,0,2.007952e-18,0,3.6922108e-29,0
98281471,40,1,0,1.337657e-09,0,1.1337696e-10,0
98419647,40,1,0,2.4301944e-20,0,4.865023e-11,0
98421333,40,1,0,1.11511e-05,0,0.0022560968,0
98544621,40,1,0,0.8905348,1,0.46118578,0
98550982,40,1,0,1.10589596e-35,0,0.0,0
98551169,40,1,0,3.3922722e-31,0,2.7965938e-34,0
98551628,40,1,0,0.008282076,0,0.015281255,0
98551632,40,1,0,0.0007432491,0,0.0028507675,0
98551851,40,1,0,0.0,0,0.0,0
98552571,40,1,0,0.19138892,0,0.015922356,0
98553668,40,1,0,0.00344474,0,0.001097689,0
98568148,40,26,0,0.003290498,0,0.005065556,0
98571753,40,1,0,0.004542527,0,1.6786978e-05,0
98588441,40,1,1,0.00045935973,0,0.011968702,0
98588512,40,1,0,0.03271308,0,0.025818909,0
98592205,40,2,0,0.026072532,0,0.01883076,0
98605556,40,24,0,2.631833e-10,0,2.4817284e-10,0
98605819,40,11,0,5.5237627e-14,0,1.8892763e-12,0
98610045,40,21,0,7.121905e-18,0,4.472299e-21,0
99018629,40,1,0,7.012522e-36,0,0.0,0
99018664,40,2,0,5.9537374e-08,0,2.6733364e-20,0
99053483,40,4,0,0.1337513,0,0.045667462,0
99053493,40,2,0,0.00033547322,0,0.0025526674,0
99053496,40,2,0,0.03814883,0,0.029073348,0
99053539,40,3,0,0.0052270186,0,0.00052261946,0
99115235,40,2,0,2.3557618e-09,0,5.2229396e-16,0
99409352,40,19,0,0.0001050347,0,0.00028264243,0
99654887,40,1,0,6.245481e-33,0,5.2880647e-35,0
99659463,40,4,0,0.23964137,0,0.75477886,0
99673993,40,1,0,0.00044940022,0,0.0012219278,0
99680113,40,5,0,0.04537925,0,4.0880713e-07,0
99690451,40,1,0,0.0013485485,0,0.001712877,0
99695619,40,1,0,0.0059870714,0,0.00034217254,0
99697838,40,2,0,0.07188433,0,0.005270628,0
99699200,40,1,0,0.90670735,1,0.4470448,0
99702469,40,3,0,0.057671815,0,0.03465884,0
99709782,40,4,0,0.025391247,0,0.0012127553,0
99710431,40,2,0,0.0012152247,0,0.0016914295,0
99712026,40,3,0,0.0063025486,0,0.0067823343,0
99732822,40,1,0,0.0083056195,0,0.011885692,0
99738580,40,5,0,0.5684692,0,0.08546902,0
100135607,40,1,1,0.65451515,0,0.6656642,0
100156998,40,1,0,0.039313424,0,0.35547113,0
100297870,40,1,0,0.0050884453,0,0.0017219122,0
100678028,40,1,0,0.0061115273,0,0.15007903,0
101689297,40,2,0,0.0042515555,0,8.1365514e-16,0
104077589,40,1,0,0.10526614,0,0.0899608,0
104758336,40,2,0,4.931729e-07,0,3.6194865e-06,0
107782289,40,1,1,0.95726556,1,0.99992156,1
107782865,40,1,1,0.91564584,1,0.9433633,1
107782882,40,1,1,0.95929873,1,0.99992347,1
107782941,40,1,0,0.0,0,0.0,0
107784772,40,1,0,0.025820872,0,0.0021916681,0
107785982,40,1,0,0.001768851,0,0.00028958407,0
107787065,40,1,0,1.5133243e-26,0,1.4693356e-32,0
107789140,40,1,0,1.9348443e-37,0,0.0,0
107797582,40,4,0,0.10436181,0,0.25047287,0
107797828,40,6,0,0.045604847,0,0.2674955,0
107797867,40,5,0,0.120159864,0,0.09217285,0
1813316,41,7,0,1.0091229e-06,0,0.00020387281,0
4013194,41,1,0,0.0009094324,0,0.0025217757,0
4298902,41,1,0,0.18672603,0,0.22974521,0
4893367,41,14,0,1.4024408e-09,0,0.0001729651,0
4893369,41,5,0,3.748414e-19,0,3.1966682e-23,0
5070714,41,17,0,6.6907857e-09,0,3.3871107e-05,0
5663491,41,14,0,9.724924e-16,0,1.3493274e-15,0
7007638,41,3,0,0.0024185358,0,0.004011598,0
7262578,41,2,0,1.2961352e-13,0,1.01046345e-10,0
8823943,41,5,0,0.0,0,5.9868873e-34,0
9426022,41,17,0,4.4024199e-16,0,1.972772e-07,0
9550052,41,2,0,1.5267868e-13,0,8.840723e-08,0
9804891,41,11,0,1.3515687e-05,0,0.00023585006,0
9874094,41,7,0,3.729972e-11,0,1.1039503e-05,0
10177639,41,1,0,0.011165684,0,0.025961893,0
10695436,41,14,0,7.945514e-14,0,1.2186642e-06,0
11102652,41,7,0,3.2148403e-12,0,2.7768154e-08,0
12077122,41,10,0,1.3242878e-14,0,3.089042e-07,0
12526269,41,1,0,0.009826385,0,0.035290413,0
12655979,41,3,0,0.16478795,0,0.07204545,0
12660505,41,1,0,0.015532736,0,0.14969565,0
12660521,41,3,0,0.0042157783,0,0.031158151,0
12660542,41,1,0,0.0058379094,0,0.20641565,0
12660552,41,2,0,0.00043503835,0,0.045615163,0
12660562,41,2,0,1.2153912e-05,0,7.690974e-05,0
12660569,41,1,0,0.004813025,0,0.039117176,0
12660594,41,2,0,0.20139423,0,0.07258507,0
12660686,41,1,0,0.0010719595,0,0.031949278,0
12661060,41,2,1,0.9347206,1,0.92995274,1
12661066,41,2,1,0.5493383,0,0.98352677,1
12661075,41,1,1,2.5495016e-15,0,2.1237242e-20,0
12661079,41,18,0,4.039242e-30,0,5.370251e-36,0
12661081,41,1,1,3.923978e-14,0,0.0162861,0
12661088,41,1,1,4.0850962e-14,0,0.005328987,0
12661090,41,2,1,0.8653288,1,0.8600077,1
12661197,41,1,1,0.91668284,1,0.91783136,1
12661223,41,2,1,0.9696927,1,0.99450594,1
12661226,41,2,1,0.9755863,1,0.9639553,1
12661305,41,2,1,0.96669567,1,0.97627443,1
12661353,41,1,1,1.3929625e-14,0,0.0002576205,0
12661360,41,1,1,0.33332002,0,0.9557819,1
12661384,41,2,1,0.7843738,1,0.80658054,0
12661582,41,2,0,8.267207e-08,0,1.7821045e-06,0
12661589,41,2,0,1.7570109e-07,0,1.636751e-05,0
12661656,41,2,1,0.87366134,1,0.6789767,0
12661741,41,1,0,0.24658458,0,0.36976746,0
12661812,41,2,1,0.60306454,0,0.9995326,1
12662223,41,2,1,0.96769965,1,0.97665,1
12662264,41,2,1,0.9682749,1,0.9982514,1
12662269,41,2,1,0.57951975,0,0.1380237,0
12662305,41,2,1,0.9624154,1,0.93390524,1
12662327,41,2,1,0.9643557,1,0.9636989,1
12662336,41,2,1,0.8258263,1,0.8615894,1
12662481,41,2,0,0.0006873666,0,0.0070026843,0
12662545,41,2,1,0.5605943,0,0.983333,1
12662607,41,1,1,0.8722431,1,0.51329124,0
12662937,41,1,1,0.9201666,1,0.98392993,1
12662961,41,10,0,2.8606017e-17,0,1.1709397e-11,0
12662969,41,12,0,0.0,0,7.34274e-25,0
12663023,41,3,1,0.82530737,1,0.51521367,0
12663049,41,1,0,2.0933289e-20,0,3.2691486e-20,0
12663055,41,1,0,2.7064603e-19,0,7.809526e-21,0
12663564,41,1,1,3.8458728e-14,0,0.068533696,0
12663585,41,2,0,0.0005284461,0,0.006156483,0
12663782,41,1,1,0.17415296,0,0.94707555,1
12663785,41,9,0,2.095177e-25,0,3.7662357e-31,0
12663816,41,14,0,3.7071263e-30,0,1.678291e-16,0
12663820,41,10,0,2.34715e-32,0,2.4592202e-24,0
12664247,41,1,1,4.8901435e-14,0,0.6177391,0
12664249,41,3,1,0.44780478,0,0.52352905,0
12664310,41,2,0,0.0029110084,0,0.03094691,0
12664370,41,2,1,0.9413769,1,0.98407966,1
12664435,41,2,0,0.0025803284,0,7.6802775e-07,0
12664436,41,11,0,1.1770136e-20,0,9.0762e-27,0
12664440,41,3,0,0.0011273356,0,0.0029180828,0
12664483,41,2,1,0.7932759,1,0.7675348,0
12665008,41,93,0,2.6991595e-12,0,3.8862377e-10,0
12665048,41,4,0,1.4352333e-09,0,1.6742986e-07,0
12665053,41,1,0,0.010848254,0,0.039256673,0
12665054,41,17,0,8.553519e-16,0,1.7991123e-08,0
12665057,41,3,0,0.23951805,0,0.6925033,0
12665059,41,13,0,3.234589e-20,0,2.6280322e-09,0
12665068,41,4,0,4.192577e-05,0,0.0029266067,0
12665070,41,13,0,8.791959e-19,0,5.931099e-13,0
12665078,41,9,0,3.3707284e-13,0,2.6828388e-06,0
12665079,41,1,0,0.00041325344,0,0.0037627225,0
12665084,41,1,1,6.719257e-05,0,0.00013282265,0
12665085,41,1,0,0.00014633455,0,0.002052406,0
12665092,41,2,0,7.8815334e-05,0,0.0025379185,0
12665096,41,1,0,1.7958995e-16,0,2.5012823e-06,0
12665102,41,1,0,0.0050651333,0,0.03761006,0
12665108,41,3,0,0.1293108,0,0.3365316,0
12665109,41,1,0,7.0302376e-06,0,0.0012682882,0
12665114,41,2,0,0.00019648724,0,0.0021929084,0
12665116,41,2,0,0.0009811457,0,0.0020551493,0
12665120,41,14,0,2.5359592e-16,0,7.411341e-08,0
12665121,41,14,0,1.581792e-20,0,2.690467e-09,0
12665123,41,1,0,2.3634473e-05,0,0.00011631662,0
12665126,41,2,0,0.0021208136,0,0.015572466,0
12665137,41,13,0,2.0360604e-09,0,1.6335183e-05,0
12665139,41,2,0,0.010290686,0,0.116419084,0
12665141,41,17,0,1.5674888e-14,0,5.6239983e-08,0
12665145,41,1,0,0.0020422905,0,4.7692334e-05,0
12665166,41,15,0,2.0968341e-23,0,2.6957806e-11,0
12665168,41,3,0,0.1528947,0,0.97049606,1
12665180,41,2,0,0.008655045,0,0.005337377,0
12665239,41,2,1,0.7865884,1,0.95179445,1
12665273,41,1,0,0.021981351,0,0.008218293,0
12666158,41,1,1,0.7805801,1,0.2983912,0
12666348,41,1,0,0.0008072794,0,0.061683264,0
12666353,41,2,0,0.00031212863,0,0.0010455428,0
12666420,41,1,1,0.8489035,1,0.827668,0
12666461,41,2,0,0.0057350113,0,0.014665957,0
12666469,41,1,0,0.49582446,0,0.28885642,0
12666840,41,1,0,0.007596036,0,0.2749275,0
12667003,41,5,0,0.00017403463,0,2.5575342e-05,0
12667009,41,1,0,0.016016029,0,0.098472215,0
12667011,41,1,0,0.1680229,0,0.32748342,0
12667014,41,1,0,0.012857495,0,0.06632246,0
12667587,41,1,0,0.02220459,0,0.010232339,0
12667591,41,1,0,0.0033914282,0,0.0052465308,0
12667813,41,2,0,0.0043961876,0,0.01552786,0
12667822,41,1,0,0.0016356013,0,0.008855214,0
12668872,41,2,0,1.1295805e-09,0,2.7511288e-10,0
12668877,41,2,0,3.6006364e-07,0,1.848774e-08,0
12668878,41,1,0,8.651068e-07,0,0.00016434865,0
12669334,41,6,0,1.2130469e-13,0,9.696915e-09,0
12670946,41,1,0,8.002922e-06,0,9.163623e-05,0
12671002,41,3,0,4.494997e-06,0,0.00066226587,0
12672146,41,1,0,0.0130135,0,0.013439548,0
12672200,41,1,0,6.347035e-08,0,5.3824147e-06,0
12672535,41,39,0,2.678708e-05,0,5.0898518e-05,0
12672817,41,4,0,0.0010593276,0,0.008874537,0
12672832,41,1,0,2.3915549e-05,0,0.001480052,0
12672833,41,2,0,3.4731858e-07,0,0.00017008942,0
12672834,41,1,0,0.09399349,0,0.013632326,0
12672854,41,2,0,2.923948e-05,0,0.0016515324,0
12672857,41,1,0,4.0100807e-05,0,2.8279132e-05,0
12672859,41,41,0,0.020574557,0,0.009099343,0
12672860,41,22,0,1.0768411e-05,0,9.2506125e-05,0
12673136,41,3,1,0.061657872,0,0.9237569,1
12673142,41,2,0,1.3854788e-05,0,0.0034225932,0
12673168,41,1,0,7.604673e-11,0,5.381234e-06,0
12673904,41,7,0,7.206738e-17,0,3.847853e-11,0
12673975,41,13,0,8.538381e-11,0,1.7579709e-05,0
12674090,41,3,1,0.6393414,0,0.99935156,1
12674681,41,2,0,0.0014753072,0,0.015891708,0
12674993,41,2,0,0.7702721,1,0.38119245,0
12675011,41,3,0,0.00041717495,0,0.00031510656,0
12675145,41,3,0,0.010770481,0,0.0022694513,0
12675153,41,2,0,0.07054878,0,0.03129768,0
12676236,41,1,0,0.0019552808,0,0.0009552481,0
12676336,41,1,0,1.3089932e-08,0,8.645055e-07,0
12676353,41,3,0,0.00014693438,0,0.50297457,0
12676355,41,2,0,0.18626328,0,0.12074663,0
12676520,41,2,0,0.057438307,0,0.027492337,0
12676677,41,2,0,0.0009129664,0,0.0041721696,0
12676879,41,3,0,3.628826e-05,0,1.1900192e-07,0
12676885,41,3,0,3.1629352e-38,0,9.912751e-25,0
12676914,41,2,0,0.4793486,0,0.5158417,0
12677032,41,3,0,0.45842373,0,0.65485954,0
12677046,41,13,0,0.20199402,0,0.05403518,0
12677058,41,2,0,0.22062543,0,0.17905931,0
12677089,41,1,0,1.3431192e-05,0,0.0017932004,0
12677096,41,2,0,1.2200364e-06,0,1.6432992e-19,0
12677105,41,2,0,0.00020080534,0,0.000113705275,0
12677107,41,2,0,0.00021305363,0,0.00011473582,0
12677115,41,4,0,4.012223e-05,0,9.9434044e-05,0
12677126,41,1,0,1.7246746e-05,0,3.535251e-05,0
12677134,41,2,0,0.048211362,0,0.015816543,0
12677176,41,1,0,0.22724831,0,0.50466245,0
12677199,41,3,0,0.0040648854,0,0.6582057,0
12677208,41,2,0,0.0018350274,0,0.0094808135,0
12677425,41,2,0,0.00075689616,0,0.00010293777,0
12677438,41,2,0,9.0541704e-05,0,0.0033907176,0
12677442,41,1,0,0.0007906891,0,0.032539118,0
12677477,41,1,0,0.0017662327,0,0.04779495,0
12677516,41,1,0,0.004502719,0,0.0021883005,0
12677556,41,1,0,0.00070777786,0,0.011312052,0
12678078,41,2,0,0.00023594992,0,0.0009133919,0
12678082,41,2,0,0.00054450484,0,0.014119147,0
12678083,41,3,0,0.00070950435,0,0.011985151,0
12678089,41,3,0,0.034608025,0,0.01553647,0
12678093,41,3,0,0.012300474,0,0.015776327,0
12678241,41,2,0,0.00012192507,0,0.0043424913,0
12678247,41,2,0,0.026041873,0,0.29289916,0
12678295,41,1,0,0.110137805,0,0.4381802,0
12678303,41,4,0,4.0208564e-05,0,0.0002261183,0
12678323,41,3,0,3.0932366e-17,0,2.8852484e-10,0
12678376,41,2,0,4.417849e-05,0,6.1416475e-05,0
12678396,41,2,0,0.15113728,0,0.08337346,0
12678407,41,7,0,4.3076317e-11,0,2.0937175e-07,0
12678438,41,2,0,0.06272567,0,0.0077462406,0
12678444,41,2,0,0.00039462527,0,0.0016180536,0
12678451,41,2,0,0.0034274813,0,0.01765554,0
12678491,41,3,0,7.2347764e-05,0,0.0006892496,0
12678503,41,2,0,0.090237945,0,0.42524245,0
12678509,41,1,0,0.0008520261,0,0.03787597,0
12678558,41,2,0,0.0035775632,0,0.0011375156,0
12678590,41,2,0,0.00040884988,0,0.0007660588,0
12678621,41,2,0,0.008363926,0,0.009735452,0
12678651,41,3,0,0.25433305,0,0.6494868,0
12679222,41,1,0,2.769275e-05,0,0.00015833307,0
12679238,41,3,0,0.1561529,0,0.01780505,0
12679250,41,3,0,0.0059756576,0,0.16405499,0
12679263,41,3,0,0.13708113,0,0.06973698,0
12679274,41,2,0,0.0023774551,0,0.0006021779,0
12679472,41,1,0,1.9452008e-07,0,9.618169e-09,0
12680193,41,3,0,0.003158761,0,0.03273797,0
12680258,41,2,0,7.4155615e-10,0,2.8447896e-06,0
12680754,41,1,0,2.0135089e-05,0,5.7355102e-24,0
12681657,41,2,0,0.0003467729,0,0.0023220067,0
12682010,41,2,0,0.0064974544,0,0.011084286,0
12682099,41,3,0,0.19795997,0,0.08840089,0
12682410,41,1,0,0.002127482,0,0.0037468837,0
12682818,41,1,0,0.001237011,0,0.00018426747,0
12682884,41,2,0,7.7230045e-10,0,7.8071276e-25,0
12683134,41,3,0,2.0108992e-05,0,0.0004630373,0
12683189,41,3,0,0.059447777,0,0.000116551666,0
12683561,41,22,0,0.10358349,0,0.051801838,0
12683566,41,1,0,0.00441026,0,0.0023093214,0
12683567,41,2,0,0.06783335,0,0.06297659,0
12683568,41,4,0,0.048308242,0,0.07515651,0
12683571,41,2,0,0.00088129204,0,0.00038024868,0
12683573,41,2,0,0.043128792,0,0.012208179,0
12683574,41,3,0,0.0070975935,0,0.02337151,0
12683575,41,3,0,0.14924356,0,0.3647946,0
12683689,41,2,0,0.045846194,0,0.43265325,0
12683692,41,3,0,0.011057103,0,0.07363035,0
12683695,41,3,0,0.034394167,0,0.06321208,0
12683696,41,2,0,0.080435574,0,0.42391944,0
12683698,41,21,0,0.41681448,0,0.3018744,0
12683699,41,12,0,0.31578422,0,0.28670463,0
12683743,41,13,0,0.003983571,0,0.0014156401,0
12683752,41,2,0,0.033695113,0,0.18894486,0
12683756,41,2,0,7.323627e-05,0,0.0027800337,0
12683760,41,2,0,0.006646183,0,0.07186358,0
12683767,41,2,0,0.0031359654,0,0.016163258,0
12683768,41,2,0,0.4216111,0,0.7412927,0
12683771,41,3,0,0.0016001314,0,4.1103714e-05,0
12683774,41,3,0,5.8330716e-06,0,3.2024815e-05,0
12683864,41,1,0,1.8555348e-20,0,3.4399872e-19,0
12683921,41,1,0,0.00059998204,0,0.0042249765,0
12684002,41,2,0,0.010252535,0,0.0005633775,0
12684008,41,2,0,2.8075316e-05,0,0.0021917722,0
12684017,41,6,0,0.13132231,0,0.030807287,0
12684118,41,5,0,0.00060260907,0,0.0075021656,0
12684127,41,2,0,0.004782949,0,0.025335526,0
12684255,41,1,0,1.7158808e-06,0,3.1482858e-07,0
12684816,41,1,0,0.011070626,0,0.008007928,0
12685250,41,1,0,0.0017555744,0,0.0016006085,0
12685641,41,1,0,0.00051460776,0,0.00011231386,0
12685812,41,5,0,0.014549471,0,0.0078816265,0
12685822,41,4,0,0.0010867603,0,0.00045644338,0
12685827,41,4,0,0.0056138947,0,2.7698913e-08,0
12685855,41,2,0,0.011648453,0,0.007210655,0
12685942,41,6,0,4.80006e-05,0,7.709009e-06,0
12686058,41,1,0,4.556903e-23,0,2.347182e-20,0
12686376,41,4,0,0.02597006,0,0.11175353,0
12686407,41,1,0,9.868963e-06,0,3.686325e-05,0
12686445,41,3,0,0.00024003471,0,2.4820256e-06,0
12686811,41,2,0,7.40536e-24,0,5.450577e-21,0
12686813,41,2,0,0.009586069,0,0.015025154,0
12686823,41,2,0,0.00020128304,0,2.3849742e-07,0
12686885,41,1,0,7.39045e-05,0,0.0014268196,0
12687037,41,2,0,0.08838863,0,0.13053373,0
12687044,41,1,0,0.0019740101,0,0.030798534,0
12687470,41,2,0,0.0343928,0,0.051217657,0
12687951,41,5,0,0.006826598,0,0.014127773,0
12688410,41,1,0,0.00033427987,0,0.00023966814,0
12688415,41,3,0,0.53046554,0,0.494951,0
12688503,41,3,0,0.2877799,0,0.22008447,0
12688530,41,3,0,6.265001e-05,0,0.0003917866,0
12688580,41,4,0,3.541956e-11,0,2.6443485e-09,0
12688624,41,3,0,0.0030465776,0,0.040045884,0
12688669,41,2,0,1.0013578e-06,0,8.965206e-05,0
12688678,41,2,0,0.012432089,0,0.018490948,0
12688728,41,3,0,4.168621e-05,0,2.8762818e-06,0
12688733,41,2,0,1.6239104e-14,0,1.3673922e-07,0
12688758,41,1,0,0.0034037705,0,0.009502623,0
12689232,41,3,0,0.14417323,0,0.077073336,0
12689252,41,2,0,1.829588e-05,0,2.4494963e-21,0
12689558,41,1,0,0.012344679,0,0.0045777173,0
12689609,41,3,0,0.060599588,0,0.08353653,0
12689615,41,3,0,0.16395138,0,0.21595623,0
12689616,41,3,0,0.15121333,0,0.07139415,0
12689618,41,2,0,0.021801082,0,0.0028899217,0
12689621,41,2,0,0.00012617368,0,0.059563886,0
12689789,41,1,0,0.002797771,0,0.015681913,0
12689991,41,1,0,0.118280604,0,0.48321965,0
12690034,41,3,0,0.39783153,0,0.18594514,0
12690040,41,3,0,0.22911276,0,0.35822782,0
12690201,41,2,0,0.025230931,0,0.26761162,0
12690607,41,1,0,0.039901156,0,0.03655466,0
12691078,41,4,0,1.41752954e-14,0,7.2484694e-09,0
12691111,41,13,0,6.76385e-19,0,6.3234213e-09,0
12691943,41,14,0,8.409555e-21,0,2.552492e-09,0
12692249,41,11,0,7.5062154e-16,0,4.6483052e-07,0
12692685,41,1,0,0.0067566857,0,0.008945843,0
12692697,41,1,0,2.2761087e-06,0,0.0030904014,0
12692727,41,4,0,4.3438404e-06,0,1.14164095e-05,0
12693105,41,2,0,6.154551e-08,0,0.0006400927,0
12693126,41,1,0,0.0035386158,0,0.006226625,0
12694404,41,6,0,4.950748e-19,0,1.5678356e-14,0
12694629,41,4,0,9.626998e-09,0,5.965416e-06,0
12695472,41,3,0,2.5083745e-07,0,3.7065317e-07,0
12695480,41,2,0,6.324543e-06,0,0.00039413763,0
12696075,41,1,0,2.5768547e-26,0,5.325975e-23,0
12696109,41,2,0,4.5497877e-06,0,0.00026611835,0
12698857,41,2,0,0.0008925084,0,0.006153033,0
12699200,41,4,0,0.0062645925,0,0.0009528152,0
12701847,41,8,0,3.296544e-23,0,2.2322279e-10,0
12701981,41,11,0,4.9109744e-23,0,2.3755186e-14,0
12702064,41,12,0,2.0675775e-26,0,8.9296897e-13,0
12703125,41,11,0,2.3848405e-24,0,3.9095806e-11,0
12703489,41,1,0,2.8330472e-12,0,5.297521e-10,0
12703967,41,2,1,0.99535674,1,0.9808523,1
12705568,41,15,0,2.4693749e-11,0,5.0520994e-06,0
12705634,41,15,0,2.9890238e-17,0,9.0402125e-08,0
12705766,41,8,0,2.463446e-16,0,7.364093e-07,0
12706454,41,13,0,5.983534e-18,0,1.3864401e-07,0
12709005,41,2,0,0.15191193,0,0.40990928,0
12709010,41,2,0,0.027499368,0,0.13022871,0
12709011,41,3,0,0.5372037,0,0.7919628,0
12709014,41,2,0,0.08231793,0,0.21482705,0
12709018,41,1,0,0.21534488,0,0.21533148,0
12709727,41,1,0,2.4302864e-07,0,1.8021675e-06,0
12709951,41,1,0,0.00024886683,0,0.00021711776,0
12709962,41,1,0,0.023092633,0,0.006850993,0
12710328,41,1,0,1.9814809e-32,0,2.4955116e-22,0
12711452,41,1,0,0.07134307,0,0.010781373,0
12711626,41,1,0,1.7098076e-06,0,8.39358e-06,0
12713058,41,1,0,1.5867137e-17,0,1.2407002e-06,0
12713111,41,1,0,9.760485e-17,0,3.257811e-06,0
12713303,41,1,0,0.0020258732,0,0.002212323,0
12714218,41,2,0,0.712467,1,0.46381438,0
12776709,41,1,0,0.0005533021,0,0.0002878296,0
12776839,41,1,1,0.63135314,0,0.50652194,0
12776854,41,1,1,4.2906434e-14,0,0.0025923636,0
12776875,41,1,1,0.39137003,0,0.18717733,0
12777192,41,1,1,0.88265294,1,0.96261686,1
12777205,41,1,1,0.25697947,0,0.23966159,0
12777209,41,1,1,0.9274412,1,0.9607592,1
12777291,41,1,1,0.49897483,0,0.08636344,0
12777292,41,2,0,8.69245e-05,0,0.00027033867,0
12777328,41,1,1,0.3939347,0,0.18805057,0
12777720,41,1,1,0.19951965,0,0.9996333,1
12778411,41,1,1,0.13180201,0,0.37741598,0
12778423,41,1,1,1.0351624e-13,0,0.013820877,0
12778427,41,2,0,2.3092393e-06,0,0.00094396685,0
12778447,41,2,0,0.0025097607,0,0.006497734,0
12778479,41,1,1,0.9349199,1,0.9471321,1
12778488,41,1,1,0.19802396,0,0.26008102,0
12778492,41,1,1,0.8601045,1,0.99923193,1
12778505,41,1,1,0.033210345,0,0.42598364,0
12778510,41,1,1,0.94785404,1,0.8495229,1
12778524,41,1,1,0.5878824,0,0.9901192,1
12778533,41,1,1,0.6480219,0,0.999871,1
12778573,41,1,1,0.33753085,0,0.44521376,0
12778668,41,1,1,0.7258731,1,0.9951396,1
12778745,41,1,1,0.24410734,0,0.99553066,1
12778754,41,1,1,0.9678776,1,0.9261775,1
12778760,41,1,1,0.35402012,0,0.40224102,0
12779316,41,1,1,0.40584993,0,0.89523387,1
12779380,41,1,1,0.65008235,0,0.99987113,1
12779384,41,1,1,1.31393445e-14,0,0.31152594,0
12779397,41,1,1,1.985229e-14,0,0.47539806,0
12779404,41,1,0,0.00111078,0,0.002585446,0
12779542,41,1,1,1.8327548e-14,0,0.0017480738,0
12779550,41,1,1,0.64999795,0,0.9998709,1
12779611,41,1,1,0.9256913,1,0.68408936,0
12779622,41,1,1,0.935437,1,0.9988367,1
12779661,41,1,1,0.95836127,1,0.95533574,1
12779907,41,3,0,0.005341875,0,0.08100429,0
12779915,41,2,0,0.0022251965,0,0.15392718,0
12779937,41,1,1,0.7820466,1,0.38576832,0
12779969,41,2,1,0.844153,1,0.9001106,1
12779971,41,1,0,6.473941e-10,0,7.4459523e-09,0
12779996,41,1,1,0.66136676,0,0.8258481,0
12780009,41,3,0,0.91972274,1,0.8290785,0
12780013,41,1,1,2.5555494e-14,0,0.010445628,0
12780031,41,1,1,0.641481,0,0.5871682,0
12780033,41,4,0,2.2573391e-05,0,0.0007847374,0
12780036,41,1,1,0.30774403,0,0.17095847,0
12780047,41,1,1,0.6179047,0,0.6785223,0
12780122,41,1,1,0.8644638,1,0.91499007,1
12780125,41,1,1,0.4582949,0,0.44141188,0
12780133,41,5,0,0.0,0,0.0,0
12780176,41,110,0,0.0,0,1.644859e-36,0
12780216,41,1,1,0.5023634,0,0.70854694,0
12780252,41,1,1,0.610766,0,0.99919087,1
12780327,41,1,1,0.8188181,1,0.7323902,0
12780332,41,1,1,0.9051589,1,0.99029493,1
12780335,41,1,1,2.1930601e-14,0,0.1845631,0
12780339,41,1,1,8.201559e-15,0,0.009721827,0
12780343,41,1,1,2.669319e-14,0,0.37746143,0
12780345,41,1,1,5.755264e-14,0,0.0055616274,0
12780368,41,1,1,0.87900627,1,0.9989391,1
12780376,41,1,1,0.32911414,0,0.99948716,1
12780436,41,1,1,0.30929804,0,0.17121169,0
12780444,41,1,1,0.3094716,0,0.17130987,0
12780483,41,2,1,0.86964357,1,0.41018653,0
12780496,41,1,1,0.89506906,1,0.9999238,1
12780542,41,93,0,8.769581e-08,0,1.4209156e-06,0
12780546,41,1,0,0.008820071,0,0.020418556,0
12780552,41,1,0,0.00023435045,0,0.0032741418,0
12780602,41,1,0,0.0002664103,0,0.07787126,0
12780603,41,1,0,0.18546577,0,0.27364132,0
12780604,41,1,0,0.033015613,0,0.15177068,0
12780610,41,3,0,0.02193951,0,0.0016991266,0
12780618,41,12,0,6.1244114e-05,0,0.00064290356,0
12780624,41,1,0,4.951756e-16,0,6.221196e-06,0
12780628,41,13,0,4.9149775e-26,0,8.05069e-12,0
12780631,41,3,0,0.022170393,0,0.04225521,0
12780634,41,3,0,0.78768194,1,0.7748187,0
12780647,41,1,0,0.011704371,0,0.19132955,0
12780664,41,1,0,0.03305236,0,0.122357644,0
12780665,41,1,0,0.010107672,0,0.062353894,0
12780684,41,3,0,0.79062724,1,0.80904883,0
12780702,41,1,0,0.0037388788,0,0.0036631096,0
12780715,41,1,0,0.088471964,0,0.053057216,0
12780717,41,1,1,0.41448697,0,0.11741828,0
12781015,41,6,0,0.0,0,5.4068166e-37,0
12781016,41,6,0,9.315072e-27,0,3.2160294e-31,0
12781030,41,1,1,0.9116818,1,0.9781787,1
12781074,41,82,0,1.1063915e-13,0,5.296773e-10,0
12781679,41,1,0,0.008763388,0,0.0007580951,0
12781680,41,16,0,1.170202e-31,0,1.1482559e-16,0
12781697,41,1,0,1.302919e-05,0,2.151119e-05,0
12781712,41,1,0,0.0008200755,0,0.0061660577,0
12781713,41,1,0,0.00035855678,0,0.0040307795,0
12781714,41,2,0,0.00013886145,0,0.00033646374,0
12781717,41,1,0,0.0007087552,0,0.008659609,0
12781723,41,1,0,0.00019334015,0,0.0070359563,0
12781727,41,11,0,1.878373e-05,0,4.1382523e-07,0
12781731,41,3,0,2.5213032e-05,0,0.00016479904,0
12781748,41,1,0,0.00023210872,0,0.008113768,0
12781760,41,4,0,6.356591e-06,0,0.00012968546,0
12781773,41,1,0,0.10152187,0,0.042172167,0
12781782,41,2,0,0.00021420857,0,0.00032908868,0
12781783,41,2,0,0.001035106,0,0.016195705,0
12781784,41,1,0,1.7874485e-05,0,0.0067563457,0
12781845,41,1,1,0.31073022,0,0.17161694,0
12782051,41,1,1,0.51818204,0,0.9998604,1
12782435,41,1,1,0.8446651,1,0.35919517,0
12782462,41,1,1,0.79717743,1,0.97297186,1
12782787,41,3,0,0.0015076308,0,0.0023033428,0
12782835,41,1,1,0.28321737,0,0.9212595,1
12783910,41,2,0,0.0010881128,0,0.0064261206,0
12784805,41,2,0,0.010352966,0,0.0013642522,0
12785090,41,3,0,0.004384278,0,0.097449556,0
12785129,41,2,0,0.026106987,0,0.06960645,0
12785436,41,2,0,0.069282524,0,0.017789394,0
12785603,41,2,0,6.802776e-05,0,0.002513783,0
12785621,41,1,0,0.03082674,0,0.0022786397,0
12785627,41,2,0,0.04433313,0,0.15926489,0
12786043,41,2,0,0.5780117,0,0.059722677,0
12786068,41,2,0,0.00088527164,0,0.000120156416,0
12786110,41,2,0,0.001910125,0,0.006171407,0
12786119,41,2,0,0.49786174,0,0.9851478,1
12786144,41,2,0,0.058284227,0,0.026788576,0
12786151,41,2,0,0.006270711,0,0.015026022,0
12786167,41,2,0,0.21388824,0,0.15941091,0
12786170,41,1,0,0.00010914194,0,9.28053e-05,0
12786201,41,2,0,0.0011489218,0,1.772061e-08,0
12786327,41,2,0,0.10946534,0,0.15572053,0
12786338,41,2,0,0.0007820459,0,0.00036656298,0
12786344,41,2,0,2.0997568e-05,0,0.004075346,0
12786355,41,2,0,0.00020534359,0,0.00028429533,0
12786498,41,2,0,0.13539685,0,0.21449995,0
12786511,41,2,0,0.057780035,0,0.24964057,0
12786880,41,2,0,0.17016968,0,0.0021553063,0
12786886,41,2,0,1.986843e-10,0,3.323114e-06,0
12786892,41,2,0,0.013096958,0,0.03303144,0
12786914,41,2,0,0.0069268984,0,0.11684643,0
12786944,41,2,0,0.057131536,0,0.043983035,0
12786950,41,2,0,0.33245447,0,0.0010593797,0
12787231,41,1,0,0.074768506,0,0.27981514,0
12787243,41,2,0,0.01998032,0,0.08000364,0
12787255,41,2,0,0.011580107,0,0.0028775188,0
12787653,41,34,0,0.0004905758,0,0.0040863794,0
12787687,41,1,0,1.8128867e-05,0,0.0020655459,0
12787874,41,2,0,0.013202068,0,0.01530736,0
12787889,41,19,0,0.02144535,0,0.091847785,0
12787949,41,3,0,0.010462977,0,0.57994103,0
12787951,41,2,0,1.8739512e-20,0,3.2022318e-13,0
12788021,41,1,0,6.6228306e-05,0,2.417007e-08,0
12788063,41,5,0,0.0073053637,0,0.00047232222,0
12788078,41,2,0,0.0038545227,0,0.13012853,0
12788192,41,8,0,0.015821569,0,0.0002714829,0
12788223,41,27,0,0.00520348,0,0.0057360358,0
12788383,41,3,0,0.0069858637,0,0.0019150322,0
12788387,41,2,0,5.1636896e-05,0,0.00082303194,0
12788388,41,2,0,3.7092939e-06,0,1.3656836e-07,0
12788389,41,2,0,0.00037261198,0,0.18257599,0
12788418,41,16,0,0.001108292,0,0.002957194,0
12788428,41,2,0,1.0547919e-06,0,5.317141e-06,0
12788435,41,4,0,0.0038077899,0,0.00017651945,0
12788449,41,9,0,0.0065082028,0,0.0012205662,0
12788522,41,1,0,0.0042391713,0,0.007447156,0
12788854,41,3,0,0.009337665,0,0.06802127,0
12788884,41,5,0,0.11535439,0,0.17593907,0
12788890,41,2,0,0.0033696056,0,0.004217376,0
12789074,41,17,0,0.015437093,0,0.0044037327,0
12789081,41,1,0,0.000101808895,0,0.019134441,0
12789341,41,2,0,0.003814786,0,0.05684324,0
12789351,41,2,0,0.00010241825,0,0.0055314647,0
12789376,41,2,0,0.00039537332,0,2.2789844e-05,0
12790096,41,2,0,0.00035253452,0,0.08469795,0
12790636,41,1,0,0.026303526,0,0.5624498,0
12790720,41,2,0,0.0016178302,0,0.03864679,0
12790759,41,1,0,1.4074522e-16,0,5.4175185e-08,0
12790850,41,3,0,0.023692839,0,0.023395278,0
12791279,41,2,0,0.032849975,0,0.26515386,0
12791286,41,2,0,0.001637879,0,0.29648373,0
12791293,41,1,0,6.576197e-05,0,1.531796e-08,0
12791305,41,2,0,0.0062084342,0,0.006159326,0
12791315,41,2,0,0.0018081969,0,0.0009471307,0
12791620,41,3,0,0.007568157,0,0.015577831,0
12791622,41,3,0,0.1935814,0,0.05816613,0
12791630,41,2,0,0.00020341127,0,4.6221287e-11,0
12791649,41,2,0,0.14283004,0,0.00723211,0
12791670,41,2,0,0.0006789759,0,0.0037875911,0
12791925,41,2,0,0.02274808,0,0.03843929,0
12792292,41,3,0,1.2166205e-05,0,0.00045725578,0
12792319,41,2,0,0.19652744,0,0.42029664,0
12792330,41,2,0,0.053436883,0,0.018659554,0
12792344,41,2,0,0.010830023,0,0.013112,0
12792462,41,2,0,0.025257628,0,0.14849378,0
12792799,41,2,0,0.028883858,0,0.002055568,0
12792806,41,2,0,0.007906382,0,0.39895317,0
12792832,41,3,0,0.005214122,0,0.04785118,0
12792880,41,2,0,0.015175447,0,0.105052084,0
12793271,41,2,0,0.0064550494,0,0.010680106,0
12793277,41,2,0,0.00074604497,0,0.15361977,0
12794041,41,2,0,0.00423737,0,0.0054141562,0
12794050,41,2,0,0.0051000915,0,0.6497121,0
12794101,41,1,0,0.41610143,0,0.34144914,0
12794203,41,2,0,0.0018694771,0,0.9233488,1
12794352,41,2,0,0.06929908,0,0.0018244192,0
12794359,41,3,0,4.8558883e-05,0,0.00039853173,0
12794499,41,2,0,0.069624014,0,0.16751345,0
12794507,41,2,0,0.21996894,0,0.048888557,0
12795391,41,1,1,0.8001228,1,0.81558937,0
12795837,41,5,0,0.012278259,0,0.021930166,0
12795923,41,3,0,0.023329612,0,0.0023168405,0
12795929,41,5,0,0.0010755535,0,0.0027910357,0
12796149,41,2,0,0.00070822827,0,0.00045178906,0
12797069,41,22,0,0.00039263928,0,5.8579473e-05,0
12797083,41,2,0,9.3656105e-09,0,3.4504257e-07,0
12797685,41,3,0,9.698026e-07,0,0.0007692515,0
12797689,41,3,0,4.680185e-06,0,0.00025507403,0
12797690,41,2,0,8.3319625e-05,0,0.00012066714,0
12797692,41,3,0,2.0950165e-05,0,0.00054613873,0
12798723,41,45,0,0.00015578601,0,0.0010117688,0
12798747,41,1,0,0.0087944,0,0.09804149,0
12798757,41,1,0,4.260274e-06,0,0.0003272609,0
12798766,41,1,0,0.006806126,0,0.0028290288,0
12798767,41,1,0,3.110767e-05,0,0.007236973,0
12798772,41,1,0,6.9404855e-06,0,0.00018102101,0
12798787,41,3,0,0.0044119875,0,0.049522992,0
12799167,41,2,0,4.719345e-06,0,0.0030494146,0
12799490,41,1,0,5.7288245e-05,0,0.0022057856,0
12800106,41,4,0,0.00391984,0,0.0115135,0
12800479,41,2,0,1.2259814e-06,0,1.1061052e-06,0
12800953,41,2,0,0.09094422,0,0.015485769,0
12801016,41,5,0,0.0005912416,0,0.0076446044,0
12801028,41,3,0,0.66711956,0,0.40821922,0
12801242,41,5,0,0.011142937,0,0.06882374,0
12801252,41,2,0,0.0020630027,0,0.02184447,0
12801264,41,3,0,0.004633345,0,0.0018246155,0
12801271,41,4,0,0.0013025729,0,0.0025867352,0
12801563,41,2,0,0.9868548,1,0.9225,1
12801567,41,2,0,0.95488095,1,0.88113195,1
12801569,41,2,0,0.8399958,1,0.5874946,0
12801574,41,1,0,0.9426715,1,0.91122115,1
12801779,41,4,0,4.487699e-06,0,6.6773e-08,0
12802078,41,1,0,0.0035407096,0,0.007876111,0
12802086,41,1,0,0.011512723,0,0.019972356,0
12802102,41,3,0,0.0017649435,0,0.001324594,0
12802118,41,4,0,0.00027185507,0,0.0008246865,0
12803302,41,2,0,8.328958e-10,0,9.610948e-08,0
12803306,41,2,0,7.8712183e-16,0,1.305501e-10,0
12803308,41,2,0,1.6258661e-10,0,2.0300899e-08,0
12803321,41,2,0,3.454917e-17,0,3.827226e-11,0
12803329,41,1,0,1.0834353e-12,0,2.6000464e-13,0
12803578,41,2,0,0.003745661,0,0.008074406,0
12803597,41,1,0,0.01262316,0,0.11469637,0
12803602,41,2,0,0.07002422,0,0.15885834,0
12804287,41,2,0,0.00013997602,0,8.495849e-06,0
12804295,41,3,0,0.008874697,0,0.0022587131,0
12804309,41,2,0,0.026197147,0,0.0052485545,0
12804355,41,22,0,9.588214e-07,0,3.330857e-08,0
12804366,41,1,0,0.09920202,0,0.34722456,0
12804386,41,1,0,1.5574216e-22,0,5.1640715e-19,0
12804393,41,41,0,1.2696921e-07,0,8.142504e-07,0
12804394,41,2,0,5.4541715e-06,0,0.00011008966,0
12805117,41,2,0,0.017395232,0,0.023816485,0
12805564,41,1,0,0.00014393408,0,0.00016733876,0
12805689,41,52,0,0.00012020353,0,8.84461e-05,0
12805698,41,3,0,0.0014976547,0,0.04047384,0
12805703,41,1,0,0.00049518916,0,0.0053470912,0
12805706,41,1,0,4.5806876e-18,0,4.6535524e-07,0
12805710,41,1,0,0.0024274176,0,0.058409743,0
12805711,41,4,0,9.159447e-06,0,2.127689e-05,0
12805805,41,4,0,0.00430843,0,0.0046208096,0
12806013,41,3,0,0.0001292243,0,0.006659086,0
12806030,41,1,0,0.004260935,0,0.0015359393,0
12806039,41,1,0,3.369264e-06,0,0.00019187885,0
12806113,41,118,0,0.0,0,3.5473108e-37,0
12806122,41,1,0,9.353996e-06,0,0.00026240438,0
12806127,41,1,0,0.0132806515,0,0.0010554529,0
12806146,41,1,0,0.010702084,0,0.02029339,0
12806147,41,1,0,0.0008300376,0,0.0034580838,0
12806155,41,1,0,0.7013188,0,0.89896744,1
12806159,41,1,0,2.2961882e-05,0,0.0049706246,0
12806175,41,1,0,0.004595883,0,0.03416625,0
12806177,41,1,0,0.025151463,0,0.024443468,0
12806178,41,1,0,0.0003903924,0,2.9382234e-05,0
12806181,41,1,0,0.039174188,0,0.032063905,0
12806507,41,1,0,0.009076684,0,0.009324982,0
12806510,41,1,0,0.00014922403,0,0.020812694,0
12806511,41,2,0,0.0047845314,0,0.004584499,0
12806516,41,3,0,0.61738735,0,0.48067322,0
12806527,41,1,0,0.001448683,0,7.424476e-05,0
12806606,41,100,0,0.0,0,3.6369858e-33,0
12806614,41,1,0,0.009144409,0,0.005635751,0
12806638,41,1,0,2.2764366e-06,0,1.6268863e-05,0
12806653,41,1,0,0.0017536033,0,0.0057349512,0
12806660,41,1,0,0.002272082,0,0.0152002005,0
12806663,41,1,0,0.10808869,0,0.23019753,0
12806667,41,1,0,0.4108295,0,0.8731492,1
12806676,41,1,0,0.00027422188,0,0.0003113357,0
12806677,41,1,0,5.7080256e-18,0,5.4623416e-07,0
12806690,41,1,0,3.910044e-05,0,0.00014066497,0
12806697,41,1,0,6.0995924e-11,0,2.7175802e-09,0
12806699,41,3,0,0.0011525863,0,0.047742542,0
12806701,41,1,0,0.006846053,0,0.004241891,0
12806706,41,3,0,2.472935e-10,0,7.29655e-08,0
12806708,41,3,0,4.972439e-11,0,4.034698e-08,0
12806717,41,1,0,4.9275677e-05,0,0.00042583523,0
12806718,41,1,0,5.743105e-17,0,1.3237043e-06,0
12806720,41,1,0,0.0011916732,0,0.002541823,0
12806739,41,2,0,0.005367482,0,0.02038653,0
12806740,41,1,0,1.3692952e-16,0,9.61155e-07,0
12806746,41,1,0,0.00021298786,0,0.007332893,0
12806755,41,1,0,0.2325688,0,0.6998402,0
12807013,41,5,0,0.24188593,0,0.082931966,0
12807023,41,2,0,0.2684697,0,0.09570033,0
12807026,41,1,0,0.05857246,0,0.2304137,0
12807027,41,2,0,0.0027056332,0,0.0042386437,0
12807028,41,2,0,0.036630794,0,0.24281058,0
12807038,41,3,0,0.12113015,0,0.1413311,0
12807048,41,1,0,0.032120846,0,0.0988316,0
12807050,41,2,0,0.464142,0,0.03634212,0
12807051,41,2,0,0.7710597,1,0.36675483,0
12807189,41,2,0,0.2793377,0,0.19451192,0
12807191,41,1,0,0.90882427,1,0.38711825,0
12807194,41,3,0,0.088831924,0,0.040349904,0
12807201,41,2,0,0.024477266,0,0.003769824,0
12807539,41,1,0,0.00062862824,0,0.0025935955,0
12808041,41,1,0,3.360179e-05,0,0.0010224438,0
12808647,41,4,0,0.00042296122,0,3.4865546e-09,0
12808657,41,1,0,0.00013972784,0,3.3190638e-05,0
12808740,41,2,0,0.00017293675,0,0.00037154037,0
12810084,41,2,0,0.003029407,0,0.021625511,0
12810831,41,6,0,0.0003865974,0,3.347641e-05,0
12810836,41,1,0,0.090236306,0,0.17573817,0
12810837,41,2,0,0.027275447,0,1.01413653e-16,0
12810838,41,3,0,4.3024574e-08,0,2.9824598e-08,0
12810839,41,4,0,0.003917906,0,0.023373928,0
12811004,41,1,0,2.005183e-05,0,0.0004609162,0
12811037,41,1,0,0.027379537,0,0.00810382,0
12811298,41,1,0,0.001717051,0,2.3076516e-05,0
12811317,41,1,0,2.5554644e-05,0,0.000763484,0
12811706,41,5,0,0.14228924,0,0.084983096,0
12811717,41,1,0,0.42849112,0,0.3494087,0
12811802,41,12,0,6.856912e-05,0,4.6216684e-07,0
12812389,41,1,0,3.308634e-06,0,0.00047607414,0
12812759,41,1,0,1.3552497e-05,0,0.00025012475,0
12813119,41,1,0,0.00044755684,0,0.14019535,0
12813420,41,1,0,6.285814e-05,0,0.019926473,0
12814076,41,1,0,0.0125841135,0,0.054988015,0
12814581,41,3,0,0.058163363,0,2.1205453e-06,0
12819840,41,1,0,8.8984065e-09,0,1.5325055e-05,0
12820106,41,2,0,3.1820678e-06,0,0.0003472837,0
12820841,41,1,0,1.9058693e-06,0,0.001232348,0
12821134,41,4,0,0.000116468575,0,0.0006348956,0
12821176,41,1,0,0.00021056378,0,0.0073980438,0
12822546,41,2,0,0.000116282805,0,0.005660813,0
12822962,41,2,0,0.000119688826,0,0.003853498,0
12823981,41,2,0,6.589455e-05,0,0.0022454446,0
12825135,41,1,0,0.0001484763,0,0.005639309,0
12826849,41,3,0,2.4476794e-05,0,3.731796e-06,0
12826917,41,3,0,4.3186345e-17,0,5.5320474e-11,0
12976982,41,1,0,1.201483e-07,0,1.0241964e-06,0
12977309,41,2,0,0.67368317,0,0.91307133,1
12977369,41,1,0,0.001034215,0,0.00431512,0
12977734,41,1,0,0.0,0,0.0,0
12977735,41,6,0,0.0062570455,0,0.005715476,0
12978123,41,1,0,0.012223736,0,0.0082385205,0
12978252,41,1,0,0.037004307,0,0.09699701,0
12978622,41,1,0,0.047755625,0,0.014410104,0
12979084,41,1,0,0.020490302,0,0.0046554105,0
12979105,41,1,0,0.03861755,0,0.0073244665,0
12979124,41,1,0,0.0048089377,0,0.002168668,0
12979253,41,1,0,0.00022107885,0,0.0003976018,0
12979325,41,1,0,0.0026828565,0,0.02537523,0
12980315,41,1,0,0.00089500827,0,0.08890415,0
12980342,41,1,0,0.0050089126,0,0.10709556,0
12980388,41,1,0,0.19607037,0,0.23939113,0
12980465,41,1,0,0.2261227,0,0.489895,0
12980513,41,1,0,4.0386494e-05,0,0.00015718516,0
12980533,41,1,0,0.07186159,0,0.043832164,0
12980609,41,1,0,0.056421593,0,0.013511235,0
12980624,41,1,0,0.00060674065,0,0.0006747404,0
12981375,41,1,0,0.08663118,0,0.14477366,0
12981435,41,1,0,0.0016254778,0,0.019853106,0
12981600,41,1,0,0.0746265,0,0.082059704,0
12981985,41,1,0,0.425993,0,0.8912253,1
12982085,41,1,0,0.0002216299,0,0.00012969277,0
12982338,41,5,0,0.047231805,0,0.018639307,0
12982603,41,1,0,0.0018425788,0,0.0070779473,0
12982967,41,1,0,0.06295291,0,0.08532373,0
12983005,41,1,0,0.77780783,1,0.6899167,0
12983773,41,1,0,0.17461747,0,0.14710833,0
12983924,41,1,0,0.0059102816,0,0.018291077,0
12984017,41,1,0,0.0030345444,0,0.0405183,0
12984062,41,1,0,0.03838336,0,0.0043963604,0
12984620,41,1,0,0.05737594,0,0.037024755,0
12984651,41,1,0,3.052501e-05,0,3.2036147e-05,0
12984683,41,1,0,0.03562908,0,0.03750527,0
12984768,41,1,0,0.030798372,0,0.016180912,0
12984797,41,1,0,0.0026209608,0,0.049256135,0
12984892,41,2,0,0.1537832,0,0.25398993,0
12987068,41,1,0,0.00013579527,0,0.006341235,0
12987200,41,91,0,8.969865e-15,0,4.573708e-12,0
12988751,41,4,0,0.07615309,0,0.10467119,0
12988764,41,2,0,0.091347925,0,0.10140329,0
12989571,41,1,0,1.5978067e-06,0,7.571167e-05,0
12990251,41,66,0,0.00020200074,0,0.00012024651,0
12990632,41,6,0,0.010364928,0,0.0023964369,0
12992332,41,2,0,6.465506e-05,0,2.6350803e-05,0
12992769,41,3,0,0.18088369,0,0.109639525,0
12998526,41,2,0,0.99994576,1,0.95548534,1
12998527,41,2,0,0.999954,1,0.9768157,1
12999576,41,3,1,0.0012435403,0,0.002555336,0
13012882,41,1,0,0.0007516139,0,0.023383355,0
13024915,41,2,0,0.0006890942,0,0.031896517,0
13029248,41,10,0,1.1942337e-09,0,1.2802926e-07,0
13031317,41,2,0,8.3512913e-10,0,8.631565e-06,0
13031319,41,3,0,7.7692546e-16,0,2.2268948e-14,0
13035448,41,1,0,0.00075237174,0,0.00059372064,0
13150785,41,2,0,7.669365e-07,0,8.991924e-08,0
13153403,41,4,0,2.0215339e-05,0,5.1136803e-06,0
13172236,41,1,0,5.3562893e-05,0,0.0081383195,0
13182191,41,1,0,1.1987552e-05,0,6.9592286e-05,0
13186666,41,2,0,6.6621294e-07,0,1.03351226e-07,0
13205600,41,1,0,5.809239e-07,0,2.5839867e-05,0
13205607,41,2,0,0.0029682552,0,0.068534695,0
13205661,41,1,0,9.774756e-05,0,0.00012016593,0
13205998,41,1,0,0.0065047443,0,0.058419634,0
13206361,41,1,0,9.542069e-06,0,0.00015527243,0
13207839,41,1,0,0.1776937,0,0.27868202,0
13210404,41,1,0,0.117813595,0,0.63687503,0
13210433,41,1,0,0.0022012114,0,0.01217212,0
13210898,41,1,0,0.0577726,0,0.027572265,0
13211070,41,1,0,3.757058e-09,0,1.03827315e-05,0
13213985,41,1,0,0.021402733,0,0.0587862,0
13214945,41,1,0,0.0006354852,0,0.014150672,0
13216778,41,1,0,0.29392824,0,0.21351856,0
13216886,41,1,0,0.0037901737,0,0.0046235956,0
13217563,41,1,0,0.0017939883,0,0.00053406967,0
13218603,41,1,0,0.029841304,0,0.017691389,0
13218967,41,1,0,0.0006023602,0,0.013916775,0
13219110,41,1,0,1.6565475e-12,0,8.669017e-06,0
13219218,41,1,0,5.1286443e-06,0,0.000114703114,0
13219548,41,2,0,0.00033403424,0,0.030672612,0
13219809,41,1,0,0.015071658,0,0.047118943,0
13219858,41,2,0,0.034494895,0,0.10538376,0
13221279,41,2,0,0.00031287913,0,1.3877321e-05,0
13221311,41,1,0,0.046650387,0,0.06514558,0
13221816,41,1,0,0.12593514,0,0.27242637,0
13221892,41,2,0,0.0037544898,0,0.020299628,0
13222199,41,1,0,0.052758876,0,0.14757055,0
13222290,41,1,0,0.0006126402,0,0.00035732455,0
13222735,41,1,0,0.026881734,0,0.010377991,0
13223062,41,1,0,0.023868086,0,0.021313341,0
13223140,41,1,0,0.036328647,0,0.07127456,0
13223487,41,1,0,0.35458586,0,0.461229,0
13224278,41,1,0,0.0044119186,0,0.012846146,0
13224893,41,1,0,6.1485094e-05,0,9.43617e-05,0
13226099,41,2,0,0.0044897804,0,0.02153009,0
13226207,41,2,0,0.3531113,0,0.5872861,0
13226239,41,1,0,0.0006403063,0,0.0011141007,0
13226747,41,1,0,0.0045650997,0,0.019054955,0
13227356,41,1,0,0.07995879,0,0.32094985,0
13227819,41,1,0,0.07854267,0,0.22465222,0
13227825,41,1,0,0.0069386316,0,0.034170512,0
13241375,41,2,0,0.25285575,0,0.73225313,0
13242340,41,2,0,0.00026337613,0,0.00045103664,0
13242793,41,1,0,9.275619e-05,0,0.00028964455,0
13251558,41,1,0,0.4005152,0,0.1960818,0
13251586,41,2,0,0.050241992,0,0.0813954,0
13251835,41,1,0,5.679184e-05,0,0.0005878301,0
13252256,41,1,0,0.028315468,0,0.123009,0
13252285,41,1,1,0.0068262983,0,0.0123597225,0
13252299,41,2,0,0.0011322169,0,0.0035948236,0
13252389,41,1,0,4.7038557e-07,0,9.716347e-07,0
13252401,41,2,0,0.0012700738,0,0.029782329,0
13252436,41,1,1,0.0002753647,0,0.0009733958,0
13252442,41,1,0,0.0001556773,0,0.003156547,0
13252812,41,2,0,5.5250277e-10,0,7.9837963e-07,0
13252885,41,2,0,0.00040334254,0,0.0068529104,0
13252972,41,2,0,0.00015114826,0,0.0013283,0
13253160,41,3,0,6.293792e-05,0,0.0013677282,0
13254247,41,1,0,0.009201608,0,0.07973917,0
13254276,41,1,1,0.020108817,0,0.12085234,0
13256087,41,1,0,0.00024620726,0,0.022360357,0
13256110,41,1,0,0.0010490009,0,0.015758766,0
13256178,41,1,0,0.02873908,0,0.017904302,0
13256365,41,1,0,0.0013142031,0,0.03837953,0
13260012,41,1,0,9.390848e-05,0,0.0062182923,0
13260026,41,1,0,0.0004996689,0,0.0016897282,0
13264701,41,1,0,0.6139228,0,0.21510117,0
13264763,41,3,0,0.9554368,1,0.09958012,0
13264769,41,2,0,0.90276015,1,0.4021888,0
13264777,41,3,0,0.94312674,1,0.8782642,1
13266589,41,1,0,6.0495553e-05,0,0.00020854895,0
13266655,41,2,0,0.0344381,0,0.09246634,0
13266690,41,1,0,3.5123467e-12,0,1.822377e-11,0
13266708,41,3,0,2.3699566e-05,0,4.566808e-05,0
13266725,41,2,0,0.0026771596,0,0.0009538716,0
13266736,41,2,0,2.1432823e-05,0,0.00012866805,0
13267225,41,2,0,1.3341014e-05,0,0.0001312046,0
13267233,41,3,0,0.030461377,0,0.0039205546,0
13267246,41,1,0,0.010453591,0,0.01640014,0
13268159,41,1,0,0.00016337106,0,0.022297816,0
13268173,41,1,0,0.017951325,0,0.036087185,0
13268197,41,1,0,0.00019055608,0,0.0017262297,0
13268557,41,2,0,0.019373,0,0.010573891,0
13268562,41,3,0,0.06366323,0,0.030136999,0
13268568,41,3,0,0.0008515862,0,0.0580394,0
13268760,41,1,0,9.093531e-05,0,0.0003356634,0
13277208,41,1,0,0.0,0,8.179983e-34,0
13278239,41,1,0,0.0,0,0.0,0
13279830,41,2,0,0.9608814,1,0.9108252,1
13279837,41,3,0,0.95450073,1,0.80318457,0
13279849,41,2,0,0.6487967,0,0.017808167,0
13279862,41,2,0,0.9249311,1,0.63509667,0
13279865,41,3,0,0.80023545,1,0.8825651,1
13279878,41,2,0,0.9535826,1,0.7846534,0
13279883,41,2,0,0.34745422,0,0.40337726,0
13279896,41,3,0,0.29964325,0,0.11530797,0
13279899,41,2,0,0.62390804,0,0.16918838,0
13279932,41,2,0,0.98536915,1,0.65060097,0
13279939,41,2,0,0.9865726,1,0.9734151,1
13279944,41,2,0,0.76846313,1,0.8421696,1
13280701,41,1,0,0.0020128654,0,0.0059334165,0
13284222,41,2,0,0.00013788177,0,0.0007980475,0
13284261,41,1,0,2.6481675e-05,0,0.00015352535,0
13284323,41,1,0,0.012870768,0,0.014330193,0
13284351,41,2,0,0.0074916105,0,0.007242964,0
13284366,41,2,0,0.055733033,0,0.19470914,0
13332792,41,6,0,0.03800738,0,0.012610674,0
13333059,41,1,0,0.06341346,0,0.2820705,0
13333148,41,93,0,1.12028026e-07,0,2.9171417e-07,0
13335842,41,1,0,1.653139e-05,0,0.004467402,0
13339840,41,2,0,0.0027449331,0,0.4980954,0
13348260,41,3,0,0.0043815235,0,0.0046088914,0
13354030,41,1,0,3.8625572e-08,0,1.6207961e-08,0
13354045,41,1,0,4.362361e-05,0,4.568944e-07,0
13356981,41,2,0,0.00028281493,0,5.409201e-05,0
13357036,41,1,0,4.2512045e-05,0,5.5981695e-06,0
13357635,41,1,0,6.6742565e-08,0,1.751256e-07,0
13358381,41,2,0,2.659289e-06,0,1.471426e-12,0
13361143,41,1,0,1.2386603e-07,0,1.014085e-07,0
13361176,41,2,0,0.00014154572,0,0.0009878216,0
13361495,41,1,0,1.5823576e-06,0,2.0162813e-07,0
13363661,41,1,0,4.260938e-08,0,3.5562717e-08,0
13363680,41,31,0,0.00047062745,0,0.00019792984,0
13364776,41,4,0,0.07999801,0,0.12470716,0
13364789,41,4,0,0.13344641,0,0.010336461,0
13364810,41,11,0,0.00053807563,0,5.385622e-05,0
13364848,41,2,0,0.00012407123,0,0.0017501117,0
13365126,41,8,0,0.006486991,0,0.00033863072,0
13365201,41,7,0,0.0052074925,0,2.0920717e-05,0
13365429,41,2,0,0.0037786772,0,0.70768005,0
13366051,41,1,0,4.864181e-07,0,2.2384725e-07,0
13366159,41,1,0,0.006341355,0,9.212938e-06,0
13366609,41,1,0,4.0022274e-10,0,2.276013e-09,0
13367066,41,1,0,1.9924414e-07,0,1.0849725e-07,0
13367078,41,1,0,0.00066336885,0,6.133958e-06,0
13367108,41,1,0,0.0027387217,0,0.019639768,0
13367307,41,1,0,2.4415259e-09,0,2.110797e-07,0
13368096,41,2,0,0.10939289,0,0.06687606,0
13368520,41,1,0,4.934527e-06,0,2.098079e-07,0
13368582,41,2,0,3.2383068e-07,0,1.7128171e-07,0
13368624,41,3,0,0.0012233404,0,0.0016179851,0
13368647,41,2,0,0.02873448,0,0.00071285514,0
13369311,41,1,0,1.3112447e-08,0,2.17734e-09,0
13370027,41,3,0,0.022116017,0,0.0628373,0
13372008,41,1,0,0.00012596318,0,0.00081239216,0
13373158,41,1,0,1.39114145e-05,0,0.00082808384,0
13373792,41,3,0,1.3513378e-13,0,1.7299839e-09,0
13373801,41,1,0,5.9717972e-06,0,0.00040121478,0
13375264,41,1,0,3.3903173e-13,0,4.7439147e-07,0
13378698,41,1,0,1.2532228e-17,0,3.7670344e-07,0
13378759,41,1,0,2.0740317e-18,0,3.2798428e-07,0
13380545,41,2,0,0.007972419,0,0.043352835,0
13380558,41,2,0,0.0787289,0,0.04313376,0
13382595,41,3,0,0.028061606,0,0.15177932,0
13382612,41,2,0,0.13253401,0,0.5344086,0
13384789,41,2,0,1.9722895e-05,0,0.0005974046,0
13386556,41,2,0,0.0009322389,0,0.011137032,0
13386671,41,2,0,4.586065e-07,0,0.00015575229,0
13387369,41,1,0,0.00010673417,0,0.0018180324,0
13388720,41,1,0,4.3792254e-05,0,5.3401218e-05,0
13388747,41,1,0,0.0003865123,0,0.012163677,0
13396508,41,1,0,4.465151e-05,0,1.5456979e-05,0
13401021,41,27,0,0.0003480109,0,0.0004222234,0
13401072,41,1,0,1.8934446e-05,0,0.00018931716,0
13401786,41,2,0,1.7295332e-15,0,3.2814394e-11,0
13401793,41,2,0,2.9674492e-17,0,9.7482925e-11,0
13401794,41,2,0,1.9693396e-11,0,4.5367203e-09,0
13401798,41,2,0,5.8302985e-17,0,3.2403278e-11,0
13401807,41,2,0,5.810892e-17,0,1.0293775e-10,0
13401811,41,2,0,2.5226759e-14,0,1.4353674e-09,0
13401815,41,2,0,6.087536e-16,0,9.589726e-12,0
13402022,41,2,0,1.4113394e-12,0,2.2519936e-10,0
13402028,41,2,0,4.6989942e-14,0,9.520638e-11,0
13402032,41,2,0,2.1564305e-10,0,1.3413883e-07,0
13402041,41,3,0,2.0462253e-13,0,1.22243575e-08,0
13402051,41,2,0,1.12065955e-13,0,4.551802e-09,0
13402057,41,2,0,5.910287e-13,0,1.3179462e-09,0
13402063,41,2,0,9.7363256e-11,0,8.830119e-09,0
13402068,41,2,0,7.3078105e-10,0,5.3734933e-08,0
13402073,41,2,0,1.06818054e-10,0,2.2814252e-08,0
13402083,41,2,0,7.402335e-10,0,6.64934e-08,0
13402090,41,2,0,7.4004997e-10,0,3.579853e-08,0
13402096,41,3,0,5.3945927e-17,0,3.0986668e-11,0
13402146,41,2,0,7.4376305e-10,0,5.224974e-08,0
13402149,41,2,0,8.55556e-08,0,7.0021834e-08,0
13402155,41,2,0,5.9484274e-15,0,2.7054014e-12,0
13403010,41,2,0,0.013201784,0,0.40391698,0
13404700,41,2,0,0.00066721364,0,0.012603432,0
13405587,41,2,0,0.3730546,0,0.09694786,0
13405589,41,2,0,0.9711553,1,0.82549,0
13405591,41,2,0,0.847767,1,0.5565778,0
13407465,41,1,1,0.069870114,0,0.092869066,0
13407894,41,1,0,0.0001437459,0,0.0019124554,0
13408367,41,1,0,0.0028534296,0,0.0139788985,0
13409524,41,22,0,0.23031873,0,0.49009693,0
13409536,41,1,0,0.0004844991,0,0.0017751051,0
13410860,41,2,0,0.006430177,0,0.005469845,0
13410863,41,2,0,0.075183846,0,0.05802715,0
13410866,41,2,0,0.00028323452,0,0.0026831282,0
13410871,41,2,0,6.32087e-05,0,0.00057229074,0
13411064,41,1,0,0.14524855,0,0.017475873,0
13411078,41,1,0,0.011156242,0,0.0005290182,0
13411566,41,2,0,0.9984333,1,0.80527645,0
13411574,41,2,0,0.8994882,1,0.9074,1
13411585,41,2,0,0.96078926,1,0.9040781,1
13411590,41,2,0,0.943469,1,0.9236725,1
13413503,41,2,0,0.37336507,0,0.7108256,0
13413508,41,2,0,0.3036296,0,0.23662682,0
13413509,41,2,0,0.9908127,1,0.7355575,0
13413513,41,2,0,0.71465397,1,0.73302966,0
13413518,41,2,0,0.9958198,1,0.83088285,1
13413524,41,2,0,0.30498782,0,0.7171905,0
13413534,41,2,0,0.97394615,1,0.7342542,0
13413541,41,2,0,0.97452796,1,0.7963023,0
13413546,41,3,0,0.64625305,0,0.91892993,1
13413553,41,2,0,0.40192357,0,0.104714274,0
13413558,41,2,0,0.97184235,1,0.84164774,1
13413579,41,2,0,0.9883387,1,0.9585093,1
13413586,41,2,0,0.31150594,0,0.796052,0
13413630,41,1,0,5.0812415e-10,0,2.9056469e-07,0
13413671,41,2,0,0.012538147,0,0.056626335,0
13413673,41,2,0,0.009495525,0,0.022467868,0
13413872,41,2,0,0.105040886,0,0.14815499,0
13418634,41,2,0,1.2776807e-05,0,7.181909e-05,0
13418756,41,1,0,0.038409106,0,0.08772361,0
13418762,41,1,0,7.191099e-05,0,3.264918e-06,0
13418781,41,1,0,8.909406e-06,0,0.0010446775,0
13418804,41,1,0,0.035536185,0,0.08598874,0
13418808,41,3,0,4.479639e-11,0,3.4989206e-08,0
13418824,41,1,0,2.32726e-06,0,2.7631573e-05,0
13418870,41,1,0,0.07131943,0,0.18277131,0
13418935,41,2,0,0.004658879,0,0.019206667,0
13418941,41,1,0,0.0031975463,0,0.03479547,0
13418954,41,1,0,0.0578136,0,0.2396086,0
13418978,41,1,0,0.006520287,0,0.011162325,0
13419522,41,1,0,0.22392654,0,0.36487025,0
13420201,41,2,0,0.69682884,0,0.7620558,0
13420206,41,2,0,0.4283362,0,0.047511224,0
13420431,41,2,0,0.9350207,1,0.11700104,0
13420439,41,1,0,0.035950955,0,0.0011039876,0
13424967,41,1,0,0.0013450524,0,0.000617579,0
13425163,41,2,0,0.00831437,0,0.0024316413,0
13425191,41,1,0,0.06038288,0,0.06779543,0
13425193,41,2,0,0.040891264,0,0.0058361636,0
13425518,41,1,0,0.00827872,0,0.052604146,0
13425520,41,5,0,0.31199953,0,0.29570287,0
13425873,41,2,0,0.0030772623,0,0.0012028608,0
13425879,41,1,0,0.00016348872,0,0.0004236777,0
13426232,41,1,0,0.00033015365,0,0.00037323232,0
13426677,41,1,0,0.011853053,0,0.121909395,0
13430881,41,1,0,0.114448674,0,0.34748748,0
13431195,41,2,0,0.019670293,0,0.0046793944,0
13431907,41,1,0,0.06446834,0,0.20485982,0
13431994,41,1,0,0.00012186137,0,0.0005139653,0
13432011,41,1,0,0.004134971,0,0.0005452998,0
13432090,41,2,0,0.28285486,0,0.0058764145,0
13432097,41,2,0,0.0006872961,0,0.00010485408,0
13514512,41,2,0,0.9086972,1,0.96238303,1
13539803,41,13,0,0.0030767152,0,0.00090373354,0
13566157,41,1,0,0.006588339,0,0.017273014,0
13578982,41,30,0,0.0019283391,0,0.0013127333,0
13581151,41,4,0,1.2869482e-07,0,7.1074523e-06,0
13581987,41,1,0,2.1899221e-07,0,3.8650082e-06,0
13582030,41,1,0,0.001784551,0,0.02042682,0
13582032,41,1,0,0.32546863,0,0.5119695,0
13582046,41,1,0,0.008652562,0,0.020561611,0
13582047,41,1,0,0.0025206124,0,0.01019421,0
13582080,41,1,0,2.4364563e-05,0,0.00014404446,0
13582264,41,1,0,2.1626953e-05,0,3.8292455e-05,0
13582271,41,1,0,3.0868668e-20,0,2.9268497e-08,0
13582276,41,1,0,0.00012416046,0,0.0011401501,0
13582285,41,1,0,0.0010349326,0,0.0039056987,0
13582316,41,1,0,0.00013043106,0,0.00012392898,0
13582972,41,1,0,0.00026017328,0,0.00018255101,0
13585060,41,1,0,0.0028190864,0,0.009944237,0
13587791,41,1,0,0.0016033411,0,0.012615305,0
13588511,41,14,0,0.007702918,0,0.006890019,0
13589003,41,9,0,0.04962368,0,0.30300593,0
13591191,41,1,0,0.0005754308,0,0.0011877052,0
13593543,41,1,0,0.00039271265,0,0.0012062864,0
13598193,41,16,0,0.18249427,0,0.027122362,0
13599617,41,1,0,1.7939052e-05,0,0.38384336,0
13600587,41,3,0,0.0002066253,0,5.672088e-05,0
13602359,41,1,0,0.0119333705,0,0.00043875957,0
13602643,41,1,0,0.01572839,0,0.07150344,0
13602646,41,1,0,0.0009928728,0,0.022223368,0
13602655,41,1,0,0.000655112,0,0.010870755,0
13625972,41,7,0,1.2772051e-06,0,0.000407377,0
13626812,41,1,0,0.233801,0,0.5435519,0
13626847,41,2,0,0.00092403113,0,0.005944971,0
13627122,41,2,0,0.017588101,0,0.07708898,0
13627138,41,1,0,0.00019487928,0,0.0016489248,0
13627167,41,2,0,0.00032679975,0,0.001963283,0
13627212,41,3,0,2.8281855e-05,0,0.00012145859,0
13627238,41,4,0,0.0005476685,0,0.00020278885,0
13627279,41,4,0,0.004088097,0,0.0003205078,0
13627324,41,6,0,0.00015749618,0,2.222753e-06,0
13627443,41,2,0,1.8307961e-09,0,9.435223e-07,0
13745157,41,2,0,0.0009878131,0,0.0006162291,0
13756924,41,20,0,0.0007825927,0,0.0010934996,0
13848837,41,2,0,7.5485115e-16,0,2.240331e-11,0
13848844,41,2,0,6.037881e-16,0,4.4642193e-10,0
13880880,41,1,0,0.4536002,0,0.0040609417,0
13901270,41,2,0,0.6453334,0,0.86703026,1
13901314,41,1,0,0.0033308435,0,0.0017224714,0
13908024,41,5,0,0.000117618125,0,0.003885357,0
14044635,41,2,0,0.7699115,1,0.27168116,0
14110544,41,1,1,0.014611571,0,0.055067334,0
14110546,41,1,0,8.537514e-08,0,6.1955243e-06,0
14230893,41,2,0,0.98979187,1,0.94716686,1
15153222,41,18,0,0.0008977323,0,0.0005085461,0
15297968,41,2,0,0.008620734,0,0.15721095,0
16228638,41,1,0,0.13556613,0,0.29811445,0
16240863,41,2,0,4.212027e-12,0,4.076249e-09,0
16416656,41,2,0,1.4360386e-16,0,1.2588252e-11,0
16422000,41,2,0,1.5712469e-16,0,6.032264e-16,0
16798077,41,1,0,0.036581445,0,0.0020684288,0
17303565,41,2,0,7.945313e-15,0,3.7015096e-11,0
17439885,41,2,0,1.9428774e-06,0,6.684548e-05,0
18018335,41,2,0,4.8345777e-16,0,4.8041814e-11,0
18282809,41,5,0,0.0007041948,0,0.0005953203,0
18303235,41,1,0,0.009011729,0,0.031370386,0
18342630,41,2,0,2.138892e-08,0,7.28531e-09,0
19021065,41,2,0,0.9845462,1,0.91820127,1
19990058,41,2,0,8.0270725e-17,0,4.812133e-11,0
20050561,41,3,0,0.35845357,0,0.056393888,0
22776993,41,8,0,0.0042313603,0,2.741681e-05,0
23633693,41,1,0,0.022112083,0,0.0081040645,0
24096394,41,2,0,2.73816e-11,0,1.0868147e-09,0
26644547,41,2,0,0.81861836,1,0.6804444,0
27064182,41,2,0,0.9094579,1,0.85920024,1
29050729,41,1,0,0.017348608,0,0.18332484,0
29878339,41,4,0,0.42660436,0,0.22906856,0
30918912,41,1,0,0.011231775,0,0.035367675,0
32230092,41,1,0,2.7852748e-05,0,0.0043939385,0
34119607,41,2,0,2.4182306e-14,0,1.8709788e-10,0
38365030,41,1,1,0.35829386,0,0.9693133,1
38365693,41,1,1,0.37791288,0,0.12832816,0
38369663,41,1,1,0.4853832,0,0.55252945,0
38370042,41,1,1,0.9594515,1,0.668558,0
38374234,41,1,1,0.17085364,0,0.44011363,0
38374920,41,1,1,0.386296,0,0.12790951,0
38374963,41,1,1,0.36553484,0,0.5152724,0
38375016,41,1,1,0.9138603,1,0.9598481,1
38391951,41,1,1,0.9289682,1,0.98209685,1
38409253,41,1,0,0.022305515,0,0.014529659,0
38432801,41,1,0,0.000641417,0,0.00057446084,0
38469024,41,2,0,0.0006540259,0,0.004771292,0
38473129,41,1,0,3.083495e-16,0,5.05012e-14,0
38473139,41,2,0,1.643569e-07,0,6.730143e-09,0
38473149,41,2,0,3.4093106e-13,0,1.460579e-09,0
38473514,41,3,0,1.9156982e-14,0,8.121191e-11,0
38477383,41,3,0,1.6257884e-14,0,1.319223e-10,0
38482727,41,2,0,0.99519676,1,0.6982876,0
38482748,41,2,0,0.9373979,1,0.3891559,0
38482761,41,2,0,0.5981814,0,0.92033565,1
38484089,41,2,0,9.448631e-09,0,2.1853587e-08,0
38484117,41,2,0,0.899084,1,0.9641757,1
38484120,41,2,0,0.96073174,1,0.7516662,0
38484124,41,2,0,0.99717724,1,0.9862809,1
38570057,41,1,0,0.47260088,0,0.61874354,0
38570071,41,1,0,0.2313798,0,0.23912303,0
38570081,41,3,0,0.004225614,0,0.0041289376,0
38570712,41,3,0,0.020919772,0,0.0054930868,0
39003091,41,1,0,0.0012606335,0,0.0032194946,0
39010623,41,1,0,0.003050886,0,0.00048565434,0
39015472,41,2,0,0.97735757,1,0.9843761,1
39015483,41,2,0,0.7954851,1,0.7015525,0
39124482,41,1,0,0.013698545,0,0.26106554,0
268186,42,1,0,0.26396,0,0.15394069,0
295623,42,2,0,5.592753e-06,0,0.00010426044,0
971497,42,3,0,0.0,0,4.3399594e-30,0
992596,42,13,0,1.2919167e-14,0,1.1272382e-29,0
1153751,42,10,0,4.952679e-25,0,1.7884783e-12,0
1154526,42,10,0,1.06117973e-19,0,3.198873e-10,0
1720404,42,21,0,5.209807e-12,0,3.6334202e-07,0
1744093,42,1,0,5.2053806e-06,0,0.004269203,0
1876609,42,8,0,0.00030038343,0,0.00027985455,0
1876617,42,1,0,0.0010478867,0,0.05429873,0
1876620,42,4,0,0.011539996,0,0.029236836,0
1876630,42,1,0,9.3492085e-09,0,4.618205e-08,0
1877925,42,1,0,4.000483e-06,0,2.9403478e-05,0
1879066,42,4,1,0.035626277,0,0.024262136,0
1879697,42,2,0,0.044630736,0,1.531921e-05,0
1880111,42,1,0,1.0948309e-05,0,3.8228747e-05,0
1885253,42,1,0,8.2189016e-17,0,2.2170768e-20,0
2376671,42,1,1,0.9364976,1,0.9920581,1
2800428,42,2,0,4.29777e-07,0,5.5951755e-06,0
3104636,42,3,0,1.0527141e-09,0,1.24894095e-05,0
3129300,42,1,0,3.204368e-06,0,2.0637177e-05,0
3141442,42,21,0,8.183496e-15,0,4.1860457e-27,0
3182916,42,10,0,1.4159263e-19,0,1.7663808e-09,0
3676053,42,1,0,3.565652e-05,0,2.272608e-05,0
3762827,42,2,0,0.019494127,0,0.006788054,0
3783494,42,1,0,5.5918827e-05,0,1.7474506e-05,0
3951773,42,2,0,0.81523395,1,0.29796913,0
3993302,42,1,0,0.0043109427,0,9.382102e-05,0
4493605,42,1,0,0.0034467967,0,0.0005525603,0
4774203,42,9,0,9.412192e-27,0,6.7984757e-15,0
5274025,42,7,0,6.1227245e-09,0,1.9524095e-06,0
5427127,42,11,0,2.5728014e-31,0,3.739964e-16,0
7251952,42,7,0,3.614745e-14,0,3.1636824e-16,0
7586795,42,1,0,0.013848982,0,0.0015697404,0
7636537,42,2,0,0.0,0,0.0,0
7642403,42,4,0,6.711783e-06,0,0.010086581,0
7642410,42,2,0,0.003110754,0,0.029355112,0
7917625,42,2,0,8.349957e-09,0,1.3364623e-06,0
8005107,42,1,0,1.3944834e-36,0,0.0,0
8593470,42,5,0,2.070795e-06,0,0.0007480297,0
8993505,42,11,0,2.81745e-21,0,1.6302843e-11,0
10403056,42,18,0,1.9899188e-25,0,4.1130515e-12,0
10942226,42,7,0,3.064135e-13,0,1.3299644e-08,0
11057227,42,4,0,3.25694e-05,0,0.0005014548,0
11494449,42,2,0,0.651747,0,0.36711714,0
11604903,42,9,0,5.8922515e-18,0,2.939049e-09,0
12364143,42,6,0,2.1845914e-16,0,4.918895e-08,0
12649359,42,91,0,4.9111986e-08,0,1.7021462e-06,0
13339218,42,2,0,3.724239e-05,0,2.6222004e-05,0
14782227,42,2,0,0.071696,0,0.37025347,0
15108363,42,13,0,5.7988054e-23,0,9.3982e-12,0
16294668,42,1,0,0.00014040688,0,4.855653e-06,0
16303980,42,1,0,5.9997915e-06,0,7.825652e-08,0
16304794,42,2,0,0.008417088,0,0.003991812,0
16543315,42,1,0,0.13154933,0,0.16728213,0
17223629,42,1,0,2.227907e-07,0,1.3345837e-05,0
18245985,42,1,0,0.00084760325,0,0.032958772,0
18927690,42,1,0,0.00022872881,0,3.9690447e-05,0
18933084,42,1,0,2.476043e-08,0,5.2634554e-05,0
19270209,42,5,1,0.0021622716,0,0.00049157074,0
19468516,42,6,0,8.4410673e-10,0,2.5346483e-06,0
19893937,42,1,0,0.002108624,0,0.002772791,0
20245713,42,1,0,0.018713841,0,0.05777685,0
21159145,42,1,0,1.6600115e-06,0,3.9271403e-05,0
21257238,42,1,0,6.00675e-17,0,8.3871976e-07,0
21358177,42,1,0,0.0003297859,0,0.0012102356,0
21456350,42,87,0,1.3410372e-12,0,2.637743e-10,0
21635707,42,1,0,6.2156265e-05,0,1.113463e-05,0
21727261,42,1,0,0.00044379177,0,0.0068544787,0
21937120,42,1,0,1.15337325e-05,0,1.1459969e-06,0
22021840,42,1,1,0.005656632,0,0.03596704,0
22583076,42,11,0,1.1347343e-18,0,1.1565684e-09,0
22808307,42,2,0,0.004161362,0,0.15907252,0
23576717,42,9,0,4.0251578e-35,0,1.3163759e-24,0
24106832,42,3,0,8.1541145e-07,0,1.3985735e-05,0
24106905,42,13,0,2.055263e-11,0,2.796794e-06,0
24107324,42,1,0,2.4023992e-09,0,1.9558765e-07,0
24107716,42,1,0,8.333701e-08,0,1.3877008e-07,0
24108173,42,1,0,5.4593784e-07,0,7.0416645e-05,0
24108594,42,1,0,1.3552393e-07,0,1.0494495e-05,0
24108824,42,1,0,1.8299438e-07,0,6.177124e-05,0
24450719,42,3,0,6.6882995e-07,0,0.00015741134,0
24786018,42,1,0,5.6666988e-05,0,6.688897e-05,0
25023305,42,3,0,2.09795e-06,0,0.00061783043,0
25234455,42,1,0,1.0131836e-05,0,0.0001293244,0
25943399,42,1,0,3.5889016e-07,0,6.137551e-06,0
26015423,42,47,0,5.857962e-14,0,1.12857546e-08,0
26151176,42,3,0,2.257625e-06,0,0.0013115092,0
26483212,42,1,0,6.24003e-05,0,0.003254899,0
26514157,42,2,0,9.207229e-06,0,0.00027194503,0
26551908,42,3,0,4.2782272e-08,0,0.00022099435,0
26889508,42,7,0,9.478399e-12,0,3.4136764e-07,0
27443088,42,1,0,0.00015602923,0,0.019253753,0
27529041,42,2,0,0.15255578,0,0.14424261,0
27529043,42,1,0,2.0647353e-06,0,2.708451e-05,0
27529051,42,2,0,0.016263532,0,0.008759388,0
27529059,42,1,0,0.00033154403,0,0.00046725027,0
27529062,42,3,0,0.0,0,2.5880228e-21,0
27542773,42,1,0,1.263475e-07,0,6.983364e-08,0
27575460,42,2,0,4.3428423e-37,0,3.8920446e-26,0
27655201,42,4,0,0.0,0,1.5320789e-20,0
27770741,42,1,0,6.756176e-05,0,0.00015270237,0
28052583,42,2,0,1.5390699e-05,0,4.6757883e-05,0
28277820,42,1,0,0.004104671,0,0.001170165,0
28387471,42,3,0,0.0,0,9.0131273e-20,0
28476094,42,11,0,4.3331483e-28,0,2.3051202e-22,0
28488738,42,1,0,0.0004212296,0,0.010294659,0
29123695,42,4,0,0.07076471,0,0.00941845,0
29359565,42,93,0,3.6606797e-16,0,2.7151241e-09,0
29766506,42,4,0,3.6284642e-10,0,1.3939583e-08,0
29925279,42,3,0,0.0018341168,0,0.0021550807,0
29945232,42,3,0,0.05554931,0,1.9343634e-08,0
30442365,42,2,0,0.0060561495,0,0.0026178926,0
30826956,42,1,0,7.96072e-09,0,4.0909532e-07,0
30908208,42,10,0,1.9128921e-16,0,2.7013218e-09,0
31051102,42,1,0,1.3924834e-05,0,0.00025918346,0
31240896,42,13,0,1.6712225e-19,0,5.0064554e-17,0
31284001,42,1,0,1.45247795e-05,0,0.0008022499,0
31379458,42,1,0,0.003293164,0,0.006981822,0
31379782,42,2,0,1.5813996e-06,0,0.00020618936,0
31423635,42,2,0,3.5154426e-05,0,0.00057487766,0
31838835,42,1,0,0.0007599236,0,2.0824136e-05,0
31892272,42,1,0,1.0376862e-05,0,1.7356945e-21,0
32025116,42,1,0,9.03704e-08,0,7.409054e-06,0
32469094,42,2,0,0.9533326,1,0.12991767,0
32844990,42,7,0,0.004584521,0,0.01488875,0
33056743,42,2,0,0.0021332277,0,0.15447114,0
33643200,42,2,0,0.006579211,0,0.06527977,0
33688530,42,2,0,0.0053631533,0,0.004744024,0
33688852,42,2,0,0.006667965,0,0.029350422,0
33888861,42,1,0,0.0038552883,0,0.012618917,0
34196609,42,1,0,3.4134819e-06,0,3.3068747e-05,0
34260059,42,1,0,0.0002726348,0,0.0004925705,0
34268149,42,1,0,0.039972525,0,0.025508815,0
34672686,42,7,0,0.026790434,0,0.020584239,0
34717366,42,18,0,4.183514e-24,0,9.062631e-21,0
34907021,42,1,0,0.24935247,0,0.020735227,0
34924148,42,2,0,1.593137e-07,0,0.00038685717,0
34956275,42,1,0,2.941798e-05,0,1.2876824e-07,0
34978872,42,23,0,1.637652e-37,0,2.586506e-26,0
35202200,42,82,0,4.4996154e-19,0,1.1350933e-11,0
35423135,42,1,0,0.0005125827,0,1.5894464e-09,0
35476088,42,1,0,0.00029416155,0,0.0022589336,0
35933803,42,6,0,1.756927e-07,0,9.07322e-05,0
35960886,42,2,0,0.0064971433,0,0.07868247,0
36786002,42,1,0,0.00015914922,0,0.014105043,0
36942064,42,1,0,5.439145e-05,0,0.00023584376,0
37085642,42,1,0,0.054345727,0,0.03506958,0
37546662,42,1,0,7.790839e-05,0,0.0049225315,0
38538087,42,85,0,5.233715e-14,0,1.2862292e-11,0
38791763,42,4,0,0.0,0,7.49488e-32,0
39146480,42,1,1,0.9062392,1,0.8097331,0
39377905,42,1,0,3.1448693e-05,0,0.00015465716,0
39389635,42,2,0,0.000956509,0,0.020886166,0
39457631,42,4,0,1.5471403e-06,0,0.0013739294,0
39579579,42,4,0,4.6237583e-05,0,0.0004394697,0
39871686,42,1,0,8.480024e-06,0,0.0005051286,0
39871706,42,1,0,2.367372e-06,0,0.00032679166,0
40151889,42,1,0,5.9735858e-06,0,9.382531e-06,0
40344642,42,1,0,0.0033062163,0,0.0011874462,0
40441436,42,1,1,0.85914546,1,0.9723714,1
40441445,42,2,1,0.9239759,1,0.9341346,1
41261572,42,1,1,0.7266681,1,0.9349823,1
41319424,42,3,0,0.001855088,0,0.0021863303,0
41342269,42,11,0,6.614044e-36,0,0.0,0
41782771,42,4,0,0.07280444,0,0.06614629,0
41990214,42,1,0,5.6685578e-05,0,0.00052409084,0
42071940,42,3,0,0.00017311625,0,0.0012733393,0
42303725,42,1,0,0.0005326607,0,0.008897021,0
42549756,42,1,0,9.29518e-06,0,4.3281393e-06,0
43160006,42,2,0,1.8813094e-05,0,4.930524e-07,0
43161721,42,2,0,0.3860768,0,0.03234264,0
43662693,42,1,1,0.80355906,1,0.9906661,1
43695214,42,1,0,8.880445e-06,0,2.207254e-05,0
43998636,42,2,0,0.001144862,0,3.4266137e-05,0
44252097,42,7,0,0.00021479679,0,0.0008009669,0
44771645,42,2,0,0.00055329234,0,0.0008495932,0
45031995,42,1,0,9.563872e-05,0,0.00087797095,0
45739524,42,1,0,0.0001236852,0,0.0020223015,0
46070912,42,3,0,0.025441302,0,0.29984537,0
46244487,42,4,0,0.47201738,0,0.08028207,0
46879105,42,1,0,2.9267238e-05,0,0.0021276372,0
47066538,42,97,0,1.728713e-14,0,7.298804e-12,0
47994516,42,2,1,0.00093805924,0,0.0020305803,0
48259567,42,1,0,1.2702751e-06,0,1.8419846e-06,0
48471275,42,2,0,8.159955e-06,0,0.0014813464,0
48473207,42,4,0,6.313848e-07,0,0.00034034043,0
49381958,42,3,0,0.093286246,0,0.0057779173,0
50009130,42,1,0,0.001318835,0,0.005539219,0
50157027,42,1,0,0.2486724,0,0.037883483,0
50157029,42,1,0,0.42295897,0,0.71420443,0
50322472,42,4,0,4.0413795e-10,0,1.3831125e-06,0
50409049,42,2,0,3.6315325e-06,0,8.07347e-06,0
51481472,42,5,0,3.8163634e-08,0,5.2452315e-06,0
51481941,42,3,0,9.200635e-05,0,0.0017174352,0
52056969,42,1,0,4.4340113e-06,0,6.558967e-05,0
52056970,42,2,0,0.0005810686,0,0.0028876662,0
52629852,42,2,0,2.9278246e-07,0,2.0043284e-05,0
53714703,42,1,0,1.0405532e-05,0,0.0004588764,0
55023383,42,4,0,1.2786587e-37,0,3.2902984e-24,0
55483333,42,30,0,7.9698154e-10,0,4.422727e-09,0
55684000,42,2,0,5.506378e-09,0,2.9956636e-06,0
55698383,42,2,0,0.00023522663,0,0.0022185673,0
55872688,42,2,0,4.0535883e-06,0,0.00018346049,0
56301929,42,1,0,5.581398e-05,0,0.0043052933,0
56359303,42,1,0,2.085566e-06,0,0.0005547659,0
57176813,42,2,0,8.2941966e-05,0,0.020049656,0
57675516,42,1,0,1.1248884e-05,0,9.749528e-05,0
57677306,42,1,0,3.6633286e-05,0,0.00011680144,0
57976911,42,2,0,0.39595568,0,0.091097355,0
58210472,42,1,0,0.00019600858,0,0.0019649821,0
59026069,42,1,0,0.001122524,0,0.00018295058,0
59026409,42,1,0,0.005615564,0,0.0046083275,0
59614985,42,1,0,0.0005439988,0,0.0027086716,0
59650535,42,2,0,7.410521e-12,0,3.3724402e-06,0
59899347,42,2,0,0.00037717703,0,0.0019433015,0
60329468,42,1,0,0.00010781758,0,0.0005494302,0
60368512,42,2,0,1.3974721e-05,0,6.196848e-05,0
60428676,42,1,0,2.8416474e-07,0,3.2347805e-05,0
60514648,42,1,0,0.00032933944,0,0.00015017051,0
61300418,42,1,0,6.322899e-07,0,3.5286585e-06,0
61381087,42,9,0,4.067888e-26,0,3.893956e-13,0
61722446,42,2,0,8.1473885e-09,0,8.765852e-08,0
61775653,42,1,0,0.00047692418,0,1.2936639e-05,0
61969385,42,1,0,0.0044792728,0,0.048676804,0
62131751,42,2,0,3.2793792e-12,0,4.115373e-06,0
62182419,42,1,0,0.003025241,0,0.023606565,0
62465661,42,1,0,0.24046539,0,0.015313284,0
62852272,42,1,0,0.01598041,0,0.19481567,0
62852492,42,1,0,0.014675786,0,0.15476304,0
62852493,42,19,0,3.470842e-13,0,5.7176985e-06,0
62852495,42,1,0,0.35936633,0,0.13980862,0
62853032,42,3,0,0.013693102,0,0.022412902,0
62853047,42,7,0,0.0011739391,0,2.1852018e-05,0
63082185,42,2,0,5.0614883e-05,0,0.000739265,0
63276814,42,3,0,0.00033208844,0,0.0110832555,0
63315682,42,1,0,1.1157814e-06,0,3.0788028e-06,0
63315686,42,6,0,0.0029021448,0,0.00011372284,0
63352329,42,2,0,0.0067280317,0,0.077746116,0
64876822,42,6,0,0.0027424893,0,0.0005384178,0
64988710,42,2,0,2.403852e-05,0,4.9676386e-05,0
65200348,42,6,0,5.8961707e-08,0,2.2379004e-07,0
65381198,42,9,0,6.44469e-26,0,5.318299e-31,0
65496453,42,1,0,3.0200624e-16,0,1.3301708e-06,0
65747870,42,1,0,0.00026075292,0,0.000704206,0
65845951,42,1,0,9.389222e-07,0,1.3423714e-06,0
66706302,42,1,0,2.2865494e-05,0,8.7675064e-05,0
66789172,42,1,0,0.00010499325,0,7.0029437e-06,0
67190834,42,1,0,0.00041045962,0,0.00070842094,0
67270653,42,2,0,0.34670877,0,0.15697497,0
67424137,42,1,0,0.024305899,0,0.038253672,0
67427588,42,2,0,0.003094838,0,0.27288726,0
67434053,42,1,0,0.59406024,0,0.9712525,1
67879137,42,1,0,0.0035063198,0,0.0015779781,0
67905856,42,1,0,0.0025662307,0,0.0010322512,0
68685137,42,1,0,2.257436e-08,0,9.5775795e-06,0
69094840,42,1,1,0.71342534,1,0.29576653,0
69352049,42,2,0,0.0001949852,0,5.0662882e-05,0
69403436,42,1,0,2.0438945e-05,0,1.15881085e-05,0
69627900,42,1,0,2.2931172e-07,0,2.2965805e-06,0
70261846,42,1,1,0.61042863,0,0.3957411,0
70262115,42,5,0,0.0034411405,0,0.043528456,0
70262116,42,1,0,0.00030395619,0,0.00073142385,0
70262121,42,1,1,0.09404586,0,0.040603828,0
70400566,42,3,0,1.5973244e-05,0,0.0007727186,0
70581915,42,1,0,6.630673e-05,0,0.014719719,0
70746361,42,2,0,0.004399925,0,0.007572413,0
70750616,42,2,0,0.08515001,0,0.15225339,0
70757092,42,1,0,3.7982636e-07,0,0.00027144482,0
70758328,42,1,0,0.0,0,0.0,0
70760439,42,2,0,0.016154556,0,0.123303585,0
70762528,42,1,0,0.0008569239,0,0.0080741765,0
70765090,42,2,0,0.005028719,0,0.034001116,0
70766136,42,2,0,0.04359985,0,0.3377984,0
70767502,42,2,0,0.0010982136,0,0.026622007,0
70770310,42,2,0,6.931708e-06,0,0.00012224172,0
70773176,42,2,0,0.14695558,0,0.5497919,0
70773204,42,2,0,0.3730648,0,0.067871474,0
70774887,42,1,0,0.00068205845,0,0.0007923617,0
70777472,42,1,0,3.1587728e-17,0,1.4278584e-06,0
70778108,42,2,0,0.070104845,0,0.31575236,0
70780721,42,1,0,2.63273e-15,0,3.902319e-06,0
70782670,42,1,0,0.0036428305,0,0.010918593,0
70782891,42,5,0,0.0,0,2.715206e-36,0
70784303,42,2,0,0.00041905325,0,0.0028291417,0
70786440,42,6,0,2.0061087e-05,0,0.022837162,0
70788119,42,1,0,0.09445851,0,0.08808518,0
70788132,42,1,1,0.08777097,0,0.24946684,0
70788140,42,2,0,0.047401696,0,0.12028717,0
70788384,42,2,1,3.270124e-05,0,0.0029156127,0
70788587,42,1,0,0.08249132,0,0.67869407,0
70788772,42,1,0,0.2574284,0,0.20840321,0
70789650,42,2,0,1.07355184e-07,0,3.5950889e-06,0
70789667,42,2,0,0.00456469,0,0.002876705,0
70790107,42,1,0,0.022693003,0,0.02271551,0
70790368,42,2,0,0.23612396,0,0.26661116,0
70790524,42,1,0,0.13446948,0,0.1954411,0
70790532,42,2,0,0.021052971,0,0.044701595,0
70791195,42,2,0,0.0026095728,0,0.042620342,0
70791449,42,1,0,0.70617336,0,0.8825987,1
70791531,42,1,0,0.0034028632,0,0.008745351,0
70791691,42,2,0,0.0001186923,0,0.0049178204,0
70791700,42,3,0,0.023009276,0,0.3643944,0
70793843,42,2,0,0.029465284,0,0.05145307,0
70794158,42,1,0,0.004459977,0,0.0030805655,0
70794181,42,1,0,0.0072382716,0,0.127988,0
70794433,42,1,0,0.005717075,0,0.012825149,0
70794785,42,2,0,0.0062701935,0,0.090819076,0
70794794,42,2,0,0.029603336,0,0.19718733,0
70794805,42,1,0,2.0720294e-05,0,0.00077762833,0
70794859,42,1,0,2.7682687e-05,0,0.00023859288,0
70795227,42,2,0,0.0006036406,0,0.00066351396,0
70795614,42,1,0,2.8493977e-07,0,0.0004069626,0
70801059,42,1,0,0.9376408,1,0.68652046,0
70801166,42,1,0,0.08512249,0,0.42297035,0
70801372,42,3,0,0.46681133,0,0.4167019,0
70802464,42,2,0,8.731188e-05,0,0.0009329662,0
70803595,42,2,0,0.0020157287,0,0.027118476,0
70803810,42,2,0,0.009355996,0,0.13561918,0
70804141,42,2,0,0.21979707,0,0.6414946,0
70804514,42,1,0,0.31338564,0,0.79540414,0
70804747,42,2,0,0.0017608117,0,0.00766384,0
70805017,42,2,0,2.3840926e-06,0,0.0007624101,0
70805026,42,3,0,0.0047759656,0,0.00028388554,0
70805415,42,2,0,0.00089653814,0,0.0005448597,0
70806806,42,2,0,0.00613435,0,0.11079075,0
70806814,42,1,0,0.0022391193,0,0.014970222,0
70806946,42,1,0,0.20913348,0,0.27868775,0
70807051,42,1,0,0.013426922,0,0.022580381,0
70807119,42,1,0,2.4797896e-06,0,3.9777904e-05,0
70807168,42,1,0,4.4561597e-07,0,1.1021313e-06,0
70807402,42,1,0,0.0010119461,0,0.00027571488,0
70808149,42,1,0,0.00019174148,0,0.0004325117,0
70808529,42,3,0,0.00023420637,0,0.0058419155,0
70809047,42,2,0,0.0004857451,0,0.0010706981,0
70809206,42,2,0,0.015732326,0,0.119918406,0
70813735,42,2,0,0.0014918561,0,0.006012765,0
70816180,42,2,0,0.0001540875,0,0.054647233,0
70816873,42,1,0,0.5945644,0,0.07160844,0
70817010,42,1,0,0.032915022,0,0.042845696,0
70818430,42,2,0,4.1889925e-06,0,0.00017365636,0
70818590,42,1,0,9.912172e-06,0,0.0010790932,0
70819260,42,1,0,1.4555399e-05,0,0.0010438006,0
70820915,42,1,0,2.3474786e-05,0,0.00074693916,0
70821374,42,1,0,1.6400852e-05,0,0.00041608693,0
70821619,42,1,0,0.00042937562,0,0.0036323918,0
70822477,42,1,0,0.000125678,0,0.001951342,0
70822741,42,1,0,2.4914664e-07,0,1.7922534e-05,0
70823472,42,1,0,1.3418271e-07,0,5.572627e-07,0
70823507,42,1,0,3.223316e-05,0,0.000775462,0
70823638,42,1,0,6.390082e-05,0,0.0033298035,0
70823960,42,1,0,0.0006531134,0,0.009163983,0
70835180,42,1,0,0.007294462,0,0.0012431785,0
70836611,42,2,0,0.12714975,0,0.1086135,0
70836619,42,1,0,0.0015829914,0,0.054536197,0
70859287,42,2,0,3.1207e-05,0,0.00022940103,0
70891176,42,5,0,1.0754608e-05,0,0.0008707971,0
70891960,42,2,0,0.00784044,0,0.05499126,0
70892401,42,1,0,0.035967477,0,0.110805005,0
70893337,42,4,0,3.633497e-05,0,0.0035012318,0
70893497,42,3,0,8.764841e-10,0,1.9939612e-06,0
71019954,42,1,0,1.2872892e-05,0,0.00023782295,0
71145869,42,1,0,0.013292217,0,0.11354143,0
71146233,42,1,0,0.04307758,0,0.1883583,0
71146392,42,1,0,1.6944323e-22,0,9.1954494e-21,0
71146401,42,2,0,0.57353747,0,0.6645023,0
71150530,42,1,0,1.2593032e-05,0,0.0031345228,0
71150965,42,1,0,0.00045957367,0,0.008955535,0
71152837,42,1,0,9.493119e-05,0,0.005918507,0
71153565,42,1,0,5.8973343e-05,0,0.002357817,0
71153737,42,1,0,3.299104e-05,0,6.4683e-05,0
71154436,42,1,0,4.180922e-06,0,0.0037309474,0
71154828,42,1,0,0.00052117906,0,0.0038004247,0
71154927,42,1,0,0.000109204724,0,0.0048731533,0
71155941,42,1,0,1.4506439e-05,0,0.00028792184,0
71197629,42,1,0,1.8333973e-30,0,1.511089e-22,0
71211332,42,3,0,0.00071088376,0,0.0021803384,0
71228503,42,1,0,0.00014489553,0,0.0011961767,0
71238929,42,2,0,1.0121976e-06,0,6.758676e-05,0
71239258,42,2,0,1.964722e-10,0,1.508243e-05,0
71239286,42,1,0,1.1869096e-14,0,4.073441e-06,0
71239472,42,1,0,0.022541301,0,0.0006698648,0
71239759,42,3,0,3.3675446e-05,0,0.00021975633,0
71239798,42,2,0,7.739597e-13,0,5.9504337e-06,0
71239816,42,2,0,7.7349436e-14,0,8.942826e-06,0
71240298,42,1,0,1.1057011e-14,0,3.5983403e-06,0
71240307,42,1,0,0.002363124,0,0.000862628,0
71240322,42,1,0,4.412659e-16,0,7.981703e-07,0
71240615,42,2,0,2.649657e-11,0,3.3086562e-06,0
71240860,42,2,0,0.0006330585,0,0.001056408,0
71241136,42,1,0,2.8674808e-12,0,1.7677383e-05,0
71241657,42,1,0,2.6009824e-14,0,7.68829e-06,0
71241666,42,1,0,0.05132691,0,0.009631956,0
71241702,42,2,0,4.8382277e-17,0,3.5076678e-07,0
71242234,42,2,0,2.0161496e-10,0,1.719008e-05,0
71242487,42,1,0,1.1498744e-14,0,4.207341e-06,0
71242657,42,1,0,3.268753e-06,0,0.0020832792,0
71242667,42,1,0,7.448703e-18,0,1.287734e-07,0
71242676,42,1,0,8.6509935e-20,0,9.3294744e-08,0
71242885,42,1,0,6.1890724e-21,0,2.711141e-08,0
71242945,42,1,0,6.4946637e-12,0,8.668141e-06,0
71243082,42,1,0,2.561625e-18,0,3.3087903e-07,0
71243105,42,1,0,5.767189e-05,0,0.00028399733,0
71243133,42,1,0,1.11292425e-11,0,8.383036e-06,0
71243167,42,1,0,1.1163915e-19,0,1.415905e-07,0
71243171,42,1,0,1.7461563e-11,0,6.8453546e-06,0
71243372,42,1,0,1.0969161e-11,0,1.3226216e-05,0
71243443,42,1,0,1.4000258e-11,0,1.441641e-05,0
71449174,42,2,1,0.91059875,1,0.990234,1
71449573,42,2,1,0.9225505,1,0.9590841,1
71450190,42,1,1,0.6417981,0,0.8406096,1
71450194,42,2,1,0.9461694,1,0.9648246,1
71450339,42,1,1,0.94534224,1,0.91203254,1
71450359,42,1,0,0.5521902,0,0.42929703,0
71450516,42,2,1,0.5833593,0,0.678449,0
71450526,42,2,1,0.006417386,0,0.19274083,0
71450697,42,2,1,0.9792485,1,0.9426054,1
71450704,42,2,1,0.8908501,1,0.8997623,1
71450731,42,1,1,0.7602305,1,0.94249773,1
71450904,42,3,1,0.983615,1,0.963725,1
71450921,42,1,1,0.8821438,1,0.95054716,1
71451283,42,2,1,0.8840519,1,0.7608302,0
71451628,42,1,1,0.82094884,1,0.8454309,1
71451632,42,2,1,0.44579068,0,3.745534e-06,0
71451667,42,1,1,0.83840615,1,0.87579775,1
71451822,42,3,1,0.52944046,0,0.6893093,0
71452206,42,2,0,0.026657268,0,0.63995737,0
71452486,42,2,0,0.00015852613,0,0.034068353,0
71452487,42,1,0,9.060623e-06,0,1.7286942e-05,0
71453835,42,1,0,0.113262385,0,0.2824409,0
71453850,42,2,0,0.015105325,0,0.23733786,0
71456493,42,3,0,0.13303459,0,0.018586371,0
71456857,42,1,0,0.0047282185,0,0.051523395,0
71457236,42,3,0,0.012289986,0,0.06894409,0
71457494,42,2,0,0.010050205,0,0.0014765685,0
71457961,42,3,0,0.45596883,0,0.740004,0
71458178,42,2,0,0.0015030068,0,0.003483833,0
71459046,42,3,0,0.022092827,0,0.4258455,0
71460296,42,2,1,0.69538724,0,0.7772596,0
71460678,42,1,0,0.0002460294,0,9.2228845e-05,0
71460914,42,1,0,4.824356e-11,0,0.00024906837,0
71461143,42,3,0,0.29722315,0,0.0048239385,0
71462032,42,1,0,1.0558678e-08,0,5.3430154e-05,0
71463388,42,3,0,0.15119283,0,0.46911335,0
71464491,42,2,0,0.0010981064,0,0.016249683,0
71464875,42,25,0,4.3738e-05,0,3.055915e-05,0
71465425,42,4,0,0.0078609,0,0.0043952316,0
71465572,42,1,0,0.32190126,0,0.43457642,0
71465577,42,2,0,0.018911382,0,0.009990057,0
71465621,42,4,0,0.03232466,0,0.11770946,0
71465831,42,2,0,0.0018078492,0,0.008389953,0
71465949,42,4,0,0.26032725,0,0.073884964,0
71466671,42,3,0,0.000386137,0,0.0008142219,0
71466686,42,5,0,0.1903966,0,0.030177686,0
71466699,42,3,0,0.38751516,0,0.6326311,0
71469019,42,1,0,0.0009941615,0,0.31642708,0
71469233,42,2,0,0.9115995,1,0.78816915,0
71469450,42,2,0,0.8824902,1,0.28987914,0
71469770,42,2,0,0.23411486,0,0.56913733,0
71469947,42,5,0,0.009995808,0,0.023357552,0
71470051,42,2,0,0.004787411,0,0.0010382937,0
71470056,42,4,0,0.32400817,0,9.22362e-06,0
71470269,42,1,0,0.0009148825,0,0.0012825162,0
71470682,42,2,0,0.016812796,0,0.10462938,0
71471219,42,2,0,0.0030917358,0,0.10103678,0
71471977,42,1,0,0.7046771,0,0.33720866,0
71472038,42,1,0,8.0582936e-07,0,5.391991e-06,0
71472208,42,2,0,0.15679523,0,0.021688513,0
71472455,42,2,0,0.032075483,0,0.11634542,0
71472472,42,2,0,9.184263e-07,0,2.3182909e-06,0
71473508,42,2,0,0.008544132,0,0.0033213496,0
71473944,42,2,1,0.021834293,0,0.25412175,0
71474544,42,2,0,0.004734279,0,0.038352508,0
71474778,42,2,0,0.01738561,0,0.23707718,0
71475230,42,2,0,0.0048533995,0,0.026469203,0
71475838,42,2,0,0.0005714135,0,0.00030046364,0
71479939,42,3,0,0.00021011436,0,0.00781542,0
71480706,42,4,0,4.6133948e-05,0,0.00076070137,0
71481196,42,2,0,2.9856394e-05,0,0.00017127747,0
71484551,42,3,0,6.8675967e-09,0,7.5370235e-07,0
71484566,42,3,0,0.00039571966,0,0.003677964,0
71488778,42,1,0,5.6367776e-07,0,7.619317e-05,0
71492105,42,2,0,7.439445e-05,0,0.00058073096,0
71493745,42,1,0,4.613675e-25,0,1.8364005e-22,0
71493868,42,1,0,0.0002788324,0,0.021064974,0
71539583,42,4,0,2.0835958e-05,0,0.0022396732,0
71539918,42,3,0,3.624719e-07,0,1.0557248e-08,0
71540013,42,2,0,0.00019053173,0,0.0058185337,0
71659400,42,1,0,4.1734534e-06,0,5.605834e-05,0
71748299,42,1,1,0.94381255,1,0.9199106,1
71748300,42,1,1,0.8919043,1,0.9515146,1
71748458,42,2,1,0.9366762,1,0.49510467,0
71748770,42,3,1,0.9249628,1,0.44121972,0
71749633,42,3,1,0.95721954,1,0.95394284,1
71756544,42,22,0,0.0012260806,0,0.00053124456,0
71758069,42,1,0,0.0,0,0.0,0
71759106,42,3,0,0.00021139196,0,2.9618066e-05,0
71759111,42,3,0,0.4305591,0,0.34427136,0
71759938,42,3,0,0.43626428,0,0.00013689752,0
71760351,42,3,0,0.0057445676,0,0.011718025,0
71760568,42,2,0,0.030361814,0,0.100682594,0
71761861,42,3,0,7.030473e-05,0,0.00016156366,0
71762262,42,1,0,1.7190654e-05,0,0.0002985875,0
71762296,42,3,0,0.26665726,0,0.5205009,0
71763617,42,4,0,0.12453367,0,0.05292862,0
71763830,42,1,0,6.8891303e-19,0,1.5928919e-08,0
71765028,42,3,0,0.020791063,0,0.75297904,0
71765185,42,1,0,1.393202e-10,0,0.0007617906,0
71769536,42,4,0,0.071781546,0,0.08285164,0
71769835,42,1,0,0.895213,1,0.84378326,1
71770124,42,2,0,8.733028e-05,0,0.0049759527,0
71770132,42,1,1,0.02113979,0,0.09706498,0
71770457,42,3,0,0.0006446842,0,0.00066397694,0
71771201,42,3,0,0.6246875,0,0.22607201,0
71771911,42,2,0,0.030642428,0,0.0012367023,0
71772140,42,2,0,0.0010584182,0,0.0011404527,0
71773389,42,1,1,0.0005214104,0,0.008132747,0
71773399,42,2,0,0.08386173,0,0.26570758,0
71773755,42,1,0,0.09002902,0,0.06517773,0
71774000,42,2,0,9.009018e-09,0,1.0816165e-06,0
71774214,42,2,1,0.4062696,0,0.13026695,0
71774443,42,3,0,0.02379367,0,0.032405194,0
71774454,42,2,0,0.16638695,0,0.4813151,0
71774573,42,4,0,0.006673279,0,0.00060000777,0
71774870,42,6,0,6.27636e-11,0,5.275353e-07,0
71780531,42,2,0,0.24329396,0,0.18285163,0
71781221,42,3,0,0.099031754,0,0.08794995,0
71781238,42,3,0,0.004301612,0,0.009345527,0
71781383,42,4,0,0.011303086,0,0.012457975,0
71781603,42,2,0,4.6116267e-05,0,1.5720043e-05,0
71782193,42,3,0,0.096501425,0,0.01939226,0
71782454,42,1,0,1.1752739e-18,0,1.2941407e-11,0
71783466,42,5,0,2.5914861e-09,0,4.391081e-05,0
71783665,42,3,0,0.0009478299,0,0.004023137,0
71784334,42,2,0,0.053289223,0,2.8862456e-05,0
71784347,42,2,0,0.0007726505,0,8.8028166e-05,0
71785237,42,3,0,0.00028283946,0,0.0016640819,0
71785244,42,2,1,0.01064721,0,0.16686025,0
71785486,42,2,0,5.8325713e-06,0,0.0006889067,0
71785941,42,5,0,0.0031986225,0,0.009144395,0
71787142,42,1,0,0.0007526697,0,0.002658871,0
71792058,42,1,0,1.2296829e-08,0,5.9667934e-07,0
71803875,42,1,0,3.9679697e-05,0,0.0007453524,0
71817211,42,3,0,0.0003359802,0,1.0414198e-05,0
71820973,42,1,0,2.1848622e-05,0,6.7136534e-05,0
71822491,42,3,0,7.692017e-17,0,7.3615944e-08,0
71822684,42,2,0,6.271738e-08,0,4.55453e-05,0
71822765,42,1,0,5.924436e-18,0,2.347748e-07,0
71822772,42,2,0,5.4484844e-11,0,1.829808e-05,0
71822782,42,1,0,2.4233387e-07,0,0.0013626866,0
71822792,42,1,0,4.2963713e-16,0,2.8551722e-06,0
71822801,42,1,0,6.998259e-19,0,1.902904e-07,0
71822809,42,1,0,1.0412945e-11,0,9.936572e-06,0
71822812,42,1,0,4.0732907e-19,0,1.2717194e-07,0
71823695,42,1,0,6.7238194e-12,0,7.926971e-06,0
71852969,42,16,0,2.320314e-28,0,5.2941627e-19,0
71987809,42,1,1,0.9216877,1,0.9468178,1
71987847,42,1,1,0.9158678,1,0.870318,1
71987983,42,2,1,0.91406775,1,0.99633825,1
71987987,42,1,1,0.82124287,1,0.95786315,1
71988265,42,2,1,0.94507086,1,0.9395272,1
71988421,42,2,1,0.9426384,1,0.9932473,1
71988422,42,2,1,0.9022228,1,0.95994246,1
71988426,42,2,1,0.93358284,1,0.9969013,1
71988430,42,2,1,0.9125977,1,0.9696335,1
71988433,42,2,1,0.9323141,1,0.9930876,1
71988438,42,2,1,0.9085517,1,0.91679937,1
71988444,42,2,1,0.9075683,1,0.98452723,1
71988450,42,2,1,1.1479826e-19,0,6.8315565e-19,0
71988707,42,1,1,0.9218977,1,0.94688475,1
71988716,42,1,1,0.9147659,1,0.94571173,1
71988749,42,1,1,0.9099524,1,0.9403358,1
71988753,42,2,1,0.9424232,1,0.9760326,1
71988756,42,1,1,0.949366,1,0.97335964,1
71988771,42,2,1,0.9426118,1,0.9681741,1
71988781,42,2,1,0.93355083,1,0.9654371,1
71988920,42,2,1,0.90327555,1,0.9420305,1
71988925,42,1,1,0.95141315,1,0.9279716,1
71988968,42,3,1,0.7485435,1,0.40287682,0
71989154,42,2,1,0.45400742,0,0.01935103,0
71989158,42,2,1,0.77220106,1,0.530586,0
71989168,42,2,1,0.85453117,1,0.9916856,1
71989346,42,1,1,0.8883278,1,0.9467759,1
71989358,42,1,1,0.9025557,1,0.96785945,1
71989369,42,2,1,0.9456007,1,0.9994855,1
71989375,42,2,1,0.8933421,1,0.9619768,1
71989382,42,2,1,0.91561407,1,0.99366426,1
71989395,42,2,1,0.5776607,0,0.7416945,0
71989402,42,2,1,0.8742767,1,0.99841154,1
71989670,42,2,1,0.857377,1,0.9655627,1
71989674,42,2,1,0.90435785,1,0.98529136,1
71989678,42,2,1,0.9379966,1,0.9789636,1
71989681,42,1,1,0.82915324,1,0.95959395,1
71989683,42,1,1,0.931196,1,0.9529637,1
71989973,42,2,1,0.94762224,1,0.98272806,1
71989979,42,1,1,0.7997483,1,0.59185004,0
71989982,42,2,1,0.908893,1,0.9770508,1
71989984,42,2,1,0.909153,1,0.9757632,1
71989985,42,1,1,0.9251495,1,0.97044104,1
71989992,42,2,1,0.63336164,0,0.9637873,1
71990001,42,2,1,0.9061893,1,0.93418026,1
71990017,42,2,1,0.9027619,1,0.8546982,1
71990171,42,2,1,0.8412,1,0.9507293,1
71990384,42,2,1,0.92431575,1,0.99910694,1
71990565,42,2,1,0.91083974,1,0.99508023,1
71990611,42,2,1,0.8285642,1,0.9317837,1
71990615,42,2,1,0.8227984,1,0.7822709,0
71990813,42,2,1,0.92045337,1,0.9995455,1
71990821,42,2,1,0.81598365,1,0.9904203,1
71992246,42,2,0,0.00345671,0,0.00052027195,0
71992858,42,1,1,0.8366771,1,0.9745686,1
71993480,42,2,1,0.55591327,0,0.037822533,0
71994046,42,1,1,0.8658316,1,0.9593084,1
71994055,42,1,1,0.8793785,1,0.9635057,1
71994276,42,18,0,0.12091769,0,0.09092901,0
71996752,42,2,0,0.00013449618,0,0.008160018,0
71997284,42,2,0,0.0035967627,0,0.014556214,0
71997478,42,2,0,0.15709622,0,0.3559538,0
71998553,42,1,0,0.018316304,0,0.09680556,0
72000063,42,1,0,0.03709924,0,0.02153239,0
72000748,42,2,0,0.0009074174,0,0.81040174,0
72001817,42,2,0,0.33599672,0,0.74694544,0
72003442,42,1,0,0.04147212,0,0.34611684,0
72004593,42,3,1,0.9398155,1,0.58828485,0
72004790,42,5,0,3.251384e-08,0,0.00011911351,0
72007135,42,1,0,0.06626945,0,0.39194268,0
72007399,42,2,0,0.0013611323,0,0.003772538,0
72008272,42,2,0,0.13429712,0,0.01562584,0
72008416,42,2,0,0.09319914,0,0.038406644,0
72012406,42,1,1,0.04174046,0,0.048482373,0
72012766,42,1,0,0.0074448343,0,0.025652722,0
72013370,42,2,0,0.002925388,0,0.0006838112,0
72013409,42,4,0,0.031802043,0,0.031824593,0
72013556,42,2,1,0.2362526,0,0.05461611,0
72013644,42,3,0,0.0004228693,0,9.25581e-07,0
72014021,42,3,0,0.00037569637,0,0.00865424,0
72014983,42,4,0,0.005149561,0,0.01188002,0
72014986,42,4,0,0.06487036,0,0.064875305,0
72015069,42,1,1,0.00037431857,0,0.0023328576,0
72015079,42,2,0,0.29395285,0,0.81924385,0
72015084,42,2,1,0.122530475,0,0.2869321,0
72015519,42,2,0,4.2772094e-22,0,2.4665159e-20,0
72015787,42,1,0,7.795916e-06,0,0.0010570408,0
72015797,42,2,0,0.00038499723,0,0.006704009,0
72015849,42,2,0,0.018775403,0,0.06056635,0
72016026,42,3,0,0.14354812,0,0.03158746,0
72016412,42,1,0,0.00012586557,0,0.029352864,0
72019319,42,2,0,2.2512224e-06,0,0.0016628276,0
72020860,42,1,0,0.25202924,0,0.6932756,0
72021738,42,3,0,0.008280122,0,0.19804768,0
72023648,42,2,0,0.9219823,1,0.3086907,0
72026789,42,4,0,0.1886002,0,0.2721568,0
72027347,42,3,0,4.148597e-05,0,7.1699844e-07,0
72027559,42,1,0,0.030099433,0,0.1430069,0
72027726,42,3,0,0.00027935256,0,0.00084760773,0
72027995,42,2,0,0.00251071,0,0.00062104914,0
72029050,42,1,0,0.019339468,0,0.0017069068,0
72029285,42,4,0,0.032950312,0,3.2649077e-05,0
72029786,42,3,0,0.025505964,0,0.009357185,0
72030404,42,4,0,0.00097375846,0,0.0013659429,0
72031891,42,1,0,0.0001835674,0,1.9477531e-05,0
72034735,42,2,1,0.00024460963,0,0.0019327244,0
72035146,42,8,0,1.1220568e-06,0,9.1257573e-07,0
72035782,42,1,0,0.28767395,0,0.16852675,0
72037984,42,2,0,0.00114964,0,0.021887535,0
72038038,42,2,0,0.362067,0,0.03514897,0
72038081,42,2,0,0.0014475308,0,0.009976046,0
72039705,42,3,0,0.00010176415,0,5.722116e-07,0
72039808,42,1,0,0.17803943,0,0.047884874,0
72040005,42,1,0,1.5960545e-27,0,4.7578986e-24,0
72040579,42,2,0,2.425605e-06,0,5.6846407e-06,0
72040841,42,1,0,0.088029936,0,0.21548747,0
72047881,42,4,0,1.3669453e-06,0,1.134504e-06,0
72048321,42,3,0,4.996986e-08,0,0.00030724469,0
72048340,42,1,0,0.10049267,0,0.37328053,0
72049494,42,2,0,4.9843842e-05,0,0.000116783616,0
72052004,42,1,0,7.757612e-05,0,0.0021738156,0
72066483,42,1,0,1.3914772e-05,0,0.0019383951,0
72097077,42,6,0,1.5140235e-10,0,5.917272e-07,0
72097671,42,2,0,9.416491e-07,0,0.0005468537,0
72098166,42,1,0,2.3931132e-05,0,0.0026747023,0
72099728,42,1,0,0.00031656152,0,0.018521497,0
72291259,42,8,0,0.008413121,0,0.0065709883,0
72292001,42,2,0,0.00011092921,0,6.480452e-10,0
72292510,42,1,0,5.593169e-06,0,3.8772425e-05,0
72292587,42,1,1,0.7182505,1,0.4103136,0
72293189,42,1,0,0.0010603636,0,0.010670341,0
72294238,42,3,1,0.15794146,0,0.8859394,1
72294265,42,2,1,0.86189824,1,0.9971981,1
72294566,42,3,0,0.0014114475,0,0.0042596925,0
72294609,42,1,1,0.8678789,1,0.9647356,1
72294986,42,1,0,0.8797531,1,0.8810917,1
72295072,42,1,1,0.8587088,1,0.66256595,0
72295214,42,1,1,0.83511865,1,0.33783463,0
72295228,42,1,1,0.5118814,0,0.03372033,0
72295260,42,2,1,0.25004172,0,0.35637727,0
72295265,42,2,1,0.78256327,1,0.82240844,0
72295285,42,1,0,0.5246927,0,0.040054895,0
72296563,42,1,1,0.8193325,1,0.72416896,0
72297314,42,2,1,0.8553064,1,0.30340296,0
72297799,42,3,0,3.499165e-07,0,0.00042638605,0
72297803,42,1,1,0.7067635,0,0.7904729,0
72298296,42,1,0,0.00022277716,0,0.0015488799,0
72299900,42,2,0,0.0006709638,0,0.0007038034,0
72299921,42,2,0,0.00061903725,0,0.1103535,0
72300741,42,3,0,0.35203257,0,0.6614162,0
72301118,42,3,1,0.7236891,1,0.4849558,0
72301127,42,2,0,4.829005e-11,0,1.468291e-07,0
72301311,42,1,0,0.037935864,0,0.047184564,0
72301537,42,1,0,0.00030361908,0,0.0028166065,0
72301539,42,1,0,0.011342747,0,0.21735646,0
72302236,42,2,1,0.98354256,1,0.996415,1
72303983,42,2,0,3.3068653e-05,0,7.5844204e-05,0
72304469,42,1,0,0.0,0,0.0,0
72304550,42,1,0,0.0,0,0.0,0
72305744,42,1,0,0.15337351,0,0.2377621,0
72306197,42,1,0,0.0,0,0.0,0
72306537,42,2,0,0.16983315,0,0.13308099,0
72306725,42,2,0,0.002705174,0,0.0021170245,0
72306791,42,2,0,0.10728144,0,0.11630925,0
72306803,42,1,0,0.0056219366,0,0.0019320917,0
72307355,42,3,0,0.023965154,0,0.24579588,0
72307356,42,2,0,0.30930904,0,0.3046964,0
72307609,42,2,0,0.0056301984,0,0.022089783,0
72307784,42,3,0,0.0003001504,0,3.9309958e-05,0
72307823,42,2,0,0.0014143363,0,0.003073334,0
72307975,42,1,0,0.10270531,0,0.50289625,0
72308400,42,2,0,0.028538803,0,0.09393726,0
72309889,42,2,0,0.00048719932,0,0.0054485146,0
72309891,42,2,0,0.06180774,0,0.13233013,0
72310080,42,2,0,0.018832883,0,0.1561334,0
72310282,42,3,0,7.684097e-05,0,3.8855746e-05,0
72310288,42,1,0,0.0006411136,0,0.018366165,0
72310912,42,2,0,1.3818949e-05,0,9.991839e-06,0
72310963,42,3,0,0.05800466,0,0.008779392,0
72311131,42,2,0,0.013947301,0,0.0077799913,0
72311922,42,1,0,2.54721e-06,0,0.003901872,0
72312160,42,2,0,0.18913743,0,0.41470352,0
72312179,42,2,0,0.029202743,0,0.09507902,0
72312181,42,3,0,3.859457e-06,0,1.483612e-05,0
72312259,42,3,0,0.0009853181,0,0.00018405322,0
72312912,42,2,0,0.0083330395,0,0.53466886,0
72313140,42,3,0,0.064037174,0,0.5493361,0
72313143,42,3,0,0.0016732257,0,0.00042169125,0
72313155,42,3,0,0.2162283,0,0.3944194,0
72313159,42,2,0,0.8175941,1,0.006592953,0
72313164,42,3,0,0.0013234793,0,7.79567e-05,0
72313178,42,2,0,8.908246e-05,0,0.0007441194,0
72313182,42,1,0,0.0024290332,0,0.06575653,0
72313330,42,2,0,0.06361205,0,0.11256403,0
72313640,42,1,0,1.6245094e-05,0,0.00030242396,0
72313653,42,2,0,0.0005493386,0,0.0020613677,0
72313845,42,1,0,0.007951272,0,0.028884694,0
72313847,42,3,0,1.5967471e-05,0,6.568337e-05,0
72313850,42,1,0,0.07381876,0,0.14862373,0
72314131,42,2,0,0.0011130325,0,4.7257484e-07,0
72314623,42,3,0,0.014558048,0,0.00032808312,0
72314903,42,2,0,0.001662602,0,0.01925083,0
72315120,42,2,0,0.14915267,0,0.449082,0
72315122,42,2,0,0.06394618,0,0.21913,0
72315168,42,1,0,0.0013044216,0,0.0021333587,0
72315761,42,2,0,0.0065905643,0,0.007648867,0
72319808,42,1,0,0.0017278987,0,0.069464065,0
72320393,42,1,0,0.0023127098,0,0.0011789185,0
72321939,42,2,0,4.6062773e-06,0,0.001182789,0
72322745,42,3,0,0.050239965,0,0.013492354,0
72322753,42,4,0,0.0007289839,0,0.0008712482,0
72322933,42,5,0,0.00034384438,0,0.0010775252,0
72323161,42,2,0,0.00038366433,0,0.0011084329,0
72324511,42,1,0,0.0024753567,0,0.004981473,0
72324936,42,1,0,0.014645538,0,0.029412389,0
72325120,42,1,0,3.2049444e-17,0,4.800809e-07,0
72326551,42,1,0,0.34937504,0,0.69933385,0
72326805,42,1,0,9.388958e-06,0,0.022330929,0
72331196,42,2,0,0.00042704117,0,0.0021012332,0
72331198,42,2,0,0.01674048,0,1.8690815e-06,0
72331203,42,1,0,6.813097e-06,0,0.002478948,0
72332073,42,38,0,0.0013200653,0,0.0038336127,0
72336579,42,7,0,0.70909095,0,0.1599436,0
72336581,42,2,0,0.0029026526,0,0.008072343,0
72336793,42,3,0,0.00076857273,0,0.00027624375,0
72337013,42,1,0,0.0012013746,0,0.023162197,0
72337228,42,3,0,0.00077315245,0,0.002976743,0
72337299,42,2,0,0.20350386,0,0.26616618,0
72337608,42,1,1,1.3158036e-07,0,2.2871885e-05,0
72338353,42,1,1,0.0884682,0,0.64343256,0
72339826,42,3,0,0.0014446842,0,0.10622644,0
72339830,42,3,0,0.69377196,0,0.16431467,0
72340896,42,3,0,0.0037424434,0,0.02140119,0
72341023,42,2,0,0.015062303,0,0.078858145,0
72341034,42,3,0,0.048586674,0,0.022659756,0
72341278,42,3,1,0.056578945,0,0.03616185,0
72341286,42,3,0,0.001475501,0,0.024672778,0
72341693,42,2,0,0.013039512,0,0.04547303,0
72341732,42,2,0,0.010340198,0,0.021324204,0
72341904,42,3,0,0.039892003,0,0.010931495,0
72341911,42,3,0,6.5289146e-06,0,5.799131e-05,0
72342357,42,2,0,0.00068618055,0,0.0005811396,0
72342563,42,2,0,0.00412707,0,0.035922285,0
72342571,42,2,0,0.23842324,0,0.44390765,0
72342800,42,1,1,0.0272098,0,0.26807848,0
72343824,42,2,0,0.3741488,0,0.2803669,0
72343867,42,2,0,0.12052972,0,0.20994674,0
72343965,42,3,0,0.00049943745,0,5.304259e-05,0
72344271,42,2,0,0.010605666,0,0.1006722,0
72344466,42,4,0,0.0011098994,0,0.0029931518,0
72344713,42,4,0,0.01583416,0,0.0015015819,0
72344729,42,2,0,0.001406475,0,0.028811773,0
72345006,42,1,0,0.0012313806,0,0.0019563362,0
72345473,42,4,0,0.00021571544,0,0.019718168,0
72345714,42,1,0,0.020491919,0,0.033795808,0
72345721,42,2,0,0.002425962,0,0.0446884,0
72356893,42,3,0,0.55317485,0,0.75442994,0
72357295,42,2,0,0.9242425,1,0.8068926,0
72357297,42,2,0,0.9768013,1,0.78174543,0
72357299,42,2,0,0.8866173,1,0.70454264,0
72358846,42,2,0,1.3742844e-13,0,5.8227334e-07,0
72360035,42,3,0,0.11627989,0,0.019631956,0
72360350,42,2,0,0.053665314,0,0.20671657,0
72360542,42,4,0,0.014350742,0,0.21021825,0
72360797,42,3,0,0.00013965352,0,0.0071137724,0
72361914,42,1,0,0.0035418083,0,9.9485434e-05,0
72363609,42,2,0,8.7198595e-07,0,3.7142848e-07,0
72363969,42,1,0,0.00047177484,0,0.0006412061,0
72365292,42,1,0,0.001666941,0,0.00010211507,0
72366178,42,2,0,3.323463e-05,0,0.0007438971,0
72366187,42,1,0,1.5789011e-07,0,9.13726e-06,0
72366190,42,2,0,0.00041124117,0,0.0060021784,0
72366200,42,2,0,0.0060221627,0,0.0390263,0
72366373,42,3,0,0.6485269,0,0.5246756,0
72366379,42,2,0,0.009587096,0,0.16620508,0
72366603,42,7,0,0.0001000619,0,1.8425204e-06,0
72367456,42,5,0,1.5654066e-10,0,0.0012969589,0
72369621,42,3,0,0.00039325567,0,0.00021998357,0
72370201,42,1,0,1.405451e-05,0,0.0018056477,0
72370495,42,2,0,2.3139719e-05,0,0.00063283136,0
72372624,42,2,0,0.015358827,0,0.001148302,0
72373063,42,2,0,1.6192549e-11,0,4.608701e-08,0
72373071,42,3,0,1.1380428e-09,0,1.1007343e-06,0
72373093,42,2,0,1.5069099e-06,0,3.3820237e-05,0
72376585,42,3,0,0.05809927,0,0.009711786,0
72376589,42,2,0,0.00031632622,0,0.00011421656,0
72376666,42,1,0,0.43837056,0,0.7919768,0
72376896,42,2,1,0.0046359957,0,0.027481994,0
72376933,42,1,1,0.12970977,0,0.19588472,0
72391022,42,3,0,0.019225981,0,0.0051172697,0
72394107,42,5,0,0.00013042684,0,0.0012378878,0
72394110,42,3,0,6.2064637e-06,0,0.00016217348,0
72395378,42,2,0,5.3048057e-05,0,0.0005221778,0
72396367,42,1,0,0.0004826427,0,0.0013697969,0
72397090,42,1,0,0.00029011467,0,0.031565156,0
72399707,42,4,0,0.00059617084,0,0.00067672454,0
72399758,42,55,0,1.02496884e-07,0,3.7655973e-08,0
72401814,42,1,0,0.021720836,0,0.23172031,0
72404137,42,7,0,1.5778398e-11,0,9.491529e-09,0
72405382,42,3,0,5.1549137e-10,0,6.0108223e-06,0
72406025,42,1,0,2.992769e-05,0,1.7539786e-06,0
72406245,42,3,0,5.727573e-09,0,5.2484035e-09,0
72461221,42,2,0,0.15787518,0,0.014913353,0
72601480,42,1,1,0.98202825,1,0.9949758,1
72601509,42,1,1,0.9826141,1,0.98408616,1
72601861,42,1,1,0.9793738,1,0.9990891,1
72601867,42,1,1,0.978097,1,0.9820638,1
72601922,42,1,1,0.9680278,1,0.928136,1
72603109,42,1,1,0.9300778,1,0.99336445,1
72604100,42,1,1,0.9871775,1,0.98186547,1
72628651,42,1,1,0.9811507,1,0.9874556,1
72628700,42,2,1,0.9124499,1,0.98019505,1
72628936,42,1,1,0.98873156,1,0.99882025,1
72629365,42,2,1,0.92974555,1,0.9892981,1
72629506,42,1,1,0.9869866,1,0.99780947,1
72629711,42,1,1,0.96574426,1,0.97336686,1
72629836,42,1,1,0.9839192,1,0.99951077,1
72629939,42,2,0,0.00024987877,0,6.829933e-05,0
72629945,42,2,1,0.94848156,1,0.9725146,1
72630340,42,2,1,0.6729847,0,0.71138865,0
72630544,42,1,0,0.00208218,0,0.018215876,0
72630995,42,1,1,0.9085638,1,0.9918452,1
72631002,42,2,1,0.89979494,1,0.96795416,1
72631010,42,1,1,0.9320388,1,0.9934568,1
72631015,42,1,1,0.98141885,1,0.9727937,1
72631022,42,2,1,0.8789835,1,0.97687167,1
72631257,42,1,1,0.9752501,1,0.9999062,1
72631469,42,2,1,0.90903324,1,0.97707623,1
72631632,42,1,1,0.9831768,1,0.99978215,1
72632574,42,1,1,0.9326035,1,0.99349034,1
72632811,42,3,1,0.38673487,0,0.5609269,0
72637933,42,3,1,0.46114925,0,0.09116743,0
72639720,42,3,0,0.0009913448,0,0.0007316965,0
72639751,42,2,0,6.6757e-05,0,7.800578e-05,0
72640196,42,2,0,0.00022197717,0,0.0023612282,0
72640345,42,2,1,0.9397495,1,0.8198444,0
72640759,42,1,0,0.00043164016,0,0.005226937,0
72641071,42,1,1,0.9657267,1,0.99594647,1
72641085,42,3,0,3.9264324e-11,0,2.450149e-07,0
72642610,42,2,1,0.18405643,0,0.5248736,0
72644357,42,1,0,0.0,0,0.0,0
72644638,42,3,0,0.0020119653,0,0.0051749335,0
72645140,42,2,0,0.0010586905,0,0.00040988307,0
72645876,42,2,0,0.0022290736,0,0.005858011,0
72646376,42,1,0,0.0,0,0.0,0
72646662,42,3,0,2.3948527e-05,0,0.00028274808,0
72646907,42,5,0,0.00012448552,0,8.166202e-05,0
72647033,42,1,0,0.0010999532,0,0.0060269255,0
72647164,42,3,0,0.06091738,0,0.089470394,0
72647737,42,2,0,5.6069355e-05,0,0.00013822285,0
72648570,42,2,0,0.00013219655,0,1.510137e-05,0
72649775,42,2,0,0.054358162,0,0.020052321,0
72649786,42,2,0,0.036715742,0,0.0035696032,0
72650058,42,2,0,0.028814679,0,0.2285133,0
72651643,42,2,0,0.005141867,0,0.030617299,0
72651665,42,2,0,4.052816e-05,0,1.0155265e-05,0
72651673,42,3,0,1.5667514e-09,0,1.6780122e-35,0
72652189,42,3,0,0.020762062,0,0.15446356,0
72652439,42,3,0,0.040541474,0,0.51265895,0
72653185,42,3,0,0.019799067,0,0.32527435,0
72653817,42,3,0,0.09252107,0,0.43795726,0
72653864,42,1,0,4.4703065e-05,0,0.0009211435,0
72654319,42,3,0,0.0024390067,0,0.02348338,0
72654382,42,3,0,2.1059095e-05,0,3.786845e-05,0
72654942,42,1,0,0.28394094,0,0.8869846,1
72655069,42,3,0,0.00019979541,0,0.00078510767,0
72655345,42,2,0,0.03964346,0,0.21399121,0
72656691,42,2,0,0.011823378,0,0.0004483637,0
72656758,42,3,0,0.0003618102,0,0.0010105001,0
72659140,42,13,0,0.005088293,0,0.03578802,0
72661085,42,4,0,0.032721825,0,0.04931845,0
72663059,42,3,0,0.013419635,0,0.0023069102,0
72663371,42,3,0,0.0027655999,0,0.07040799,0
72663385,42,8,0,0.0066734436,0,0.00834163,0
72664211,42,3,0,9.7041535e-05,0,0.00040065576,0
72665149,42,3,0,0.00021361852,0,8.198763e-05,0
72666357,42,6,0,0.0015741691,0,0.0004683122,0
72667271,42,14,0,0.0027007216,0,0.007464468,0
72668235,42,2,0,0.0041467496,0,0.000794677,0
72668944,42,2,0,0.0023595495,0,0.0051186443,0
72669691,42,5,0,7.212059e-05,0,0.000111818554,0
72670152,42,6,0,0.0030811147,0,0.0008064551,0
72670860,42,13,0,0.0019843122,0,0.0128554255,0
72672420,42,6,0,0.00039034145,0,0.0023665146,0
72673452,42,2,0,0.00050811586,0,0.0068052527,0
72673478,42,5,0,0.00047987647,0,0.0016273105,0
72674702,42,6,0,0.0077968496,0,0.07299424,0
72675132,42,3,0,0.00080216315,0,0.0011897252,0
72675576,42,2,0,0.0028720775,0,0.08766825,0
72675584,42,5,0,0.005706046,0,0.060235087,0
72676192,42,3,0,0.05452349,0,0.0007692149,0
72676611,42,3,0,0.002302968,0,0.0016348812,0
72676869,42,2,0,7.0667294e-05,0,0.03025507,0
72678124,42,2,0,0.0027010886,0,0.011097235,0
72678310,42,3,0,0.0015324202,0,0.027798047,0
72679040,42,2,0,6.073178e-16,0,2.3172173e-10,0
72679147,42,3,0,0.007946925,0,0.08181845,0
72679225,42,1,0,0.0009686217,0,0.06329863,0
72681803,42,1,0,1.0093953e-05,0,0.000984405,0
72683236,42,3,0,0.07921677,0,0.17345631,0
72683820,42,1,0,0.0072258194,0,0.016756492,0
72684331,42,2,0,5.123658e-16,0,2.1703963e-08,0
72685157,42,2,0,0.07032205,0,0.05844872,0
72686846,42,3,0,7.689563e-07,0,0.0006728009,0
72687354,42,2,0,0.9875986,1,0.9703611,1
72689494,42,2,0,0.21571644,0,0.09128382,0
72689707,42,1,0,0.06204414,0,0.06924481,0
72693336,42,13,0,0.5597794,0,1.7847879e-05,0
72705215,42,1,0,5.112636e-20,0,4.6413852e-08,0
72705395,42,1,0,2.1782919e-06,0,3.2133867e-06,0
72705659,42,2,0,0.002206661,0,2.072847e-09,0
72709712,42,1,0,0.00012326086,0,0.00821728,0
72709717,42,1,0,1.1704209e-16,0,5.930107e-07,0
72710228,42,1,0,3.6072354e-19,0,8.3534815e-08,0
72712942,42,2,0,2.8249913e-08,0,6.184173e-14,0
72713030,42,2,0,0.025745915,0,0.109651156,0
72713730,42,1,0,3.0369232e-20,0,1.6693809e-08,0
72715474,42,1,0,0.0012974828,0,0.008153082,0
72716416,42,1,0,0.0045021116,0,0.04223262,0
72716970,42,1,0,0.00096645544,0,0.0109463995,0
72719465,42,30,0,0.000644036,0,0.0014757076,0
72720221,42,11,0,0.14443325,0,0.0002456424,0
72728376,42,4,0,0.0014664953,0,0.042290423,0
72729837,42,4,0,0.18957444,0,6.9448026e-05,0
72734757,42,3,0,2.1795926e-05,0,0.032247987,0
72734954,42,3,0,0.00014714357,0,0.0051751523,0
72737084,42,2,0,5.9901522e-05,0,0.0008602819,0
72737121,42,2,0,0.039210066,0,0.12988794,0
72737134,42,1,0,7.1048454e-08,0,7.59713e-07,0
72738051,42,3,0,9.135625e-05,0,3.0823707e-05,0
72738461,42,3,0,0.037635647,0,0.13990435,0
72739291,42,2,0,0.048572026,0,0.045574907,0
72739775,42,3,0,0.00017052836,0,7.282308e-05,0
72740797,42,3,0,0.09828907,0,3.8990197e-06,0
72740996,42,2,0,0.44723606,0,0.3133403,0
72741006,42,1,0,0.06867584,0,0.058714774,0
72741245,42,3,0,0.13527822,0,0.032740477,0
72741461,42,4,0,0.0016292584,0,0.003909498,0
72741476,42,3,0,0.015226885,0,0.0043977425,0
72741488,42,3,0,0.0014428309,0,0.00014951784,0
72741780,42,4,0,0.0043696244,0,1.171596e-08,0
72745149,42,2,0,0.0001063619,0,0.0010417432,0
72745393,42,3,0,1.9394143e-11,0,6.999656e-09,0
72745983,42,5,1,0.032247085,0,0.015381366,0
72746733,42,2,0,0.01771882,0,0.0039546858,0
72748868,42,80,0,0.0,0,4.6500923e-32,0
72753731,42,93,0,0.0,0,0.0,0
72754308,42,1,0,0.019971386,0,0.1589436,0
72754576,42,1,0,0.0016049433,0,0.00328991,0
72755708,42,1,0,3.309184e-05,0,0.0010106436,0
72755861,42,2,0,0.003613128,0,5.471587e-05,0
72755954,42,3,0,0.002963519,0,0.024396298,0
72755962,42,2,0,9.5034e-06,0,1.4169304e-06,0
72756285,42,3,0,0.00019860528,0,9.0901325e-05,0
72758083,42,3,0,0.0036494948,0,0.0006778218,0
72758664,42,1,0,0.00036911745,0,0.000307361,0
72759066,42,4,0,0.06358389,0,4.310578e-05,0
72759134,42,2,0,3.7462195e-07,0,5.7293648e-05,0
72761431,42,3,0,2.2475041e-11,0,2.5811133e-12,0
72763583,42,8,0,0.00030826693,0,0.00038012056,0
72838962,42,2,0,0.0001306352,0,1.0653873e-05,0
72999519,42,3,0,0.00039850207,0,8.422158e-05,0
73000085,42,2,1,0.9352649,1,0.98866385,1
73000655,42,2,1,0.9323339,1,0.97247744,1
73000659,42,2,1,0.9561243,1,0.98840207,1
73000832,42,2,1,0.9493133,1,0.9677467,1
73000840,42,2,1,0.9473071,1,0.93047935,1
73000845,42,2,1,0.90372825,1,0.9636005,1
73000853,42,2,1,0.9242267,1,0.9150294,1
73001042,42,2,1,0.95713145,1,0.95411634,1
73001046,42,2,1,0.9403672,1,0.9925379,1
73001401,42,2,1,0.9026897,1,0.98693514,1
73001461,42,2,1,0.9380567,1,0.9887748,1
73001620,42,2,1,0.86549973,1,0.9577356,1
73001623,42,2,1,0.95559734,1,0.9785897,1
73001655,42,2,1,0.90065706,1,0.9994186,1
73002101,42,1,0,0.07590493,0,0.026713666,0
73002476,42,2,1,0.94113266,1,0.9828873,1
73002538,42,2,1,0.9407879,1,0.9904851,1
73002816,42,2,1,0.91912895,1,0.9759906,1
73002915,42,1,1,0.8399172,1,0.95950896,1
73003335,42,2,1,0.9012041,1,0.96870494,1
73003343,42,2,1,0.94826645,1,0.9943532,1
73003348,42,2,1,0.8495561,1,0.9421797,1
73003525,42,2,1,0.8530828,1,0.98049265,1
73003591,42,3,1,0.90711546,1,0.97890466,1
73003879,42,1,1,0.6813242,0,0.76076245,0
73003883,42,2,1,0.91824543,1,0.9329825,1
73003888,42,2,1,0.91825354,1,0.9788906,1
73004404,42,2,1,0.88415796,1,0.9405605,1
73005229,42,76,0,3.5441315e-15,0,3.8825245e-11,0
73005552,42,3,0,0.0014222879,0,5.4257485e-05,0
73005569,42,1,0,1.0738526e-19,0,1.8426911e-07,0
73007033,42,1,1,0.50778633,0,0.3508945,0
73008504,42,2,0,2.978721e-14,0,6.156558e-07,0
73008506,42,2,0,7.7346164e-11,0,2.2584595e-07,0
73008508,42,1,0,6.57104e-21,0,3.0704964e-08,0
73008812,42,1,0,1.859571e-05,0,0.004509433,0
73010759,42,1,1,0.13542081,0,0.005894233,0
73010956,42,3,0,0.004832578,0,0.073274896,0
73011011,42,3,0,7.838039e-05,0,0.00025085747,0
73014320,42,2,0,1.5352922e-05,0,0.0004494433,0
73014329,42,2,0,0.00013118368,0,0.00042766263,0
73014363,42,1,0,1.4817665e-05,0,0.006255317,0
73014398,42,2,0,0.0039191265,0,0.34076288,0
73014404,42,1,0,3.1446292e-05,0,0.00064592715,0
73014822,42,2,0,9.485159e-09,0,1.5791314e-06,0
73014934,42,1,0,5.7443754e-06,0,0.00010660763,0
73015021,42,3,0,0.00012216829,0,0.0028650274,0
73015146,42,1,0,7.782232e-06,0,9.774063e-06,0
73015230,42,1,0,0.0001030918,0,0.000653939,0
73015320,42,2,0,3.604899e-05,0,0.00018910895,0
73015430,42,1,0,3.243167e-06,0,0.0009773285,0
73015442,42,1,0,9.621788e-06,0,3.2979307e-05,0
73015447,42,1,0,0.0003236132,0,0.0157734,0
73015688,42,1,0,6.0774832e-06,0,0.0025106848,0
73015875,42,2,0,0.0006400302,0,0.013695737,0
73015884,42,1,0,6.619124e-05,0,0.0046019102,0
73016077,42,1,0,2.026653e-05,0,0.00020753531,0
73016086,42,1,0,1.790027e-07,0,4.4726803e-06,0
73016471,42,1,0,0.0,0,0.0,0
73018491,42,1,0,2.6309885e-06,0,2.7982025e-05,0
73018737,42,1,0,0.00038337364,0,0.07363857,0
73018738,42,1,0,3.0443616e-05,0,0.00017224804,0
73018941,42,2,0,3.295144e-06,0,7.9360025e-06,0
73018948,42,2,0,0.00018590216,0,0.00079930894,0
73019070,42,1,0,1.5111594e-07,0,9.926475e-06,0
73019084,42,3,0,8.030283e-06,0,3.0042385e-05,0
73019102,42,1,0,0.00016138767,0,0.027046166,0
73019109,42,1,0,2.4977091e-06,0,4.0487485e-05,0
73019135,42,1,0,2.3581093e-05,0,1.0521772e-05,0
73019144,42,2,0,2.9344267e-06,0,4.7866433e-05,0
73019292,42,2,0,2.4398523e-06,0,0.00034774057,0
73019377,42,1,0,2.4707722e-06,0,0.00028508465,0
73019493,42,2,0,8.7312833e-07,0,1.1921126e-07,0
73019502,42,1,0,1.1170621e-06,0,0.00021250443,0
73019567,42,1,0,2.5543482e-05,0,2.7780086e-05,0
73019577,42,1,0,2.8398339e-05,0,0.00011970617,0
73019690,42,1,0,5.5055525e-06,0,0.00040258808,0
73019920,42,2,0,5.5829214e-06,0,1.061627e-06,0
73019923,42,2,0,4.971522e-06,0,0.00057479,0
73019926,42,1,0,1.5193778e-05,0,0.00030882613,0
73019984,42,2,0,1.3302354e-05,0,4.6035333e-05,0
73020281,42,1,0,3.6314628e-07,0,4.2727515e-07,0
73020431,42,1,0,0.00018696999,0,9.0737565e-05,0
73020435,42,2,0,1.597109e-07,0,8.8770565e-07,0
73020472,42,2,0,0.00029415253,0,0.00017640168,0
73020636,42,2,0,0.0003784311,0,0.0024075476,0
73020810,42,2,0,0.06090208,0,0.6309326,0
73021044,42,1,0,0.0021122543,0,7.8525e-05,0
73021066,42,1,0,9.567008e-06,0,0.00018442178,0
73021266,42,2,0,4.4041193e-05,0,7.565616e-06,0
73021459,42,2,0,0.00029528406,0,0.00013282783,0
73021471,42,2,0,0.00012605415,0,0.0003940114,0
73021481,42,3,0,8.903312e-05,0,0.000249574,0
73021894,42,2,0,4.806326e-05,0,0.0015236927,0
73021908,42,1,0,2.6376736e-06,0,8.879029e-05,0
73021915,42,1,0,0.00017124189,0,0.00026217656,0
73021919,42,2,0,3.2287182e-05,0,5.8260784e-06,0
73021926,42,1,0,0.0011045445,0,0.02730433,0
73022213,42,2,0,2.7160268e-05,0,0.0001170002,0
73022404,42,1,0,3.263504e-05,0,2.5111698e-05,0
73022417,42,1,0,2.7769036e-06,0,6.1997736e-05,0
73022550,42,1,0,1.541157e-06,0,1.9203283e-06,0
73022640,42,1,0,0.00015920917,0,6.905362e-06,0
73023004,42,1,0,1.960074e-07,0,2.3051798e-06,0
73023010,42,1,0,1.2905465e-05,0,6.519215e-05,0
73023074,42,2,0,3.1832893e-05,0,8.661545e-05,0
73023264,42,1,0,2.5871472e-07,0,2.654032e-06,0
73023461,42,1,0,2.2259172e-07,0,7.2938725e-05,0
73023585,42,3,0,4.2412594e-07,0,7.40591e-06,0
73023591,42,1,0,5.468576e-08,0,0.000109854765,0
73023605,42,2,0,7.125507e-05,0,3.8321316e-05,0
73023663,42,1,0,6.378777e-07,0,4.6415757e-05,0
73023669,42,2,0,1.1714528e-06,0,1.00106945e-05,0
73023889,42,1,0,0.00030073876,0,0.00014504843,0
73024100,42,1,0,1.5512045e-06,0,2.8295315e-05,0
73024104,42,2,0,0.0019337741,0,0.002096704,0
73024110,42,1,0,0.00011357123,0,1.9929994e-06,0
73024332,42,1,0,1.0343852e-05,0,7.757499e-06,0
73024374,42,1,0,0.00027438847,0,0.0027257265,0
73024518,42,2,0,0.23975551,0,0.00028842766,0
73024526,42,3,0,2.102611e-06,0,2.1909485e-05,0
73024528,42,2,0,5.7006716e-10,0,2.158254e-07,0
73024534,42,2,0,2.8277298e-05,0,9.622732e-05,0
73024717,42,3,0,5.2061005e-06,0,9.516349e-05,0
73024935,42,1,0,5.8659854e-05,0,0.0005678883,0
73024948,42,2,0,2.1608379e-08,0,1.8120148e-06,0
73024950,42,1,0,0.0027159008,0,0.019261843,0
73024953,42,1,0,2.0329126e-06,0,0.00024552463,0
73024958,42,2,0,4.8179857e-07,0,5.393357e-07,0
73025156,42,2,0,1.06362595e-05,0,3.9573773e-05,0
73025563,42,2,0,2.926889e-06,0,2.0267902e-05,0
73025576,42,2,0,2.71796e-05,0,0.00039140397,0
73025586,42,1,0,8.604068e-05,0,5.840076e-05,0
73025596,42,1,0,0.00020051566,0,0.0005962811,0
73025604,42,2,0,8.547935e-06,0,0.00042447352,0
73025671,42,1,0,0.00020964249,0,0.0014576722,0
73025810,42,3,0,2.7147762e-05,0,0.00015095813,0
73025819,42,1,0,0.00044247461,0,0.005004516,0
73025997,42,2,0,0.00982483,0,0.055033397,0
73026007,42,1,0,2.980388e-05,0,0.00012427596,0
73026024,42,1,0,6.0602724e-05,0,0.0038470258,0
73026031,42,3,0,8.718653e-07,0,1.3034465e-07,0
73026118,42,1,0,9.75436e-06,0,0.00022598101,0
73026129,42,1,0,5.11756e-07,0,3.4081734e-06,0
73026178,42,1,0,1.0132638e-06,0,1.1453203e-05,0
73026182,42,1,0,6.222824e-08,0,3.113792e-07,0
73026189,42,2,0,3.838333e-06,0,2.2485413e-07,0
73026249,42,1,0,8.365403e-06,0,7.227529e-05,0
73026253,42,1,0,1.40415e-06,0,0.00020569141,0
73026359,42,1,0,2.5061627e-05,0,1.1074204e-05,0
73026449,42,2,0,5.19429e-05,0,0.0012381899,0
73026544,42,2,0,6.693839e-08,0,2.999477e-06,0
73026728,42,2,0,3.3441443e-06,0,6.7350953e-07,0
73026785,42,2,0,3.6505644e-06,0,7.877807e-05,0
73026786,42,1,0,7.1684667e-07,0,3.7222599e-06,0
73026897,42,1,0,2.5053168e-06,0,0.002788937,0
73026898,42,2,0,2.4971774e-07,0,1.5873574e-06,0
73026903,42,1,0,3.7910581e-06,0,6.089667e-05,0
73026941,42,3,0,2.2388642e-06,0,2.9794007e-06,0
73027117,42,2,0,1.1731644e-06,0,2.6166654e-06,0
73027128,42,2,0,0.0002706218,0,0.0006423316,0
73027133,42,3,0,1.4724855e-06,0,7.1840324e-05,0
73027305,42,2,0,0.00034297287,0,0.003308788,0
73027470,42,1,0,0.0001231003,0,0.00085909903,0
73027475,42,1,0,9.039408e-06,0,0.00020764972,0
73027480,42,3,0,1.1729166e-07,0,2.4230524e-06,0
73027652,42,1,0,2.818326e-05,0,2.5150955e-05,0
73027656,42,2,0,1.4226794e-07,0,4.1618245e-05,0
73027823,42,1,0,5.73361e-06,0,8.856679e-05,0
73027839,42,2,0,5.468875e-06,0,5.059428e-06,0
73027845,42,1,0,0.0002451424,0,0.00012927642,0
73027868,42,1,0,9.164357e-13,0,6.404277e-11,0
73027872,42,1,0,1.4399009e-08,0,9.1273405e-06,0
73027878,42,2,0,7.586301e-06,0,9.316073e-07,0
73027886,42,2,0,2.2115191e-06,0,2.5375299e-05,0
73027901,42,2,0,1.9324903e-08,0,8.2964436e-07,0
73027909,42,2,0,0.00016459661,0,6.197403e-05,0
73028219,42,1,0,0.00024588915,0,0.00055911613,0
73028355,42,1,0,1.5931195e-05,0,2.2217264e-05,0
73028551,42,2,0,1.3995563e-06,0,1.1650728e-05,0
73028563,42,3,0,2.667812e-05,0,0.00036382012,0
73028570,42,1,0,0.0017748551,0,0.017995916,0
73028575,42,1,0,2.0990901e-05,0,0.0005735852,0
73029338,42,2,0,0.07127534,0,0.0033827059,0
73029640,42,2,0,0.015291117,0,0.006531382,0
73029817,42,5,0,6.3219466e-07,0,3.7808903e-08,0
73030622,42,1,0,0.00023168002,0,0.0002620941,0
73031052,42,50,0,0.01325608,0,0.013589339,0
73040798,42,1,0,0.00015370465,0,0.00066549296,0
73040985,42,2,0,0.030417848,0,0.0038131208,0
73041100,42,2,0,0.0015879945,0,0.0032075532,0
73041603,42,3,0,0.00014395,0,0.00023282776,0
73042467,42,6,1,0.03163486,0,0.02777457,0
73043032,42,45,0,0.00022150297,0,0.00042313704,0
73044247,42,3,0,2.8377492e-05,0,3.3535177e-06,0
73045845,42,3,0,2.7297954e-06,0,0.0002853636,0
73046246,42,2,0,0.004260524,0,0.078657605,0
73046407,42,3,0,0.002055304,0,0.037627593,0
73047642,42,2,0,0.15406908,0,0.007516284,0
73077092,42,3,0,0.11910388,0,0.007994844,0
73077620,42,2,0,0.00024411757,0,0.0009364118,0
73078614,42,3,0,0.00077480794,0,0.00037125836,0
73078843,42,3,0,0.015785873,0,0.011750169,0
73079192,42,3,0,0.015481255,0,0.019533549,0
73079635,42,2,0,0.00070506585,0,0.0026272784,0
73079735,42,4,0,7.0493174e-06,0,8.909435e-05,0
73080342,42,5,0,0.0004402725,0,0.0011446135,0
73080384,42,1,0,0.00014497404,0,0.045638688,0
73080824,42,1,0,0.0011983236,0,0.04175514,0
73080834,42,1,0,7.0381598e-06,0,0.0001663608,0
73081948,42,1,0,0.00033497147,0,0.0038260738,0
73093640,42,2,0,0.9557651,1,0.8607002,1
73093645,42,2,0,0.27174443,0,0.48783344,0
73093651,42,2,0,0.92800575,1,0.49098256,0
73093655,42,3,0,0.50011253,0,0.44957206,0
73093659,42,2,0,0.15000767,0,0.2433525,0
73093813,42,3,0,0.17260435,0,0.07953854,0
73093815,42,2,0,0.99372935,1,0.2871539,0
73093992,42,3,0,0.4160093,0,0.34210324,0
73095809,42,3,0,2.8625978e-05,0,0.0052694706,0
73101812,42,2,0,1.01790025e-08,0,7.9161155e-06,0
73102693,42,5,0,0.29795593,0,0.33288327,0
73104113,42,2,0,0.010139228,0,0.031269316,0
73109960,42,3,0,0.004358395,0,0.0019422171,0
73111780,42,1,0,0.04288714,0,0.061344743,0
73111809,42,4,0,4.9091115e-05,0,0.0056430805,0
73114036,42,6,0,0.009075315,0,0.04011754,0
73114041,42,1,0,0.13943368,0,0.59453243,0
73114078,42,7,0,0.0014696207,0,0.0022366268,0
73115165,42,4,0,0.013986992,0,0.057631325,0
73118516,42,3,0,3.877916e-36,0,1.6422328e-35,0
73124684,42,3,0,0.37177995,0,0.29381958,0
73125005,42,3,0,0.017929709,0,4.5667584e-06,0
73125362,42,1,0,0.0021878746,0,0.001579612,0
73126242,42,1,0,0.0002765734,0,2.097276e-06,0
73126392,42,2,0,4.018771e-05,0,4.7658395e-06,0
73126421,42,1,0,3.2791864e-05,0,5.256553e-05,0
73126722,42,2,0,2.5053236e-17,0,2.679837e-15,0
73127308,42,4,0,0.018931642,0,2.6304657e-05,0
73127320,42,4,0,0.09095113,0,0.00044761936,0
73127326,42,5,0,1.698527e-06,0,0.066353925,0
73127721,42,2,0,9.2014466e-07,0,3.093392e-06,0
73127726,42,3,0,0.0010404384,0,0.0012381126,0
73127901,42,1,0,0.073197305,0,0.67722386,0
73128058,42,3,0,0.10924887,0,0.0017279801,0
73128068,42,2,0,0.093012445,0,0.5833972,0
73128790,42,3,0,0.048682753,0,0.031321194,0
73128797,42,3,0,0.7951318,1,0.00039717564,0
73128988,42,2,0,0.018571362,0,0.18732987,0
73129197,42,2,0,0.030024728,0,0.29518542,0
73129219,42,3,0,3.6590595e-09,0,6.2517724e-06,0
73130944,42,1,0,0.00021063306,0,0.004314899,0
73131169,42,1,0,0.0020740535,0,0.08249543,0
73131230,42,3,0,0.6013802,0,0.050182305,0
73131240,42,1,0,0.0078261085,0,0.044465173,0
73131471,42,2,0,0.003965237,0,0.003327238,0
73132134,42,3,0,0.23829342,0,0.008912634,0
73132953,42,1,0,0.12373743,0,0.25053805,0
73134945,42,4,0,0.00028179324,0,0.010492264,0
73138429,42,2,0,1.6083835e-05,0,0.0016747429,0
73138856,42,1,0,0.041645125,0,0.007141981,0
73140150,42,1,0,4.986096e-05,0,0.00015388898,0
73140646,42,1,0,0.0010573586,0,0.016414393,0
73141558,42,1,0,3.2572657e-07,0,2.2648357e-09,0
73142649,42,3,0,0.22784483,0,0.1450552,0
73142922,42,3,0,0.00022343193,0,0.0017564496,0
73143399,42,2,0,2.0801125e-11,0,5.586324e-08,0
73143850,42,2,0,5.3388254e-07,0,4.796114e-07,0
73143856,42,2,0,5.1929155e-06,0,6.513113e-05,0
73144076,42,2,0,9.168701e-11,0,3.2364685e-06,0
73144105,42,2,0,1.2630419e-10,0,1.4426959e-06,0
73144109,42,3,0,1.8511864e-09,0,1.9579363e-06,0
73144111,42,2,0,5.6905414e-08,0,2.0729644e-06,0
73150583,42,1,0,0.0005695539,0,0.0034041295,0
73150943,42,3,0,0.19315217,0,0.1436386,0
73150971,42,1,0,4.1239364e-05,0,0.00032845675,0
73152219,42,3,0,0.123499624,0,0.27994445,0
73154554,42,2,1,0.03053204,0,0.29042837,0
73154819,42,2,1,0.14762448,0,0.99002284,1
73154970,42,6,1,0.103816725,0,0.3050442,0
73155019,42,1,1,0.008672873,0,0.015653146,0
73155254,42,4,1,0.07593528,0,0.059604686,0
73155263,42,2,1,0.009035744,0,0.042372666,0
73155312,42,6,0,0.003291127,0,0.006792071,0
73155694,42,7,0,1.0913936e-08,0,1.6634868e-07,0
73156131,42,2,0,0.1183278,0,0.004739168,0
73156778,42,1,0,0.2643015,0,0.016077247,0
73160604,42,3,0,0.0015418784,0,0.0025383485,0
73160817,42,2,0,0.07240305,0,0.0034100537,0
73161180,42,2,1,0.8755507,1,0.99226636,1
73161944,42,3,0,0.0032084987,0,0.031253424,0
73162050,42,2,0,0.0018181171,0,9.1090675e-05,0
73163734,42,3,0,0.004865535,0,5.402084e-11,0
73164816,42,11,0,0.00015564154,0,0.00027979878,0
73167593,42,4,0,0.0014808951,0,0.00015849243,0
73172753,42,1,0,0.0003425247,0,0.013854558,0
73178055,42,2,0,0.017477144,0,0.042830594,0
73181397,42,1,1,0.0010597743,0,0.0036047366,0
73187401,42,3,0,0.011059308,0,0.03737543,0
73187943,42,2,0,9.0105714e-05,0,0.0006249472,0
73187952,42,2,0,0.0024821963,0,0.09385485,0
73187971,42,4,0,0.0003554181,0,0.00034968104,0
73188287,42,2,0,0.0081662955,0,0.0009232611,0
73191568,42,3,0,0.009935916,0,0.01099098,0
73195119,42,1,0,2.1533535e-06,0,2.676637e-05,0
73195156,42,29,0,1.1006361e-11,0,2.8145198e-08,0
73195991,42,34,0,3.0621257e-05,0,1.07353635e-05,0
73206905,42,2,0,7.3245406e-14,0,7.606983e-14,0
73207645,42,1,0,1.7207002e-06,0,1.5504237e-06,0
73207648,42,3,0,8.947569e-06,0,2.5992307e-05,0
73211242,42,2,0,8.230174e-05,0,0.0027166707,0
73218473,42,2,0,0.00015278232,0,0.0063648913,0
73218502,42,1,0,3.3157993e-25,0,6.0697785e-22,0
73218878,42,1,1,0.72419584,1,0.96733433,1
73218886,42,1,1,0.8127299,1,0.8295378,0
73218902,42,2,0,7.238013e-07,0,0.0013875595,0
73218903,42,1,1,0.814135,1,0.72792345,0
73218909,42,2,0,0.00085226976,0,0.00085073663,0
73218914,42,1,1,0.58800775,0,0.5454179,0
73218919,42,1,1,0.8747529,1,0.99840945,1
73218920,42,2,0,0.00016924976,0,0.001420455,0
73218944,42,1,1,0.8806258,1,0.9954411,1
73218946,42,2,0,0.00045057666,0,0.025205603,0
73218947,42,1,1,0.8195997,1,0.49586126,0
73218974,42,1,1,0.8152942,1,0.9892105,1
73218990,42,1,1,0.86114216,1,0.9875229,1
73219228,42,1,1,0.8159842,1,0.98923755,1
73219265,42,1,1,0.92782736,1,0.6298527,0
73219267,42,3,0,0.0058055674,0,7.22301e-05,0
73219430,42,1,1,0.9186736,1,0.6705904,0
73219643,42,1,1,0.84939396,1,0.973267,1
73219647,42,1,1,0.8701083,1,0.9987373,1
73219655,42,2,0,1.6508328e-06,0,5.762587e-05,0
73219656,42,1,1,0.43092975,0,0.21515258,0
73219836,42,1,1,0.8880108,1,0.9985039,1
73220317,42,1,1,0.81579167,1,0.938146,1
73220428,42,1,1,0.81933445,1,0.9931942,1
73220440,42,1,1,0.9043901,1,0.81142783,0
73220479,42,4,0,0.0031837788,0,0.013944495,0
73220620,42,1,1,0.82457036,1,0.27077988,0
73220626,42,1,1,0.9348705,1,0.8714517,1
73221193,42,2,1,0.0009236033,0,0.000108641754,0
73221486,42,3,0,0.008953563,0,0.061704513,0
73221729,42,1,0,0.00018924804,0,0.0023203061,0
73221980,42,2,0,0.000113064445,0,0.0022611548,0
73222345,42,1,1,0.72349244,1,0.98735553,1
73222473,42,2,0,7.5862794e-05,0,0.0008717805,0
73223771,42,2,0,0.01011011,0,0.0001477263,0
73223960,42,1,1,2.7729858e-14,0,0.010787473,0
73223969,42,2,0,4.2436668e-07,0,1.1374573e-08,0
73223970,42,1,1,0.96248066,1,0.98498386,1
73223972,42,4,0,0.00018162873,0,1.8546902e-05,0
73223974,42,1,1,0.74763733,1,0.919444,1
73224126,42,3,0,0.019902496,0,0.19512936,0
73224129,42,1,0,0.015401078,0,0.1359178,0
73224146,42,2,0,4.718539e-06,0,8.542671e-06,0
73224307,42,1,1,0.8906455,1,0.96985906,1
73224423,42,1,0,0.0019213461,0,0.0108633535,0
73224667,42,13,0,0.0005485456,0,0.0011474437,0
73227485,42,96,0,6.278117e-12,0,5.4391003e-10,0
73229857,42,1,0,4.772557e-07,0,2.2463078e-07,0
73229871,42,1,0,1.0542367e-06,0,5.8208525e-06,0
73229875,42,1,0,4.462225e-06,0,1.1733557e-06,0
73230083,42,2,0,0.0050849174,0,0.00081998087,0
73230086,42,1,0,1.3521604e-07,0,2.3174169e-05,0
73230250,42,1,0,7.394459e-07,0,5.3813295e-07,0
73230449,42,1,0,4.949251e-07,0,3.509067e-06,0
73230565,42,1,0,3.17776e-05,0,0.00020571687,0
73230569,42,2,0,0.008956889,0,0.009659186,0
73230570,42,2,0,0.003286903,0,0.003353627,0
73230571,42,1,0,0.0004339335,0,0.0009274247,0
73230576,42,2,0,3.1101117e-05,0,5.785057e-05,0
73230578,42,3,0,0.0040325257,0,0.0022673404,0
73230579,42,2,0,0.033212274,0,0.31811246,0
73230612,42,3,0,0.045656085,0,0.9954105,1
73230613,42,3,0,0.000420089,0,0.0057828748,0
73230783,42,1,0,0.0016047385,0,0.005470494,0
73230985,42,3,0,0.0026492984,0,0.01152415,0
73230989,42,1,0,0.0006980498,0,0.0031406826,0
73231155,42,1,1,0.64694995,0,0.99549955,1
73231161,42,2,0,0.0005579061,0,0.021127721,0
73231321,42,1,0,0.0043032602,0,0.00047992196,0
73231469,42,2,0,0.00068371836,0,0.0284975,0
73231484,42,1,0,3.8073467e-05,0,5.5982753e-05,0
73231487,42,5,0,2.2928949e-05,0,0.00021208402,0
73231609,42,3,0,0.00029440562,0,0.035761822,0
73232400,42,9,0,7.915507e-17,0,1.3821109e-08,0
73236121,42,1,1,0.86859405,1,0.6659654,0
73236946,42,1,1,0.79775715,1,0.9870072,1
73236954,42,2,0,4.0771374e-05,0,5.4884247e-05,0
73240092,42,1,0,0.0050291154,0,0.009228442,0
73241068,42,1,0,1.2263236e-07,0,8.952314e-07,0
73241096,42,1,0,6.529929e-06,0,1.7420596e-06,0
73241100,42,1,0,5.8273316e-05,0,2.9333994e-05,0
73241295,42,1,0,1.8470419e-05,0,8.6337626e-10,0
73241559,42,1,0,0.00014504413,0,0.0041616904,0
73241936,42,1,0,0.118062116,0,0.09656813,0
73241949,42,1,0,0.9065506,1,0.12957405,0
73241951,42,2,0,0.00043724355,0,0.0009210105,0
73241954,42,1,0,1.47588e-05,0,0.0010152585,0
73242185,42,1,0,0.00053864677,0,0.0006043199,0
73242208,42,1,0,6.8841964e-06,0,2.166448e-05,0
73242219,42,2,0,0.00040245702,0,0.00032939285,0
73242221,42,2,0,0.0027924494,0,0.79838246,0
73242226,42,1,0,1.0156632e-06,0,7.208831e-06,0
73242240,42,1,0,0.13541049,0,0.2736072,0
73242518,42,1,0,0.0,0,0.0,0
73242916,42,1,0,0.0,0,0.0,0
73243047,42,1,0,6.213227e-05,0,0.0055674454,0
73243066,42,1,0,6.8724544e-06,0,0.000106596555,0
73243091,42,1,0,0.00030521592,0,0.00026602627,0
73243306,42,1,0,0.0017874812,0,0.005225457,0
73243473,42,1,0,6.0061e-06,0,0.00014085998,0
73243480,42,1,0,3.934561e-06,0,5.6682544e-05,0
73243487,42,1,0,5.547776e-06,0,5.615596e-06,0
73243673,42,1,0,1.5243037e-05,0,1.9163004e-05,0
73243681,42,1,0,9.230654e-05,0,0.0052280477,0
73243718,42,6,0,4.8669385e-17,0,6.5163464e-14,0
73243721,42,1,0,6.622418e-08,0,1.2404678e-07,0
73243944,42,1,0,9.077539e-06,0,0.00026782477,0
73243959,42,1,0,5.3906784e-05,0,0.0013690027,0
73244143,42,1,0,0.0015002455,0,0.00063899194,0
73244156,42,1,0,2.2640568e-05,0,2.0630641e-05,0
73244349,42,1,0,3.8602383e-07,0,0.0004209534,0
73244557,42,1,0,0.0003714327,0,0.0009637264,0
73244732,42,1,0,1.2068408e-05,0,1.3080408e-05,0
73244914,42,2,0,0.00011051924,0,0.0005872457,0
73245006,42,1,0,0.01775688,0,0.014796538,0
73245075,42,1,0,1.6783447e-07,0,3.6629965e-06,0
73245181,42,2,0,1.9034345e-05,0,0.0012525611,0
73245369,42,1,0,0.00016477279,0,0.00060053176,0
73245554,42,1,0,0.00070186605,0,0.0039004541,0
73245563,42,2,0,0.0002693628,0,2.7919363e-05,0
73245593,42,1,0,1.714556e-07,0,1.1036555e-05,0
73245876,42,1,0,3.548261e-05,0,3.998583e-05,0
73245933,42,2,0,1.5292568e-07,0,0.00031231614,0
73245940,42,1,0,0.00034898915,0,3.2232456e-05,0
73245961,42,2,0,3.620764e-06,0,5.7907364e-05,0
73245966,42,1,0,1.3591871e-05,0,0.00027154165,0
73245979,42,1,0,4.4747765e-05,0,0.00034363792,0
73246013,42,2,0,0.090362586,0,0.17787184,0
73246162,42,1,0,0.0015339063,0,0.002383653,0
73246501,42,1,0,7.73124e-05,0,0.00016765337,0
73246782,42,1,0,8.1508875e-07,0,4.218787e-05,0
73246788,42,1,0,5.8384594e-06,0,1.1700299e-07,0
73246897,42,1,0,1.5177122e-07,0,6.3345688e-06,0
73247127,42,1,0,0.00078581035,0,0.0017419262,0
73247219,42,3,0,3.1594544e-05,0,0.00024878595,0
73247232,42,2,0,1.8445562e-06,0,4.6180826e-06,0
73247244,42,3,0,1.2620214e-05,0,0.0016719667,0
73247246,42,1,0,4.7943995e-06,0,0.00046989607,0
73247328,42,3,0,1.5580701e-05,0,0.00063767115,0
73247338,42,2,0,1.9559431e-05,0,7.2921084e-06,0
73247340,42,1,0,2.016627e-06,0,4.8926508e-05,0
73247446,42,1,0,4.792357e-05,0,3.568166e-05,0
73247452,42,1,0,0.00038585,0,0.00058776845,0
73247461,42,1,0,0.00017129397,0,0.00019745444,0
73247464,42,1,0,0.00032338744,0,8.312756e-05,0
73247524,42,1,0,0.018333958,0,0.008923377,0
73247526,42,2,0,0.06497308,0,0.0064589316,0
73247529,42,1,0,0.00011475268,0,0.00014593171,0
73247597,42,3,0,1.1114715e-06,0,0.00037304452,0
73247777,42,1,0,0.00010661149,0,0.00035575373,0
73248004,42,1,0,4.368474e-07,0,3.816538e-06,0
73248066,42,1,0,2.1764346e-07,0,5.4130533e-06,0
73248072,42,1,0,0.0060708867,0,0.011589122,0
73248085,42,1,0,1.1291094e-06,0,5.7960686e-05,0
73248373,42,1,0,0.00117685,0,0.0010983401,0
73248377,42,2,0,2.4260831e-05,0,0.00028511343,0
73248571,42,1,0,0.060051247,0,0.1410312,0
73248732,42,2,0,0.05466465,0,0.025077598,0
73248741,42,1,0,4.4862436e-06,0,0.00012241784,0
73249150,42,2,0,6.8933805e-06,0,0.0024742526,0
73249304,42,1,0,0.0015594243,0,0.029641205,0
73249494,42,1,0,0.00047958014,0,0.054226354,0
73249501,42,2,0,9.898155e-05,0,0.0025679376,0
73249514,42,1,0,0.00022365763,0,7.685577e-05,0
73249635,42,1,0,4.0750696e-05,0,3.440474e-06,0
73249700,42,2,0,0.029392418,0,0.0055809813,0
73249706,42,1,0,0.0012797279,0,0.00031000286,0
73249713,42,1,0,8.60905e-05,0,0.0022667884,0
73249935,42,1,0,2.2895927e-07,0,2.250626e-05,0
73249949,42,1,0,4.6537774e-05,0,0.00011086006,0
73250174,42,1,0,0.09709788,0,0.51748145,0
73250180,42,2,0,0.20783158,0,0.3959301,0
73250183,42,1,0,3.6899523e-06,0,7.6170865e-05,0
73250751,42,1,0,0.0002876787,0,0.00018158456,0
73250896,42,1,0,0.14473107,0,0.07549819,0
73250917,42,1,0,1.4274228e-05,0,1.1844517e-05,0
73250933,42,1,0,9.754714e-06,0,0.0012435196,0
73251215,42,1,0,0.0002531088,0,0.00029473534,0
73251612,42,1,0,2.3651942e-06,0,1.1498105e-05,0
73251623,42,1,0,1.6372378e-06,0,8.053455e-08,0
73251637,42,1,0,5.9897808e-05,0,1.7678125e-05,0
73251655,42,1,0,0.02677841,0,0.12013072,0
73251825,42,1,0,0.002029247,0,0.2339746,0
73251847,42,1,0,0.004029101,0,0.020190204,0
73252048,42,1,0,6.7586143e-06,0,5.485153e-08,0
73252058,42,1,0,0.000116390416,0,0.00041909158,0
73252107,42,2,0,2.1239132e-06,0,2.3699928e-05,0
73252118,42,1,0,0.07233902,0,0.05803385,0
73252123,42,2,0,0.031705134,0,0.014752138,0
73252215,42,1,0,1.478804e-06,0,1.3909283e-07,0
73252338,42,2,0,0.001382902,0,8.618332e-05,0
73252400,42,2,0,0.00041186318,0,5.872876e-05,0
73252408,42,3,0,2.7946237e-06,0,0.0001019591,0
73252409,42,1,0,0.0008850831,0,0.00010196192,0
73252415,42,1,0,4.1104117e-06,0,7.6022836e-05,0
73252418,42,1,0,0.00010700076,0,4.7593698e-05,0
73252481,42,1,0,1.2808833e-05,0,3.727192e-05,0
73252672,42,1,0,1.3671918e-06,0,3.699877e-05,0
73252675,42,1,0,0.0009198898,0,0.00038039556,0
73252737,42,1,0,7.82303e-05,0,0.00027191808,0
73252976,42,1,0,9.244114e-05,0,6.9844325e-05,0
73252984,42,1,0,0.0006691148,0,0.0003077246,0
73253055,42,1,0,0.19347727,0,0.14144312,0
73253059,42,2,0,0.050467756,0,0.014219231,0
73253065,42,4,0,0.038212862,0,0.04073713,0
73253484,42,1,0,1.4585133e-07,0,2.6545076e-06,0
73253494,42,2,0,1.0653522e-06,0,1.738105e-06,0
73253674,42,8,0,3.1839907e-05,0,1.5506394e-05,0
73254599,42,3,0,0.00044815516,0,0.00032864316,0
73254708,42,2,0,5.8854064e-05,0,0.0005683467,0
73254900,42,17,0,7.5757314e-05,0,0.00025827123,0
73255288,42,3,0,5.921392e-06,0,0.00016714931,0
73255316,42,22,0,2.077754e-05,0,0.0002563892,0
73255751,42,2,0,0.0019146694,0,0.007146219,0
73255755,42,2,0,2.0504915e-05,0,0.00092008954,0
73256631,42,2,0,0.001249604,0,0.0012439479,0
73256985,42,2,0,0.00085590594,0,0.01107966,0
73256995,42,3,0,0.12396792,0,0.040497117,0
73257007,42,2,0,0.005794887,0,0.009582225,0
73257202,42,6,0,5.5638247e-05,0,0.00023136038,0
73259492,42,1,0,0.00014669416,0,0.0010228149,0
73259705,42,3,0,0.083539814,0,0.019126894,0
73259893,42,1,0,0.00040694574,0,4.8881553e-05,0
73259937,42,3,0,0.0017320943,0,0.00032700205,0
73260284,42,3,0,7.181834e-05,0,0.000120084835,0
73260532,42,2,0,0.0033744609,0,0.0067812228,0
73260875,42,1,0,3.0852796e-05,0,6.584568e-05,0
73261127,42,2,0,6.816301e-08,0,3.0833692e-06,0
73261270,42,1,0,0.004539658,0,0.00013850756,0
73261465,42,2,0,1.25125025e-05,0,0.00039162737,0
73261640,42,1,0,0.00010782941,0,2.1630729e-05,0
73261651,42,1,0,0.028640827,0,0.043420903,0
73261866,42,2,0,3.9659268e-10,0,7.941817e-07,0
73262069,42,1,0,0.0045417915,0,0.007223135,0
73262071,42,3,0,4.4160745e-07,0,2.5167032e-05,0
73262259,42,2,0,9.48611e-07,0,0.00013116568,0
73262266,42,1,0,9.6034896e-08,0,1.9168929e-05,0
73262274,42,3,0,2.6948912e-06,0,0.0008931881,0
73262279,42,2,0,4.954436e-06,0,9.615649e-07,0
73262434,42,1,0,8.8934885e-06,0,0.00034907702,0
73262568,42,2,0,1.6659556e-06,0,0.0005671319,0
73262813,42,1,0,7.936388e-06,0,1.2126728e-05,0
73262962,42,1,0,0.034126595,0,0.020700881,0
73262997,42,3,0,8.996619e-05,0,0.0008565435,0
73263003,42,2,0,1.3775974e-05,0,1.0278471e-05,0
73263010,42,2,0,3.2813823e-05,0,0.0008608518,0
73263012,42,1,0,7.1344807e-06,0,7.044526e-05,0
73263102,42,2,0,0.000106639054,0,1.2188583e-05,0
73263114,42,3,0,3.1546526e-05,0,0.00040051123,0
73263115,42,1,0,1.4405909e-05,0,0.00013945112,0
73263126,42,1,0,1.0703683e-05,0,2.1173091e-05,0
73263426,42,1,0,0.0009405549,0,0.0075062034,0
73263428,42,1,0,0.0003304531,0,0.006835385,0
73263431,42,1,0,5.996839e-05,0,3.8374743e-05,0
73263447,42,1,0,4.9063925e-05,0,0.000115208124,0
73263600,42,1,0,6.165952e-06,0,0.00031321784,0
73263638,42,3,0,0.778614,1,0.40376052,0
73263640,42,1,0,0.00038793756,0,3.1296079e-06,0
73263821,42,1,0,1.6003907e-05,0,0.00018837975,0
73263824,42,1,0,0.000866968,0,0.022179527,0
73264041,42,2,0,4.2026213e-06,0,4.182833e-05,0
73264058,42,1,0,4.07764e-07,0,1.484017e-06,0
73264067,42,1,0,4.004146e-05,0,3.3763981e-06,0
73264259,42,1,0,1.9070321e-05,0,5.923805e-06,0
73264268,42,1,0,2.4275328e-06,0,4.4659944e-05,0
73264627,42,1,0,0.00013647952,0,0.00016053159,0
73264777,42,2,0,3.8594135e-07,0,0.000120139346,0
73264784,42,1,0,1.0113456e-05,0,6.52793e-05,0
73265029,42,2,0,6.8355757e-06,0,0.0008464632,0
73265046,42,1,0,0.00046097182,0,0.00020872858,0
73265338,42,3,0,1.9249617e-06,0,0.00014852559,0
73265345,42,1,0,3.082018e-05,0,1.9756555e-05,0
73265411,42,1,0,3.1587162e-05,0,1.286673e-05,0
73265609,42,2,0,0.0026518258,0,0.0003619753,0
73265734,42,3,0,0.0059768334,0,0.002939268,0
73265737,42,1,0,0.0009227493,0,1.0894296e-05,0
73265892,42,1,0,0.00042987158,0,0.0005186976,0
73265902,42,1,0,1.0028028e-05,0,5.587186e-07,0
73266276,42,1,0,3.8895225e-05,0,0.002966736,0
73266479,42,2,0,3.943054e-06,0,5.66985e-06,0
73266489,42,1,0,0.058923103,0,0.052872982,0
73266501,42,2,0,6.470151e-07,0,2.38269e-06,0
73266534,42,2,0,0.002903732,0,0.009679185,0
73266854,42,1,0,0.0008651991,0,0.0013352069,0
73266875,42,1,0,3.3571207e-06,0,9.377328e-07,0
73266917,42,1,0,2.8685216e-07,0,1.2285853e-06,0
73267134,42,2,0,4.2079632e-06,0,2.0302356e-05,0
73267336,42,1,0,0.00010186386,0,1.2004805e-05,0
73267361,42,2,0,0.00023393208,0,4.493999e-05,0
73267500,42,1,0,1.9064393e-05,0,6.3602106e-06,0
73267557,42,1,0,3.4244284e-05,0,1.8483124e-05,0
73267674,42,1,0,0.00956846,0,9.4277864e-05,0
73268098,42,2,0,0.00021006027,0,0.017331569,0
73268422,42,1,0,1.2586764e-05,0,2.3329989e-05,0
73268451,42,1,0,1.47020755e-05,0,6.8545975e-05,0
73268455,42,1,0,6.492604e-06,0,7.48739e-07,0
73268483,42,1,0,2.7810272e-06,0,1.7032294e-06,0
73268490,42,1,0,2.418135e-05,0,5.76389e-05,0
73268495,42,1,0,4.353935e-06,0,0.00028873608,0
73268599,42,1,0,1.5151813e-06,0,2.9709825e-06,0
73268676,42,1,0,1.825245e-07,0,2.0841402e-05,0
73268684,42,1,0,2.163087e-06,0,2.3406406e-05,0
73268870,42,1,0,6.170565e-07,0,5.60373e-06,0
73268963,42,1,0,1.0652075e-05,0,1.717226e-08,0
73269091,42,1,0,2.3574723e-06,0,1.6247573e-06,0
73269095,42,2,0,2.5973268e-08,0,3.2243646e-05,0
73269193,42,1,0,7.3570145e-06,0,7.3887186e-06,0
73269198,42,1,0,0.0001530128,0,0.0004119702,0
73269204,42,2,0,0.0045833723,0,2.360211e-08,0
73269208,42,1,0,7.511213e-07,0,9.380322e-05,0
73269213,42,1,0,4.3961713e-11,0,1.0145038e-09,0
73269414,42,2,0,0.00013784482,0,0.0044266107,0
73269416,42,1,0,0.00017068617,0,0.0038411499,0
73269449,42,1,0,1.4820824e-06,0,1.2901663e-05,0
73269596,42,1,0,0.06278359,0,0.009378904,0
73269600,42,1,0,0.007620482,0,0.0043611373,0
73269611,42,1,0,0.0012888028,0,0.00023627072,0
73269773,42,1,0,0.00021729938,0,0.0052819448,0
73269984,42,1,0,0.00046178696,0,0.0027981582,0
73270000,42,1,0,9.983152e-06,0,2.2192935e-05,0
73270169,42,3,0,2.6100532e-05,0,6.6452394e-06,0
73270170,42,1,0,0.0005186655,0,0.0012393196,0
73270183,42,1,0,6.402666e-05,0,0.0005991291,0
73270301,42,1,0,8.226188e-05,0,1.4671794e-05,0
73270508,42,1,0,8.2822794e-08,0,6.829555e-07,0
73270517,42,1,0,7.633127e-05,0,7.17304e-06,0
73270743,42,1,0,0.11003448,0,0.022759208,0
73270746,42,2,0,2.729069e-07,0,0.0003407589,0
73270926,42,1,0,0.00038599293,0,0.0044869785,0
73271137,42,1,0,1.5163554e-05,0,0.039306566,0
73271144,42,1,0,0.00034870213,0,0.00044216448,0
73271334,42,1,0,3.9100778e-05,0,2.4181472e-06,0
73271339,42,3,0,0.0025222867,0,0.0148715135,0
73271342,42,1,0,0.00032259576,0,0.0008339611,0
73271398,42,1,0,0.000753018,0,0.000237233,0
73271504,42,1,0,2.5527495e-07,0,3.298944e-07,0
73271519,42,2,0,8.729654e-06,0,6.918594e-05,0
73271568,42,1,0,0.0009709856,0,0.0011781921,0
73271744,42,1,0,0.002694947,0,0.002073872,0
73271752,42,2,0,0.08798265,0,0.03439212,0
73271754,42,1,0,0.00015627877,0,7.5963195e-05,0
73271950,42,1,0,0.00015606359,0,0.00019877561,0
73271954,42,1,0,1.1311918e-08,0,1.6800149e-07,0
73276871,42,2,0,0.015799213,0,0.009727364,0
73278957,42,2,0,0.00013723616,0,0.016953541,0
73279924,42,76,0,0.000868266,0,5.539149e-05,0
73279925,42,44,0,0.00010764263,0,0.00018293192,0
73280082,42,2,0,0.0002790957,0,0.000117089716,0
73280777,42,2,1,0.9341434,1,0.9726901,1
73280908,42,1,0,5.377542e-16,0,7.2295136e-16,0
73293386,42,47,0,0.00044648832,0,0.00014634027,0
73296520,42,1,0,0.0018037354,0,0.003142394,0
73298097,42,2,0,6.0833285e-05,0,0.00016973817,0
73298530,42,1,0,0.006446267,0,4.6058068e-07,0
73299404,42,2,0,0.03512814,0,0.14021571,0
73299762,42,2,0,0.00016231985,0,0.0010373376,0
73300151,42,2,0,0.00020837106,0,3.955954e-06,0
73302443,42,2,0,0.18449692,0,0.49871513,0
73303312,42,1,0,1.0465765e-06,0,1.3429421e-07,0
73303326,42,6,0,0.028143343,0,0.033695076,0
73303336,42,11,0,0.033146426,0,0.05619574,0
73303338,42,4,0,0.0054394137,0,6.8878285e-06,0
73303526,42,4,0,0.06383017,0,0.21686377,0
73303527,42,4,0,9.451532e-05,0,0.0005791357,0
73303752,42,2,0,0.00048171036,0,2.5393238e-05,0
73304111,42,2,0,0.00011280103,0,0.0002866206,0
73304355,42,2,0,0.00010823559,0,0.013889017,0
73304706,42,1,0,3.5837242e-28,0,5.6477335e-23,0
73306046,42,3,0,0.0017970069,0,0.14371014,0
73306145,42,2,0,0.000107468266,0,0.004550004,0
73310931,42,1,0,9.7917436e-08,0,1.2084579e-05,0
73312126,42,1,0,4.8687507e-05,0,0.0016118216,0
73312891,42,2,0,0.002181507,0,0.031042606,0
73313820,42,1,0,4.4934754e-06,0,3.9752615e-07,0
73314498,42,2,0,0.16867232,0,0.27135548,0
73314772,42,2,0,0.008673906,0,9.734417e-06,0
73316302,42,2,0,0.83586013,1,0.037506647,0
73316972,42,4,0,1.2134039e-05,0,4.739126e-06,0
73317163,42,4,0,0.025616724,0,9.2695715e-05,0
73319073,42,3,0,0.0034374243,0,0.006144137,0
73319075,42,3,0,0.051074795,0,0.024454594,0
73319255,42,2,0,0.00010345459,0,0.00033115293,0
73319273,42,8,0,1.4259181e-05,0,1.1413779e-08,0
73319912,42,2,1,0.030480372,0,0.046181336,0
73319967,42,4,0,0.005320605,0,0.0030067204,0
73320484,42,14,0,0.00061882427,0,0.00022372352,0
73320942,42,4,0,2.739604e-06,0,5.0518393e-06,0
73322253,42,2,0,0.7808523,1,0.16353302,0
73322396,42,2,0,0.95905405,1,0.49976933,0
73322404,42,2,0,0.09118479,0,0.09057915,0
73322410,42,2,0,0.68567586,0,0.14458561,0
73322415,42,2,0,0.870572,1,0.38795915,0
73323200,42,6,0,0.0002115343,0,0.0045375894,0
73323370,42,2,0,0.0001416216,0,0.0016054881,0
73323911,42,2,0,0.0015453642,0,0.007078624,0
73324446,42,1,0,0.016281148,0,0.0006655253,0
73324449,42,2,0,0.0013058654,0,7.964187e-05,0
73324460,42,2,0,0.0114170415,0,0.028533556,0
73325011,42,1,0,0.00023663435,0,0.057702255,0
73325126,42,2,0,0.023237124,0,0.14044727,0
73325136,42,2,0,0.26383954,0,1.9930096e-11,0
73325497,42,2,0,6.5250026e-07,0,7.7418235e-06,0
73327121,42,93,0,0.0,0,0.0,0
73328197,42,1,0,6.1484357e-06,0,0.0009373298,0
73328200,42,1,0,0.0001451749,0,0.00040406492,0
73328203,42,3,0,0.0011786429,0,3.9828083e-06,0
73329082,42,1,0,2.4221844e-16,0,6.7115764e-07,0
73330801,42,105,0,0.0,0,8.4226345e-33,0
73331130,42,18,0,0.00025408322,0,0.001379308,0
73331596,42,1,0,0.0006887915,0,0.0030556223,0
73331605,42,2,0,0.00031901192,0,0.0011632119,0
73331607,42,3,0,0.019508565,0,0.00068843254,0
73331609,42,2,0,9.160313e-05,0,1.1259188e-05,0
73331610,42,2,0,0.0001717493,0,0.00040999756,0
73331663,42,2,0,5.832983e-07,0,7.5077753e-07,0
73332826,42,2,0,0.00061210146,0,0.41842768,0
73333415,42,1,0,0.64450115,0,0.086384155,0
73333592,42,2,0,2.971053e-06,0,6.068797e-05,0
73333765,42,2,0,0.002043843,0,1.4345818e-09,0
73333903,42,2,0,3.1478052e-08,0,3.4248948e-09,0
73336710,42,1,0,0.006672831,0,0.0009141934,0
73337711,42,1,0,1.1126276e-05,0,0.005955745,0
73338129,42,1,0,3.67491e-05,0,0.025146058,0
73338317,42,2,0,0.00020265434,0,0.0050094496,0
73340863,42,2,0,0.014901715,0,0.00017694985,0
73340987,42,3,0,0.010341028,0,2.5196383e-09,0
73340989,42,2,0,0.0001664479,0,1.8354652e-07,0
73341034,42,1,0,0.0998121,0,0.3309708,0
73347193,42,4,0,0.0023154214,0,0.020825682,0
73347204,42,3,0,0.0026922454,0,0.009670139,0
73350397,42,1,0,6.7936105e-20,0,5.1323056e-08,0
73350547,42,2,0,9.0539197e-07,0,8.7009885e-06,0
73358001,42,1,0,3.4302616e-09,0,2.8123146e-05,0
73359560,42,1,0,9.602184e-13,0,6.8861596e-06,0
73360513,42,1,0,4.6218625e-05,0,0.0006177648,0
73361115,42,1,0,4.5120505e-12,0,1.5130619e-05,0
73361869,42,1,0,6.855504e-09,0,7.101243e-05,0
73363132,42,1,0,9.924087e-13,0,1.1963192e-05,0
73366930,42,1,0,4.134855e-12,0,1.4511017e-05,0
73376533,42,3,0,0.5646678,0,0.00925344,0
73376536,42,6,0,1.6499278e-13,0,4.1412566e-08,0
73376933,42,2,0,0.49237937,0,0.40014172,0
73381044,42,2,0,2.3765394e-07,0,6.461315e-05,0
73381219,42,3,0,0.9024783,1,3.189829e-05,0
73381223,42,1,0,0.0,0,0.0,0
73381464,42,2,0,0.44659552,0,0.053131808,0
73382392,42,4,0,0.0046984344,0,9.476224e-05,0
73382493,42,4,0,0.12723821,0,0.104983516,0
73382850,42,2,0,1.1650234e-21,0,7.690563e-21,0
73386944,42,5,0,2.0165635e-06,0,0.008513033,0
73387117,42,1,0,0.0007211534,0,0.0025507936,0
73388897,42,1,0,2.698466e-05,0,1.4407311e-06,0
73390103,42,2,0,5.458277e-06,0,2.583511e-09,0
73390285,42,2,0,3.710833e-06,0,3.476221e-05,0
73390286,42,2,0,4.2054035e-06,0,6.676849e-06,0
73390287,42,2,0,4.8663183e-05,0,0.00010358499,0
73390289,42,2,0,4.0701184e-07,0,9.032738e-07,0
73390299,42,3,0,5.1162165e-06,0,4.146998e-06,0
73390305,42,2,0,4.462862e-07,0,3.6065965e-06,0
73390311,42,2,0,0.00021352954,0,0.00914186,0
73390318,42,2,0,2.9024197e-06,0,4.74481e-06,0
73390319,42,4,0,0.03681042,0,0.00017271609,0
73390320,42,3,0,0.09283977,0,0.08366684,0
73390415,42,2,0,7.8572157e-07,0,1.5177516e-05,0
73390481,42,2,0,1.3086872e-05,0,9.646103e-05,0
73390485,42,1,0,2.9382013e-06,0,4.3582906e-05,0
73390487,42,2,0,8.624669e-06,0,7.634423e-05,0
73390493,42,2,0,0.031860474,0,9.74281e-07,0
73390499,42,2,0,1.8579634e-05,0,4.5254234e-05,0
73390501,42,2,0,2.7351418e-05,0,0.00031977898,0
73390502,42,2,0,6.058608e-05,0,0.030939192,0
73390503,42,1,0,4.4732707e-05,0,0.001115034,0
73390508,42,2,0,7.4789064e-08,0,4.926623e-08,0
73390509,42,3,0,1.1574987e-05,0,0.00012023034,0
73390514,42,2,0,9.77463e-07,0,5.168622e-06,0
73390517,42,2,0,4.0445098e-06,0,4.059032e-05,0
73390521,42,2,0,6.991669e-05,0,9.915897e-06,0
73390525,42,2,0,2.2031357e-07,0,3.6658554e-07,0
73390527,42,2,0,3.303417e-05,0,5.289532e-06,0
73390529,42,1,0,5.9326667e-05,0,0.00039900327,0
73390532,42,2,0,0.00016497623,0,0.00033701127,0
73390907,42,1,0,1.3637314e-05,0,0.00013448462,0
73391148,42,1,0,0.00051540765,0,0.0008234151,0
73392005,42,1,0,1.4027984e-05,0,0.0025280674,0
73393385,42,2,0,0.25885835,0,3.5817102e-08,0
73393419,42,2,0,7.7743716e-05,0,0.0001166117,0
73393731,42,1,0,8.425644e-06,0,4.1965695e-06,0
73393884,42,1,0,0.00011462047,0,0.038462225,0
73393892,42,1,0,2.5576439e-05,0,0.0015752047,0
73394077,42,2,0,0.0069553596,0,0.002236183,0
73394080,42,2,0,0.0003676954,0,6.160233e-06,0
73394099,42,19,0,0.0009864203,0,0.011755431,0
73395909,42,2,0,0.00056882686,0,0.0016163837,0
73395924,42,2,0,0.00016170746,0,2.0065774e-05,0
73396520,42,2,0,0.042508937,0,0.02163775,0
73396733,42,3,0,6.712922e-06,0,4.746615e-05,0
73396778,42,1,0,0.14415285,0,0.039731145,0
73397635,42,1,0,5.553127e-06,0,2.15409e-07,0
73397764,42,1,0,0.0021717201,0,0.47996834,0
73398136,42,2,0,0.14943554,0,0.1359624,0
73404024,42,11,0,9.623253e-07,0,8.938777e-08,0
73404067,42,2,1,0.99880767,1,0.99805355,1
73405590,42,73,0,8.177727e-07,0,4.3535056e-07,0
73405613,42,5,1,0.023993727,0,0.00019755049,0
73405770,42,1,0,0.00043622378,0,0.0036511193,0
73405797,42,1,0,0.00087412156,0,0.00031191026,0
73406118,42,1,0,0.036741436,0,0.22665694,0
73406158,42,2,0,0.03213835,0,0.19461048,0
73406391,42,2,1,0.8942915,1,0.9744606,1
73406957,42,4,1,0.012597945,0,0.6998397,0
73407499,42,2,0,0.0009355899,0,0.0005351222,0
73408462,42,1,0,3.7232957e-23,0,1.1106304e-21,0
73408533,42,1,0,0.00022905113,0,4.0095316e-10,0
73410170,42,1,0,0.00025250096,0,5.070959e-06,0
73410174,42,2,0,0.003109422,0,2.6081796e-05,0
73410256,42,4,1,0.010950158,0,0.010374548,0
73411468,42,3,0,0.0022706664,0,0.00044882722,0
73411472,42,3,0,0.013464106,0,0.0025961834,0
73411488,42,2,0,0.9553632,1,0.8575136,1
73411530,42,1,0,0.96650296,1,0.7606406,0
73412119,42,1,0,8.140121e-07,0,4.3491356e-05,0
73412155,42,3,0,0.047554027,0,0.057560522,0
73414710,42,1,0,1.5173808e-06,0,4.9369796e-06,0
73414884,42,3,0,0.00028765597,0,4.1215266e-05,0
73415178,42,2,0,6.950242e-05,0,3.0557003e-06,0
73419453,42,1,0,0.00094107614,0,2.2973622e-05,0
73421688,42,2,0,0.033065747,0,0.0010387953,0
73422960,42,8,0,1.2193049e-06,0,6.401688e-06,0
73422968,42,2,0,0.00039757774,0,0.23456188,0
73422970,42,2,0,2.600805e-05,0,0.0037082748,0
73423179,42,3,0,7.9007594e-05,0,0.00040173432,0
73423187,42,4,0,8.7779794e-05,0,0.0012103054,0
73423191,42,3,0,0.00032788236,0,0.00014282776,0
73423198,42,2,0,0.00049890054,0,0.0002460036,0
73423220,42,2,0,1.4989384e-05,0,7.5687414e-05,0
73424756,42,6,0,0.0001580284,0,0.0058117076,0
73424761,42,2,0,0.9641034,1,0.72436476,0
73424764,42,1,0,0.03218897,0,0.020106046,0
73425645,42,1,0,0.00079262635,0,0.7162159,0
73425825,42,1,0,0.0048401426,0,0.5707339,0
73426870,42,2,0,0.00012939853,0,3.1709833e-06,0
73427052,42,2,0,1.1271244e-10,0,3.6626902e-09,0
73427253,42,2,0,1.1504274e-10,0,1.8154002e-07,0
73427257,42,2,0,7.997549e-09,0,4.1127287e-06,0
73427476,42,2,0,1.4921501e-07,0,4.2412474e-05,0
73427480,42,2,0,4.3233084e-09,0,1.2031096e-08,0
73427492,42,2,0,1.4233036e-07,0,2.6429376e-05,0
73427496,42,2,0,1.1121423e-09,0,1.021623e-06,0
73427674,42,2,0,9.52329e-11,0,6.7641e-07,0
73427680,42,2,0,3.6034078e-10,0,4.900953e-08,0
73427683,42,2,0,3.005738e-11,0,7.949051e-09,0
73427689,42,2,0,2.2873234e-09,0,9.562115e-07,0
73427693,42,2,0,6.117926e-09,0,4.1767078e-07,0
73428077,42,1,0,1.2039636e-08,0,4.7813313e-07,0
73428094,42,1,0,2.3188345e-22,0,1.0047695e-20,0
73428439,42,3,0,0.005091321,0,2.7565786e-06,0
73428447,42,2,0,0.000104039274,0,4.2152022e-23,0
73428449,42,1,0,2.1095597e-05,0,0.0008489224,0
73428868,42,1,0,0.03467608,0,0.09445667,0
73429057,42,3,0,0.017113592,0,0.24933432,0
73429588,42,3,0,0.0008027687,0,0.00034281495,0
73430399,42,1,0,0.003992189,0,1.17040245e-05,0
73430678,42,2,0,0.06832937,0,4.4565334e-07,0
73430891,42,1,0,0.036729537,0,3.3689446e-07,0
73431167,42,2,0,0.134226,0,0.062701635,0
73433264,42,1,0,0.00027036932,0,0.00092363806,0
73433608,42,2,0,0.056296367,0,0.022653274,0
73433610,42,1,0,0.08083649,0,0.50588214,0
73433657,42,3,0,0.38985187,0,0.015120393,0
73433658,42,1,0,2.0887563e-05,0,0.00016763467,0
73433659,42,1,0,0.0009542151,0,0.013263105,0
73433755,42,3,0,0.03103319,0,0.042287074,0
73433855,42,1,0,0.037801586,0,0.31931174,0
73433856,42,1,0,0.0006849745,0,0.0027057992,0
73435743,42,3,0,4.9253544e-05,0,0.00044575665,0
73435939,42,4,1,0.012564676,0,0.03981292,0
73435969,42,4,1,0.03911272,0,0.14639814,0
73436475,42,1,1,0.010736615,0,0.010870838,0
73436673,42,1,1,0.0026576498,0,0.005236874,0
73436861,42,2,1,0.02360359,0,0.0076708132,0
73436880,42,1,1,0.00013296584,0,0.035482347,0
73438773,42,3,0,6.478498e-05,0,2.7846505e-05,0
73438990,42,2,0,0.013261122,0,0.0022780837,0
73439093,42,13,0,0.001111872,0,0.00038904825,0
73439102,42,1,0,4.8880713e-05,0,3.0568283e-06,0
73439105,42,2,0,0.0001301447,0,0.00013069065,0
73440312,42,1,0,0.00024698666,0,0.0002765895,0
73440629,42,8,0,0.0020300294,0,0.0030132441,0
73440697,42,1,0,0.0058411346,0,0.076730035,0
73444220,42,2,0,0.014922036,0,1.1144829e-05,0
73444832,42,3,0,0.000111697496,0,0.0034006194,0
73444976,42,2,0,0.001839038,0,0.0029823794,0
73444981,42,2,0,0.0013922752,0,0.003057305,0
73448313,42,8,0,3.4567224e-10,0,3.8185517e-06,0
73448434,42,11,0,1.2243375e-12,0,1.7474805e-06,0
73448438,42,17,0,9.307448e-13,0,1.8069263e-11,0
73449392,42,70,0,3.2508012e-08,0,8.666451e-09,0
73449630,42,2,0,2.7422095e-05,0,3.5306578e-06,0
73452770,42,1,0,0.016732853,0,0.004164272,0
73452772,42,2,0,8.401957e-06,0,0.0017617892,0
73454601,42,1,0,0.047559615,0,3.7148727e-06,0
73454638,42,1,0,0.00020826778,0,0.0010200483,0
73480304,42,1,0,1.1220964e-05,0,0.00017836447,0
73486609,42,1,0,6.143983e-07,0,5.7271307e-05,0
73489471,42,1,0,9.718423e-07,0,0.00014101695,0
73489481,42,1,0,0.00011701493,0,0.00012549777,0
73489849,42,1,0,1.45525e-06,0,2.8944896e-06,0
73489855,42,1,0,7.6746794e-05,0,0.00026303637,0
73490218,42,1,0,1.1457474e-05,0,1.4064688e-05,0
73490430,42,1,0,8.5377803e-07,0,3.8171424e-06,0
73490448,42,1,0,1.6303575e-05,0,2.5671887e-05,0
73493146,42,1,0,4.034007e-05,0,0.00019300105,0
73512090,42,1,0,0.078320675,0,0.15491708,0
73588400,42,1,0,7.1379036e-06,0,0.0015833201,0
73600954,42,1,0,9.668811e-06,0,0.0010663718,0
73717173,42,1,0,0.00048090125,0,0.09184142,0
73884175,42,1,0,1.3525579e-06,0,1.6829977e-06,0
73884417,42,1,0,0.010472095,0,0.0015664651,0
73884474,42,1,0,0.00069709774,0,0.0005812864,0
73884486,42,1,0,6.8052714e-08,0,5.808342e-06,0
73891549,42,2,0,0.31047443,0,0.077265024,0
73956280,42,1,0,7.015623e-06,0,0.0012279921,0
74045630,42,6,0,6.7527765e-08,0,0.0005433446,0
74061330,42,1,0,0.06264231,0,0.10749236,0
74061546,42,1,0,1.5895728e-05,0,0.0018317533,0
74076761,42,1,0,0.017329369,0,0.016674591,0
74076784,42,1,0,0.013457775,0,0.007141568,0
74123971,42,1,0,0.0001023871,0,0.0047344454,0
74164177,42,1,0,0.0002609546,0,0.0016887126,0
74314540,42,1,0,5.397136e-06,0,0.0003382286,0
74314568,42,4,1,0.008956504,0,0.0065561696,0
74322033,42,1,0,2.2671221e-24,0,1.865406e-21,0
74322036,42,1,0,0.00019875892,0,0.00022409695,0
74335754,42,1,0,0.00010804039,0,0.00018619664,0
74336435,42,1,0,0.0001676876,0,1.841853e-05,0
74437816,42,2,0,0.40526086,0,0.30009097,0
74461509,42,3,0,7.823121e-07,0,1.791271e-05,0
74472701,42,1,0,0.00024502605,0,0.0020590709,0
74490011,42,2,0,0.13325305,0,0.015722899,0
74565001,42,1,0,2.9117216e-05,0,4.092497e-05,0
74617716,42,2,0,1.2825289e-07,0,9.1958407e-07,0
74664021,42,1,0,0.043018237,0,0.0026056378,0
74763136,42,1,0,2.3703384e-05,0,0.0027908285,0
74765936,42,1,0,6.303414e-05,0,0.0001939282,0
74822753,42,1,0,0.00011234482,0,0.00015575897,0
74827777,42,1,0,4.3057553e-05,0,0.00028713178,0
75938895,42,2,0,0.9849162,1,0.73719937,0
75953504,42,1,0,1.8265826e-05,0,1.3724407e-06,0
76287146,42,1,0,3.4633726e-05,0,8.1009175e-06,0
76551638,42,1,0,0.00064076384,0,0.00018299019,0
76716146,42,1,0,1.2146944e-07,0,6.10599e-06,0
76716422,42,1,0,0.00013950803,0,8.959284e-05,0
76818334,42,1,0,1.6986937e-06,0,1.6361111e-05,0
77210005,42,1,0,9.30343e-07,0,5.862044e-05,0
77249874,42,1,0,0.0009957283,0,0.004418244,0
77249918,42,1,0,1.4807551e-05,0,2.0936624e-05,0
77251424,42,1,0,6.4126715e-07,0,0.00012709561,0
77298087,42,1,0,0.00020360183,0,0.00010280014,0
77325653,42,1,0,3.9164456e-06,0,1.2804516e-06,0
77383222,42,1,0,0.0025181677,0,0.0034457243,0
77415708,42,1,0,4.383797e-05,0,0.0037547534,0
77527374,42,1,0,7.402937e-06,0,0.0017162568,0
77619123,42,1,0,3.2152428e-07,0,1.8121504e-05,0
77632905,42,1,0,5.2424115e-05,0,0.00010755192,0
77640930,42,1,0,5.3384265e-05,0,0.004138474,0
77642614,42,1,0,6.719789e-06,0,0.00014205452,0
77646290,42,1,0,7.449044e-07,0,3.8953403e-06,0
77646859,42,1,0,4.232086e-06,0,1.800126e-05,0
77709553,42,1,0,0.0041280393,0,0.0007551832,0
77737020,42,1,0,3.6362395e-05,0,0.0002982165,0
77786057,42,1,0,1.2770308e-06,0,3.8183116e-06,0
78702116,42,1,0,1.0425983e-05,0,6.403587e-06,0
78899356,42,1,0,3.369413e-08,0,2.2310783e-06,0
79428037,42,1,0,5.7965053e-06,0,1.18456355e-05,0
80078879,42,1,0,1.2086467e-06,0,0.001962161,0
80079873,42,1,0,1.8211418e-05,0,6.425904e-05,0
80387837,42,1,0,0.0007931269,0,5.4865402e-05,0
80394331,42,1,0,2.4850547e-06,0,0.0029318419,0
80484889,42,1,0,8.586467e-06,0,0.0001404185,0
80484892,42,1,0,1.7509169e-06,0,0.0002985334,0
80486330,42,1,0,5.535833e-05,0,0.0024868194,0
80497586,42,1,0,1.4973326e-05,0,2.0949907e-05,0
80499418,42,1,0,1.1205084e-05,0,9.971791e-06,0
80913859,42,1,0,0.0001152878,0,0.00016647727,0
81117116,42,1,0,6.77156e-05,0,7.7593504e-05,0
81125507,42,1,0,6.989129e-05,0,3.1277017e-05,0
81362014,42,1,0,0.0019205414,0,0.0055899834,0
83039412,42,1,0,4.6659134e-05,0,8.217172e-05,0
83041060,42,2,0,0.32975522,0,0.6238886,0
83886798,42,3,0,0.48233643,0,0.5966136,0
84008856,42,1,0,1.00944735e-05,0,5.723129e-05,0
85230605,42,1,0,1.2698421e-05,0,3.882182e-06,0
86183499,42,1,0,2.1632834e-05,0,0.00017411812,0
86403626,42,7,0,2.2335762e-05,0,4.9614133e-05,0
86476861,42,1,0,3.7936796e-05,0,0.00037618933,0
86533589,42,1,0,3.0757023e-05,0,4.1953168e-05,0
86533821,42,1,0,3.7093134e-05,0,0.0002589641,0
86533823,42,1,0,1.6984579e-05,0,0.00016082021,0
86542051,42,1,0,2.0819614e-06,0,4.633183e-06,0
86921992,42,2,0,0.97568697,1,0.5985917,0
87356856,42,1,0,0.00023110199,0,0.0005327252,0
89786824,42,1,0,1.2559965e-05,0,3.4403005e-05,0
91387977,42,1,0,1.186343e-05,0,4.8709284e-05,0
91865170,42,1,0,3.105559e-05,0,0.000118439035,0
92257266,42,1,0,5.680934e-05,0,0.0010320004,0
92387260,42,1,0,9.612635e-08,0,1.1646543e-06,0
92405454,42,1,0,0.02265699,0,0.013257928,0
92405467,42,1,0,0.00066039147,0,7.9299476e-05,0
93632400,42,1,0,0.0009547594,0,0.01769951,0
94321913,42,1,0,1.5231143e-08,0,2.713045e-06,0
94750360,42,1,0,1.3803334e-06,0,8.574124e-05,0
94812234,42,2,0,0.9396893,1,0.0044227536,0
94835342,42,1,0,1.4473798e-07,0,1.2993202e-06,0
94874374,42,1,0,4.3065955e-07,0,8.6592834e-08,0
95171121,42,2,0,0.24489698,0,0.015515444,0
95403699,42,1,0,1.0455845e-05,0,0.0001417882,0
96174416,42,1,0,6.9365353e-07,0,1.8352339e-06,0
96188861,42,1,0,7.699462e-07,0,5.00604e-05,0
96759246,42,1,0,8.709936e-07,0,3.4212374e-07,0
96930140,42,1,0,1.3979398e-05,0,0.00021474315,0
96935756,42,1,0,1.570072e-09,0,6.415504e-07,0
97139546,42,1,0,0.00013465041,0,0.0008163666,0
99009927,42,1,0,5.690417e-05,0,0.0064786677,0
99100800,42,1,0,4.571223e-08,0,4.2804004e-06,0
99102662,42,1,0,8.969106e-05,0,4.8640446e-05,0
99103157,42,1,0,8.218292e-06,0,8.980592e-06,0
99106835,42,2,0,0.0015635244,0,0.03669447,0
99139094,42,1,0,0.0001724865,0,8.666725e-05,0
99175682,42,4,0,0.9625585,1,0.52156943,0
99176243,42,1,0,8.702497e-06,0,0.00155557,0
99198428,42,2,0,1.3495339e-06,0,0.00016995195,0
99262327,42,1,0,0.00010872,0,2.1560695e-09,0
99264388,42,1,0,3.919883e-06,0,5.797953e-05,0
99286970,42,1,0,0.002951588,0,0.00418683,0
99300566,42,2,0,0.1240859,0,9.118257e-06,0
99391004,42,1,0,1.162039e-05,0,3.755556e-05,0
99391006,42,1,0,2.8388078e-05,0,0.00063703395,0
99391008,42,1,0,4.2766322e-07,0,7.677043e-06,0
99396703,42,1,0,0.0008409738,0,0.059518553,0
99456465,42,1,0,4.215458e-06,0,1.718552e-05,0
99465870,42,1,0,1.5698685e-06,0,0.00026079195,0
99465871,42,1,0,1.4634847e-07,0,1.0325776e-05,0
99466677,42,1,0,4.717238e-07,0,2.466786e-06,0
99473609,42,1,0,0.0002217779,0,0.001723079,0
99632862,42,1,0,0.000658037,0,0.0006463724,0
99633103,42,1,0,0.00089736417,0,0.022136144,0
99634446,42,1,0,0.00093145313,0,5.5083445e-05,0
99637643,42,2,0,1.9735955e-08,0,6.2764167e-07,0
99930816,42,3,0,2.8419265e-07,0,2.293361e-06,0
99934725,42,1,0,0.0024494275,0,0.0091944495,0
99936152,42,2,0,0.8835064,1,0.69039595,0
99936160,42,2,0,0.41861236,0,0.44962612,0
99936595,42,3,0,0.0074706534,0,0.0020747324,0
99945301,42,1,0,1.0635404e-06,0,5.1459288e-06,0
99945306,42,1,0,0.0003617157,0,6.224928e-05,0
99945367,42,1,0,2.8374894e-05,0,4.207493e-05,0
99945370,42,2,0,4.1634867e-06,0,3.915064e-06,0
99946712,42,1,0,4.135171e-08,0,2.5264688e-07,0
99946821,42,1,0,1.3900722e-06,0,5.420479e-05,0
99946827,42,1,0,3.2306557e-06,0,0.00029328672,0
99946861,42,1,0,0.000115640134,0,1.6305565e-05,0
99947036,42,1,0,8.37291e-05,0,0.00047634516,0
99947064,42,1,0,4.745652e-06,0,2.7608778e-06,0
99947084,42,1,0,2.8956774e-05,0,2.8812463e-05,0
99947115,42,1,0,6.000031e-05,0,3.2992015e-05,0
99947174,42,1,0,2.2585147e-05,0,0.003399653,0
99947184,42,1,0,0.00046998233,0,1.5476742e-05,0
99947482,42,1,0,3.2240725e-05,0,0.00043708226,0
99947513,42,1,0,2.7350984e-07,0,4.397849e-06,0
99948033,42,1,0,0.0001868529,0,0.0001656414,0
99948477,42,1,0,0.00016681128,0,2.6647229e-05,0
99948479,42,1,0,5.904413e-05,0,6.1610284e-05,0
99948553,42,1,0,2.7925087e-05,0,7.471459e-05,0
99948623,42,2,0,0.0006281626,0,2.9284269e-05,0
99948842,42,2,0,0.00021607072,0,0.00024954518,0
99949088,42,2,0,0.048251927,0,0.007753215,0
99949697,42,2,0,0.0012474427,0,0.0008757869,0
99949905,42,1,0,9.983856e-06,0,4.598334e-05,0
99950077,42,1,0,0.00062056194,0,0.00019080043,0
99950113,42,1,0,8.937233e-06,0,0.00041853506,0
99950277,42,1,0,8.160118e-06,0,0.0021919748,0
99950301,42,1,0,0.0016019441,0,0.00038599793,0
99950744,42,1,0,0.00019714443,0,2.3297638e-05,0
99950788,42,1,0,1.5882114e-06,0,1.0707399e-05,0
99950803,42,1,0,0.0012754671,0,0.00019141087,0
99950830,42,1,0,0.000878265,0,0.0016461759,0
99950847,42,1,0,4.6917743e-05,0,0.018485112,0
99951080,42,1,0,4.010597e-05,0,6.021492e-05,0
99951267,42,1,0,9.801197e-06,0,0.0012738596,0
99951282,42,1,0,5.8562935e-05,0,3.3442528e-05,0
99951544,42,1,0,9.362029e-05,0,0.00018091817,0
99951659,42,1,0,3.8899936e-05,0,0.0021779279,0
99951863,42,1,0,2.3232476e-05,0,8.117939e-05,0
99951993,42,1,0,3.862396e-05,0,0.0003119971,0
99952317,42,1,0,6.966208e-06,0,6.101258e-06,0
99952350,42,1,0,1.7226869e-06,0,1.6941793e-05,0
99952365,42,1,0,4.8547343e-11,0,1.3610797e-09,0
99952386,42,1,0,0.00012350274,0,9.377727e-06,0
99952530,42,1,0,3.604992e-05,0,3.0103895e-06,0
99952738,42,1,0,5.557334e-05,0,0.00011154933,0
99952981,42,1,0,4.2318297e-05,0,0.00022451738,0
99952995,42,1,0,1.499396e-05,0,0.00038221173,0
99953082,42,1,0,1.3301643e-06,0,3.3258837e-07,0
99953087,42,1,0,0.00010262022,0,6.63917e-05,0
99953114,42,1,0,0.00021638142,0,1.7381384e-05,0
99953137,42,1,0,4.3005826e-07,0,5.1506026e-06,0
99953155,42,1,0,4.0653144e-06,0,3.3731627e-05,0
99953487,42,1,0,0.0026645951,0,0.00506001,0
99953493,42,1,0,4.268851e-06,0,2.5610136e-06,0
99971494,42,2,0,0.9437174,1,0.9057627,1
99971537,42,2,0,0.9737298,1,0.938231,1
312601,43,2,0,2.5764595e-05,0,1.0478658e-06,0
1454780,43,85,0,3.7897654e-11,0,4.2257615e-09,0
1456687,43,2,0,2.333803e-24,0,9.627043e-22,0
1605113,43,4,0,1.9057184e-08,0,0.0006716663,0
1867423,43,2,0,6.418006e-07,0,6.745182e-08,0
3233255,43,9,0,1.52129e-13,0,5.805058e-07,0
3763823,43,1,0,1.0859174e-05,0,7.37822e-06,0
4298337,43,9,0,9.444209e-18,0,4.807716e-09,0
4705214,43,1,0,0.13784847,0,0.12194382,0
4999191,43,3,0,0.0007517207,0,0.009473678,0
5003060,43,71,0,1.1889125e-14,0,1.6412009e-11,0
5855219,43,1,0,0.2886922,0,0.41418815,0
6113865,43,1,0,0.0008315571,0,2.747814e-05,0
6146862,43,1,0,1.7828602e-18,0,2.4979232e-07,0
6391693,43,1,0,2.0574815e-35,0,0.0,0
6565130,43,1,0,8.1815495e-05,0,0.15238886,0
6887417,43,22,0,3.720427e-12,0,4.2697317e-05,0
7385878,43,2,0,0.00014137011,0,5.964813e-06,0
7462686,43,1,0,0.016647624,0,0.0015728964,0
7555869,43,1,0,3.433862e-06,0,1.9867764e-05,0
11387794,43,10,0,5.6845605e-17,0,1.4498605e-08,0
11624795,43,1,0,2.0392998e-05,0,5.3262665e-09,0
12043617,43,1,0,0.3935418,0,0.00019733603,0
15972798,43,4,0,5.4462453e-05,0,0.0059011835,0
16060143,43,2,0,4.150354e-10,0,1.8862828e-06,0
16288983,43,1,0,1.4811242e-07,0,3.0720883e-05,0
16312785,43,5,0,4.718251e-06,0,0.0012872062,0
16315018,43,2,0,0.00021017987,0,5.1619427e-06,0
20108068,43,5,0,9.746538e-16,0,1.1772317e-08,0
20573536,43,3,0,0.0051232306,0,5.165152e-05,0
20573777,43,3,0,0.015552545,0,0.12859519,0
21527727,43,1,0,0.023770744,0,0.059929144,0
21981979,43,1,0,6.9508846e-05,0,0.0009209311,0
22019452,43,5,0,1.0159958e-11,0,2.8613515e-08,0
22410266,43,1,0,7.280638e-07,0,0.00017124711,0
23092303,43,1,0,0.000815568,0,0.0005972961,0
23858982,43,1,0,0.00043539784,0,1.3343738e-06,0
25363446,43,2,0,0.0010071861,0,0.020241074,0
26714642,43,3,0,0.02269716,0,0.0022193538,0
27301985,43,3,0,0.0064196903,0,0.031420145,0
27314475,43,2,0,0.5080411,0,0.22527722,0
29543162,43,3,0,0.0019925465,0,0.008410305,0
30589350,43,1,0,3.8744296e-05,0,2.951291e-06,0
30589352,43,1,0,0.00020029208,0,1.4885559e-06,0
33295931,43,2,0,1.620916e-05,0,4.0456403e-06,0
33344164,43,6,0,0.0043612863,0,0.0091594905,0
33826042,43,1,0,0.0057282993,0,0.06808025,0
33885859,43,2,0,5.8935333e-05,0,6.8457854e-07,0
33966030,43,7,0,3.7669544e-31,0,3.2980474e-19,0
34335946,43,51,0,1.4335379e-15,0,3.0750985e-11,0
35555334,43,10,0,2.932476e-16,0,6.304969e-17,0
38054506,43,1,0,2.7885023e-12,0,3.0948567e-07,0
39429114,43,2,0,3.3163178e-25,0,1.8428976e-31,0
41211720,43,2,0,5.72008e-14,0,1.0869417e-06,0
47061231,43,2,0,0.002258553,0,0.00012678791,0
47792655,43,10,0,7.596199e-13,0,1.0318494e-08,0
47792658,43,3,0,2.4980258e-05,0,0.0049135517,0
47987875,43,9,0,1.1003687e-16,0,2.4894774e-08,0
48095303,43,2,0,0.36830738,0,0.03510152,0
48190238,43,1,0,0.030344373,0,0.73812544,0
48191989,43,5,0,4.5096153e-12,0,4.565064e-06,0
48742524,43,1,0,1.3484198e-06,0,0.000861052,0
48858967,43,1,0,0.00018809113,0,0.002930345,0
48941569,43,1,0,0.0016757383,0,0.0053428556,0
48969106,43,1,0,0.0007971377,0,0.0035885246,0
48996896,43,1,0,5.5025926e-06,0,0.004239896,0
48996911,43,2,0,0.00014378183,0,0.0014224403,0
48996912,43,9,0,1.2109968e-16,0,1.9388411e-11,0
49209691,43,2,0,4.4916317e-23,0,1.9786874e-12,0
49477908,43,1,0,0.07800363,0,0.09035987,0
49502819,43,1,0,0.002251949,0,0.0017408917,0
49516773,43,2,0,0.00010785203,0,5.328146e-06,0
50543318,43,3,0,0.00035921726,0,0.00084483676,0
51780793,43,8,0,0.0019761606,0,0.000101977465,0
53450313,43,9,0,1.5089391e-24,0,1.1401769e-23,0
53550780,43,1,0,8.753513e-05,0,5.2155738e-05,0
54546688,43,3,0,1.7489732e-22,0,1.3956854e-11,0
55527576,43,1,0,7.153981e-07,0,1.5289523e-05,0
56128690,43,1,0,0.0076783197,0,2.6461971e-06,0
57342656,43,1,0,5.392534e-07,0,7.603764e-06,0
57741388,43,3,0,2.4948035e-10,0,3.1787404e-06,0
59287789,43,7,0,0.058431804,0,0.03546458,0
60598126,43,6,0,7.3766075e-15,0,1.3960169e-09,0
63860808,43,1,0,1.0764711e-08,0,1.9262416e-08,0
67893664,43,2,0,0.00044427026,0,1.33357225e-05,0
70593771,43,9,0,4.774104e-10,0,3.5275248e-06,0
73077442,43,3,0,1.0740883e-05,0,1.03320474e-07,0
74848928,43,3,0,0.0023963114,0,0.023361767,0
75170513,43,1,0,3.8137548e-06,0,0.00015762943,0
75679851,43,3,0,4.8997508e-29,0,0.0,0
77024744,43,1,0,5.1752693e-05,0,0.0011997232,0
79868501,43,8,0,0.0026652338,0,0.0026076809,0
80508811,43,2,0,0.00019497071,0,1.1831067e-06,0
90233834,43,1,0,6.064157e-05,0,9.438059e-05,0
90239532,43,2,0,0.00032960894,0,4.6412086e-07,0
90311123,43,2,0,6.399818e-08,0,5.3801205e-06,0
91235255,43,1,1,0.02941938,0,0.09217095,0
91857277,43,1,1,0.030451737,0,0.12963404,0
91861116,43,2,0,3.466894e-08,0,1.1693177e-10,0
91861504,43,5,0,3.833113e-08,0,1.2129853e-08,0
91861799,43,2,0,1.1205406e-23,0,9.0099624e-13,0
91863197,43,1,0,1.1618544e-06,0,2.0306243e-06,0
91863302,43,1,0,0.11172113,0,0.008905006,0
91865234,43,1,0,0.16096966,0,0.0059422236,0
91866704,43,2,0,3.997946e-05,0,5.4148586e-07,0
91866791,43,3,0,4.4031576e-06,0,0.0018173825,0
91867011,43,1,0,8.941198e-05,0,0.032439735,0
91867056,43,12,0,4.1994235e-09,0,8.0752856e-11,0
91867614,43,1,0,1.6945164e-22,0,3.7855947e-12,0
91870461,43,1,0,0.00075014064,0,0.00079087674,0
91870745,43,3,0,0.0015067174,0,0.04401847,0
91881918,43,2,0,0.000786897,0,8.266364e-05,0
91881919,43,3,0,0.3043748,0,0.12334717,0
91881921,43,1,0,3.3178392e-05,0,4.419805e-06,0
91881933,43,1,0,4.3603155e-05,0,2.1108997e-07,0
91881937,43,2,0,0.00029587248,0,7.583422e-06,0
91882005,43,2,0,0.03372736,0,0.1450609,0
91882349,43,101,0,3.3880498e-12,0,3.709896e-09,0
91882364,43,3,0,0.015292799,0,0.0003921835,0
91882365,43,2,0,3.3933632e-36,0,7.819428e-20,0
91887648,43,1,0,0.010071923,0,0.08565151,0
91887651,43,3,0,2.6868285e-05,0,5.452393e-05,0
91887652,43,3,0,0.0012777281,0,0.011983062,0
91889000,43,1,0,0.008043267,0,0.5624386,0
91889296,43,2,0,0.00014750854,0,7.5064836e-06,0
91894074,43,1,0,1.2819554e-07,0,2.2587244e-07,0
91894677,43,1,0,0.0139842965,0,0.0022031101,0
91903259,43,1,0,0.00127511,0,0.05218515,0
91903266,43,2,0,0.042590145,0,0.0030338878,0
91906536,43,3,0,0.008195503,0,0.06517102,0
91907343,43,1,0,2.484631e-05,0,8.708819e-05,0
91907424,43,1,0,0.23174672,0,0.17880909,0
91914098,43,2,0,0.0013227534,0,2.004313e-05,0
91914100,43,2,0,7.4644927e-06,0,6.658465e-08,0
91914101,43,3,0,5.7635095e-08,0,7.3589683e-07,0
91914103,43,2,0,0.006445595,0,0.00018592415,0
91914133,43,1,0,0.031482834,0,0.09593471,0
91914135,43,1,0,0.0024134286,0,0.015111356,0
91914138,43,3,0,0.16872464,0,0.028998978,0
91914143,43,3,0,0.0013072959,0,0.00040945836,0
91914163,43,1,0,0.047039963,0,0.51515716,0
91914164,43,2,0,0.00038490177,0,1.4843477e-05,0
91914182,43,3,0,0.00039348967,0,3.7598027e-06,0
91929747,43,2,0,0.06562841,0,0.00053841446,0
91934616,43,109,0,1.131425e-15,0,3.5406944e-10,0
91934748,43,1,0,4.0529355e-10,0,2.0263806e-26,0
91935145,43,3,0,1.4262197e-07,0,1.43947245e-08,0
91935149,43,1,0,0.0028930686,0,0.007407959,0
91935167,43,3,0,0.41143712,0,0.35706195,0
91935930,43,2,0,8.965762e-05,0,0.006840654,0
91936193,43,2,0,0.005503712,0,0.06123542,0
91936215,43,1,0,7.2888324e-05,0,0.003327622,0
91938681,43,7,0,1.4797078e-17,0,1.256721e-34,0
91939330,43,2,0,0.0056182323,0,0.0051124725,0
91941001,43,11,0,4.8730468e-11,0,5.1964292e-08,0
91943699,43,1,0,3.5607542e-10,0,2.7485949e-05,0
91945137,43,1,0,1.3391364e-05,0,0.00047502137,0
91949576,43,5,0,2.9836297e-05,0,0.0011611079,0
91952717,43,10,0,7.050572e-17,0,1.7378682e-07,0
91952719,43,2,0,0.00017984168,0,0.0018375927,0
91952735,43,1,0,1.0258417e-06,0,0.0011460072,0
91952736,43,3,0,0.0055121407,0,0.0026226207,0
91952737,43,2,0,0.0004237496,0,0.00399824,0
91952738,43,1,0,0.0007998374,0,0.0012395751,0
91952812,43,1,0,0.04603318,0,0.09090263,0
91958233,43,8,0,1.2177408e-10,0,6.958718e-06,0
91959893,43,1,0,4.896614e-05,0,0.0032802252,0
91959894,43,1,0,0.0016085146,0,0.01626866,0
91959896,43,3,0,0.00092214684,0,0.04010683,0
91959897,43,4,0,0.06257865,0,0.13788733,0
91960684,43,3,0,0.14188898,0,0.87080914,1
91960794,43,4,0,1.4377278e-05,0,0.0018226547,0
91960797,43,1,0,0.0035044109,0,0.069863155,0
91960800,43,2,0,0.00028291336,0,0.013917579,0
91960831,43,1,0,8.2140694e-05,0,0.0020869044,0
91961247,43,1,0,0.013162861,0,0.07489995,0
91961253,43,3,0,0.0023918573,0,0.001431049,0
91961255,43,4,0,7.834194e-08,0,0.00016843788,0
91961263,43,1,0,0.00053044886,0,0.0242749,0
91961268,43,1,0,3.5189914e-05,0,0.000957819,0
91961269,43,2,0,0.00018092938,0,0.002650082,0
91961272,43,3,0,1.8067141e-06,0,9.926739e-05,0
91961288,43,3,0,1.2457565e-05,0,5.530347e-08,0
91961881,43,2,0,2.5445975e-06,0,2.3081269e-07,0
91961896,43,5,0,7.2925816e-09,0,0.00037016207,0
91961924,43,91,0,5.1313363e-12,0,7.307267e-10,0
91961940,43,2,0,4.0850533e-05,0,0.0023282575,0
91962563,43,3,0,0.00033282026,0,0.006972308,0
91963172,43,3,0,1.9405109e-06,0,1.7792296e-07,0
91963793,43,3,0,0.0721829,0,0.0049202666,0
91963824,43,3,0,0.082476094,0,0.33091077,0
91971335,43,6,0,0.0031005102,0,1.7549724e-05,0
91973223,43,2,0,0.00013706497,0,0.00024601625,0
91973590,43,2,0,0.0014119154,0,0.0010573298,0
91973591,43,2,0,0.001924318,0,0.0068952483,0
91973605,43,2,0,0.0022232633,0,0.06523771,0
91973607,43,1,0,0.0001644987,0,0.0010897446,0
91975356,43,1,0,0.0005064969,0,0.042454615,0
91975422,43,2,0,1.6413778e-05,0,1.4790972e-07,0
91975520,43,1,0,0.18725294,0,0.2052949,0
91975641,43,2,0,0.0032080594,0,0.00012204442,0
91976646,43,2,0,0.0024456994,0,0.00019989925,0
91978501,43,2,0,0.0018943712,0,2.663605e-05,0
91979998,43,3,0,0.32094136,0,0.01244868,0
91981434,43,1,0,0.0006327653,0,0.00042119308,0
91981440,43,2,0,0.0077145505,0,0.021656645,0
91982893,43,3,0,4.049405e-05,0,1.8444703e-07,0
91982897,43,4,0,3.5979144e-07,0,1.848503e-07,0
91995426,43,3,1,0.15064126,0,0.08569364,0
91995480,43,2,0,0.0010714659,0,9.64717e-05,0
92000571,43,1,0,0.01740685,0,0.0008123322,0
92009548,43,1,0,0.00012021382,0,0.0021992684,0
92011643,43,4,0,0.323365,0,0.3944001,0
92014432,43,1,0,0.0021847892,0,0.007984311,0
92019988,43,1,0,1.3610303e-07,0,2.7741453e-06,0
92019998,43,1,0,0.0011429655,0,0.0006466099,0
92020975,43,11,0,0.004145415,0,0.0407177,0
92021033,43,4,0,0.07802722,0,0.1322295,0
92021035,43,1,0,0.50019455,0,0.754915,0
92021036,43,8,0,1.13567575e-30,0,4.2724215e-19,0
92021053,43,3,1,0.16670962,0,0.040862907,0
92037810,43,2,0,2.2165127e-06,0,0.0,0
92037830,43,2,0,8.831395e-05,0,0.0006293521,0
92048876,43,1,0,5.32426e-06,0,0.00036754506,0
92048878,43,3,0,0.47024092,0,0.021341084,0
92056010,43,3,0,0.00063749886,0,0.0011873794,0
92056896,43,3,0,0.51313055,0,0.0925273,0
92057479,43,2,0,0.0017687347,0,0.0033415663,0
92057519,43,7,0,1.16750485e-08,0,1.5643566e-06,0
92058125,43,3,0,0.001579533,0,0.0068235667,0
92063314,43,1,0,3.600364e-05,0,0.0007722916,0
92065256,43,2,0,3.71085e-07,0,4.488555e-09,0
92065257,43,2,0,9.437537e-05,0,1.9838023e-06,0
92074742,43,1,0,7.154491e-05,0,2.9080282e-05,0
92077422,43,1,0,1.698419e-05,0,0.0001602569,0
92078509,43,1,0,0.00025617098,0,0.0005413438,0
92120624,43,2,0,0.00032308514,0,0.0019638978,0
92120629,43,2,0,9.659376e-05,0,0.0012432141,0
92120632,43,4,0,0.00036112688,0,0.004361634,0
92120638,43,2,0,0.00012940631,0,1.8119526e-06,0
92120886,43,3,0,0.009714686,0,0.00041307503,0
92120887,43,3,0,0.3742984,0,0.00042769706,0
92120888,43,3,0,0.033907395,0,8.137308e-05,0
92120898,43,1,0,5.1013732e-05,0,0.00031223247,0
92167519,43,7,0,5.988896e-08,0,5.0248366e-07,0
92173231,43,1,0,0.00089666375,0,8.942716e-05,0
92192415,43,1,0,0.20397505,0,0.07678146,0
92196028,43,2,0,3.6149308e-05,0,4.3482567e-07,0
92205026,43,16,0,1.4567229e-07,0,3.7983833e-07,0
92704283,43,3,0,2.82879e-06,0,1.2373009e-08,0
92735262,43,5,1,0.014074568,0,0.00231703,0
92738855,43,7,0,8.808556e-31,0,0.0,0
92756954,43,1,0,2.7167656e-07,0,3.799626e-07,0
92764874,43,5,0,0.084124684,0,0.040921684,0
92771503,43,1,0,1.22428355e-05,0,0.00078562624,0
92835147,43,1,0,0.013814737,0,0.11070601,0
93084002,43,2,0,5.50297e-15,0,7.4814954e-10,0
93094521,43,1,0,2.0733074e-07,0,2.1296735e-06,0
93120910,43,3,0,0.00019517886,0,0.0023013274,0
93187192,43,2,0,2.4048793e-05,0,5.5911255e-07,0
93823732,43,2,0,7.3649685e-06,0,3.0228472e-07,0
93846181,43,1,0,1.476058e-06,0,0.0004193963,0
93869651,43,1,0,1.0520779e-05,0,1.09917455e-05,0
93872347,43,1,0,0.0012592041,0,1.17578615e-07,0
93872450,43,10,0,7.6891435e-09,0,4.540518e-05,0
93872789,43,1,0,1.4924177e-07,0,0.0006633179,0
93917254,43,6,0,0.54243267,0,0.39238983,0
93937909,43,1,0,0.0028100621,0,0.01358647,0
93937912,43,1,0,0.011446222,0,0.005205922,0
93937920,43,1,0,0.07434445,0,0.4285242,0
93937921,43,1,0,0.07510623,0,0.038933933,0
93965072,43,1,0,4.6834445e-21,0,2.0279419e-08,0
93968491,43,1,0,3.9479164e-05,0,8.599045e-06,0
94014291,43,2,0,0.041601967,0,0.01151372,0
94014618,43,3,0,0.04741463,0,0.051765278,0
94065659,43,1,0,0.0012665209,0,9.42544e-05,0
94065921,43,2,0,0.44452122,0,0.8836669,1
94065993,43,2,0,0.056865644,0,0.30804688,0
94065998,43,2,0,0.00032231573,0,0.0023139985,0
94066000,43,2,0,0.00022549737,0,5.5995348e-05,0
94066595,43,2,0,0.5325272,0,0.8520573,1
94066654,43,1,0,0.0020120007,0,0.00027749178,0
94066662,43,1,0,4.3422526e-07,0,3.8735276e-08,0
94066944,43,1,0,0.30387738,0,0.27335134,0
94067445,43,1,0,0.00019548301,0,2.7987792e-06,0
94067451,43,1,0,0.1001199,0,0.3178127,0
94067879,43,2,0,6.559508e-06,0,1.9438971e-07,0
94067886,43,1,0,0.0006788578,0,8.6888525e-05,0
94068200,43,1,0,5.8481664e-06,0,1.0975625e-05,0
94068380,43,2,0,0.0045022354,0,0.014698143,0
94068432,43,1,0,0.0030631532,0,0.0020562755,0
94068442,43,2,0,4.2466831e-07,0,2.0872343e-07,0
94068517,43,2,0,4.5470442e-05,0,2.6861337e-06,0
94069132,43,1,0,0.00016709066,0,1.0830761e-05,0
94069136,43,2,0,1.8332747e-06,0,3.3140243e-06,0
94069140,43,1,0,7.511271e-05,0,2.471409e-05,0
94069147,43,1,0,1.3099657e-05,0,2.312011e-05,0
94069432,43,1,0,0.04919533,0,0.18293044,0
94069434,43,2,0,0.00026730666,0,0.0001618659,0
94069708,43,1,0,0.00036345716,0,1.9662835e-05,0
94070143,43,1,0,0.0019274319,0,6.887595e-05,0
94070432,43,2,0,0.48596865,0,0.8962096,1
94070707,43,1,0,6.2615877e-06,0,1.7741764e-05,0
94070711,43,1,0,6.5609343e-06,0,2.2443017e-07,0
94071142,43,2,0,0.30903456,0,0.44526267,0
94071143,43,1,0,2.1744025e-05,0,1.28974925e-05,0
94071380,43,2,0,1.5671669e-06,0,5.35751e-06,0
94071387,43,1,0,0.050268188,0,0.012140272,0
94071395,43,2,0,1.0149301e-05,0,1.32064415e-05,0
94071450,43,1,0,0.00032415357,0,5.112809e-05,0
94071615,43,2,0,3.665803e-06,0,6.995073e-06,0
94071888,43,1,0,4.0876293e-05,0,2.1174465e-05,0
94071903,43,1,0,1.2512288e-05,0,2.5059646e-06,0
94071918,43,2,0,0.00014096666,0,0.0001286732,0
94072362,43,1,0,0.00086360745,0,0.00014716799,0
94072370,43,2,0,0.10164937,0,0.022107458,0
94072380,43,2,0,0.004266978,0,0.0011149484,0
94072391,43,1,0,0.0021687392,0,0.001156846,0
94072663,43,1,0,1.1851714e-05,0,4.0692403e-06,0
94072840,43,1,0,0.0002995475,0,0.0004097793,0
94072844,43,1,0,0.00081147574,0,0.00035561368,0
94073078,43,2,0,6.0415994e-05,0,0.00010234952,0
94073643,43,1,0,6.412644e-06,0,3.455465e-06,0
94073649,43,1,0,0.000121055855,0,0.00043179182,0
94074570,43,2,0,3.0851224e-06,0,5.6929466e-06,0
94075022,43,1,0,0.0014929305,0,0.0014478774,0
94075025,43,2,0,0.021901676,0,0.0005126164,0
94075079,43,1,0,0.0017352732,0,0.0016010718,0
94075195,43,2,0,0.00853471,0,0.00022735314,0
94075201,43,1,0,2.6978253e-06,0,2.5070565e-07,0
94075446,43,1,0,0.00024116521,0,0.0001517493,0
94075451,43,1,0,6.9939197e-06,0,7.893921e-06,0
94075708,43,1,0,2.182817e-06,0,1.8046751e-06,0
94075926,43,2,0,0.0017999045,0,0.00096841686,0
94076089,43,1,0,0.00018277866,0,8.947595e-05,0
94076100,43,1,0,0.000100249665,0,4.342153e-05,0
94076380,43,2,0,0.000457457,0,6.259124e-05,0
94076384,43,1,0,0.00018663442,0,0.00030736276,0
94076394,43,2,0,7.171391e-05,0,6.431906e-05,0
94076804,43,2,0,0.00027985135,0,7.258542e-05,0
94076813,43,1,0,2.6715548e-05,0,8.299068e-06,0
94076816,43,2,0,0.00019121605,0,3.3518194e-05,0
94076854,43,2,0,0.00014421366,0,3.8440892e-05,0
94077038,43,1,0,2.9897677e-05,0,1.4402311e-05,0
94077067,43,1,0,0.00014118069,0,0.00018100877,0
94077072,43,2,0,0.0002456225,0,0.00012754445,0
94077264,43,1,0,3.0495683e-05,0,3.6438203e-06,0
94077528,43,1,0,1.2745167e-05,0,1.7908103e-06,0
94077533,43,1,0,0.001073249,0,0.000659355,0
94077550,43,1,0,1.4107593e-05,0,2.4073784e-06,0
94077560,43,1,0,0.0002275737,0,0.00050575775,0
94077564,43,1,0,1.5780153e-05,0,4.5360866e-05,0
94077746,43,1,0,8.865458e-05,0,0.000118429096,0
94077976,43,1,0,1.2692554e-06,0,3.2038272e-06,0
94077982,43,1,0,0.0002119403,0,0.0003429369,0
94078007,43,1,0,3.0276674e-06,0,1.1380475e-06,0
94078150,43,1,0,6.805793e-05,0,8.062809e-05,0
94078170,43,2,0,0.0010854029,0,0.0052342094,0
94078422,43,2,0,0.0009868334,0,0.0003379683,0
94078563,43,1,0,6.994737e-05,0,3.110761e-05,0
94078570,43,1,0,0.0042524524,0,0.0013588888,0
94078576,43,1,0,0.0011952252,0,0.00031733324,0
94078584,43,1,0,0.0005474096,0,0.0010766094,0
94078591,43,1,0,0.0009206434,0,0.002208058,0
94078626,43,1,0,0.0017348643,0,0.000894521,0
94078636,43,1,0,1.6003556e-05,0,5.0956754e-05,0
94078822,43,1,0,1.1231456e-05,0,1.4046042e-05,0
94078937,43,2,0,3.9428255e-07,0,1.1937343e-06,0
94078950,43,1,0,4.3646833e-05,0,7.4718504e-05,0
94079171,43,1,0,8.4262305e-05,0,7.685841e-05,0
94079187,43,1,0,0.0011834342,0,0.0010735246,0
94079198,43,1,0,0.0009919008,0,0.0016910196,0
94079208,43,1,0,0.00019774045,0,9.8529716e-05,0
94079221,43,1,0,4.8052807e-05,0,2.334853e-05,0
94079229,43,2,0,1.4587014e-06,0,3.5153168e-06,0
94079241,43,1,0,4.652102e-06,0,4.1463577e-06,0
94079248,43,1,0,0.00047352447,0,0.00014305442,0
94079333,43,2,0,0.0010224886,0,0.001034151,0
94079339,43,1,0,0.00037370654,0,0.0004664815,0
94079348,43,1,0,0.00057096244,0,0.007880497,0
94079887,43,1,0,2.0651507e-06,0,1.1387692e-05,0
94079899,43,2,0,0.02944072,0,0.028364586,0
94079905,43,1,0,0.0026052895,0,0.010839354,0
94081982,43,1,0,0.00051387295,0,0.035640378,0
94082286,43,2,0,1.104661e-05,0,0.004612183,0
94082473,43,1,0,0.000117208794,0,0.0078092976,0
94084547,43,1,0,0.0005029939,0,0.018208953,0
94085336,43,1,0,5.821222e-05,0,0.0005082384,0
94086570,43,2,0,0.00025423733,0,0.0053328755,0
94093555,43,2,0,0.37265936,0,0.87049854,1
94093732,43,2,0,0.0001410924,0,0.00047403117,0
94093757,43,1,0,0.25900853,0,0.6245444,0
94099462,43,2,0,0.000106084575,0,9.25588e-05,0
94101123,43,1,0,0.14965713,0,0.24200772,0
94101176,43,2,0,0.009799443,0,0.21239862,0
94101389,43,1,0,2.9914705e-05,0,0.015449543,0
94101676,43,2,0,0.0013621079,0,0.07733945,0
94101750,43,1,0,5.1153787e-05,0,0.015824035,0
94102299,43,1,0,1.195535e-07,0,1.9883734e-07,0
94102352,43,1,0,0.0019574482,0,0.0052109,0
94102584,43,1,0,0.0899356,0,0.5270658,0
94103281,43,2,0,0.0011445301,0,0.11210961,0
94103313,43,1,0,5.6212576e-07,0,4.293909e-06,0
94103851,43,1,0,8.068151e-06,0,4.6954003e-05,0
94103859,43,1,0,0.0066336966,0,0.02984161,0
94104154,43,1,0,6.608283e-05,0,0.0005368994,0
94104170,43,1,0,2.0491588e-09,0,2.3203109e-08,0
94104463,43,1,0,0.00043751558,0,0.0008246388,0
94104615,43,1,0,6.7708397e-06,0,5.536535e-05,0
94104620,43,1,0,1.03816504e-07,0,8.222141e-06,0
94104685,43,1,0,3.438483e-06,0,0.00024357537,0
94104894,43,2,0,0.0006416463,0,0.0059387013,0
94104921,43,2,0,2.5154704e-06,0,7.3041185e-05,0
94104933,43,2,0,0.0001935231,0,0.00032332487,0
94104942,43,1,0,0.00024715767,0,0.0004555312,0
94104949,43,2,0,0.14545004,0,0.117800616,0
94105003,43,1,0,1.8366801e-06,0,1.2991633e-05,0
94105190,43,1,0,9.114928e-07,0,8.325196e-06,0
94105238,43,1,0,0.0016194516,0,0.0009397348,0
94105695,43,1,0,4.8965954e-05,0,0.00019528923,0
94105713,43,1,0,1.9345098e-05,0,0.000567989,0
94105926,43,1,0,1.7397255e-09,0,1.330355e-08,0
94105934,43,1,0,2.4523067e-06,0,8.3071845e-06,0
94105938,43,1,0,5.1246698e-06,0,3.8245595e-05,0
94106229,43,1,0,4.459212e-07,0,3.94752e-06,0
94106429,43,1,0,1.574952e-06,0,0.0001799271,0
94106434,43,1,0,1.0098656e-07,0,8.052993e-06,0
94106439,43,1,0,0.044095997,0,0.030690534,0
94106442,43,1,0,0.84319603,1,0.895686,1
94106446,43,2,0,0.0011800466,0,0.0060332706,0
94107013,43,1,0,0.0005311503,0,0.0016159351,0
94107580,43,1,0,3.641187e-06,0,0.00016131984,0
94107945,43,1,0,2.3636873e-07,0,1.45584e-06,0
94110184,43,1,0,6.581061e-10,0,6.6340844e-09,0
94110477,43,1,0,0.0002816847,0,0.00013611937,0
94112031,43,1,0,1.2696016e-06,0,6.674791e-07,0
94112138,43,1,0,1.2419061e-05,0,5.2040876e-05,0
94112253,43,1,0,0.3550275,0,0.5270324,0
94113066,43,1,0,0.002083283,0,0.008785041,0
94114765,43,1,0,4.605013e-11,0,1.3690422e-08,0
94115916,43,1,0,6.147114e-05,0,0.0007689331,0
94116114,43,1,0,5.002368e-06,0,7.946006e-06,0
94116119,43,1,0,0.0025518066,0,0.15992963,0
94116124,43,1,0,3.913146e-07,0,4.270476e-06,0
94116376,43,1,0,2.0960895e-09,0,4.967878e-08,0
94116711,43,1,0,4.6785967e-06,0,1.232116e-05,0
94116721,43,2,0,1.050817e-08,0,1.6145549e-07,0
94117136,43,2,0,8.998722e-05,0,0.0058863703,0
94117139,43,2,0,3.1305335e-06,0,2.9957386e-05,0
94117141,43,1,0,1.8732391e-05,0,0.00075091876,0
94117439,43,2,0,6.9597417e-10,0,5.5418754e-09,0
94117443,43,1,0,0.027090399,0,0.0070414483,0
94117456,43,1,0,4.927667e-07,0,3.2607226e-05,0
94117472,43,1,0,0.0021092833,0,0.0047832984,0
94118020,43,2,0,4.5405923e-05,0,0.0025439346,0
94118027,43,1,0,1.4108293e-05,0,9.296597e-05,0
94118276,43,1,0,2.1468495e-06,0,5.3356678e-05,0
94118537,43,1,0,1.022159e-05,0,0.00047402442,0
94118551,43,1,0,1.3172392e-05,0,0.00015522151,0
94118562,43,1,0,3.8392958e-08,0,3.3971696e-06,0
94118571,43,2,0,0.24469139,0,0.71280414,0
94118581,43,1,0,2.4340602e-07,0,1.4573981e-05,0
94118589,43,2,0,7.772391e-06,0,6.1543935e-05,0
94118596,43,2,0,4.174863e-05,0,0.00042284513,0
94118602,43,1,0,3.9331444e-05,0,0.0005871763,0
94118608,43,1,0,8.5841073e-10,0,7.641747e-08,0
94119474,43,1,0,0.010133832,0,0.03403275,0
94119486,43,1,0,2.066463e-05,0,2.3320066e-05,0
94119493,43,1,0,9.575883e-05,0,0.00063532597,0
94119502,43,1,0,0.0027730905,0,0.013166044,0
94119508,43,2,0,4.6203328e-07,0,0.00010016998,0
94120313,43,1,0,4.2731478e-11,0,3.7788645e-08,0
94120330,43,1,0,0.0018706449,0,0.0029172683,0
94122007,43,1,0,0.07280344,0,0.016286045,0
94122027,43,1,0,3.971468e-05,0,2.5738e-05,0
94122035,43,2,0,0.005591651,0,0.00905517,0
94122054,43,1,0,5.7769935e-11,0,1.8088074e-09,0
94122061,43,2,0,0.013951584,0,0.024477003,0
94122209,43,1,0,1.7336717e-07,0,3.869456e-06,0
94122218,43,2,0,4.7149675e-05,0,0.0042083543,0
94122522,43,2,0,3.2847713e-06,0,8.947356e-05,0
94123144,43,1,0,0.020821016,0,0.057034537,0
94123860,43,1,0,0.010223312,0,0.0098764375,0
94124548,43,1,0,1.4912148e-05,0,0.00089862704,0
94125198,43,2,0,1.0388862e-05,0,2.9765508e-05,0
94125826,43,1,0,5.0183386e-05,0,3.4658675e-05,0
94126162,43,1,0,0.027910061,0,0.010115862,0
94126792,43,1,0,3.271016e-05,0,0.00014660732,0
94127065,43,1,0,0.0022660238,0,0.012998816,0
94127777,43,1,0,0.022553606,0,0.043008666,0
94128086,43,1,0,0.004649879,0,0.022238888,0
94128094,43,1,0,0.03629856,0,0.081878126,0
94128375,43,1,0,0.0024411352,0,0.009214723,0
94128968,43,1,0,0.085837066,0,0.25468683,0
94129191,43,1,0,0.022938015,0,0.005885321,0
94129193,43,1,0,2.1971753e-05,0,0.00027024612,0
94129869,43,1,0,0.0037328643,0,0.045393918,0
94130185,43,2,0,0.00041423357,0,9.907032e-05,0
94130506,43,1,0,1.8312008e-07,0,1.4103946e-06,0
94130523,43,2,0,0.003785524,0,0.006111898,0
94130525,43,2,0,5.7890697e-06,0,1.4265858e-05,0
94130878,43,1,0,6.929342e-07,0,9.0315436e-05,0
94130886,43,2,0,7.883089e-05,0,0.00032022953,0
94130892,43,1,0,3.37195e-05,0,0.0016998991,0
94130896,43,2,0,0.00039565083,0,0.0003014541,0
94130911,43,2,0,0.01814778,0,0.0017697132,0
94131288,43,1,0,5.1526763e-06,0,0.00022205844,0
94131606,43,2,0,0.017564708,0,0.054428652,0
94131615,43,1,0,1.2527432e-08,0,1.6641227e-08,0
94131623,43,1,0,1.1975267e-06,0,2.7304483e-05,0
94131693,43,2,0,7.615046e-07,0,1.459355e-05,0
94132299,43,2,0,0.010246111,0,0.13730465,0
94132916,43,1,0,0.00062805484,0,0.0052708006,0
94133258,43,2,0,0.000491155,0,0.6052869,0
94133499,43,1,0,8.474176e-05,0,0.1746762,0
94134304,43,1,0,2.2895374e-08,0,1.6244783e-06,0
94134994,43,1,0,0.011568292,0,0.05650739,0
94136580,43,2,0,0.04454549,0,0.4024086,0
94136587,43,2,0,2.2052382e-09,0,2.834172e-06,0
94139156,43,1,0,0.010570644,0,0.17813884,0
94141642,43,1,0,2.3932503e-06,0,0.0120641915,0
94145770,43,2,0,3.0863172e-25,0,8.784611e-09,0
94146823,43,2,0,0.001229533,0,0.0037783417,0
94147086,43,2,0,0.0024346819,0,0.05353415,0
94147197,43,2,0,0.009500289,0,0.0624967,0
94147407,43,2,0,7.380816e-05,0,0.017613636,0
94148515,43,2,0,0.0025424445,0,0.21457617,0
94149412,43,2,0,1.2168485e-11,0,8.594688e-07,0
94150348,43,2,1,0.0007921873,0,0.0084075015,0
94151590,43,1,1,0.00021811496,0,0.0043916465,0
94152411,43,1,0,0.0029324566,0,0.0031333861,0
94152708,43,2,1,0.0689342,0,0.23795515,0
94153016,43,2,1,0.075761914,0,0.43023175,0
94153268,43,1,1,0.07032484,0,0.4343479,0
94153275,43,1,1,0.0061903703,0,0.037223645,0
94185062,43,2,0,0.076434016,0,0.015969018,0
94187346,43,2,0,0.00024138464,0,0.029892059,0
94188519,43,1,0,0.000572979,0,0.026955912,0
94190966,43,1,0,5.0630683e-07,0,2.5374632e-06,0
94191802,43,2,0,0.006168834,0,0.16027206,0
94192833,43,2,0,2.7697718e-14,0,1.722833e-06,0
94194298,43,1,0,4.7100527e-20,0,3.5504158e-08,0
94198574,43,1,0,0.0009842841,0,0.0066565727,0
94198963,43,2,0,3.8347293e-06,0,0.007686334,0
94199703,43,2,0,6.9673774e-07,0,0.0016457236,0
94200503,43,1,0,0.3975768,0,0.3268749,0
94205142,43,2,0,2.2949778e-06,0,1.0117739e-06,0
94205434,43,2,0,7.574408e-10,0,2.213202e-05,0
94205443,43,2,0,5.3531287e-05,0,0.0067631137,0
94205523,43,2,0,2.3889634e-18,0,3.8769386e-14,0
94213214,43,1,0,1.6343433e-08,0,9.047145e-05,0
94234353,43,1,0,4.2483356e-05,0,0.0003091216,0
94236504,43,2,0,2.8790256e-10,0,3.0538388e-06,0
94243061,43,2,0,0.022947667,0,0.9566361,1
94243119,43,2,0,0.0015610104,0,3.5370562e-10,0
94243668,43,2,0,0.21879429,0,0.16048738,0
94243672,43,2,0,0.022243693,0,0.07011453,0
94243975,43,2,0,8.6559435e-09,0,2.697486e-09,0
94244152,43,2,0,2.6246455e-06,0,1.0824711e-05,0
94244157,43,2,0,4.4177213e-08,0,2.459177e-10,0
94244220,43,3,0,0.017650522,0,0.002402781,0
94245058,43,2,0,1.0000683e-08,0,5.860606e-07,0
94245078,43,2,0,0.059602566,0,0.19863771,0
94245083,43,3,0,9.576748e-08,0,4.848255e-07,0
94245170,43,2,0,2.607277e-05,0,4.4049048e-05,0
94245175,43,2,0,0.24239247,0,0.016795669,0
94245185,43,2,0,1.2923765e-08,0,4.160595e-07,0
94245201,43,2,0,0.02424734,0,0.015626807,0
94245377,43,2,0,5.458953e-06,0,2.9987456e-07,0
94245382,43,2,0,0.119975194,0,0.041875284,0
94245517,43,3,0,2.1613303e-06,0,0.00036997086,0
94245520,43,3,0,1.4836405e-07,0,1.8960874e-07,0
94246325,43,2,0,7.9828304e-08,0,3.2086456e-09,0
94246470,43,3,0,0.022885785,0,0.038178142,0
94247545,43,1,0,0.0018666426,0,0.0032836522,0
94248074,43,1,0,0.007856654,0,0.046402708,0
94248910,43,2,0,0.0006748784,0,0.00012593748,0
94249100,43,2,0,0.0015852044,0,0.08698868,0
94249104,43,2,0,3.0795294e-05,0,4.1848398e-05,0
94249141,43,2,0,6.213549e-07,0,7.7158395e-05,0
94249153,43,2,0,0.10904996,0,0.002906681,0
94251591,43,1,0,0.01604649,0,0.13211492,0
94252041,43,1,0,0.00055889745,0,0.035064008,0
94252574,43,2,0,0.0018093411,0,0.0020797173,0
94253075,43,1,0,0.00035506758,0,0.0036984624,0
94253094,43,3,0,0.19595678,0,0.00038745304,0
94253097,43,2,0,0.00010729276,0,0.00027605103,0
94253262,43,3,0,0.04308766,0,0.053872686,0
94253265,43,3,0,0.028148884,0,0.0009644061,0
94253272,43,1,0,0.007130329,0,0.01592123,0
94253273,43,3,0,0.004282277,0,0.0017942582,0
94253277,43,4,0,0.200676,0,0.06452168,0
94253279,43,1,0,0.037895184,0,0.0674844,0
94253572,43,2,0,0.07053657,0,0.13384838,0
94253576,43,2,0,0.12476144,0,0.26116523,0
94253693,43,2,0,0.09163254,0,0.2563697,0
94253794,43,1,0,0.23605599,0,0.04008464,0
94253797,43,2,0,0.0038135392,0,0.10626192,0
94254140,43,3,0,0.0014108481,0,0.0014416793,0
94254215,43,1,0,0.09101927,0,0.27852505,0
94254412,43,2,0,0.033915743,0,0.23225118,0
94254432,43,2,0,0.12208042,0,0.3415021,0
94254433,43,2,0,0.00528839,0,0.049992368,0
94254496,43,2,0,0.081590526,0,0.19572984,0
94255281,43,39,0,0.0083067035,0,0.0017502508,0
94255487,43,22,0,0.017528458,0,0.004070308,0
94255489,43,4,0,0.249698,0,0.0060284687,0
94255570,43,1,1,0.002976102,0,0.03470822,0
94255777,43,2,0,3.1374887e-12,0,1.6255435e-14,0
94255780,43,6,0,3.1868815e-06,0,0.00030916254,0
94255934,43,1,1,0.012135453,0,0.07656332,0
94255937,43,3,0,2.4182733e-05,0,2.367984e-06,0
94256093,43,92,0,1.1269621e-08,0,5.4299835e-07,0
94256327,43,1,0,0.043075338,0,0.07115714,0
94256388,43,1,0,0.0010409555,0,0.0037718553,0
94256550,43,3,0,3.4740206e-05,0,3.48796e-07,0
94256551,43,3,0,0.00011866378,0,2.2547588e-06,0
94256552,43,3,0,5.3396994e-05,0,2.7588933e-06,0
94256553,43,3,0,1.3382606e-06,0,5.052371e-08,0
94256556,43,1,0,0.005358239,0,0.0075396663,0
94256557,43,3,0,0.0003425007,0,1.945232e-06,0
94256559,43,1,0,0.001487691,0,0.03862689,0
94256600,43,1,0,3.5395135e-21,0,1.9415157e-08,0
94256605,43,3,0,2.9410357e-08,0,7.750485e-09,0
94256610,43,3,0,1.0469608e-06,0,3.0612803e-08,0
94256617,43,1,0,0.0009767709,0,0.017792528,0
94256623,43,1,0,0.043247253,0,0.21148369,0
94256627,43,1,0,0.11186049,0,0.13149752,0
94256632,43,1,0,0.007794135,0,0.06064877,0
94256635,43,1,0,0.0071867513,0,0.117274925,0
94256636,43,3,0,0.0012323938,0,0.0023582198,0
94256642,43,1,0,0.0030251907,0,0.0027482728,0
94256646,43,1,0,0.0008685315,0,0.007631553,0
94256654,43,2,0,0.050908152,0,8.175084e-05,0
94256655,43,8,0,7.8917e-14,0,1.4483817e-08,0
94256657,43,3,0,2.4890987e-05,0,8.603881e-07,0
94256658,43,1,0,0.010390182,0,0.04745123,0
94258780,43,1,0,3.8676336e-07,0,5.115534e-06,0
94260854,43,1,0,3.0967833e-14,0,6.1199887e-07,0
94261335,43,2,0,0.0002760542,0,0.008417334,0
94261699,43,1,0,1.6874463e-06,0,0.00018275026,0
94264510,43,2,0,4.1204805e-30,0,5.2810814e-23,0
94265792,43,2,0,0.0,0,7.839439e-35,0
94266065,43,2,0,0.0,0,0.0,0
94266583,43,3,0,4.7923117e-05,0,0.018701945,0
94267139,43,25,0,0.0,0,1.6842456e-35,0
94267362,43,30,0,0.0,0,0.0,0
94268582,43,4,0,0.48152918,0,0.020597413,0
94268795,43,2,0,2.161992e-06,0,6.0185425e-06,0
94269040,43,2,0,1.4985682e-12,0,1.8330262e-08,0
94269447,43,3,0,0.028586235,0,0.008386446,0
94269451,43,2,0,0.022638034,0,0.014853244,0
94269750,43,3,0,0.00674877,0,0.43666294,0
94269812,43,2,0,5.0084452e-08,0,9.288065e-06,0
94269837,43,3,0,0.06826057,0,0.2645336,0
94270129,43,2,0,0.0011853876,0,0.0011387521,0
94270318,43,3,0,2.3360161e-07,0,0.0036896334,0
94270524,43,2,0,1.1538595e-05,0,0.0003642805,0
94270858,43,2,0,0.480729,0,0.88087374,1
94270859,43,2,0,2.14242e-08,0,1.4674703e-05,0
94271180,43,2,0,0.0031909568,0,0.00013713204,0
94271458,43,3,0,0.16673107,0,0.12768891,0
94271461,43,2,0,0.0063678958,0,0.029426612,0
94272060,43,1,0,0.03527957,0,0.05793719,0
94273108,43,2,0,0.00087462395,0,0.64385414,0
94273170,43,2,0,1.1022411e-11,0,6.300217e-05,0
94274509,43,1,0,8.9029796e-05,0,0.0005084516,0
94274783,43,3,0,0.051794942,0,0.55370545,0
94275195,43,3,0,0.0058385436,0,0.22078156,0
94275579,43,3,0,0.0031775062,0,0.000432589,0
94275584,43,1,0,1.0981846e-15,0,3.7151426e-13,0
94275585,43,1,0,0.034756638,0,0.2285009,0
94275586,43,3,0,0.00014707976,0,0.0018907909,0
94275589,43,4,0,0.00022602454,0,0.0007001981,0
94276389,43,3,0,0.00021757907,0,0.00042956191,0
94276525,43,1,0,0.00092763285,0,0.036355924,0
94276942,43,3,0,0.0029427607,0,0.0049608424,0
94276951,43,4,0,2.1704249e-05,0,0.00038143405,0
94276956,43,5,0,0.007678174,0,0.01527744,0
94280363,43,5,0,0.0008641704,0,0.0047748056,0
94281312,43,2,0,3.8439608e-05,0,2.241086e-06,0
94281315,43,2,0,8.531354e-06,0,4.1615667e-08,0
94281640,43,4,0,4.3020896e-11,0,8.6799594e-07,0
94281647,43,2,0,7.315823e-08,0,1.9491006e-07,0
94281648,43,2,0,0.2467625,0,0.06784015,0
94282163,43,3,0,0.041221365,0,0.00517831,0
94282190,43,3,0,0.33526012,0,0.022064384,0
94282207,43,3,0,0.009538956,0,5.8523136e-05,0
94282211,43,4,0,0.0011685415,0,0.00020980545,0
94282402,43,4,0,0.003428421,0,0.0032009876,0
94282405,43,4,0,0.07595091,0,0.5780841,0
94282408,43,2,0,0.46335328,0,0.82215106,0
94282416,43,3,0,3.959423e-06,0,3.1417864e-07,0
94282453,43,3,0,0.0005353081,0,9.529607e-05,0
94282454,43,3,0,0.29750383,0,0.0039646137,0
94282616,43,3,0,0.021765983,0,0.028408896,0
94282690,43,3,0,0.0008650619,0,7.040953e-06,0
94282691,43,4,0,4.915735e-05,0,8.120309e-06,0
94282700,43,4,0,0.3809714,0,0.016203122,0
94282887,43,4,0,6.854193e-06,0,1.6300977e-07,0
94282888,43,3,0,0.00023930825,0,2.8601678e-06,0
94282895,43,2,0,3.6463654e-09,0,9.778563e-13,0
94282897,43,4,0,0.0003474021,0,0.0073754718,0
94282898,43,2,0,2.8829143e-05,0,0.0004596414,0
94282906,43,3,0,4.402868e-05,0,4.550898e-06,0
94282907,43,3,0,0.0002881168,0,9.4315095e-05,0
94283253,43,9,0,0.052181404,0,0.101657465,0
94283255,43,3,0,3.8018455e-09,0,2.4154423e-10,0
94283257,43,4,0,0.40076348,0,0.08090774,0
94283258,43,4,0,0.021417888,0,0.09298887,0
94283260,43,3,0,0.0003541165,0,0.0005332238,0
94283264,43,7,0,0.012482315,0,0.0016166391,0
94283265,43,2,0,7.679819e-05,0,9.399825e-06,0
94283280,43,2,0,0.00015703445,0,6.9279477e-06,0
94283843,43,3,0,5.3158758e-05,0,1.130771e-06,0
94284114,43,9,0,0.06955793,0,0.0051732743,0
94284118,43,3,0,0.0008116095,0,1.9573004e-07,0
94284143,43,4,0,0.00068612496,0,1.4253266e-05,0
94284156,43,2,0,0.00028706092,0,1.0000723e-06,0
94284172,43,4,0,3.391859e-05,0,6.962655e-07,0
94284179,43,2,0,8.977208e-05,0,1.8144704e-06,0
94284366,43,11,0,0.010727842,0,0.035093505,0
94284374,43,13,0,0.00018521726,0,0.00089747657,0
94284375,43,3,0,2.6524606e-06,0,5.7049414e-07,0
94284377,43,3,0,0.7930539,1,0.14328541,0
94284378,43,5,0,0.00859277,0,0.0014911444,0
94284380,43,3,0,0.0004506954,0,0.00018010063,0
94284382,43,2,0,9.5691554e-05,0,2.9639612e-06,0
94284728,43,26,0,0.021797275,0,0.022562273,0
94284729,43,3,0,0.058936443,0,0.0023589088,0
94284732,43,4,0,0.008259848,0,0.003277212,0
94284736,43,3,0,0.011541372,0,8.676161e-07,0
94284738,43,3,0,0.0015732177,0,1.861963e-05,0
94284744,43,5,0,0.04077819,0,0.004350188,0
94284745,43,3,0,0.0006426218,0,4.9245373e-05,0
94284748,43,3,0,0.0035832073,0,0.0027867204,0
94284749,43,3,0,1.5669248e-07,0,2.7851115e-08,0
94284753,43,4,0,8.9817986e-05,0,3.8553006e-07,0
94284757,43,3,0,4.5883815e-05,0,1.4292712e-05,0
94284768,43,2,0,0.00012960723,0,3.4682307e-07,0
94284782,43,2,0,0.0020446018,0,1.5451627e-05,0
94285093,43,2,0,1.1821011e-05,0,9.346178e-07,0
94285364,43,3,0,0.014023939,0,6.192081e-05,0
94285380,43,3,0,0.025575018,0,0.30592477,0
94285381,43,5,0,0.06915029,0,0.06969985,0
94285385,43,4,0,5.887102e-07,0,4.8435348e-05,0
94285389,43,2,0,1.5794883e-07,0,6.661536e-09,0
94285395,43,3,0,0.06489179,0,0.00081772235,0
94285398,43,3,0,0.0007807342,0,1.2562744e-05,0
94285411,43,4,0,0.0004015762,0,3.1137909e-06,0
94285973,43,4,0,1.876327e-06,0,4.0705793e-08,0
94286057,43,3,0,0.00039817663,0,8.901387e-07,0
94286214,43,5,0,0.0007513339,0,0.00042416732,0
94286461,43,3,0,0.0001753875,0,0.0001030397,0
94286464,43,5,0,0.005219155,0,0.01000739,0
94286465,43,3,0,0.0056431578,0,3.124467e-05,0
94286468,43,3,0,2.9777712e-07,0,1.5674523e-06,0
94286781,43,2,0,0.00031151445,0,1.4229065e-05,0
94286792,43,16,0,0.007868829,0,0.008548427,0
94286797,43,3,0,1.4208818e-05,0,7.268849e-06,0
94286800,43,1,0,0.066393964,0,0.1443327,0
94286801,43,4,0,2.9082139e-05,0,1.1719244e-06,0
94287105,43,2,0,0.00013823695,0,9.770616e-06,0
94288267,43,13,0,0.0008858867,0,0.0039247726,0
94288270,43,2,0,9.4359597e-11,0,6.664694e-11,0
94288272,43,2,0,2.7173982e-13,0,2.7633516e-13,0
94288274,43,3,0,0.087317355,0,8.463047e-05,0
94288275,43,3,0,0.6123922,0,0.9333888,1
94288276,43,2,0,0.0020643813,0,9.933888e-05,0
94288934,43,8,0,0.088744335,0,0.012467759,0
94288940,43,4,0,1.0106842e-05,0,1.3086335e-05,0
94288947,43,3,0,0.00012266569,0,8.6787344e-07,0
94289205,43,3,0,0.0001683425,0,1.5799283e-06,0
94289527,43,2,0,6.185193e-05,0,4.2583875e-07,0
94290267,43,10,0,0.010185197,0,0.03357171,0
94290690,43,3,0,0.0012226601,0,3.3123897e-07,0
94290692,43,3,0,6.340017e-08,0,4.69018e-06,0
94290693,43,3,0,2.2248156e-05,0,5.4537086e-06,0
94290694,43,2,0,1.8356949e-09,0,1.6113655e-10,0
94290695,43,3,0,0.03023997,0,0.001394237,0
94291798,43,1,0,0.0001066176,0,7.141153e-07,0
94291809,43,3,0,7.265259e-06,0,5.977604e-07,0
94292225,43,5,0,0.38069108,0,0.18371987,0
94292239,43,3,0,0.14851591,0,0.005824453,0
94295641,43,4,0,3.1470296e-05,0,4.924378e-07,0
94295667,43,1,0,0.0030968515,0,0.03773853,0
94295934,43,1,0,5.7323214e-05,0,2.313674e-05,0
94295941,43,2,0,0.00023001495,0,3.4427444e-07,0
94296220,43,2,0,0.003470611,0,5.7144476e-05,0
94296230,43,2,0,6.9710077e-10,0,8.788227e-10,0
94296240,43,4,0,0.0007356387,0,2.3820676e-05,0
94296244,43,3,0,0.030992487,0,0.010091754,0
94296267,43,6,0,0.025364928,0,0.036647458,0
94296275,43,3,0,0.40054718,0,0.031127244,0
94296278,43,3,0,3.9550046e-05,0,3.760882e-05,0
94296299,43,2,0,4.9507846e-12,0,3.9549673e-13,0
94296304,43,3,0,0.00036299368,0,4.3931705e-06,0
94296314,43,3,0,0.15557067,0,0.022927165,0
94296317,43,4,0,0.0010936304,0,0.029396696,0
94296491,43,3,0,0.09565699,0,0.008701314,0
94296492,43,3,0,0.00016208722,0,8.484105e-05,0
94296577,43,2,0,1.7719105e-10,0,1.31987685e-11,0
94296584,43,3,0,0.004026775,0,0.0012803802,0
94296751,43,2,0,0.4625658,0,0.002739326,0
94296758,43,3,0,2.4649313e-05,0,3.274548e-08,0
94296759,43,3,0,0.013359315,0,0.034247678,0
94296760,43,3,0,0.0062532215,0,0.017706376,0
94296767,43,4,0,0.024914125,0,0.0067707608,0
94296781,43,3,0,0.00143075,0,6.397295e-05,0
94296853,43,4,0,1.6828415e-05,0,7.767663e-06,0
94296854,43,3,0,0.012915282,0,0.0017872695,0
94297036,43,1,0,8.795445e-27,0,8.0264165e-20,0
94297042,43,4,0,0.00066921907,0,0.00074840436,0
94297166,43,2,0,0.0033231827,0,0.14061621,0
94297171,43,3,0,1.6856635e-05,0,0.0008288014,0
94297505,43,4,0,0.001168792,0,0.009118521,0
94297712,43,2,0,7.472635e-05,0,2.8892025e-06,0
94298024,43,3,0,0.0002890137,0,1.5967906e-06,0
94298331,43,3,0,0.00016796075,0,3.0112687e-05,0
94299343,43,4,0,0.00020309092,0,7.963085e-05,0
94299368,43,4,0,0.00033454256,0,2.9489636e-05,0
94299379,43,2,0,0.0030290373,0,2.2428314e-05,0
94299388,43,1,0,0.0014121049,0,1.7722117e-06,0
94299929,43,2,0,0.0004818856,0,5.673452e-05,0
94300504,43,3,0,9.626567e-05,0,8.86682e-06,0
94300901,43,5,0,0.032379102,0,0.0039396877,0
94300935,43,3,0,0.00018781856,0,5.601641e-06,0
94300947,43,2,0,8.960411e-05,0,1.8191641e-06,0
94300960,43,3,0,0.08698523,0,0.0049429666,0
94301568,43,2,0,0.0052774074,0,0.00010025636,0
94301671,43,2,0,0.0011339227,0,6.460416e-05,0
94301800,43,1,0,2.819326e-06,0,5.6872326e-05,0
94301805,43,2,0,0.0007504059,0,0.00012495588,0
94301809,43,4,0,0.17777085,0,0.0059844954,0
94301930,43,4,0,0.000119314376,0,1.2655298e-05,0
94302230,43,19,0,0.022166377,0,0.2818362,0
94302232,43,8,0,0.00056579505,0,0.0027784135,0
94302233,43,1,0,1.8760927e-06,0,0.0022980375,0
94302234,43,2,0,9.211514e-13,0,9.184905e-12,0
94302235,43,3,0,1.9866006e-10,0,1.3452417e-11,0
94302237,43,4,0,2.663669e-10,0,1.9300901e-10,0
94302240,43,21,0,0.0071204244,0,0.04061258,0
94302241,43,3,0,6.395252e-05,0,1.9829493e-08,0
94302243,43,2,0,2.575097e-10,0,4.80161e-10,0
94302380,43,3,0,0.61909384,0,0.0049228426,0
94302383,43,2,0,0.004091189,0,7.154567e-05,0
94302390,43,2,0,0.0036671718,0,1.0131363e-05,0
94302400,43,2,0,0.00022665101,0,8.165623e-07,0
94302401,43,2,0,3.834328e-05,0,2.957355e-07,0
94302405,43,3,0,0.00013422417,0,0.00046224231,0
94302734,43,4,0,8.6061686e-05,0,0.00012062824,0
94302747,43,3,0,0.0014304563,0,5.6189685e-05,0
94302750,43,4,0,0.008710203,0,0.14451428,0
94302751,43,2,0,0.04386529,0,0.006057956,0
94302754,43,3,0,0.035909448,0,0.049092364,0
94302779,43,3,0,0.068676375,0,0.34936202,0
94302783,43,1,0,0.10348929,0,0.089730084,0
94302784,43,4,0,0.059377506,0,0.21229275,0
94302788,43,3,0,0.009751376,0,0.0004608727,0
94302793,43,3,0,2.5606114e-05,0,1.3396594e-08,0
94303089,43,3,0,0.009027874,0,0.005896433,0
94303106,43,4,0,0.0017474788,0,3.9439426e-05,0
94303115,43,3,0,0.020410096,0,0.0029290803,0
94303119,43,4,0,0.022480402,0,0.008041513,0
94303123,43,1,0,9.704231e-19,0,2.1529048e-07,0
94303130,43,3,0,0.0017949211,0,0.003353528,0
94303462,43,3,0,0.0031100104,0,0.0006050066,0
94306036,43,1,0,0.02549315,0,0.1471678,0
94307473,43,3,0,0.000105543026,0,0.006499905,0
94311363,43,1,0,0.00015528355,0,0.00012633247,0
94311945,43,1,0,7.4411965e-09,0,2.5891468e-05,0
94312679,43,1,0,2.160444e-14,0,3.8486623e-06,0
94312926,43,1,0,9.849091e-17,0,2.308513e-06,0
94312930,43,1,0,0.07614829,0,0.18245424,0
94313554,43,1,0,3.2055718e-22,0,4.2160924e-09,0
94313794,43,1,0,0.36577976,0,0.70771796,0
94313965,43,1,0,7.3275625e-13,0,0.0009890515,0
94314218,43,1,0,0.0031423818,0,0.0035562532,0
94314224,43,1,0,0.006261198,0,0.04059419,0
94314789,43,3,0,0.018063968,0,0.00014478035,0
94314792,43,1,0,0.005590972,0,0.055369332,0
94314799,43,1,0,0.0017528413,0,0.17884403,0
94316199,43,1,0,1.3109568e-05,0,0.003518866,0
94316203,43,1,0,0.013678943,0,0.23769353,0
94317624,43,1,0,0.0001897914,0,0.0023753392,0
94318047,43,1,0,0.00072221155,0,0.0074982927,0
94318731,43,1,0,3.597544e-07,0,6.0727212e-05,0
94319918,43,2,0,0.00059136277,0,0.008620229,0
94320505,43,1,0,0.00053935364,0,0.0007664695,0
94321025,43,1,0,6.748224e-05,0,0.00096251426,0
94321026,43,4,0,0.00013714655,0,0.0043706927,0
94322583,43,1,0,0.006059193,0,0.02312745,0
94322870,43,4,0,0.010415778,0,0.023788797,0
94322882,43,2,0,0.022184284,0,0.042542275,0
94322886,43,4,0,0.004785074,0,0.01810044,0
94322889,43,2,0,7.805497e-05,0,0.0044622775,0
94322890,43,2,0,1.2811677e-08,0,1.6628381e-07,0
94325110,43,3,0,0.00011801246,0,0.0007514263,0
94325168,43,1,0,0.001513068,0,0.0030821096,0
94327304,43,3,0,0.00038176967,0,0.012545736,0
94327952,43,1,0,0.016326904,0,0.21620423,0
94333210,43,26,0,1.10647925e-07,0,6.755301e-07,0
94333339,43,2,0,1.4975349e-22,0,8.206219e-08,0
94333342,43,2,0,0.00355451,0,0.065770134,0
94333343,43,2,0,0.00582113,0,0.07957376,0
94333591,43,4,0,9.712728e-08,0,2.1673945e-05,0
94336035,43,2,1,0.49015042,0,0.037515752,0
94336306,43,2,1,6.4200416e-05,0,4.4840367e-06,0
94336308,43,2,1,0.00019938473,0,0.0011715066,0
94336448,43,1,0,0.003067646,0,0.014565451,0
94336461,43,2,0,0.42406547,0,0.51784784,0
94337633,43,1,1,0.12564602,0,0.6599892,0
94338514,43,2,0,0.001371656,0,0.0040263697,0
94338645,43,1,0,0.096503936,0,0.13393535,0
94339989,43,2,0,6.504621e-06,0,9.0585576e-07,0
94340195,43,2,0,0.00027165868,0,0.004016738,0
94340892,43,2,0,0.3428773,0,0.00093990896,0
94340900,43,3,0,6.0003287e-05,0,0.0004595941,0
94340906,43,4,1,0.06846566,0,0.11746087,0
94340970,43,1,0,6.3851236e-05,0,0.00077667297,0
94341464,43,2,1,0.0004970882,0,0.0044343253,0
94341503,43,1,1,0.0006473236,0,0.005566704,0
94352484,43,1,0,0.005237545,0,0.028409159,0
94352497,43,2,0,9.481494e-05,0,0.00015427686,0
94353890,43,1,0,0.0031940662,0,0.017623574,0
94360288,43,6,0,0.0005876211,0,0.007834896,0
94360375,43,1,0,1.7661292e-05,0,0.0033502385,0
94360376,43,4,0,5.4331627e-05,0,0.00044090374,0
94360384,43,21,0,3.4219727e-06,0,5.6018653e-06,0
94360388,43,1,0,0.012795512,0,0.06992495,0
94360794,43,1,0,0.00015118517,0,0.00064595294,0
94362297,43,1,0,8.004738e-06,0,0.0008736378,0
94362345,43,1,0,3.1816498e-08,0,0.0002717299,0
94362824,43,1,0,1.7436922e-20,0,5.9106167e-08,0
94366286,43,4,0,0.00017426064,0,3.8261774e-06,0
94367111,43,3,0,0.05875754,0,0.043383528,0
94369573,43,4,0,0.00046269552,0,0.0006377681,0
94369736,43,1,0,5.1272617e-21,0,1.1303159e-12,0
94369751,43,1,0,0.027959613,0,0.12300736,0
94369754,43,1,0,3.3128517e-11,0,2.6290299e-09,0
94369759,43,2,0,0.016898546,0,0.037797216,0
94369781,43,1,0,0.03154466,0,0.11631674,0
94371981,43,3,0,0.0716901,0,0.1036594,0
94372364,43,4,0,0.0017971906,0,0.00090268016,0
94375195,43,2,0,7.685751e-07,0,1.3858342e-05,0
94379983,43,1,0,0.00041283335,0,0.0022017132,0
94381801,43,2,0,1.7335985e-08,0,1.6086531e-07,0
94382517,43,1,0,1.5662494e-06,0,1.4889384e-08,0
94384396,43,1,0,4.575698e-12,0,0.00013108877,0
94384614,43,1,0,4.0638456e-12,0,0.0008580715,0
94522171,43,1,0,0.0337483,0,0.014900743,0
94525461,43,3,0,0.0035016825,0,0.011532313,0
94532741,43,1,0,0.0010012668,0,0.011880766,0
94532744,43,3,0,0.032270726,0,0.17572923,0
94533523,43,3,0,0.0011235955,0,0.005683217,0
94534184,43,2,0,0.00023005925,0,5.563729e-06,0
94535593,43,1,0,3.796384e-23,0,2.2537275e-08,0
94547034,43,2,0,0.0010921874,0,2.1732767e-05,0
94549932,43,3,0,0.00020290723,0,4.8583815e-06,0
94551364,43,2,0,0.0055792457,0,0.013762234,0
94551837,43,2,0,4.522877e-07,0,2.793164e-07,0
94552774,43,2,0,6.3444503e-07,0,1.6736295e-06,0
94554289,43,2,0,0.030078905,0,0.002839596,0
94554775,43,1,0,0.008529539,0,0.44409707,0
94555238,43,3,0,0.014223361,0,0.004785894,0
94555249,43,3,0,0.3038874,0,0.2296633,0
94555254,43,3,0,0.012729628,0,0.5442285,0
94555665,43,3,0,0.0027636597,0,0.0024169614,0
94557511,43,3,0,0.017040651,0,7.023016e-36,0
94557892,43,2,0,0.0072164196,0,0.03467217,0
94558090,43,4,0,0.017824646,0,0.03129532,0
94558123,43,1,0,0.010136558,0,0.013842231,0
94562923,43,2,0,0.5672618,0,0.32584447,0
94563333,43,2,0,0.020534521,0,0.012233172,0
94574594,43,1,0,0.00011718041,0,5.045902e-05,0
94574595,43,2,0,4.168803e-20,0,1.678189e-08,0
94574599,43,1,0,3.3082724e-05,0,0.00070103776,0
94574601,43,1,0,7.774223e-05,0,0.0008884493,0
94574609,43,1,0,5.099134e-06,0,6.926898e-05,0
94574802,43,1,0,0.0025186506,0,0.005335636,0
94574810,43,1,0,7.180596e-22,0,7.793162e-09,0
94574811,43,1,0,5.379309e-05,0,0.00067751086,0
94574819,43,2,0,4.29424e-06,0,0.00011020101,0
94574820,43,3,0,3.262476e-17,0,3.639831e-18,0
94574824,43,2,0,9.936865e-06,0,3.0698754e-06,0
94574827,43,2,0,0.0009564433,0,0.009326132,0
94574829,43,1,0,9.413324e-05,0,9.0194135e-06,0
94576816,43,1,0,1.9296596e-10,0,3.3026108e-08,0
94579627,43,2,0,0.0011961744,0,0.008540958,0
94580503,43,3,0,0.30425867,0,0.9998635,1
94581107,43,3,0,1.3212148e-06,0,0.0004076116,0
94581117,43,2,0,0.8878443,1,0.20640358,0
94583001,43,2,0,0.14938577,0,0.031439602,0
94583836,43,2,0,0.0019428974,0,0.004069898,0
94583999,43,2,0,0.008341168,0,0.38208267,0
94584000,43,2,0,0.45124197,0,0.8138022,0
94584149,43,3,0,0.0033136585,0,0.062246814,0
94586501,43,1,0,0.0015941232,0,0.08051872,0
94588060,43,3,0,0.011973586,0,0.049408883,0
94588332,43,2,0,8.661753e-06,0,0.013621777,0
94590220,43,4,0,0.0017819996,0,0.030817898,0
94590557,43,3,0,0.01949322,0,0.00038544228,0
94590638,43,4,0,0.28002635,0,0.42044982,0
94590651,43,2,0,4.6623127e-06,0,0.12859814,0
94590655,43,3,0,0.25280032,0,3.1742447e-33,0
94590670,43,3,0,0.39822915,0,0.9832956,1
94590915,43,3,0,0.018079232,0,2.0647414e-32,0
94590926,43,23,0,0.00013887865,0,0.00026203264,0
94590977,43,49,0,0.00028932717,0,7.2469986e-05,0
94590978,43,4,0,0.040224068,0,0.28376496,0
94591102,43,4,0,0.28952974,0,0.07184708,0
94591117,43,5,0,1.0004328e-05,0,9.879692e-05,0
94591818,43,4,0,0.0919613,0,0.45741406,0
94591834,43,1,0,0.0035778808,0,0.010659795,0
94592663,43,2,0,0.0005498698,0,6.0287544e-05,0
94592906,43,3,0,0.10111369,0,0.043094005,0
94592932,43,3,0,0.010658327,0,0.03878643,0
94592936,43,3,0,0.15907568,0,0.122828946,0
94593149,43,3,0,0.035328694,0,0.2010458,0
94593153,43,3,0,0.23294318,0,0.15171196,0
94593159,43,3,0,0.34265503,0,0.2649356,0
94593391,43,4,0,8.8799774e-05,0,7.412408e-05,0
94593394,43,3,0,0.024689887,0,2.1021013e-33,0
94593939,43,3,0,0.104063116,0,0.2853786,0
94593948,43,3,0,0.11396785,0,0.14078666,0
94594146,43,3,0,0.15402599,0,0.05248913,0
94594604,43,3,0,0.018523447,0,2.1265352e-37,0
94595077,43,4,0,0.00089959084,0,0.0038364017,0
94596056,43,4,0,0.0031475003,0,0.19727862,0
94596465,43,3,0,0.27014503,0,0.54182667,0
94596675,43,3,0,0.21601844,0,0.054236878,0
94596679,43,3,0,0.00867752,0,0.03621708,0
94596868,43,3,0,0.6410231,0,0.6380012,0
94597302,43,1,0,3.2370056e-06,0,9.299133e-05,0
94597549,43,3,0,0.0006809303,0,1.243189e-34,0
94599580,43,1,0,0.0063282233,0,0.24255939,0
94599773,43,1,0,0.26492375,0,0.7390874,0
94600269,43,2,0,0.0062900777,0,0.003819765,0
94608891,43,1,0,0.26302895,0,0.16371572,0
94609115,43,1,0,0.00010301848,0,0.0010491123,0
94609611,43,1,0,0.0065134335,0,0.02688676,0
94611184,43,1,0,0.0009105037,0,0.02193401,0
94611187,43,1,0,0.0003349718,0,0.0137947425,0
94613058,43,1,0,6.4436805e-05,0,0.0001517033,0
94618821,43,4,0,1.0440135e-06,0,1.2556659e-05,0
94618829,43,3,0,0.0011410883,0,0.0050939573,0
94623588,43,1,1,0.0029382843,0,0.043820914,0
94625621,43,2,0,7.010241e-08,0,0.00019920952,0
94626460,43,4,1,0.23316117,0,0.06539971,0
94626483,43,2,1,0.071123414,0,0.17226912,0
94636673,43,1,0,0.0001626466,0,0.009273676,0
94639862,43,1,0,0.06774968,0,0.26034284,0
94640777,43,1,0,1.1180661e-12,0,1.03999355e-05,0
94641099,43,1,0,1.3155517e-18,0,7.202003e-08,0
94645488,43,3,0,0.06601064,0,0.008533753,0
94645492,43,3,0,0.022989353,0,0.010654601,0
94645773,43,3,0,0.014924938,0,0.0005720636,0
94645781,43,1,0,2.3563598e-06,0,4.0311115e-05,0
94650084,43,16,0,0.0004966631,0,0.0005906243,0
94652304,43,3,0,6.0688644e-06,0,1.0649475e-07,0
94655204,43,3,0,3.1740313e-07,0,1.20233885e-08,0
94655217,43,1,0,1.6223928e-06,0,0.00017427375,0
94655625,43,1,0,0.13890041,0,0.16441067,0
94662651,43,4,0,3.97645e-09,0,5.379254e-09,0
94819521,43,2,0,5.5651195e-05,0,7.575389e-07,0
94819538,43,2,0,0.00691213,0,0.0017592701,0
94887108,43,2,0,0.012434689,0,0.011309761,0
94887348,43,2,0,1.4131827e-07,0,8.9820945e-10,0
94887682,43,2,0,0.17754963,0,0.02114653,0
94888545,43,2,0,0.0017631139,0,0.0005202519,0
94889310,43,6,0,0.0912713,0,0.14379516,0
94890401,43,6,0,9.319107e-38,0,2.9876425e-33,0
94890405,43,3,0,0.00045325156,0,0.0068847192,0
94891079,43,1,0,2.6638064e-10,0,8.655382e-09,0
94891307,43,1,0,0.0005407033,0,0.004684561,0
94893486,43,1,0,0.0018141381,0,0.0015136206,0
94893501,43,1,0,0.00022800155,0,0.0040168846,0
94906238,43,3,0,0.013853208,0,0.0070230793,0
94906481,43,1,0,0.015082251,0,0.0040485887,0
94906493,43,1,0,0.002058817,0,0.0004474758,0
94907230,43,2,0,0.0031497155,0,8.083533e-05,0
94907237,43,4,0,0.021641169,0,0.00062878884,0
94911539,43,2,0,0.0066301906,0,0.20796393,0
94911603,43,2,0,0.023057839,0,0.038316578,0
94911621,43,3,0,0.012040034,0,0.03631749,0
94912121,43,1,0,0.0620067,0,0.44977695,0
94912336,43,3,0,0.010650647,0,0.005271888,0
94912423,43,2,0,0.0065860455,0,0.050662987,0
94912936,43,2,0,0.23413183,0,0.10056463,0
94913085,43,3,0,0.00039599588,0,0.0014270445,0
94913436,43,1,0,0.18500242,0,0.23357409,0
94913439,43,1,0,0.006474268,0,0.0027121478,0
94914090,43,2,0,0.017454019,0,0.010924306,0
94914102,43,4,0,0.46464387,0,0.1197235,0
94939763,43,1,0,0.0017392418,0,0.042178407,0
94940171,43,11,0,0.0002004199,0,0.00025257654,0
94940323,43,10,0,0.0010537148,0,0.00028564074,0
94940926,43,1,0,0.038799856,0,0.25538403,0
94940927,43,3,1,0.018793099,0,0.0053837374,0
94941140,43,1,0,0.00033406226,0,0.00047953808,0
94941157,43,1,0,0.00071381574,0,0.006527427,0
94941158,43,1,0,1.654911e-20,0,2.464495e-19,0
94952041,43,2,0,0.1500553,0,0.81353104,0
94953856,43,3,0,6.8494944e-07,0,2.6001453e-07,0
94953860,43,2,0,5.0987255e-06,0,0.00067734625,0
94954366,43,3,0,8.892963e-06,0,1.1064281e-05,0
94954369,43,9,0,8.860168e-06,0,0.000120897355,0
94954676,43,1,0,0.0100022275,0,0.013467135,0
94961251,43,5,0,0.00242915,0,0.0046518743,0
94961504,43,4,0,0.00077390723,0,0.0003971546,0
94964017,43,2,0,0.0024617575,0,0.015597141,0
94964022,43,1,0,7.816446e-05,0,0.0024235891,0
94971592,43,2,0,0.0005027743,0,0.0005792641,0
94971615,43,2,0,0.12274895,0,0.033614248,0
94971831,43,2,0,0.0149736265,0,0.02252537,0
94971834,43,2,0,0.38022354,0,0.35485592,0
94974524,43,1,0,2.3293089e-07,0,2.3513952e-08,0
94982592,43,5,0,0.16435267,0,0.0980508,0
94990802,43,2,0,0.12142491,0,0.012217411,0
94991421,43,2,0,2.7178148e-05,0,0.00505779,0
94991713,43,2,0,0.0014527845,0,0.00062698574,0
94992007,43,3,0,0.02563398,0,0.10249071,0
94992011,43,2,0,0.071292356,0,0.013206667,0
94992016,43,2,0,0.4521426,0,0.33894378,0
95000420,43,2,0,0.04857042,0,0.007268311,0
95000609,43,2,0,0.0002605675,0,0.0013893393,0
95001263,43,1,0,0.00792373,0,0.012367104,0
95001492,43,1,0,0.0068518072,0,0.05719891,0
95001501,43,1,0,7.9226574e-08,0,7.008362e-07,0
95002005,43,1,0,8.742517e-06,0,1.18155685e-05,0
95009059,43,29,0,0.0013061982,0,0.0011028438,0
95010521,43,2,0,1.5963164e-05,0,2.0417729e-05,0
95011528,43,5,0,0.04929658,0,0.00064279576,0
95012935,43,3,0,0.08112031,0,0.034662683,0
95012943,43,3,0,7.592467e-05,0,2.9562505e-05,0
95040262,43,3,0,0.12669703,0,0.03387163,0
95040285,43,2,0,4.180241e-05,0,5.5258533e-05,0
95040297,43,2,0,0.00047445545,0,2.3056944e-06,0
95206874,43,2,0,0.0030668627,0,0.02474843,0
95312174,43,1,0,9.5232316e-08,0,2.5837842e-06,0
95329588,43,1,0,0.03267992,0,0.13373712,0
95339081,43,1,0,0.00016403946,0,0.017664509,0
95378175,43,2,0,2.0232294e-05,0,1.5542415e-05,0
95531166,43,2,0,2.1954475e-05,0,3.5796318e-06,0
95531167,43,2,0,2.9185742e-06,0,3.5967574e-08,0
95566581,43,2,0,1.699718e-07,0,1.2744614e-06,0
95582551,43,3,0,0.09103726,0,0.014927146,0
95611894,43,3,0,2.0779285e-05,0,1.2757228e-05,0
95780172,43,3,0,0.0268263,0,0.0011096018,0
96003165,43,2,0,0.0009976712,0,0.0003099739,0
96015851,43,2,0,0.0004319649,0,1.8906965e-05,0
96024656,43,1,0,0.033001825,0,0.03298544,0
96310009,43,2,0,0.0011710688,0,1.3986681e-05,0
97045597,43,2,0,0.00016776788,0,3.566414e-07,0
97737731,43,5,0,0.11441135,0,0.16607383,0
98637214,43,2,0,0.8023089,1,0.19403805,0
98637531,43,3,0,1.3571396e-06,0,1.070178e-06,0
98638702,43,1,0,1.16331426e-20,0,1.8689903e-08,0
98639218,43,2,0,8.0014106e-05,0,1.2753509e-05,0
98639538,43,9,0,0.009318976,0,0.0022369216,0
98643342,43,2,0,0.11951799,0,0.20351608,0
98643368,43,2,0,0.000288757,0,0.0037568822,0
98643640,43,2,0,8.815013e-05,0,1.0652813e-06,0
98645297,43,2,0,0.010386511,0,0.0042685587,0
98646283,43,2,0,0.4179545,0,0.009709375,0
98647549,43,3,0,3.0179252e-09,0,2.7914778e-06,0
98647575,43,2,0,0.00049155764,0,0.00030810563,0
98648145,43,2,0,0.00041752207,0,3.6278434e-05,0
98648192,43,2,0,3.6273832e-05,0,1.8780134e-06,0
98648193,43,2,0,0.0013764395,0,0.00043842467,0
98648209,43,2,0,0.0001476787,0,6.24561e-06,0
98649026,43,3,0,0.026972558,0,0.07645551,0
98649035,43,2,0,2.2657827e-05,0,4.7223378e-07,0
98649036,43,2,0,0.0011348337,0,3.4750356e-06,0
98649295,43,2,0,1.215513e-05,0,8.331013e-07,0
98649307,43,2,0,0.00014612345,0,6.3393068e-06,0
98649353,43,3,0,0.00071106566,0,0.0001424036,0
98649357,43,2,0,1.241344e-06,0,4.326501e-09,0
98649358,43,3,0,0.13459194,0,0.104476206,0
98649366,43,3,0,0.00010977445,0,5.1135194e-06,0
98649367,43,2,0,1.6279615e-06,0,7.029683e-08,0
98649729,43,2,0,0.00015486182,0,1.5545114e-06,0
98649732,43,2,0,0.00013185413,0,4.8807953e-05,0
98649736,43,1,0,2.724713e-07,0,4.747045e-05,0
98649743,43,4,0,0.035981394,0,0.027864309,0
98649752,43,2,0,8.534281e-07,0,2.311234e-08,0
98649753,43,2,0,3.499434e-05,0,3.5586445e-06,0
98649891,43,3,0,8.8739e-05,0,4.4911718e-05,0
98649892,43,2,0,3.4214572e-06,0,1.9327857e-07,0
98649981,43,3,0,0.0013128377,0,0.00013145052,0
98649988,43,2,0,5.017945e-06,0,4.4469684e-07,0
98649993,43,2,0,8.167896e-06,0,8.707095e-07,0
98650151,43,2,0,1.1087582e-05,0,2.16406e-07,0
98650162,43,2,0,2.9177922e-05,0,8.71281e-07,0
98650163,43,2,0,6.7195266e-05,0,1.0823989e-05,0
98650263,43,2,0,1.3556983e-07,0,2.181906e-08,0
98650433,43,2,0,2.0750474e-06,0,2.4604327e-07,0
98650767,43,2,0,6.8861176e-05,0,1.6910308e-06,0
98651116,43,2,0,0.00030193647,0,6.767209e-05,0
98651472,43,2,0,0.0021125197,0,3.1118354e-05,0
98651473,43,2,0,5.3091608e-06,0,6.3660934e-07,0
98651474,43,2,0,0.0013412111,0,3.6244543e-05,0
98651475,43,3,0,2.3990267e-05,0,3.636582e-07,0
98651476,43,3,0,0.00056117325,0,4.8927905e-05,0
98651477,43,1,0,0.00023208682,0,0.0033677695,0
98651479,43,3,0,9.324768e-05,0,3.4676032e-06,0
98651481,43,3,0,2.0596692e-06,0,8.518781e-07,0
98651780,43,3,0,0.00011231868,0,1.0304668e-06,0
98651788,43,2,0,0.00017310072,0,8.668967e-06,0
98652418,43,1,0,0.018364735,0,0.026492441,0
98652420,43,3,0,0.0122407675,0,0.01034424,0
98652723,43,2,0,1.2693191e-05,0,1.3605928e-07,0
98652725,43,3,0,3.7975137e-06,0,9.889438e-08,0
98652728,43,1,0,0.24524485,0,0.2799536,0
98652730,43,2,0,0.002266275,0,1.5754703e-06,0
98652731,43,2,0,0.0063167703,0,3.402284e-05,0
98652740,43,4,0,0.08800084,0,0.013450571,0
98652748,43,3,0,7.4814685e-05,0,6.1984615e-06,0
98652750,43,3,0,0.00034516814,0,4.66033e-06,0
98652751,43,4,0,0.017029913,0,0.0037003448,0
98652752,43,2,0,1.5564114e-05,0,1.0590853e-07,0
98652755,43,2,0,2.9450879e-05,0,8.760579e-06,0
98652880,43,4,0,0.011379032,0,0.00061925733,0
98652897,43,2,0,1.15898e-07,0,1.3736201e-07,0
98652900,43,1,0,1.404411e-06,0,0.00017313326,0
98652906,43,2,0,3.0970237e-05,0,1.32711075e-05,0
98652919,43,2,0,0.0010862522,0,2.5542093e-05,0
98653018,43,2,0,2.3161842e-07,0,6.132472e-09,0
98653019,43,2,0,1.72632e-06,0,1.9338883e-07,0
98653312,43,2,0,6.1401636e-07,0,5.9491055e-07,0
98653614,43,3,0,0.1553856,0,0.01854739,0
98653617,43,3,0,7.23715e-05,0,6.5042236e-06,0
98653910,43,2,0,5.156453e-07,0,1.2573975e-07,0
98654206,43,2,0,0.00011055223,0,9.639483e-07,0
98654342,43,2,0,0.00015797626,0,1.3714603e-05,0
98654348,43,2,0,0.0051781796,0,6.466635e-05,0
98654668,43,2,0,0.00060295605,0,1.0922995e-06,0
98654682,43,2,0,0.00010886544,0,2.1274839e-07,0
98654828,43,2,0,6.2480713e-06,0,9.3132066e-08,0
98654829,43,3,0,0.544734,0,0.019660465,0
98654986,43,2,0,0.0009651295,0,7.8276644e-05,0
98655328,43,3,0,0.000119743265,0,1.0794442e-06,0
98655545,43,2,0,8.928713e-07,0,8.865947e-09,0
98655566,43,2,0,9.304038e-05,0,1.268149e-05,0
98655797,43,2,0,0.00010957993,0,1.3258848e-06,0
98655798,43,2,0,8.607703e-05,0,3.873137e-07,0
98655818,43,3,0,0.02503913,0,0.0034473555,0
98655828,43,3,0,0.00029921727,0,1.927662e-06,0
98655831,43,2,0,1.5730245e-07,0,1.1093764e-07,0
98655869,43,3,0,0.18157925,0,0.048639707,0
98656284,43,2,0,0.0015172883,0,1.19145525e-05,0
98656285,43,2,0,2.778197e-05,0,3.7312407e-07,0
98656512,43,2,0,0.00025015598,0,7.606027e-06,0
98656773,43,2,0,0.00037800297,0,1.24377175e-05,0
98656774,43,3,0,0.42196545,0,0.37225607,0
98656788,43,2,0,1.5345544e-06,0,1.3197831e-08,0
98656894,43,2,0,0.00087237713,0,2.5256454e-06,0
98656898,43,2,0,7.100965e-05,0,1.0402978e-07,0
98657144,43,2,0,0.00013370032,0,3.1320506e-06,0
98657151,43,3,0,3.1590066e-06,0,2.6653393e-07,0
98657161,43,2,0,0.0019399223,0,5.8156733e-05,0
98658080,43,19,0,8.083718e-14,0,4.7489657e-10,0
98658517,43,7,0,0.04317221,0,0.058991425,0
98658846,43,2,0,0.0004950542,0,5.829329e-06,0
98659414,43,2,0,1.1332659e-06,0,4.4760498e-08,0
98659418,43,5,0,0.057884954,0,0.0010719866,0
98659423,43,4,0,0.052282296,0,0.061764613,0
98659506,43,4,0,0.00012258501,0,4.8718855e-05,0
98659657,43,2,0,0.0014467135,0,3.2559751e-06,0
98659659,43,2,0,0.00022970985,0,3.2757994e-06,0
98660029,43,2,0,0.0003815681,0,7.5830576e-07,0
98660034,43,3,0,0.00012038292,0,6.958499e-07,0
98660055,43,1,0,0.050296284,0,0.04976493,0
98660198,43,2,0,3.4509467e-05,0,5.706101e-06,0
98660822,43,2,0,0.0004143714,0,2.6064368e-05,0
98660823,43,2,0,4.319648e-05,0,1.3403567e-06,0
98660984,43,2,0,1.4777672e-05,0,4.772616e-07,0
98661120,43,3,0,0.0002227024,0,3.9367995e-05,0
98661124,43,2,0,2.4297482e-05,0,6.750091e-07,0
98661480,43,2,0,1.0917541e-05,0,4.4579917e-07,0
98661481,43,2,0,0.00020677272,0,7.649564e-06,0
98661495,43,1,0,0.5484018,0,0.70253366,0
98662025,43,3,0,0.0005323927,0,2.7661947e-05,0
98662083,43,2,0,0.0002456731,0,4.494415e-05,0
98662085,43,2,0,0.0016492703,0,8.770299e-05,0
98662742,43,2,0,0.00033259223,0,2.1873495e-06,0
98663193,43,4,0,0.10576085,0,0.06951931,0
98663300,43,2,0,0.00032203775,0,4.105083e-05,0
98663302,43,2,0,0.0012910978,0,4.0012834e-05,0
98663455,43,3,0,0.00017323201,0,1.03200855e-05,0
98663543,43,2,0,2.1610771e-05,0,3.2126405e-07,0
98663647,43,2,0,0.00056828413,0,1.2266339e-05,0
98663817,43,2,0,2.1767649e-07,0,4.565061e-09,0
98663961,43,2,0,0.00014537174,0,1.7888593e-06,0
98663964,43,1,0,1.5635318e-11,0,1.6986203e-10,0
98664194,43,2,0,2.3282624e-05,0,6.072664e-07,0
98664317,43,2,0,8.9695595e-06,0,4.403521e-07,0
98664666,43,2,0,0.04791569,0,0.041284103,0
98688026,43,2,0,0.04314517,0,0.005349654,0
98785176,43,1,0,0.21009172,0,0.69859236,0
99098561,43,17,0,0.0005401794,0,0.003010581,0
99108938,43,1,0,0.0032500408,0,0.06788608,0
99109668,43,1,0,0.02247696,0,0.62446684,0
99118726,43,3,0,6.002994e-09,0,6.7867295e-10,0
99146992,43,1,0,6.475324e-07,0,3.4950183e-08,0
99147023,43,1,0,1.9654837e-07,0,0.02867526,0
99147036,43,2,0,3.3089003e-05,0,0.00037400716,0
99147040,43,1,0,0.0003483727,0,7.393157e-05,0
99254983,43,3,0,0.0015927531,0,0.011321335,0
99261277,43,3,0,0.068319805,0,0.0018108626,0
99261293,43,3,0,0.13426574,0,0.40052184,0
99261445,43,9,0,0.00052493147,0,0.0023677927,0
99261455,43,9,0,0.12419267,0,0.06756827,0
99262806,43,2,0,0.000601776,0,0.008385511,0
99262859,43,3,0,0.43922174,0,0.0300035,0
99262894,43,3,0,0.008427843,0,0.011969396,0
99262903,43,4,0,0.17459269,0,0.01109927,0
99262904,43,4,0,0.7158833,1,0.4412674,0
99262930,43,3,0,0.033002187,0,0.056206543,0
99262938,43,5,0,0.0137083735,0,0.004232383,0
99262941,43,3,0,0.002111596,0,0.0031948828,0
99262958,43,2,0,0.00025117648,0,0.00079492014,0
99273045,43,1,0,1.1153837e-17,0,1.0543367e-11,0
99279947,43,1,0,7.7574157e-07,0,0.19322444,0
99313535,43,4,0,0.0004949463,0,8.063082e-06,0
99554925,43,2,0,0.22281806,0,0.012817413,0
107412752,43,8,0,0.006850354,0,0.02253878,0
1050841,44,11,0,8.365895e-25,0,1.3377748e-23,0
1052068,44,12,0,1.6129884e-22,0,5.142467e-08,0
1054055,44,5,0,2.1281222e-14,0,8.556539e-08,0
2346844,44,5,0,2.4305009e-27,0,8.393767e-18,0
2346845,44,2,0,5.218159e-09,0,8.2455794e-05,0
3623302,44,1,0,4.0367772e-07,0,1.507225e-16,0
7292993,44,2,0,0.0621938,0,0.18465078,0
7962124,44,6,0,9.121962e-09,0,0.0006683316,0
12607017,44,13,0,0.05839286,0,0.07820879,0
14323677,44,3,0,5.98123e-05,0,0.0011298093,0
15106066,44,3,0,0.86766106,1,0.60429955,0
16811974,44,9,0,6.914689e-21,0,3.914423e-11,0
17500202,44,29,0,1.0193265e-15,0,1.385721e-07,0
21494739,44,10,0,9.310646e-09,0,7.244379e-05,0
21811538,44,1,0,0.0014932473,0,0.054256663,0
21852040,44,2,0,0.017517507,0,0.016460152,0
23229087,44,2,0,0.33127937,0,0.16345312,0
23477159,44,12,0,1.7779211e-12,0,1.7505667e-09,0
23477169,44,11,0,7.448476e-14,0,2.923693e-11,0
23592023,44,2,0,4.7373876e-28,0,5.2663566e-15,0
26424364,44,2,0,0.041238613,0,0.48369482,0
28468985,44,10,0,7.378323e-38,0,0.0,0
30836183,44,2,0,0.01729447,0,0.19168293,0
31086091,44,5,0,1.0657116e-07,0,0.00013789033,0
32168716,44,6,0,4.0042756e-09,0,1.5376028e-05,0
32476507,44,6,0,8.553062e-16,0,1.1827869e-07,0
33353684,44,2,0,0.01297634,0,0.17409724,0
36381365,44,3,0,2.9836544e-06,0,0.0029915203,0
37263284,44,10,0,2.6253963e-17,0,1.0201543e-09,0
37291743,44,7,0,2.7803472e-14,0,5.928533e-09,0
37548797,44,2,0,0.0020718854,0,0.0005251041,0
37655657,44,8,0,1.7831937e-25,0,4.0391515e-14,0
37962202,44,2,0,7.194583e-05,0,1.0180322e-05,0
38342253,44,1,0,8.893292e-07,0,0.00014917167,0
39165300,44,2,0,7.891664e-08,0,3.370712e-05,0
39292646,44,1,0,0.115135565,0,0.5409691,0
39801485,44,3,0,9.17059e-26,0,1.1420196e-13,0
39957418,44,5,0,2.215057e-12,0,1.7227727e-05,0
40505604,44,1,0,0.008593115,0,0.00017163403,0
41642834,44,2,0,4.3153613e-30,0,1.1476784e-15,0
41927883,44,12,0,1.1056829e-09,0,3.4694982e-05,0
46893559,44,4,0,1.6721219e-07,0,5.0860516e-10,0
49177809,44,2,0,0.2933964,0,0.8658951,1
50495320,44,2,0,0.016774971,0,6.9309617e-06,0
50510807,44,4,0,8.971791e-05,0,0.0011568762,0
50510808,44,13,0,1.2054616e-12,0,7.865531e-08,0
51674926,44,2,0,2.3408549e-32,0,2.0649552e-16,0
52787341,44,13,0,0.002923433,0,0.0037972433,0
52793909,44,4,0,4.8029888e-06,0,0.000907787,0
53353907,44,2,0,0.03016723,0,0.07873146,0
53424985,44,2,0,0.026599977,0,0.0041413913,0
53797073,44,1,0,5.9455607e-07,0,5.881241e-09,0
55000576,44,1,0,6.813116e-08,0,7.1199097e-10,0
55049307,44,2,0,1.8107012e-33,0,1.6296796e-24,0
56542767,44,6,0,7.836137e-08,0,0.0012934295,0
58091074,44,2,0,0.02174308,0,0.06392195,0
60954387,44,8,0,2.726794e-14,0,2.2229962e-09,0
61031389,44,2,0,0.0035510748,0,0.022124154,0
63691475,44,4,0,8.9447476e-38,0,0.0,0
67341780,44,1,0,0.001131524,0,2.301474e-06,0
67341782,44,1,0,0.6026053,0,0.7468396,0
68254937,44,1,0,0.02343687,0,0.09604665,0
68382061,44,3,0,0.1194564,0,0.21122648,0
68595814,44,2,0,0.008593529,0,0.013636375,0
68907229,44,2,0,0.06462548,0,0.003662083,0
69492493,44,2,0,0.6216176,0,0.24161085,0
72351285,44,2,0,2.7553211e-05,0,2.82584e-05,0
75764180,44,6,0,2.4689277e-26,0,9.807403e-24,0
76509860,44,6,0,5.660216e-10,0,9.518848e-06,0
78837451,44,6,0,3.0286667e-06,0,2.2855706e-05,0
80514799,44,1,0,0.0239881,0,0.0039708912,0
80520189,44,1,0,0.12289828,0,0.5166878,0
80610820,44,4,0,0.0071435156,0,0.0011166448,0
80790788,44,2,0,1.9456601e-27,0,2.6113767e-14,0
83269505,44,2,0,0.0010555846,0,0.01809779,0
84195808,44,1,0,8.509498e-05,0,0.01398233,0
85805647,44,7,0,3.239852e-11,0,3.5270796e-07,0
87102547,44,3,0,1.2021838e-29,0,9.827517e-16,0
90467048,44,2,0,0.040370766,0,0.113016315,0
91396411,44,2,0,1.912308e-09,0,1.7399204e-10,0
92627965,44,2,0,0.00081875664,0,0.024811655,0
99836847,44,4,0,5.2458086e-07,0,0.00041569938,0
100265259,44,3,0,4.20675e-13,0,1.7561547e-07,0
100435124,44,4,0,8.5184915e-10,0,5.051069e-07,0
102383130,44,1,0,0.0004523965,0,0.00031509754,0
105411194,44,3,0,3.085662e-07,0,0.0003358723,0
105413220,44,1,0,3.8327125e-05,0,0.00082384126,0
105418918,44,1,0,0.003391027,0,0.061318643,0
105419478,44,2,0,0.0023173476,0,0.046322815,0
105419926,44,1,0,0.018635912,0,0.27466032,0
105419942,44,1,0,0.1029259,0,0.47796875,0
105419960,44,2,0,0.14324248,0,0.29247108,0
105419976,44,1,0,0.005973211,0,0.17948012,0
105419988,44,1,0,0.09284017,0,0.462932,0
105420014,44,1,0,0.074847355,0,0.10493525,0
105420019,44,1,0,0.004233577,0,0.021093205,0
105420207,44,2,0,0.14179897,0,0.24737929,0
105420214,44,1,0,0.013450104,0,0.09479317,0
105420224,44,2,0,0.00067905936,0,0.017219352,0
105420240,44,1,0,0.004807699,0,0.045902513,0
105420247,44,1,0,0.0204296,0,0.22858126,0
105420251,44,2,0,0.00020839313,0,0.0048006633,0
105420273,44,1,0,0.047460556,0,0.6032544,0
105420286,44,1,0,0.10711452,0,0.7697258,0
105420302,44,1,0,0.06751302,0,0.48309207,0
105420320,44,1,0,0.103829,0,0.70978516,0
105420324,44,2,0,0.030659106,0,0.27160054,0
105420434,44,1,0,0.0031248056,0,0.01549467,0
105420832,44,1,0,0.0001407833,0,0.0012415721,0
105421617,44,3,0,8.9480454e-07,0,2.9662051e-05,0
105421700,44,1,0,0.0021700552,0,0.03782342,0
105422234,44,1,0,6.5116474e-05,0,0.00025650876,0
105422239,44,1,0,0.00020861239,0,0.0004885524,0
105422342,44,2,0,2.4216771e-15,0,3.790295e-10,0
105422778,44,2,0,0.004363492,0,0.03166226,0
105422813,44,1,0,0.00039716653,0,0.007953555,0
105423532,44,4,0,3.4631976e-13,0,9.6781605e-09,0
105423550,44,2,0,0.0002187604,0,0.0069284043,0
105423585,44,2,0,0.27478606,0,0.41909194,0
105424599,44,1,0,0.00015869597,0,6.452168e-06,0
105424603,44,2,0,0.03624893,0,0.38310122,0
105424606,44,2,0,0.0039330134,0,0.045806464,0
105424613,44,1,0,0.011709878,0,0.018317483,0
105425074,44,2,0,0.07777394,0,0.6024157,0
105425109,44,1,0,0.06599875,0,0.26344687,0
105425125,44,1,0,0.009262809,0,0.26110953,0
105425143,44,1,0,0.018607486,0,0.1517595,0
105425151,44,1,0,0.12606847,0,0.36714986,0
105425158,44,1,0,0.0026758066,0,0.04013638,0
105425313,44,2,0,0.0023046483,0,0.035264667,0
105425363,44,1,0,0.026285384,0,0.07618904,0
105425490,44,1,0,2.2525924e-06,0,1.7838371e-06,0
105425528,44,1,0,0.011316576,0,0.016542824,0
105425540,44,2,0,0.09123345,0,0.15698074,0
105425545,44,2,0,0.26693374,0,0.6312044,0
105425562,44,2,0,0.10069045,0,0.6356417,0
105425566,44,1,0,0.010980214,0,0.025714478,0
105425580,44,1,0,0.06608151,0,0.47172362,0
105425756,44,1,0,1.2993945e-06,0,0.0011136922,0
105425768,44,1,0,0.0133128585,0,0.03322944,0
105426009,44,1,0,0.0016127303,0,0.0016472333,0
105426029,44,2,0,0.017828321,0,0.19223897,0
105426254,44,1,0,0.75783503,1,0.7301247,0
105426282,44,1,0,0.99015766,1,0.93107873,1
105426601,44,2,0,0.13648517,0,0.60588264,0
105426607,44,2,0,0.061059613,0,0.5280708,0
105426622,44,1,0,0.0002696907,0,0.0115901,0
105426643,44,1,0,0.39309222,0,0.4620326,0
105426666,44,1,0,0.00019574487,0,0.0029689737,0
105426678,44,1,0,7.186483e-08,0,0.00032270126,0
105426706,44,1,0,0.0011172008,0,0.0030240158,0
105426713,44,2,0,0.32877636,0,0.38406956,0
105426732,44,1,0,0.03123463,0,0.12894909,0
105426745,44,1,0,0.026070243,0,0.07174576,0
105426757,44,2,0,2.3752888e-07,0,0.000776955,0
105427123,44,1,0,0.00012265997,0,0.0014765412,0
105427128,44,2,0,9.386505e-05,0,0.028035695,0
105427137,44,1,0,0.014768413,0,0.028753145,0
105427150,44,1,0,0.779304,1,0.8466852,1
105427190,44,1,0,0.019872455,0,0.08520162,0
105428065,44,3,0,4.5450256e-06,0,0.0006349461,0
105428244,44,2,0,0.004499962,0,0.0251024,0
105428263,44,1,0,0.052052833,0,0.30311906,0
105428281,44,1,0,0.08743719,0,0.66077745,0
105428296,44,1,0,0.119751416,0,0.5577772,0
105428331,44,2,0,0.48949158,0,0.7957344,0
105428362,44,2,0,0.06536284,0,0.6118692,0
105428370,44,1,0,0.07218411,0,0.4805345,0
105428418,44,1,0,0.02421422,0,0.30680335,0
105428434,44,2,0,0.20952626,0,0.4868154,0
105428461,44,2,0,0.06451255,0,0.466708,0
105428618,44,1,0,0.009691094,0,0.036133964,0
105428626,44,2,0,0.010136377,0,0.04898293,0
105428667,44,1,0,1.0399638e-05,0,0.028839104,0
105428682,44,1,0,0.008611846,0,0.069901094,0
105428697,44,2,0,0.061446294,0,0.5608557,0
105428704,44,1,0,0.010048536,0,0.0651439,0
105429233,44,1,0,0.028354306,0,0.23652361,0
105429245,44,2,0,0.23684344,0,0.28760877,0
105429256,44,1,0,0.02175375,0,0.29522017,0
105429263,44,1,0,0.056143858,0,0.18841292,0
105429280,44,1,0,0.040171858,0,0.09901705,0
105429354,44,1,0,9.588043e-08,0,4.4326487e-07,0
105432643,44,1,0,0.0,0,2.486705e-35,0
105433236,44,1,0,0.0,0,0.0,0
105434864,44,1,1,0.008914248,0,0.091270156,0
105434883,44,2,1,0.0029130285,0,0.2584523,0
105434888,44,2,0,0.0057642483,0,0.035764664,0
105434910,44,2,0,0.0052725105,0,0.012409173,0
105434922,44,2,1,0.017436512,0,0.13462713,0
105435337,44,2,0,6.306342e-06,0,0.0009825254,0
105435372,44,1,1,0.013395994,0,0.045089003,0
105435837,44,3,0,0.00024022037,0,0.001274384,0
105435872,44,2,0,0.016359907,0,0.05636469,0
105436390,44,4,0,2.0931518e-06,0,0.00089374697,0
105436877,44,1,0,0.17926447,0,0.18746282,0
105437305,44,1,0,0.019762773,0,0.14684498,0
105443089,44,2,0,5.3817923e-05,0,0.013387501,0
105443450,44,2,0,1.928473e-08,0,3.4169964e-06,0
105443967,44,1,0,3.1441894e-10,0,3.0067346e-05,0
105444916,44,1,0,0.0005805063,0,0.001959813,0
105460621,44,1,0,2.1475893e-05,0,0.0092561245,0
105460670,44,1,0,4.5269867e-06,0,0.0026454395,0
105461722,44,1,0,0.0001044535,0,0.018707022,0
105461736,44,1,0,0.0006817195,0,0.033374183,0
105461747,44,1,0,0.00063606113,0,0.056551512,0
105461823,44,1,0,0.00066351966,0,0.054037753,0
105462052,44,1,0,9.170206e-05,0,0.0063422294,0
105464314,44,1,0,0.0011642145,0,0.07238897,0
105578797,44,1,0,6.4329186e-09,0,1.3700864e-07,0
105587181,44,1,0,0.1559417,0,0.21347561,0
105587216,44,1,0,0.38563952,0,0.8624627,1
105587485,44,1,0,0.0004991376,0,0.012455448,0
105587493,44,2,0,7.094734e-06,0,0.0035949498,0
105587499,44,3,0,0.0077898917,0,0.022972362,0
105587504,44,1,0,0.05235536,0,0.4409056,0
105587508,44,1,0,0.004474013,0,0.16117562,0
105587520,44,4,0,0.006125248,0,0.007734136,0
105587537,44,3,0,0.0016653427,0,0.013680125,0
105587543,44,7,0,0.01170221,0,0.016791487,0
105587546,44,5,0,0.26135027,0,0.40948883,0
105587561,44,3,0,0.0038767608,0,0.0012791143,0
105587567,44,2,0,0.04024516,0,0.016479919,0
105587570,44,3,0,0.10214065,0,0.6374273,0
105588128,44,1,0,0.0017087002,0,0.004715197,0
105588181,44,2,0,1.1951246e-07,0,5.6998356e-06,0
105588194,44,2,0,0.002477113,0,0.02519619,0
105588410,44,3,0,3.1839178e-07,0,3.3793135e-06,0
105588420,44,19,0,2.103396e-15,0,8.1736534e-11,0
105588425,44,12,0,3.031218e-12,0,2.1753391e-07,0
105588431,44,2,0,0.003288755,0,0.061143883,0
105588434,44,3,0,0.04723394,0,0.01040916,0
105588438,44,1,1,0.0883052,0,0.21045098,0
105588440,44,9,0,4.814027e-05,0,0.000104767925,0
105588442,44,4,0,6.467313e-05,0,0.0011092203,0
105588463,44,3,0,1.9210245e-06,0,0.0059525985,0
105588481,44,3,0,0.27057466,0,0.24110818,0
105588491,44,2,0,0.00027112747,0,4.882267e-05,0
105588501,44,1,0,0.0002604602,0,0.0042918436,0
105589708,44,2,0,0.017909436,0,0.28791946,0
105590000,44,2,0,0.45146886,0,0.15145205,0
105590005,44,2,0,0.0045530763,0,0.0028304427,0
105590062,44,2,0,0.0016727868,0,0.0015684592,0
105590143,44,2,0,0.00527071,0,0.0122822905,0
105590208,44,2,0,0.00013230073,0,0.0033547923,0
105590215,44,2,0,0.40534225,0,0.07824175,0
105590218,44,3,0,0.0188771,0,0.0607187,0
105590228,44,2,0,0.008879673,0,0.09963985,0
105590238,44,2,0,0.000105843275,0,0.0017833309,0
105590245,44,2,0,0.16351621,0,0.41649202,0
105590252,44,2,0,0.007024689,0,0.047701765,0
105590257,44,2,0,0.0015924127,0,1.9554544e-05,0
105590271,44,2,0,0.025509888,0,0.007861562,0
105590274,44,2,0,0.00068968843,0,0.002767672,0
105590287,44,2,0,0.00952918,0,0.011823667,0
105590289,44,2,0,0.006895262,0,0.24537206,0
105590298,44,2,0,0.018049363,0,0.1463701,0
105590303,44,3,0,1.0899499e-06,0,4.2050947e-06,0
105590778,44,2,0,0.052542105,0,0.0035505553,0
105590782,44,3,0,0.0002543719,0,0.00015514517,0
105590822,44,3,0,0.33675665,0,0.012720193,0
105590824,44,2,0,0.00057692814,0,0.0013806695,0
105590928,44,2,0,0.105968155,0,0.42000186,0
105590934,44,2,0,0.7745919,1,0.21097884,0
105591335,44,3,0,6.6748737e-07,0,0.00024012971,0
105591340,44,3,0,0.067975156,0,0.16314588,0
105591343,44,2,0,0.65293527,0,0.06550022,0
105591395,44,2,0,3.5125453e-07,0,0.0006767935,0
105591776,44,2,0,0.018308641,0,0.015895767,0
105592208,44,3,0,2.3578973e-06,0,1.5428703e-06,0
105592223,44,4,0,1.4851696e-06,0,1.0698273e-05,0
105592224,44,2,0,0.05653164,0,0.0041050627,0
105592227,44,3,0,0.0035238555,0,0.0056068315,0
105592228,44,2,0,0.00017917073,0,0.007662865,0
105592237,44,2,0,0.0006245673,0,0.0014481015,0
105592250,44,2,0,0.99132544,1,0.0073014884,0
105592254,44,2,0,0.00015192448,0,8.081604e-06,0
105592260,44,2,0,0.00017934969,0,0.0070389323,0
105592559,44,2,0,0.00037773603,0,0.00949579,0
105592562,44,3,0,0.14665523,0,0.07298575,0
105592564,44,2,0,0.07558134,0,0.12603512,0
105592567,44,3,0,0.0051438333,0,0.018624581,0
105592569,44,2,0,0.122331075,0,0.031550933,0
105592572,44,3,0,0.011471976,0,0.0406625,0
105592573,44,3,0,0.00010434031,0,0.0005171381,0
105592577,44,2,0,0.72965693,1,0.5993124,0
105592593,44,2,0,0.000345969,0,0.0012188555,0
105592594,44,3,0,2.6677833e-06,0,1.4248904e-05,0
105592654,44,2,0,0.9671349,1,0.5245919,0
105592661,44,2,0,0.04730659,0,0.116736524,0
105592663,44,2,0,0.00017023463,0,1.054706e-05,0
105592671,44,2,0,0.10797116,0,0.16253494,0
105592673,44,2,0,0.0018743424,0,0.0003430008,0
105592697,44,3,0,0.047524948,0,0.024279153,0
105592702,44,2,0,0.02791519,0,0.21634342,0
105593085,44,2,0,0.10043549,0,0.24137606,0
105593091,44,2,0,0.060616773,0,0.4498377,0
105593094,44,2,0,0.030535368,0,0.099832684,0
105593124,44,2,0,0.031223722,0,0.030965311,0
105593129,44,2,0,0.08774906,0,0.20264778,0
105593662,44,2,0,5.424955e-11,0,3.0171578e-14,0
105593668,44,2,0,0.009175898,0,0.002768957,0
105593684,44,7,0,2.638045e-05,0,1.9048055e-05,0
105594237,44,3,0,0.020827796,0,0.06536316,0
105594243,44,15,0,0.08224745,0,0.17166145,0
105594251,44,4,0,0.014681868,0,7.4895994e-05,0
105594259,44,2,0,0.00089445536,0,0.0011849238,0
105594262,44,2,0,0.47283772,0,0.2652461,0
105594264,44,3,0,1.2922335e-08,0,3.8630633e-13,0
105594270,44,11,0,0.039965123,0,0.17067738,0
105594282,44,9,0,0.046502385,0,0.007627318,0
105594283,44,3,0,0.0009821432,0,0.005260323,0
105594286,44,15,0,0.013096213,0,0.017150968,0
105594287,44,2,0,0.27382854,0,0.06553414,0
105594296,44,5,0,8.801405e-30,0,0.0,0
105594792,44,2,0,1.2421384e-05,0,0.0042814417,0
105594823,44,3,0,0.0076726284,0,0.0012228156,0
105594835,44,2,0,0.08530234,0,0.00992737,0
105594840,44,3,0,0.004981995,0,0.013463835,0
105594841,44,2,0,0.0060758227,0,0.025598556,0
105594849,44,1,0,0.0002909087,0,3.7162707e-05,0
105594874,44,2,1,0.0003177922,0,0.006226135,0
105594876,44,2,0,0.00055494887,0,0.00026596262,0
105594883,44,3,0,0.0009160305,0,0.0070416457,0
105594885,44,1,0,8.399682e-06,0,8.010909e-05,0
105594890,44,1,0,0.0014739772,0,0.012007645,0
105594900,44,2,0,0.0022296165,0,0.012545446,0
105594901,44,2,0,0.097860724,0,0.031940132,0
105594904,44,2,0,0.0014756991,0,0.0006239468,0
105594906,44,2,0,0.14005801,0,0.047541082,0
105594910,44,2,0,0.00863263,0,0.108122356,0
105594911,44,2,0,0.010329707,0,0.0074829254,0
105594916,44,2,0,0.028607907,0,0.070435144,0
105595336,44,2,0,0.022985978,0,0.011194619,0
105595347,44,2,0,0.0033055488,0,0.020692185,0
105595354,44,2,0,0.1392493,0,0.015090379,0
105595645,44,3,0,0.0006523712,0,0.0077576097,0
105595864,44,2,0,0.021778382,0,0.010051514,0
105595867,44,2,0,0.030764706,0,0.004468435,0
105595870,44,2,0,0.05150229,0,0.000986768,0
105595874,44,2,0,0.0005905671,0,0.001304188,0
105596135,44,3,0,0.00085246674,0,5.93865e-05,0
105596140,44,2,0,0.0038325053,0,0.035758253,0
105596293,44,2,0,0.0014986064,0,8.277825e-05,0
105596296,44,2,0,0.00096325914,0,0.0024699748,0
105596298,44,3,0,0.027293557,0,0.013441172,0
105596304,44,2,0,0.141882,0,0.0037521631,0
105596310,44,1,0,3.095647e-08,0,1.16628225e-05,0
105596311,44,2,0,0.00029034322,0,0.0062332824,0
105596629,44,2,0,0.023852343,0,0.40237087,0
105596632,44,3,0,0.8397918,1,0.74221003,0
105596633,44,3,0,0.036665533,0,0.120459974,0
105596779,44,3,0,0.046997115,0,0.32011154,0
105596789,44,2,0,0.02702685,0,0.23245507,0
105596797,44,2,0,0.075929716,0,0.04234605,0
105596799,44,3,0,0.084941596,0,0.04173551,0
105596805,44,2,0,0.01418167,0,0.0014333656,0
105597612,44,2,0,0.057270426,0,0.15932728,0
105597619,44,2,0,0.0005872038,0,9.161334e-05,0
105597642,44,2,0,0.009793637,0,0.0015183708,0
105597646,44,3,0,0.012809446,0,0.058003183,0
105597655,44,3,0,0.12755638,0,0.0018839065,0
105597656,44,3,0,0.008373783,0,0.033116806,0
105597658,44,2,0,0.005560058,0,0.017853145,0
105597815,44,2,0,0.19898243,0,0.0043272595,0
105597817,44,3,0,0.001321269,0,0.004340795,0
105597837,44,2,0,0.01624153,0,0.011603792,0
105597843,44,2,0,0.29331824,0,0.21959288,0
105603035,44,5,0,1.7051464e-08,0,0.00013196746,0
105605197,44,3,1,0.12241242,0,0.018605888,0
105605755,44,2,0,0.0062751514,0,0.002056647,0
105605779,44,1,1,5.2618743e-05,0,0.0016901697,0
105608848,44,2,0,3.3581741e-06,0,0.0002146899,0
105608852,44,1,0,1.5221477e-06,0,0.0010234354,0
105608997,44,1,0,4.3024403e-12,0,0.00018394167,0
105609360,44,1,0,1.841212e-11,0,0.00017566147,0
105610353,44,1,0,0.00032018896,0,0.006590477,0
105610357,44,2,0,0.007089709,0,0.011758134,0
105612039,44,1,0,1.0857239e-07,0,3.495323e-06,0
105612362,44,4,0,6.250154e-05,0,0.007139865,0
105769648,44,1,0,2.8732777e-24,0,1.898697e-09,0
105770302,44,1,0,0.0025127528,0,0.44376364,0
105770309,44,5,0,0.0035620164,0,0.015679456,0
105770328,44,1,0,0.022829715,0,0.35462832,0
105770718,44,2,0,0.039805807,0,0.039492067,0
105770732,44,1,0,0.20662929,0,0.27930224,0
105771360,44,1,0,0.0307931,0,0.28189063,0
105771387,44,9,0,4.3508635e-06,0,9.1819595e-07,0
105773798,44,1,0,0.056509577,0,0.24765798,0
105774326,44,3,0,0.0002136676,0,0.0010439671,0
105774331,44,1,0,0.035627015,0,0.09950834,0
105774341,44,2,0,0.00019178282,0,0.00013584398,0
105774511,44,2,0,7.253255e-05,0,0.0021511037,0
105774514,44,2,0,0.0003261639,0,0.01683406,0
105774519,44,2,0,0.0024214322,0,0.007654146,0
105774834,44,3,0,0.0015411223,0,6.352679e-05,0
105776158,44,3,0,0.20604451,0,0.5698824,0
105776174,44,1,0,0.025039235,0,0.13906729,0
105776186,44,2,0,0.0074701305,0,0.10491254,0
105776222,44,2,0,0.022924516,0,0.018087318,0
105776226,44,3,0,0.0014173998,0,0.10221275,0
105778673,44,3,0,0.0023124788,0,0.0015697763,0
105779109,44,3,0,3.863416e-05,0,0.0001259459,0
105779191,44,1,0,1.4181783e-37,0,3.3535035e-32,0
105781322,44,2,0,9.632111e-15,0,3.278234e-06,0
105782782,44,1,0,3.5464307e-06,0,0.00039200365,0
105782789,44,1,0,8.4861276e-05,0,0.01702162,0
105784109,44,2,0,0.0446086,0,0.039807472,0
105784398,44,1,0,0.07559625,0,0.4034638,0
105784404,44,2,0,0.32495862,0,0.6661092,0
105784409,44,1,0,0.039942004,0,0.27733397,0
105784417,44,2,0,0.086844385,0,0.5459516,0
105784425,44,2,0,0.006124766,0,0.05025771,0
105784602,44,2,0,0.0043130824,0,0.045412857,0
105784608,44,2,0,0.11042109,0,0.124527015,0
105784611,44,1,0,0.016237035,0,0.27522087,0
105784918,44,1,0,0.19608583,0,0.68250865,0
105785066,44,2,0,0.004656739,0,0.07368953,0
105785072,44,1,0,0.00032446402,0,0.0011490448,0
105785078,44,3,0,0.13172083,0,0.18556292,0
105785079,44,1,0,0.014634156,0,0.17453806,0
105785088,44,1,0,0.040987525,0,0.28533944,0
105785092,44,2,0,0.006082954,0,0.04252462,0
105785561,44,2,0,0.032508228,0,0.030372277,0
105785726,44,1,0,0.001704367,0,0.0904656,0
105786164,44,2,0,0.1114408,0,0.68498415,0
105786312,44,1,0,0.09528549,0,0.6276821,0
105786320,44,2,0,0.0013770964,0,0.043906637,0
105786554,44,1,0,0.10691182,0,0.5886558,0
105786561,44,1,0,0.037916303,0,0.3853136,0
105786765,44,1,0,0.0012521179,0,0.0093968995,0
105786767,44,2,0,0.03531602,0,0.25960103,0
105786769,44,1,0,0.0012580222,0,0.0022389807,0
105786771,44,1,0,0.023893164,0,0.36157307,0
105786789,44,4,0,3.0007673e-06,0,1.9537563e-05,0
105786794,44,3,0,0.00043169074,0,0.0057937196,0
105786795,44,3,0,0.003060465,0,0.0074702227,0
105786801,44,5,0,0.0728634,0,0.022142984,0
105786816,44,1,0,0.00058037793,0,0.012435076,0
105786843,44,1,0,0.11328787,0,0.2511981,0
105786853,44,2,0,3.4082233e-05,0,0.00025133914,0
105786856,44,2,0,0.030952267,0,0.23087823,0
105786885,44,2,0,0.006395871,0,0.034315716,0
105786979,44,1,0,0.04306683,0,0.49486014,0
105786983,44,1,0,0.0008850721,0,0.012522135,0
105787023,44,1,0,0.00041445123,0,0.008059937,0
105787037,44,1,0,0.00879403,0,0.04743618,0
105787042,44,1,0,0.011785132,0,0.12546158,0
105787051,44,2,0,0.0011523361,0,0.015622957,0
105787054,44,1,0,0.0009639115,0,0.015092781,0
105787063,44,2,0,0.0010540641,0,0.054184493,0
105787067,44,1,0,0.1758812,0,0.61230725,0
105787081,44,2,0,0.028852956,0,0.040304556,0
105787235,44,2,0,0.0067127342,0,0.059785064,0
105787545,44,1,0,0.0006242918,0,0.019272562,0
105787550,44,2,0,0.037731096,0,0.09454058,0
105787565,44,2,0,1.8604866e-06,0,0.0006513434,0
105787575,44,1,0,0.014726329,0,0.06387185,0
105787582,44,2,0,0.10592351,0,0.46277523,0
105787594,44,1,0,0.0010274334,0,0.012296917,0
105787603,44,1,0,0.010984399,0,0.04125784,0
105787719,44,2,0,0.024807295,0,0.15872112,0
105787723,44,1,0,0.013842966,0,0.1259495,0
105787729,44,1,0,0.0038001398,0,0.041440822,0
105788047,44,1,0,0.0116716325,0,0.13411207,0
105788050,44,1,0,0.0088455025,0,0.039242912,0
105788054,44,1,0,1.40962e-06,0,0.004868928,0
105788056,44,1,0,0.00061485154,0,0.002514888,0
105788059,44,1,0,0.024616184,0,0.40796646,0
105788576,44,1,0,0.013614629,0,0.115906015,0
105788585,44,1,0,0.0002009459,0,0.0026305793,0
105788593,44,1,0,0.20670296,0,0.66070837,0
105788931,44,1,0,0.0006322436,0,0.074461244,0
105788938,44,2,0,0.03245452,0,0.03421693,0
105788948,44,1,0,4.06397e-08,0,2.411997e-05,0
105788963,44,2,0,0.014224786,0,0.18242687,0
105788965,44,1,0,0.00094992056,0,0.008569294,0
105788972,44,1,0,0.0020135015,0,0.0017712032,0
105790811,44,2,0,0.053244136,0,0.10106427,0
105793572,44,2,0,0.29754952,0,0.6403943,0
105794231,44,1,0,1.3680507e-05,0,0.009746081,0
105794579,44,2,0,0.00051436276,0,0.00084527076,0
105794582,44,2,0,1.3136539e-05,0,0.0024017012,0
105794583,44,2,0,0.008728175,0,0.023627328,0
105795576,44,1,0,6.6506855e-06,0,0.00042544652,0
105795590,44,2,0,6.5694156e-05,0,0.0010584631,0
105795962,44,2,0,0.0064911195,0,0.033692047,0
105795977,44,1,0,0.10628802,0,0.4311029,0
105796768,44,1,0,0.29983112,0,0.6379277,0
105797625,44,1,0,0.03893668,0,0.50788563,0
105798658,44,1,0,0.00020083846,0,0.042393222,0
105799448,44,3,0,0.0014844234,0,2.727177e-05,0
105801886,44,2,0,0.0041845404,0,0.2867692,0
105801889,44,2,0,0.045416012,0,0.39189693,0
105802057,44,7,0,4.5449007e-26,0,1.7499876e-37,0
105803995,44,3,0,4.574658e-20,0,1.5546981e-13,0
105804005,44,8,0,2.7120302e-08,0,8.429602e-07,0
105804672,44,5,0,1.8631264e-25,0,1.01589215e-13,0
105805015,44,6,0,1.0755621e-34,0,2.1211357e-18,0
105805447,44,8,0,7.6454174e-24,0,4.15209e-13,0
105809533,44,3,0,0.2337969,0,0.014778004,0
105809538,44,2,0,0.9835577,1,0.9648254,1
105811798,44,2,0,0.000553019,0,0.013101915,0
105812373,44,4,0,1.7920605e-08,0,4.0844887e-05,0
105816932,44,1,0,6.8061677e-06,0,0.00059467484,0
105816948,44,2,0,0.0067635877,0,0.059207942,0
105817364,44,3,0,0.0020907032,0,0.005078856,0
105820844,44,1,0,7.028938e-05,0,0.004196242,0
105822834,44,3,0,4.88403e-07,0,9.441519e-08,0
105822838,44,3,0,1.2613103e-05,0,5.147666e-05,0
105822842,44,3,0,0.0008647593,0,0.0018810726,0
105822891,44,3,0,4.7541944e-05,0,0.0007344077,0
105823844,44,1,0,0.0013238323,0,0.007252863,0
105826991,44,22,0,3.6334033e-13,0,1.507536e-08,0
105826996,44,7,0,6.7631584e-07,0,0.001355004,0
105826998,44,7,0,7.520287e-07,0,0.00017247432,0
105827008,44,3,0,0.033076055,0,0.015454016,0
105830299,44,1,0,0.03184463,0,0.0017386506,0
105831634,44,1,0,0.030575955,0,0.5376286,0
105833469,44,1,0,8.8284905e-05,0,0.0013161673,0
105835589,44,1,0,0.00019850268,0,0.0029411747,0
105836929,44,2,0,2.3145874e-05,0,0.0015665257,0
105836986,44,1,0,7.626537e-07,0,2.0619784e-05,0
105840706,44,3,0,0.26343805,0,0.42500988,0
105842012,44,2,0,0.004468268,0,0.009131878,0
105842871,44,1,0,1.4271428e-12,0,1.5457774e-05,0
105843171,44,4,0,2.729483e-06,0,0.0026525497,0
105843304,44,2,0,0.015404476,0,0.049195703,0
105843700,44,2,0,0.049690906,0,0.20501046,0
105843745,44,1,0,0.9998241,1,0.9984977,1
105843907,44,1,0,3.637214e-05,0,8.6180524e-05,0
105845351,44,2,0,0.00023909137,0,0.0018481816,0
105845356,44,3,0,0.0041289553,0,0.018961452,0
105845371,44,2,0,0.0009160819,0,7.723032e-05,0
105845377,44,2,0,0.037609704,0,0.0149413375,0
105845380,44,2,0,0.00042940388,0,0.00081971806,0
105845807,44,2,0,0.00012404568,0,7.674072e-05,0
105845808,44,2,0,0.051212538,0,0.13986406,0
105845811,44,2,0,0.17102966,0,0.26982003,0
105846195,44,2,0,0.01592803,0,0.005555426,0
105846200,44,10,0,1.8376916e-09,0,0.00024575344,0
105846208,44,3,0,0.00010753685,0,6.545048e-06,0
105846234,44,1,0,7.576704e-07,0,5.8455626e-06,0
105847255,44,2,0,0.05612643,0,0.041859876,0
105847359,44,2,0,2.534867e-05,0,0.0007179774,0
105847360,44,2,0,0.10482585,0,0.003996537,0
105847366,44,3,0,0.0018916217,0,0.0018988523,0
105847374,44,2,0,0.002206976,0,0.0066845,0
105847379,44,2,0,0.024448799,0,0.010138031,0
105847380,44,2,0,0.005067845,0,0.0104570845,0
105847384,44,3,0,0.0008459085,0,0.0023394946,0
105847385,44,2,0,0.00045054013,0,0.0036617473,0
105847388,44,2,0,0.0014810615,0,0.008234341,0
105847392,44,2,0,5.0068513e-05,0,1.0038725e-06,0
105847397,44,1,0,0.0038882198,0,0.00079383614,0
105847402,44,2,0,0.051490165,0,0.10007823,0
105847407,44,3,0,0.016234752,0,0.024842046,0
105847456,44,2,0,1.6059393e-12,0,8.5263974e-07,0
105847558,44,2,0,0.042807948,0,0.004924758,0
105847566,44,2,0,0.28303552,0,0.008781259,0
105847568,44,2,0,0.00042708698,0,0.00077399943,0
105847569,44,2,0,0.020646557,0,0.069527425,0
105847570,44,3,0,3.198129e-05,0,0.0010490328,0
105847699,44,2,0,0.04090332,0,0.021336205,0
105847701,44,2,0,0.0106307585,0,0.03512359,0
105847859,44,2,0,0.035071474,0,0.3630508,0
105847861,44,2,0,0.02120949,0,0.013091531,0
105847862,44,2,0,0.001493721,0,0.0005063446,0
105847863,44,2,0,0.042458434,0,0.0035414298,0
105847885,44,2,0,0.011575317,0,0.0026695735,0
105847888,44,3,0,0.00032615237,0,0.0001531531,0
105847997,44,3,0,0.0058349855,0,0.041199807,0
105848005,44,2,0,0.00015133589,0,0.00010575127,0
105848011,44,3,0,0.00950313,0,0.011617659,0
105848016,44,2,0,0.004686115,0,0.006497882,0
105848018,44,4,0,0.025431085,0,0.025168309,0
105848028,44,2,0,0.003742806,0,0.00031225482,0
105848040,44,2,0,2.7870437e-06,0,1.04595024e-07,0
105848061,44,3,0,0.0014653396,0,0.0013659155,0
105848195,44,2,0,0.0029083705,0,0.022771958,0
105848213,44,2,0,0.0040475987,0,0.877246,1
105848216,44,2,0,0.026108637,0,0.06841425,0
105848344,44,2,0,0.000222463,0,4.7841928e-05,0
105848346,44,2,0,0.007999825,0,0.0036148883,0
105848348,44,2,0,0.052436706,0,0.0063378285,0
105848351,44,2,0,9.910253e-05,0,0.0004007866,0
105848559,44,3,0,1.1156323e-05,0,0.00037595077,0
105848571,44,3,0,3.3208065e-07,0,0.00067659654,0
105848574,44,2,0,1.07097785e-05,0,8.286613e-06,0
105848582,44,3,0,0.0007883012,0,0.010065175,0
105848588,44,2,0,0.012713022,0,0.006228667,0
105848600,44,2,0,0.0013475708,0,0.00011076581,0
105848603,44,2,0,0.00033110782,0,2.2137086e-05,0
105848606,44,2,0,0.00057522516,0,0.0056016603,0
105848607,44,2,0,0.019534705,0,0.023466837,0
105848609,44,3,0,0.1261631,0,0.18566412,0
105848904,44,2,0,0.04904819,0,0.0018381174,0
105848906,44,3,0,0.0018334395,0,0.001767246,0
105848910,44,2,0,0.033846967,0,0.0012500469,0
105848940,44,2,0,0.004392474,0,6.89821e-05,0
105848951,44,2,0,0.04143673,0,0.0043462245,0
105848960,44,3,0,0.00029625662,0,0.00031192813,0
105849400,44,4,0,0.004023592,0,0.016802285,0
105849817,44,2,0,0.9599684,1,0.87002736,1
105849820,44,2,0,0.043210823,0,0.12700278,0
105849821,44,3,0,0.0002967762,0,0.00038641968,0
105849822,44,2,0,0.03577953,0,0.06033854,0
105849824,44,3,0,0.053777546,0,0.023826389,0
105849826,44,2,0,0.0013483121,0,0.0017895414,0
105849829,44,2,0,0.0023784891,0,0.0018216582,0
105849832,44,2,0,0.018484464,0,0.010257501,0
105850635,44,2,0,0.004974616,0,0.08862816,0
105850639,44,5,0,0.06424111,0,0.026640259,0
105853145,44,8,0,0.1631048,0,0.09035902,0
105853154,44,2,0,0.000891958,0,5.2881246e-06,0
105853155,44,2,0,6.458826e-05,0,2.6532548e-06,0
105853157,44,2,0,4.7321388e-05,0,2.8498837e-06,0
105853204,44,8,0,0.0075644767,0,0.024602879,0
105853910,44,11,0,0.00017080632,0,0.000717083,0
105853914,44,10,0,0.0013151747,0,0.00061226805,0
105853923,44,2,0,3.228808e-08,0,9.8906153e-14,0
105853924,44,9,0,0.008365025,0,0.0013536182,0
105853927,44,2,0,0.0006752248,0,6.1609676e-06,0
105853980,44,2,0,0.0022351458,0,0.033296857,0
105854897,44,3,0,0.15545362,0,0.22351302,0
105854903,44,3,0,0.025225341,0,0.0029101341,0
105854904,44,3,0,0.009116367,0,0.005492717,0
105856912,44,2,0,0.020299958,0,0.025822286,0
105856925,44,10,0,0.08610421,0,0.08617421,0
105856930,44,2,0,0.00018942024,0,3.055001e-06,0
105856938,44,2,0,0.4128146,0,0.24428989,0
105856967,44,3,0,0.026080655,0,0.029683761,0
105857305,44,2,0,0.012990223,0,0.029239664,0
105857310,44,2,0,0.021699144,0,0.06846715,0
105857335,44,2,0,0.01916532,0,0.13127035,0
105857346,44,2,0,0.0334165,0,0.036430288,0
105857348,44,2,0,0.031142816,0,0.0048914505,0
105857355,44,2,0,0.0023544792,0,0.0009584448,0
105857357,44,3,0,0.0014353606,0,0.0036687474,0
105857363,44,3,0,0.015592896,0,0.033033274,0
105857365,44,3,0,0.05010264,0,0.08737272,0
105857371,44,2,0,0.63147277,0,0.011995318,0
105857379,44,3,0,0.00012199543,0,0.000110851186,0
105857383,44,3,0,0.017705306,0,0.040106796,0
105857393,44,2,0,0.02430011,0,0.02425494,0
105857415,44,2,0,0.013153833,0,0.030086337,0
105857417,44,2,0,0.038362626,0,0.02236662,0
105857434,44,1,0,0.002764158,0,0.004887418,0
105857507,44,2,0,0.017989246,0,0.008324257,0
105857510,44,3,0,0.044526834,0,0.11283409,0
105857511,44,2,0,0.05496286,0,0.00273964,0
105857516,44,2,0,0.0016083891,0,0.001384877,0
105857523,44,2,0,0.004539313,0,0.0033138618,0
105857525,44,2,0,0.03736615,0,0.0064484724,0
105857555,44,3,0,0.19623078,0,0.031372387,0
105857972,44,2,0,0.08350562,0,0.2658895,0
105857976,44,3,0,0.30799562,0,0.058867205,0
105857977,44,2,0,0.08545033,0,0.24965438,0
105857979,44,2,0,0.18790251,0,0.13183913,0
105857982,44,2,0,0.013707369,0,0.015068381,0
105857989,44,2,0,0.033391457,0,0.004578797,0
105858001,44,3,0,0.28104737,0,0.14204511,0
105858005,44,3,0,0.046114832,0,0.16530174,0
105858007,44,2,0,0.017735975,0,0.0074709537,0
105858022,44,2,0,0.017467951,0,0.20235993,0
105858024,44,2,0,0.44433728,0,0.8244356,0
105858026,44,3,0,0.016170356,0,0.007436048,0
105858029,44,3,0,0.21730019,0,0.004201348,0
105858037,44,2,0,0.14263505,0,0.11339441,0
105858040,44,3,0,0.04736257,0,0.035595026,0
105858047,44,3,0,0.027755208,0,0.010033069,0
105858057,44,2,0,0.035082027,0,0.0036253766,0
105858069,44,2,0,0.038816333,0,0.011711285,0
105858077,44,2,0,0.102454156,0,0.15370356,0
105858110,44,4,0,5.3658606e-09,0,6.603306e-05,0
105858118,44,2,0,0.00043788028,0,0.0018444116,0
105858126,44,2,0,0.061004687,0,0.0581039,0
105858174,44,3,0,0.06271314,0,0.1058859,0
105858181,44,3,0,0.014412744,0,0.036028504,0
105858510,44,2,0,0.00018583589,0,0.00036316816,0
105858515,44,2,0,0.95594907,1,0.7423318,0
105858525,44,2,0,0.06872422,0,0.30593133,0
105858531,44,3,0,0.058274373,0,0.031809755,0
105858545,44,3,0,0.25082532,0,0.21218105,0
105858748,44,2,0,0.36396384,0,0.05578618,0
105858763,44,2,0,0.9563692,1,0.72250015,0
105858770,44,2,0,0.018870292,0,0.05431591,0
105858772,44,2,0,0.012835857,0,0.003225028,0
105858774,44,3,0,0.03470505,0,0.0027839043,0
105858961,44,3,0,0.10262692,0,0.15967688,0
105858968,44,2,0,0.046362445,0,0.05398409,0
105858970,44,1,0,0.00200938,0,0.00052484445,0
105858988,44,2,0,0.012634658,0,0.003654217,0
105858997,44,2,0,0.00010276358,0,0.00012370253,0
105859007,44,2,0,0.00039155624,0,0.0010534002,0
105859012,44,2,0,0.0025197926,0,6.190416e-05,0
105859017,44,2,0,0.03046051,0,0.0121606,0
105859019,44,2,0,1.0194855e-05,0,0.0011838163,0
105859023,44,2,0,0.009963729,0,0.014128198,0
105859028,44,2,0,0.18271549,0,0.048393276,0
105859030,44,2,0,0.33898225,0,0.20103145,0
105859033,44,2,0,0.48752463,0,0.009069545,0
105859039,44,3,0,7.2562165e-05,0,0.0013419439,0
105859114,44,3,0,4.1634323e-08,0,8.186683e-06,0
105859122,44,2,0,0.000115164425,0,1.4128854e-05,0
105859128,44,2,0,0.0070882123,0,0.00020210228,0
105859497,44,3,0,2.7614809e-07,0,3.3598094e-10,0
105859504,44,2,0,9.055848e-08,0,1.0187296e-06,0
105859508,44,3,0,4.873758e-09,0,6.033347e-07,0
105859509,44,3,0,0.014603774,0,0.03800113,0
105859510,44,3,0,0.0022149107,0,0.011001128,0
105859516,44,3,0,0.005529595,0,0.113646634,0
105859521,44,2,0,0.0011616953,0,0.01282783,0
105859662,44,2,0,0.002448123,0,0.026465604,0
105859665,44,3,0,0.00020364416,0,0.013059859,0
105859670,44,3,0,0.001156744,0,0.003944642,0
105859675,44,2,0,0.100274876,0,0.009490225,0
105859984,44,2,0,2.140863e-06,0,5.96462e-06,0
105859990,44,3,0,0.0018051981,0,0.015327778,0
105860663,44,2,0,1.969879e-09,0,4.2629526e-06,0
105863950,44,3,0,6.4599935e-06,0,0.00080008095,0
105863955,44,1,0,0.16602916,0,0.077465124,0
105869870,44,6,0,0.0001060439,0,0.0053166593,0
105869875,44,1,0,0.0030552712,0,0.17276236,0
105870722,44,6,0,6.5052605e-05,0,0.002064354,0
105872529,44,2,0,8.397327e-06,0,0.00042428676,0
105872536,44,4,0,1.1412204e-13,0,3.1159537e-08,0
105872541,44,7,0,0.0014954745,0,0.0046761506,0
105876162,44,2,0,0.8607643,1,0.9586264,1
105880084,44,7,0,2.1149017e-05,0,6.2631545e-05,0
105881008,44,3,0,9.114209e-12,0,1.7979167e-10,0
105881066,44,1,0,0.0046904515,0,0.07589554,0
105883533,44,3,0,1.2170116e-06,0,0.00241395,0
105889570,44,6,0,4.7045646e-06,0,0.0010876987,0
105970310,44,2,0,8.771351e-09,0,8.2117134e-07,0
105971540,44,4,0,5.282363e-11,0,1.4738044e-06,0
105972046,44,1,0,1.2387619e-07,0,4.13449e-05,0
105974179,44,1,0,6.525134e-08,0,1.2403689e-06,0
105974934,44,2,0,0.0050212075,0,0.04855527,0
105974940,44,2,0,0.13079305,0,0.018915014,0
105974981,44,2,0,3.45016e-05,0,0.0013008113,0
105974983,44,3,0,0.0388315,0,0.16343808,0
105975005,44,1,0,0.027870385,0,0.057375308,0
105975011,44,3,0,0.08502779,0,0.079634294,0
105975022,44,1,0,0.0019922536,0,0.0027348266,0
105975030,44,2,0,0.0005350301,0,0.002558671,0
105975036,44,3,0,0.03612342,0,0.0013488509,0
105975043,44,4,0,0.0033362126,0,0.060704287,0
105975051,44,5,0,5.6353824e-30,0,1.827922e-15,0
105975729,44,56,0,1.1374804e-13,0,7.442966e-10,0
105975757,44,2,0,0.021049611,0,0.08533445,0
105975772,44,2,0,0.0045087566,0,0.047642816,0
105975780,44,2,0,0.009124839,0,0.0023972655,0
105975793,44,2,0,0.044950686,0,0.07437819,0
105975798,44,2,0,0.23102362,0,0.17395464,0
105975809,44,1,0,0.00010076617,0,0.00015545436,0
105975819,44,2,0,0.026123632,0,0.030810356,0
105975823,44,2,0,0.02738003,0,0.011182727,0
105975837,44,2,0,0.014696507,0,0.008147116,0
105976245,44,2,0,0.10992675,0,0.022407271,0
105976249,44,2,0,0.009449849,0,0.0013500713,0
105976265,44,3,0,0.028829625,0,0.008458691,0
105976278,44,2,0,0.06674582,0,0.055958863,0
105976285,44,2,0,1.6260363e-05,0,0.00012484868,0
105976288,44,3,0,0.04111718,0,0.020251578,0
105976291,44,2,0,0.01802786,0,0.011207922,0
105976320,44,2,0,0.033663485,0,0.0025834192,0
105976663,44,2,0,0.014749982,0,0.052535057,0
105976679,44,2,0,0.007845437,0,0.028522361,0
105976681,44,2,0,0.012033144,0,0.23807228,0
105976690,44,2,0,0.013776874,0,0.0006410244,0
105976714,44,2,0,0.020078443,0,0.07363568,0
105976727,44,2,0,0.01665558,0,0.090141356,0
105976742,44,2,0,0.12203631,0,0.047483183,0
105976778,44,2,0,0.17529036,0,0.023060165,0
105976796,44,2,0,0.0005537049,0,0.0011429187,0
105977106,44,2,0,0.014658647,0,0.023876391,0
105977332,44,2,0,0.00038282544,0,0.010643956,0
105977359,44,2,0,0.0042928015,0,0.0019841979,0
105977405,44,2,0,0.003693337,0,0.03766175,0
105978049,44,2,0,0.021298366,0,0.041937556,0
105978908,44,2,0,0.013223717,0,0.12260865,0
105978919,44,2,0,0.0028457823,0,0.0075355778,0
105978945,44,2,0,0.0002755669,0,0.0006126335,0
105978993,44,2,0,0.046668366,0,0.2930273,0
105979018,44,2,0,0.9813751,1,0.32924914,0
105979024,44,2,0,0.010538911,0,0.01541614,0
105979059,44,2,0,0.010260459,0,0.008358178,0
105979074,44,14,0,0.00011742089,0,0.00022083131,0
105979273,44,4,0,0.009986912,0,0.011239859,0
105979312,44,25,0,1.2363554e-11,0,1.2876799e-11,0
105979446,44,3,0,0.09288026,0,0.12207331,0
105979462,44,2,0,0.010481348,0,0.0012183865,0
105979502,44,3,0,0.033012543,0,0.10180159,0
105979509,44,2,0,0.0063574445,0,0.00079770957,0
105979512,44,2,0,0.10464796,0,0.036071457,0
105979515,44,2,0,0.021469299,0,0.016651511,0
105979518,44,2,0,0.040775195,0,0.068503104,0
105979533,44,2,0,0.000434721,0,0.001939124,0
105979565,44,2,0,0.012188936,0,0.024382029,0
105979574,44,2,0,0.002330752,0,0.002967173,0
105980044,44,3,0,0.07920342,0,0.04844386,0
105980184,44,2,0,0.2541622,0,0.40652534,0
105980207,44,2,0,0.6465243,0,0.7898129,0
105980399,44,2,0,0.022889627,0,0.07545043,0
105980689,44,2,0,4.7720812e-05,0,0.00065435475,0
105980724,44,2,0,0.29071686,0,0.21120073,0
105980769,44,2,0,0.008321057,0,0.058303587,0
105981223,44,2,0,0.0078033595,0,0.0030614894,0
105983580,44,1,1,0.0062485863,0,0.038164902,0
105984764,44,1,1,0.0001801635,0,0.001959218,0
105984775,44,2,1,0.00010288016,0,0.004704964,0
105984953,44,3,0,0.011462165,0,0.012123943,0
105984960,44,2,0,0.0027832016,0,0.09771207,0
105985052,44,1,1,0.023126023,0,0.25382563,0
105985420,44,2,1,0.0010750239,0,0.045657396,0
105985877,44,1,0,7.013138e-05,0,0.00034807707,0
105986274,44,1,0,0.0066911546,0,0.01128776,0
105987885,44,2,0,0.0004168607,0,0.0047150184,0
105988422,44,3,0,2.5028546e-06,0,0.00017167562,0
105991496,44,3,1,0.033572026,0,0.025754973,0
105991979,44,2,0,0.0011050022,0,0.011558334,0
105992553,44,2,1,7.641505e-07,0,0.007940089,0
105993456,44,4,0,5.0892293e-08,0,0.00066608057,0
105994274,44,6,0,1.447184e-06,0,0.00033730874,0
105995251,44,5,0,0.0,0,1.4993903e-25,0
105995296,44,6,0,3.4301115e-09,0,5.3354424e-06,0
105995342,44,4,0,3.2033506e-06,0,0.0018336707,0
105995393,44,1,0,0.00824418,0,0.018016804,0
105996180,44,1,0,0.00016753034,0,0.008709157,0
105997028,44,4,0,3.4439897e-06,0,0.005223073,0
105997712,44,1,0,0.011661977,0,0.03632944,0
106000000,44,1,0,0.024359247,0,0.053029668,0
106000120,44,1,0,0.0077169384,0,0.02703573,0
106001186,44,81,1,0.9757746,1,0.9426216,1
106001737,44,1,0,0.00016385406,0,0.0016712929,0
106001826,44,1,0,4.4161097e-06,0,0.05032172,0
106002141,44,1,0,1.1219456e-06,0,0.0010324351,0
106003332,44,3,0,7.0339134e-05,0,0.0033701183,0
106003336,44,2,0,3.5844714e-08,0,2.6241169e-05,0
106003747,44,1,0,6.136406e-08,0,5.7579018e-05,0
106009210,44,1,0,0.001520423,0,0.0057262573,0
106009303,44,1,1,0.05444461,0,0.12994684,0
106012025,44,6,0,0.00044669054,0,2.2460947e-06,0
106017092,44,2,0,0.028837461,0,0.03858883,0
106019639,44,3,0,3.3592662e-09,0,5.067539e-09,0
106019788,44,1,0,0.04809321,0,0.045923237,0
106019798,44,3,0,3.8699888e-09,0,7.266576e-09,0
106020755,44,1,0,8.674837e-16,0,5.270231e-13,0
106020764,44,3,0,2.3268517e-06,0,8.496879e-06,0
106020955,44,1,0,2.7581134e-05,0,0.00013766342,0
106021879,44,2,0,1.741558e-07,0,2.443374e-05,0
106021888,44,3,0,0.00010497053,0,0.0019237916,0
106022453,44,1,0,6.744436e-08,0,6.9264947e-06,0
106043150,44,2,0,8.0013044e-05,0,0.0002461791,0
106043152,44,2,0,3.390365e-05,0,1.0014027e-05,0
106292661,44,4,0,0.12559105,0,0.13300823,0
106293478,44,3,0,0.0016826341,0,0.0027093051,0
106293481,44,3,0,0.0010593993,0,0.003804991,0
106293487,44,2,0,0.0020647047,0,0.003845761,0
106293493,44,2,0,2.8012843e-07,0,1.1749644e-07,0
106294004,44,3,0,0.35388097,0,0.5267326,0
106294472,44,6,0,0.08638875,0,0.35435697,0
106295448,44,3,0,0.26031476,0,0.1033117,0
106295450,44,2,0,3.627785e-05,0,5.103714e-05,0
106297576,44,6,0,3.377332e-09,0,9.021309e-05,0
106298195,44,1,0,0.00020318369,0,0.0068855216,0
106299311,44,3,0,0.0023604208,0,0.010049019,0
106300092,44,3,0,0.011153002,0,0.011087767,0
106300458,44,16,0,1.6203903e-13,0,2.8777258e-09,0
106301191,44,1,0,4.515303e-09,0,3.509284e-07,0
106301199,44,1,0,1.4355507e-07,0,9.694913e-05,0
106302011,44,91,0,0.0,0,1.7108805e-34,0
106302016,44,2,0,4.271418e-08,0,3.2838197e-14,0
106302508,44,5,0,1.437505e-12,0,4.397587e-08,0
106302519,44,4,0,1.8967545e-15,0,2.6745663e-08,0
106302521,44,5,0,1.2075473e-22,0,2.0962418e-12,0
106303457,44,1,0,3.0775212e-07,0,3.0021994e-07,0
106303787,44,1,0,8.321736e-06,0,1.1281116e-06,0
106304168,44,3,0,0.40514722,0,0.8375004,1
106304171,44,2,0,0.08587408,0,0.47929803,0
106304526,44,4,0,0.26305127,0,0.009289676,0
106304530,44,3,0,0.00076302537,0,0.0065864944,0
106304533,44,3,0,0.0019168194,0,0.010937922,0
106304961,44,3,0,0.0013670523,0,0.007496121,0
106305307,44,5,0,0.022207499,0,0.0049307975,0
106305311,44,3,0,0.008300786,0,0.027422305,0
106305313,44,2,0,0.0033435724,0,0.031410255,0
106305473,44,3,0,0.012151509,0,0.0464807,0
106305476,44,2,0,0.004391507,0,0.037826553,0
106305484,44,4,0,0.011967913,0,0.050237987,0
106305949,44,3,0,0.0011018,0,0.0028508706,0
106306179,44,2,0,0.0036429276,0,0.056746658,0
106306403,44,2,0,0.012604173,0,0.06845872,0
106306407,44,2,0,0.100694545,0,0.53044903,0
106306410,44,3,0,0.0029158567,0,0.034132164,0
106306420,44,2,0,0.080730796,0,0.018322209,0
106306421,44,3,0,0.010591759,0,0.1763836,0
106306441,44,6,0,0.003614866,0,0.0052122027,0
106306459,44,5,0,0.046005107,0,0.11052445,0
106306769,44,5,0,0.0047367173,0,0.00568461,0
106306778,44,1,0,0.031683307,0,0.21755253,0
106307051,44,1,0,0.002155297,0,0.03249537,0
106307084,44,1,0,0.005947144,0,0.11460799,0
106307095,44,2,0,0.0032367308,0,0.0063699028,0
106307173,44,2,0,0.030255992,0,0.018768108,0
106307211,44,3,0,0.012070717,0,0.014610334,0
106307213,44,2,0,0.021402612,0,0.001887052,0
106307477,44,3,0,0.0,0,0.0,0
106307481,44,1,0,0.30636463,0,0.782692,0
106307652,44,2,0,0.03992987,0,0.46055162,0
106308231,44,3,0,0.0043234336,0,0.010586704,0
106308615,44,2,0,0.013846096,0,0.019017497,0
106309219,44,2,0,0.08243033,0,0.3776204,0
106309227,44,2,0,0.025940418,0,0.23791914,0
106309530,44,4,0,0.0033497438,0,0.009848196,0
106309532,44,1,0,0.00014385997,0,0.03339987,0
106309535,44,2,0,0.0030972431,0,0.00838207,0
106309678,44,4,0,0.00017310321,0,0.00021049354,0
106309997,44,4,0,0.00078561617,0,0.0018431452,0
106310004,44,2,0,0.008105334,0,0.0016905254,0
106310007,44,4,0,0.00024057705,0,0.0007605206,0
106310561,44,4,0,0.0036803565,0,0.011669905,0
106310566,44,1,0,0.067259036,0,0.49404255,0
106310568,44,4,0,0.0004940444,0,0.000102526035,0
106310572,44,3,0,0.0017183102,0,0.0007626408,0
106310573,44,3,0,0.0017884517,0,0.0055592516,0
106310574,44,3,0,0.0026276794,0,0.0018140562,0
106310652,44,6,0,0.00050079037,0,0.0048650065,0
106310669,44,7,0,0.040711433,0,0.20075956,0
106310679,44,5,0,0.062513836,0,0.13329215,0
106310687,44,5,0,0.0010508418,0,0.010289068,0
106310699,44,5,0,0.070506856,0,0.2103216,0
106311163,44,5,0,0.0042571104,0,0.012345149,0
106311172,44,5,0,0.019099476,0,0.16662578,0
106311181,44,5,0,0.036060516,0,0.073465645,0
106311426,44,5,0,0.021504147,0,0.020339496,0
106311436,44,3,0,3.2353544e-06,0,3.4946483e-05,0
106311440,44,3,0,0.0062683313,0,0.021449272,0
106311921,44,3,0,0.007658826,0,0.001943259,0
106311926,44,3,0,0.018045248,0,0.00041383196,0
106311927,44,2,0,0.011442299,0,0.14505187,0
106311933,44,2,0,0.011294445,0,0.025049567,0
106311942,44,3,0,0.007737083,0,0.057786696,0
106311948,44,3,0,0.0052032336,0,0.0028262387,0
106311950,44,3,0,0.015321102,0,0.044226404,0
106311953,44,4,0,0.077776566,0,0.07849111,0
106311963,44,2,0,0.09631357,0,0.5257098,0
106311964,44,2,0,0.0040716007,0,0.037679493,0
106311965,44,3,0,0.05041175,0,0.011205989,0
106311970,44,4,0,0.0013317018,0,0.0011301866,0
106311971,44,1,0,0.045250427,0,0.124150194,0
106311975,44,3,0,0.12496383,0,0.17228265,0
106312186,44,3,0,0.001157455,0,0.003974513,0
106312433,44,2,0,0.0022212183,0,0.00018224977,0
106312648,44,2,0,0.059851594,0,0.51722026,0
106312649,44,3,0,0.0051286044,0,0.13212427,0
106312654,44,4,0,0.12456079,0,0.488471,0
106312809,44,3,0,0.030504128,0,0.0032148564,0
106313047,44,3,0,0.20972948,0,0.8558527,1
106313283,44,6,0,0.03428905,0,0.24678718,0
106313302,44,6,0,0.031784624,0,0.16053812,0
106313316,44,6,0,0.025982415,0,0.005951921,0
106313324,44,2,0,0.009495086,0,0.047345262,0
106313325,44,3,0,0.002693394,0,0.0021059318,0
106313327,44,1,0,0.0009845955,0,0.003363871,0
106313330,44,2,0,0.005994889,0,0.007975094,0
106313491,44,2,0,6.5706267e-06,0,0.0003947376,0
106314062,44,10,0,0.0025051343,0,0.0076016015,0
106314065,44,3,0,0.22011611,0,0.29759333,0
106314066,44,5,0,0.014334746,0,0.036821865,0
106314067,44,2,0,0.00056068006,0,0.009498894,0
106314068,44,1,0,0.0001869274,0,0.005195876,0
106314179,44,5,0,0.0024183828,0,0.002835942,0
106314180,44,3,0,0.0018983769,0,0.00028871733,0
106314181,44,2,0,0.036463086,0,0.2251687,0
106314182,44,4,0,0.011372742,0,0.0052510146,0
106314186,44,7,0,0.004372002,0,0.003461977,0
106314364,44,7,0,0.032481626,0,0.098881766,0
106314544,44,4,0,0.0012719387,0,0.005902473,0
106314555,44,2,0,0.005444212,0,0.046095766,0
106314557,44,3,0,0.0008163043,0,0.01059194,0
106314563,44,2,0,0.094935365,0,0.4863427,0
106314567,44,2,0,0.010961143,0,0.22581688,0
106314572,44,2,0,0.095783144,0,0.4872016,0
106314576,44,4,0,0.7970706,1,0.4681596,0
106314762,44,4,0,0.00826775,0,0.020617252,0
106314771,44,5,0,0.0036835684,0,0.006218283,0
106314781,44,5,0,0.000887434,0,0.00018938251,0
106314993,44,5,0,0.00042373908,0,0.001968699,0
106315203,44,1,0,0.03501146,0,0.12369992,0
106315204,44,1,0,0.0011811778,0,0.003900471,0
106315209,44,2,0,0.0072646793,0,0.16420615,0
106315211,44,2,0,0.027267426,0,0.38426727,0
106315214,44,5,0,0.0037867902,0,0.09539076,0
106315226,44,6,0,0.0045836293,0,0.015017964,0
106315240,44,6,0,0.03895634,0,0.031260975,0
106315705,44,6,0,0.05555781,0,0.038735803,0
106315862,44,7,0,0.055953562,0,0.10146961,0
106316732,44,2,0,0.0009936672,0,0.0026727212,0
106317037,44,1,0,0.004900511,0,0.035356566,0
106317210,44,2,0,0.010325575,0,0.0003195696,0
106317215,44,1,0,0.0006119935,0,0.002476564,0
106317574,44,3,0,0.011924226,0,0.011308319,0
106317580,44,3,0,0.5444487,0,0.052433226,0
106317581,44,3,0,0.080396675,0,0.05409597,0
106317601,44,3,0,0.10390487,0,0.042312786,0
106317602,44,2,0,3.1797943e-05,0,4.3858916e-05,0
106317727,44,1,0,0.021371365,0,0.2685296,0
106318007,44,2,0,0.13369903,0,0.6084628,0
106318154,44,1,0,0.0017242138,0,0.027326299,0
106318883,44,3,0,0.026842333,0,0.0020037852,0
106318945,44,2,0,1.0491002e-05,0,0.006889908,0
106318951,44,2,0,0.005939805,0,0.0049600936,0
106318955,44,3,0,0.028766416,0,0.0045171073,0
106318958,44,2,0,0.0011154875,0,0.0026441151,0
106318963,44,2,0,0.00049209344,0,0.003790957,0
106319718,44,3,0,0.5448101,0,0.41549566,0
106319719,44,3,0,0.0009699972,0,0.00030270143,0
106319720,44,1,0,0.028313452,0,0.27763465,0
106319726,44,2,0,0.0069502434,0,0.019213362,0
106319728,44,3,0,0.014204207,0,0.01478181,0
106319731,44,1,0,5.264297e-07,0,4.3440286e-05,0
106319919,44,4,0,1.4938983e-32,0,1.1035972e-31,0
106320422,44,120,0,0.0,0,0.0,0
106320643,44,4,0,3.870796e-19,0,1.0332322e-30,0
106321019,44,4,0,4.455956e-19,0,1.5728524e-18,0
106321169,44,2,0,0.0007458616,0,0.0048227413,0
106321173,44,5,0,0.0003192815,0,0.001435768,0
106322161,44,3,0,0.0006218383,0,6.1080573e-06,0
106323309,44,2,0,0.0029807196,0,0.02350166,0
106323319,44,6,0,6.804513e-06,0,0.00047638643,0
106323743,44,2,0,4.5738489e-07,0,0.0001233207,0
106323756,44,1,0,0.004069494,0,0.03486567,0
106325400,44,4,0,0.018193342,0,0.2002044,0
106325406,44,2,0,0.04835613,0,0.30467418,0
106325771,44,3,0,0.0011188964,0,0.0033977246,0
106326100,44,1,0,0.008874999,0,0.20650646,0
106328862,44,1,0,0.016278505,0,0.35916975,0
106330472,44,3,0,0.0007284074,0,0.0008388774,0
106330476,44,2,0,5.154588e-06,0,2.10388e-05,0
106330478,44,3,0,2.7758072e-06,0,5.795616e-06,0
106330481,44,3,0,0.00046834102,0,0.00092610985,0
106330487,44,2,0,2.9149718e-05,0,0.00044934047,0
106330496,44,2,0,4.91604e-05,0,1.9888187e-06,0
106335701,44,2,0,0.00049293705,0,0.0028832445,0
106339363,44,3,0,0.005653278,0,0.0052760257,0
106339460,44,2,0,0.0008002011,0,0.0027279556,0
106339810,44,2,0,0.28350252,0,0.5703454,0
106339814,44,2,0,0.98332214,1,0.71991193,0
106342427,44,2,1,0.097006164,0,0.045540947,0
106342670,44,1,0,5.3721622e-05,0,0.004013256,0
106343043,44,3,0,0.00035214794,0,2.000946e-05,0
106343046,44,7,0,2.4046776e-09,0,2.6124527e-14,0
106344760,44,15,0,2.800229e-15,0,1.8802063e-16,0
106345267,44,2,0,0.009835209,0,0.014667852,0
106345268,44,1,0,3.5289586e-20,0,2.029012e-17,0
106345274,44,2,0,0.0030987584,0,0.008372258,0
106347785,44,3,0,7.1668655e-06,0,0.0018916334,0
106350685,44,27,0,2.0397131e-14,0,1.0291168e-09,0
106352563,44,3,0,4.1948926e-05,0,0.0014326765,0
106353589,44,1,0,0.23456927,0,0.20133844,0
106353923,44,2,0,0.017069845,0,0.075050354,0
106358134,44,2,0,0.0001263227,0,0.01598966,0
106358137,44,2,0,0.0026152858,0,0.06502185,0
106359119,44,3,0,0.020553192,0,0.053973746,0
106359123,44,3,0,0.08466183,0,0.072262205,0
106360449,44,1,0,0.08942777,0,0.13939722,0
106360467,44,4,0,1.2956691e-08,0,1.8078674e-07,0
106360479,44,1,0,2.6033666e-09,0,5.8215187e-06,0
106360921,44,8,0,3.0502216e-17,0,3.5901762e-09,0
106363051,44,2,0,3.0464066e-06,0,4.4949335e-05,0
106364654,44,48,0,2.622719e-06,0,5.2947453e-06,0
106364657,44,2,0,0.7100921,1,0.5943908,0
106364665,44,7,0,0.039127268,0,0.021882297,0
106364886,44,1,0,3.295177e-05,0,0.0025789493,0
106364914,44,2,0,0.92031026,1,0.010654667,0
106364923,44,2,0,0.98308057,1,0.89293337,1
106366227,44,47,0,9.4173504e-15,0,2.8380687e-10,0
106366575,44,3,0,0.010332272,0,0.009146922,0
106366578,44,4,0,3.124638e-07,0,0.00010056832,0
106366586,44,2,0,6.9834294e-07,0,0.00030139033,0
106366590,44,1,0,9.49172e-07,0,0.00062710233,0
106366595,44,1,0,4.602874e-06,0,0.00047278934,0
106368295,44,4,0,1.80047e-21,0,1.864896e-11,0
106368711,44,1,0,1.8732604e-05,0,0.00037606063,0
106370308,44,1,0,6.3646796e-05,0,5.8011456e-06,0
106372021,44,2,0,0.0035982002,0,0.041507397,0
106375667,44,2,0,9.746712e-11,0,1.889876e-18,0
106376436,44,5,0,2.6181765e-16,0,3.951929e-09,0
106376443,44,1,0,2.6758484e-05,0,3.681063e-07,0
106376532,44,2,0,0.03421187,0,0.021229628,0
106376535,44,5,0,5.339879e-08,0,9.0489385e-07,0
106379869,44,2,0,1.2181525e-09,0,1.7541544e-06,0
106379873,44,2,0,1.7061746e-08,0,2.080306e-06,0
106380383,44,2,0,3.6469875e-05,0,0.00016010004,0
106380387,44,2,0,0.034650397,0,0.075315386,0
106380398,44,2,0,0.0018747761,0,0.03515087,0
106380409,44,2,0,0.08634187,0,0.06348239,0
106380411,44,2,0,0.035619874,0,0.13227272,0
106380422,44,2,0,0.0006210838,0,0.0041089067,0
106380424,44,2,0,0.16167696,0,0.18221852,0
106381045,44,2,0,0.11994928,0,0.2038352,0
106381047,44,2,0,0.009023311,0,0.004990086,0
106386378,44,8,0,0.0018042318,0,4.126242e-05,0
106386385,44,2,0,0.0020070404,0,0.0063895434,0
106386386,44,2,0,0.0008774536,0,0.004011676,0
106387795,44,3,0,4.9663598e-09,0,7.722658e-08,0
106388151,44,2,0,0.0008329509,0,0.0003553136,0
106388155,44,2,0,0.000113137896,0,0.00011816412,0
106388477,44,1,0,5.7520523e-24,0,6.4722736e-14,0
106388485,44,2,0,0.00027816964,0,0.0006898695,0
106388488,44,2,0,0.14131801,0,0.11588027,0
106388531,44,2,0,0.020665444,0,0.0014328599,0
106388533,44,2,0,9.251037e-05,0,0.00046586097,0
106388538,44,2,0,0.00020835479,0,0.0010808768,0
106388541,44,2,0,0.026577098,0,0.05315517,0
106388579,44,2,0,0.005900982,0,0.029229974,0
106388793,44,2,0,0.00011393275,0,0.0033488013,0
106388886,44,2,0,0.14931004,0,0.1563059,0
106388887,44,2,0,0.016396979,0,0.044349007,0
106388897,44,2,0,0.0077332216,0,0.001427907,0
106388899,44,2,0,0.00056954403,0,0.0010202597,0
106389304,44,2,0,0.026825523,0,0.001674106,0
106389311,44,2,0,0.00028725117,0,0.0014256013,0
106390056,44,1,0,4.038372e-05,0,1.1850094e-06,0
106390064,44,2,0,0.017355673,0,0.123746425,0
106390068,44,2,0,0.019834194,0,0.008039596,0
106390184,44,2,0,0.03494352,0,0.013853429,0
106390194,44,2,0,1.1376175e-05,0,1.2104325e-05,0
106390578,44,14,0,1.6959176e-17,0,3.4878425e-14,0
106390783,44,2,0,0.00033372038,0,0.00070678705,0
106390786,44,2,0,0.040971372,0,0.026008615,0
106390804,44,2,0,0.28013408,0,0.1525675,0
106390808,44,2,0,0.20956711,0,0.031779002,0
106391268,44,2,0,1.0789475e-09,0,3.9301087e-16,0
106391278,44,1,0,0.04462236,0,0.0039900453,0
106391289,44,2,0,0.0017805251,0,0.010461704,0
106391932,44,2,0,0.0012029548,0,0.019488353,0
106391950,44,2,0,0.013806755,0,0.0006777014,0
106391956,44,2,0,0.00051577255,0,0.0025276032,0
106391960,44,3,0,0.0041158274,0,0.002613714,0
106391967,44,2,0,0.002427235,0,0.019251758,0
106392554,44,2,0,0.030483093,0,0.010277426,0
106393044,44,2,0,0.00700688,0,0.03461385,0
106393045,44,2,0,0.21353322,0,0.050401952,0
106393052,44,2,0,0.068968296,0,0.022997547,0
106393280,44,2,0,0.002590277,0,0.014469595,0
106393296,44,2,0,0.00040774175,0,0.00035238537,0
106393301,44,2,0,0.008566163,0,0.0011453956,0
106393325,44,1,0,1.0152471e-09,0,3.291928e-18,0
106393330,44,2,0,0.0040180427,0,0.019546943,0
106393334,44,2,0,0.029092789,0,0.12494245,0
106393474,44,2,0,0.031539958,0,0.0064197117,0
106393478,44,2,0,0.003689467,0,0.007373353,0
106393479,44,2,0,0.052686375,0,0.079049416,0
106393714,44,2,0,0.0036609436,0,0.022700671,0
106393924,44,2,0,0.026019163,0,0.2919768,0
106393926,44,2,0,0.0027086148,0,0.009462359,0
106396805,44,3,0,0.009033912,0,0.10060097,0
106397435,44,5,0,0.00041636467,0,3.083456e-05,0
106397441,44,6,0,3.2132002e-14,0,1.6372503e-07,0
106398163,44,1,0,0.0003921033,0,0.0017916943,0
106400431,44,9,0,0.030221524,0,0.0038823958,0
106400435,44,2,0,0.26993978,0,0.16857995,0
106400561,44,1,0,0.002811519,0,0.00036431957,0
106401457,44,8,0,0.00021777583,0,5.0821593e-05,0
106401474,44,3,0,0.0095288465,0,0.061608054,0
106401837,44,5,0,0.038717795,0,0.054380264,0
106402217,44,21,0,0.00021344873,0,0.00040711917,0
106402446,44,26,0,0.01629209,0,0.021557715,0
106402454,44,2,0,0.17548753,0,0.20085844,0
106402458,44,1,0,0.00020955475,0,0.0011217165,0
106402463,44,2,0,0.068238206,0,0.15356612,0
106402470,44,9,0,0.1322857,0,0.08493639,0
106402482,44,1,0,0.0011766041,0,0.00040379266,0
106403370,44,2,0,3.95646e-10,0,1.6799973e-07,0
106403375,44,2,0,5.5594205e-07,0,5.8645874e-05,0
106403381,44,2,0,1.1622745e-08,0,8.751202e-06,0
106406022,44,2,0,0.31112117,0,0.6274267,0
106406046,44,1,0,0.00017345331,0,0.0005218636,0
106406854,44,7,0,0.018809222,0,0.032427818,0
106411213,44,2,0,9.4360235e-09,0,4.096695e-06,0
106411215,44,2,0,1.0731174e-08,0,8.030981e-07,0
106411216,44,2,0,6.1056363e-07,0,1.0438612e-06,0
106411222,44,1,0,4.1403396e-06,0,0.00021171267,0
106411254,44,6,0,4.423638e-13,0,7.8666574e-08,0
106413261,44,2,0,0.02156789,0,0.07428152,0
106413265,44,2,0,0.11201263,0,0.31182998,0
106413267,44,2,0,0.0002310425,0,0.00015658514,0
106413466,44,2,0,0.009793614,0,0.003702592,0
106413470,44,3,0,0.0049628387,0,0.095378965,0
106413598,44,2,0,0.00026513447,0,0.00030722652,0
106413601,44,2,0,0.006690895,0,0.007983968,0
106413758,44,3,0,0.0024051159,0,0.059797406,0
106413774,44,2,0,0.01216087,0,0.0007217556,0
106413922,44,2,0,0.0031134824,0,0.019650467,0
106414086,44,2,0,0.011185164,0,0.017434707,0
106414113,44,2,0,0.04713886,0,0.116054066,0
106414116,44,2,0,0.04122815,0,0.38351282,0
106414122,44,2,0,0.00045153868,0,5.7994737e-05,0
106414126,44,2,0,1.7303038e-05,0,3.9941886e-05,0
106414143,44,2,0,0.03402138,0,0.014762363,0
106414252,44,3,0,0.0065612057,0,0.0072268667,0
106414664,44,3,0,0.0061021503,0,0.0051699034,0
106414666,44,3,0,0.11029666,0,0.0011874405,0
106414667,44,2,0,2.4300494e-05,0,7.945511e-05,0
106414670,44,2,0,0.0004427212,0,7.181807e-05,0
106414899,44,2,0,0.053448036,0,0.029858934,0
106414917,44,1,0,2.0816746e-09,0,1.7134818e-17,0
106415246,44,2,0,0.0005422958,0,0.0011307746,0
106415248,44,2,0,0.024917519,0,0.014759285,0
106415653,44,2,0,0.012994661,0,0.002765588,0
106415654,44,2,0,0.00096888706,0,0.004542453,0
106415655,44,2,0,8.009755e-05,0,0.00027446958,0
106415656,44,2,0,0.024625808,0,0.0052826917,0
106415657,44,2,0,0.002190538,0,0.0025324612,0
106415661,44,2,0,0.0673491,0,0.071048014,0
106415662,44,2,0,0.04738155,0,0.0077794464,0
106415665,44,2,0,0.006166607,0,0.020593997,0
106415760,44,2,0,0.035358638,0,0.11871459,0
106415987,44,2,0,0.0006688544,0,0.0039189016,0
106416051,44,2,0,0.017391425,0,0.0647477,0
106416065,44,2,0,0.009103772,0,0.09198157,0
106416066,44,2,0,2.6149516e-07,0,3.3211945e-16,0
106416290,44,2,0,0.00049113634,0,0.0005960032,0
106416442,44,2,0,0.001482618,0,0.0039954134,0
106416449,44,2,0,0.009956257,0,0.0058503766,0
106416690,44,2,0,0.002573649,0,0.0024626802,0
106416831,44,2,0,0.00074180914,0,4.5576806e-05,0
106416833,44,2,0,9.1807857e-07,0,0.00024026119,0
106417087,44,3,0,1.2742402e-25,0,3.965603e-13,0
106417106,44,2,0,8.244423e-05,0,0.0042201523,0
106417109,44,2,0,0.057830714,0,0.4549541,0
106417238,44,2,0,0.03059025,0,0.015571839,0
106417251,44,2,0,0.002244688,0,0.0020291458,0
106417541,44,2,0,1.8828387e-05,0,0.00011958135,0
106417542,44,2,0,0.89159346,1,0.50355124,0
106417543,44,2,0,3.3049266e-05,0,0.00086796284,0
106417545,44,1,0,0.0062889038,0,0.06437636,0
106417596,44,3,0,0.0041911565,0,0.016238522,0
106417612,44,2,0,0.01953686,0,0.036194745,0
106417618,44,2,0,2.9085742e-05,0,1.4443753e-05,0
106417628,44,2,0,0.000919388,0,0.000963279,0
106418366,44,2,0,0.007608087,0,0.17603964,0
106418668,44,2,0,0.0040048286,0,0.0519377,0
106418672,44,1,0,0.49108177,0,0.098416485,0
106426575,44,3,0,3.3587463e-07,0,0.0003528185,0
106427696,44,1,0,6.363954e-06,0,0.0004870122,0
106436626,44,14,0,0.00043408666,0,0.00243472,0
106438780,44,7,0,1.9703646e-06,0,4.1760327e-06,0
106445703,44,2,0,8.501517e-05,0,0.000121593934,0
106446312,44,1,0,0.00024301124,0,0.0002798068,0
106446315,44,2,0,0.00028158134,0,0.0021155232,0
106446349,44,4,0,1.2874204e-05,0,0.000804933,0
106446357,44,2,0,0.001922652,0,0.00027571645,0
106451980,44,1,0,0.019286497,0,0.031037485,0
106456521,44,2,0,7.74515e-09,0,6.783293e-08,0
106490549,44,1,0,3.9259383e-05,0,0.007376261,0
106500745,44,3,0,0.0046568736,0,0.009399376,0
106506098,44,2,0,0.0016134529,0,0.14068386,0
106703678,44,1,0,7.8837866e-07,0,0.0003232694,0
106708266,44,3,0,3.9904236e-08,0,1.2832269e-08,0
106708277,44,2,0,1.940091e-06,0,0.00012365064,0
106708597,44,1,0,0.005416332,0,0.017807133,0
106709271,44,2,0,6.8694906e-05,0,0.00017846927,0
106709573,44,1,0,0.0013511716,0,0.0011423756,0
106709992,44,8,0,0.19137509,0,0.32055002,0
106710020,44,2,0,0.17389797,0,0.06681995,0
106712340,44,2,0,0.0020503385,0,0.0049045538,0
106712364,44,2,0,5.4344353e-17,0,1.2902924e-20,0
106712617,44,3,0,0.0010563869,0,0.0008226524,0
106713427,44,22,0,1.2240332e-13,0,2.107129e-09,0
106713531,44,7,0,1.4230784e-07,0,1.9297947e-07,0
106713535,44,6,0,5.104855e-22,0,2.8654529e-12,0
106713551,44,4,0,4.812462e-05,0,3.0117973e-05,0
106713554,44,1,0,1.8279208e-05,0,6.907512e-05,0
106713558,44,4,0,0.00021235173,0,0.00015906744,0
106713561,44,3,0,3.117969e-05,0,0.0005872972,0
106713565,44,2,0,0.00042614975,0,0.002609182,0
106713598,44,3,0,3.523238e-06,0,2.1035717e-06,0
106713640,44,4,0,0.0078975195,0,0.052063886,0
106713643,44,1,0,0.0680528,0,0.39348888,0
106713844,44,1,0,1.11084e-06,0,3.2800606e-31,0
106714924,44,1,0,6.998724e-06,0,1.1130999e-06,0
106717907,44,3,0,0.029534513,0,0.0017456864,0
106718344,44,4,0,0.0043149195,0,0.012034176,0
106718595,44,2,0,0.0012672401,0,0.00664844,0
106718650,44,4,0,0.004095411,0,0.016120525,0
106720346,44,3,0,0.03734965,0,0.020835023,0
106720358,44,6,0,0.038531754,0,0.025983522,0
106720807,44,7,0,0.0010623661,0,0.0027374835,0
106721585,44,7,0,0.04698513,0,0.06315196,0
106722371,44,4,0,0.030656792,0,0.15395127,0
106722384,44,4,0,0.0017603156,0,0.004199262,0
106722389,44,5,0,0.0024146044,0,0.0034205057,0
106722397,44,9,0,0.0024942579,0,0.024253901,0
106722979,44,5,0,0.04407962,0,0.039435256,0
106723407,44,6,0,0.0068381177,0,0.0091427965,0
106723410,44,5,0,0.0022998268,0,0.010986787,0
106723412,44,3,0,0.3403547,0,0.06505328,0
106723890,44,3,0,0.0044310424,0,0.005558614,0
106724411,44,3,0,0.025009604,0,0.010898051,0
106724417,44,4,0,0.008721182,0,0.021699255,0
106724860,44,4,0,0.00042440856,0,0.0033271713,0
106728267,44,1,0,0.029634329,0,0.055843037,0
106728691,44,1,0,0.05058113,0,0.031348515,0
106729589,44,1,0,0.012471974,0,0.02295748,0
106731467,44,3,0,3.245892e-39,0,4.8889094e-19,0
106732211,44,2,0,0.0,0,3.0223373e-28,0
106732910,44,3,0,2.7018533e-31,0,1.7349178e-16,0
106734429,44,1,0,4.958033e-07,0,3.075603e-05,0
106734819,44,2,0,0.0017469616,0,0.00019063095,0
106735343,44,2,0,0.00017123258,0,0.00531707,0
106735346,44,4,0,1.5593072e-06,0,4.4414413e-05,0
106737698,44,7,0,0.00032210193,0,0.0008349769,0
106738265,44,3,0,2.7145717e-05,0,5.682825e-05,0
106742137,44,3,0,0.000102468264,0,0.0048001413,0
106742188,44,2,0,2.9026474e-05,0,0.00055906235,0
106742192,44,2,0,0.0019329011,0,0.0013427,0
106747707,44,1,0,0.0031948907,0,0.034090683,0
106747709,44,3,0,0.013131377,0,0.020136803,0
106748672,44,14,0,1.9115494e-09,0,5.140946e-08,0
106756614,44,36,0,1.7550413e-07,0,1.6257026e-07,0
106757918,44,9,0,3.0573578e-05,0,0.00033940625,0
106759912,44,2,0,0.9900601,1,0.85306764,1
106760314,44,1,0,0.9873124,1,0.8682695,1
106761396,44,7,0,0.0010426765,0,0.0016237305,0
106761612,44,12,0,3.4716817e-25,0,2.649156e-19,0
106761614,44,1,0,0.0023592217,0,0.029399792,0
106761616,44,1,0,0.00033651027,0,0.024139607,0
106763379,44,2,0,3.579789e-28,0,1.14607336e-14,0
106764741,44,2,0,2.7104607e-25,0,6.498547e-14,0
106764771,44,1,0,2.5157727e-24,0,1.070404e-13,0
106766282,44,2,0,6.1886562e-06,0,1.9858406e-05,0
106766286,44,1,0,6.2565705e-05,0,0.0001876215,0
106766292,44,1,0,3.896216e-05,0,0.0002388298,0
106767220,44,1,0,0.00015290182,0,0.0037437591,0
106770255,44,3,0,8.572916e-06,0,1.4453067e-07,0
106770264,44,3,0,0.00025695204,0,5.898904e-07,0
106775444,44,1,0,0.0,0,0.0,0
106779683,44,2,0,1.5407162e-05,0,2.991133e-06,0
106779685,44,6,0,1.6196525e-16,0,6.4389618e-12,0
106785169,44,2,0,0.002013496,0,0.00011648679,0
106789142,44,2,0,2.5897483e-08,0,3.263295e-11,0
106789165,44,3,0,7.1078284e-05,0,0.006649599,0
106790558,44,1,0,0.00011171176,0,9.892522e-05,0
106790814,44,1,0,1.8363403e-06,0,4.4905883e-06,0
106792699,44,1,0,0.047900848,0,0.06514321,0
106793932,44,1,0,0.0039971294,0,0.006054594,0
106798419,44,2,0,0.00019142983,0,0.0009688169,0
106801211,44,1,0,2.9354037e-08,0,8.164612e-12,0
106801876,44,1,0,0.21366112,0,0.052546427,0
106802152,44,2,0,0.015039768,0,0.0054260935,0
106802280,44,1,0,0.01268552,0,0.004137301,0
106802601,44,2,0,0.20636736,0,0.026841916,0
106802620,44,1,0,0.09423139,0,0.6997452,0
106803456,44,1,0,0.06620596,0,0.02729979,0
106803465,44,2,0,0.0038075226,0,0.0009667529,0
106803466,44,1,0,0.0825953,0,0.19558974,0
106803469,44,2,0,0.051163774,0,0.10388613,0
106803479,44,1,0,4.514556e-07,0,5.2286312e-05,0
106804491,44,2,0,5.6478413e-08,0,2.4063156e-09,0
106805385,44,2,0,0.3023126,0,0.0045180484,0
106813377,44,1,0,0.06737725,0,0.0038493671,0
106814413,44,1,0,0.00023044542,0,0.0011195424,0
106814414,44,2,0,0.007860756,0,0.0012124019,0
106814423,44,23,0,0.0008209508,0,0.0006606489,0
106814429,44,2,0,4.662941e-11,0,9.846794e-18,0
106814461,44,1,0,3.2858352e-07,0,8.706648e-12,0
106814727,44,1,0,0.0076451725,0,0.058880158,0
106814876,44,2,0,0.058306593,0,0.090792686,0
106814883,44,1,0,0.013014817,0,0.0014990453,0
106814886,44,2,0,0.12684314,0,0.0012538311,0
106814889,44,1,0,0.29791522,0,0.0073384517,0
106814893,44,2,0,0.0011654117,0,0.0018843891,0
106814903,44,1,0,0.07317704,0,3.3685712e-08,0
106814904,44,3,0,2.5019682e-08,0,2.1317403e-08,0
106814905,44,1,0,0.010825927,0,0.012043353,0
106814909,44,2,0,0.119077094,0,0.09561816,0
106814911,44,1,0,0.123142995,0,0.17560579,0
106814914,44,2,0,0.033617478,0,0.026989184,0
106815168,44,2,0,1.9719718e-10,0,1.24349535e-05,0
106815179,44,1,0,0.10810679,0,0.19459239,0
106815186,44,2,0,0.042678505,0,0.012049794,0
106815188,44,1,0,2.2669713e-06,0,3.7998552e-11,0
106815647,44,1,0,0.3617462,0,0.26589134,0
106815649,44,2,0,0.5558896,0,0.09846532,0
106815650,44,1,0,3.8104106e-06,0,1.351969e-10,0
106815670,44,1,0,0.0112763345,0,0.014879144,0
106815678,44,2,0,0.10778109,0,0.009286131,0
106815681,44,1,0,0.00041565363,0,0.00030479833,0
106815684,44,2,0,0.022122545,0,0.0055896705,0
106815685,44,1,0,0.006889302,0,0.026830459,0
106815694,44,1,0,0.32541886,0,0.042610466,0
106815698,44,2,0,0.005059172,0,0.0027326192,0
106815720,44,1,0,0.2533086,0,0.4516374,0
106815723,44,2,0,0.65393615,0,0.16951364,0
106815727,44,2,0,4.6351662e-08,0,5.569341e-09,0
106816120,44,1,0,0.0003409394,0,6.278272e-05,0
106816122,44,2,0,0.0003765697,0,4.1600626e-05,0
106816389,44,2,0,7.3335865e-10,0,1.8996522e-10,0
106816403,44,1,0,0.04483656,0,0.004690456,0
106816407,44,2,0,0.0028910441,0,0.003994021,0
106816409,44,1,0,0.0037368739,0,0.0002441406,0
106816412,44,2,0,0.009411501,0,0.0036688678,0
106816546,44,1,0,2.4393826e-06,0,2.2588325e-11,0
106816567,44,1,0,0.103032626,0,0.0062837717,0
106816572,44,2,0,0.00052830216,0,0.002563352,0
106816574,44,1,0,0.01795236,0,0.028538123,0
106816578,44,2,0,0.96219647,1,0.293051,0
106816622,44,1,0,0.05487906,0,0.024012763,0
106816626,44,2,0,0.019670831,0,0.056589194,0
106816817,44,1,0,5.1643677e-19,0,7.3726844e-11,0
106816819,44,5,0,1.0291279e-05,0,3.2156375e-05,0
106821568,44,3,0,0.0015707861,0,0.007906977,0
106821926,44,2,0,0.22612919,0,0.0028635785,0
106821929,44,2,0,0.124503754,0,0.005149947,0
106832865,44,12,0,0.0003721877,0,0.0003186417,0
106832866,44,1,0,1.909314e-05,0,1.9736538e-06,0
106832873,44,1,0,8.455046e-08,0,3.1210263e-09,0
106832875,44,1,0,4.0131027e-11,0,1.1802788e-11,0
106832877,44,1,0,2.5544984e-09,0,1.4888241e-09,0
106832879,44,7,0,0.014645677,0,0.0005057771,0
106832882,44,1,0,4.519001e-08,0,2.8834453e-09,0
106835394,44,1,0,3.7258673e-08,0,2.4504878e-09,0
106835395,44,2,0,1.0149031e-06,0,2.4984067e-07,0
106841518,44,1,0,2.4257586e-08,0,1.496252e-08,0
106841885,44,1,0,1.09733875e-07,0,2.8022893e-09,0
106841892,44,6,0,0.0005607666,0,0.00088591967,0
106841897,44,1,0,4.774298e-09,0,8.859773e-10,0
106841898,44,1,0,1.7618225e-08,0,1.0256054e-09,0
106841903,44,1,0,1.563742e-07,0,1.2343238e-08,0
106841904,44,1,0,1.9140667e-07,0,1.21231905e-08,0
106841905,44,1,0,1.9470123e-07,0,1.9716644e-09,0
106841906,44,1,0,2.5301773e-07,0,2.3684037e-09,0
106841909,44,1,0,2.1329122e-07,0,1.3447487e-08,0
106841937,44,1,0,2.4929513e-08,0,3.6488628e-09,0
106841938,44,1,0,5.632863e-09,0,1.4704266e-09,0
106841947,44,2,0,5.3751847e-08,0,7.113306e-08,0
106841954,44,10,0,0.0003381259,0,9.069614e-07,0
106842395,44,1,0,0.0006493175,0,1.23822e-05,0
106844593,44,1,0,2.5940974e-09,0,1.7337652e-10,0
106846941,44,15,0,0.0007245288,0,0.0006041371,0
106846949,44,1,0,2.3444524e-07,0,3.8276755e-09,0
106846950,44,1,0,1.9448541e-07,0,5.124974e-10,0
106846953,44,1,0,2.1408592e-08,0,1.643364e-09,0
106846959,44,1,0,1.0386182e-08,0,7.3262607e-10,0
106847281,44,4,0,4.8139142e-11,0,1.0585931e-10,0
106849230,44,1,0,1.0714847e-09,0,8.784539e-10,0
106849236,44,1,0,4.8292193e-05,0,9.697798e-05,0
106849239,44,1,0,0.0021950377,0,0.019773824,0
106851997,44,2,0,0.07349014,0,0.07388535,0
106854410,44,1,0,0.0012102708,0,0.0019823366,0
106854417,44,1,0,3.822306e-09,0,2.724207e-09,0
106854901,44,1,0,5.3889377e-09,0,1.2518141e-08,0
106854916,44,1,0,4.6373592e-05,0,0.018159712,0
106855390,44,1,0,0.009298206,0,0.008838177,0
106855396,44,1,0,1.843376e-08,0,6.1867613e-09,0
106855417,44,1,0,0.26583183,0,0.36158505,0
106855735,44,1,0,2.675546e-08,0,1.6773944e-09,0
106855739,44,1,0,0.055439744,0,0.053267736,0
106855851,44,1,0,2.0863527e-07,0,1.930939e-08,0
106856152,44,1,0,0.020089751,0,0.0035010136,0
106856158,44,1,0,0.14765017,0,0.0026795198,0
106856176,44,1,0,0.00083697075,0,0.0026047905,0
106856225,44,3,0,5.735343e-10,0,1.2112599e-09,0
106856753,44,1,0,0.04434121,0,0.009636528,0
106856770,44,1,0,0.00011417638,0,1.4947416e-05,0
106856776,44,1,0,0.06901477,0,0.08861853,0
106857117,44,1,0,0.10770997,0,0.042296883,0
106857647,44,1,0,0.025369816,0,0.0044716285,0
106857655,44,1,0,0.0016913087,0,0.0040109353,0
106857686,44,1,0,0.0020670255,0,5.5510518e-05,0
107083982,44,4,1,0.0024403366,0,0.013076186,0
107083983,44,2,1,0.0011044946,0,0.0136809945,0
107090648,44,1,0,5.117406e-09,0,3.620113e-14,0
107095395,44,12,0,5.0842096e-05,0,0.0029043518,0
107096488,44,2,0,5.253336e-05,0,0.0004427151,0
107099177,44,1,0,0.006741221,0,0.0076504163,0
107152411,44,2,0,3.6950898e-06,0,0.00010986902,0
107152811,44,1,0,1.9519758e-08,0,1.2260204e-15,0
107153626,44,1,0,2.2015909e-06,0,7.748412e-06,0
107189098,44,4,1,0.005556526,0,0.00831395,0
107203747,44,17,0,5.4915184e-08,0,5.634768e-08,0
107203756,44,4,1,0.00013599236,0,0.0015154436,0
107207779,44,1,0,8.0260826e-08,0,4.932137e-10,0
107208682,44,2,0,0.0001804463,0,0.0019409298,0
107209112,44,7,0,3.626681e-09,0,3.417829e-08,0
107210875,44,2,0,0.0028769074,0,0.0031440866,0
107215283,44,3,0,0.00024512372,0,0.00036099536,0
107215353,44,7,0,3.979752e-06,0,4.000601e-06,0
107241062,44,1,0,1.2869035e-08,0,2.1941423e-08,0
107624551,44,40,0,1.4925514e-07,0,2.315699e-06,0
107667368,44,6,0,0.0055291574,0,0.01155187,0
107730071,44,1,1,9.547908e-05,0,0.00031509847,0
107984774,44,4,0,0.023759244,0,0.0414311,0
108020351,44,2,0,4.200317e-05,0,0.004124963,0
108052314,44,6,0,0.0015100526,0,2.3788598e-05,0
108061129,44,1,0,1.4622152e-09,0,3.3976262e-09,0
108061969,44,1,0,3.5845366e-10,0,4.008463e-09,0
108079275,44,1,0,0.0002952635,0,0.00552153,0
108348142,44,1,0,1.4941402e-05,0,0.0003171282,0
108374456,44,1,0,6.329167e-07,0,2.0239492e-09,0
108625810,44,3,0,8.945878e-07,0,7.6272144e-08,0
108642902,44,2,0,0.012460339,0,0.015123795,0
108668266,44,3,0,0.0011561381,0,0.017091844,0
108834888,44,2,0,0.0005063825,0,2.6781232e-05,0
108958300,44,1,0,0.0442636,0,0.004942687,0
110277049,44,2,0,1.5353793e-08,0,7.979215e-05,0
110613202,44,1,0,2.7075471e-17,0,1.7727582e-11,0
110615385,44,1,0,9.09662e-05,0,0.0003638484,0
111350697,44,1,0,3.3425433e-11,0,4.0468788e-14,0
111691229,44,1,0,2.1225878e-05,0,0.0011912028,0
112066522,44,1,0,3.154938e-09,0,5.8812887e-08,0
112066529,44,1,0,4.836644e-08,0,9.600299e-09,0
112128404,44,1,0,1.5825045e-12,0,6.022163e-11,0
112155595,44,4,0,4.758349e-10,0,1.8402475e-10,0
112165914,44,1,0,6.339938e-07,0,3.0115763e-07,0
112169131,44,1,0,9.088687e-09,0,7.3405313e-09,0
112180376,44,1,0,1.829254e-08,0,7.1573536e-10,0
112989226,44,11,0,3.7732511e-06,0,7.5124386e-05,0
113621810,44,3,1,0.00089437526,0,0.00044448182,0
114145013,44,1,0,2.0762407e-05,0,9.8253506e-05,0
116404205,44,1,0,1.6255331e-08,0,2.527913e-09,0
117528489,44,3,0,3.0518018e-07,0,6.3073304e-07,0
125586867,44,2,0,0.000107378946,0,0.0021283552,0
137195720,44,1,0,2.6321558e-09,0,1.0589288e-09,0
146765860,44,1,0,6.4682143e-10,0,3.043735e-10,0
152162426,44,3,0,4.007741e-05,0,1.6835451e-06,0
171946550,44,2,0,0.0012840262,0,7.015151e-05,0
176542167,44,3,0,0.0011240874,0,0.00038054673,0
184258756,44,1,0,6.907744e-09,0,2.8325636e-10,0
189431228,44,4,0,1.5824029e-06,0,1.1846514e-08,0
192036634,44,1,0,0.0024726794,0,0.051887136,0
194762319,44,1,0,1.5135623e-07,0,8.896183e-09,0
195971645,44,1,0,3.4131824e-09,0,9.387419e-11,0
195994689,44,2,0,0.032279305,0,0.008279025,0
195998740,44,1,0,4.6559157e-09,0,2.830722e-10,0
204431163,44,1,0,1.2611716e-10,0,2.446096e-11,0
205173027,44,1,0,1.5525646e-09,0,1.830864e-11,0
205617051,44,1,0,0.020711968,0,0.00019365674,0
206400080,44,1,0,6.27064e-11,0,3.383789e-11,0
212417056,44,2,0,8.279938e-06,0,1.6716182e-06,0
216053734,44,1,0,3.4221577e-07,0,1.6471968e-05,0
223196221,44,1,0,0.009430502,0,2.532806e-05,0
226581611,44,1,0,6.5935533e-09,0,1.0371878e-10,0
227122956,44,1,0,0.00010476533,0,0.004335664,0
231335117,44,1,0,4.846322e-08,0,2.8614484e-09,0
238457456,44,1,0,1.2066211e-08,0,8.1526075e-10,0
247943534,44,27,0,0.00058387447,0,0.00020933647,0
256730850,44,1,0,0.029557155,0,0.2695729,0
258878816,44,2,0,1.902416e-07,0,9.650064e-10,0
259974893,44,1,0,4.4076652e-11,0,3.931724e-18,0
260380323,44,1,0,5.6053134e-11,0,6.2516914e-10,0
261272976,44,2,0,0.09362011,0,0.12496846,0
261276912,44,1,0,1.1427572e-11,0,9.62487e-16,0
261279960,44,1,0,1.8275014e-14,0,1.4803368e-14,0
261281884,44,1,0,0.019428363,0,0.35806856,0
261379273,44,1,0,0.00062497106,0,5.0842147e-05,0
261381528,44,10,0,0.0001329244,0,0.0010704823,0
261387986,44,3,0,5.0394977e-10,0,0.0001516278,0
261445904,44,2,0,8.047976e-05,0,0.0015408269,0
261461032,44,5,0,0.001903572,0,0.0013168148,0
261461040,44,5,0,0.018856816,0,0.0053640134,0
261461741,44,2,0,5.6544644e-07,0,2.0634063e-06,0
261465111,44,1,0,1.5359525e-07,0,2.7971597e-05,0
261465230,44,2,0,7.13504e-07,0,3.796318e-05,0
261469380,44,1,0,0.018244803,0,0.030963114,0
261472203,44,2,0,5.867605e-09,0,1.0589702e-05,0
261493471,44,2,0,0.00023916432,0,0.00022922765,0
261622438,44,3,0,8.958163e-09,0,5.974366e-14,0
261625437,44,1,0,8.0170134e-11,0,2.528124e-10,0
261625895,44,1,0,6.3725913e-09,0,3.2259444e-09,0
261628687,44,1,0,2.7121534e-09,0,9.5184964e-11,0
261629017,44,1,0,1.3508915e-10,0,1.185478e-09,0
261629021,44,1,0,1.3847251e-09,0,1.1776147e-10,0
261635589,44,2,0,1.5438637e-07,0,6.903541e-13,0
4613408,45,5,0,9.444459e-26,0,1.775162e-13,0
5582638,45,17,0,7.1769174e-17,0,5.1229064e-12,0
6763282,45,1,0,2.6872987e-08,0,0.00046646353,0
7556199,45,67,0,2.4209845e-15,0,5.8319116e-13,0
8930897,45,2,0,0.0027113198,0,0.002362436,0
9995261,45,1,0,0.027766101,0,0.37846187,0
9995263,45,5,0,4.2118147e-21,0,1.0772141e-09,0
10001510,45,1,0,0.016965505,0,0.24660383,0
10501149,45,1,0,2.1490844e-06,0,0.00048492925,0
11193869,45,94,0,3.02615e-17,0,1.9110288e-12,0
12172125,45,103,0,4.5224827e-20,0,5.7323596e-13,0
12299920,45,4,0,1.02408985e-14,0,2.63273e-15,0
12897892,45,5,0,6.498331e-27,0,2.180069e-14,0
14553162,45,11,0,1.6405381e-10,0,9.552681e-07,0
15345702,45,1,0,3.3090106e-05,0,0.007443323,0
15984816,45,2,0,1.1341849e-25,0,1.8645721e-15,0
18432712,45,2,0,1.1187893e-05,0,0.0021656672,0
18740931,45,3,0,4.0054456e-06,0,3.2043048e-05,0
19670253,45,99,0,6.96849e-15,0,3.4830445e-13,0
20521889,45,94,0,2.5046154e-14,0,6.2570354e-10,0
21236531,45,1,0,0.02393552,0,0.20863937,0
21961961,45,4,0,1.0524575e-16,0,3.990683e-12,0
23960543,45,5,0,2.250566e-08,0,0.00014422549,0
24492393,45,9,0,1.7404425e-20,0,2.1336273e-31,0
24974748,45,4,0,1.6219265e-25,0,0.0,0
25820894,45,1,0,0.36206582,0,0.0190218,0
27384053,45,2,0,2.516924e-07,0,0.00025036384,0
28027132,45,11,0,2.3704272e-10,0,4.336947e-05,0
28769946,45,1,0,0.00023290301,0,0.0031829677,0
29410189,45,3,0,2.1056477e-19,0,9.900936e-11,0
30341039,45,7,0,5.3246765e-11,0,7.3788606e-06,0
32454472,45,9,0,1.7278413e-08,0,1.1096595e-05,0
32915977,45,7,0,1.5824786e-22,0,1.6664088e-20,0
32997125,45,1,0,9.71151e-22,0,0.0,0
33454081,45,6,0,0.0,0,0.0,0
33596051,45,1,0,3.3184394e-06,0,0.0044829273,0
33678975,45,1,0,3.0737e-05,0,1.9647914e-05,0
34378032,45,1,0,7.8756834e-11,0,2.0673211e-07,0
34579078,45,1,0,2.3581277e-23,0,8.254095e-39,0
34758937,45,2,0,7.4439595e-07,0,0.00015602431,0
34763699,45,8,0,2.0132243e-15,0,1.5673267e-07,0
35617620,45,93,0,4.3218796e-14,0,1.999436e-08,0
35712479,45,7,0,1.5616013e-10,0,2.359892e-07,0
35712480,45,1,0,3.3749914e-06,0,0.0002565929,0
35776348,45,3,0,8.977799e-09,0,5.0076105e-05,0
35776357,45,1,0,2.8297916e-07,0,6.882585e-05,0
37554474,45,1,0,9.723803e-06,0,0.0041726213,0
39877439,45,14,0,1.9542427e-36,0,1.3943793e-18,0
40917947,45,7,0,2.6154543e-14,0,4.4203254e-08,0
41847079,45,5,0,0.0006195726,0,0.015352462,0
43063865,45,1,0,0.0026159473,0,0.19432981,0
44496706,45,7,0,4.594367e-09,0,9.1295515e-06,0
45656066,45,1,0,1.09759085e-05,0,0.0014686428,0
45664854,45,20,0,1.1425583e-12,0,8.057112e-08,0
45768270,45,7,0,9.226171e-26,0,2.275364e-22,0
47050542,45,2,0,5.023759e-07,0,9.293203e-06,0
48838141,45,1,0,0.004630617,0,0.16695218,0
49107501,45,2,0,2.0997019e-21,0,1.770039e-14,0
49365699,45,10,0,1.6660288e-11,0,2.5660156e-06,0
50257327,45,1,0,0.011248882,0,0.31271958,0
50979127,45,1,0,0.054729074,0,0.56651884,0
52631434,45,9,0,2.8997511e-11,0,8.232618e-07,0
53063584,45,92,0,1.1697781e-12,0,1.0781431e-09,0
54092562,45,2,0,3.5584637e-07,0,0.00014359917,0
55650952,45,2,0,0.008030281,0,0.006457959,0
55650955,45,61,0,1.8270308e-14,0,5.0118187e-12,0
55850467,45,2,0,0.024510339,0,0.24313898,0
56567194,45,6,0,1.3746449e-11,0,3.0631554e-08,0
58661827,45,1,0,1.6797894e-24,0,9.814347e-20,0
59510262,45,1,0,0.05604259,0,0.030615948,0
60687058,45,2,0,0.0006922355,0,0.0012877942,0
60687059,45,2,0,0.03237046,0,0.105304524,0
62023289,45,3,0,2.3486286e-06,0,6.827401e-05,0
62049573,45,1,0,9.195864e-05,0,0.0040394277,0
62388992,45,3,0,0.00092216744,0,0.0049475,0
64114945,45,2,0,1.5092772e-06,0,0.000120783174,0
64852016,45,94,0,1.3180442e-09,0,5.081929e-06,0
66349722,45,10,0,3.483373e-15,0,1.9063589e-07,0
67711755,45,3,0,0.00043001442,0,0.013961866,0
68583113,45,9,0,4.1479162e-10,0,3.935604e-06,0
69976194,45,3,0,0.0008679454,0,0.012455858,0
73643913,45,10,0,5.825819e-28,0,1.3363318e-15,0
76941945,45,49,0,9.188337e-20,0,1.1565127e-14,0
78133064,45,12,0,1.8682295e-10,0,4.98531e-07,0
78835248,45,5,0,0.00026359066,0,0.0025366442,0
79102171,45,3,0,2.5786366e-07,0,0.00014292845,0
79559309,45,5,0,2.4449314e-21,0,1.8902928e-12,0
80385909,45,4,0,1.4488465e-07,0,2.4455163e-05,0
80908580,45,8,0,9.439866e-11,0,1.4668566e-22,0
81789779,45,10,0,3.9249698e-31,0,3.3644865e-31,0
84828471,45,1,0,0.052918512,0,0.14373349,0
89015028,45,1,0,0.0018616086,0,1.7002974e-05,0
90534834,45,1,0,1.5134077e-15,0,5.4083808e-12,0
91123970,45,1,0,0.084273875,0,0.20473146,0
91315285,45,1,0,0.28056028,0,0.7054047,0
93185574,45,2,0,3.762544e-09,0,3.4618733e-05,0
94407800,45,12,0,2.192833e-15,0,6.530307e-10,0
94407808,45,2,0,4.539593e-06,0,0.00013297383,0
94407937,45,8,0,6.965677e-14,0,2.086508e-09,0
94407939,45,6,0,2.4283971e-12,0,5.432864e-07,0
94408143,45,7,0,8.764786e-15,0,2.8131305e-07,0
94408148,45,1,0,4.2858046e-05,0,0.00042955822,0
94408152,45,9,0,4.220195e-28,0,4.8011737e-20,0
94408153,45,7,0,1.9222174e-32,0,0.0,0
94408156,45,2,0,6.5243995e-08,0,2.4656476e-06,0
94408157,45,3,0,5.889803e-06,0,0.002946629,0
94408164,45,2,0,6.3661e-05,0,0.0032162243,0
94408269,45,1,0,0.01924836,0,0.0002223873,0
94408492,45,3,0,2.8046494e-34,0,0.0,0
101028778,45,17,0,2.4878572e-13,0,1.6912826e-09,0
101122466,45,13,0,1.6706699e-13,0,9.0204713e-07,0
102771113,45,10,0,3.7524333e-12,0,8.215723e-09,0
106168352,45,1,0,9.387343e-08,0,0.00010452473,0
106638561,45,1,0,3.924295e-24,0,0.0,0
108224316,45,2,0,5.5260487e-05,0,0.0035620062,0
108292235,45,86,0,5.6448e-17,0,4.1097282e-11,0
108353956,45,6,0,8.0325654e-22,0,1.7037712e-23,0
111575373,45,106,0,5.5187075e-18,0,7.292515e-12,0
111837671,45,4,0,5.965883e-14,0,1.9726853e-07,0
111837672,45,5,0,3.253747e-12,0,6.2333108e-09,0
112875791,45,7,0,2.7099113e-11,0,1.08480994e-13,0
115642542,45,1,0,9.852365e-16,0,1.8591884e-15,0
117341490,45,2,0,0.00015318173,0,8.2069295e-05,0
121078260,45,10,0,0.0,0,2.3812026e-18,0
121078569,45,7,0,7.813194e-28,0,4.6080875e-15,0
121078671,45,7,0,1.5406472e-09,0,2.1276861e-08,0
121078673,45,6,0,2.1167107e-10,0,5.742864e-06,0
121090421,45,1,0,4.0691593e-05,0,0.00014946768,0
121225693,45,88,0,4.2656857e-16,0,3.0042865e-12,0
123264446,45,1,0,2.9849785e-05,0,4.3991807e-07,0
124653602,45,1,0,0.021804577,0,0.012721989,0
125428309,45,2,0,0.004815359,0,8.752821e-06,0
125610459,45,1,0,0.024058875,0,0.54628235,0
125820268,45,4,0,7.543356e-05,0,0.00045456784,0
125820277,45,5,0,4.0207455e-09,0,7.820107e-07,0
125820279,45,2,0,0.00024611055,0,0.0062909545,0
126209282,45,6,0,4.6070953e-11,0,1.868522e-06,0
126333831,45,1,0,0.00012346108,0,0.0019110534,0
126611034,45,6,0,1.858423e-07,0,0.00027693677,0
126622996,45,1,0,4.462885e-09,0,5.414251e-06,0
126623902,45,2,0,3.4332992e-09,0,2.5696645e-06,0
126802668,45,4,0,1.1467106e-16,0,1.1988689e-09,0
127012530,45,1,0,3.2658124e-25,0,0.0,0
127585200,45,3,0,0.0022084822,0,0.033398204,0
128246621,45,6,0,5.868584e-11,0,5.783513e-10,0
128924055,45,1,0,1.745354e-11,0,1.3242787e-05,0
129860762,45,1,0,2.2170086e-13,0,8.270014e-05,0
131552098,45,2,0,0.0013791104,0,0.006633812,0
131552811,45,3,0,2.3121628e-07,0,0.00037805917,0
132035006,45,2,0,2.9964502e-28,0,1.5265899e-19,0
133371293,45,3,0,4.2356731e-07,0,2.6906004e-05,0
133499548,45,1,0,2.317598e-05,0,0.0,0
134747239,45,1,0,9.519796e-09,0,3.265846e-06,0
135011010,45,6,0,1.6745619e-13,0,1.7200178e-07,0
135011015,45,3,0,7.118242e-13,0,9.2779786e-08,0
135102681,45,2,0,1.0204414e-07,0,0.0027178673,0
135102855,45,1,0,0.006976304,0,0.0920844,0
135973640,45,9,0,6.949822e-13,0,3.9361603e-07,0
137055550,45,2,0,2.5786743e-05,0,0.006290451,0
137056982,45,1,0,0.002252532,0,2.6327e-06,0
138798125,45,2,0,1.2462261e-06,0,0.0018851202,0
138798141,45,3,0,1.6635196e-08,0,2.4207903e-08,0
139420869,45,4,0,0.0007658529,0,0.008023861,0
140419612,45,2,0,0.9778957,1,0.9314123,1
141831682,45,1,0,0.27355945,0,0.8165869,0
142553578,45,1,0,0.11384559,0,0.40065926,0
142712353,45,1,0,0.0024377736,0,2.8734494e-06,0
143615853,45,1,0,0.0007421322,0,0.019409508,0
145836951,45,1,0,0.0023133284,0,0.037839714,0
145836954,45,1,0,0.0009892626,0,0.16776459,0
148252407,45,2,0,1.5105702e-06,0,3.3838205e-05,0
151742640,45,5,0,1.8951437e-28,0,1.9078257e-14,0
152612253,45,1,0,0.00066142983,0,0.00072212686,0
155522138,45,1,0,0.00018640982,0,0.0016948896,0
155522533,45,1,0,0.01574226,0,0.026981365,0
155526443,45,14,0,0.00010049805,0,6.8479916e-05,0
155526483,45,2,0,0.00025614438,0,0.0019059032,0
155526486,45,1,0,0.011761687,0,0.3198134,0
155527878,45,1,0,0.0003814139,0,2.1188153e-10,0
155527880,45,1,0,0.7784408,1,0.94091046,1
155528008,45,2,0,7.4347613e-06,0,0.00422353,0
155529076,45,1,0,6.952138e-05,0,2.4119375e-11,0
155530287,45,1,0,0.010239783,0,0.02786652,0
155532990,45,2,0,6.8910863e-06,0,0.00023978997,0
155533543,45,2,0,1.1658174e-05,0,1.9354582e-05,0
155535023,45,1,0,1.2585689e-06,0,1.2672319e-06,0
155535099,45,1,0,1.4460402e-06,0,6.520941e-07,0
155535104,45,1,0,0.0045380285,0,0.009367755,0
155535108,45,2,0,1.0807908e-05,0,0.0025702824,0
155535430,45,1,0,1.1272436e-06,0,0.0001483239,0
155535840,45,2,0,5.550861e-05,0,0.00021761763,0
155538164,45,1,0,0.00016919992,0,0.0008253857,0
155538999,45,1,0,8.327843e-07,0,4.140017e-07,0
155539978,45,2,0,0.00024628945,0,0.050533246,0
155549608,45,16,0,0.0,0,0.0,0
155550930,45,3,0,2.250457e-17,0,1.6541786e-13,0
155550933,45,1,0,2.7641343e-15,0,2.121142e-06,0
155550968,45,2,0,1.3391889e-16,0,1.410885e-19,0
155551658,45,3,0,0.0002320793,0,0.11159451,0
155551688,45,3,0,2.5148337e-08,0,5.6626786e-06,0
155559568,45,1,0,4.8600665e-05,0,0.00791457,0
155561664,45,2,0,3.0724983e-05,0,0.0014989725,0
155561975,45,1,0,0.0031943105,0,0.090476885,0
155562331,45,1,0,0.0019429233,0,0.012917378,0
155562349,45,1,0,7.1437876e-06,0,0.008450728,0
155570487,45,3,0,4.6108394e-06,0,3.038117e-05,0
155570490,45,1,0,0.0003816074,0,0.0029128166,0
155570492,45,3,0,0.001771431,0,0.00068916514,0
155570503,45,1,0,0.0005182874,0,0.0030590396,0
155573361,45,6,0,2.1286523e-08,0,0.00012391516,0
155573381,45,5,0,7.673471e-06,0,0.0013402477,0
155573753,45,10,0,8.180099e-14,0,9.342438e-08,0
155573986,45,7,0,6.9957717e-13,0,1.501735e-07,0
155574391,45,11,0,0.0,0,0.0,0
155575982,45,6,0,4.455346e-18,0,1.7320527e-18,0
155576355,45,7,0,1.8094049e-16,0,1.0866537e-08,0
155578198,45,3,0,2.3229617e-05,0,4.1776042e-07,0
155578200,45,4,0,1.3135723e-16,0,2.359871e-10,0
155578201,45,2,0,0.0003566242,0,0.02484088,0
155578207,45,4,0,5.7060707e-09,0,1.7251994e-05,0
155578507,45,3,0,3.949518e-09,0,2.0320914e-07,0
155581166,45,1,0,1.5458373e-23,0,9.892879e-18,0
155581536,45,1,0,1.4735608e-08,0,3.5905276e-07,0
155582549,45,3,0,0.0004027662,0,0.006389883,0
155582930,45,1,0,0.0037464595,0,0.046612293,0
155582931,45,1,0,1.0097626e-09,0,0.0006916216,0
155582943,45,3,0,8.6387476e-15,0,8.62095e-08,0
155583234,45,1,0,4.1073868e-06,0,0.0008548073,0
155583240,45,2,0,4.6370637e-06,0,0.0003275256,0
155583242,45,4,0,7.825696e-12,0,1.2781069e-06,0
155583306,45,2,0,1.3699808e-22,0,2.8326602e-18,0
155583308,45,1,0,0.0005918051,0,0.0019574864,0
155583314,45,2,0,0.0073353094,0,5.6590412e-05,0
155583326,45,3,0,8.632611e-05,0,0.0008528978,0
155583327,45,1,0,0.0012749727,0,0.05494583,0
155583328,45,6,0,9.317089e-05,0,0.0022735808,0
155583708,45,1,0,0.025705984,0,0.04301227,0
155583714,45,1,0,0.006823402,0,0.02849961,0
155583796,45,3,0,5.0273768e-05,0,0.0039821467,0
155583801,45,2,0,2.3657676e-05,0,2.092826e-05,0
155585216,45,2,0,4.827327e-05,0,0.008666038,0
155586203,45,3,0,0.00011172838,0,0.0045149587,0
155586204,45,2,0,2.912005e-07,0,0.002808991,0
155586210,45,1,0,6.85105e-27,0,6.0958627e-21,0
155586218,45,1,0,3.1680035e-25,0,2.4372791e-19,0
155586224,45,1,0,2.2815314e-25,0,6.133396e-20,0
155586228,45,1,0,6.9025445e-27,0,8.168718e-21,0
155586284,45,1,0,1.2483619e-30,0,7.6778885e-24,0
155586287,45,1,0,5.5311643e-25,0,4.3215632e-19,0
155586752,45,2,0,1.8479698e-27,0,2.7221234e-21,0
155586764,45,1,0,7.2468204e-10,0,4.933591e-06,0
155586773,45,2,0,1.4666337e-05,0,4.1201984e-05,0
155586775,45,1,0,1.5977479e-05,0,0.0053756214,0
155587208,45,3,0,0.03602179,0,0.00398557,0
155587538,45,1,0,3.5071265e-11,0,2.6420004e-08,0
155587549,45,1,0,7.9990235e-07,0,0.00022247151,0
155587790,45,2,0,0.0029439894,0,0.09292984,0
155587791,45,1,0,0.0012964685,0,0.029507797,0
155587794,45,4,0,0.005916157,0,0.0071650404,0
155587798,45,1,0,0.48685575,0,0.82542676,0
155587804,45,2,0,0.0140042,0,0.106432006,0
155587806,45,2,0,0.0058880006,0,0.10897596,0
155587814,45,1,0,0.0006988775,0,0.025616823,0
155587840,45,1,0,0.00058648636,0,0.031837314,0
155587889,45,1,0,0.003471652,0,0.019086959,0
155587890,45,1,0,0.30291685,0,0.7923509,0
155588044,45,2,0,0.0024444738,0,0.020078022,0
155588324,45,2,0,0.11682003,0,0.34316063,0
155589860,45,2,0,0.00013141883,0,0.0010396695,0
155589863,45,2,0,1.4386044e-05,0,7.071799e-05,0
155590708,45,2,0,1.33686955e-08,0,3.0529213e-06,0
155590997,45,2,0,5.986552e-09,0,7.4100788e-09,0
155591704,45,5,0,1.3955403e-13,0,6.823233e-08,0
155593271,45,2,0,8.99523e-05,0,0.00029533615,0
155593277,45,2,0,2.8755721e-05,0,0.0005564998,0
155595345,45,8,0,1.307446e-05,0,9.471211e-05,0
155596887,45,1,0,4.2800452e-06,0,1.4528438e-05,0
155597098,45,2,0,3.675091e-09,0,4.993642e-07,0
155597102,45,3,0,5.2053274e-08,0,9.405142e-06,0
155597293,45,3,0,8.9847357e-13,0,4.935245e-09,0
155597300,45,2,0,3.3247127e-12,0,7.345927e-08,0
155597308,45,2,0,2.8627105e-12,0,2.4839329e-08,0
155601022,45,11,0,1.2247951e-05,0,4.8371335e-06,0
155603394,45,1,0,3.7710564e-05,0,0.00022104618,0
155606147,45,1,0,7.2377166e-05,0,0.010438568,0
155610359,45,8,0,7.1427336e-10,0,0.00013261485,0
155612291,45,6,0,2.7987985e-11,0,2.3082794e-06,0
155613680,45,4,0,6.797423e-07,0,9.5090385e-05,0
155617030,45,4,0,1.337843e-07,0,3.7888818e-05,0
155621616,45,2,0,0.969877,1,0.90142936,1
155621619,45,2,0,0.9694197,1,0.798691,0
155621630,45,2,0,0.43014902,0,0.119677424,0
155621632,45,1,0,0.80682933,1,0.13718213,0
155622858,45,3,0,0.025584446,0,0.1112433,0
155622859,45,1,0,0.9639937,1,0.68039614,0
155622861,45,2,0,0.9842492,1,0.07206758,0
155623923,45,3,0,0.49275038,0,0.3845071,0
155623945,45,2,0,0.7816102,1,0.58843696,0
155624287,45,3,0,0.58008057,0,0.39937827,0
155624292,45,3,0,0.5637284,0,0.7899681,0
155624606,45,2,0,0.978587,1,0.70097023,0
155624613,45,3,0,0.6981155,0,0.5936202,0
155627624,45,2,0,0.9231048,1,0.576956,0
155627660,45,2,0,0.9651226,1,0.69864106,0
155627664,45,3,0,0.05039306,0,0.16081184,0
155629079,45,2,0,1.9254023e-25,0,0.0,0
155630888,45,2,0,0.0023886748,0,1.4129444e-06,0
155631607,45,2,0,7.921755e-05,0,1.1549971e-06,0
155633813,45,1,0,2.7140806e-26,0,0.0,0
155637545,45,2,0,5.7039807e-24,0,5.6132507e-19,0
155637724,45,1,0,0.0010198146,0,0.03567943,0
155640788,45,2,0,1.7693794e-05,0,0.0011772974,0
155644840,45,2,0,1.1983916e-06,0,3.777323e-05,0
155645185,45,1,0,0.00026400466,0,0.009927852,0
155645481,45,1,0,0.00087169535,0,0.06302644,0
155645937,45,2,0,5.777691e-25,0,8.802458e-20,0
155646219,45,1,0,3.701616e-22,0,6.185428e-39,0
155646443,45,1,0,1.5827977e-23,0,0.0,0
155646869,45,2,0,1.7771297e-25,0,0.0,0
155647158,45,16,0,1.4203044e-24,0,2.2048015e-16,0
155647173,45,1,0,2.2180525e-10,0,2.5314891e-12,0
155647805,45,1,0,0.0011883683,0,0.0001525417,0
155647986,45,1,0,4.8598165e-05,0,0.0031654555,0
155648144,45,1,0,0.15692978,0,0.019250214,0
155648173,45,2,0,2.203715e-25,0,1.6318052e-19,0
155648175,45,2,0,3.5642588e-26,0,5.870729e-20,0
155648844,45,1,0,0.2503617,0,0.15476681,0
155651496,45,5,0,2.0078014e-06,0,6.579839e-06,0
155651533,45,1,0,5.6114523e-06,0,0.00015807888,0
155652210,45,1,0,0.11527497,0,0.1999378,0
155652972,45,1,0,1.3652381e-05,0,3.3211472e-05,0
155653347,45,1,0,2.4301732e-22,0,1.0329128e-38,0
155653783,45,1,0,8.5565205e-07,0,0.00017363847,0
155653798,45,1,0,0.04354306,0,0.2515553,0
155653799,45,1,0,6.3709748e-24,0,0.0,0
155654111,45,2,0,0.0001868816,0,0.0028691634,0
155654504,45,1,0,7.6269494e-24,0,3.0906758e-18,0
155654510,45,1,0,1.2774304e-06,0,6.261907e-05,0
155654911,45,1,0,2.7897272e-15,0,2.328496e-11,0
155655310,45,1,0,4.6533695e-27,0,9.451722e-22,0
155655673,45,1,0,1.1241418e-22,0,5.3253784e-18,0
155655694,45,5,0,4.8411923e-09,0,0.00035706966,0
155655701,45,1,0,8.48482e-23,0,0.0,0
155655878,45,3,0,7.6053307e-06,0,1.5263591e-05,0
155655884,45,2,0,0.0027914562,0,0.03534331,0
155655944,45,2,0,0.010133995,0,0.07188294,0
155656464,45,2,0,7.4382834e-25,0,2.3351712e-19,0
155657232,45,1,0,1.4413703e-20,0,0.0,0
155657565,45,2,0,0.00016746389,0,0.0013845039,0
155658088,45,1,0,0.0017693983,0,1.8245868e-06,0
155658137,45,2,0,3.6523368e-06,0,7.7011966e-05,0
155658214,45,2,0,6.6763124e-07,0,1.4966338e-06,0
155658216,45,1,0,1.4522178e-24,0,0.0,0
155658820,45,2,0,1.9586501e-07,0,6.9097365e-07,0
155658834,45,2,0,1.66526e-26,0,5.254481e-21,0
155659199,45,1,0,3.3535525e-26,0,3.7424682e-20,0
155659777,45,1,0,6.64017e-10,0,5.307468e-07,0
155660445,45,1,0,1.0243726e-26,0,1.5017296e-20,0
155661549,45,2,0,0.00011874302,0,0.005652876,0
155662417,45,1,0,1.8567569e-23,0,6.515488e-18,0
155663799,45,1,0,9.2397e-25,0,1.748042e-19,0
155664047,45,5,0,0.065113045,0,0.037029922,0
155664125,45,1,0,1.790289e-25,0,2.386694e-19,0
155664132,45,1,0,3.3033024e-24,0,6.134757e-19,0
155664412,45,1,0,0.00024881537,0,0.0029116354,0
155666115,45,11,0,0.00039403507,0,2.6924674e-14,0
155666122,45,11,0,1.0953997e-12,0,1.01251366e-07,0
155666630,45,2,0,1.5881727e-25,0,7.5807e-20,0
155666684,45,1,0,5.417751e-25,0,0.0,0
155666717,45,1,0,8.881298e-24,0,1.8163255e-18,0
155667139,45,3,0,3.3140483e-07,0,2.4722713e-06,0
155667184,45,1,0,0.001729365,0,0.00092583604,0
155669504,45,1,0,2.20875e-08,0,3.3493368e-06,0
155669683,45,1,0,7.832608e-24,0,0.0,0
155669815,45,1,0,1.04385164e-26,0,1.2481254e-20,0
155669824,45,2,0,5.7077186e-26,0,4.1139837e-20,0
155670116,45,1,0,0.0029836714,0,0.00013850084,0
155670282,45,1,0,4.4824913e-23,0,0.0,0
155670970,45,1,0,5.633975e-26,0,5.894085e-21,0
155671237,45,2,0,2.500196e-25,0,0.0,0
155671469,45,1,0,4.959125e-25,0,7.6649735e-19,0
155671780,45,1,0,6.3826137e-06,0,2.6301327e-06,0
155671785,45,2,0,0.00011935033,0,0.002594437,0
155672449,45,1,0,0.007913603,0,0.023463111,0
155672469,45,1,0,6.8643283e-15,0,1.6761965e-11,0
155675211,45,2,0,0.0011455329,0,0.005061681,0
155675527,45,2,0,0.00022739194,0,0.0058764988,0
155675530,45,1,0,0.00031480903,0,0.0024494159,0
155675570,45,1,0,2.6485685e-20,0,3.12736e-39,0
155676042,45,1,0,2.3313712e-26,0,1.7774526e-20,0
155676058,45,1,0,3.923996e-24,0,0.0,0
155676363,45,2,0,6.521902e-26,0,6.428357e-20,0
155676366,45,1,0,0.00037448294,0,0.00011667666,0
155676683,45,1,0,0.0015132085,0,0.004637422,0
155677010,45,1,0,0.004831977,0,1.3236121e-05,0
155677035,45,16,0,3.5213823e-23,0,2.195118e-15,0
155686193,45,5,0,3.138925e-05,0,0.0011089975,0
155687112,45,1,0,1.76399e-06,0,0.0007742078,0
155687119,45,1,0,4.4247387e-05,0,0.00085035374,0
155690140,45,2,0,0.0011750226,0,0.027130542,0
155690172,45,2,0,0.00041201655,0,0.005672094,0
155691392,45,1,0,0.002151593,0,0.017373092,0
155691393,45,2,0,4.7909393e-06,0,7.8210114e-08,0
155691683,45,1,0,0.01387957,0,0.0037796446,0
155694465,45,2,0,4.744416e-12,0,1.5547717e-10,0
155694755,45,6,0,2.603093e-06,0,0.0004772705,0
155694944,45,1,0,8.061148e-05,0,0.0014270737,0
155694958,45,1,0,1.7573433e-14,0,1.5566453e-12,0
155695053,45,4,0,7.117483e-09,0,3.3705946e-06,0
155696818,45,1,0,1.0029089e-05,0,0.0020587526,0
155697070,45,2,0,1.1693561e-07,0,0.00012124058,0
155697884,45,2,0,3.2050562e-16,0,2.104282e-12,0
155699346,45,1,0,1.1690679e-10,0,9.933292e-07,0
155703469,45,5,0,1.1825778e-10,0,8.8691465e-16,0
155706106,45,2,0,7.966675e-06,0,0.0011586375,0
155707564,45,3,0,3.2667165e-07,0,9.260758e-08,0
155708971,45,1,0,0.009147766,0,0.009673715,0
155709783,45,2,0,0.000110723355,0,0.003120627,0
155709876,45,1,0,0.007031777,0,0.037914537,0
155712049,45,2,0,5.109723e-08,0,0.0005502499,0
155713958,45,7,0,1.3155324e-13,0,8.4189026e-08,0
155715769,45,3,0,0.021145647,0,0.014680191,0
155716860,45,1,0,0.0027719038,0,0.019964168,0
155718192,45,4,0,2.6234646e-09,0,5.021971e-06,0
155718395,45,3,0,2.482551e-06,0,6.8062036e-09,0
155718398,45,2,0,3.2002294e-09,0,5.892233e-09,0
155719727,45,1,0,4.4505932e-09,0,2.5114433e-09,0
155720728,45,1,0,1.2103187e-07,0,2.0869444e-05,0
155720730,45,1,0,3.3919488e-08,0,9.085897e-06,0
155720735,45,1,0,2.3744035e-11,0,6.947466e-08,0
155720736,45,2,0,2.3786223e-27,0,0.0,0
155720738,45,2,0,2.1437491e-26,0,0.0,0
155720740,45,1,0,5.01073e-07,0,0.00013161208,0
155720741,45,1,0,5.580244e-06,0,0.00083781173,0
155720744,45,1,0,1.0684642e-05,0,0.00040398035,0
155720745,45,1,0,8.376553e-27,0,1.2793968e-20,0
155720747,45,1,0,1.8165467e-26,0,1.9400345e-20,0
155720749,45,1,0,5.5845676e-26,0,4.136266e-20,0
155720750,45,1,0,1.6347276e-26,0,1.5914821e-20,0
155720751,45,1,0,5.5339264e-26,0,4.3610248e-20,0
155720754,45,1,0,1.6808122e-27,0,2.4467506e-21,0
155720756,45,1,0,8.292309e-25,0,3.2727316e-19,0
155720758,45,1,0,2.14537e-25,0,2.0774198e-19,0
155720760,45,1,0,4.512663e-26,0,3.4207886e-20,0
155720761,45,1,0,2.3750139e-27,0,3.5803346e-21,0
155720763,45,1,0,1.9515056e-24,0,9.823004e-19,0
155720764,45,1,0,1.7577995e-25,0,1.05360463e-19,0
155720765,45,2,0,0.00014949433,0,0.0051762396,0
155720771,45,1,0,9.691833e-27,0,1.0112757e-20,0
155720775,45,1,0,4.5583243e-25,0,4.630157e-19,0
155720782,45,1,0,1.2121843e-07,0,1.2910606e-06,0
155720788,45,2,0,0.00048742368,0,0.0048433407,0
155720789,45,1,0,1.0409335e-25,0,8.030888e-20,0
155720792,45,1,0,1.4448678e-25,0,1.08164754e-19,0
155720794,45,1,0,2.9002463e-24,0,6.2949136e-20,0
155720796,45,1,0,4.7364727e-25,0,1.7431211e-19,0
155720797,45,2,0,2.8394333e-25,0,1.1881114e-19,0
155720798,45,1,0,5.5694385e-27,0,5.840214e-21,0
155720800,45,1,0,3.5346115e-08,0,3.849753e-06,0
155720803,45,1,0,2.9457284e-05,0,0.011425974,0
155720804,45,2,0,4.9418645e-06,0,7.866327e-08,0
155720806,45,1,0,3.8800644e-27,0,6.953201e-21,0
155720808,45,1,0,9.486669e-26,0,1.4277986e-20,0
155720885,45,2,0,0.8962596,1,0.7943278,0
155721093,45,2,0,0.9494521,1,0.767147,0
155721099,45,2,0,0.032620918,0,0.001722491,0
155721440,45,3,0,4.3398543e-10,0,0.00013877012,0
155722084,45,1,0,0.017262755,0,0.14909093,0
155724033,45,2,0,5.2186588e-05,0,0.0004616417,0
155731488,45,1,0,0.00035969753,0,0.00029403536,0
155731493,45,2,0,1.09733676e-07,0,8.4787665e-05,0
155732260,45,2,0,0.0010582826,0,0.00044674374,0
155732262,45,1,0,0.0006167138,0,0.009815566,0
155732268,45,1,0,0.9998474,1,0.76522654,0
155732269,45,2,0,0.0041964017,0,0.010869735,0
155732978,45,1,0,0.002412235,0,0.047588486,0
155733002,45,4,0,1.3392361e-06,0,0.00042696585,0
155733087,45,3,0,7.075288e-06,0,0.0010887157,0
155733692,45,1,0,3.0156225e-05,0,7.89792e-05,0
155733930,45,4,0,5.352087e-06,0,0.0005124603,0
155734883,45,2,0,3.6593226e-25,0,0.0,0
155737388,45,1,0,7.1092607e-09,0,3.3546785e-05,0
155737402,45,1,0,0.0018681127,0,0.03479972,0
155737641,45,2,0,0.00045697516,0,0.012260126,0
155737649,45,2,0,8.5304305e-07,0,8.751519e-05,0
155737652,45,1,0,0.0008142441,0,0.025765438,0
155738598,45,1,0,1.3676073e-05,0,0.0004835646,0
155738604,45,2,0,3.6371857e-06,0,0.00017442537,0
155739098,45,1,0,2.6578329e-25,0,0.0,0
155742319,45,1,0,9.459178e-09,0,0.0,0
155742345,45,1,0,9.411389e-11,0,7.13136e-08,0
155743352,45,1,0,4.3046358e-10,0,0.0,0
155743373,45,2,0,1.5605534e-10,0,0.0,0
155744676,45,1,0,1.1172637e-21,0,2.4436235e-38,0
155744686,45,1,0,4.3184397e-08,0,0.0,0
155747227,45,2,0,9.03811e-12,0,0.0,0
155747700,45,1,0,1.3811443e-26,0,1.2358028e-20,0
155748707,45,1,0,8.298863e-06,0,2.5772724e-07,0
155748985,45,1,0,4.3436023e-23,0,2.0412685e-19,0
155749095,45,2,0,4.724699e-06,0,7.74149e-08,0
155749840,45,1,0,5.5542957e-25,0,0.0,0
155753781,45,3,0,3.963095e-08,0,0.00014789034,0
155755021,45,3,0,7.891339e-07,0,0.00060545566,0
155756787,45,3,0,0.007316687,0,0.044088773,0
155757374,45,1,0,0.081679314,0,0.76256925,0
155759301,45,48,0,2.5867212e-05,0,4.079669e-06,0
155759664,45,1,0,0.00019168445,0,0.010298969,0
155759667,45,6,0,0.0015802928,0,0.0022096783,0
155759670,45,1,0,0.008264158,0,0.2559725,0
155760010,45,2,0,0.0013178361,0,0.28559506,0
155760037,45,2,0,0.06893227,0,0.45049268,0
155766769,45,1,0,0.0060172845,0,0.03595328,0
155768281,45,1,0,2.5703604e-11,0,2.4074882e-07,0
155771442,45,2,0,4.8166767e-06,0,0.00078301196,0
155771964,45,2,0,3.9403528e-13,0,1.3042075e-09,0
155779446,45,1,0,0.009282934,0,0.014638886,0
155780427,45,2,0,0.00036511093,0,0.009738012,0
155783466,45,2,0,1.3048958e-18,0,2.9604129e-08,0
155784952,45,1,0,1.5487782e-10,0,1.8028178e-09,0
155787237,45,3,0,3.2153578e-06,0,0.005878596,0
155787285,45,1,0,5.8430007e-05,0,0.004760174,0
155787653,45,1,0,0.0002952365,0,0.016109297,0
155787676,45,2,0,1.8221574e-06,0,0.00023827418,0
155788829,45,1,0,8.17344e-05,0,0.0013184896,0
155791506,45,1,0,0.00028414954,0,0.006060267,0
155793314,45,2,0,8.6444325e-06,0,0.0021529295,0
155793644,45,3,0,2.6131757e-25,0,3.5674758e-15,0
155794856,45,2,0,0.0061685187,0,0.014619372,0
155795122,45,1,0,0.0005246664,0,0.03525647,0
155796287,45,3,0,0.0018626322,0,0.02096701,0
155797923,45,2,0,0.00011430798,0,6.814373e-28,0
155800513,45,2,0,2.0359146e-15,0,5.3472218e-14,0
155802381,45,2,0,7.9074546e-08,0,0.00011188617,0
155802446,45,1,0,1.6284165e-06,0,1.4802031e-05,0
155802889,45,1,0,5.8164183e-06,0,0.0002415147,0
155802898,45,1,0,0.00024202482,0,0.00069520454,0
155803876,45,2,0,4.756485e-08,0,0.0016251148,0
155803971,45,1,0,3.8800094e-06,0,3.152812e-05,0
155805529,45,2,0,1.6256698e-15,0,2.7498996e-11,0
155805532,45,2,0,1.002108e-15,0,2.5078605e-06,0
155806952,45,1,0,8.9025554e-05,0,0.0003858706,0
155807238,45,3,0,6.0341065e-08,0,1.1485415e-05,0
155809126,45,3,0,0.00015710409,0,0.008113596,0
155809660,45,2,0,3.8070817e-14,0,9.07743e-08,0
155810823,45,1,0,0.0049392437,0,0.049626518,0
155810825,45,1,0,0.012245456,0,0.14454055,0
155810828,45,1,0,3.3657883e-13,0,1.1914477e-11,0
155810831,45,2,0,0.008795685,0,0.06726537,0
155810896,45,1,0,0.0004888789,0,0.025212843,0
155810916,45,1,0,3.603832e-11,0,8.9209314e-11,0
155810949,45,2,0,1.5878124e-05,0,0.0007257398,0
155811227,45,1,0,0.0036781856,0,0.03143729,0
155811705,45,1,0,2.0841356e-11,0,9.16129e-06,0
155812060,45,1,0,5.635276e-05,0,0.00037835646,0
155812224,45,1,0,0.27004293,0,0.59433407,0
155812856,45,2,0,9.4390344e-08,0,3.1658878e-05,0
155812860,45,2,0,8.766287e-08,0,2.9200633e-05,0
155813445,45,1,0,0.0031794568,0,0.009245954,0
155813476,45,3,0,4.2530525e-20,0,3.6607616e-17,0
155813480,45,1,0,9.264238e-12,0,2.62834e-06,0
155813484,45,2,0,7.2969023e-22,0,3.6043584e-09,0
155813492,45,2,0,5.7698984e-16,0,9.7326715e-14,0
155813493,45,3,0,1.16650234e-17,0,1.26923135e-14,0
155815739,45,7,0,0.15928988,0,0.0035928036,0
155815752,45,1,0,4.7972254e-10,0,7.5134056e-07,0
155815753,45,2,0,4.6100595e-14,0,4.625996e-13,0
155815754,45,1,0,0.011058959,0,0.18558706,0
155815756,45,1,0,1.888352e-05,0,8.851757e-05,0
155815761,45,2,0,0.0047256635,0,0.031620074,0
155815779,45,1,0,1.7446364e-05,0,9.794294e-05,0
155815784,45,2,0,3.2231107e-08,0,1.1072481e-06,0
155815790,45,2,0,3.6394816e-08,0,1.2644055e-05,0
155816178,45,2,0,8.897145e-14,0,2.5662284e-06,0
155816192,45,3,0,1.1586797e-16,0,1.2889784e-13,0
155816195,45,3,0,1.01609986e-16,0,3.808929e-13,0
155816196,45,3,0,2.3591787e-17,0,3.474964e-12,0
155816197,45,4,0,8.2964205e-18,0,7.901095e-15,0
155816199,45,3,0,2.593926e-19,0,1.4110272e-16,0
155816200,45,4,0,3.6493823e-18,0,1.4416206e-16,0
155816203,45,3,0,2.301585e-17,0,8.922424e-16,0
155816205,45,3,0,5.598504e-16,0,5.854335e-13,0
155816207,45,2,0,1.424273e-13,0,8.143926e-07,0
155816211,45,2,0,2.912993e-12,0,1.728124e-05,0
155818415,45,6,0,6.681421e-07,0,4.35668e-06,0
155818798,45,2,0,2.8839447e-06,0,1.6559021e-06,0
155818799,45,1,0,3.7214577e-06,0,0.00021436036,0
155821091,45,1,0,0.0061411937,0,0.012467711,0
155821276,45,1,0,2.6578616e-06,0,0.00054544065,0
155821401,45,2,0,0.0007774563,0,0.00617418,0
155821405,45,2,0,0.00018590961,0,6.68227e-06,0
155821947,45,2,0,0.036357306,0,0.064364575,0
155821951,45,2,0,0.0319436,0,0.04488446,0
155821960,45,2,0,0.005188268,0,0.009371075,0
155821972,45,1,0,1.9453747e-08,0,0.0013093755,0
155821979,45,2,0,0.006207705,0,0.03929677,0
155821981,45,3,0,0.007094839,0,0.022062557,0
155822522,45,2,0,0.025452057,0,0.06386956,0
155822523,45,2,0,0.5497175,0,0.09900969,0
155822532,45,2,0,0.012953086,0,0.04754954,0
155822639,45,1,0,5.0030935e-06,0,0.0010625958,0
155822905,45,2,0,0.054674357,0,0.056396417,0
155822906,45,2,0,0.0027688975,0,0.033359773,0
155825285,45,17,0,0.0,0,0.0,0
155825502,45,1,0,1.30673055e-08,0,4.1750013e-06,0
155826522,45,1,0,1.1397643e-22,0,7.063787e-18,0
155827051,45,1,0,0.0008159163,0,0.08015288,0
155827334,45,2,0,1.5018593e-15,0,9.956983e-13,0
155829800,45,2,0,0.0002297136,0,0.0024684924,0
155829806,45,3,0,3.3597376e-18,0,3.3954748e-13,0
155829808,45,1,0,4.44898e-17,0,1.782868e-07,0
155829810,45,3,0,2.5005114e-17,0,6.3955007e-15,0
155829812,45,1,0,2.7925115e-11,0,1.0204059e-06,0
155829833,45,2,0,3.3831743e-16,0,9.108924e-07,0
155829839,45,3,0,1.554772e-17,0,8.872864e-17,0
155829843,45,3,0,4.7758997e-17,0,7.590084e-14,0
155837337,45,2,0,0.0067525357,0,0.037675645,0
155837569,45,1,0,0.0006072608,0,0.07894034,0
155837578,45,1,0,0.0003059139,0,0.0014204639,0
155837816,45,2,0,2.9969442e-05,0,0.00027519357,0
155838059,45,2,0,0.0021807482,0,0.0006075575,0
155838065,45,1,0,0.036875114,0,0.09419759,0
155838096,45,1,0,0.0044744057,0,0.045942772,0
155838136,45,1,0,2.0233509e-05,0,0.00022903584,0
155838757,45,2,0,3.6039552e-07,0,2.259228e-05,0
155839033,45,1,0,1.29197115e-05,0,0.0009087455,0
155839296,45,2,0,0.0046699345,0,0.0916638,0
155839305,45,1,0,5.2455077e-14,0,2.4559247e-13,0
155839776,45,1,0,6.1866984e-07,0,6.937621e-05,0
155839784,45,1,0,3.3162935e-17,0,3.4403617e-15,0
155839792,45,2,0,9.6884265e-05,0,0.015458255,0
155839924,45,2,0,1.045883e-06,0,0.0002191721,0
155840928,45,33,0,0.0,0,1.2561721e-38,0
155840940,45,1,0,4.7864196e-05,0,1.7609827e-05,0
155841569,45,1,0,3.9654922e-05,0,0.00020379973,0
155841579,45,2,0,1.5641022e-14,0,9.450973e-13,0
155841585,45,2,0,1.5937709e-22,0,0.0,0
155841637,45,2,0,3.8561242e-07,0,7.600058e-05,0
155843452,45,2,0,2.6793302e-08,0,1.9687398e-06,0
155844331,45,24,0,7.534649e-15,0,1.3714347e-14,0
155846111,45,2,0,8.625631e-06,0,0.0009823551,0
155846439,45,1,0,2.3411194e-06,0,0.00036688428,0
155846718,45,2,0,2.8901678e-07,0,0.0006138038,0
155847762,45,2,0,0.0028775667,0,0.014597228,0
156006577,45,33,0,3.5972273e-14,0,4.658898e-10,0
156012877,45,3,0,0.00017921481,0,0.024698395,0
156016426,45,2,0,0.022232926,0,0.00537398,0
156017039,45,1,0,4.6432357e-05,0,1.4648657e-07,0
156017377,45,2,0,0.00044082155,0,0.010204729,0
156017380,45,2,0,0.15292121,0,0.6133118,0
156029378,45,2,0,0.00015686863,0,0.0021530688,0
156032172,45,1,0,0.0019720863,0,0.037922293,0
156038802,45,2,0,5.9256463e-06,0,8.2307626e-05,0
156043138,45,6,0,3.2759335e-06,0,5.450496e-20,0
156043682,45,1,0,8.67593e-16,0,2.0943817e-06,0
156044096,45,1,0,8.959565e-09,0,7.659937e-06,0
156045204,45,2,0,2.9853004e-07,0,0.00014471148,0
156045694,45,1,0,1.8166146e-20,0,4.599007e-08,0
156046083,45,1,0,6.974011e-18,0,5.0452346e-08,0
156046263,45,1,0,6.769693e-24,0,2.7842326e-10,0
156046273,45,1,0,2.042852e-17,0,4.515486e-07,0
156046286,45,1,0,1.0805641e-17,0,3.2032668e-07,0
156047575,45,1,0,0.020034734,0,0.15323691,0
156047577,45,2,0,0.00045681096,0,0.00018243984,0
156047693,45,1,0,0.0005333559,0,0.06391083,0
156047939,45,2,0,1.0836839e-07,0,0.00021539543,0
156048060,45,2,0,4.4999624e-07,0,0.0006347522,0
156049909,45,1,0,0.20834623,0,0.06510147,0
156055015,45,5,0,1.5009189e-24,0,2.350304e-13,0
156055502,45,5,0,5.161459e-24,0,2.0003845e-13,0
156056294,45,2,0,0.0014779606,0,0.0044626906,0
156056739,45,2,0,0.0007055313,0,0.000665905,0
156058472,45,2,0,0.22752286,0,0.32633626,0
156058477,45,2,0,0.13454863,0,0.06370776,0
156058484,45,3,0,0.021452377,0,0.10444543,0
156058489,45,3,0,0.0008152797,0,0.005563888,0
156058497,45,4,0,0.011719975,0,0.0015961904,0
156061271,45,1,0,8.900459e-05,0,0.0004979337,0
156061441,45,2,0,5.8918986e-06,0,0.00033074184,0
156061887,45,1,0,2.404429e-21,0,2.5638549e-17,0
156061888,45,1,0,0.0014992965,0,0.07356736,0
156061891,45,1,0,1.720722e-22,0,3.1923261e-18,0
156061901,45,1,0,0.0007068652,0,0.0013118184,0
156062272,45,1,0,5.531847e-06,0,0.0035570103,0
156062609,45,1,0,0.00012156796,0,0.00014718973,0
156062954,45,1,0,0.004909115,0,0.029238109,0
156063345,45,98,0,1.3989608e-11,0,4.5468164e-11,0
156065491,45,1,0,3.684216e-23,0,1.3788179e-18,0
156065783,45,1,0,0.005387367,0,0.17606068,0
156065788,45,1,0,6.0292656e-05,0,0.00034479355,0
156065791,45,3,0,2.0488025e-05,0,0.00027785552,0
156066467,45,89,0,1.981619e-15,0,1.7945463e-09,0
156068000,45,1,0,0.0006029558,0,0.012287214,0
156068607,45,1,0,0.0035609568,0,0.05810527,0
156074235,45,31,0,1.4058499e-13,0,6.063709e-09,0
156074278,45,1,0,6.948161e-06,0,0.00089442637,0
156076560,45,1,0,3.4815203e-06,0,0.00059773144,0
156076675,45,2,0,0.00037087506,0,0.0052098227,0
156077583,45,2,0,3.0079445e-06,0,0.0003423148,0
156078089,45,2,0,2.2127799e-13,0,1.2892859e-13,0
156080080,45,2,0,0.002340226,0,0.0008021971,0
156080344,45,1,0,2.5874364e-05,0,0.0007987026,0
156080353,45,1,0,1.48198e-23,0,0.0,0
156080655,45,4,0,0.00041994604,0,0.0035699478,0
156081041,45,1,0,2.3191209e-08,0,1.4265903e-08,0
156082481,45,2,0,5.907523e-10,0,3.7986866e-12,0
156082918,45,1,0,0.0015754431,0,0.033952456,0
156088151,45,2,0,0.011905128,0,0.0092711095,0
156088154,45,2,0,0.014168821,0,0.023581918,0
156098289,45,2,0,0.0003285351,0,0.0006003787,0
156100022,45,2,0,2.7832897e-12,0,9.748808e-12,0
156101666,45,2,0,1.1143569e-09,0,1.3735864e-06,0
156103984,45,1,0,3.040362e-07,0,2.2889993e-05,0
156104943,45,6,0,3.1871132e-21,0,2.0097446e-11,0
156106259,45,2,0,0.024869606,0,0.067004494,0
156106498,45,1,0,0.0283537,0,0.016626973,0
156106772,45,2,0,0.020919131,0,0.060497522,0
156110781,45,1,0,3.5134087e-10,0,0.0,0
156112934,45,2,0,3.8451304e-05,0,0.0008803538,0
156115112,45,2,0,5.0253064e-08,0,1.650795e-05,0
156116311,45,1,0,2.3853137e-05,0,0.0012292225,0
156116440,45,2,0,3.5451085e-13,0,0.00010924284,0
156120830,45,1,0,2.7314628e-22,0,4.776448e-39,0
156122025,45,1,0,0.0008534237,0,0.045942165,0
156126098,45,1,0,1.5734395e-05,0,0.0008811472,0
156126106,45,3,0,0.8362213,1,0.86025685,1
156126129,45,2,0,0.9752483,1,0.8623787,1
156126488,45,2,0,0.99892956,1,0.80332506,0
156126494,45,3,0,0.3983132,0,0.85052073,1
156126503,45,3,0,0.79496086,1,0.8199668,0
156126511,45,2,0,0.90510625,1,0.46663693,0
156126515,45,2,0,0.048900798,0,0.07767595,0
156126516,45,2,0,0.9990281,1,0.32458532,0
156132178,45,4,0,1.5546434e-06,0,3.560277e-05,0
156138154,45,2,0,7.1781466e-07,0,4.997291e-07,0
156140081,45,3,0,0.04083651,0,0.009523236,0
156140152,45,5,0,0.0019916233,0,0.00020439483,0
156141603,45,1,0,4.599349e-27,0,1.745276e-20,0
156141938,45,1,0,0.0004059343,0,2.666031e-06,0
156141979,45,2,0,3.570902e-25,0,0.0,0
156142328,45,1,0,1.5268407e-26,0,1.3434381e-20,0
156142358,45,2,0,8.250489e-28,0,0.0,0
156142375,45,2,0,0.00056168373,0,3.5156556e-06,0
156143463,45,1,0,3.563863e-27,0,7.493207e-21,0
156143950,45,1,0,0.00011262864,0,4.4169636e-07,0
156143966,45,1,0,1.8170373e-20,0,0.0,0
156144098,45,1,0,1.7002237e-26,0,3.9639913e-21,0
156144440,45,1,0,0.0013215761,0,0.007304386,0
156145203,45,3,0,6.684056e-11,0,0.0,0
156145620,45,1,0,0.0035254715,0,3.3989807e-06,0
156145679,45,2,0,1.9308358e-08,0,0.0,0
156145708,45,1,0,1.1035966e-05,0,0.0018281239,0
156145942,45,1,0,0.0010845605,0,0.00029758457,0
156150196,45,1,0,0.00013676482,0,0.0020377687,0
156150996,45,1,0,0.0233617,0,0.021044143,0
156152340,45,2,0,0.034982197,0,0.23782572,0
156156054,45,2,0,2.2079619e-20,0,1.2795937e-10,0
156157692,45,5,0,4.7548165e-23,0,1.1057402e-12,0
156160423,45,2,0,9.530507e-05,0,0.00011561555,0
156160565,45,2,0,0.0006221185,0,0.0007026681,0
156160849,45,15,0,1.3069453e-15,0,8.304113e-11,0
156163071,45,2,0,0.15004909,0,0.7943409,0
156164972,45,1,0,0.0005056544,0,0.0004965859,0
156166434,45,86,0,7.992641e-12,0,3.5942822e-08,0
156168415,45,2,0,0.71132535,1,0.88313293,1
156168420,45,2,0,0.9952219,1,0.9247868,1
156168424,45,2,0,0.003076465,0,0.035278093,0
156172217,45,5,0,0.00013512632,0,0.000815389,0
156172447,45,5,0,8.2821725e-06,0,5.0856455e-05,0
156174496,45,2,0,4.3623845e-06,0,0.0,0
156174834,45,1,0,7.402744e-05,0,6.7212295e-07,0
156175593,45,1,0,3.3805628e-07,0,0.0,0
156177833,45,2,0,1.0275209e-08,0,0.0,0
156182164,45,1,0,0.0002038485,0,0.0016407188,0
156186228,45,2,0,0.00059325114,0,0.0008732221,0
156187320,45,2,0,1.49263e-06,0,0.0002243169,0
156189835,45,1,0,6.2717197e-07,0,3.3337158e-06,0
156189849,45,35,0,2.5002496e-06,0,2.9370028e-07,0
156189859,45,2,0,1.559594e-05,0,0.03926912,0
156191956,45,2,0,0.96517944,1,0.08503301,0
156191960,45,2,0,0.44612473,0,0.61790156,0
156191963,45,2,0,0.772516,1,0.6936061,0
156191968,45,2,0,0.018947324,0,0.014390544,0
156191973,45,2,0,0.59372705,0,0.036670722,0
156192686,45,2,0,0.23241729,0,0.03859757,0
156198655,45,1,0,5.192299e-05,0,0.026938677,0
156200127,45,2,0,1.5071977e-05,0,4.997295e-06,0
156200358,45,3,0,2.8364193e-13,0,6.047797e-15,0
156200969,45,4,0,0.0024079792,0,0.0005527402,0
156200979,45,2,0,0.00063630793,0,0.022620354,0
156202773,45,7,0,0.35276732,0,0.033258837,0
156202786,45,3,0,1.2537167e-05,0,0.0031816033,0
156203384,45,1,0,3.130766e-29,0,0.0,0
156204946,45,1,0,2.0475392e-11,0,0.0,0
156206766,45,1,0,0.0036184827,0,0.0022952033,0
156208282,45,2,0,0.00011353852,0,0.0002761458,0
156209245,45,3,0,0.13024634,0,0.070143126,0
156209749,45,3,0,0.6947992,0,0.0059883716,0
156209757,45,3,0,0.0067296987,0,2.8744864e-05,0
156213093,45,5,0,9.473387e-05,0,6.402806e-05,0
156213135,45,1,0,0.028548626,0,6.252914e-05,0
156213143,45,2,0,0.030572776,0,0.0013816468,0
156213728,45,3,0,5.8906636e-08,0,7.4920363e-06,0
156216298,45,6,0,0.00012297137,0,0.00014561812,0
156217698,45,1,0,1.3777463e-24,0,0.0,0
156218109,45,1,0,0.0024949175,0,0.027845107,0
156218280,45,1,0,1.5309108e-27,0,0.0,0
156219832,45,1,0,3.100677e-26,0,0.0,0
156220923,45,1,0,0.0030953148,0,0.0010798404,0
156221780,45,1,0,5.466524e-22,0,5.522038e-39,0
156223466,45,1,0,6.1578946e-09,0,0.0,0
156224738,45,1,0,4.9660015e-23,0,0.0,0
156224740,45,1,0,7.437919e-24,0,0.0,0
156224818,45,1,0,1.6310307e-07,0,7.748119e-05,0
156225054,45,1,0,0.013518082,0,2.0735813e-05,0
156225072,45,1,0,0.028523602,0,0.0014438514,0
156226084,45,1,0,3.6754203e-20,0,3.160172e-39,0
156227730,45,43,0,6.511219e-06,0,4.5384204e-06,0
156244580,45,5,0,5.7904166e-05,0,0.00025764923,0
156254003,45,2,0,0.9739731,1,0.91542363,1
156281859,45,2,0,1.0711511e-06,0,2.5821387e-06,0
156281965,45,1,0,0.04985347,0,0.023440795,0
156281968,45,2,0,0.024418218,0,0.16798282,0
156281975,45,1,0,0.05464129,0,0.033587158,0
156282377,45,2,0,4.3381133e-05,0,0.0005956778,0
156282380,45,1,0,0.35367912,0,0.088357285,0
156284724,45,1,0,0.0006778247,0,0.004964447,0
156284727,45,1,0,0.36510068,0,0.09758551,0
156288061,45,3,0,4.4778917e-06,0,2.7266212e-06,0
156289332,45,1,0,0.033100035,0,0.06542509,0
156289343,45,1,0,0.03009721,0,0.0059353835,0
156289346,45,1,0,0.022022579,0,0.047427293,0
156290676,45,1,0,1.2891677e-17,0,5.2382893e-07,0
156290748,45,1,0,0.005460844,0,0.025338825,0
156297113,45,1,0,0.008808956,0,0.013076568,0
156297169,45,1,0,6.528463e-07,0,0.0016174059,0
156299661,45,1,0,6.9911346e-19,0,2.6869408e-15,0
156299668,45,1,0,3.5872732e-17,0,3.112685e-17,0
156302066,45,1,0,2.863017e-15,0,8.690181e-14,0
156302378,45,1,0,2.2441926e-15,0,1.00557016e-14,0
156302447,45,1,0,2.0522346e-15,0,8.936215e-13,0
156302765,45,1,0,2.018361e-15,0,1.0825207e-15,0
156303533,45,1,0,1.116542e-09,0,1.3364402e-13,0
156305556,45,1,0,2.00298e-25,0,2.771965e-18,0
156306821,45,1,0,4.7107535e-20,0,9.146914e-16,0
156307149,45,1,0,4.805966e-16,0,8.9542154e-13,0
156307163,45,1,0,6.9606224e-16,0,1.9900104e-17,0
156307254,45,2,0,0.0033000482,0,2.9240375e-05,0
156307670,45,1,0,2.4015098e-17,0,6.526043e-12,0
156307674,45,2,0,2.5061602e-13,0,6.5522654e-14,0
156309777,45,12,0,3.7925798e-05,0,3.0017382e-05,0
156313764,45,1,0,0.008833328,0,0.0022448492,0
156313815,45,96,0,0.0,0,0.0,0
156314754,45,1,0,0.0019210423,0,0.021182872,0
156315082,45,1,0,3.5883974e-16,0,8.147075e-17,0
156315105,45,1,0,1.5268938e-14,0,9.168325e-13,0
156316756,45,62,0,0.0,0,9.3498106e-36,0
156316759,45,1,0,8.0517354e-23,0,1.0362824e-17,0
156316761,45,3,0,5.233743e-11,0,6.2278915e-09,0
156317171,45,2,0,0.0010445695,0,0.0033698874,0
156317175,45,1,0,9.037322e-22,0,7.913027e-18,0
156317359,45,1,0,1.9503094e-22,0,5.9851744e-19,0
156317549,45,2,0,0.0064177257,0,0.0013055222,0
156328432,45,81,0,3.4903879e-12,0,2.5532928e-11,0
156330701,45,1,0,2.6326597e-15,0,4.498654e-08,0
156341160,45,2,0,5.7188446e-15,0,3.2152917e-17,0
156381357,45,3,0,0.12986597,0,0.036401812,0
156416966,45,1,0,7.375868e-17,0,3.7246602e-07,0
156417274,45,1,0,1.0294649e-19,0,8.409815e-09,0
156421113,45,21,0,0.0013450909,0,0.005914701,0
156421150,45,1,0,0.0014373434,0,0.015862048,0
157195066,45,24,0,1.561517e-11,0,1.5369561e-07,0
157200932,45,1,0,0.0011361641,0,0.0012952992,0
157226362,45,2,0,0.00022529428,0,0.010089368,0
157237317,45,1,0,1.8259274e-07,0,8.15782e-05,0
157239536,45,2,0,1.474693e-07,0,0.00027454575,0
157243941,45,1,0,7.777361e-13,0,4.0381326e-07,0
157252863,45,2,0,0.0028536452,0,0.0056006173,0
157296544,45,1,0,0.0028035212,0,0.000934569,0
157296706,45,4,0,0.003933032,0,0.010408864,0
157296708,45,7,0,0.00036592214,0,0.0028453576,0
157299461,45,1,0,0.022743067,0,0.24644682,0
157301501,45,1,0,7.34633e-24,0,5.9016796e-17,0
157320937,45,1,0,0.007889457,0,0.18725504,0
159788486,45,1,0,0.00017684426,0,0.014091126,0
159789061,45,1,0,0.0004849947,0,0.02796688,0
160011420,45,3,0,0.010869063,0,0.06760411,0
160105308,45,2,0,3.016934e-06,0,0.009562736,0
160357717,45,1,0,1.8132923e-06,0,0.0015414284,0
160498020,45,1,0,4.5927482e-08,0,0.0001366707,0
160794607,45,1,0,7.127396e-25,0,0.0,0
160799142,45,1,0,5.7900417e-07,0,3.2152206e-05,0
160799511,45,1,0,3.5797475e-05,0,0.00012625661,0
162147759,45,1,0,6.072621e-24,0,0.0,0
162258255,45,1,0,0.06481434,0,0.0512184,0
162500985,45,1,0,7.009606e-10,0,2.0301896e-09,0
162789184,45,1,0,0.009367056,0,0.11643152,0
162896859,45,1,0,6.2635463e-06,0,0.0009790191,0
162970612,45,1,0,2.048693e-05,0,4.2742386e-08,0
163047206,45,5,0,0.0023882054,0,0.03458096,0
163111740,45,1,0,3.964294e-05,0,0.0022378743,0
163173241,45,1,0,0.0006842645,0,1.8443804e-06,0
163178977,45,1,0,8.434293e-21,0,0.0,0
163181801,45,1,0,0.00025808957,0,0.00056687626,0
163287839,45,1,0,1.0023577e-20,0,8.957957e-39,0
163389503,45,1,0,0.90937275,1,0.42588875,0
163403633,45,2,0,0.014009152,0,0.00020592118,0
163403634,45,2,0,0.013759288,0,0.016406357,0
164253290,45,1,0,9.53061e-06,0,0.00073477556,0
164516009,45,2,0,1.1443839e-06,0,0.00013172821,0
164649961,45,1,1,0.0035959715,0,0.07824773,0
164650348,45,3,0,6.875532e-11,0,3.2354354e-08,0
164653024,45,3,0,8.171949e-07,0,5.462729e-05,0
164653786,45,3,0,2.8530853e-11,0,3.159179e-08,0
164656998,45,9,0,6.7907754e-12,0,5.813257e-07,0
164659365,45,7,0,0.0024460638,0,0.0048073633,0
164662728,45,2,0,0.0016659517,0,0.028656648,0
164662731,45,1,0,0.0056330124,0,0.45896843,0
164662760,45,1,0,0.0077036293,0,0.21972775,0
164664036,45,1,0,1.8438305e-11,0,7.1574386e-09,0
164672372,45,3,0,0.009291019,0,0.0069279415,0
164672681,45,3,0,0.0095024975,0,0.006817107,0
164675944,45,2,0,0.009170801,0,0.195846,0
164676899,45,4,0,0.02861689,0,0.016139973,0
164676983,45,1,0,9.61432e-05,0,0.00079977146,0
164681084,45,1,0,0.05866724,0,0.023623722,0
164682526,45,2,0,0.05821121,0,0.2663952,0
164686466,45,3,0,2.4921207e-18,0,7.317363e-14,0
164686469,45,1,0,3.1967788e-15,0,8.275805e-08,0
164686471,45,1,0,5.9071655e-13,0,3.7766455e-05,0
164687321,45,1,0,5.810601e-18,0,5.3567493e-09,0
164687325,45,1,0,2.619705e-16,0,1.6370739e-06,0
164687670,45,3,0,1.2972192e-16,0,7.769217e-18,0
164687671,45,2,0,1.1205725e-12,0,5.835297e-08,0
164687672,45,1,0,2.6274718e-12,0,1.8663191e-07,0
164687757,45,3,0,0.043191765,0,0.042769287,0
164687876,45,1,0,9.2395674e-12,0,7.9674965e-06,0
164688873,45,2,0,5.4614107e-17,0,2.229132e-16,0
164690577,45,1,0,5.826327e-14,0,1.0587905e-11,0
164695065,45,2,0,7.7874333e-26,0,2.637077e-19,0
164709792,45,1,0,0.011805107,0,0.0011969336,0
164710454,45,3,1,0.3156632,0,0.21166639,0
164710455,45,1,1,0.0027045591,0,0.00060848903,0
164710543,45,2,1,0.018348765,0,0.0006356406,0
164713969,45,1,1,0.057346214,0,0.1064014,0
164714477,45,1,0,0.0005773,0,0.00028374672,0
164714573,45,2,0,0.2385713,0,0.07349313,0
164714577,45,2,0,0.022808192,0,0.0075436523,0
164714657,45,5,0,4.6277947e-07,0,0.00041839047,0
164716813,45,2,0,0.00036549955,0,0.002068468,0
164750924,45,2,0,0.0020573128,0,0.127715,0
164752998,45,2,0,0.026318163,0,0.08712697,0
164753010,45,8,0,0.0017147395,0,0.0094109,0
164753015,45,10,0,0.00019279929,0,0.00069399853,0
164753016,45,1,0,0.15649837,0,0.6334021,0
164753018,45,13,0,0.002879791,0,0.0035149823,0
164753019,45,3,0,0.0036096175,0,0.0036584383,0
164753022,45,10,0,0.14747739,0,0.4265902,0
164753025,45,6,0,0.03240208,0,0.070147306,0
164753185,45,6,0,8.346782e-07,0,0.00033677585,0
164753191,45,7,0,0.009201485,0,0.025456417,0
164753193,45,1,0,9.68972e-05,0,0.0071694413,0
164753456,45,1,0,0.000832543,0,0.0059861434,0
164754320,45,3,0,0.00026126232,0,0.010738231,0
164754558,45,5,0,0.0020157106,0,0.010165991,0
164754574,45,2,0,0.004583022,0,0.004280086,0
164755142,45,5,0,0.0042411154,0,0.0020951221,0
164755143,45,3,0,0.02023757,0,0.007848062,0
164756127,45,30,0,1.1868747e-08,0,1.3785218e-06,0
164756189,45,1,0,0.0005081759,0,0.020472923,0
164756190,45,2,0,0.0031876734,0,0.03253211,0
164756191,45,1,0,0.003442004,0,0.026596466,0
164756194,45,1,0,0.012029931,0,0.18011889,0
164756195,45,1,0,0.22492245,0,0.80593216,0
164756207,45,2,0,0.18040505,0,0.61304194,0
164756209,45,1,0,0.0219333,0,0.20922294,0
164756212,45,3,0,5.3738127e-05,0,0.0007269952,0
164756216,45,1,0,0.02484326,0,0.33315977,0
164756219,45,2,0,0.0004069793,0,0.010853187,0
164756221,45,1,0,0.0007594169,0,0.02510125,0
164756222,45,1,0,0.00037855975,0,0.12943538,0
164756224,45,1,0,0.025452927,0,0.030524043,0
164756226,45,1,0,0.00760556,0,0.10071139,0
164756227,45,1,0,0.015689159,0,0.0918411,0
164756228,45,1,0,0.0065266252,0,0.102178134,0
164756229,45,3,0,1.1542844e-05,0,0.0015178418,0
164756231,45,2,0,0.001085498,0,0.051043805,0
164756234,45,2,0,1.1955152e-05,0,0.0011747977,0
164756236,45,2,0,0.000527052,0,0.018981697,0
164756239,45,2,0,0.00691644,0,0.18935421,0
164757545,45,3,0,2.0770725e-05,0,2.64584e-05,0
164757690,45,1,0,0.0033632128,0,0.07931802,0
164757817,45,1,0,0.13176373,0,0.36141393,0
164757818,45,1,0,0.00014745172,0,0.0071066455,0
164757821,45,1,0,0.0011204435,0,0.012268716,0
164757822,45,2,0,0.029857723,0,0.11279077,0
164758016,45,2,0,0.022059271,0,0.010885269,0
164758019,45,1,0,3.2743417e-12,0,3.769594e-11,0
164758026,45,2,0,0.00015929434,0,0.023950702,0
164758027,45,1,0,0.00081520056,0,0.03993542,0
164758029,45,2,0,0.0059834546,0,0.0376274,0
164758030,45,2,0,0.0013912168,0,0.0021321205,0
164758031,45,2,0,0.0010867977,0,0.0076932223,0
164758033,45,2,0,0.0003814388,0,0.002272803,0
164801474,45,1,0,7.2447176e-05,0,0.002812031,0
164812762,45,1,0,0.12520245,0,0.04685244,0
164839778,45,2,0,0.35373077,0,0.88897586,1
164839927,45,1,0,1.2649911e-08,0,7.6401716e-07,0
164849067,45,2,0,0.00019056915,0,0.008663339,0
164849069,45,1,0,7.8525576e-25,0,2.098854e-20,0
164849071,45,2,0,0.0018410602,0,0.066626884,0
164849083,45,2,0,0.0013431682,0,0.04113909,0
164849086,45,3,0,0.022425577,0,0.05560456,0
164849570,45,2,0,0.001845967,0,0.03796441,0
164849578,45,2,0,0.0026962685,0,0.124381326,0
164857952,45,1,0,8.835935e-05,0,0.014029254,0
164857966,45,2,0,1.3486899e-06,0,0.00040415968,0
164857971,45,1,0,4.409067e-27,0,8.1538675e-21,0
164858025,45,1,0,2.3413432e-27,0,5.6130307e-21,0
164858029,45,2,0,5.5546105e-05,0,0.0143909035,0
164858033,45,1,0,5.6293774e-26,0,3.8851584e-20,0
164858197,45,2,0,3.6123138e-06,0,0.00086177187,0
164858248,45,2,0,2.448173e-06,0,0.00035723156,0
164858710,45,1,0,9.346612e-06,0,0.0016415672,0
164858717,45,6,0,7.143433e-06,0,0.00030078721,0
164861122,45,1,0,4.0556692e-08,0,3.5061184e-05,0
164862487,45,3,0,2.5765603e-05,0,0.0001531734,0
164877489,45,5,0,7.7212354e-07,0,1.1848982e-11,0
164878929,45,1,0,0.03557343,0,0.021421742,0
164879629,45,2,0,4.5502826e-24,0,0.0,0
164882344,45,1,0,4.2453187e-21,0,5.925096e-39,0
164885071,45,1,0,1.825824e-23,0,0.0,0
164891783,45,1,0,0.055439744,0,0.00023422357,0
164891981,45,1,0,0.00015563308,0,5.5614423e-06,0
164894136,45,2,0,0.00020425474,0,5.2138416e-06,0
164895870,45,1,0,1.5898483e-22,0,0.0,0
164897012,45,1,0,3.4155922e-24,0,3.0792587e-19,0
164898803,45,1,0,2.2184114e-22,0,0.0,0
164899719,45,1,0,2.572418e-24,0,0.0,0
164905484,45,1,0,1.33595e-22,0,0.0,0
164905487,45,1,0,0.027844382,0,1.24330445e-05,0
164905771,45,1,0,5.9791605e-23,0,0.0,0
164913439,45,1,0,5.7462836e-05,0,2.1096543e-05,0
164914807,45,1,0,0.0019444793,0,8.603896e-05,0
164916959,45,1,0,2.6662321e-24,0,0.0,0
164920594,45,1,0,0.00034147289,0,0.00064317085,0
164946541,45,4,0,0.003369218,0,0.006466151,0
164949646,45,2,0,0.019355817,0,0.1260062,0
164958702,45,2,0,1.020339e-13,0,1.132518e-14,0
164964361,45,1,0,3.7016913e-12,0,5.5535506e-06,0
164964365,45,1,0,4.2021386e-13,0,0.000100725716,0
164982939,45,2,0,0.005954966,0,0.25319043,0
165400002,45,2,0,0.036758464,0,0.028754495,0
166327344,45,1,0,0.0014799816,0,0.038520116,0
168235520,45,1,0,0.0022153629,0,0.04271009,0
168661811,45,1,0,1.1509163e-26,0,0.0,0
168666127,45,1,0,0.0001751886,0,6.881702e-06,0
169360875,45,2,0,1.2337807e-11,0,9.165143e-09,0
169360876,45,2,0,1.1851604e-11,0,9.6868824e-08,0
169360877,45,2,0,6.2251564e-07,0,2.3936494e-05,0
170455058,45,1,0,0.0023394122,0,0.08042816,0
170455064,45,1,0,0.001716836,0,0.010128958,0
171533940,45,4,0,0.0011032668,0,0.024522763,0
171566060,45,5,0,0.016867602,0,0.080526344,0
171576743,45,1,0,0.0032466317,0,0.025049586,0
171980295,45,3,0,0.0005557241,0,0.0049492563,0
172032800,45,1,0,0.0013237976,0,0.038165372,0
172173383,45,1,0,0.0040613734,0,0.02452461,0
172876581,45,1,0,0.31759605,0,0.70614433,0
173302584,45,1,0,0.0051253145,0,0.18570268,0
173302585,45,1,0,0.008322658,0,0.20234159,0
173502051,45,2,0,0.009535406,0,0.0010637854,0
173517961,45,1,0,0.0855217,0,0.19183241,0
173567448,45,3,0,0.0016801537,0,0.0057477686,0
173664982,45,10,0,0.00017001403,0,3.6246018e-07,0
173754103,45,1,0,0.99462897,1,0.3504826,0
174135366,45,1,0,0.0051876307,0,0.0026295108,0
174191727,45,1,0,0.045838,0,0.535049,0
174229825,45,2,0,0.935031,1,0.8754518,1
174257020,45,1,0,0.0403881,0,0.22228087,0
174257021,45,1,0,0.024429232,0,0.6114764,0
174776383,45,1,0,2.8828542e-22,0,0.0,0
175057040,45,1,0,0.43128172,0,0.54528093,0
175889036,45,1,0,9.7823366e-05,0,0.00079163344,0
178061036,45,1,0,0.0020718588,0,0.037758783,0
178061037,45,2,0,0.058122683,0,0.055390872,0
179024802,45,1,0,0.000815582,0,0.07800879,0
179994406,45,2,0,0.38793087,0,0.14666352,0
180015515,45,1,0,2.104416e-05,0,0.0010361612,0
180288353,45,3,0,0.000988992,0,0.0026418325,0
180297331,45,1,0,0.034291446,0,0.17366539,0
180807508,45,1,0,0.01804224,0,0.28472415,0
180939319,45,4,0,0.011582853,0,0.009778602,0
180939321,45,1,0,0.08328375,0,0.61803496,0
181152908,45,2,0,0.047341026,0,0.39374226,0
181152918,45,1,0,0.018658275,0,0.14930093,0
181166458,45,1,0,0.00080267084,0,0.002897278,0
181178950,45,3,0,0.296182,0,1.062713e-08,0
181187132,45,1,0,1.1973505e-22,0,0.0,0
181189087,45,1,0,2.3462274e-25,0,0.0,0
181190171,45,1,0,0.003322794,0,8.9707655e-06,0
181202082,45,2,0,0.23417532,0,0.36613002,0
181202361,45,2,0,0.93454355,1,0.2292452,0
181202368,45,1,0,0.97114706,1,0.92198807,1
181203538,45,1,0,5.9236954e-24,0,8.903238e-18,0
181206807,45,1,0,0.0013737463,0,0.0016130598,0
181210107,45,2,0,3.6808553e-05,0,1.4934318e-16,0
181210125,45,2,0,0.0013556973,0,0.004794698,0
181320779,45,1,0,0.001345303,0,0.01882687,0
181327301,45,1,0,0.05884121,0,0.73173016,0
181454789,45,1,0,0.0032687043,0,0.1071085,0
181470963,45,1,0,0.00041577194,0,0.0073434487,0
181510819,45,1,0,0.0032929983,0,0.10535287,0
181605844,45,2,0,0.0015804742,0,0.21111268,0
181883690,45,1,0,0.00054711854,0,0.01836909,0
181949645,45,3,0,0.0068845986,0,0.18072177,0
181971595,45,1,0,0.024116749,0,0.15630916,0
181971723,45,2,0,0.0026483887,0,0.076395534,0
181971989,45,2,0,0.112087056,0,0.053808697,0
181972318,45,2,0,0.0014605771,0,0.017639125,0
181973011,45,2,0,0.021241082,0,0.07012228,0
181973018,45,3,0,6.9260645e-06,0,0.00051081175,0
181974491,45,1,0,1.209019e-06,0,0.0011438527,0
181975028,45,1,0,0.000113778915,0,0.046533376,0
181977175,45,1,0,0.00076155545,0,0.036073495,0
181978012,45,1,0,0.0009178349,0,0.03043859,0
181978351,45,1,0,0.016749555,0,0.14003338,0
181978358,45,5,0,0.008347963,0,0.016521584,0
181978385,45,1,0,3.4913508e-05,0,0.0032021196,0
181978788,45,1,0,9.327663e-06,0,0.0019951428,0
181979139,45,1,0,0.028586116,0,0.19335735,0
181979460,45,1,0,0.0007071552,0,0.0024356074,0
181979463,45,1,0,0.009448457,0,0.06314702,0
181980438,45,2,0,0.0026507478,0,0.0012038511,0
181980445,45,1,0,0.42554522,0,0.9403166,1
181980967,45,1,0,0.0002538343,0,0.0014558628,0
181981262,45,1,0,0.004675942,0,0.07229332,0
181981283,45,1,0,0.0010197982,0,0.026764946,0
181981290,45,1,0,0.008074471,0,0.0965438,0
181981305,45,2,0,0.0002825419,0,0.002176956,0
181981499,45,1,0,0.036893077,0,0.3859596,0
181981518,45,2,0,0.0043682493,0,0.0006852914,0
181981520,45,2,0,0.00092933007,0,0.0023881453,0
181982228,45,1,0,0.03710734,0,0.47776687,0
181982550,45,1,0,0.01746404,0,0.14193645,0
181982568,45,1,0,0.003420847,0,0.05136668,0
181982571,45,1,0,0.00027522506,0,0.008406834,0
181982828,45,2,0,0.028082056,0,0.14663328,0
181982834,45,1,0,0.05119399,0,0.61413926,0
181982846,45,1,0,0.043992374,0,0.42564753,0
181983550,45,2,0,0.16695334,0,0.028451798,0
181983566,45,1,0,0.0013254496,0,0.0019595434,0
181983870,45,1,0,1.17146e-05,0,0.0024997648,0
181984853,45,1,0,0.0015858037,0,0.057977047,0
181985259,45,1,0,0.0061702463,0,0.12756008,0
181985624,45,1,0,0.00147867,0,0.012452133,0
181986329,45,1,0,0.0010680275,0,0.058186054,0
181986652,45,1,0,0.0013934374,0,0.049942523,0
181988302,45,1,0,0.09164535,0,0.77663106,0
181988315,45,9,0,0.00012926015,0,0.0018184831,0
181988804,45,1,0,0.04122849,0,0.46479294,0
181988893,45,2,0,4.030922e-07,0,8.5823856e-05,0
181988914,45,2,0,2.4173594e-10,0,5.6728126e-08,0
181990740,45,1,0,0.0057854992,0,0.05360425,0
181991817,45,1,0,0.0008970739,0,0.017497707,0
181994695,45,1,0,0.0019774279,0,0.017668597,0
181995815,45,1,0,0.026367757,0,0.41620395,0
181995819,45,1,0,0.0070868563,0,0.21795055,0
181995824,45,2,0,0.0054499055,0,0.010021634,0
181995828,45,4,0,0.0010084565,0,0.009534867,0
181995843,45,1,0,0.021837655,0,0.17911379,0
181997193,45,1,0,0.000290217,0,0.032354362,0
181997920,45,1,0,0.024772981,0,0.2742763,0
181998588,45,3,0,0.008098509,0,0.24956517,0
181999820,45,2,0,0.010974426,0,0.013754521,0
182000101,45,2,0,0.015726935,0,0.016964464,0
182000112,45,1,0,0.0014169788,0,0.022421585,0
182000392,45,1,0,0.022825582,0,0.13739808,0
182000458,45,1,0,0.005415828,0,0.123387806,0
182000469,45,1,0,0.0057086786,0,0.06311888,0
182000683,45,1,0,0.9241046,1,0.9115952,1
182001085,45,2,0,3.5424625e-11,0,8.434087e-09,0
182001086,45,2,0,8.683633e-11,0,2.0510994e-08,0
182001350,45,1,0,0.00024274402,0,0.00205615,0
182001839,45,1,0,0.037010077,0,0.36349654,0
182002396,45,2,0,0.21303912,0,0.09952952,0
182002409,45,2,0,0.036614526,0,0.15424782,0
182002411,45,2,0,0.009106964,0,0.10559021,0
182002419,45,2,0,0.004403256,0,0.013679888,0
182002456,45,1,0,0.017271452,0,0.17972477,0
182002459,45,5,0,0.0024340267,0,0.009938914,0
182002736,45,1,0,0.027118102,0,0.13653994,0
182002742,45,5,0,0.0005987056,0,0.0113083245,0
182002751,45,1,0,0.0033559864,0,0.0916269,0
182003162,45,3,0,0.0023475809,0,0.0038405221,0
182004205,45,4,0,0.028779041,0,0.00085263647,0
182004632,45,2,0,1.18374e-06,0,7.751592e-05,0
182004653,45,1,0,0.04138496,0,0.2700579,0
182006745,45,1,0,0.0046225665,0,0.024681443,0
113780,46,10,0,3.7549963e-12,0,3.1420913e-10,0
642998,46,1,0,1.3092628e-08,0,4.8287266e-06,0
860310,46,1,0,2.2289832e-06,0,1.9859997e-05,0
862692,46,2,0,0.0017856769,0,0.005103909,0
1314792,46,1,0,4.3306933e-05,0,0.0002498461,0
1314835,46,1,0,4.2078362e-08,0,5.1254676e-07,0
1314836,46,1,0,4.578261e-07,0,1.06626e-06,0
1315478,46,1,0,1.4093805e-09,0,9.4121846e-05,0
1315771,46,1,0,1.6689801e-06,0,0.0049711266,0
2256959,46,2,0,0.0013308249,0,0.13046773,0
2947436,46,100,0,5.054653e-20,0,2.8293665e-14,0
3509407,46,91,0,2.6191561e-08,0,3.4852403e-07,0
3586915,46,1,0,0.004923344,0,0.00040158612,0
3607094,46,2,0,1.2078276e-05,0,3.4909094e-06,0
3641234,46,5,0,1.4820761e-08,0,1.03566335e-05,0
3990007,46,2,0,3.8884586e-08,0,0.00017286799,0
4992401,46,2,0,3.524137e-08,0,2.5535334e-07,0
5162648,46,6,0,3.8873552e-26,0,8.584478e-30,0
5581060,46,1,0,0.00017408642,0,0.00038899187,0
5616306,46,3,0,3.9231412e-07,0,5.1113364e-10,0
5944784,46,2,0,0.004838356,0,1.2361495e-06,0
6013421,46,3,0,1.5961892e-06,0,0.0008626345,0
6243943,46,45,0,5.4099865e-17,0,3.5005785e-14,0
6243976,46,12,0,7.2350754e-34,0,0.0,0
6244017,46,68,0,1.1876964e-16,0,5.2953982e-14,0
6244808,46,2,0,2.338775e-05,0,2.0093885e-05,0
6245237,46,1,0,4.17083e-09,0,8.8447196e-05,0
6341153,46,1,0,3.010536e-06,0,0.0019850594,0
6417015,46,2,0,0.0052725757,0,0.027356295,0
6629462,46,43,0,1.0858619e-16,0,4.4685975e-14,0
7218008,46,2,0,1.9397048e-24,0,1.487552e-17,0
7578699,46,1,0,1.1912641e-06,0,6.0615323e-05,0
7591549,46,1,0,4.816189e-08,0,3.4500124e-06,0
7592802,46,1,0,1.8074759e-07,0,7.24136e-06,0
7592815,46,2,0,4.97694e-07,0,3.9679244e-06,0
7597019,46,3,0,1.2451518e-07,0,4.7299736e-06,0
7597463,46,4,0,1.424543e-08,0,6.252098e-05,0
7877502,46,6,0,6.4463893e-07,0,0.0003179362,0
7981490,46,3,0,3.8722433e-07,0,3.316362e-05,0
7984087,46,1,0,2.7545263e-07,0,1.7459679e-05,0
7984089,46,1,0,1.1512395e-06,0,6.3298576e-05,0
7984090,46,1,0,1.0057539e-07,0,7.0180454e-06,0
7984091,46,1,0,2.9798278e-07,0,8.494031e-07,0
8007690,46,3,0,2.3891156e-09,0,1.9036023e-06,0
8159507,46,6,0,1.6236305e-08,0,1.3854833e-09,0
8180021,46,3,0,3.5534432e-16,0,2.1291354e-12,0
9822768,46,1,0,5.2888026e-08,0,1.841096e-05,0
10350720,46,1,0,4.31618e-07,0,8.9924084e-05,0
10825262,46,3,0,4.486392e-07,0,0.0001025718,0
12537161,46,2,0,4.7598925e-10,0,5.047237e-07,0
12959844,46,2,0,1.3057283e-09,0,5.8916567e-06,0
13472060,46,1,0,1.5592672e-06,0,0.00087911607,0
13526993,46,1,0,1.25001225e-05,0,9.724805e-06,0
13636442,46,1,0,9.0592914e-07,0,1.7369534e-06,0
13678523,46,4,0,1.8321891e-06,0,0.00018730725,0
13679280,46,1,0,2.5400215e-05,0,0.0009115292,0
13835610,46,2,0,4.553885e-06,0,1.5682443e-05,0
14090138,46,2,0,9.172458e-08,0,5.474101e-07,0
14096109,46,2,0,1.1905129e-07,0,1.0008041e-05,0
14112275,46,9,0,1.5250725e-07,0,7.609297e-05,0
14913694,46,1,0,0.018534113,0,8.963017e-07,0
14950377,46,103,0,5.2231082e-20,0,1.2207381e-14,0
14950809,46,10,0,1.248509e-16,0,1.18113395e-08,0
14952201,46,3,0,2.9931563e-08,0,3.8375756e-06,0
14952222,46,85,0,2.902918e-10,0,1.6508787e-09,0
14972558,46,1,0,4.589143e-05,0,0.0010934622,0
14993946,46,1,0,4.0867406e-05,0,4.5861023e-05,0
15365487,46,1,0,6.894978e-07,0,5.958067e-05,0
15629037,46,1,0,1.1048875e-05,0,0.00015902483,0
15629510,46,3,0,1.6819146e-07,0,9.299541e-05,0
15667547,46,1,0,0.0004314141,0,0.002943294,0
15814250,46,1,0,3.5054213e-06,0,5.0427516e-06,0
15913585,46,2,0,0.015703214,0,4.9247626e-07,0
15984207,46,46,0,3.100664e-12,0,8.0670186e-11,0
16478142,46,4,0,2.0346123e-07,0,0.0002572126,0
16542124,46,1,0,0.050633997,0,0.26624784,0
16913271,46,1,0,1.3481792e-05,0,5.2116393e-06,0
16915265,46,1,0,4.7298113e-06,0,5.878754e-07,0
16915664,46,1,0,7.262675e-06,0,0.0016750498,0
16916395,46,1,0,1.724854e-05,0,0.00021953203,0
16916513,46,1,0,7.838652e-05,0,3.2700127e-06,0
16993937,46,1,0,7.9301666e-05,0,0.005524594,0
19210463,46,26,0,1.1825822e-10,0,1.2746118e-11,0
20006516,46,3,0,3.1994847e-09,0,1.03346686e-07,0
21541678,46,1,0,0.0001324815,0,2.9020051e-05,0
21542091,46,1,0,1.5158018e-05,0,5.7047077e-06,0
21783643,46,2,0,4.865242e-05,0,0.00020929995,0
21785013,46,1,0,7.176974e-06,0,0.000985143,0
21785855,46,8,0,3.876412e-11,0,4.7111484e-09,0
21911936,46,1,0,3.451042e-05,0,1.700884e-07,0
22203150,46,1,0,4.0297605e-06,0,0.00032441606,0
22203381,46,1,0,0.00031445143,0,0.0077859233,0
22204803,46,1,0,1.4208727e-10,0,4.042174e-07,0
22205367,46,2,0,2.9753728e-05,0,3.3854866e-07,0
22650864,46,3,0,9.62451e-07,0,5.2406263e-06,0
24453586,46,1,0,0.015988031,0,3.4030723e-05,0
24522913,46,1,0,3.5510235e-05,0,0.004480374,0
25456425,46,3,0,0.5341183,0,0.13633323,0
25634495,46,1,0,0.00209097,0,0.026078776,0
27031253,46,2,0,4.1818207e-10,0,2.6755918e-08,0
29243157,46,34,0,3.9791348e-17,0,4.532741e-13,0
29454726,46,3,0,2.057995e-09,0,1.0107367e-07,0
30348305,46,1,0,0.006414054,0,0.0354299,0
30526323,46,4,0,0.090605155,0,0.21271363,0
31273765,46,2,0,1.7085525e-06,0,0.00042858432,0
31409359,46,3,0,1.5833251e-09,0,1.1036786e-05,0
31557301,46,1,0,2.453308e-06,0,6.4571395e-05,0
31580372,46,1,0,8.5934694e-08,0,4.2200995e-06,0
32330985,46,2,0,3.0783535e-06,0,0.0077124005,0
32998848,46,4,0,1.4508536e-08,0,1.0681698e-05,0
33446037,46,2,0,0.013876959,0,0.00048199095,0
34137293,46,1,0,0.10310671,0,0.30798197,0
34786829,46,1,0,0.00017381739,0,0.00368018,0
35628304,46,2,0,0.0005469613,0,0.0031059447,0
35650042,46,1,0,1.00405915e-08,0,1.2989154e-05,0
36709781,46,1,0,5.1936752e-08,0,1.1251771e-05,0
36882666,46,1,0,6.8973036e-09,0,6.316736e-05,0
37710737,46,3,0,6.4144796e-09,0,3.330621e-05,0
37967815,46,1,0,0.062536456,0,0.068793826,0
38200326,46,1,0,9.920951e-08,0,0.00019791076,0
38741913,46,1,0,2.246473e-07,0,0.0006275226,0
39220656,46,1,0,0.000426114,0,5.121207e-07,0
39422017,46,5,0,0.050925653,0,0.05346063,0
40387777,46,1,0,6.882575e-08,0,0.0001925366,0
40734618,46,17,0,1.6557269e-07,0,1.8136889e-09,0
40906110,46,2,0,0.010305333,0,0.00084740616,0
41187779,46,1,0,0.00074469607,0,0.0018103896,0
43351875,46,2,0,0.004987324,0,0.04328441,0
43649029,46,2,0,0.00012303739,0,0.0008986305,0
44118784,46,4,0,0.004552601,0,0.012162383,0
44517537,46,2,0,0.0037052985,0,5.4914977e-05,0
44780814,46,1,0,2.3672177e-07,0,2.596275e-07,0
45521355,46,1,0,4.0898012e-16,0,1.6678425e-06,0
45521358,46,1,0,9.905189e-18,0,1.4384393e-13,0
45956936,46,3,0,0.028678646,0,0.10752455,0
46047725,46,2,0,0.018827103,0,0.0023489995,0
46950741,46,1,0,1.875535e-13,0,1.9625676e-11,0
46950744,46,1,0,8.271455e-18,0,1.0893949e-12,0
48285886,46,1,0,6.941025e-17,0,3.878038e-07,0
48342473,46,1,0,0.00019108772,0,0.00039678998,0
48346142,46,1,0,1.4231544e-07,0,1.5111999e-09,0
48350949,46,1,0,0.0011663557,0,0.0037419775,0
48428950,46,1,0,0.00021204237,0,0.00095412513,0
48535465,46,1,0,0.04659473,0,0.28867668,0
48593138,46,1,0,1.3392847e-06,0,0.0006844593,0
48811587,46,1,0,0.3117625,0,0.3206967,0
49315950,46,1,0,5.4693132e-06,0,0.00042173645,0
49940238,46,1,0,2.322995e-05,0,2.872581e-06,0
49970556,46,1,0,1.055904e-06,0,1.8439389e-06,0
50383542,46,1,0,0.02977808,0,0.031722907,0
50434018,46,3,0,0.0008539887,0,0.038136553,0
52811306,46,1,0,9.494481e-09,0,1.485703e-05,0
53738696,46,1,0,3.2796554e-05,0,0.0026400038,0
55601897,46,1,0,1.022311e-05,0,1.1054957e-06,0
56147299,46,1,0,0.00014061735,0,0.0008237325,0
58191203,46,1,0,2.1029453e-05,0,0.0005920048,0
59080968,46,1,0,1.2655081e-05,0,0.00023703561,0
59080978,46,1,0,7.3436613e-06,0,9.4246474e-07,0
59086131,46,2,0,1.4876881e-05,0,0.00032803617,0
59215037,46,2,0,1.9463772e-05,0,2.4700046e-05,0
60617667,46,2,0,2.0289361e-08,0,6.7352666e-09,0
60768955,46,2,0,1.9812818e-05,0,6.72826e-05,0
61304091,46,4,0,6.672195e-08,0,5.6634573e-05,0
65000360,46,1,0,6.044556e-05,0,3.465246e-05,0
66418607,46,1,0,4.460621e-06,0,2.7446893e-05,0
66418610,46,2,0,7.605532e-05,0,5.3190855e-05,0
66418611,46,2,0,1.9153578e-05,0,1.7842007e-05,0
66418612,46,2,0,2.185183e-05,0,1.9613917e-05,0
66418920,46,1,0,5.1107693e-18,0,1.905679e-07,0
66418992,46,1,0,3.1671996e-06,0,9.519816e-05,0
66419090,46,1,0,4.7622817e-07,0,4.4716242e-05,0
66419091,46,2,0,4.4475214e-06,0,2.8748088e-06,0
66419170,46,2,0,0.0005062468,0,0.00010772416,0
66419172,46,1,0,1.2069074e-06,0,5.2809923e-05,0
66419173,46,3,0,4.6221144e-06,0,1.1734615e-05,0
66419194,46,1,0,1.1989005e-05,0,6.1070845e-05,0
66419199,46,1,0,3.7724894e-09,0,1.9837604e-05,0
66419260,46,1,0,1.661109e-07,0,5.3674676e-06,0
66420365,46,1,0,0.047253586,0,0.0012317401,0
66420374,46,2,0,1.6915266e-05,0,0.0002931662,0
66420538,46,1,0,0.00026435175,0,0.004516766,0
66420548,46,2,0,1.3185008e-06,0,5.3098363e-05,0
66420562,46,3,0,0.000116182826,0,0.0041446453,0
66420571,46,1,0,8.108849e-05,0,0.00094943825,0
66420576,46,1,0,9.835787e-08,0,5.081488e-06,0
66420588,46,3,0,0.00020641892,0,2.165843e-05,0
66420801,46,4,0,0.00027686733,0,0.008093787,0
66420805,46,1,0,3.1110057e-09,0,2.356595e-07,0
66420812,46,2,0,5.3116233e-18,0,1.4294727e-07,0
66420814,46,1,0,6.914987e-11,0,9.206157e-06,0
66420815,46,3,0,0.00021163136,0,0.00065645983,0
66420816,46,1,0,5.0043305e-19,0,4.8327436e-08,0
66420824,46,3,0,3.869696e-06,0,9.4819725e-06,0
66420987,46,1,0,8.180972e-05,0,0.00084614585,0
66421580,46,53,0,1.1851036e-05,0,6.7084106e-06,0
66421736,46,1,0,0.00020139437,0,5.4274613e-05,0
66421741,46,49,0,0.00078836916,0,4.9832393e-05,0
66421744,46,4,0,6.348724e-10,0,3.0795397e-06,0
66421745,46,1,0,5.296005e-07,0,5.9398876e-06,0
66421754,46,1,0,1.0970275e-06,0,4.3374388e-05,0
66421761,46,1,0,5.334239e-08,0,1.4121711e-06,0
66421915,46,1,0,5.8238053e-10,0,1.2462424e-07,0
66421930,46,1,0,4.7714412e-08,0,1.0766939e-06,0
66421959,46,1,0,3.0032528e-05,0,2.8698492e-05,0
66421968,46,2,0,8.887536e-07,0,7.717899e-05,0
66421983,46,1,0,2.341892e-06,0,2.1442596e-05,0
66421987,46,1,0,3.8181184e-07,0,0.0010805926,0
66422101,46,2,0,6.8000787e-09,0,2.6605344e-06,0
66422104,46,1,0,5.094513e-07,0,9.113446e-05,0
66422110,46,1,0,1.8168093e-08,0,1.189396e-05,0
66422365,46,2,0,1.0182109e-06,0,0.0007098003,0
66422371,46,1,0,2.1875091e-07,0,7.1752416e-05,0
66422375,46,1,0,1.7383968e-07,0,4.4082654e-07,0
66422391,46,1,0,3.572024e-06,0,4.6949524e-05,0
66422823,46,2,0,3.2556383e-07,0,0.00029200802,0
66422866,46,1,0,2.761424e-05,0,1.1126648e-05,0
66422868,46,1,0,1.0070551e-06,0,5.9219856e-06,0
66423013,46,1,0,1.7960632e-07,0,2.3885734e-05,0
66423022,46,1,0,2.5873967e-06,0,4.8740094e-05,0
66423046,46,1,0,2.1666784e-07,0,7.0108304e-05,0
66423057,46,2,0,2.3935735e-07,0,0.0002004979,0
66423059,46,1,0,3.0613883e-06,0,0.0003415911,0
66423232,46,1,0,6.4644673e-06,0,1.2744706e-05,0
66423427,46,1,0,6.3620644e-07,0,7.878729e-06,0
66423630,46,1,0,5.90616e-07,0,7.518286e-05,0
66423833,46,1,0,1.1071516e-09,0,4.4774646e-09,0
66424056,46,2,0,2.4288172e-05,0,0.0027742498,0
66424061,46,1,0,1.6840318e-07,0,7.939103e-05,0
66424100,46,1,0,1.8154758e-08,0,1.3730245e-06,0
66424105,46,1,0,2.667086e-07,0,1.0771226e-05,0
66424296,46,2,0,1.7913932e-07,0,0.00013391506,0
66424503,46,2,0,2.1935452e-06,0,0.00040949133,0
66425212,46,2,0,2.4772193e-08,0,4.134939e-05,0
66426338,46,1,0,6.1255827e-07,0,6.8478033e-07,0
66426364,46,1,0,1.2910655e-06,0,4.339894e-06,0
66426611,46,1,0,6.7779197e-06,0,7.757196e-06,0
66426847,46,1,0,5.986172e-07,0,1.2984697e-05,0
66426860,46,2,0,7.249755e-09,0,2.1219097e-05,0
66427066,46,1,0,8.5546026e-07,0,1.0353415e-05,0
66427086,46,1,0,0.000215656,0,0.000191266,0
66427463,46,2,0,4.3235495e-08,0,2.0518094e-06,0
66427513,46,1,0,1.4132144e-08,0,6.088726e-05,0
66427664,46,1,0,2.325384e-08,0,8.66605e-06,0
66427749,46,1,0,0.00061944535,0,0.00012510014,0
66427878,46,1,0,3.671341e-07,0,1.7523033e-05,0
66427930,46,3,0,1.2435811e-06,0,0.0001280409,0
66428401,46,1,0,1.4494244e-06,0,2.6999563e-05,0
66428705,46,2,0,6.5268644e-08,0,1.1606584e-06,0
66428717,46,2,0,1.54269e-10,0,1.4436482e-09,0
66428738,46,1,0,2.0201126e-06,0,0.00011722064,0
66428743,46,2,0,1.1229587e-07,0,9.370005e-05,0
66428911,46,1,0,1.01973896e-07,0,3.785819e-05,0
66428942,46,2,0,1.2340555e-08,0,4.370265e-07,0
66429160,46,1,0,1.4812064e-06,0,3.945639e-07,0
66429167,46,1,0,5.76682e-08,0,1.665682e-05,0
66429170,46,2,0,1.0380824e-06,0,0.00014730629,0
66429648,46,2,0,9.779086e-09,0,6.152438e-07,0
66429650,46,1,0,0.00013088931,0,0.00034327465,0
66429916,46,1,0,2.739444e-05,0,7.335919e-06,0
66429923,46,1,0,1.0193388e-05,0,0.0064614536,0
66430526,46,2,0,4.0919235e-06,0,2.1363965e-06,0
66430527,46,1,0,3.5198727e-06,0,3.3435148e-07,0
66430701,46,1,0,1.0055205e-06,0,0.0009234336,0
66430704,46,1,0,1.3170594e-06,0,0.00024805786,0
66430709,46,1,0,9.3744313e-07,0,7.963571e-05,0
66432746,46,3,0,0.0042896396,0,0.014882346,0
66435532,46,2,0,2.2944686e-08,0,1.4921915e-07,0
66435614,46,3,0,1.9121639e-05,0,5.0992818e-05,0
66436274,46,3,0,2.58341e-05,0,0.00012629645,0
66437434,46,6,0,0.124433264,0,0.0018077536,0
66437606,46,1,0,1.7015191e-29,0,2.0948552e-27,0
66437629,46,1,0,5.2086405e-05,0,3.4208615e-08,0
66437630,46,2,0,0.103596196,0,0.004790734,0
66437997,46,7,0,0.049112182,0,0.0005611626,0
66438003,46,3,0,0.00016651298,0,7.5565595e-06,0
66438007,46,1,0,1.0101774e-08,0,0.00023065359,0
66438008,46,1,0,0.026042411,0,0.06997854,0
66438035,46,5,0,0.058782637,0,0.0014894351,0
66438045,46,2,0,0.001756559,0,1.1607441e-11,0
66438047,46,2,0,0.0030156132,0,7.4494186e-05,0
66438048,46,4,0,0.0103519205,0,0.011844283,0
66438255,46,3,0,0.0005635346,0,0.00062955334,0
66438398,46,4,0,0.0034695528,0,6.6236305e-07,0
66438399,46,1,0,0.0901253,0,0.12614843,0
66438401,46,1,0,2.0247415e-27,0,4.6904614e-25,0
66439429,46,2,0,0.040373795,0,0.07577677,0
66439433,46,1,0,0.31441167,0,0.6272099,0
66440734,46,1,0,2.148452e-15,0,1.8193587e-07,0
66440913,46,2,0,1.2529696e-07,0,8.442968e-05,0
66441566,46,1,0,0.03069029,0,0.028658623,0
66441574,46,2,0,0.0034158714,0,0.002422478,0
66442559,46,3,0,8.6928594e-08,0,3.865303e-07,0
66447544,46,1,0,0.015114217,0,0.10991651,0
66447548,46,2,0,0.039770424,0,0.43443167,0
66447754,46,1,0,8.5972076e-08,0,1.0020693e-12,0
66447964,46,1,0,1.131839e-06,0,0.00028029754,0
66447967,46,1,0,0.00012586317,0,0.004743567,0
66448112,46,2,0,9.241514e-05,0,1.13168335e-05,0
66457149,46,1,0,1.5618656e-06,0,1.3662528e-05,0
66457389,46,1,0,0.002844922,0,0.06166292,0
66464301,46,5,0,0.0003189982,0,0.0036191414,0
66465234,46,2,0,0.0006056461,0,0.0002611348,0
66474773,46,2,0,2.2067919e-08,0,0.00011916826,0
66520942,46,3,0,0.1532731,0,0.04713601,0
66522249,46,2,0,3.726806e-06,0,5.942972e-05,0
66522453,46,2,0,3.6826855e-06,0,0.0067067244,0
66525811,46,2,0,6.7643596e-06,0,0.0005676454,0
66525815,46,2,0,1.4457714e-06,0,4.1748638e-07,0
66565043,46,1,0,0.00011954876,0,0.0030467124,0
67001612,46,1,0,1.7994135e-09,0,9.8820165e-06,0
67749446,46,1,0,0.00010505263,0,0.0034873725,0
70672702,46,1,0,0.020814648,0,0.0010256369,0
72570642,46,6,0,0.13498804,0,0.21128279,0
72869460,46,2,0,0.0006172092,0,0.029926218,0
72869690,46,1,0,2.6667604e-07,0,4.540936e-06,0
74195778,46,4,0,0.40312457,0,0.43612692,0
75078587,46,45,1,0.39790365,0,9.762708e-08,0
75419743,46,1,0,0.58794975,0,0.017099112,0
78087451,46,2,0,0.16301222,0,0.030392943,0
78882623,46,1,0,4.5466854e-07,0,5.177308e-05,0
79244550,46,1,0,9.690347e-06,0,0.0009822559,0
79365126,46,1,0,3.4238514e-08,0,0.000110820314,0
79393396,46,1,0,7.029983e-06,0,0.001493906,0
80119141,46,1,0,7.27391e-05,0,0.0001292688,0
80119175,46,2,0,4.688606e-06,0,1.4309624e-05,0
80406543,46,1,0,1.4288855e-06,0,0.00014880371,0
80728293,46,2,0,1.2876578e-07,0,2.1630108e-06,0
81026701,46,1,0,0.00042339365,0,0.022559773,0
81726621,46,3,0,0.0012494124,0,1.2636148e-07,0
82296271,46,1,0,1.82258e-07,0,5.5954047e-06,0
83399487,46,1,0,7.4560694e-06,0,0.00033961536,0
84256457,46,1,0,1.9209134e-05,0,0.001148361,0
84371036,46,1,0,3.5311885e-08,0,0.00010247873,0
85079055,46,1,0,0.00027932462,0,0.00086722174,0
87021023,46,1,0,1.3783544e-05,0,1.9508223e-05,0
87172265,46,1,0,0.0024283065,0,0.032779638,0
87732051,46,3,0,0.23529565,0,0.6651204,0
87766870,46,1,0,0.44909126,0,0.4740621,0
88021508,46,1,0,5.1036145e-06,0,0.00011796913,0
89376781,46,1,0,0.07104704,0,0.2971913,0
95641017,46,1,0,4.6529166e-16,0,1.1345841e-06,0
97280909,46,1,0,2.1146232e-07,0,0.0008710141,0
99887258,46,1,0,4.058516e-06,0,6.0103972e-05,0
104000053,46,1,0,0.009770501,0,0.059523217,0
105097056,46,1,0,1.4242855e-07,0,0.00025996548,0
109165316,46,1,0,5.149062e-07,0,3.1718253e-07,0
109179805,46,1,0,5.5269815e-05,0,1.40729935e-05,0
110963409,46,2,0,0.0005018485,0,0.00012595645,0
111171925,46,1,0,8.582312e-05,0,0.0004109051,0
111690202,46,2,0,0.008954874,0,0.03405464,0
115786408,46,1,0,1.2539601e-08,0,5.4871583e-05,0
116476641,46,1,0,0.015722005,0,0.02115263,0
116511766,46,2,0,0.045676168,0,0.0025913108,0
118535800,46,2,0,8.0702057e-07,0,1.2224566e-05,0
118874815,46,1,0,0.16909601,0,0.002319154,0
120324917,46,2,0,9.410869e-11,0,1.7380155e-07,0
120480994,46,2,0,3.0240668e-07,0,4.248619e-05,0
120609415,46,2,0,0.09735159,0,0.25986195,0
121739591,46,1,0,6.7235374e-07,0,7.2274024e-06,0
123149957,46,1,0,1.1587766e-09,0,1.1817468e-06,0
125969180,46,2,0,0.0007993543,0,0.0136532895,0
126819049,46,1,0,9.289488e-08,0,0.0001772141,0
133876531,46,71,0,1.4825117e-30,0,0.0,0
138297866,46,1,0,8.161621e-06,0,6.353746e-05,0
139157675,46,1,0,1.7228416e-09,0,5.836739e-07,0
141223547,46,1,0,1.2867939e-06,0,0.0016996377,0
146898750,46,1,0,0.0010785876,0,9.3511175e-05,0
170773113,46,1,0,2.488775e-08,0,9.630342e-05,0
172563851,46,2,0,0.0022797685,0,0.0032151164,0
174906625,46,1,0,2.5456394e-18,0,8.298898e-08,0
175460621,46,1,0,3.1739617e-07,0,0.00012846259,0
177966468,46,1,0,1.630087e-05,0,1.08726335e-05,0
187254716,46,1,0,1.5677779e-05,0,7.683906e-05,0
187407716,46,1,0,1.0376681e-07,0,8.7937646e-05,0
191828721,46,1,0,2.0230102e-06,0,0.00010172379,0
191870464,46,1,0,5.5544607e-08,0,4.9741916e-06,0
192718359,46,1,0,9.764514e-08,0,7.152015e-05,0
194332374,46,2,0,0.00022552577,0,0.0003009292,0
194332599,46,1,0,0.0014426736,0,0.0021700314,0
194333181,46,1,0,0.018289145,0,0.07061101,0
194333523,46,2,0,0.0004976654,0,0.0032411935,0
194333604,46,1,0,0.11319542,0,0.5812211,0
194334240,46,1,0,9.483827e-05,0,0.00029379912,0
194335151,46,2,0,3.4101806e-05,0,0.000118918535,0
194335254,46,1,0,3.9536393e-05,0,0.00016806231,0
194336453,46,1,0,1.3008274e-15,0,1.6682213e-07,0
194336486,46,2,0,0.008892725,0,0.015892575,0
194336530,46,1,0,0.016616872,0,0.032371,0
194336630,46,2,0,1.9520944e-16,0,9.991276e-07,0
194337647,46,2,0,0.030346697,0,0.15941787,0
194337658,46,1,0,0.000319782,0,0.0006334501,0
194338137,46,1,0,0.02307025,0,0.0103824,0
194341512,46,1,0,0.0014915783,0,0.0064656893,0
194341524,46,1,0,5.9305594e-06,0,0.00012577836,0
194341864,46,1,0,0.00035726122,0,4.8393707e-05,0
194342024,46,1,0,0.071394704,0,0.3006105,0
194342201,46,1,0,0.008866253,0,0.061076783,0
194342266,46,1,0,1.6574661e-17,0,6.726321e-07,0
194342283,46,1,0,2.0737244e-17,0,5.4125036e-07,0
194342287,46,1,0,1.7194458e-05,0,0.002017718,0
194342423,46,1,0,3.6131147e-05,0,0.0024706444,0
194343372,46,1,0,0.0008709432,0,0.0033356543,0
194343386,46,1,0,3.4066366e-18,0,2.8377045e-07,0
194343641,46,1,0,2.0839436e-06,0,0.0021699953,0
194343771,46,1,0,5.419772e-19,0,1.9033831e-07,0
194343789,46,1,0,1.1120142e-18,0,3.750667e-07,0
194343804,46,1,0,8.507659e-18,0,4.6001307e-07,0
194343808,46,1,0,5.120683e-18,0,3.374778e-07,0
194343823,46,1,0,9.993212e-16,0,5.913148e-07,0
194343827,46,1,0,3.0150474e-10,0,0.00022900091,0
194344198,46,1,0,6.2543664e-09,0,5.053145e-05,0
194344206,46,1,0,5.3319037e-18,0,7.79352e-07,0
194344215,46,1,0,2.2310847e-12,0,8.704349e-06,0
194344401,46,2,0,0.00068010436,0,0.0054831086,0
194344660,46,1,0,2.1571891e-16,0,1.0836028e-06,0
194344741,46,2,0,3.832034e-14,0,8.6910165e-07,0
194346782,46,1,0,0.029451795,0,0.32009265,0
194347194,46,1,0,0.00010429873,0,0.0008971248,0
194347223,46,2,0,3.32654e-07,0,9.195495e-05,0
194348576,46,1,0,3.204959e-05,0,0.0045939703,0
194349647,46,1,0,4.8331494e-06,0,0.0012973574,0
194350837,46,1,0,1.3846354e-06,0,0.0011806672,0
194375596,46,1,0,0.06160726,0,0.028770166,0
194375616,46,2,0,0.00014865055,0,5.7877613e-05,0
194375634,46,2,0,0.055058904,0,0.021336688,0
194375950,46,3,0,1.0828397e-05,0,8.9571395e-06,0
194376081,46,2,0,9.8473174e-05,0,5.334177e-05,0
194376117,46,2,0,5.0633324e-05,0,0.0009731056,0
194376455,46,2,0,0.015535004,0,0.023725815,0
194376478,46,2,0,0.00026154792,0,0.0025138226,0
194376485,46,2,0,5.039679e-18,0,1.6720135e-07,0
194376501,46,2,0,0.00068528036,0,0.0026437542,0
194376506,46,2,0,1.4815555e-16,0,4.819498e-07,0
194378081,46,2,0,1.4060192e-06,0,6.0228293e-05,0
194378535,46,1,0,0.0038911041,0,0.02257208,0
194378698,46,1,0,0.0013244868,0,0.0032203486,0
194381494,46,1,0,0.02151458,0,0.10100585,0
195419049,46,8,0,1.2376968e-07,0,4.2546848e-08,0
195419053,46,1,0,6.4428315e-07,0,1.674563e-05,0
195419435,46,2,0,9.165878e-09,0,2.5130048e-05,0
195419474,46,1,0,1.4634736e-09,0,5.0041393e-07,0
195419479,46,2,0,3.3959986e-05,0,2.4043657e-05,0
195419512,46,1,0,2.7264837e-09,0,1.421646e-07,0
195419540,46,1,0,1.1279233e-08,0,2.496099e-07,0
195419583,46,2,0,0.00013429868,0,7.719461e-05,0
195419589,46,1,0,2.5741176e-08,0,2.0400616e-06,0
195419596,46,1,0,2.6126284e-06,0,1.2648663e-05,0
195419599,46,1,0,2.4783866e-08,0,7.6364e-06,0
195419622,46,1,0,2.1023502e-06,0,0.00013134291,0
195419623,46,2,0,9.18473e-08,0,4.352646e-07,0
195419629,46,1,0,1.9330064e-06,0,3.6034522e-05,0
195419643,46,1,0,2.3131122e-06,0,0.0032523675,0
195419659,46,1,0,1.0279496e-09,0,1.8021917e-07,0
195419662,46,1,0,1.8967819e-07,0,8.3667777e-07,0
195419665,46,1,0,4.5539316e-08,0,1.4848763e-07,0
195419687,46,2,0,1.4100502e-07,0,5.7262027e-05,0
195419750,46,1,0,0.0003674252,0,0.00083617,0
195419751,46,2,0,0.00437676,0,0.0015684218,0
195420415,46,1,0,0.67849267,0,0.002282447,0
195420417,46,2,0,0.0012489057,0,0.004768918,0
195421106,46,2,0,2.0275434e-06,0,5.767952e-06,0
195421116,46,2,0,1.921706e-06,0,0.0015836451,0
195421119,46,2,0,0.013878768,0,0.00037359504,0
195421130,46,1,0,3.8246893e-07,0,0.0016038029,0
195421132,46,2,0,1.7936307e-26,0,5.207299e-25,0
195421134,46,1,0,0.009867321,0,0.0071661933,0
195421152,46,3,0,0.112343326,0,0.2049839,0
195421162,46,2,0,1.7359315e-15,0,3.9745633e-12,0
195421707,46,8,0,0.0060816687,0,0.045777697,0
195421718,46,4,0,1.7646865e-06,0,1.776306e-05,0
195422373,46,5,0,0.07060567,0,0.21659052,0
195422450,46,2,0,0.00011861309,0,2.2716113e-05,0
195424038,46,2,0,1.3183256e-07,0,1.2626155e-06,0
195426630,46,4,0,0.06599364,0,0.1565127,0
195426635,46,7,0,0.002466828,0,0.011334921,0
195426636,46,5,0,0.025645934,0,0.1172551,0
195426637,46,5,0,0.33316022,0,0.86498755,1
195426929,46,1,0,0.025237974,0,0.12309987,0
195426930,46,4,0,0.37842506,0,0.26295578,0
195427104,46,2,0,4.1070995e-09,0,4.906517e-08,0
195428168,46,3,0,0.00040310825,0,0.011296815,0
195428179,46,2,0,0.012557755,0,0.09623207,0
195428305,46,4,0,0.0030077114,0,0.04045965,0
195428306,46,3,0,0.0022379232,0,0.0032004185,0
195428309,46,5,0,0.016781114,0,0.0797746,0
195428311,46,4,0,0.0044964342,0,0.10089039,0
195428316,46,2,0,0.03398086,0,0.3046169,0
195428317,46,2,0,0.005695639,0,0.00011156773,0
195428318,46,1,0,2.5130623e-05,0,3.1862688e-05,0
195428319,46,5,0,0.20925066,0,0.26498055,0
195428900,46,2,0,0.008291029,0,0.04427762,0
195428902,46,2,0,0.011284833,0,0.034436885,0
195428903,46,4,0,0.022491844,0,0.099091455,0
195428904,46,5,0,0.32914537,0,0.42389986,0
195429515,46,8,0,0.0072752237,0,0.2059726,0
195429518,46,2,0,1.7448696e-07,0,0.00142768,0
195429521,46,1,0,0.00945005,0,0.016129814,0
195429583,46,5,0,0.011352157,0,0.005573748,0
195429584,46,8,0,0.12529218,0,0.22165674,0
195429588,46,4,0,0.0055163535,0,0.03750453,0
195429592,46,1,0,0.0009824586,0,0.0028611147,0
195429817,46,5,0,0.05371407,0,0.1392846,0
195429883,46,2,0,0.09597353,0,0.33834663,0
195429885,46,2,0,0.16929497,0,0.22866492,0
195429886,46,5,0,0.01373885,0,0.009708156,0
195429936,46,1,0,0.009085883,0,0.017785612,0
195436530,46,1,0,0.0001067584,0,5.4902728e-05,0
195436739,46,3,0,0.0013033858,0,0.0018142409,0
195436746,46,2,0,0.003937767,0,0.00059419475,0
195436769,46,2,0,0.024331542,0,0.004139252,0
195436934,46,1,0,9.518474e-08,0,0.00024758885,0
195437077,46,1,0,0.00014056225,0,0.0012830385,0
195437101,46,1,0,1.1156707e-06,0,4.6126377e-07,0
195437269,46,1,0,2.8109636e-07,0,1.5722267e-06,0
195437272,46,1,0,2.0132545e-08,0,1.0435457e-06,0
195437280,46,1,0,3.3865272e-06,0,2.578423e-06,0
195437282,46,1,0,2.723133e-12,0,2.4518123e-08,0
195437283,46,1,0,1.7416875e-07,0,0.0001735506,0
195437286,46,1,0,0.00013054977,0,0.0011374083,0
195437297,46,1,0,1.6471828e-05,0,0.00010948875,0
195437303,46,1,0,7.6413095e-08,0,9.929361e-05,0
195437311,46,1,0,4.054582e-10,0,9.739744e-07,0
195437318,46,1,0,0.00014455123,0,3.417463e-05,0
195437322,46,1,0,1.9374282e-08,0,1.6635576e-08,0
195437332,46,1,0,0.00045644966,0,1.6484635e-05,0
195437391,46,1,0,0.00011787457,0,1.0165197e-05,0
195437399,46,3,0,0.0020364774,0,0.0016279799,0
195437423,46,1,0,0.0008166202,0,0.006899204,0
195438424,46,9,0,6.629749e-08,0,2.6467346e-06,0
195438513,46,1,0,5.58805e-05,0,4.032499e-05,0
195438810,46,1,0,4.919843e-08,0,2.7806727e-05,0
195439221,46,2,0,1.4837965e-06,0,0.0022552651,0
195440360,46,1,0,9.5271535e-05,0,0.0012209773,0
195440365,46,1,0,3.314414e-05,0,1.9458537e-05,0
195440366,46,1,0,5.900218e-09,0,4.0689645e-08,0
195440367,46,1,0,5.4724118e-05,0,0.00029422995,0
195440415,46,1,0,6.171089e-07,0,0.00052447733,0
195440419,46,1,0,0.00013052525,0,1.5686124e-05,0
195440440,46,1,0,4.35182e-08,0,3.916765e-05,0
195440489,46,1,0,0.00010484168,0,0.00034740375,0
195440506,46,1,0,5.4142436e-07,0,3.720556e-07,0
195440515,46,1,0,3.0436105e-08,0,0.00018217854,0
195440729,46,1,0,2.0534016e-07,0,2.8237604e-05,0
195440736,46,1,0,8.873885e-08,0,7.993137e-05,0
195440751,46,1,0,4.8398516e-07,0,5.4459956e-06,0
195440754,46,1,0,2.271009e-06,0,8.4758285e-06,0
195440756,46,1,0,8.235008e-08,0,2.453157e-05,0
195440805,46,1,0,2.4175378e-07,0,0.00019751207,0
195440807,46,1,0,1.45215e-06,0,1.1754524e-06,0
195440832,46,1,0,1.906031e-06,0,0.00010938491,0
195440849,46,1,0,2.0637273e-08,0,4.2693073e-06,0
195440861,46,1,0,2.9891376e-05,0,0.0007093952,0
195440862,46,1,0,8.6138534e-05,0,0.0003500514,0
195440866,46,1,0,7.514706e-06,0,3.3931756e-05,0
195440903,46,1,0,0.0017940617,0,0.0020247966,0
195441370,46,2,0,0.000754,0,0.00019959663,0
195441679,46,3,0,0.0006957007,0,0.00018347186,0
195441720,46,1,0,6.3679276e-05,0,0.00084756897,0
195441763,46,11,0,1.0403302e-06,0,6.700808e-06,0
195441980,46,3,0,0.0006090054,0,0.00062549306,0
195442209,46,1,0,1.1281174e-11,0,3.3298318e-07,0
195449419,46,1,0,5.3438358e-05,0,1.1715092e-05,0
195449994,46,1,0,0.50472206,0,0.0027468514,0
195451220,46,1,0,0.2312788,0,0.0006069798,0
195451869,46,6,0,0.0058238264,0,0.01053913,0
195451909,46,1,0,6.329991e-05,0,8.886279e-05,0
195452151,46,1,0,0.7498962,1,0.00094383414,0
195452570,46,4,0,0.078472614,0,0.12813717,0
195490427,46,2,0,0.0002416536,0,7.5262345e-05,0
195490638,46,1,0,1.561648e-05,0,1.645658e-05,0
195498014,46,2,0,0.03663359,0,0.15523724,0
195498457,46,2,0,2.9156392e-05,0,1.8816086e-09,0
195498690,46,1,0,0.073560566,0,0.8242768,0
195500413,46,1,0,2.8818965e-08,0,7.4670415e-06,0
195503362,46,2,0,0.0144972885,0,0.00017971979,0
195503827,46,1,0,2.691488e-06,0,0.00036980002,0
195535414,46,1,0,7.41373e-08,0,3.7235255e-05,0
195543816,46,1,0,6.138129e-11,0,8.7260815e-07,0
195543834,46,1,0,0.0003213762,0,0.0007967194,0
195545072,46,1,0,0.18174691,0,0.11437831,0
195545082,46,1,0,6.601295e-08,0,1.9782065e-06,0
195566114,46,1,0,5.364568e-07,0,1.7115516e-06,0
195569080,46,1,0,1.4499648e-07,0,2.9900244e-05,0
195569888,46,1,0,3.73406e-07,0,3.4545906e-07,0
195576419,46,3,0,0.06487254,0,0.021700885,0
195576681,46,1,0,6.660301e-06,0,7.699867e-05,0
195576683,46,1,0,0.0004856997,0,0.0026736467,0
195576685,46,1,0,1.4029095e-05,0,3.0342833e-05,0
195583206,46,1,0,0.011686074,0,0.036270473,0
195583664,46,1,0,0.010000414,0,0.06595695,0
195599243,46,1,0,1.630078e-16,0,9.219084e-07,0
195622265,46,1,0,3.115387e-07,0,4.4637467e-08,0
195626745,46,1,0,3.455348e-08,0,3.053692e-05,0
195640626,46,1,0,7.355586e-07,0,2.200828e-07,0
195648047,46,1,0,4.646283e-08,0,0.0001057793,0
195654304,46,1,0,1.4049281e-06,0,5.581899e-05,0
195654305,46,1,0,3.5594677e-08,0,4.0841124e-07,0
195777697,46,2,0,0.034284577,0,0.055196416,0
195784816,46,4,0,7.465059e-07,0,1.7556773e-06,0
196088629,46,36,0,0.00024285652,0,0.0003556713,0
196089039,46,10,0,1.519624e-06,0,6.1794105e-07,0
196089283,46,35,0,0.0,0,1.4368325e-32,0
196089284,46,28,0,0.0,0,0.0,0
196089385,46,2,0,0.00017747316,0,9.761119e-05,0
196089403,46,1,0,0.08190026,0,0.8111372,0
196089649,46,3,0,0.053733133,0,0.009603075,0
196089650,46,3,0,0.0012706376,0,0.062085528,0
196089710,46,2,0,1.4843442e-06,0,1.807164e-15,0
196089787,46,2,0,0.00013512335,0,1.8212214e-13,0
196089923,46,2,0,0.0005116618,0,1.8690867e-05,0
196089959,46,3,0,0.0082438085,0,0.00787687,0
196090052,46,3,0,0.0005044203,0,0.00029381033,0
196090350,46,2,0,0.004561777,0,0.06634875,0
196090511,46,2,0,0.117450185,0,0.07490312,0
196090570,46,2,0,7.662802e-06,0,6.518077e-05,0
196090624,46,1,0,0.0009955576,0,2.6997827e-12,0
196090749,46,2,0,8.88367e-05,0,1.1651349e-05,0
196090876,46,18,0,0.0043278695,0,0.0063828877,0
196091186,46,2,0,0.25741723,0,0.021172253,0
196091211,46,2,0,0.17812559,0,0.18136495,0
196091433,46,2,0,0.08356348,0,0.26792002,0
196091453,46,1,0,0.0009228323,0,0.00084488664,0
196091565,46,3,0,0.009873159,0,0.0023644746,0
196091566,46,3,0,0.018042468,0,0.0014996442,0
196091571,46,2,0,0.007508065,0,0.0006393511,0
196092009,46,2,0,0.00123049,0,0.0027731129,0
196092023,46,37,0,0.00021432912,0,2.4911673e-05,0
196092384,46,5,0,0.1326235,0,0.002997642,0
196092389,46,1,0,0.045944102,0,0.053980358,0
196092403,46,2,0,0.0020884026,0,0.015746847,0
196092691,46,1,0,0.00026578468,0,0.0034905558,0
196093530,46,2,0,0.0021031897,0,0.00077222794,0
196093896,46,1,0,0.031319324,0,0.079103686,0
196094555,46,2,0,9.092563e-06,0,8.8915265e-05,0
196104081,46,4,0,0.029156847,0,0.15297572,0
196104130,46,1,0,0.00016393501,0,0.0002991802,0
196104258,46,1,0,2.1897474e-06,0,2.5896703e-05,0
196104303,46,1,0,1.0634059e-05,0,2.5985642e-05,0
196104318,46,1,0,1.1096987e-05,0,1.5594453e-05,0
196104353,46,1,0,0.00014089102,0,0.0001823035,0
196104399,46,1,0,6.382409e-05,0,1.9840254e-05,0
196104560,46,2,0,3.1521996e-10,0,3.088756e-05,0
196104671,46,1,0,8.17871e-05,0,1.7970882e-05,0
196104686,46,3,0,7.739527e-06,0,4.652585e-06,0
196104721,46,1,0,0.0060463105,0,0.001333156,0
196105090,46,1,0,0.0005482093,0,0.0012640342,0
196105093,46,2,0,8.425331e-06,0,2.402658e-07,0
196105115,46,2,0,0.00013891242,0,9.731555e-05,0
196105139,46,1,0,8.078454e-05,0,1.7751394e-05,0
196105263,46,1,0,9.218937e-05,0,0.00014313466,0
196105355,46,1,0,2.3436982e-05,0,0.00043378613,0
196105366,46,2,0,2.2521501e-06,0,0.00016446513,0
196105522,46,2,0,5.093735e-08,0,2.5791113e-07,0
196105554,46,1,0,0.0013362061,0,0.038848165,0
196105600,46,1,0,5.0161274e-05,0,5.9793318e-05,0
196105613,46,1,0,0.0026888154,0,0.004667083,0
196105664,46,1,0,5.6322406e-05,0,1.2379449e-05,0
196105849,46,2,0,1.7191333e-08,0,0.00092268677,0
196105861,46,1,0,5.0109247e-06,0,1.4236349e-07,0
196105891,46,2,0,1.7072161e-27,0,6.802859e-23,0
196106160,46,1,0,2.270078e-05,0,0.0001442153,0
196106415,46,1,0,3.182558e-05,0,8.462073e-06,0
196106480,46,2,0,0.00052217254,0,0.0017528957,0
196107025,46,2,0,0.065413706,0,0.018327674,0
196107057,46,2,0,0.0009857124,0,0.0013039074,0
196107124,46,2,0,0.00049763406,0,0.0008300617,0
196107869,46,188,0,1.34980915e-11,0,2.2484216e-11,0
196111623,46,3,0,0.0007330173,0,0.00011799682,0
196115726,46,1,0,0.024199316,0,0.2668143,0
196122645,46,1,1,0.05973059,0,0.18984602,0
196255567,46,2,0,5.7046636e-05,0,9.0267815e-05,0
196255569,46,2,0,0.00019067457,0,0.0006550505,0
196255579,46,13,0,0.000118627235,0,0.00013176087,0
196255607,46,2,0,0.0004157733,0,0.0008358653,0
196255739,46,1,0,2.578435e-07,0,0.0003075275,0
196255772,46,1,0,2.3045204e-06,0,0.00013615015,0
196255787,46,1,0,6.780053e-10,0,8.59323e-07,0
196255811,46,1,0,2.5398142e-06,0,0.00038163157,0
196255830,46,1,0,2.6881704e-08,0,2.5577365e-05,0
196255846,46,1,0,3.7261945e-08,0,2.3006796e-05,0
196255854,46,1,0,5.420701e-05,0,3.801386e-05,0
196255892,46,1,0,1.3064872e-06,0,2.2078286e-05,0
196255930,46,1,0,1.8096301e-07,0,0.00020470786,0
196256022,46,2,0,1.8134953e-05,0,0.00020849986,0
196256051,46,1,0,5.376079e-11,0,5.1563944e-08,0
196256088,46,2,0,6.739298e-07,0,8.3650964e-05,0
196256248,46,1,0,8.635598e-08,0,0.00066008535,0
196256253,46,1,0,4.2286945e-07,0,0.00012219079,0
196256872,46,1,0,2.6206054e-08,0,1.3556543e-05,0
196256884,46,1,0,3.2047479e-10,0,1.778663e-07,0
196257164,46,1,0,1.6863895e-07,0,0.00028369098,0
196257183,46,1,0,7.139907e-07,0,0.0001961473,0
196257230,46,1,0,4.5204835e-08,0,0.000115408475,0
196257497,46,1,0,1.0490281e-09,0,2.2257765e-08,0
196257515,46,1,0,0.003701799,0,0.0019438196,0
196257549,46,1,0,2.5275526e-08,0,6.330914e-05,0
196257565,46,1,0,3.6892027e-06,0,9.8394325e-05,0
196257589,46,1,0,1.0325601e-06,0,0.00013928607,0
196257689,46,1,0,1.5001747e-07,0,1.9236299e-05,0
196257703,46,2,0,8.692927e-06,0,7.758832e-05,0
196257710,46,1,0,5.2518883e-09,0,4.7946152e-05,0
196257743,46,1,0,2.896003e-07,0,3.730495e-05,0
196257764,46,1,0,0.00053937733,0,0.00025732347,0
196257791,46,1,0,6.825551e-05,0,3.269098e-05,0
196257796,46,1,0,2.3220448e-07,0,0.0005277593,0
196257961,46,1,0,9.170171e-05,0,2.5263602e-05,0
196258345,46,1,0,2.451887e-08,0,4.4398158e-07,0
196260600,46,13,0,1.4548986e-05,0,7.0785285e-07,0
196269119,46,1,0,0.053114943,0,0.2877981,0
196398158,46,10,0,0.13633457,0,0.15713646,0
196399472,46,9,0,0.023279745,0,0.004991611,0
235586,47,9,0,3.3178592e-19,0,2.2923923e-18,0
1754564,47,3,0,2.2663758e-07,0,1.2130615e-05,0
1785264,47,2,0,0.001828438,0,5.6559336e-05,0
1787201,47,7,0,1.12164615e-08,0,3.683321e-07,0
1854409,47,6,0,3.1599259e-12,0,1.5284273e-07,0
1877747,47,2,0,0.49224472,0,0.04932482,0
2191929,47,2,0,2.279141e-06,0,0.0010725029,0
2577047,47,2,0,0.00014226504,0,0.014342766,0
3098169,47,14,0,2.2228887e-33,0,5.1127673e-22,0
3510576,47,97,0,5.523523e-13,0,1.1602003e-10,0
3623625,47,85,0,2.9122584e-13,0,5.1148612e-12,0
4374894,47,1,0,4.5452928e-10,0,5.6546423e-07,0
4547997,47,3,0,0.020102805,0,0.12613969,0
4992641,47,13,0,3.030536e-08,0,2.9971265e-08,0
4998737,47,1,0,0.0036871296,0,0.0016710176,0
6138366,47,1,0,5.7855236e-09,0,0.0009049424,0
7491822,47,2,0,9.443104e-08,0,3.475062e-06,0
7491830,47,2,0,4.290411e-07,0,6.6986613e-06,0
7491836,47,2,0,1.5803458e-11,0,1.0805771e-08,0
7491846,47,1,0,2.4714825e-10,0,1.2925815e-07,0
7491851,47,1,0,5.61182e-07,0,0.00016941494,0
7506925,47,5,0,3.111773e-05,0,0.00034276332,0
7564652,47,1,0,3.5157175e-16,0,5.2867456e-08,0
7834222,47,23,0,7.0035344e-15,0,3.6001428e-11,0
9273158,47,3,0,2.9304333e-06,0,0.005681183,0
11268149,47,2,0,1.5086195e-09,0,5.1846946e-05,0
12081598,47,6,0,5.3752642e-09,0,8.674869e-07,0
12455512,47,5,0,1.458455e-07,0,0.00013270364,0
13269003,47,7,0,9.1485356e-35,0,0.0,0
13309176,47,1,0,0.00010073918,0,8.7842425e-05,0
14737240,47,2,0,5.4694017e-05,0,0.00828724,0
14803706,47,1,1,0.0018366501,0,0.03593674,0
15944534,47,5,0,1.1017698e-06,0,0.00015798546,0
17294880,47,2,0,8.699639e-05,0,0.007738218,0
18918220,47,12,0,2.0051016e-21,0,8.818803e-14,0
19170155,47,108,0,2.0504056e-13,0,3.744106e-11,0
19254321,47,9,0,7.096796e-13,0,1.2755898e-14,0
22314581,47,7,0,1.7165697e-17,0,2.3387094e-20,0
24459104,47,15,0,5.061786e-15,0,3.719096e-11,0
26047332,47,2,0,0.011388193,0,0.026916971,0
26181447,47,100,0,1.1714607e-10,0,1.1796272e-09,0
26945566,47,5,0,5.552961e-10,0,1.2165682e-05,0
27128073,47,1,0,0.008575462,0,0.510515,0
27496465,47,2,0,9.118665e-11,0,3.481041e-08,0
28185424,47,1,0,7.1910194e-06,0,0.0015973222,0
28967218,47,2,0,5.5388267e-05,0,1.167768e-05,0
29141337,47,3,0,2.0115176e-06,0,0.0011854791,0
29646430,47,1,0,2.1557255e-05,0,1.4091286e-08,0
29812110,47,2,0,1.0030619e-06,0,0.0001799156,0
30084029,47,8,0,2.1477168e-13,0,3.6428227e-07,0
30938661,47,2,0,3.833553e-11,0,1.2965472e-07,0
31139903,47,1,0,1.183609e-06,0,0.00014109173,0
31580387,47,4,0,6.4531006e-12,0,2.6227562e-07,0
31582491,47,13,0,1.05822e-13,0,7.5343586e-12,0
31646401,47,8,0,9.978012e-39,0,9.154028e-25,0
31945218,47,2,0,3.365637e-07,0,0.0,0
32054179,47,3,1,0.00020807784,0,0.15045898,0
34649858,47,4,0,0.0018188261,0,0.012419175,0
34893448,47,10,0,3.3237644e-14,0,2.5313485e-09,0
35631809,47,3,0,2.049056e-10,0,4.000071e-08,0
35654921,47,1,0,0.009168279,0,0.0014469278,0
36362457,47,2,0,0.03197285,0,0.007813312,0
36364435,47,108,0,6.3627922e-12,0,2.3114113e-11,0
37366569,47,4,0,1.1841945e-09,0,4.1351555e-07,0
38615823,47,96,0,1.3904013e-10,0,1.007016e-09,0
38688623,47,113,0,8.515993e-13,0,2.319208e-13,0
39307276,47,2,0,1.1041199e-15,0,8.178941e-06,0
39393441,47,8,0,0.0,0,0.0,0
40190602,47,4,0,3.136257e-07,0,0.00022473242,0
40619612,47,1,0,0.0003614403,0,0.04274137,0
41070254,47,7,0,5.8677285e-09,0,8.717385e-05,0
41070601,47,3,0,1.2470426e-07,0,0.00041243015,0
41070604,47,1,0,3.2516674e-09,0,9.519847e-06,0
41070608,47,4,0,1.42107965e-05,0,0.00017020249,0
41070611,47,15,0,1.9523112e-07,0,9.240162e-06,0
42348879,47,1,0,2.4705477e-07,0,1.5655516e-05,0
42785015,47,1,0,0.09065462,0,0.2782382,0
43703461,47,7,0,3.7143845e-13,0,5.6145343e-08,0
43965576,47,6,0,5.0943964e-34,0,5.5902957e-28,0
44348901,47,3,0,0.012894118,0,0.0006496552,0
47945520,47,1,0,0.02585827,0,0.022693517,0
50081278,47,8,0,3.1535363e-09,0,6.174922e-14,0
50732436,47,2,0,1.3480246e-17,0,4.9224407e-09,0
50908945,47,1,0,0.053473856,0,0.5503049,0
51241093,47,6,0,1.0062717e-08,0,1.560414e-09,0
51241159,47,2,0,8.970202e-06,0,0.000106066254,0
52178783,47,1,0,1.2749136e-06,0,0.0018020741,0
52223144,47,1,0,0.001596983,0,0.07242415,0
52455532,47,1,0,1.4310752e-13,0,7.2810894e-07,0
53845870,47,5,0,5.841208e-09,0,6.0567166e-20,0
54095065,47,2,0,2.993214e-07,0,0.00015119324,0
56323413,47,2,0,1.2916809e-07,0,2.5337262e-05,0
56615777,47,3,0,4.4180097e-06,0,0.00010524775,0
57836170,47,1,0,0.012514036,0,0.07075998,0
59500658,47,1,0,1.09835515e-17,0,2.3486012e-13,0
60359459,47,1,0,6.453217e-07,0,5.4516182e-05,0
60660610,47,2,0,4.875687e-11,0,1.191212e-10,0
60673519,47,5,0,4.639327e-14,0,8.584894e-06,0
61067675,47,1,0,5.2826388e-05,0,0.0022810597,0
61158159,47,1,0,2.3729259e-05,0,0.002205835,0
62658387,47,2,0,0.060776148,0,0.019886596,0
62673760,47,1,0,2.3005874e-05,0,0.001643861,0
62752980,47,17,0,9.130809e-08,0,3.44062e-10,0
63080024,47,1,0,1.3436056e-15,0,2.6497214e-12,0
63254396,47,6,0,1.0003626e-07,0,3.6420863e-07,0
64174053,47,2,0,7.991756e-06,0,3.9338406e-06,0
64495168,47,3,0,0.0005154681,0,0.00082610693,0
65393287,47,9,0,4.3378277e-05,0,0.00027767173,0
65406297,47,1,0,2.3693623e-05,0,8.2586186e-05,0
65470419,47,1,0,0.00014417872,0,0.002013698,0
67319243,47,1,0,0.057873785,0,0.0036424082,0
69071909,47,1,0,0.15557496,0,0.057649314,0
70311541,47,1,0,8.134423e-06,0,0.0020475364,0
70607352,47,7,0,2.1404741e-13,0,2.6266878e-10,0
70669824,47,1,0,0.0003401406,0,0.0008630061,0
70958108,47,3,0,0.03793418,0,0.0045709624,0
71382683,47,1,0,1.1958331e-06,0,2.2763605e-05,0
71382685,47,2,0,7.024791e-08,0,0.0005220601,0
71606734,47,1,0,1.077738e-05,0,1.274088e-07,0
73145456,47,15,0,1.0467176e-13,0,3.045744e-14,0
73148377,47,1,0,8.525061e-13,0,1.5467412e-10,0
74456968,47,4,0,1.5394896e-07,0,1.067003e-05,0
75730460,47,1,0,9.201565e-34,0,7.4729206e-26,0
75788193,47,1,0,0.0063583083,0,0.013894582,0
75789567,47,1,0,2.139807e-11,0,4.648628e-10,0
75791665,47,3,0,0.00056339416,0,0.0041669584,0
75792565,47,2,0,0.04801696,0,0.025688574,0
77724398,47,37,0,5.0019205e-10,0,4.992566e-08,0
83121915,47,8,0,0.0,0,0.0,0
90578545,47,16,0,1.4427582e-14,0,4.3251763e-11,0
92257112,47,1,0,6.4388274e-05,0,0.010297516,0
92692345,47,2,0,0.32864693,0,0.08227595,0
93063701,47,1,0,0.0013109228,0,0.0026405854,0
93662855,47,8,0,9.194655e-06,0,0.0008274544,0
94227091,47,11,0,4.787301e-09,0,1.2117462e-11,0
95277643,47,13,0,8.1086147e-13,0,9.1807544e-23,0
96027603,47,3,0,3.6471683e-05,0,5.4799577e-05,0
97155673,47,2,0,0.039643906,0,0.07575025,0
101211541,47,3,0,6.2813687e-14,0,1.674801e-05,0
101692510,47,3,0,0.007952434,0,0.005764303,0
102343697,47,10,0,2.0417206e-11,0,1.3643163e-08,0
102436731,47,3,0,0.0151462,0,0.035605486,0
102932673,47,1,0,2.431381e-06,0,0.00093909976,0
103136115,47,13,0,3.270458e-13,0,2.8926045e-10,0
103136708,47,1,0,6.0066445e-06,0,0.00051017763,0
103139209,47,3,0,9.947251e-08,0,1.0537774e-08,0
104004398,47,1,0,6.155244e-05,0,0.0006788697,0
104845273,47,1,0,7.009332e-08,0,1.8236531e-05,0
105490236,47,4,0,1.859734e-08,0,7.3917708e-09,0
108707984,47,5,0,0.0008952607,0,0.00056169124,0
112511172,47,1,0,0.0017583409,0,0.0030153408,0
113903860,47,2,0,1.0815022e-05,0,1.4918926e-07,0
113974818,47,1,0,1.759083e-07,0,7.8533536e-05,0
121513111,47,1,0,1.6654902e-06,0,3.482892e-06,0
121714948,47,2,0,2.708624e-05,0,0.0024149742,0
123428355,47,2,0,3.633331e-05,0,1.3533916e-06,0
124922317,47,1,0,0.00074815203,0,0.006793425,0
125857230,47,2,0,6.5441406e-16,0,7.3488795e-13,0
133130343,47,2,0,4.2331045e-08,0,0.0003786323,0
135805287,47,1,0,9.594122e-22,0,2.9801417e-18,0
140144678,47,5,0,0.0012187614,0,0.0037896645,0
140964844,47,2,0,0.0031188962,0,0.0067498507,0
146581674,47,1,0,0.33716792,0,0.11463073,0
148114185,47,1,0,0.025218666,0,0.06072043,0
161157730,47,1,0,0.00074478233,0,0.03973481,0
162395844,47,1,0,3.4889043e-05,0,0.00074545795,0
163427085,47,1,0,7.2632836e-05,0,0.0024347792,0
164028697,47,5,0,1.3424818e-10,0,3.9770243e-10,0
164594703,47,1,0,0.006914638,0,0.0017934726,0
168276620,47,5,0,0.022327648,0,0.0011264972,0
176334020,47,1,0,7.0332026e-05,0,0.0022943933,0
178102917,47,94,0,1.4448886e-08,0,2.409507e-07,0
178991272,47,1,0,2.6794482e-06,0,8.7191394e-05,0
178998421,47,1,0,4.480984e-06,0,1.6223325e-06,0
181403739,47,1,0,2.0320836e-05,0,8.629178e-06,0
183046403,47,1,0,0.00036954187,0,0.004959976,0
183288709,47,2,0,0.003265091,0,0.0019880694,0
189578548,47,3,0,2.015382e-09,0,7.164318e-07,0
192839947,47,1,0,0.001372938,0,0.1620563,0
201067742,47,1,0,0.24666473,0,0.0034576645,0
208130329,47,1,0,1.5853846e-06,0,0.00010760516,0
212010797,47,1,0,1.9898743e-09,0,4.3738823e-06,0
212255388,47,4,0,0.00669986,0,0.011491578,0
212259150,47,15,0,0.0061938674,0,0.0012886961,0
212722108,47,8,1,0.0009985955,0,0.00054445036,0
212756739,47,1,0,1.16661596e-07,0,6.4474174e-05,0
213767301,47,4,0,4.7551116e-06,0,0.00018207938,0
213777237,47,2,0,1.6700709e-13,0,7.512664e-11,0
218010378,47,1,0,0.0073898938,0,0.14887525,0
218010555,47,1,0,0.00041296933,0,0.08198714,0
218011087,47,2,0,0.3658647,0,0.8374552,1
218011208,47,2,0,0.00073943264,0,0.11552506,0
218011322,47,1,0,0.045642603,0,0.035928834,0
218011326,47,2,0,7.4601843e-07,0,9.865551e-05,0
218011762,47,1,0,0.038600214,0,0.051695723,0
218011771,47,1,0,6.514181e-06,0,1.4592566e-06,0
218015597,47,1,0,0.0001142755,0,0.006815399,0
218015604,47,1,0,0.013638574,0,0.016806845,0
218016024,47,2,0,0.086334795,0,0.5748194,0
218016770,47,3,0,0.017161446,0,0.005894295,0
218016775,47,2,0,3.702203e-05,0,0.00026327118,0
218016806,47,2,0,0.006963967,0,0.023621019,0
218016819,47,1,0,0.30894905,0,0.4107793,0
218016822,47,1,0,0.026661137,0,0.15298474,0
218019741,47,1,0,0.0076725697,0,0.07843237,0
218021673,47,1,0,0.006547612,0,0.051769335,0
218022446,47,1,0,0.00017123029,0,0.0024072027,0
218022450,47,1,0,2.855937e-12,0,2.6684133e-10,0
218023183,47,1,0,0.0011307935,0,0.01837184,0
218023850,47,1,0,1.9824687e-12,0,1.4989755e-10,0
218023867,47,2,0,0.0028061834,0,0.06057455,0
218023874,47,2,0,3.3463675e-05,0,0.00035061187,0
218024190,47,2,0,3.4514462e-13,0,3.6108383e-10,0
218024205,47,2,0,0.023848739,0,0.27977583,0
218024376,47,1,0,2.0681859e-05,0,0.0008084341,0
218024707,47,2,0,2.843022e-13,0,7.86276e-11,0
218024709,47,1,0,2.2216196e-12,0,1.9849983e-10,0
218025376,47,2,0,4.4813485e-05,0,0.00158483,0
218027164,47,1,0,6.278413e-13,0,1.3212319e-11,0
218028288,47,2,0,0.0001090454,0,0.00048037714,0
218028677,47,2,0,8.286336e-06,0,0.00011161933,0
218028684,47,2,0,1.4106127e-05,0,0.00023978837,0
218028865,47,1,0,1.6341336e-13,0,2.463355e-10,0
218028873,47,1,0,0.0047575044,0,0.045920532,0
218029198,47,5,0,1.396724e-11,0,5.685643e-10,0
218030084,47,1,0,1.3548842e-09,0,2.1879362e-08,0
218030526,47,2,0,5.4093297e-12,0,2.839455e-10,0
218030893,47,1,0,2.351164e-05,0,0.0011505021,0
218031007,47,2,0,2.084088e-11,0,1.2624933e-09,0
218031021,47,1,0,1.4161377e-05,0,0.001070749,0
218031494,47,1,0,0.00058531953,0,0.021601608,0
218031549,47,2,0,4.1176803e-13,0,5.6540544e-10,0
218031926,47,2,0,1.4820766e-11,0,3.3905698e-09,0
218032370,47,1,0,2.4644566e-12,0,2.0445548e-10,0
218032409,47,2,0,0.04146472,0,0.07463215,0
218032449,47,1,0,5.509949e-13,0,1.9011674e-10,0
218032470,47,1,0,0.000389871,0,0.00055432005,0
218032639,47,5,0,2.1066788e-05,0,0.0023671295,0
218032917,47,2,0,1.1857424e-13,0,3.2125752e-10,0
218032920,47,2,0,3.8058353e-13,0,1.1259276e-10,0
218032934,47,2,0,9.2573886e-11,0,2.2701467e-09,0
218033063,47,2,0,3.0315675e-14,0,3.272002e-11,0
218033192,47,2,0,4.0525173e-14,0,2.4294422e-10,0
218033571,47,1,0,2.5449895e-10,0,2.170372e-07,0
218035272,47,1,0,3.7596656e-10,0,4.168756e-08,0
218035934,47,1,0,1.0104992e-05,0,0.0009003261,0
218037378,47,3,0,0.00018900531,0,0.0009252636,0
218039478,47,2,0,7.083901e-11,0,2.897102e-08,0
218039532,47,2,0,9.009029e-06,0,3.1815805e-05,0
218039695,47,2,0,2.4218524e-08,0,7.2459625e-07,0
218039702,47,2,0,8.5944004e-05,0,0.0002775492,0
218039707,47,1,0,0.004994494,0,0.017790118,0
218039901,47,1,0,3.4471236e-07,0,3.444392e-08,0
218039927,47,2,0,5.437683e-05,0,0.0047528604,0
218039931,47,2,0,7.192816e-24,0,1.875216e-21,0
218039936,47,1,0,0.026820604,0,0.26737285,0
218040017,47,1,0,1.0241428e-06,0,5.568329e-07,0
218040068,47,2,0,0.0021814776,0,0.010509804,0
218040083,47,2,0,7.979048e-05,0,9.448388e-07,0
218040097,47,2,0,0.00092174753,0,0.012043047,0
218040123,47,2,0,0.004378907,0,0.016999807,0
218040246,47,2,0,0.11924798,0,0.2689304,0
218043852,47,1,0,0.5339438,0,0.43330473,0
218043862,47,2,0,0.0008024984,0,0.00010622841,0
218045454,47,1,0,0.00029745692,0,0.0050217095,0
218045659,47,1,0,1.5741001e-05,0,0.00027795995,0
218045663,47,1,0,1.8078419e-05,0,0.0004758629,0
218045666,47,2,0,1.1290711e-07,0,2.9434483e-05,0
218047016,47,2,0,0.1688452,0,0.57863045,0
218047554,47,1,0,4.613382e-15,0,5.5506447e-05,0
218047558,47,2,0,0.010465589,0,0.020378795,0
218047748,47,2,0,1.5484746e-07,0,3.1499335e-06,0
218047757,47,2,0,1.8821458e-05,0,0.00025987753,0
218047773,47,4,0,4.079288e-06,0,2.2146223e-08,0
218047781,47,2,0,7.291458e-08,0,6.707169e-08,0
218047784,47,1,0,0.01800118,0,0.05718834,0
218050039,47,2,0,3.3070465e-13,0,1.513006e-08,0
218050775,47,1,0,0.017208487,0,0.20073032,0
218051244,47,1,0,0.015658945,0,0.033967648,0
218051282,47,1,0,3.8146797e-13,0,2.3503088e-09,0
218051628,47,1,0,4.078002e-07,0,0.00012790094,0
218053345,47,3,0,9.747681e-18,0,3.6355383e-13,0
218053350,47,1,0,1.1764024e-10,0,0.00027114918,0
218053353,47,1,0,2.2374202e-17,0,8.2954486e-08,0
218053488,47,2,0,1.1119349e-08,0,1.2508091e-06,0
218053492,47,1,0,1.4435802e-08,0,0.00042121796,0
218053497,47,1,0,2.6749035e-06,0,0.015251092,0
218053503,47,1,0,1.6113838e-14,0,7.1899785e-07,0
218053505,47,2,0,5.86281e-19,0,1.1476716e-08,0
218053511,47,2,0,4.7166228e-05,0,0.09801176,0
218053666,47,1,0,4.80048e-19,0,4.5654897e-08,0
218053670,47,1,0,1.2302314e-16,0,1.8479578e-06,0
218053690,47,1,0,5.5848675e-18,0,7.711913e-08,0
218054027,47,1,0,2.9085524e-19,0,3.5238482e-08,0
218058339,47,1,0,0.00033920427,0,0.001502131,0
218059723,47,2,0,0.042379122,0,0.025953162,0
218059737,47,2,0,0.0038611235,0,0.009355677,0
218061378,47,1,0,7.066184e-05,0,0.0015773636,0
218061381,47,1,0,0.00020474709,0,0.0027864738,0
218061386,47,1,0,0.00013851984,0,0.0023050539,0
218061421,47,7,0,2.9732568e-09,0,4.63061e-14,0
218061465,47,1,0,2.9669982e-12,0,1.020509e-08,0
218061480,47,1,0,0.0013025339,0,9.4550756e-05,0
218062869,47,1,0,1.9853767e-05,0,0.00088225695,0
218062873,47,2,0,0.053239055,0,0.14718099,0
218062887,47,2,0,0.004607982,0,0.01448476,0
218062890,47,1,0,4.851542e-05,0,0.0036443088,0
218062893,47,1,0,0.010141774,0,0.03748827,0
218064267,47,2,0,1.6402901e-06,0,0.0004952967,0
218064695,47,1,0,3.9209805e-05,0,0.0035933205,0
218064707,47,2,0,0.0074484223,0,0.011920592,0
218064717,47,1,0,0.0042082383,0,0.034015168,0
218065115,47,2,0,0.009228817,0,0.012820235,0
218065494,47,2,0,0.007975418,0,0.062152438,0
218066217,47,2,0,0.04327384,0,0.07918931,0
218068135,47,1,0,0.061102707,0,0.33090168,0
218068197,47,1,0,0.0018360058,0,0.021046147,0
218068208,47,1,0,0.2579351,0,0.82991105,0
218068433,47,1,0,0.051772904,0,0.029289603,0
218068532,47,2,0,0.00031625776,0,0.006789729,0
218068549,47,2,0,0.0007587818,0,0.052895363,0
218068850,47,2,0,0.00056772056,0,0.036890555,0
218068854,47,2,0,0.0009345795,0,0.0080830185,0
218069252,47,1,0,0.00014411975,0,0.0055919318,0
218069948,47,2,0,0.0018806692,0,0.003056349,0
218070352,47,1,0,0.015453524,0,0.06517718,0
218071878,47,1,0,2.843554e-24,0,2.4422096e-21,0
218072598,47,2,0,2.4963863e-23,0,1.3762042e-21,0
218072619,47,1,0,0.00819412,0,0.024108239,0
218072630,47,1,0,0.001263729,0,0.008642495,0
218073111,47,4,0,1.2845379e-06,0,2.2620948e-06,0
218073389,47,1,0,0.041602127,0,0.0020929668,0
218073419,47,1,0,6.13904e-08,0,4.0130394e-06,0
218073424,47,3,0,5.328921e-07,0,7.090997e-05,0
218073427,47,3,0,0.07232916,0,0.002534974,0
218073432,47,3,0,0.008412803,0,0.027625922,0
218073440,47,2,0,0.14394791,0,0.042650376,0
218073784,47,2,0,0.17361878,0,0.06042564,0
218075150,47,2,0,0.33820215,0,0.0823725,0
218075696,47,3,0,0.0017137815,0,0.3597992,0
218075700,47,2,0,0.008201392,0,0.23043337,0
218075956,47,3,0,0.041914042,0,0.03385595,0
218075961,47,2,0,6.617389e-05,0,0.010283398,0
218076473,47,3,0,2.057847e-06,0,0.0011156034,0
218077113,47,3,0,5.048251e-05,0,0.0053221164,0
218077477,47,2,0,4.4188928e-07,0,0.00013027705,0
218079023,47,1,0,1.5985808e-15,0,8.653271e-07,0
218079030,47,1,0,5.4852855e-21,0,4.3196815e-09,0
218079137,47,1,0,4.7786467e-19,0,1.2766677e-07,0
218079297,47,2,0,4.8575005e-16,0,2.2460016e-07,0
218079318,47,1,0,4.4025228e-15,0,1.8868982e-06,0
218079391,47,1,0,3.9246366e-18,0,1.4908386e-07,0
218079405,47,1,0,1.4836142e-16,0,1.6469315e-07,0
218079641,47,1,0,9.91094e-17,0,5.831025e-08,0
218080593,47,2,0,1.1494044e-08,0,2.0672176e-05,0
218080601,47,1,0,5.7131616e-05,0,5.4047618e-05,0
218080613,47,1,0,1.1380973e-06,0,2.2835706e-05,0
218080969,47,2,0,4.8045276e-08,0,1.1715679e-06,0
218080974,47,2,0,5.7854874e-07,0,8.47656e-05,0
218080978,47,2,0,4.180054e-08,0,2.1068874e-07,0
218080986,47,2,0,6.571032e-07,0,8.533014e-05,0
218080997,47,1,0,1.4691414e-06,0,1.2267238e-06,0
218081001,47,2,0,3.3374643e-08,0,4.709036e-07,0
218081006,47,2,0,3.961576e-08,0,7.032913e-06,0
218081008,47,2,0,3.990591e-08,0,8.044847e-06,0
218084627,47,2,0,0.00016659749,0,0.0135682495,0
218086718,47,18,0,1.2382666e-08,0,4.3187797e-06,0
218089074,47,2,0,1.2606345e-05,0,0.00012479037,0
218089235,47,1,0,0.00014933475,0,0.007336768,0
218089321,47,2,0,2.7842198e-06,0,3.7464994e-05,0
218089571,47,2,0,0.13111185,0,0.53841335,0
218090483,47,2,0,1.6317247e-06,0,0.000102938255,0
218091566,47,2,1,0.00274223,0,0.018434195,0
218091572,47,2,1,0.0095012095,0,0.12970848,0
218091573,47,1,1,0.0052843727,0,0.12902865,0
218091577,47,2,1,0.027968762,0,0.13310626,0
218091648,47,2,0,1.0780228e-11,0,2.4029526e-10,0
218092606,47,2,0,1.4428677e-07,0,1.1077436e-05,0
218093920,47,1,0,7.055117e-10,0,2.8023601e-08,0
218094265,47,1,0,0.0051644547,0,0.015506945,0
218094616,47,1,0,0.13678807,0,0.47567606,0
218094668,47,1,0,0.0003071709,0,0.00010155979,0
218095274,47,1,0,0.0002851281,0,0.010331863,0
218096188,47,1,0,3.7161294e-16,0,2.5192612e-06,0
218096291,47,2,0,1.8694129e-05,0,0.00020201634,0
218099150,47,2,0,3.766072e-19,0,1.5720856e-07,0
218099154,47,1,0,8.503281e-10,0,0.00021409402,0
218099484,47,3,0,1.14859e-06,0,5.4586726e-06,0
218099491,47,1,0,0.001152538,0,0.001512432,0
218100966,47,1,0,3.820911e-14,0,4.584138e-15,0
218102606,47,1,0,2.8837412e-06,0,1.0129468e-10,0
218103291,47,1,0,8.8998416e-07,0,4.2540864e-06,0
218116829,47,1,0,9.923977e-06,0,1.3746161e-07,0
218116989,47,1,0,3.504928e-05,0,0.009833857,0
218117022,47,4,0,0.00019161282,0,0.0001466476,0
218117899,47,2,0,0.048260145,0,0.0003852522,0
218118793,47,2,0,0.0069938465,0,0.04690844,0
218119412,47,1,0,0.000621288,0,0.008999065,0
218121498,47,2,0,0.00016636588,0,0.0009160889,0
218121514,47,3,0,0.000692876,0,0.0068298127,0
218121518,47,5,0,0.0067777555,0,0.033263374,0
218121521,47,6,0,0.00022930196,0,8.93145e-05,0
218121627,47,3,0,0.011607774,0,0.083413355,0
218122248,47,1,0,0.006151505,0,0.013049365,0
218124060,47,2,0,4.3820683e-07,0,0.0,0
218124798,47,2,0,0.1375459,0,0.0062395353,0
218124812,47,3,0,1.0618665e-07,0,0.0,0
218125499,47,1,0,1.9478407e-11,0,2.885437e-09,0
218125812,47,3,0,0.00014462719,0,0.001486718,0
218127603,47,3,0,4.9583114e-06,0,7.651529e-05,0
218128373,47,3,0,1.9404496e-08,0,0.0,0
218128759,47,2,0,4.9809823e-05,0,0.0015190244,0
218128787,47,1,0,8.25926e-06,0,0.00010402191,0
218130196,47,2,0,4.110634e-05,0,0.0010195047,0
218131048,47,4,0,0.00060227007,0,1.31580155e-05,0
218131051,47,1,0,0.073715754,0,0.18051758,0
218133800,47,4,0,0.0002232973,0,0.00056951965,0
218133812,47,6,0,2.823211e-05,0,0.00012963824,0
218133814,47,2,0,4.0781797e-05,0,0.004096823,0
218135117,47,1,0,0.20856073,0,0.1829815,0
218135731,47,3,0,2.868568e-17,0,3.6640404e-12,0
218135738,47,2,0,1.9990722e-17,0,5.975478e-07,0
218135759,47,2,0,2.6083997e-14,0,5.1934536e-13,0
218136481,47,2,0,2.9188938e-16,0,2.6180883e-06,0
218136485,47,1,0,2.789683e-16,0,1.6128482e-06,0
218138897,47,1,0,0.00028295652,0,1.3007575e-05,0
218139542,47,12,0,3.7955334e-07,0,7.8034424e-07,0
218141918,47,3,0,9.398452e-05,0,0.0007539346,0
218142111,47,1,0,0.04856319,0,0.06786737,0
218142114,47,2,0,3.342419e-05,0,0.0024693005,0
218142122,47,3,0,3.5155932e-05,0,4.4453276e-07,0
218143490,47,1,0,0.00033621318,0,0.005496644,0
218143497,47,1,0,0.0001202386,0,0.0049047843,0
218143502,47,3,0,0.00024284635,0,4.6019795e-05,0
218144435,47,13,0,1.2941534e-06,0,1.4960614e-07,0
218145212,47,2,0,5.1162227e-05,0,3.067638e-05,0
218145289,47,3,0,2.8776516e-05,0,3.990465e-05,0
218145290,47,2,0,0.2909164,0,0.4651273,0
218145295,47,2,0,0.27361944,0,0.0029278914,0
218145690,47,2,0,0.11494273,0,0.042553354,0
218145693,47,3,0,0.00088963617,0,0.002586322,0
218146157,47,3,0,1.4079769e-06,0,3.6913184e-09,0
218147941,47,2,0,0.023569575,0,0.08429979,0
218147946,47,1,0,0.009000399,0,0.022374015,0
218148723,47,2,0,0.01052849,0,0.06965604,0
218149291,47,1,0,1.1495102e-05,0,3.3494645e-05,0
218149299,47,2,0,0.009980828,0,0.20536485,0
218151235,47,3,0,0.020502072,0,0.0053026467,0
218151306,47,2,1,0.048964594,0,0.23464507,0
218152286,47,3,0,0.0042200885,0,0.09581703,0
218153088,47,1,0,6.799339e-05,0,0.0021157116,0
218153089,47,1,0,9.1551425e-05,0,0.0034350208,0
218153352,47,18,0,0.009375856,0,0.044684615,0
218153433,47,4,0,0.00065682095,0,0.0053433473,0
218156731,47,4,0,2.2856339e-06,0,4.822716e-08,0
218156765,47,3,0,1.3547046e-06,0,4.5599894e-08,0
218166682,47,2,1,0.004272983,0,0.107454,0
218263214,47,1,0,2.785689e-05,0,0.004680056,0
218263226,47,3,0,2.2635838e-06,0,0.00016542531,0
218263227,47,3,0,4.566094e-05,0,0.00038515727,0
218263270,47,3,0,0.20185462,0,0.033544607,0
218263504,47,51,0,0.0,0,1.9226683e-36,0
218263798,47,3,0,0.0005924804,0,0.00036901294,0
218264913,47,18,0,0.0,0,0.0,0
218264956,47,3,0,0.00066551456,0,0.0005745159,0
218266389,47,1,0,3.4777695e-05,0,0.00047751417,0
218266524,47,4,0,0.0041244286,0,0.0009621718,0
218266528,47,2,0,0.04020767,0,0.06572367,0
218266530,47,3,0,0.0058454727,0,0.0005795496,0
218266535,47,2,0,0.0038154707,0,0.0010058383,0
218266537,47,1,0,0.001268484,0,0.0015485429,0
218266540,47,2,0,0.00702029,0,0.000713709,0
218266543,47,1,0,0.0015958764,0,0.004148225,0
218266544,47,2,0,0.0002607124,0,2.243991e-05,0
218266550,47,3,0,0.025076058,0,0.0014078183,0
218266551,47,3,0,0.0023698367,0,0.00016761934,0
218266553,47,3,0,0.00076636183,0,0.0024021524,0
218266556,47,1,0,0.00064959173,0,0.0011102146,0
218266570,47,10,0,1.5963135e-08,0,1.4327224e-09,0
218267527,47,1,0,0.0009903325,0,0.051874116,0
218271078,47,3,0,0.00025681366,0,0.0041490616,0
218271506,47,3,0,7.1416625e-06,0,0.00023555543,0
218272481,47,3,0,0.08867712,0,0.048434243,0
218274099,47,4,0,0.0088842185,0,0.020342784,0
218274123,47,2,0,0.0003956787,0,1.7471972e-05,0
218274259,47,1,0,0.038184106,0,0.033807084,0
218274281,47,2,0,0.0021641355,0,0.004405491,0
218274306,47,2,0,0.010505341,0,0.37272814,0
218274801,47,3,0,0.00056463404,0,0.000728846,0
218275067,47,1,0,0.00022322283,0,0.0038512014,0
218275074,47,1,0,6.620469e-05,0,0.00063158013,0
218275107,47,6,0,0.0037085635,0,0.007342899,0
218275113,47,13,0,0.0046409913,0,3.5370245e-09,0
218275119,47,2,0,0.005911251,0,0.009004207,0
218275121,47,4,0,0.00048569412,0,2.6988548e-05,0
218275140,47,28,0,0.00022307303,0,5.199033e-05,0
218275223,47,2,0,0.06312332,0,0.39892483,0
218275609,47,2,0,6.961704e-18,0,5.188761e-13,0
218276181,47,3,0,9.669585e-06,0,5.8515936e-05,0
218276200,47,2,0,0.00038129737,0,0.0004923245,0
218277365,47,3,0,0.0017253491,0,0.033808377,0
218277979,47,2,0,0.01112953,0,0.01610512,0
218279400,47,2,0,0.02937111,0,0.02052704,0
218279406,47,2,0,0.00015762883,0,0.00021601553,0
218279650,47,3,0,7.703324e-24,0,2.3091082e-21,0
218279669,47,2,0,0.0058600055,0,0.00010652298,0
218280167,47,2,0,5.8176032e-05,0,0.0026518395,0
218280797,47,1,0,0.0017722254,0,0.0054553896,0
218281869,47,1,0,6.035131e-08,0,2.0672906e-05,0
218282940,47,1,0,2.358057e-06,0,7.131584e-05,0
218283396,47,2,0,0.00019834074,0,0.03741742,0
218283405,47,2,0,9.810811e-06,0,5.766424e-05,0
218283424,47,6,0,0.28310698,0,0.017828029,0
218283428,47,2,0,7.612716e-05,0,2.235731e-05,0
218283429,47,2,0,0.00046035502,0,0.005633098,0
218283759,47,2,0,0.011067539,0,0.0002212697,0
218283762,47,8,0,0.108068034,0,0.008006061,0
218283765,47,3,0,3.246552e-05,0,3.7659247e-06,0
218283768,47,3,0,0.41249844,0,0.008702494,0
218283769,47,2,0,0.0065910206,0,0.0029912968,0
218283770,47,1,0,6.206261e-28,0,3.16757e-24,0
218283773,47,2,0,0.0004026979,0,0.0011067811,0
218283788,47,1,0,0.00039776234,0,8.630113e-07,0
218283789,47,2,0,0.00081440003,0,2.555958e-06,0
218283791,47,2,0,0.00025670326,0,0.0071138367,0
218283795,47,3,0,0.57128286,0,0.033576872,0
218283812,47,4,0,0.00084855437,0,1.5682639e-05,0
218283815,47,3,0,0.071507916,0,0.005847125,0
218284846,47,2,0,5.579649e-26,0,7.2567275e-24,0
218284850,47,2,0,0.000278589,0,0.0035185681,0
218284856,47,2,0,6.7389456e-06,0,0.0001145454,0
218284858,47,2,0,2.0647825e-23,0,4.7611914e-21,0
218285334,47,9,0,0.024513692,0,0.068041526,0
218285486,47,2,0,0.17959146,0,0.01706347,0
218285493,47,2,0,0.22953746,0,0.06103927,0
218285924,47,1,0,5.271041e-06,0,5.421922e-07,0
218285993,47,3,0,1.5493888e-05,0,0.0006330096,0
218285997,47,3,0,0.00011911771,0,0.00073777966,0
218286004,47,2,0,0.034160968,0,0.009927336,0
218286154,47,2,0,0.0016778159,0,0.073720716,0
218286163,47,6,0,4.8473936e-05,0,0.0039398996,0
218286173,47,2,0,0.012306036,0,0.00937405,0
218286175,47,3,0,0.0024485516,0,0.0064649023,0
218286322,47,2,0,0.980961,1,0.012903735,0
218287846,47,34,0,1.9578522e-08,0,5.5089672e-11,0
218287878,47,1,0,0.036499508,0,0.15201095,0
218292634,47,2,0,1.1759888e-05,0,0.0015803184,0
218292796,47,3,0,1.9231205e-16,0,1.6333624e-07,0
218292869,47,1,0,2.2973823e-18,0,1.2866438e-07,0
218292978,47,2,0,5.2775818e-14,0,4.7344454e-07,0
218292987,47,1,0,2.4102455e-18,0,1.3219125e-07,0
218292990,47,1,0,2.8199164e-18,0,1.6885522e-07,0
218293501,47,2,0,1.2502819e-16,0,3.172062e-13,0
218293503,47,3,0,2.345082e-25,0,4.134491e-24,0
218293505,47,2,0,7.2939747e-07,0,0.109072804,0
218293508,47,3,0,1.0110237e-15,0,1.7584506e-13,0
218293510,47,2,0,2.4751441e-17,0,6.6585756e-13,0
218293512,47,2,0,1.4790193e-17,0,7.776431e-08,0
218293515,47,1,0,1.731018e-08,0,0.0007269169,0
218293647,47,2,0,3.7690074e-17,0,1.333979e-11,0
218293648,47,2,0,5.2852924e-16,0,4.1616727e-06,0
218294915,47,1,0,0.0005168033,0,1.1345167e-05,0
218295883,47,10,0,2.1942442e-06,0,3.6032031e-06,0
218295886,47,2,0,4.936835e-17,0,3.4859839e-12,0
218295891,47,2,0,0.040909212,0,0.38225427,0
218295933,47,3,0,0.0003015524,0,0.015853923,0
218297456,47,4,0,0.3470037,0,0.065083794,0
218298067,47,1,0,7.641221e-07,0,2.7517249e-06,0
218298082,47,2,0,1.8430654e-05,0,1.9442045e-06,0
218298206,47,4,0,5.316145e-07,0,2.3093861e-07,0
218298228,47,1,0,0.01186604,0,0.004262438,0
218298231,47,5,0,4.1904987e-05,0,0.00010355279,0
218299454,47,4,0,0.007458889,0,0.019193113,0
218299889,47,1,0,2.6110965e-06,0,2.3463997e-05,0
218303960,47,1,0,8.3497e-05,0,0.003011364,0
218304927,47,3,0,0.08053689,0,0.82418716,0
218304932,47,2,0,0.06648462,0,0.25892487,0
218304933,47,3,0,0.08926656,0,0.42710376,0
218305782,47,3,0,0.0017115567,0,0.07212347,0
218305784,47,2,0,0.16343741,0,0.13336761,0
218305785,47,2,0,0.17073698,0,0.13770407,0
218305950,47,2,0,0.25622973,0,0.27902213,0
218306660,47,1,0,8.7457676e-07,0,0.00067326846,0
218306827,47,3,0,0.00013551304,0,1.3215848e-07,0
218306836,47,1,0,7.5805583e-06,0,1.4433659e-05,0
218306858,47,1,0,0.018398117,0,0.03630997,0
218306861,47,2,0,0.0020312674,0,0.0053572888,0
218306904,47,7,0,3.755882e-05,0,1.0818934e-07,0
218306919,47,2,0,0.013249959,0,0.149714,0
218306920,47,3,0,0.00080860127,0,0.018428976,0
218306921,47,2,0,0.028447807,0,0.009464934,0
218306923,47,2,0,0.012994418,0,0.0639606,0
218306926,47,1,0,0.16220401,0,0.007632264,0
218306935,47,2,0,7.242147e-06,0,2.6749784e-05,0
218306956,47,2,0,4.169731e-07,0,4.0570194e-05,0
218306958,47,2,0,4.1270855e-06,0,0.00018986635,0
218306960,47,2,0,2.8475735e-05,0,4.861476e-05,0
218306966,47,2,0,9.079046e-07,0,3.417424e-05,0
218306970,47,2,0,4.0966597e-06,0,1.2387954e-05,0
218306973,47,2,0,3.653092e-08,0,4.3119608e-06,0
218306975,47,3,0,4.1172473e-07,0,5.2644544e-05,0
218306977,47,2,0,2.1011425e-07,0,1.24875405e-05,0
218307597,47,2,0,7.718651e-05,0,0.00069266773,0
218307600,47,1,0,4.605619e-05,0,0.0005454765,0
218307602,47,1,0,3.528437e-05,0,0.0004448154,0
218307769,47,2,0,0.0065405634,0,0.0012970424,0
218307774,47,1,0,0.045467157,0,0.15833622,0
218307782,47,5,0,0.00893534,0,0.013229847,0
218307785,47,1,0,0.086856954,0,0.40725422,0
218307786,47,1,0,0.08430039,0,0.20095888,0
218307883,47,2,0,0.09239176,0,0.14592695,0
218307884,47,1,0,0.0005572527,0,0.02865612,0
218307902,47,1,0,0.008893498,0,0.032406326,0
218308144,47,3,0,0.00052000105,0,1.2608041e-07,0
218308146,47,1,0,0.0022746886,0,5.161144e-05,0
218308519,47,1,0,0.018286698,0,0.5359425,0
218308521,47,2,0,9.466126e-05,0,1.5363612e-06,0
218308522,47,4,0,0.35285753,0,0.05582819,0
218309437,47,2,0,0.044871807,0,0.25158757,0
218310568,47,1,0,4.906881e-20,0,1.3299228e-17,0
218312239,47,2,0,1.17314955e-20,0,5.7451184e-18,0
218312273,47,2,0,1.7156946e-05,0,0.0024981427,0
218312399,47,11,0,6.224732e-05,0,3.5189128e-06,0
218314014,47,35,0,0.0013665818,0,0.000815884,0
218314019,47,3,0,0.060591448,0,0.017494347,0
218314022,47,29,0,0.00015852068,0,1.70129e-05,0
218314421,47,25,0,6.0619986e-06,0,1.1676288e-05,0
218314433,47,1,0,2.3743383e-05,0,7.1530653e-06,0
218314448,47,2,0,2.9279241e-05,0,0.001165183,0
218314716,47,1,0,3.1059777e-09,0,2.1001211e-11,0
218314791,47,7,0,1.3015261e-07,0,7.1291756e-06,0
218314801,47,1,0,3.2412932e-05,0,0.0009987031,0
218314810,47,15,0,1.226537e-08,0,4.168621e-08,0
218395898,47,1,0,4.7464728e-26,0,1.945099e-24,0
218395925,47,5,0,0.0038638606,0,0.0007123605,0
218395928,47,3,0,0.0012096353,0,0.012569564,0
218396032,47,5,0,0.0006645436,0,0.0007386309,0
218396254,47,1,0,0.0024404596,0,0.25871566,0
218396285,47,1,0,8.701776e-06,0,0.00012851355,0
218397765,47,4,0,0.00012217797,0,0.0001831223,0
218398208,47,45,0,9.230557e-05,0,9.515787e-05,0
218398211,47,7,1,0.02805826,0,0.021542713,0
218398224,47,2,1,0.027914196,0,0.1198555,0
218398236,47,5,0,4.194657e-06,0,6.3195415e-08,0
218398240,47,2,0,1.5792755e-05,0,0.0009260799,0
218398749,47,1,0,9.280131e-06,0,0.00012992398,0
218399031,47,3,0,0.0001446148,0,9.302388e-05,0
218399034,47,3,0,1.9825445e-06,0,6.518348e-07,0
218399060,47,4,0,0.0007188161,0,0.00018358367,0
218399064,47,2,0,0.00013365953,0,0.0012905938,0
218399065,47,3,0,0.0003054421,0,2.9691553e-06,0
218399092,47,1,0,0.00026769863,0,0.001076611,0
218400093,47,4,1,0.030035399,0,0.0100903725,0
218400096,47,2,1,0.020017365,0,0.28616652,0
218400097,47,2,1,0.003917385,0,5.8048354e-05,0
218400309,47,4,0,0.000445892,0,0.0012281652,0
218400313,47,4,0,0.009257148,0,0.053454965,0
218400384,47,7,0,1.4356948e-06,0,2.9161122e-06,0
218400386,47,6,0,0.0018892697,0,0.0013400707,0
218402110,47,1,0,1.8140987e-07,0,0.00025461504,0
218402305,47,1,0,4.58308e-06,0,4.7419733e-05,0
218402726,47,2,0,8.079534e-08,0,3.2592436e-06,0
218413420,47,2,0,0.00056721433,0,0.0002300746,0
218414030,47,20,0,1.2898117e-10,0,1.1147874e-11,0
218423469,47,3,1,0.00059015944,0,0.00011318613,0
218434683,47,1,0,5.677183e-09,0,9.290728e-08,0
218445832,47,1,0,8.019821e-05,0,0.00024330452,0
218468513,47,3,0,0.00038255862,0,1.43179415e-08,0
218468518,47,1,0,4.6900416e-07,0,2.9681164e-06,0
218468774,47,69,0,0.0,0,6.098258e-36,0
218470386,47,2,0,4.7967683e-06,0,0.0021665897,0
218477279,47,1,0,5.626128e-07,0,6.010719e-07,0
218477656,47,1,0,0.006931702,0,0.0010213961,0
218477668,47,1,0,0.002429195,0,0.005467796,0
218488643,47,3,0,3.0163763e-05,0,3.9213057e-05,0
218545234,47,26,0,4.4571674e-17,0,1.5809735e-10,0
218546987,47,1,0,8.6663e-17,0,1.2977266e-12,0
218548416,47,3,0,0.08096701,0,0.06257219,0
218550123,47,2,0,0.0043556024,0,0.020852337,0
218554996,47,1,0,0.0002452144,0,3.785155e-05,0
218555885,47,5,0,0.01636088,0,0.0011404684,0
218555924,47,6,0,0.02823268,0,0.007495973,0
218556062,47,5,0,3.549693e-05,0,0.00019586696,0
218556959,47,1,0,0.00022191052,0,0.011566547,0
218559028,47,2,0,1.7971389e-17,0,6.782083e-14,0
218562519,47,12,0,0.00012109627,0,3.6285528e-05,0
218562538,47,1,0,1.7120723e-06,0,4.833518e-08,0
218564021,47,1,0,0.00016720334,0,0.003443727,0
218566611,47,1,0,0.014809182,0,0.005835281,0
218570639,47,1,0,1.0602549e-16,0,1.490897e-07,0
218570980,47,1,0,1.1096846e-16,0,1.7317862e-07,0
218573173,47,1,0,0.07618781,0,0.038370058,0
218573176,47,1,0,0.0060255574,0,0.017533543,0
218573305,47,2,0,2.1111593e-07,0,1.4369431e-08,0
218573519,47,3,0,2.6522519e-05,0,3.881075e-06,0
218574366,47,1,0,0.03400463,0,0.008963291,0
218576320,47,3,0,9.963026e-06,0,8.70399e-07,0
218578063,47,3,0,2.683964e-12,0,2.371907e-13,0
218584530,47,1,0,3.3711465e-05,0,0.0008601795,0
218584534,47,1,0,1.802838e-17,0,1.4875253e-07,0
218652980,47,2,0,0.0021041126,0,0.0091952225,0
218656365,47,2,0,0.001364345,0,0.0008347283,0
218658092,47,3,0,0.0003388287,0,1.6600669e-06,0
218658380,47,1,0,2.7577162e-05,0,1.10018555e-05,0
218660876,47,23,0,0.001179179,0,0.0005605729,0
218660893,47,43,0,3.1084858e-06,0,9.105363e-07,0
218661503,47,6,0,4.5134928e-07,0,9.70707e-06,0
218662075,47,1,0,0.0025436806,0,0.0016281954,0
218680191,47,3,0,0.101800814,0,0.0022680783,0
218680433,47,3,0,0.0038343992,0,0.0018877562,0
218680450,47,2,0,0.00064449373,0,0.02080699,0
218687649,47,1,0,1.2117981e-13,0,2.5278887e-06,0
218687876,47,1,0,3.6966686e-19,0,1.4063126e-07,0
218690991,47,1,0,0.0026105896,0,0.008424063,0
218745506,47,3,0,0.000117890086,0,5.986046e-06,0
218756018,47,2,0,3.072808e-07,0,3.1440496e-07,0
218818729,47,3,0,0.00014870909,0,0.00013748003,0
218834300,47,1,0,0.00079343194,0,6.241034e-08,0
218846767,47,5,0,0.0018742194,0,1.1222864e-11,0
218957364,47,1,0,0.00032658703,0,2.8693976e-11,0
218964646,47,2,0,0.0015959579,0,0.030813647,0
218978318,47,1,0,9.605377e-08,0,0.000983307,0
218985003,47,1,0,0.045938518,0,0.02966162,0
218988495,47,1,0,0.0018722712,0,0.02323015,0
219159262,47,1,0,0.010760162,0,0.3617794,0
219163557,47,1,0,2.1045159e-11,0,2.5953397e-09,0
219383083,47,3,0,2.2952033e-06,0,0.00014659432,0
219383124,47,1,0,0.006076638,0,0.1788242,0
219383192,47,1,0,0.0034649393,0,0.012635766,0
219384595,47,1,0,9.604187e-06,0,5.348016e-05,0
219384809,47,2,0,2.5423873e-07,0,3.7343034e-05,0
219384820,47,3,0,5.1822422e-05,0,0.00052714645,0
219384893,47,1,0,1.2115318e-06,0,6.2912535e-05,0
219384896,47,1,0,0.0005122733,0,0.0041412828,0
219394265,47,1,0,0.002343595,0,0.0019454281,0
219394966,47,3,0,9.7749025e-06,0,8.8887464e-05,0
219396923,47,1,0,9.620146e-10,0,2.6541272e-08,0
219396979,47,9,0,0.013256406,0,8.094363e-05,0
219397720,47,2,0,0.00456242,0,0.0015421992,0
219397937,47,9,0,0.0024882334,0,3.3975308e-08,0
219398576,47,2,0,0.00011750984,0,0.004328367,0
219398596,47,1,0,7.871684e-12,0,1.5728866e-09,0
219403068,47,1,0,3.0898376e-05,0,0.0013428254,0
219403410,47,1,0,0.033964086,0,0.265096,0
219405824,47,1,0,0.007366673,0,0.17135262,0
219408232,47,1,0,0.0014938277,0,0.011892728,0
219409913,47,1,0,0.0005970471,0,0.024962945,0
219413640,47,4,0,2.4990599e-05,0,4.127249e-05,0
219414384,47,1,0,1.0725114e-16,0,1.4807049e-06,0
219414632,47,1,0,9.285247e-17,0,1.3915351e-06,0
219414636,47,1,0,6.0366777e-18,0,2.6960117e-07,0
219414645,47,1,0,8.5884285e-18,0,3.2585334e-07,0
219414648,47,1,0,1.1439632e-07,0,0.0005636627,0
219415306,47,1,0,4.2416363e-17,0,4.9837274e-07,0
219415322,47,1,0,2.791957e-06,0,0.0083515635,0
219415325,47,1,0,7.467337e-18,0,3.0311296e-07,0
219415330,47,1,0,2.2093982e-16,0,6.9408005e-13,0
219422495,47,1,0,2.3493232e-20,0,1.0536404e-20,0
219424473,47,1,0,0.00015460864,0,0.003216998,0
219424475,47,1,0,5.1961037e-05,0,0.00057101523,0
219425081,47,1,0,1.3680356e-06,0,0.00023343634,0
219428772,47,5,0,0.0031089284,0,0.0010638894,0
219428783,47,1,0,0.00010515527,0,0.0003141545,0
219428788,47,1,0,3.2430584e-05,0,7.3874064e-05,0
219429100,47,3,0,0.0010986358,0,4.8280497e-05,0
219429606,47,2,0,8.173165e-07,0,6.756217e-06,0
219436818,47,45,0,0.0,0,0.0,0
219541259,47,1,0,8.87415e-17,0,9.5685124e-08,0
219541285,47,4,0,0.023286914,0,0.024784096,0
219541344,47,1,0,0.0018100007,0,0.05640214,0
219541363,47,1,0,0.10500113,0,0.6587021,0
219541756,47,1,0,0.12424582,0,0.47070092,0
219541794,47,8,0,0.0061751106,0,2.8581353e-05,0
219541823,47,1,0,0.16047636,0,0.025890067,0
219541996,47,2,1,0.0015935465,0,0.009349497,0
219542113,47,1,0,0.0010693326,0,0.0018005858,0
219542135,47,4,0,0.00024683858,0,1.5476451e-06,0
219542313,47,2,0,1.38055675e-05,0,0.00068157434,0
219542349,47,1,0,0.0042100325,0,0.00046517476,0
219542384,47,2,0,0.0017026105,0,0.0012951536,0
219542405,47,2,0,1.4379583e-22,0,2.2680847e-22,0
219542887,47,2,0,0.01739233,0,0.0885424,0
219543494,47,3,1,0.0018676539,0,0.019460738,0
219543499,47,2,0,2.2152799e-05,0,0.0028755616,0
219543500,47,2,0,0.006437978,0,0.069972776,0
219543504,47,1,0,1.9897761e-05,0,6.739748e-05,0
219543605,47,1,0,5.991724e-07,0,1.2944636e-08,0
219543633,47,8,0,0.017464073,0,0.0010988353,0
219543654,47,5,0,0.020562079,0,0.0010398602,0
219543900,47,1,0,0.0033525946,0,0.040377244,0
219543917,47,1,0,4.890676e-06,0,0.0035551686,0
219543918,47,1,0,1.0814754e-05,0,0.0010645068,0
219543921,47,1,0,3.8705617e-18,0,4.1519336e-08,0
219543922,47,1,0,0.0031983214,0,0.035198327,0
219543998,47,2,0,6.707593e-05,0,0.009199534,0
219544001,47,1,0,0.010345591,0,0.0051521924,0
219544003,47,7,0,0.10174853,0,0.12722756,0
219544394,47,1,0,0.8056709,1,0.075763404,0
219546222,47,1,0,8.771955e-20,0,2.5794934e-05,0
219548645,47,2,0,0.01811942,0,0.048633914,0
219551547,47,10,0,0.9999392,1,0.009071058,0
219553260,47,1,0,0.035457756,0,0.043508228,0
219554793,47,1,0,1.0372491e-06,0,0.00012258641,0
219555853,47,1,0,0.0,0,0.0,0
219555904,47,1,0,0.0053499504,0,0.0020397117,0
219556165,47,4,0,0.038361154,0,0.037902735,0
219556205,47,1,0,0.1122418,0,0.2743292,0
219557083,47,3,0,0.0,0,9.714374e-35,0
219558751,47,3,0,0.0024834375,0,0.009046723,0
219560312,47,17,0,2.0382986e-09,0,1.9591988e-10,0
219562816,47,2,0,3.008903e-08,0,9.748227e-09,0
219562863,47,2,0,1.6412713e-07,0,1.8544817e-07,0
219562969,47,3,0,2.0767841e-07,0,1.7778629e-09,0
219565903,47,2,1,0.0006007659,0,0.00072324736,0
219565918,47,8,1,0.00046136917,0,0.0014888353,0
219565927,47,2,1,0.012727747,0,0.005792297,0
219565930,47,1,1,0.04651661,0,0.08230043,0
219565935,47,1,1,0.006106999,0,0.026404465,0
219566729,47,2,0,2.8595965e-05,0,0.00026642048,0
219567373,47,1,0,0.002588038,0,0.042167775,0
219567670,47,1,0,7.3163847e-06,0,1.0290592e-05,0
219580518,47,3,0,2.9278366e-09,0,6.738227e-11,0
219679807,47,1,0,5.7735113e-05,0,0.00038343892,0
219688185,47,1,0,1.1312342e-09,0,4.964089e-08,0
219713463,47,1,0,0.005660432,0,0.0029427987,0
219720174,47,4,0,0.04134668,0,0.031774193,0
219720175,47,7,0,1.8463638e-06,0,0.00013607656,0
219752672,47,2,0,4.2543234e-05,0,2.3631746e-05,0
219764897,47,2,0,1.5576516e-06,0,5.4263705e-07,0
219850349,47,3,0,0.000100482815,0,0.00017115715,0
219915455,47,1,0,0.013032021,0,0.06410883,0
219917130,47,1,0,0.00025896187,0,0.0005050995,0
219918390,47,1,0,1.5440272e-24,0,1.1023695e-22,0
219922357,47,2,0,2.840711e-18,0,3.82833e-14,0
219924596,47,2,0,0.021816205,0,0.2792351,0
219940486,47,2,0,3.945235e-06,0,4.6170786e-05,0
6418,48,99,0,7.1302755e-11,0,1.9589205e-08,0
7952,48,100,0,0.0,0,0.0,0
9351,48,1,0,2.7937277e-10,0,3.6938782e-11,0
9363,48,1,0,3.0636254e-06,0,0.000104724066,0
9466,48,82,0,4.1095938e-19,0,1.683008e-14,0
9551,48,1,0,0.00093851116,0,9.071173e-10,0
10280,48,6,0,4.3955198e-10,0,2.470615e-14,0
10452,48,2,0,1.0533856e-08,0,3.850322e-05,0
13646,48,54,0,2.2154461e-08,0,6.8369775e-07,0
17122,48,2,0,6.041679e-10,0,2.1451817e-10,0
28907,48,1,0,3.9363413e-13,0,0.0,0
39994,48,3,0,2.579424e-06,0,0.00086678134,0
44664,48,11,0,2.0644948e-12,0,4.4821573e-12,0
44703,48,7,0,0.0002952292,0,0.0008569689,0
45766,48,105,0,1.2882896e-14,0,6.4692385e-10,0
72958,48,7,0,1.4894738e-10,0,2.1531513e-07,0
183452,48,1,0,1.205886e-05,0,1.82382e-11,0
362808,48,1,0,2.1375527e-05,0,0.003761286,0
401547,48,2,0,1.5420574e-14,0,0.0,0
424786,48,1,0,3.664788e-12,0,0.0,0
464474,48,1,0,0.0022298014,0,0.057569813,0
549558,48,2,0,2.4394592e-06,0,8.264874e-05,0
549581,48,6,0,1.2496142e-05,0,3.3662394e-12,0
563635,48,9,0,2.9213204e-17,0,9.543024e-10,0
593446,48,1,0,1.4290488e-13,0,6.3328023e-12,0
597793,48,11,0,0.0005013066,0,0.0045358213,0
692149,48,3,0,1.1048822e-08,0,9.023913e-06,0
705092,48,1,0,0.0047092484,0,0.008838511,0
723904,48,1,0,0.0126426695,0,0.014943857,0
724580,48,1,0,1.0295179e-06,0,7.6239275e-12,0
725203,48,19,0,2.112256e-06,0,2.0615715e-05,0
1435212,48,1,0,3.6700985e-06,0,0.00010804904,0
1739315,48,1,0,7.4638294e-08,0,0.0006268423,0
1803867,48,4,0,1.4079874e-11,0,2.553083e-07,0
1848064,48,1,0,3.2904582e-11,0,4.303522e-09,0
1852545,48,1,0,1.6132904e-29,0,6.66642e-23,0
1857358,48,2,0,0.014225589,0,0.016874678,0
1857383,48,8,0,3.1336796e-08,0,0.00042687758,0
1859446,48,1,0,0.0017531476,0,0.07066388,0
1863668,48,1,0,1.21705855e-17,0,4.5513963e-07,0
1865993,48,2,0,4.9827875e-05,0,0.00042932323,0
1953446,48,4,0,2.1169024e-08,0,5.4460375e-05,0
1966100,48,1,0,4.0454488e-05,0,0.0032714026,0
1981476,48,1,0,3.439978e-09,0,9.998968e-07,0
1981616,48,1,0,1.6601746e-07,0,2.1352302e-05,0
1982287,48,1,0,4.9316765e-07,0,2.8746645e-05,0
1986315,48,1,0,0.0013411051,0,0.0004445702,0
2000606,48,1,0,0.00780734,0,0.069778025,0
2106136,48,1,0,2.149237e-07,0,1.40055545e-05,0
2106177,48,1,0,0.0012319167,0,0.025791284,0
2106217,48,1,0,0.070683636,0,0.2734945,0
2144054,48,1,1,0.033381883,0,0.41188326,0
2149874,48,1,0,1.0893482e-06,0,0.00022923529,0
2206944,48,5,0,9.2333727e-07,0,5.9127876e-07,0
2207063,48,1,0,0.00087677705,0,0.0011631459,0
2217421,48,12,0,0.0,0,0.0,0
2218496,48,5,0,1.603558e-08,0,3.9211543e-23,0
2218979,48,1,0,1.5422454e-14,0,0.0,0
2218993,48,1,0,1.1740542e-06,0,1.687362e-12,0
2226590,48,4,0,1.4292505e-07,0,0.0019486275,0
2226591,48,1,0,0.04206475,0,2.2580452e-05,0
2232001,48,3,0,2.9315526e-20,0,4.7854546e-25,0
2232003,48,4,0,1.157189e-06,0,3.7579025e-21,0
2235715,48,11,0,0.0,0,0.0,0
2244527,48,10,0,8.455623e-20,0,1.245588e-16,0
2244529,48,11,0,1.6707463e-07,0,2.3761752e-06,0
2262862,48,75,0,7.911224e-16,0,2.4365268e-11,0
2263486,48,3,0,4.392408e-11,0,4.7373836e-22,0
2291756,48,70,0,5.087031e-10,0,1.2663774e-07,0
2300731,48,7,0,7.101585e-14,0,1.0536126e-08,0
2304764,48,2,0,2.5567406e-09,0,2.7447537e-11,0
2307236,48,1,0,1.8525318e-05,0,0.00035264815,0
2307242,48,1,0,2.6805063e-07,0,8.58428e-06,0
2312675,48,1,0,0.0029556241,0,0.059212826,0
2312940,48,1,0,2.6034976e-15,0,0.0,0
2315358,48,1,1,0.036339242,0,0.5470621,0
2317702,48,1,0,9.322318e-13,0,0.0,0
2462027,48,7,0,6.0858493e-21,0,1.4212717e-13,0
3033851,48,2,0,2.6299063e-10,0,6.471644e-14,0
3043196,48,1,0,9.168587e-13,0,1.3231846e-10,0
3086047,48,2,0,0.011262361,0,0.00022320473,0
3096027,48,2,0,4.9607143e-06,0,1.2691049e-11,0
3118335,48,1,0,1.9471569e-05,0,4.305152e-06,0
3257779,48,2,0,1.7668219e-07,0,1.39614685e-05,0
3258340,48,1,0,1.562002e-08,0,6.670075e-05,0
3274489,48,9,0,8.6181075e-08,0,8.465502e-12,0
3275110,48,1,0,7.9853726e-07,0,0.0001328229,0
3282970,48,10,0,2.4435192e-17,0,1.6975663e-19,0
3283565,48,6,0,1.898592e-09,0,1.8662991e-05,0
3283567,48,1,0,0.0,0,1.9198082e-38,0
3285911,48,1,0,0.0015901672,0,0.017180743,0
3286488,48,8,0,6.7595224e-10,0,4.8342987e-13,0
3286491,48,1,0,0.05573257,0,0.058920417,0
3286498,48,1,0,0.0014859239,0,0.0015176184,0
3287151,48,2,0,0.0018513254,0,0.0254407,0
3287171,48,2,0,7.672153e-08,0,0.0003148099,0
3287185,48,1,0,0.04599741,0,0.0061074793,0
3287365,48,2,0,2.256136e-12,0,6.8053685e-10,0
3287369,48,1,0,8.523586e-08,0,5.0344242e-06,0
3287373,48,1,0,1.0880649e-10,0,4.4861244e-09,0
3287409,48,2,0,5.203187e-06,0,1.3192483e-10,0
3287416,48,1,0,0.0008288934,0,0.003599156,0
3287421,48,2,0,0.0045963936,0,0.04433172,0
3287458,48,1,0,0.00040984616,0,0.0055315224,0
3287759,48,1,0,0.003432529,0,0.093548395,0
3287787,48,2,0,0.0011993536,0,0.0010126295,0
3288448,48,1,0,1.2639008e-06,0,7.054113e-07,0
3288449,48,1,0,0.003751687,0,0.06126261,0
3289046,48,2,0,1.9749349e-09,0,5.77155e-08,0
3289053,48,1,0,2.315771e-05,0,0.0009879331,0
3289090,48,1,0,3.7277496e-05,0,0.012428478,0
3289104,48,1,0,0.00036218963,0,0.015689969,0
3289906,48,2,0,0.0027493567,0,0.0001465981,0
3289917,48,1,0,5.3484216e-19,0,7.9344375e-08,0
3289945,48,1,0,1.2570238e-06,0,1.8693238e-05,0
3289957,48,3,0,3.5842046e-08,0,3.5465614e-10,0
3293433,48,3,0,6.405942e-07,0,2.814219e-08,0
3294761,48,50,0,3.423248e-07,0,3.2906125e-06,0
3295465,48,16,0,0.00030771756,0,0.0007341736,0
3295466,48,1,0,1.2258726e-06,0,4.7349597e-05,0
3295468,48,1,0,0.0011312105,0,0.03449108,0
3295484,48,1,0,1.4532402e-05,0,0.016271926,0
3295486,48,1,0,0.0018648036,0,0.0014866124,0
3295790,48,1,0,0.0012258478,0,0.015401894,0
3295794,48,4,0,1.08813076e-07,0,7.515372e-06,0
3295818,48,1,0,0.14167221,0,0.63878524,0
3295820,48,2,0,7.868496e-05,0,0.0023494253,0
3295824,48,4,0,2.1647297e-06,0,0.0008589141,0
3298220,48,2,0,1.9453975e-15,0,0.0,0
3298231,48,1,0,0.00016946375,0,1.6878046e-10,0
3300841,48,1,0,4.3050873e-14,0,0.0,0
3302055,48,3,0,4.5730526e-09,0,2.7814871e-05,0
3302061,48,2,0,1.4150747e-13,0,0.0,0
3302092,48,1,0,3.6086487e-14,0,0.0,0
3302197,48,1,0,2.0996512e-12,0,0.0,0
3302240,48,1,0,4.1090484e-10,0,0.0,0
3302275,48,2,0,7.5311965e-07,0,1.813188e-12,0
3302295,48,1,0,1.7514742e-10,0,0.0,0
3303220,48,1,0,3.5200324e-12,0,0.0,0
3304030,48,1,0,8.304099e-07,0,6.0372376e-12,0
3304432,48,1,0,5.6940156e-12,0,0.0,0
3304679,48,2,0,1.1213112e-06,0,5.3076185e-12,0
3304928,48,2,0,1.3250228e-05,0,0.00024689673,0
3306258,48,2,0,7.0083894e-10,0,4.7994556e-11,0
3306401,48,2,0,1.2998489e-13,0,0.0,0
3306473,48,2,0,6.0280084e-16,0,0.0,0
3307178,48,1,0,1.1687833e-16,0,0.0,0
3307215,48,2,0,0.00029507666,0,0.0005925574,0
3308230,48,2,0,3.174416e-07,0,9.223294e-09,0
3308477,48,1,0,8.130236e-06,0,1.382538e-08,0
3309701,48,1,0,3.5921653e-06,0,1.1134529e-11,0
3310312,48,2,0,7.150953e-07,0,6.2680785e-12,0
3311004,48,1,0,2.2570387e-13,0,0.0,0
3311772,48,1,0,3.8484708e-14,0,0.0,0
3311901,48,2,0,0.009340373,0,0.029651552,0
3311935,48,1,0,2.726962e-13,0,0.0,0
3312784,48,1,0,0.0038766633,0,0.013860109,0
3313163,48,1,0,0.0008545466,0,9.496543e-06,0
3313433,48,5,0,2.8653864e-09,0,7.272707e-08,0
3313464,48,2,0,1.6554014e-06,0,5.7688975e-12,0
3315431,48,2,0,7.923849e-07,0,2.8462859e-11,0
3315496,48,9,0,0.001314491,0,0.0052291215,0
3315597,48,1,0,1.963126e-14,0,0.0,0
3315609,48,1,0,9.871484e-07,0,6.9867072e-12,0
3316485,48,1,0,8.544079e-12,0,0.0,0
3324306,48,3,0,4.6406416e-08,0,6.0573486e-05,0
3326825,48,1,0,0.002482193,0,0.04570342,0
3331946,48,1,0,0.00011646024,0,0.00036576221,0
3332354,48,1,0,9.946318e-06,0,1.5267578e-05,0
3332425,48,2,0,1.2673818e-16,0,1.536817e-06,0
3332603,48,2,0,0.015174855,0,0.058509238,0
3332614,48,2,0,0.0027573484,0,0.046253644,0
3334342,48,2,0,3.823903e-05,0,0.00058655906,0
3335035,48,1,0,0.009993949,0,0.11564609,0
3335041,48,2,0,0.0009504054,0,0.01992761,0
3335067,48,2,0,0.0010101998,0,0.0069182017,0
3335073,48,1,0,0.027374033,0,0.035553627,0
3335092,48,1,0,0.019337999,0,0.030752532,0
3335096,48,2,0,0.009451907,0,0.007417267,0
3336389,48,1,0,0.031871207,0,0.06110572,0
3336480,48,2,0,0.00038212576,0,0.0067812772,0
3336484,48,1,0,1.0118413e-16,0,3.4332155e-12,0
3340340,48,2,0,0.00020434379,0,0.009301032,0
3344190,48,1,0,6.253444e-07,0,0.0010166944,0
3346043,48,11,0,2.436956e-05,0,6.7964643e-06,0
3346664,48,1,0,1.3962385e-05,0,9.514416e-05,0
3346667,48,2,0,7.128592e-05,0,0.0004012362,0
3346671,48,2,0,0.07460496,0,0.88649726,1
3346673,48,2,0,0.7879624,1,0.7405019,0
3351943,48,2,0,2.538003e-06,0,0.0,0
3351965,48,3,0,0.0,0,0.0,0
3352598,48,2,0,0.23465142,0,0.1711437,0
3352606,48,2,0,0.062964045,0,0.2542662,0
3352609,48,2,0,0.06427769,0,0.8013021,0
3352697,48,2,0,0.049755447,0,0.6923419,0
3353222,48,1,0,6.693259e-06,0,0.00016045124,0
3356216,48,2,0,0.018392932,0,0.069200166,0
3362199,48,2,0,0.005685948,0,0.006886255,0
3362217,48,1,0,0.18339579,0,0.11308342,0
3362224,48,1,0,0.005614537,0,0.03079823,0
3362468,48,2,0,0.003846958,0,0.010159794,0
3362484,48,2,0,0.0068131466,0,0.03690539,0
3362494,48,1,0,0.0021537205,0,0.007966825,0
3369601,48,1,0,2.253105e-07,0,2.1494964e-06,0
3372493,48,1,0,0.0,0,0.0,0
3374106,48,1,0,2.7178853e-13,0,0.0,0
3376204,48,4,0,9.898779e-08,0,3.2391682e-21,0
3376359,48,1,0,7.144801e-15,0,0.0,0
3378351,48,1,0,0.0011369511,0,0.099585086,0
3378406,48,1,0,0.0015727504,0,0.21492755,0
3380930,48,2,0,0.0011803905,0,0.013231772,0
3381500,48,5,0,4.5700755e-05,0,0.00020677566,0
3388162,48,1,0,6.232679e-05,0,0.00027567858,0
3444154,48,1,1,1.643903e-05,0,0.0016396585,0
3459544,48,1,0,4.58141e-07,0,0.0007011944,0
3519250,48,2,0,1.9873479e-13,0,1.0556403e-08,0
3535985,48,1,1,0.00088634825,0,0.002019011,0
3536436,48,1,1,0.0032587566,0,0.066260904,0
3646891,48,55,0,1.446765e-10,0,4.6561038e-08,0
4362585,48,1,0,5.0874526e-12,0,0.0,0
4590261,48,2,0,0.26185054,0,0.00895997,0
4590268,48,3,0,0.018788056,0,0.00048112043,0
4596053,48,4,0,2.8344335e-05,0,0.0010201527,0
4596055,48,1,0,4.6786673e-07,0,5.66772e-05,0
4596790,48,4,0,1.2111137e-10,0,5.3033825e-18,0
4602000,48,3,0,2.139906e-10,0,1.7021144e-31,0
4602013,48,2,0,1.3851766e-13,0,0.0,0
4604109,48,1,0,7.745048e-07,0,5.692551e-06,0
4605278,48,1,0,5.756787e-05,0,0.003698515,0
4605287,48,1,0,2.4812136e-06,0,1.8058857e-07,0
4605293,48,1,0,1.36321234e-17,0,4.8755834e-07,0
4605584,48,1,0,0.0001297754,0,0.00018444957,0
4607636,48,1,0,1.0769415e-08,0,0.00010167549,0
4607642,48,1,0,3.1022117e-07,0,6.788348e-06,0
4607644,48,1,0,1.4423503e-07,0,0.00042398312,0
4608037,48,2,0,8.207953e-09,0,5.150788e-13,0
4608163,48,3,0,2.4849649e-06,0,0.012616452,0
4608167,48,1,0,1.6690388e-05,0,0.009311271,0
4608182,48,3,0,4.1875305e-06,0,0.0071684946,0
4609429,48,3,0,0.000239827,0,4.615616e-08,0
4609450,48,2,0,0.0001653099,0,0.0006570544,0
4611382,48,2,0,0.0033580796,0,4.2531192e-07,0
4620483,48,1,0,8.746746e-08,0,9.0342135e-12,0
4620647,48,1,0,2.4405592e-15,0,0.0,0
4621507,48,8,0,7.509965e-09,0,2.3332673e-14,0
4625282,48,1,0,0.00014922288,0,1.2382109e-10,0
4627535,48,1,0,0.008446409,0,0.0014270507,0
4627543,48,2,0,6.3077014e-06,0,1.258294e-06,0
4628720,48,1,0,1.4436225e-14,0,0.0,0
4632420,48,1,0,7.186061e-05,0,0.00021798645,0
4632949,48,1,0,1.8063155e-12,0,0.0,0
4637054,48,1,0,8.168888e-14,0,0.0,0
4639341,48,1,0,2.4356474e-12,0,0.0,0
4639938,48,1,0,6.1442546e-15,0,1.1479729e-13,0
4640571,48,1,0,2.6600299e-13,0,0.0,0
4641296,48,3,0,0.26073784,0,0.13171084,0
4642101,48,2,0,2.3827498e-12,0,0.0,0
4642642,48,2,0,0.00037068772,0,0.004653537,0
4642650,48,1,0,0.008581984,0,0.0062197507,0
4643617,48,1,0,1.8811192e-14,0,0.0,0
4644028,48,1,0,1.4463607e-12,0,0.0,0
4644934,48,2,0,3.086042e-13,0,0.0,0
4645480,48,1,0,5.6600715e-15,0,0.0,0
4645539,48,2,0,2.890384e-16,0,0.0,0
4646009,48,1,0,2.402317e-06,0,2.1707655e-11,0
4647712,48,1,0,0.028129632,0,0.011767957,0
4653923,48,1,0,4.3138143e-15,0,0.0,0
4654530,48,1,0,9.309836e-06,0,1.116107e-10,0
4654573,48,1,0,1.9176512e-13,0,0.0,0
4656370,48,1,0,3.3152566e-13,0,0.0,0
4656419,48,1,0,1.3510223e-05,0,3.917762e-11,0
4657094,48,2,0,2.0644264e-17,0,1.6744311e-13,0
4677904,48,1,0,0.16062188,0,0.3924802,0
4688155,48,28,0,0.00019520118,0,0.00011269663,0
4688743,48,1,0,1.0422571e-09,0,5.003667e-07,0
4692401,48,65,0,2.97323e-06,0,2.9334327e-05,0
4707038,48,1,0,0.08261758,0,0.04978529,0
4710490,48,6,0,8.0751655e-10,0,1.0809981e-11,0
4710507,48,1,0,2.8691926e-05,0,3.4987017e-11,0
4711725,48,1,0,0.0021144724,0,5.61357e-07,0
4711738,48,1,0,0.28301907,0,0.17307691,0
4722739,48,1,0,0.0005217967,0,0.010126802,0
4723325,48,2,0,0.061089486,0,0.18095893,0
4748710,48,1,0,0.0005826995,0,0.00086703536,0
4757290,48,1,0,0.013553049,0,0.007107588,0
4774648,48,1,0,0.04637151,0,0.07924857,0
4778990,48,1,0,0.0016299691,0,1.7826709e-09,0
4800310,48,6,0,8.3039103e-10,0,4.674193e-16,0
4802034,48,1,0,4.6337167e-08,0,8.4226e-11,0
4802065,48,1,0,3.6654701e-10,0,4.9701854e-10,0
4805770,48,1,0,3.4060322e-06,0,6.4556303e-07,0
4827342,48,1,0,1.1391452e-06,0,0.00034462725,0
4852709,48,1,0,0.017919736,0,0.31770924,0
4913828,48,2,0,1.6354183e-13,0,3.356954e-09,0
5578471,48,1,0,7.04264e-14,0,5.954867e-10,0
5793265,48,1,0,0.012999433,0,1.6601492e-06,0
6242498,48,3,0,2.1058327e-07,0,7.5737004e-21,0
6885282,48,1,1,0.0016862544,0,0.1486165,0
7061206,48,1,0,9.2356435e-11,0,0.0,0
7062253,48,1,0,4.0542222e-06,0,1.325805e-09,0
7066736,48,1,0,6.001863e-05,0,7.415307e-10,0
7071482,48,2,0,1.1365221e-07,0,0.00014040136,0
7082603,48,1,0,8.383036e-06,0,0.0001677386,0
7100844,48,2,0,0.23180142,0,0.38556808,0
7171666,48,1,0,3.8837604e-15,0,0.0,0
7208069,48,1,0,0.016712014,0,0.21503654,0
7215225,48,2,0,1.2161122e-16,0,0.0,0
7218938,48,53,0,6.2744754e-24,0,7.4910937e-28,0
7619139,48,2,0,1.2151467e-10,0,1.4011554e-08,0
7661940,48,2,0,3.8304108e-05,0,0.001428311,0
8899549,48,1,0,8.6243e-06,0,0.009524793,0
9058320,48,1,0,0.1126124,0,0.890115,1
9256309,48,1,0,0.00016759361,0,0.0007994423,0
9259579,48,3,0,2.7611095e-15,0,3.7738087e-07,0
9329089,48,1,0,7.475618e-07,0,2.0035932e-08,0
9330487,48,1,0,3.1676004e-09,0,2.0846047e-11,0
9330904,48,1,0,1.3705446e-08,0,6.8511347e-10,0
9335136,48,2,0,1.8225675e-08,0,1.6134338e-08,0
9345207,48,1,0,1.3881972e-09,0,1.0543518e-09,0
9347223,48,1,0,2.7375216e-12,0,5.788537e-09,0
9349481,48,1,0,1.6565405e-09,0,1.9198219e-09,0
9351402,48,2,0,1.0131092e-10,0,4.155899e-10,0
9354066,48,1,0,4.397863e-08,0,2.0112029e-10,0
9358440,48,1,0,6.168942e-05,0,1.7412423e-06,0
9359455,48,1,0,7.1485806e-10,0,5.3876993e-11,0
9359473,48,1,0,0.0004627275,0,3.7790778e-07,0
9362117,48,1,0,8.323465e-05,0,4.956605e-07,0
9363165,48,1,0,5.4047843e-11,0,4.478517e-12,0
9364173,48,1,0,0.0022349302,0,0.011613618,0
9387922,48,1,0,0.2804344,0,0.044218082,0
9387930,48,2,0,0.09725021,0,0.012719235,0
9389902,48,1,0,0.016696177,0,0.014935036,0
9389913,48,2,0,0.061427068,0,0.032213613,0
9390205,48,2,0,0.21656242,0,0.028057508,0
9394161,48,1,0,5.9205565e-08,0,3.873617e-06,0
9409337,48,2,0,0.53402394,0,0.3494912,0
9409349,48,2,0,0.0054174876,0,0.24254985,0
9409956,48,2,0,0.69152635,0,0.3095283,0
9448195,48,1,0,0.0008706233,0,0.004499757,0
9448579,48,1,0,4.7303075e-21,0,6.6279124e-09,0
9450321,48,3,0,9.0008524e-07,0,1.6581238e-05,0
9454736,48,1,0,3.3291508e-05,0,1.868331e-05,0
9456040,48,2,0,0.1058727,0,0.12477311,0
9461936,48,3,0,0.0018881793,0,0.018319033,0
9471318,48,1,0,0.000119837285,0,0.008255076,0
9472640,48,2,0,0.0,0,2.8559604e-37,0
9479179,48,5,0,0.0,0,0.0,0
9539257,48,1,0,0.017331617,0,0.0035621875,0
9629830,48,1,0,0.012688608,0,0.05156417,0
9959617,48,1,0,0.0,0,2.6685454e-29,0
10270505,48,1,0,7.843583e-12,0,0.0,0
10566186,48,4,0,4.2871914e-10,0,1.4358151e-05,0
10711115,48,1,0,2.9700997e-05,0,1.679544e-11,0
10845402,48,1,0,3.3038675e-10,0,0.0,0
10910190,48,1,0,0.00030975172,0,0.1690273,0
11561989,48,1,1,0.008750152,0,0.100914724,0
11566029,48,1,1,0.001658924,0,0.029464522,0
11566998,48,1,1,0.011729971,0,0.03935528,0
11567489,48,1,1,0.0016314068,0,0.07361184,0
11567844,48,1,1,0.0050003147,0,0.087747715,0
11568832,48,1,1,0.01209246,0,0.07304137,0
11568841,48,1,1,0.026015483,0,0.6155593,0
11569447,48,1,1,0.009151673,0,0.052127082,0
11569771,48,1,1,0.06144938,0,0.4321046,0
11570254,48,1,1,0.04216313,0,0.41648766,0
11570439,48,1,1,0.00080377643,0,0.021756146,0
11575625,48,1,1,0.031091157,0,0.067965865,0
11575639,48,1,1,0.0112049,0,0.026597168,0
11576040,48,1,1,0.05576338,0,0.6138151,0
11576071,48,1,1,0.005648049,0,0.2654719,0
11579855,48,1,1,0.025426546,0,0.3414188,0
11579906,48,1,1,0.026243612,0,0.17398736,0
11579970,48,1,1,0.013764674,0,0.14659797,0
11586864,48,1,1,0.016523877,0,0.07520588,0
11587238,48,1,1,5.250591e-05,0,0.0030180728,0
11587239,48,1,1,0.017164757,0,0.06762159,0
11592499,48,1,0,0.00014801972,0,6.466021e-06,0
11698664,48,1,0,6.726104e-05,0,2.0249134e-10,0
11933160,48,1,0,4.972011e-07,0,2.9326177e-11,0
13007435,48,1,0,7.5115e-07,0,1.2883379e-05,0
13027062,48,2,0,0.00024058299,0,4.9118556e-05,0
13035869,48,1,0,7.118331e-11,0,2.1071495e-12,0
13035877,48,1,0,1.488831e-15,0,0.0,0
13035881,48,1,0,3.1706933e-14,0,0.0,0
13036330,48,4,0,0.000649985,0,0.0020542715,0
13036357,48,1,0,3.089362e-14,0,2.692245e-15,0
13061704,48,1,0,1.8717414e-15,0,0.0,0
13140491,48,2,0,0.21887088,0,0.0029685108,0
13168555,48,47,0,1.2782222e-07,0,1.3620513e-06,0
13203919,48,2,0,0.0036562434,0,0.007944843,0
13211265,48,1,0,0.00023464335,0,0.005722962,0
13224998,48,1,0,4.171314e-07,0,1.2017219e-12,0
13226038,48,1,0,2.1528094e-06,0,2.1332938e-12,0
13238065,48,2,0,0.00025391515,0,0.0056966436,0
14141562,48,2,0,6.04353e-05,0,0.017182095,0
14196943,48,1,0,7.42636e-07,0,0.00020099037,0
14348310,48,2,0,1.3288192e-14,0,0.0,0
14350591,48,1,0,7.693321e-06,0,2.6170763e-10,0
14351337,48,1,0,0.0002352668,0,0.0002660836,0
14949804,48,1,1,0.0010110519,0,0.0009167987,0
14950644,48,1,1,0.0002942207,0,0.0025779281,0
15225175,48,1,0,3.580735e-06,0,9.417589e-05,0
15404309,48,2,0,0.094305135,0,0.123632975,0
15486701,48,1,0,0.0002438905,0,0.00018611198,0
15587899,48,1,0,1.6591829e-14,0,0.0,0
15588282,48,2,0,6.4468656e-15,0,0.0,0
15601507,48,1,0,0.0034812286,0,0.00066653267,0
15818749,48,1,1,0.00010334299,0,0.003082603,0
16056481,48,2,0,0.00017741782,0,0.00042514852,0
16075099,48,1,0,6.027389e-08,0,5.761483e-05,0
19497952,48,1,1,0.014653029,0,0.13146445,0
19501341,48,1,1,0.007669416,0,0.0509325,0
19502691,48,1,1,0.011928239,0,0.1115226,0
19544326,48,1,0,6.352609e-15,0,0.0,0
21335993,48,1,0,2.2505423e-05,0,4.2748377e-10,0
23490117,48,2,0,0.101361685,0,0.025867563,0
23785608,48,1,0,3.9754805e-12,0,0.0,0
24098771,48,1,0,4.6765727e-13,0,0.0,0
26115433,48,1,0,9.381789e-06,0,8.0264226e-11,0
28736131,48,1,0,9.680902e-11,0,0.0,0
32252086,48,1,0,0.0050055394,0,0.010149541,0
34504653,48,1,0,4.7423843e-14,0,0.0,0
34514900,48,1,0,8.11648e-12,0,0.0,0
36932721,48,1,0,0.0001736653,0,0.023639986,0
38173991,48,2,0,9.413456e-07,0,3.2663076e-12,0
38731910,48,2,0,6.079566e-08,0,6.213888e-36,0
45482328,48,1,1,0.00010522347,0,0.0023728453,0
50429923,48,1,0,2.0034473e-05,0,1.160696e-10,0
50430861,48,1,0,6.146866e-07,0,1.2185258e-05,0
56282843,48,1,0,0.034496203,0,0.010098158,0
56332416,48,1,0,0.06071829,0,0.033331648,0
61809700,48,1,0,0.01148258,0,0.04253163,0
65233753,48,1,0,3.7657041e-16,0,0.0,0
75132668,48,1,0,1.5067695e-14,0,0.0,0
75136455,48,1,0,0.00015562239,0,4.52822e-10,0
83767109,48,1,0,9.185272e-16,0,0.0,0
99987347,48,1,0,5.0175836e-13,0,0.0,0
101443442,48,1,0,6.5131185e-06,0,7.1425684e-06,0
110842065,48,1,0,0.00017987186,0,6.4285494e-10,0
114160184,48,1,0,3.6990128e-05,0,5.8422133e-06,0
117183505,48,1,0,1.4120059e-14,0,0.0,0
121546007,48,3,0,7.112144e-06,0,4.383223e-28,0
155071266,48,1,0,0.0006252648,0,2.1023426e-10,0
155076784,48,1,0,1.9652505e-05,0,0.00042696894,0
155083299,48,2,0,0.32738572,0,8.027204e-05,0
155377639,48,2,0,2.421445e-16,0,0.0,0
155377785,48,2,0,6.3723407e-15,0,0.0,0
155377928,48,1,0,3.4329423e-06,0,2.9368566e-10,0
155381774,48,2,0,1.6921795e-09,0,1.6313031e-09,0
155390099,48,2,0,4.956996e-05,0,4.2721152e-10,0
155460571,48,2,0,0.0007752037,0,0.102479815,0
155484608,48,1,0,8.322751e-28,0,4.6537424e-27,0
155489162,48,2,0,4.0605725e-25,0,0.0,0
155553249,48,1,0,1.085711e-08,0,7.8338464e-13,0
155553341,48,1,0,1.2715411e-05,0,0.0010530951,0
155554019,48,1,0,2.0971553e-05,0,5.3236227e-10,0
155554176,48,1,0,2.3348407e-06,0,3.7530506e-11,0
155554845,48,2,0,0.004391348,0,0.010592145,0
155558177,48,1,0,0.0054163057,0,0.03135239,0
155668801,48,1,0,4.3997714e-14,0,0.0,0
155673418,48,1,0,4.3774747e-13,0,0.0,0
155674575,48,1,1,0.16299275,0,0.5718428,0
155674580,48,1,1,0.14424746,0,0.64207065,0
155674591,48,1,0,0.0025488082,0,0.050986066,0
155675917,48,1,0,1.18598555e-05,0,1.2756892e-11,0
155676998,48,1,0,2.2608117e-14,0,0.0,0
155677280,48,1,0,6.5995317e-12,0,0.0,0
155681710,48,1,0,1.304921e-05,0,2.570135e-06,0
155684872,48,1,0,7.936317e-05,0,9.461822e-05,0
155694140,48,2,0,0.043784786,0,0.0046673575,0
155787645,48,14,0,6.1402226e-08,0,7.8074665e-11,0
709696,49,15,0,1.109848e-19,0,2.2271934e-13,0
1001114,49,13,0,1.478514e-14,0,2.2329121e-07,0
1061125,49,6,0,3.0603273e-09,0,8.12512e-06,0
5313367,49,7,0,2.4699576e-16,0,4.7664205e-08,0
9429605,49,5,0,5.941754e-13,0,8.258524e-08,0
20535678,49,4,0,1.4508638e-13,0,1.1094733e-08,0
21644119,49,2,0,5.202319e-06,0,5.111361e-05,0
26208419,49,20,0,3.4248605e-21,0,4.923332e-13,0
30749704,49,4,0,7.449974e-20,0,4.6110663e-12,0
30751217,49,11,0,4.279282e-22,0,5.2715533e-11,0
36685785,49,6,0,0.03348313,0,0.0024153914,0
36864715,49,4,0,6.2795476e-07,0,1.51099e-12,0
41402314,49,3,0,1.0497743e-06,0,0.00046423762,0
47521535,49,57,0,1.3843604e-13,0,9.3255785e-12,0
50926361,49,3,0,9.8847984e-08,0,0.0003376086,0
57345944,49,5,0,1.0687726e-08,0,3.8433072e-06,0
59205071,49,2,0,0.23487091,0,0.5883591,0
60792816,49,2,0,0.103835344,0,0.02355738,0
63160563,49,2,0,7.7596e-06,0,0.00017276155,0
65108418,49,1,0,7.6308524e-08,0,2.9720832e-05,0
67963170,49,6,0,9.31239e-08,0,0.00010826841,0
69828178,49,1,0,2.5411342e-07,0,0.00026082527,0
70524334,49,2,0,8.767878e-19,0,2.206951e-09,0
71046356,49,2,0,0.2051061,0,0.28506514,0
78106386,49,2,0,0.54903704,0,0.86326444,1
80329479,49,1,0,4.467503e-08,0,3.7296081e-06,0
82690941,49,1,0,4.7430814e-05,0,0.00010379065,0
85780276,49,2,0,7.3495603e-06,0,0.015105403,0
89749980,49,2,0,0.37830985,0,0.8869406,1
92794218,49,2,0,0.81059825,1,0.14539607,0
96477709,49,1,0,0.0,0,0.0,0
103206927,49,14,0,3.9851962e-13,0,1.321373e-07,0
104977964,49,4,0,3.30961e-08,0,1.0122266e-05,0
105289871,49,1,0,9.918198e-10,0,2.0865775e-07,0
105309415,49,2,0,0.20967819,0,0.109485656,0
106877725,49,82,0,4.359017e-18,0,8.165889e-12,0
109383451,49,66,0,4.6998534e-11,0,2.7436535e-08,0
110435615,49,4,0,6.308834e-12,0,4.8836988e-08,0
111526694,49,1,0,4.677474e-05,0,0.0018361212,0
113820630,49,1,0,0.00016510274,0,8.916851e-07,0
114362759,49,1,0,2.8260665e-06,0,7.5654333e-07,0
115309894,49,1,0,0.02017247,0,0.09671271,0
119820263,49,4,1,0.006966048,0,0.0014256557,0
121679856,49,2,0,0.00046545078,0,0.00033915043,0
123148866,49,1,0,0.00022866535,0,2.4809178e-06,0
124241011,49,4,0,5.104752e-09,0,9.961205e-08,0
124606491,49,10,0,1.3979408e-09,0,6.053524e-06,0
127392097,49,2,0,0.016732909,0,0.13312888,0
128417783,49,2,0,8.263219e-05,0,0.004254912,0
143689717,49,3,0,1.2023119e-07,0,0.00042497713,0
147478192,49,1,0,0.05079828,0,0.027790325,0
147587650,49,3,0,7.584347e-08,0,0.00018792333,0
148848600,49,2,0,0.6542119,0,0.1198506,0
149209137,49,6,0,1.02736694e-10,0,6.7212764e-05,0
149843562,49,4,0,1.6705261e-21,0,7.6377665e-35,0
150391411,49,1,0,0.0001876714,0,2.210673e-05,0
151134470,49,1,0,3.3930042e-05,0,4.2574475e-06,0
153968113,49,15,0,1.4674379e-08,0,1.5791444e-05,0
157574659,49,1,0,0.0024969047,0,5.1471998e-05,0
157575175,49,2,0,7.578275e-05,0,2.2506305e-05,0
157578987,49,4,0,0.00022497939,0,0.0004432252,0
157579625,49,13,0,0.043297514,0,0.07507863,0
157579668,49,1,0,0.03939331,0,0.18774103,0
157579674,49,1,0,0.20097408,0,0.7090223,0
157579675,49,4,0,0.022921525,0,0.033607397,0
157579678,49,2,0,0.007919826,0,0.20101914,0
157579684,49,1,0,0.002312469,0,0.06602819,0
157579982,49,4,0,0.010232043,0,0.009183691,0
157581346,49,2,0,2.8602166e-08,0,2.262e-05,0
157581347,49,2,0,5.6314225e-06,0,1.6931002e-05,0
157581359,49,2,0,2.4602056e-09,0,2.813758e-05,0
157581361,49,3,0,2.8663619e-05,0,0.008974887,0
157581524,49,2,0,3.98461e-07,0,0.00029531392,0
157581525,49,1,0,1.459505e-08,0,7.3869276e-05,0
157581526,49,1,0,3.1708564e-06,0,0.00025727833,0
157581531,49,1,0,4.4069495e-19,0,1.610602e-08,0
157581532,49,1,0,2.4133407e-05,0,0.011902392,0
157581541,49,1,0,1.3493767e-05,0,0.0006410274,0
157581542,49,2,0,4.1732513e-08,0,0.00021368005,0
157581549,49,1,0,0.0008836094,0,0.00396275,0
157581550,49,1,0,3.4404238e-07,0,0.00024165178,0
157581561,49,1,0,9.43513e-06,0,0.0031556978,0
157581568,49,2,0,4.1495116e-07,0,0.0002232456,0
157581579,49,1,0,5.979297e-07,0,0.00018190291,0
157581582,49,1,0,1.9516247e-07,0,2.7522094e-05,0
157581680,49,11,0,3.0192941e-05,0,0.00028228856,0
157581697,49,1,0,4.925016e-05,0,0.00014228444,0
157581699,49,4,0,1.8344905e-07,0,3.8068617e-06,0
157581707,49,2,0,8.172601e-09,0,1.6960439e-06,0
157581708,49,1,0,0.010306691,0,0.17261504,0
157584410,49,2,0,0.07349152,0,0.14466938,0
157589239,49,1,0,0.007354938,0,0.038778655,0
157589245,49,1,0,0.0024274532,0,0.08729566,0
157590868,49,4,0,6.342545e-07,0,8.220425e-05,0
157592200,49,3,0,0.003840411,0,0.032294337,0
157592212,49,1,0,0.009198056,0,1.2140973e-05,0
157594782,49,1,0,4.2882843e-07,0,6.46494e-08,0
157594794,49,1,0,9.756421e-07,0,8.4232195e-09,0
157595699,49,1,0,0.00060716673,0,3.574096e-06,0
157595759,49,1,0,0.0007675165,0,2.6225064e-06,0
157596658,49,2,0,0.0149065675,0,0.09944032,0
157596664,49,2,0,0.15116613,0,0.021259062,0
157596720,49,2,0,0.028947793,0,0.22194481,0
157596725,49,2,0,0.26699665,0,0.107268296,0
157596728,49,2,0,0.03794568,0,0.29359117,0
157596730,49,2,0,0.07303341,0,0.24401252,0
157596734,49,2,0,0.09251203,0,0.40390316,0
157596738,49,2,0,0.6974975,0,0.79155934,0
157596907,49,2,0,0.023715662,0,0.87925804,1
157597006,49,2,0,0.4870725,0,0.808816,0
157597009,49,2,0,0.8545347,1,0.9515983,1
157597769,49,1,0,0.70824015,0,0.0023386143,0
157597770,49,2,0,1.1086884e-05,0,0.001002872,0
157597778,49,2,0,0.786423,1,0.9278434,1
157599321,49,2,0,0.0024254113,0,0.3247094,0
157599327,49,2,0,0.003880908,0,0.03707929,0
157599337,49,2,0,0.40945157,0,0.09523361,0
157599341,49,2,0,0.0025584006,0,0.06630095,0
157599342,49,2,0,0.005285471,0,0.044152442,0
157600154,49,1,0,0.0007842986,0,0.0015408304,0
157603772,49,2,0,1.2826361e-05,0,0.0014848645,0
157605352,49,1,0,0.007959736,0,0.0004233977,0
157605714,49,1,0,5.7033644e-06,0,4.2442215e-07,0
157606820,49,1,0,1.8508807e-05,0,2.0962e-06,0
157607141,49,3,0,2.9860435e-05,0,5.2373594e-05,0
157607783,49,21,0,3.7885533e-05,0,0.00093599193,0
157607789,49,1,0,1.39110355e-11,0,6.4001866e-11,0
157607791,49,1,0,1.9559971e-08,0,4.0563805e-08,0
157607805,49,1,0,2.1596169e-17,0,1.1147427e-07,0
157607833,49,2,0,3.5576127e-06,0,3.6844587e-05,0
157616121,49,8,0,7.1003495e-05,0,0.0025579066,0
157617732,49,19,0,0.00024203311,0,0.000120675184,0
157617747,49,2,0,1.1849293e-06,0,4.925139e-07,0
157619070,49,1,0,5.4364164e-06,0,0.00026201713,0
157619071,49,2,0,0.0001182215,0,0.0019718271,0
157621349,49,4,0,0.034065504,0,0.009250459,0
157621354,49,4,0,0.007160327,0,0.0057495646,0
157621690,49,3,0,1.3617145e-05,0,0.001022549,0
157621696,49,3,0,0.0021752734,0,0.00011249318,0
157622998,49,6,0,0.0017345472,0,0.00408885,0
157623001,49,1,0,0.00043852814,0,0.00045932038,0
157623004,49,2,0,0.008438354,0,0.012833551,0
157623005,49,1,0,1.3334286e-06,0,5.744848e-05,0
157623008,49,1,0,2.673218e-06,0,0.0025350351,0
157624987,49,1,0,3.263402e-06,0,0.00028084885,0
157626142,49,1,0,0.0651017,0,0.0016804168,0
157631640,49,2,0,3.2136625e-06,0,1.5460768e-05,0
157631642,49,2,0,1.4837336e-05,0,2.2806738e-05,0
157631750,49,2,0,2.1661237e-06,0,6.436311e-05,0
157632726,49,1,0,1.5190837e-05,0,0.0012111363,0
157634100,49,3,0,0.04628426,0,0.0035781562,0
157634641,49,2,0,0.0006854561,0,0.00012691929,0
157634654,49,2,0,2.7851393e-05,0,3.4882956e-05,0
157634683,49,2,0,0.0013707085,0,5.174619e-06,0
157634688,49,1,0,4.628399e-12,0,6.6674335e-13,0
157636225,49,1,1,0.009732046,0,0.013962279,0
157636230,49,2,1,0.0071066055,0,0.0010671471,0
157636360,49,3,0,0.00045390922,0,0.009152479,0
157638186,49,2,0,1.4552187e-08,0,4.8454014e-05,0
157638189,49,1,0,0.00043694876,0,0.03138688,0
157638199,49,4,0,0.00014301474,0,0.0005372989,0
157638295,49,4,0,0.00043221947,0,0.013946061,0
157639608,49,6,0,1.240792e-07,0,3.964834e-05,0
157653323,49,3,0,0.024677051,0,0.014195569,0
157827208,49,1,0,1.0585885e-05,0,4.051389e-06,0
157838888,49,2,0,0.0066960757,0,0.025186334,0
157855335,49,2,0,0.0032389145,0,0.71047103,0
157855979,49,2,0,0.0002461338,0,6.915458e-06,0
157856400,49,2,0,2.130874e-06,0,0.00037873932,0
157856415,49,1,0,0.00011922362,0,0.0043929997,0
157856713,49,7,0,1.1936712e-09,0,2.6905923e-06,0
157857384,49,3,0,3.190819e-09,0,2.9264145e-06,0
157857401,49,2,0,1.303778e-08,0,8.574143e-06,0
157860539,49,2,0,0.00012934067,0,0.0011212379,0
157864782,49,2,0,1.593603e-08,0,1.0347535e-06,0
157864786,49,2,0,5.0127757e-05,0,0.0070664543,0
157865531,49,2,0,9.561733e-07,0,0.0007831824,0
157867980,49,3,0,2.3276979e-10,0,1.7300763e-05,0
157874159,49,2,0,1.1946363e-06,0,5.5460787e-05,0
157884960,49,3,0,8.946829e-08,0,1.8845596e-05,0
157886930,49,1,0,0.2896919,0,0.0015632557,0
157897055,49,1,0,0.4073206,0,0.7912674,0
157908358,49,1,0,0.0026240267,0,0.021030683,0
157908414,49,2,0,0.0075924816,0,0.0007052066,0
157913836,49,2,0,0.18274255,0,0.88942194,1
157914141,49,2,0,1.0552532e-05,0,0.0007683043,0
157929208,49,152,0,6.933659e-12,0,1.424401e-09,0
157930723,49,68,0,5.7978707e-07,0,3.6261958e-06,0
157946384,49,1,0,0.00030907235,0,0.0003444517,0
157946974,49,1,0,6.8872428e-06,0,0.00026032142,0
157950441,49,2,0,0.20078284,0,0.14579368,0
157955769,49,2,0,4.886242e-06,0,1.430283e-05,0
157966645,49,2,0,0.0039097485,0,0.015564413,0
157976172,49,4,0,0.0040570744,0,0.052569356,0
157995493,49,2,0,0.16662663,0,0.59928274,0
157995799,49,3,0,4.938726e-05,0,3.7091366e-05,0
158269116,49,4,0,0.0016233311,0,0.0025706135,0
158269121,49,1,0,0.003311077,0,0.016376495,0
158269123,49,1,0,0.0050033526,0,0.114011765,0
158269124,49,2,0,0.021795502,0,0.2005852,0
158269130,49,11,0,0.010208355,0,0.013282827,0
158269136,49,1,0,0.0022727966,0,0.24925567,0
158269141,49,1,0,0.019922445,0,0.15023197,0
158269145,49,2,0,0.15621175,0,0.31805372,0
158269147,49,1,0,0.09891918,0,0.36598137,0
158269459,49,1,0,0.00060527446,0,0.018688913,0
158269461,49,1,0,0.0025539317,0,0.08676155,0
158269462,49,1,0,0.0006214316,0,0.012104765,0
158269468,49,1,0,0.019044543,0,0.04651294,0
158269469,49,1,0,0.09584887,0,0.24304521,0
158269480,49,1,0,0.048138265,0,0.54420775,0
158269481,49,1,0,0.03406815,0,0.58689207,0
158269776,49,1,0,0.080218524,0,0.8050806,0
158277093,49,1,0,0.012350465,0,0.0036907082,0
158277527,49,1,0,0.0043168743,0,3.223685e-05,0
158277659,49,2,0,0.0012215333,0,0.00014349665,0
158277669,49,1,0,2.622886e-07,0,0.00024944838,0
158280850,49,1,0,4.2133416e-07,0,6.586125e-05,0
158281816,49,2,0,3.5205622e-16,0,4.0324626e-14,0
158285738,49,1,0,2.534145e-13,0,5.1107066e-12,0
158287009,49,1,0,0.01630176,0,0.05938994,0
158310646,49,4,0,2.3602155e-08,0,0.00015157722,0
158319076,49,2,0,5.4710395e-05,0,0.00065396796,0
158337016,49,1,0,4.037936e-07,0,7.120799e-05,0
158337697,49,1,0,7.478191e-07,0,2.4992913e-05,0
158337784,49,1,0,3.6635697e-07,0,0.001890566,0
158345837,49,1,0,7.794895e-18,0,8.849917e-08,0
158349653,49,6,0,4.882837e-06,0,0.002856106,0
158360758,49,1,1,0.0012661983,0,0.011705994,0
158360779,49,1,1,0.000114178874,0,0.00044234705,0
158361294,49,1,1,0.0012746693,0,0.0025139553,0
158361339,49,1,1,0.013822398,0,0.18568854,0
158361554,49,1,1,0.0060551222,0,0.04952598,0
158362119,49,1,1,0.0011786697,0,0.009568284,0
158362959,49,1,1,0.00074369326,0,0.0030784693,0
158365409,49,1,1,0.003961685,0,0.05706008,0
158365908,49,1,1,0.002593138,0,0.048821792,0
158366067,49,1,1,0.00038505078,0,0.0023303118,0
158367221,49,1,1,0.00062952307,0,0.0031645573,0
158367826,49,1,1,0.00095410703,0,0.005826798,0
158368167,49,1,1,0.0026984683,0,0.013849684,0
158369508,49,1,1,0.0013614277,0,0.0101082735,0
158371756,49,1,1,0.0010748381,0,0.005712455,0
158371767,49,1,1,0.0011790331,0,0.027354112,0
158373268,49,1,1,0.004684416,0,0.03342618,0
158373282,49,1,1,0.000272295,0,0.028767966,0
158373293,49,1,1,0.00071486074,0,0.05857426,0
158373296,49,1,1,8.014881e-05,0,0.0011893361,0
158373311,49,1,1,0.0018551748,0,0.0027537988,0
158373337,49,1,1,0.1065862,0,0.23419121,0
158373606,49,1,1,0.0011225176,0,0.06022688,0
158374219,49,1,1,0.0036645352,0,0.011201123,0
158374239,49,1,1,0.00062831404,0,0.01290209,0
158375075,49,1,1,0.0013356775,0,0.018760746,0
158375088,49,1,1,0.0012380083,0,0.0052312706,0
158375402,49,1,1,0.005560161,0,0.046754394,0
158375408,49,1,1,0.11312185,0,0.3953967,0
158375988,49,1,1,0.001403125,0,0.0059213275,0
158376400,49,1,1,0.00035395517,0,0.0053928886,0
158378208,49,2,1,0.0032904749,0,0.056316666,0
158378210,49,1,1,6.599907e-05,0,0.0056205266,0
158378325,49,1,1,0.00047059066,0,0.022556366,0
158378328,49,1,1,0.0016522974,0,0.051754627,0
158378337,49,1,1,0.028434945,0,0.07533653,0
158381579,49,2,0,0.014950892,0,0.13831134,0
158388394,49,1,0,2.204978e-06,0,2.9015703e-06,0
158388402,49,1,0,0.00032344757,0,0.00023413225,0
158391028,49,1,0,4.7871715e-17,0,4.9789383e-12,0
158391434,49,1,0,4.8009183e-12,0,4.9475302e-11,0
158391449,49,1,0,3.9241572e-18,0,6.9730307e-17,0
158391785,49,1,0,1.9354195e-05,0,0.00024372428,0
158392339,49,1,0,3.3741857e-05,0,0.00018305283,0
158394593,49,1,0,5.1325637e-06,0,0.00042346894,0
158397323,49,1,0,2.4172778e-06,0,3.26226e-06,0
158397612,49,1,0,3.9847993e-05,0,0.00015273965,0
158397925,49,1,0,1.5157738e-07,0,1.9873244e-06,0
158398005,49,1,0,0.0032731441,0,0.0012046208,0
158398494,49,1,0,1.6112237e-05,0,0.0016572159,0
158399717,49,1,0,2.179439e-06,0,1.8905595e-05,0
158400995,49,1,0,1.0151703e-05,0,1.1314514e-05,0
158402512,49,1,0,0.00024871505,0,0.0004896872,0
158402581,49,1,0,0.0036597038,0,0.015364619,0
158402588,49,1,0,0.0025992226,0,0.0057985033,0
158402920,49,1,0,2.6234707e-12,0,2.8494826e-09,0
158404015,49,1,0,9.72508e-07,0,6.8571417e-06,0
158404057,49,1,0,3.812835e-06,0,0.00038221813,0
158404634,49,1,0,0.0009902192,0,0.0012941443,0
158405236,49,1,0,1.7096907e-05,0,0.0004649515,0
158405741,49,1,0,8.266493e-06,0,2.889536e-06,0
158406298,49,1,0,0.031714123,0,0.0024307244,0
158407939,49,1,0,0.004034016,0,0.043237604,0
158573558,49,4,0,0.001115817,0,0.009625826,0
158573780,49,10,0,2.9886808e-06,0,9.49877e-06,0
158574146,49,2,0,3.514196e-05,0,0.0030986094,0
158574276,49,1,0,5.426399e-09,0,3.703419e-06,0
158574291,49,1,0,7.086144e-05,0,0.003621577,0
158574304,49,2,0,1.0125794e-07,0,1.3693599e-05,0
158574309,49,6,0,1.4460099e-09,0,6.006771e-07,0
158574498,49,1,0,0.0012440676,0,0.037056066,0
158574502,49,1,0,4.26979e-08,0,1.9589634e-06,0
158574504,49,3,0,0.004999698,0,0.051427957,0
158574506,49,3,0,0.0038291665,0,0.33766472,0
158574513,49,1,0,7.548545e-05,0,0.010770292,0
158574519,49,1,0,0.006443415,0,0.16491508,0
158574520,49,3,0,0.00424,0,0.92412966,1
158574521,49,1,0,2.904195e-05,0,0.00039687174,0
158574901,49,1,0,0.01137619,0,0.09777002,0
158574917,49,3,0,0.1933215,0,0.18697938,0
158575003,49,2,0,0.086120844,0,0.21529181,0
158575145,49,1,0,0.0036894842,0,0.0120485835,0
158575163,49,6,0,0.085077964,0,0.31740302,0
158577155,49,1,0,0.00041313982,0,2.7984004e-05,0
158577170,49,1,0,3.873092e-05,0,2.8704421e-06,0
158577513,49,1,0,0.001705625,0,0.0018078105,0
158578724,49,1,0,0.004068719,0,7.899945e-05,0
158581014,49,1,0,0.00033882016,0,5.7324783e-06,0
158583653,49,2,0,0.6759648,0,0.34556392,0
158585890,49,1,0,0.00030551897,0,0.026352966,0
158585894,49,2,0,2.0628772e-06,0,5.887147e-06,0
158586297,49,5,0,0.018426435,0,0.0825242,0
158589464,49,3,0,0.77536297,1,0.52597535,0
158589475,49,2,0,5.7083537e-07,0,0.0024931298,0
158589488,49,1,0,1.4180527e-16,0,3.0530563e-07,0
158589499,49,1,0,0.00022352759,0,0.04134367,0
158592508,49,2,0,5.0887866e-06,0,3.813455e-05,0
158592510,49,2,0,3.1318264e-06,0,0.00022091575,0
158594124,49,2,0,5.120953e-07,0,0.00019590059,0
158594127,49,3,0,7.4059767e-07,0,2.059793e-05,0
158594129,49,2,0,0.00012372919,0,0.0016045759,0
158596419,49,9,0,2.4504658e-08,0,5.3016654e-05,0
158596879,49,1,0,0.00019910396,0,0.0038633705,0
158599828,49,3,0,0.03913173,0,0.0038124833,0
158816890,49,2,0,0.078263596,0,0.058796488,0
158921838,49,1,0,0.0053751776,0,0.40881103,0
159028474,49,1,1,0.00094741327,0,0.0023874457,0
159028476,49,1,1,0.0014148388,0,0.011677397,0
159032608,49,1,1,0.0003614065,0,0.0023630338,0
159033509,49,1,1,0.00047468726,0,0.0036805943,0
159033510,49,1,1,0.0039511677,0,0.036331914,0
159033522,49,1,1,0.004315921,0,0.11578176,0
159033526,49,1,1,0.0027396907,0,0.026933866,0
159033864,49,1,1,0.0022766546,0,0.02368947,0
159034545,49,1,1,0.0021704817,0,0.011508457,0
159039040,49,1,1,0.004523557,0,0.02520189,0
159039422,49,1,1,0.060565803,0,0.14297351,0
159041022,49,1,1,0.00015189422,0,0.0006802645,0
159041217,49,1,1,0.00049788837,0,0.0034278948,0
159041245,49,1,1,0.003906786,0,0.008962541,0
159043651,49,1,1,0.00012830587,0,0.0028496832,0
159044411,49,1,0,1.0877228e-05,0,0.0014134167,0
159049871,49,1,1,4.04629e-05,0,0.00064576924,0
159146426,49,1,0,0.00026281702,0,4.780488e-06,0
159159047,49,3,0,3.7481535e-05,0,0.0003567728,0
159209006,49,1,0,0.029343467,0,0.04873939,0
159445618,49,2,0,0.363558,0,0.9047755,1
159446405,49,2,0,0.5238615,0,0.9947423,1
159607593,49,1,0,0.016657587,0,0.0019405632,0
159966577,49,2,0,0.029977256,0,0.1931389,0
159967188,49,2,0,0.00036788368,0,0.00043551516,0
160941665,49,2,0,0.3511504,0,0.5009732,0
161301419,49,2,0,5.2173e-10,0,1.1533413e-05,0
161418188,49,2,0,0.2361968,0,0.045944855,0
161419973,49,2,0,0.39666215,0,0.8704144,1
162151384,49,2,0,0.8547022,1,0.87125677,1
163220740,49,2,0,0.0929647,0,0.39560747,0
164169065,49,5,0,1.2611258e-10,0,2.113342e-06,0
164795847,49,1,0,0.00011108292,0,0.017944138,0
165092713,49,2,0,0.047669232,0,0.114510566,0
165093069,49,13,0,2.0792786e-08,0,1.1733709e-05,0
166366958,49,1,0,7.0166407e-06,0,0.00033876652,0
166556233,49,2,0,0.3781231,0,0.15610044,0
167586018,49,1,0,1.4888426e-06,0,0.0003738259,0
170913500,49,2,0,0.12091485,0,0.13990156,0
171521584,49,2,0,0.9209898,1,0.27589512,0
172534038,49,1,0,0.009938384,0,0.004457708,0
172568115,49,3,0,6.299784e-05,0,1.4595247e-05,0
173148984,49,1,0,0.0006132582,0,0.0076703914,0
173222908,49,2,0,0.72044563,1,0.4498892,0
177602822,49,2,0,0.99171066,1,0.9837499,1
177695304,49,2,0,0.14799659,0,0.21347131,0
178612336,49,1,0,0.8290863,1,0.46736276,0
179125855,49,2,0,0.02551282,0,0.6102673,0
180098540,49,1,0,0.0019718618,0,0.0023573919,0
180098541,49,1,0,0.009601106,0,0.0061314804,0
184411659,49,1,0,1.14882305e-05,0,0.0026992678,0
184955328,49,2,0,9.876015e-06,0,2.0548683e-05,0
186179334,49,1,0,6.440369e-05,0,5.038096e-28,0
186369913,49,2,0,0.012386532,0,0.119689554,0
187110962,49,2,0,2.0833147e-07,0,0.00011950259,0
188618549,49,1,0,0.0004560328,0,0.00085639744,0
188619422,49,2,0,6.8031016e-09,0,8.922075e-06,0
188632741,49,1,0,2.5099731e-09,0,1.9323243e-06,0
188632772,49,1,0,0.0,0,3.8332463e-37,0
188753532,49,2,0,0.00027134005,0,0.00057961064,0
188755263,49,3,0,0.18324849,0,0.4105213,0
188759299,49,1,0,0.00014447943,0,1.5476096e-06,0
188759779,49,3,0,0.008028447,0,0.060616095,0
188772009,49,1,0,1.5129321e-05,0,3.990895e-05,0
188918286,49,2,0,0.0075023538,0,0.1278043,0
188961759,49,2,0,0.062307637,0,0.072311744,0
189092898,49,2,0,0.3847211,0,0.50271255,0
189092998,49,2,0,0.2563648,0,0.29755792,0
189132901,49,2,0,0.0025690028,0,0.2577811,0
189136357,49,2,0,0.00036585308,0,0.01547587,0
189140763,49,2,0,0.001157008,0,0.032087464,0
189154265,49,2,0,6.7693027e-06,0,0.0023822158,0
189189087,49,1,0,2.7875808e-07,0,1.360601e-06,0
189233957,49,1,0,1.569425e-05,0,1.9748304e-05,0
189241730,49,1,0,1.6943511e-06,0,0.000321515,0
189680558,49,1,0,0.059824742,0,0.028029738,0
189680934,49,2,0,0.043623433,0,0.30872455,0
189702177,49,2,0,0.047659982,0,0.92417735,1
189713241,49,2,0,0.019701682,0,0.037568234,0
189718088,49,2,0,0.0825917,0,0.4486686,0
189724493,49,2,0,0.032347653,0,0.38105533,0
189727565,49,2,0,0.023219079,0,0.10190746,0
189728121,49,2,0,0.02203434,0,0.032412525,0
189732109,49,2,0,0.11599931,0,0.33728287,0
189739182,49,2,0,0.08523994,0,0.19997677,0
189776287,49,2,0,0.9754135,1,0.3217075,0
189777417,49,2,0,0.4309342,0,0.71672887,0
189778396,49,2,0,0.9682353,1,0.7471723,0
189778399,49,2,0,0.7664379,1,0.22504741,0
189807102,49,2,0,0.2124289,0,0.056874428,0
190135471,49,25,1,0.7469283,1,0.5236628,0
191863943,49,1,0,9.259433e-08,0,4.372139e-06,0
192018464,49,2,0,0.31139505,0,0.92269534,1
193968898,49,2,0,0.04721201,0,0.39793807,0
193978703,49,1,0,0.0003452504,0,0.009747977,0
193978718,49,1,0,0.017201109,0,0.6507775,0
194010390,49,1,0,0.0061671743,0,0.08817994,0
194015927,49,3,0,0.844388,1,0.60004675,0
194018582,49,1,0,2.8822733e-06,0,2.8606096e-06,0
194019720,49,2,0,0.05177626,0,0.040406242,0
194020062,49,3,0,1.0580525e-09,0,6.123801e-08,0
194027144,49,2,0,0.26952857,0,0.8739355,1
194027152,49,2,0,0.993086,1,0.98927504,1
194027703,49,3,0,0.040251452,0,0.298649,0
194027717,49,2,0,0.753647,1,0.9447799,1
194027724,49,3,0,0.16780362,0,0.33756828,0
194030265,49,2,0,0.1249996,0,0.115101546,0
194052845,49,1,0,0.0025197915,0,0.011227042,0
194053458,49,1,0,1.4959566e-05,0,0.00194261,0
194064275,49,2,0,0.007355238,0,0.101676844,0
194064281,49,2,0,0.0643712,0,0.028993394,0
194064392,49,2,0,0.5816294,0,0.036036134,0
194064396,49,2,0,0.0134350285,0,0.010461807,0
194064667,49,2,0,0.007394508,0,0.054416653,0
194064677,49,2,0,0.2349906,0,0.27693093,0
194065309,49,3,0,0.007948436,0,0.18552242,0
194065318,49,2,0,0.007349659,0,0.022523148,0
194065325,49,2,0,0.008281555,0,0.034762733,0
194071359,49,1,0,7.919194e-24,0,1.5883334e-10,0
194089125,49,1,0,0.00034451653,0,0.0020517479,0
194089472,49,1,0,0.00032212064,0,0.0012016074,0
194315731,49,1,0,0.00018533261,0,1.6699223e-05,0
194320795,49,1,0,0.0025895317,0,0.0009497603,0
194321967,49,1,0,1.5269283e-05,0,1.8390901e-06,0
194323477,49,1,0,2.7951673e-06,0,4.834555e-05,0
194325790,49,1,0,2.1130247e-05,0,5.7180285e-05,0
194326090,49,1,0,2.793854e-05,0,3.121962e-06,0
194328445,49,2,0,0.9360259,1,0.45973086,0
194331394,49,2,0,0.57808083,0,0.20772254,0
194331859,49,2,0,0.36719036,0,0.027337113,0
194331865,49,2,0,0.123700105,0,0.55326784,0
194333989,49,2,0,0.00846233,0,0.054318678,0
194334173,49,2,0,0.46234182,0,0.03337569,0
194334180,49,2,0,0.04681602,0,0.068678126,0
194334187,49,2,0,0.03312009,0,0.21491358,0
194334301,49,2,0,0.023918418,0,0.6477785,0
194334312,49,2,0,0.027355537,0,0.25711632,0
194334585,49,2,0,0.041088805,0,0.07648518,0
194334621,49,2,0,0.053681675,0,0.55663586,0
194335206,49,2,0,0.03281895,0,0.19129142,0
194335216,49,2,0,6.2642954e-07,0,9.175471e-06,0
194345639,49,2,0,0.0021282244,0,0.002076468,0
67632590,35,1,0,0.00034903223,0,0.051168393,0
67604352,35,1,0,0.0070070694,0,0.021787899,0
54852568,35,2,0,0.00023558711,0,0.011571487,0
64166774,35,1,0,0.027021874,0,0.019913891,0
67636538,35,1,0,0.00011526263,0,0.0025596374,0
67632593,35,1,0,0.16886432,0,0.43459192,0
67648478,35,1,0,0.0007727171,0,0.006523358,0
64186383,35,1,0,0.0042729666,0,0.016827408,0
64183303,35,1,0,0.1183722,0,0.07006501,0
200636768,36,2,0,5.40595e-22,0,0.0,0
216521845,36,1,0,2.8918644e-22,0,4.0578304e-18,0
74020470,36,1,0,2.129165e-22,0,0.0,0
198814121,36,2,0,1.2013675e-22,0,0.0,0
200964074,36,1,0,1.0483152e-22,0,0.0,0
72898028,36,1,0,7.829939e-19,0,0.0,0
51968400,36,2,0,7.880903e-21,0,0.0,0
200962778,36,1,0,3.6005624e-22,0,0.0,0
200969687,36,1,0,1.0422945e-21,0,0.0,0
199321563,36,2,0,3.732072e-22,0,0.0,0
200620876,36,2,0,3.5362975e-23,0,0.0,0
70787113,36,1,0,2.3802983e-22,0,0.0,0
200979654,36,1,0,2.7135803e-21,0,0.0,0
200624815,36,2,0,6.078097e-22,0,0.0,0
200984698,36,1,0,6.44082e-22,0,0.0,0
198829051,36,3,0,3.0255537e-22,0,0.0,0
200968946,36,1,0,9.939419e-23,0,0.0,0
200970408,36,1,0,2.381043e-22,0,0.0,0
200028647,36,1,0,8.029578e-05,0,0.0035747543,0
200978063,36,1,0,3.8868e-22,0,0.0,0
199321560,36,2,0,1.8116331e-19,0,0.0,0
200634024,36,2,0,6.6959877e-22,0,0.0,0
73762180,36,1,0,3.9063163e-22,0,0.0,0
199321551,36,2,0,1.172393e-21,0,0.0,0
200979315,36,1,0,1.4375342e-17,0,0.0,0
72898301,36,1,0,2.542552e-19,0,0.0,0
65248246,36,1,0,2.4506142e-24,0,0.0,0
200966481,36,1,0,4.076687e-23,0,0.0,0
200966625,36,1,0,1.0042205e-22,0,0.0,0
200980514,36,1,0,7.034002e-23,0,0.0,0
200981672,36,1,0,9.66682e-23,0,0.0,0
74814838,36,1,0,1.0443391e-23,0,5.995706e-20,0
200967019,36,1,0,6.5529104e-23,0,0.0,0
200975823,36,1,0,2.530955e-22,0,0.0,0
200964086,36,1,0,4.917088e-22,0,0.0,0
200043601,36,1,0,0.003144169,0,0.02404754,0
200970024,36,1,0,4.8597062e-08,0,3.7203329e-06,0
200983054,36,1,0,2.1729511e-20,0,0.0,0
199321362,36,2,0,1.511079e-20,0,0.0,0
84942600,36,1,0,1.669091e-23,0,0.0,0
39139477,36,1,0,0.0002053054,0,0.0031431736,0
200982478,36,1,0,7.263485e-09,0,2.5016163e-05,0
199321378,36,2,0,1.0008709e-21,0,0.0,0
78903789,36,2,0,2.2096764e-16,0,0.0,0
199321359,36,2,0,1.4696241e-21,0,0.0,0
200638759,36,2,0,5.301534e-21,0,0.0,0
202932695,36,2,0,1.6833264e-21,0,0.0,0
200968752,36,1,0,2.4054473e-21,0,0.0,0
33426175,36,2,0,1.5831849e-22,0,0.0,0
201003726,36,1,0,5.183896e-16,0,4.6621246e-10,0
18064411,36,1,0,4.3329655e-21,0,0.0,0
200984335,36,1,0,7.220038e-22,0,0.0,0
201071186,36,1,0,1.4294866e-22,0,2.7046862e-18,0
199321380,36,2,0,4.5613407e-22,0,0.0,0
49692276,36,1,0,2.9160452e-23,0,0.0,0
9500747,36,1,0,6.412648e-23,0,0.0,0
118258721,36,1,0,2.8491824e-21,0,0.0,0
200978865,36,1,0,7.8920074e-20,0,0.0,0
72894255,36,1,0,1.0418827e-18,0,0.0,0
199988983,36,1,0,0.016719026,0,0.08501271,0
100457195,36,2,0,8.1240435e-18,0,0.0,0
200964878,36,1,0,3.6840493e-22,0,0.0,0
200982516,36,1,0,1.405109e-22,0,0.0,0
216521504,36,1,0,7.2965645e-23,0,8.9833676e-20,0
199321557,36,2,0,3.6492776e-22,0,0.0,0
200637376,36,2,0,5.215478e-22,0,0.0,0
74814093,36,1,0,6.404651e-24,0,0.0,0
200622136,36,2,0,4.5238504e-18,0,0.0,0
38111789,36,1,0,0.11163156,0,0.32452863,0
106463807,36,1,0,1.2353815e-23,0,0.0,0
200983476,36,1,0,3.5156215e-17,0,0.0,0
198793596,36,2,0,1.0586703e-24,0,0.0,0
200982528,36,1,0,3.2303334e-21,0,0.0,0
200980507,36,1,0,4.529866e-23,0,0.0,0
200635038,36,2,0,6.1310275e-22,0,0.0,0
200978423,36,1,0,1.5216217e-23,0,0.0,0
203514078,36,2,0,2.219992e-24,0,0.0,0
200963589,36,1,0,8.400549e-20,0,0.0,0
200979610,36,1,0,2.907017e-22,0,0.0,0
200969572,36,1,0,8.212703e-23,0,0.0,0
198814109,36,2,0,6.4328855e-23,0,0.0,0
132761454,36,1,0,3.7432337e-23,0,0.0,0
46116600,36,1,0,0.0001790498,0,0.0022341744,0
73187140,36,1,0,2.256878e-18,0,0.0,0
106025193,36,1,0,7.289025e-23,0,0.0,0
46201285,36,1,0,1.4892678e-23,0,0.0,0
57629819,36,1,0,1.330833e-22,0,0.0,0
198829052,36,3,0,4.0132693e-23,0,0.0,0
55903932,36,1,0,0.09056232,0,0.122228526,0
216521506,36,1,0,9.3316386e-21,0,6.7193316e-20,0
200981216,36,1,0,9.61149e-21,0,0.0,0
200982513,36,1,0,3.4995277e-23,0,0.0,0
72909388,36,1,0,1.2370026e-17,0,0.0,0
71363968,36,1,0,7.4636304e-08,0,1.0777288e-05,0
200978895,36,1,0,3.032095e-21,0,0.0,0
200976986,36,1,0,1.4925445e-22,0,0.0,0
201998234,36,1,0,3.9017295e-22,0,9.0495084e-20,0
200984317,36,1,0,6.990785e-20,0,0.0,0
200057747,36,1,0,0.062070634,0,0.0952723,0
200970414,36,1,0,1.86771e-09,0,1.0330297e-05,0
200978491,36,1,0,1.8930686e-22,0,0.0,0
200983456,36,1,0,9.288518e-22,0,0.0,0
200967213,36,1,0,1.6127055e-22,0,0.0,0
202010503,36,1,0,6.2320683e-22,0,1.338625e-19,0
74020318,36,1,0,3.1171852e-19,0,0.0,0
215052628,36,1,0,7.19282e-23,0,4.35471e-19,0
74020474,36,1,0,1.665913e-20,0,0.0,0
6727794,36,1,0,4.7178004e-21,0,0.0,0
200979643,36,1,0,1.6428523e-21,0,0.0,0
52193370,36,1,0,5.1334443e-22,0,0.0,0
212739621,36,1,0,5.5451373e-22,0,9.290831e-20,0
216559778,36,1,0,1.8706387e-11,0,1.6228834e-09,0
29222639,37,1,0,1.0255125e-22,0,0.0,0
29237239,37,1,0,1.6405014e-24,0,0.0,0
29240598,37,1,0,1.5776429e-24,0,0.0,0
30089221,37,1,0,6.120666e-25,0,0.0,0
4833857,37,1,0,1.0448462e-21,0,0.0,0
30095697,37,1,0,0.0066911075,0,0.05376995,0
29236627,37,1,0,3.2852562e-24,0,0.0,0
23308178,37,1,0,8.802977e-24,0,0.0,0
29236903,37,1,0,3.5548782e-25,0,0.0,0
19862275,37,1,0,2.0007903e-23,0,0.0,0
30100202,37,2,0,4.841622e-18,0,0.0,0
28802176,37,1,0,1.0851905e-17,0,4.0986522e-18,0
10035715,37,1,0,8.044026e-24,0,0.0,0
30119104,37,2,0,3.4735898e-17,0,0.0,0
29240285,37,1,0,2.5091883e-24,0,0.0,0
30083904,37,1,0,1.5775586e-24,0,0.0,0
29251176,37,1,0,5.668324e-23,0,0.0,0
29107406,37,1,0,5.356514e-24,0,0.0,0
29251196,37,1,0,1.10589014e-23,0,0.0,0
29236673,37,1,0,4.237643e-24,0,0.0,0
29532367,37,1,0,4.6889217e-18,0,2.0802124e-18,0
5714238,37,1,0,5.086768e-18,0,0.0,0
30118114,37,1,0,3.253777e-24,0,0.0,0
29259799,37,1,0,3.520709e-24,0,0.0,0
29238214,37,1,0,9.536455e-25,0,0.0,0
22076384,37,1,0,2.219952e-22,0,0.0,0
29237265,37,1,0,3.908729e-23,0,0.0,0
29253866,37,1,0,2.4492869e-24,0,0.0,0
29238776,37,1,0,1.20991675e-23,0,0.0,0
19862566,37,1,0,9.781058e-25,0,0.0,0
30115667,37,1,0,2.268887e-24,0,0.0,0
30088118,37,1,0,1.1087497e-23,0,0.0,0
29513341,37,1,0,8.984096e-18,0,1.1420477e-17,0
9637991,37,1,0,7.7494466e-25,0,0.0,0
30123670,37,1,0,9.263845e-24,0,0.0,0
29211497,37,1,0,3.7678584e-24,0,0.0,0
38864315,37,1,0,6.1916963e-20,0,0.0,0
29232206,37,1,0,6.0986675e-24,0,0.0,0
29257723,37,1,0,1.4625696e-24,0,0.0,0
23308171,37,1,0,2.6735973e-23,0,0.0,0
29232119,37,1,0,3.6173094e-26,0,0.0,0
29235148,37,1,0,1.5350249e-23,0,0.0,0
29703116,37,1,0,7.076707e-25,0,0.0,0
29238551,37,1,0,7.3360485e-25,0,0.0,0
29234700,37,1,0,2.7346593e-25,0,0.0,0
29264993,37,1,0,8.1660544e-25,0,0.0,0
18797507,37,1,0,4.1329158e-23,0,0.0,0
29210136,37,1,0,2.1442696e-21,0,0.0,0
30121375,37,1,0,0.0022488975,0,0.010874058,0
29239525,37,1,0,6.2633916e-20,0,0.0,0
29239520,37,1,0,3.6377776e-25,0,0.0,0
29232380,37,1,0,2.1268897e-24,0,0.0,0
114629244,38,1,0,4.0727212e-24,0,4.64462e-22,0
116103139,38,1,0,4.8820525e-26,0,0.0,0
55534219,38,1,0,2.7490332e-23,0,0.0,0
114652354,38,1,0,1.0943204e-23,0,0.0,0
113947689,38,1,0,1.4080393e-21,0,0.0,0
77118140,38,1,0,1.5558648e-23,0,0.0,0
28229545,38,1,0,3.2243129e-21,0,0.0,0
116822460,38,1,0,1.9556875e-23,0,0.0,0
33057580,38,1,0,4.1914e-19,0,0.0,0
9947672,39,1,0,8.171536e-07,0,1.002087e-07,0
148633702,39,1,0,3.4110434e-19,0,1.5002132e-07,0
149570243,39,2,0,4.65921e-06,0,0.00024404009,0
149569108,39,1,0,0.013563775,0,0.056719124,0
153365280,39,1,0,1.6148351e-07,0,0.000292145,0
75405043,39,1,0,0.008375058,0,0.045429915,0
153331582,39,1,0,2.4739177e-06,0,0.00039731595,0
75404761,39,1,0,0.04048405,0,0.1337413,0
149569116,39,1,0,0.012955226,0,0.014800128,0
149142484,39,1,0,2.5768916e-28,0,0.0,0
149569581,39,2,0,4.8352244e-06,0,0.00029613436,0
149250123,39,1,0,0.010963882,0,0.09432325,0
148568433,39,1,0,0.010389378,0,0.045300025,0
60731573,39,1,0,0.03995926,0,0.15800299,0
153370646,39,1,0,2.6296364e-06,0,0.014012425,0
149556728,39,1,0,2.3011748e-30,0,0.0,0
149569452,39,1,0,0.019502128,0,0.06816928,0
44421661,39,1,0,7.897159e-05,0,0.034268532,0
152338737,39,1,0,0.04554679,0,0.111806296,0
149569579,39,1,0,0.0005072639,0,0.0010899184,0
153371287,39,1,0,0.0099145,0,0.014883442,0
148568921,39,1,0,0.015398048,0,0.0177099,0
153374395,39,1,0,1.3970705e-06,0,5.0860564e-07,0
148568442,39,1,0,0.007942494,0,0.031705864,0
148699223,39,1,0,0.00859056,0,0.011211014,0
151777042,39,1,0,0.05593563,0,0.054633286,0
118179866,39,1,0,1.266799e-05,0,2.1868925e-06,0
148652884,39,1,0,0.0026303174,0,0.0029460713,0
152355744,39,1,0,0.0009184752,0,0.07400165,0
9802715,39,1,0,0.00022070944,0,0.00071292586,0
122251077,39,1,0,0.024401883,0,0.11353884,0
148568426,39,1,0,0.0049362844,0,0.0062764417,0
36729550,40,1,0,0.0,0,0.0,0
97830398,40,1,0,1.5437594e-35,0,0.0,0
96567151,40,1,0,0.0,0,0.0,0
12806658,41,1,0,0.00023775018,0,0.005372731,0
12978676,41,1,0,0.0045285844,0,0.0420579,0
12981574,41,1,0,0.004575934,0,0.04536491,0
12981956,41,1,0,0.00053199066,0,0.016127136,0
12806657,41,1,0,0.00020954895,0,0.004824442,0
71455569,42,1,0,0.0,0,0.0,0
42874117,42,1,0,0.00069918693,0,2.5159357e-09,0
73248748,42,1,0,0.16768153,0,0.21512417,0
72654376,42,1,0,0.00059656956,0,0.0045437925,0
73268173,42,1,0,0.00060289894,0,7.3861757e-09,0
73250570,42,1,0,2.7016617e-05,0,0.020347906,0
73250018,42,1,0,0.001493603,0,0.02072872,0
73252045,42,1,0,0.065054715,0,0.044358835,0
72681797,42,1,0,0.00013512025,0,0.0029085476,0
3141441,42,1,0,0.15911162,0,1.6250144e-07,0
72654611,42,1,0,0.00015436515,0,0.01804315,0
73267335,42,1,0,0.00016917363,0,0.034969844,0
98652913,43,2,0,0.00058421184,0,1.0497759e-05,0
95010512,43,2,0,0.00043007714,0,1.8071336e-05,0
98652753,43,2,0,1.7910857e-07,0,7.038427e-09,0
98640583,43,2,0,0.00074339856,0,1.0030342e-05,0
98638916,43,2,0,4.125795e-06,0,2.752053e-07,0
98651777,43,2,0,0.0005561358,0,2.953782e-05,0
91974807,43,2,0,0.000482475,0,1.6406782e-05,0
94073046,43,1,0,0.030092277,0,0.011425117,0
98652756,43,2,0,2.3550867e-05,0,1.4187178e-07,0
94942960,43,1,0,7.9534836e-08,0,3.0139404e-08,0
98651778,43,2,0,0.00044835577,0,3.0302238e-06,0
94122042,43,1,0,3.517312e-07,0,7.367083e-06,0
94282919,43,2,0,0.00291788,0,2.1254714e-06,0
98652912,43,2,0,0.0008499037,0,5.1824227e-06,0
94131636,43,1,0,6.2861486e-06,0,0.0002176801,0
74344109,43,1,0,7.692858e-05,0,2.2342198e-05,0
94300954,43,2,0,0.00012032279,0,5.4956524e-07,0
27544977,43,2,0,4.1513426e-06,0,1.4413864e-07,0
94074607,43,1,0,0.0032606607,0,0.00086200266,0
98663456,43,2,0,2.1183705e-06,0,9.5115404e-08,0
90239546,43,1,0,2.3805867e-06,0,3.6662152e-07,0
94106222,43,1,0,9.877412e-05,0,0.00025349692,0
94076823,43,1,0,0.0075865956,0,0.004930306,0
98640582,43,2,0,9.2304035e-06,0,2.8914857e-07,0
94117759,43,1,0,5.216776e-06,0,0.00017665482,0
92041247,43,2,0,0.001388202,0,1.2718139e-05,0
94121660,43,1,0,5.74775e-07,0,5.837997e-06,0
94074322,43,1,0,5.3076774e-06,0,1.9251856e-06,0
94119524,43,1,0,4.8466734e-07,0,3.2361968e-06,0
49027294,43,1,0,1.3968746e-20,0,8.214933e-07,0
94106235,43,1,0,2.3057884e-05,0,0.0003518934,0
94105706,43,1,0,1.0155362e-05,0,8.7678236e-05,0
94122204,43,1,0,2.0172442e-06,0,4.0444454e-05,0
94075210,43,1,0,2.592702e-06,0,5.0826848e-06,0
94129856,43,1,0,3.1340314e-05,0,0.00022326858,0
94120624,43,1,0,1.5858275e-07,0,2.272322e-05,0
94117146,43,1,0,7.572711e-08,0,1.4030295e-06,0
99259921,43,1,0,1.1645145e-10,0,1.1122441e-09,0
98652586,43,2,0,3.820384e-06,0,1.2339395e-07,0
94280719,43,1,0,0.00075515587,0,3.2881535e-06,0
94074600,43,1,0,0.0016662134,0,0.0023046471,0
94292248,43,1,0,0.0001138461,0,4.7524773e-07,0
94075697,43,1,0,3.0533581e-06,0,6.677847e-07,0
105848201,44,2,0,0.0021084545,0,0.0016257594,0
106409581,44,1,0,4.18807e-05,0,0.0023634569,0
105857991,44,2,0,0.0004653428,0,0.0012972968,0
105848184,44,2,0,0.0020234624,0,0.0012137139,0
105974994,44,1,0,3.4480215e-15,0,3.9360893e-07,0
106003750,44,1,0,0.0,0,0.0,0
105788970,44,1,0,0.041449253,0,0.34285042,0
106409331,44,1,0,1.1609302e-05,0,0.00011292792,0
105858206,44,2,0,2.6436282e-05,0,0.0064995787,0
105858784,44,2,0,1.8586012e-05,0,0.0005737394,0
105785721,44,1,0,0.01991245,0,0.27159783,0
106003753,44,1,0,0.0,0,0.0,0
79587724,44,1,0,0.007323652,0,0.06857507,0
78828422,45,1,0,5.9668993e-24,0,0.0,0
148750534,45,1,0,0.0012680605,0,0.022130484,0
155720780,45,1,0,0.0001876664,0,0.009565627,0
164756218,45,1,0,0.0021287096,0,0.13995233,0
121098985,45,1,0,0.025392096,0,0.08972107,0
155748671,45,1,0,2.3544773e-24,0,0.0,0
155661727,45,1,0,1.1945611e-25,0,0.0,0
156222213,45,1,0,2.4947194e-24,0,0.0,0
155586758,45,1,0,3.1893067e-26,0,2.0923149e-20,0
156289339,45,1,0,0.009686204,0,0.026316341,0
155794863,45,1,0,0.005100851,0,0.033945255,0
32997128,45,1,0,4.5196973e-24,0,0.0,0
155655480,45,1,0,2.3516956e-23,0,0.0,0
164756237,45,1,0,0.00065819983,0,0.03329829,0
155586757,45,1,0,5.424989e-25,0,4.0071278e-19,0
155720769,45,1,0,7.5145996e-26,0,3.485132e-20,0
155672475,45,1,0,5.0007657e-06,0,0.00023056915,0
164756230,45,1,0,0.037306067,0,0.31251758,0
155586753,45,1,0,1.9063562e-25,0,6.204985e-20,0
155670112,45,1,0,1.7718999e-22,0,2.940776e-39,0
155747593,45,1,0,2.0371025e-23,0,0.0,0
156289334,45,1,0,0.0017096951,0,0.03030076,0
155668583,45,1,0,2.2677426e-26,0,2.4837377e-20,0
63078865,46,1,0,0.00010754598,0,7.645859e-06,0
219399167,47,1,0,3.0262502e-08,0,0.0,0
218128783,47,2,0,6.571991e-07,0,0.0,0
218307607,47,1,0,1.774584e-05,0,0.00021686638,0
187716426,47,1,0,1.1462127e-07,0,0.0,0
218128752,47,2,0,1.7381284e-07,0,0.0,0
218647960,47,1,0,0.0037718532,0,0.0036130028,0
218122643,47,1,0,7.849462e-09,0,0.0,0
219394523,47,1,0,3.7147974e-08,0,0.0,0
218307592,47,1,0,1.2422319e-05,0,0.00018073987,0
129788216,47,1,0,7.001756e-08,0,0.0,0
