index,Aggregate_feature_1,Aggregate_feature_2,Aggregate_feature_3,Aggregate_feature_4,Aggregate_feature_5,Aggregate_feature_6,Aggregate_feature_7,Aggregate_feature_8,Aggregate_feature_9,Aggregate_feature_10,Aggregate_feature_11,Aggregate_feature_12,Aggregate_feature_13,Aggregate_feature_14,Aggregate_feature_15,Aggregate_feature_16,Aggregate_feature_17,Aggregate_feature_18,Aggregate_feature_19,Aggregate_feature_20,Aggregate_feature_21,Aggregate_feature_22,Aggregate_feature_23,Aggregate_feature_24,Aggregate_feature_25,Aggregate_feature_26,Aggregate_feature_27,Aggregate_feature_28,Aggregate_feature_29,Aggregate_feature_30,Aggregate_feature_31,Aggregate_feature_32,Aggregate_feature_33,Aggregate_feature_34,Aggregate_feature_35,Aggregate_feature_36,Aggregate_feature_37,Aggregate_feature_38,Aggregate_feature_39,Aggregate_feature_40,Aggregate_feature_41,Aggregate_feature_42,Aggregate_feature_43,Aggregate_feature_44,Aggregate_feature_45,Aggregate_feature_46,Aggregate_feature_47,Aggregate_feature_48,Aggregate_feature_49,Aggregate_feature_50,Aggregate_feature_51,Aggregate_feature_52,Aggregate_feature_53,Aggregate_feature_54,Aggregate_feature_55,Aggregate_feature_56,Aggregate_feature_57,Aggregate_feature_58,Aggregate_feature_59,Aggregate_feature_60,Aggregate_feature_61,Aggregate_feature_62,Aggregate_feature_63,Aggregate_feature_64,Aggregate_feature_65,Aggregate_feature_66,Aggregate_feature_67,Aggregate_feature_68,Aggregate_feature_69,Aggregate_feature_70,Aggregate_feature_71,Aggregate_feature_72
Aggregate_feature_1,1.0,0.6234059798271039,-0.02820858756479056,0.9783015522058185,0.007095723403341052,0.005532887812592417,0.033236560175020566,0.03126592919318446,-0.015864262832571818,0.032044476848331005,-0.0018185323334129076,-0.0010283161126527175,0.0544947762211851,-0.0004493873927379183,-0.03951818895417423,0.03664567612249246,-0.002595766235512558,-0.002792933952937981,0.06023793258030019,-0.008081078836376205,-0.08505002162542709,0.02674925257755675,-0.004805936284296703,-0.004890726202890346,0.00730060569859844,-0.028174645851865465,-0.036349842314916316,-0.003397201299469708,-0.007791673932566219,-0.008752889600646702,0.1430360508094142,0.08104874030959734,-0.015231982084784738,0.12308854754944076,0.0051307790688025256,0.004779603039215762,0.01911751048877936,0.05490977581030643,0.04147415420778701,0.03566495277810551,0.004013007493766641,0.0058436764137019,0.03194595839097433,0.03671059098014572,0.02052724008892977,0.034849898617055834,-0.002528276099505964,-0.005007465564466805,0.008790203735060039,0.0298506922560056,0.02621124337221879,0.022824241787233652,-0.007032080055776804,-0.00775944493455325,0.012276620747279785,0.01491618407487676,-0.0091465313262913,0.01721012316873609,0.0014905954401841332,0.0021661109809955835,0.0047173611593998915,0.018108568385044318,0.015107160856013248,0.00949435882892513,-0.002570784354182235,-0.002959149622736867,-0.013484461861175596,-0.0007801484393313291,0.00022295691414795055,-0.0005402913249110599,-0.004512433133490532,-0.004698944495121292
Aggregate_feature_2,0.6234059798271039,1.0,0.5761216286675706,0.697520018628572,0.0013472482859820077,0.006981849371291693,-0.0012020801938250588,0.008874829441400068,0.032866832266546936,0.00718074883862561,0.017465219281463825,0.019972054714950283,-0.0006737666183633844,0.09978179730907469,0.05941274361486666,0.014237667205979692,-0.00436489742523643,-0.0035648920929765332,-0.06999863612232919,0.048646290487445794,0.08721484264531983,-0.0045349288686700445,-0.0009452376567263348,-0.000942922119721108,-0.012123867283071701,0.12333540787133647,0.08080135160525223,0.002189309956630013,0.0069196115900427195,0.008422137412377266,0.06753229964150581,0.15930289572961456,0.12668290755922362,0.11447955270905555,0.004604888349839972,0.005484563629684645,0.08416981511876602,0.11758510509406621,0.08178798465975413,0.08088899629545128,-0.0034636108329267443,-0.0017776874517168772,0.008376489804166599,0.012951437646039454,-0.007335596177364167,0.00588203198748812,0.007134771688158927,0.006007071214425116,-0.005415144532904753,0.06986087676380656,0.03850474091927567,0.02710616642906848,0.012634743691947274,0.013522797594962242,-0.029441095954791333,0.014631328720979404,0.0025236374389873816,0.00029881309930322167,0.0060326654944707625,0.006517582099957463,-0.01675904150386967,0.0461323320009486,0.0222226894845005,0.001492457889965745,0.016084945167966012,0.017719372893005025,0.01753643321974336,0.06435683626538335,0.05840260991928874,0.049259149981114206,0.0026725923988131636,0.0033549064313183694
Aggregate_feature_3,-0.02820858756479056,0.5761216286675706,1.0,0.16140023758516037,-0.016597851057644993,-0.015600074656864462,-0.08124427230697352,-0.06905490249827209,0.06255848310103775,-0.0717998456362599,0.03786954049041695,0.04037276646735915,-0.0613039045992082,0.07662085314620384,0.11520666604103451,-0.019499914941358762,-0.012771708062624145,-0.015326817531555422,-0.17939789820095695,0.023770568085757508,0.23455055367937594,-0.0796453802160391,-0.0016883067275342163,-0.0020980346112524063,-0.029517721746793027,0.10950523160469817,0.12826052477639266,0.004960598341609765,0.039179798218443314,0.041010161417046644,-0.04334272510026798,0.22108521440440895,0.33662203936159907,0.09958028660659296,-0.006632164716733625,-0.009192150874153066,0.05543121955413981,0.10897174011619246,0.08200666589446601,0.07865624634301892,-0.035658175862936174,-0.03490324970875976,-0.06794330596523518,-0.0679686053594255,-0.0431090231443209,-0.07493810198597287,0.004869587760587888,0.0032798104801189283,-0.022552668488565058,0.026088695096428433,-0.0032272190692981544,-0.00907546750266972,0.012979692644799957,0.014026575337729897,-0.1010508277141476,-0.050036241515665277,0.021985341998472446,-0.07813766230019795,-0.017929454291190965,-0.01838505908653597,-0.030973793582835273,0.014957704137267032,-0.0032629453722966303,-0.022351608350680365,0.009700615278062482,0.01142560773033094,0.017082835170815172,0.055216672774377654,0.048647234432369825,0.03873225551921029,0.01054857678755015,0.011018394601088893
Aggregate_feature_4,0.9783015522058185,0.697520018628572,0.16140023758516037,1.0,0.0012429908149948672,-0.0008046439661797242,0.013500194917170534,0.012669250643206193,-0.006997662675040813,0.013138554611640721,0.0051315614906392625,0.005975680913252421,0.04066141328088279,0.011331978436161995,-0.014776142665116659,0.033234885139608865,-0.00417601150602817,-0.005155076003292876,0.020880712853071432,-0.009093656961826442,-0.03606046813657601,0.005390862121284743,-0.003997826601028212,-0.004174536921390821,0.0009260441311388331,-0.013054439335154908,-0.012425854317714683,-0.0026049727555972355,0.0022176144737449137,0.0013833190548816915,0.13154579750066908,0.1386888100964578,0.07319683828516481,0.155390538344362,0.001427442898366297,0.00035862938064677285,0.02877511805852798,0.07297143453997079,0.05603047848096961,0.04995743389540045,-0.006075535372331908,-0.004111510775585269,0.01373744448684115,0.018038239466568025,0.010314151311215682,0.015127791944745467,-0.0022246728110313714,-0.005123239308270936,0.0035610906780703896,0.03077747199272844,0.022790307956117563,0.01860582563884795,-0.00550244848050605,-0.006085449409164007,-0.013024252691363992,-0.0036535256565376328,-0.006207553697173348,-0.006689584513619622,-0.0037962327704867296,-0.0032221449238913668,-0.0013049507540599298,0.017360152849886432,0.011830293837739226,0.0031038314576753248,-0.002238224937387087,-0.002314246078521381,-0.010365577037468585,0.002892833049454697,0.0028938101461404584,0.0013150548573318429,-0.002498182716183516,-0.002612633010282371
Aggregate_feature_5,0.007095723403341052,0.0013472482859820077,-0.016597851057644993,0.0012429908149948672,1.0,0.9683306871191849,0.06739040953705981,0.07065094885941783,0.00032509137638260543,0.06995037992387768,-0.03621386777871879,-0.03779493169440283,0.018361875350655078,0.006970492212720333,-0.012448257577734946,0.01371399376942765,0.19527181481653427,0.18828566347055745,0.05956903606501434,0.07476472328898297,0.0030863470848807003,0.07135975418528073,0.12164678352576878,0.12312560698162599,0.009011162384196409,0.012190138523328327,0.006368192140867886,0.01035043879712031,-0.04725429874220904,-0.0563923903973998,0.009760249304206794,-0.00408474243427021,-0.010691993698740044,0.00026617664446171064,0.34995658806705726,0.3514282446128996,0.006969597987419257,8.208131194987582e-05,-0.016597373451120598,-0.01887284776092406,0.03666064218518186,0.03724538210969799,0.06868096716634316,0.07979577888770875,0.02665626546601719,0.07043496594665291,-0.011437369067782944,-0.016366477975324558,0.006952011594880846,0.04847456543798096,0.02699976330790183,0.030642041049419446,0.0077168006168484935,0.009179385678593536,0.05853329845972917,0.10242535868381361,0.0031562441130921306,0.10332041671994767,0.016806582761227137,0.016421047687354928,0.009128044791211673,0.06527234557055982,0.037856873812436374,0.040480212740480366,-0.006763713375881852,-0.00706269510730891,-0.011536299036950456,0.014763458564316096,0.01114695328111606,0.0095298454381699,0.0007847426568605739,0.003412405686662659
Aggregate_feature_6,0.005532887812592417,0.006981849371291693,-0.015600074656864462,-0.0008046439661797242,0.9683306871191849,1.0,0.07007115131201498,0.07416599190796877,0.002156111822225332,0.0733943655970023,-0.033382024333918604,-0.03477306977769821,0.015584204065034921,0.015644280616168543,-0.0030573491558479465,0.012805618504193235,0.20013983163350066,0.1962806666531859,0.05614413571105913,0.08478092575629219,0.013402233137578415,0.07601119580326245,0.12162764672339092,0.1237817681976209,0.007607679628731605,0.024507040272510074,0.01796312903135416,0.01170493399117389,-0.04736923740275996,-0.05464282525167936,0.007843983146688287,-0.0027178696891744223,-0.010044934437931653,-0.002089417079102892,0.34979853410993406,0.3565885229343036,0.004727010379055836,0.0029675967800168552,-0.016196762748640018,-0.019829765373835562,0.0377786239762085,0.038650918773745546,0.07220757525712529,0.08489625035270137,0.026108324437138425,0.07352197499029164,-0.011139010650992199,-0.015841342958949144,0.0057247687300961666,0.060461288413926555,0.031691961208406005,0.03513310920126024,0.006546550234408263,0.00803216558375011,0.056385999727279895,0.1086990068140591,0.0033077923523943537,0.10829717697145144,0.016825995085146702,0.01631988472430317,0.0060371561330457785,0.07655625860057291,0.042784559750162994,0.04378697826243392,-0.009197317957850119,-0.009258612012197829,-0.013745485449353065,0.015078530790461607,0.011063885768006178,0.009444939139958716,0.0030654183805479233,0.0048655941045095885
Aggregate_feature_7,0.033236560175020566,-0.0012020801938250588,-0.08124427230697352,0.013500194917170534,0.06739040953705981,0.07007115131201498,1.0,0.9750311090098517,-0.3023847935607281,0.9859403790461734,0.05895855541553452,0.06057677594171071,0.21665658105097266,0.2477275049665255,0.13888567864637108,0.2549964829397658,-0.013440780955790684,-0.01263174246970772,0.5509969838219467,0.48980314272687653,-0.11570991958218925,0.589781808414256,-0.01900306829457319,-0.018193033297557244,0.05408949364824754,0.11733813791811477,0.10022141468544155,0.07893272406657567,-0.022998097300033944,-0.023189986699511052,0.00754681401493265,-0.10374707612725326,-0.12313957857616059,-0.040440994468837706,0.012115121502667484,0.012949345115064953,-0.03528171728404699,0.04757526232620673,0.023038496482671807,0.006278345882023684,0.03749231707377993,0.041227265377625694,0.9363570248145239,0.8519760213576051,0.04901512520433193,0.921271263393212,-0.03856013199973834,-0.04043229544149698,0.10741386812076484,0.3228905674908516,0.3142450032418978,0.31978439793642904,0.024822203295837102,0.024883244919814324,0.4644267570235209,0.5103116312165824,-0.0020473340880415953,0.582342091355659,0.04395436386134367,0.044267891912680275,0.010101263925658254,0.09247797529505694,0.06338701631650863,0.045427339679847564,0.003952865275438056,0.003500254843493139,0.006943568796582616,0.012693886875402094,0.03306257436830682,0.06998926870879361,-0.07350925791158597,-0.07197361307367751
Aggregate_feature_8,0.03126592919318446,0.008874829441400068,-0.06905490249827209,0.012669250643206193,0.07065094885941783,0.07416599190796877,0.9750311090098517,1.0,-0.09440592796832772,0.9977393176844728,0.06281323246142698,0.06319647789026843,0.22073319260234897,0.2765561411795669,0.16316846465714313,0.2654314262377261,-0.015095627576095394,-0.014431153080864172,0.554940888815312,0.5308336520055459,-0.08274745674320298,0.609864972785734,-0.02005454368505523,-0.019632042878931947,0.053847833420427,0.13218304753338864,0.11348876348993009,0.08151944498880843,-0.02555527526067296,-0.02487699405766599,0.00359603474556751,-0.07741724449308504,-0.10450193188424839,-0.039676067285359294,0.014285285848112145,0.01539363763783579,-0.03922107720051363,0.046798683530764364,0.02144926726783288,0.0036574149049299898,0.043536507437134955,0.04732322029345049,0.9616090650822479,0.8754050044569818,0.0516995310776036,0.9464003549475447,-0.035891603064620116,-0.03774475669373628,0.11192664503775764,0.332590061035594,0.3239971180361661,0.330101665100835,0.02754367718643604,0.027518224608435997,0.4892963822205408,0.536656925696296,-0.0006700070860013993,0.6123032527431893,0.04929873538436742,0.049574924979331726,0.011940806159898275,0.09924484998535277,0.0712564403686263,0.05179623911931129,0.005565140396361063,0.0050618878360327345,0.006377138896413576,0.015663374626845306,0.04149529724273708,0.0867144200787854,-0.07594073345237025,-0.07429015294615557
Aggregate_feature_9,-0.015864262832571818,0.032866832266546936,0.06255848310103775,-0.006997662675040813,0.00032509137638260543,0.002156111822225332,-0.3023847935607281,-0.09440592796832772,1.0,-0.15682916073291583,-0.0032679303240026247,-0.008454974804025236,-0.029498545547201785,0.059320783884682364,0.07261024424839707,-0.00972369156302439,-0.0021465780178201157,-0.002584850100614392,-0.09303193894078228,0.06285494066230664,0.16007303388753844,-0.038586466346732226,0.0022546736489371883,0.0005747915231160749,-0.012583334421419226,0.028509233224586518,0.03210192014624249,-0.0056729172759100235,-0.005390554667877259,-0.002203970435309276,-0.01893499201284295,0.1126025504470916,0.09519425978058027,0.009245441892067767,0.00963306225244271,0.0101068826397302,-0.010568301485971007,-0.013457918979815325,-0.01174544756575402,-0.012955806853946835,0.01321577241921402,0.012303991478824059,-0.08512522593837918,-0.07698410582068803,-0.0024275185621473122,-0.08322664016537128,0.01440849466674907,0.015345588191839168,-0.0036725765149352957,-0.02551021729005264,-0.02258411502904852,-0.021667216932776498,0.004857846398591416,0.004400822857759168,0.0034416351352623505,0.0039017647574548023,0.00941530342588475,0.0014705572163411027,0.013856184231815427,0.013282807609807436,0.0031804006781454347,0.006887560813369634,0.01737549452005918,0.013767213510932597,0.004035335142169924,0.003805295163660383,-0.003465072886943953,0.009928976212411612,0.028876677197552,0.056397112428244536,0.01083763750072746,0.010989701672106755
Aggregate_feature_10,0.032044476848331005,0.00718074883862561,-0.0717998456362599,0.013138554611640721,0.06995037992387768,0.0733943655970023,0.9859403790461734,0.9977393176844728,-0.15682916073291583,1.0,0.06249605642456984,0.0630864136149771,0.22081687102644318,0.2697658479269294,0.1566148161577219,0.2637849770843698,-0.014852631803427519,-0.014080584086510922,0.5562778549668749,0.5222724056555808,-0.09228785273362156,0.6073997966979038,-0.01998424603179403,-0.019488162192177784,0.054227619936326,0.12929722958841566,0.11055625601816407,0.08122306038514923,-0.025165867849828744,-0.02473933514452778,0.004805857371403948,-0.08353394092684213,-0.10944720182369819,-0.03982963948329939,0.013630918708301028,0.01476817312570717,-0.0381821318311109,0.04727600351195339,0.022040745055480936,0.004483131306221924,0.0425398254106261,0.04634905066838332,0.9587653712867445,0.8725416224196114,0.0506748751010238,0.9434339165516559,-0.036187465772717024,-0.038079564257081255,0.11117723929506731,0.33139233977465343,0.32269317585681373,0.32867434807290596,0.026906149232024903,0.026913542905518888,0.484779069943429,0.5318388014852302,-0.0010847672522300764,0.6069205794572391,0.048156751561317775,0.048457687540399745,0.01139358625805654,0.09790011303170226,0.06954598480862864,0.05035564214790733,0.005410659877853848,0.004916015475537589,0.006656497696678477,0.015025149294327883,0.039668834667788325,0.08312634888863307,-0.07616346112657026,-0.07454934233481753
Aggregate_feature_11,-0.0018185323334129076,0.017465219281463825,0.03786954049041695,0.0051315614906392625,-0.03621386777871879,-0.033382024333918604,0.05895855541553452,0.06281323246142698,-0.0032679303240026247,0.06249605642456984,1.0,0.9868807906903687,-0.00466257374071982,0.03832241267745313,0.053801962395664094,0.013794964780590743,0.011637735260709499,0.014676288948412594,0.02138913058861255,0.06003481480586008,0.03606979788335274,0.043038401735903425,-0.005777871496222821,-0.006968779833999057,-0.0010266187399756237,0.015337442289621651,0.009930553650989594,-0.00119215053650098,0.05247099919432976,0.058162413105354714,-0.0032746847218549507,0.0002641680436184575,0.00047903436521896985,-0.0049723985763310136,-0.024626878741537683,-0.0288148291508672,0.002772954242590175,0.0032451303244617744,0.006585544998775468,0.008912403077265891,0.008072313745587461,0.010406974705639694,0.060170280571782586,0.05397508950460624,-0.005141272438814897,0.057777882961585675,-0.02983699239177283,-0.03521726444497997,0.015792000415630676,0.021300780496784834,0.01965903910324956,0.02283344362839011,0.002273198885895995,0.0009945875534475865,0.04474311464283167,0.07482045445980381,0.032357514834659686,0.07332789674666189,-0.00839832241449064,-0.008107341940759604,-0.000996853246247722,0.01955450684072354,0.019951320056230695,0.022320473761141178,0.003996388443308447,0.004393635416466759,-0.013419839163767502,0.02999570737803798,0.03243222534107442,0.028056788196764503,-0.01696355299458748,-0.01825943346028971
Aggregate_feature_12,-0.0010283161126527175,0.019972054714950283,0.04037276646735915,0.005975680913252421,-0.03779493169440283,-0.03477306977769821,0.06057677594171071,0.06319647789026843,-0.008454974804025236,0.0630864136149771,0.9868807906903687,1.0,-0.0031876150379688195,0.03129870018832927,0.046411635646522356,0.012147281354159573,0.010247643174165984,0.012510554872978438,0.026875959089460316,0.05762771789763613,0.02896089723472898,0.04429456633379473,-0.008818082242032732,-0.009915400382243126,-0.0003962108668903461,0.008616459802667616,0.005139778636140693,-0.001679577819467514,0.05488805296623007,0.060777072192479846,-0.0023109909808304184,-0.0014314312639433883,-0.0014045684475220976,-0.004696596889655258,-0.022829320891781572,-0.026369357456900465,0.0049239420525456195,0.0003601085325302711,0.004888584062782597,0.008095451167099452,0.007133241633110449,0.00930192412439646,0.06050558017508161,0.05338493713180349,-0.005646546049238399,0.058128291094040524,-0.03350721023398841,-0.03879329996060314,0.015017639865910176,0.014328065645186076,0.016756217249094343,0.020826488118402164,0.0009526547409799877,-0.0005235117855231129,0.04986852012384423,0.07340988766887464,0.0300856649819205,0.07460305700775302,-0.008422505435117753,-0.008113291124559972,-0.0011047080352883146,0.013512998688881594,0.01633909947517889,0.019810066916327352,0.0035349883855192448,0.0037453801133465513,-0.012057777202699071,0.029778595618214748,0.031648568015812194,0.026428096202940687,-0.019701168914530616,-0.02105846205719835
Aggregate_feature_13,0.0544947762211851,-0.0006737666183633844,-0.0613039045992082,0.04066141328088279,0.018361875350655078,0.015584204065034921,0.21665658105097266,0.22073319260234897,-0.029498545547201785,0.22081687102644318,-0.00466257374071982,-0.0031876150379688195,1.0,0.569021397296896,-0.053157959073953,0.9182832743163614,-0.003301241676089282,-0.0036426169293016434,0.4458590791628887,0.3240248636435924,-0.15858539570968647,0.41064137515436816,-0.0043666456161636155,-0.004506238176427132,0.2838544195707458,0.12036100873463369,-0.04829861137623215,0.25611141841252166,-0.009568631989983766,-0.01123342540115221,0.271947872316551,0.14013833862172342,-0.052542778360043896,0.22469839108877365,0.0021463782198756836,0.0014479759980585807,-0.017715810582531754,-0.011812722515624431,-0.013936798400542483,-0.01683947363479532,0.013349719723138113,0.013969194666072299,0.22141196928551657,0.2547068428351523,0.1898539507543881,0.2507275203180303,0.014243014792634387,0.014438924300760282,0.08128877535503139,0.06709567316718103,0.08774129429771253,0.10418681442381154,0.024310541051642306,0.023809766943332717,0.2099964762878768,0.1485830241189697,-0.04842057421449834,0.20148502899600404,0.0377871985359424,0.03808412805733986,0.13099234425196454,0.025791980235170806,0.016424508953233264,0.07479183683966036,0.03696588799709673,0.036357938398090386,-0.016900380250394996,0.005624151740328146,0.026066836164627398,0.05350226755496536,-0.011512480980297918,-0.011894974870924849
Aggregate_feature_14,-0.0004493873927379183,0.09978179730907469,0.07662085314620384,0.011331978436161995,0.006970492212720333,0.015644280616168543,0.2477275049665255,0.2765561411795669,0.059320783884682364,0.2697658479269294,0.03832241267745313,0.03129870018832927,0.569021397296896,1.0,0.7099449536208472,0.7785007296779382,-0.02410358838087702,-0.015695111938270882,0.20361246195154437,0.46039112761135376,0.19550450674278647,0.381384406824566,-0.024134763236867314,-0.022144349002385728,0.15139677227715076,0.5049576890045797,0.42734094837140957,0.2556466837135758,-0.006583067315819798,0.0030187850243117934,0.12725600078839486,0.2109914443010863,0.1059207610016758,0.1568502373739841,-0.022902172719830135,-0.021230829425439926,0.05243855322375802,0.055065289375997174,0.024353373270917415,0.026480391614580524,0.00846528935254855,0.010289311307156561,0.269690904078154,0.28241291050391276,0.10398355502978898,0.2807034232979467,0.011793872727010494,0.010787424285603558,0.06770153589208826,0.18967349526879698,0.1479105355717176,0.15479047005014454,0.03984868206139143,0.04051646012696986,0.1772887864938428,0.20874967191542834,-0.025456882983968282,0.23476564978041317,0.044804326276077354,0.04529618898512094,0.0574371593043308,0.09538948280078138,0.04490178608753074,0.05826140772643888,0.049010768907239856,0.05219425615390847,0.09524758201089029,0.023370878818680472,0.035245255540898364,0.07766894690475491,-0.006673585657853619,-0.006217420718073526
Aggregate_feature_15,-0.03951818895417423,0.05941274361486666,0.11520666604103451,-0.014776142665116659,-0.012448257577734946,-0.0030573491558479465,0.13888567864637108,0.16316846465714313,0.07261024424839707,0.1566148161577219,0.053801962395664094,0.046411635646522356,-0.053157959073953,0.7099449536208472,1.0,0.3180230664832636,-0.03036230487537205,-0.020842010394329133,-0.02718724141260716,0.29811001509439006,0.3564614181200794,0.16574177174045282,-0.034260753155769694,-0.031486449266775324,-0.025153737497268,0.4203639386386878,0.5884045849679019,0.1526432850201429,0.010082627613883682,0.020856776929177877,-0.048799509801537674,0.13182068653720747,0.17779321323096936,0.029383499877100528,-0.04100644745828095,-0.03892595609472126,0.03519350479270135,0.04172124489267569,0.024177249135928447,0.02549148859147992,-0.005078969046204897,-0.0032833680127016384,0.15633958872837114,0.1371615075688856,-0.027457306270361245,0.14657684559780523,0.0019756622992292546,-0.0006390515161860224,0.028212855374411143,0.1277751678453416,0.09256655779847,0.09802246607605405,0.024381168361456117,0.02520287714141272,0.07513414642612437,0.1259379916972521,0.005204572550171625,0.12736518813626233,0.018768770340645616,0.018624150732803196,-0.026699207140369132,0.054945306939300026,0.028342003407144236,0.00857143533866739,0.024862418879156033,0.027751543872754802,0.10209816507136216,0.01663820682368518,0.0198558023630474,0.04802764157924736,-0.006513754716222155,-0.005260881181414882
Aggregate_feature_16,0.03664567612249246,0.014237667205979692,-0.019499914941358762,0.033234885139608865,0.01371399376942765,0.012805618504193235,0.2549964829397658,0.2654314262377261,-0.00972369156302439,0.2637849770843698,0.013794964780590743,0.012147281354159573,0.9182832743163614,0.7785007296779382,0.3180230664832636,1.0,-0.014360072575339625,-0.011308411176620523,0.4120043800787696,0.41179555032032944,-0.01778824204588125,0.45134493636272055,-0.017100699996467364,-0.016389462192573926,0.256732721041316,0.24595569372266868,0.155365284916803,0.296714925289872,-0.003050602773887535,-0.001156386500106005,0.23705543415879338,0.18152180282270977,0.021375903984092542,0.22950911360799048,-0.014987261377237094,-0.01480992900665348,-0.005801442280187057,0.0007782376868905146,-0.007099897314047368,-0.009318967694037917,0.00839896692860338,0.009824829678461999,0.2635867348573522,0.287199055858778,0.16620437854388115,0.2872145557177306,0.016192847332204306,0.014834692166269056,0.08711697637318648,0.10533059114105604,0.11372270117065604,0.1314597508914739,0.030848740668677863,0.030475957085773227,0.22312171630071545,0.18286468969713038,-0.0431431260765525,0.23286527081380368,0.03920031416264995,0.03949928574048884,0.11252939214668725,0.041220288085076835,0.02436873393370842,0.07181436491644412,0.042407594867288186,0.04259495772583963,0.021944762439721533,0.011290191152831397,0.03205679949103348,0.06860136189223298,-0.01684349390224993,-0.016703386543898347
Aggregate_feature_17,-0.002595766235512558,-0.00436489742523643,-0.012771708062624145,-0.00417601150602817,0.19527181481653427,0.20013983163350066,-0.013440780955790684,-0.015095627576095394,-0.0021465780178201157,-0.014852631803427519,0.011637735260709499,0.010247643174165984,-0.003301241676089282,-0.02410358838087702,-0.03036230487537205,-0.014360072575339625,1.0,0.9739590235041153,-0.0035138480923613507,0.0042349514913206055,0.008801042858584898,-0.0018191541668252154,0.43836223866457574,0.44301505369162686,0.0014151598669592772,-0.002382546180493817,0.0008190656652848948,0.0033323456955401108,0.3602707366161836,0.3484650527158311,-0.0005886821698658132,-0.015331500376431254,-0.028427116438188137,-0.0064541894380172665,0.3379355327447877,0.3313704858853296,0.002805817993809005,0.004771546579395832,-0.0013374340472036836,-0.002160163565089802,0.005785054881414658,0.005484692576247508,-0.015422941057530821,-0.0070050217863135535,0.0030425457059763956,-0.01491379712656115,0.02101207764392377,0.020481925596733928,-0.008480182146737613,0.01582129398428675,0.0026410433515642743,0.00537988082436783,0.009989017571445075,0.0105797386040037,-0.003389453770363288,0.00414701497065548,-0.016060235376367766,0.007803533424616079,0.02238291211868255,0.021831387249274904,-0.01286325399446261,0.029100545260110952,0.01713923575158206,0.015832844154863534,0.011439492637524116,0.01160488861106174,-0.002992181438098853,0.008464841784771658,0.004694029896468797,0.0032316727663422597,-0.013095852537538578,-0.011874718297491635
Aggregate_feature_18,-0.002792933952937981,-0.0035648920929765332,-0.015326817531555422,-0.005155076003292876,0.18828566347055745,0.1962806666531859,-0.01263174246970772,-0.014431153080864172,-0.002584850100614392,-0.014080584086510922,0.014676288948412594,0.012510554872978438,-0.0036426169293016434,-0.015695111938270882,-0.020842010394329133,-0.011308411176620523,0.9739590235041153,1.0,-0.0035112959770462497,0.006798744450386153,0.009397518115048483,0.0016065113791842143,0.43754444336741244,0.4425775272170964,0.0013307785695171896,0.003801290488610546,0.006661459069405053,0.004866505978628896,0.35338633911077416,0.3511169336360107,-0.0007194698171683279,-0.01520059084481945,-0.028782951481102947,-0.007145311373030519,0.3206746128543591,0.32453504925156673,0.0006113054922479988,0.004176483579244386,-0.0012118060603637489,-0.0021402231325451547,0.010248900591645058,0.009692389052067537,-0.014642242036650665,-0.005500477301304886,0.0030479167006026452,-0.014307105842563684,0.023403197853410117,0.022546220407631035,-0.00956033991064489,0.023707992260294977,0.00874619271345939,0.01143371335899133,0.01410376851529127,0.014873249957652995,-0.005623484350212325,0.005844820137250335,-0.015392749438633774,0.008846657586218755,0.02387560713720969,0.023253067998735916,-0.012059887622411315,0.036544010768461484,0.021972696791292507,0.020831342788299567,0.01442910992845544,0.014416319128170162,-0.006538754045063072,0.009657890501610086,0.00698662822851335,0.006185027385035322,-0.012270133590932646,-0.01054265716155357
Aggregate_feature_19,0.06023793258030019,-0.06999863612232919,-0.17939789820095695,0.020880712853071432,0.05956903606501434,0.05614413571105913,0.5509969838219467,0.554940888815312,-0.09303193894078228,0.5562778549668749,0.02138913058861255,0.026875959089460316,0.4458590791628887,0.20361246195154437,-0.02718724141260716,0.4120043800787696,-0.0035138480923613507,-0.0035112959770462497,1.0,0.679358317380372,-0.3941409809903881,0.8960146625999544,-0.0018563343411030675,-0.002298885041174661,0.11904804557250707,-0.02641369710206178,-0.04814152253037589,0.10732191105628747,-0.007994748548319138,-0.012110499876159775,-0.06164571818222196,-0.2222301712500105,-0.21230933418695075,-0.14306735479289293,-0.0031639511341655505,-0.0040103994967899135,-0.05834501929151287,-0.02426803933554132,-0.038688403881528936,-0.05336903161374336,0.07132927199162083,0.07417295056404753,0.5383313658283657,0.5127985171368027,0.11694772256337442,0.5463054717154138,0.002888048198609716,0.001526662750885657,0.11209726332243176,0.18238035950175888,0.20368124801879034,0.21993195110557848,0.039855450785469225,0.038850751348979085,0.4905852205323336,0.3827986070774484,-0.12983912724428942,0.5097999428036457,0.1017393989443531,0.10219633598668673,0.07414637066844251,0.05925418779422666,0.05118560559456204,0.0808452976200415,0.032644605468067966,0.029389958698759877,-0.04546417949659483,-0.013928726185952905,0.0038688790059309185,0.022908222546261254,-0.06206568370678325,-0.06179745065958347
Aggregate_feature_20,-0.008081078836376205,0.048646290487445794,0.023770568085757508,-0.009093656961826442,0.07476472328898297,0.08478092575629219,0.48980314272687653,0.5308336520055459,0.06285494066230664,0.5222724056555808,0.06003481480586008,0.05762771789763613,0.3240248636435924,0.46039112761135376,0.29811001509439006,0.41179555032032944,0.0042349514913206055,0.006798744450386153,0.679358317380372,1.0,0.33847711173695916,0.9130110124825024,0.009417933779130193,0.01011289379666603,0.06342833577384732,0.24885156053146268,0.2253207380011151,0.1218829828961158,0.010903011222812805,0.01668035447890029,-0.14749981134404733,-0.07362189521141771,-0.013446340180468743,-0.14161939826280984,-0.01774937520020755,-0.016406986957830362,-0.01020234220139407,0.029671015352884873,-0.009736796954958953,-0.022644138998595208,0.05727570147203343,0.06067523198535761,0.5123125037058154,0.4918064450713662,0.07136807940206101,0.5109402171784425,0.02496069997039857,0.02181467830604734,0.09238621257212062,0.25562000780733035,0.2232730917895202,0.2322360506665587,0.07383419108943348,0.07475820837776345,0.4547139690548758,0.4366644140987119,-0.1065810380462519,0.5362427390848394,0.11913708863501786,0.11974456118196963,0.019991608079308807,0.13308758368762674,0.07896018415342297,0.07874636003913342,0.07322199575306725,0.07371419221081377,0.030572979143292895,0.02318075597643849,0.03649300759674704,0.07385178679180063,-0.047601511620907914,-0.04701988543316977
Aggregate_feature_21,-0.08505002162542709,0.08721484264531983,0.23455055367937594,-0.03606046813657601,0.0030863470848807003,0.013402233137578415,-0.11570991958218925,-0.08274745674320298,0.16007303388753844,-0.09228785273362156,0.03606979788335274,0.02896089723472898,-0.15858539570968647,0.19550450674278647,0.3564614181200794,-0.01778824204588125,0.008801042858584898,0.009397518115048483,-0.3941409809903881,0.33847711173695916,1.0,-0.025450136750830275,0.007126153560509694,0.008620839954099162,-0.06990982807660087,0.21089215829223595,0.29294422072054055,0.017768309766265603,0.02515181208889191,0.03329220518639855,-0.10563697003830207,0.1525374678110769,0.2525259167509979,0.0054315005850368615,-0.01322309002182029,-0.011593377033769529,0.01760628446921677,0.03199136183407519,0.01825375316795412,0.016388926805691442,-0.0366578139751305,-0.036367861420813594,-0.08232935961115345,-0.08497985669608424,-0.07433719127056597,-0.09480933573324116,0.02452210832763984,0.022678324979192564,-0.03020203599470457,0.026257448650063468,-0.010115494863290012,-0.014331588911585483,0.03067662575182758,0.03255626346485245,-0.08227064002491533,0.0032045951367047935,0.044395883309239714,-0.034136369047634584,0.002746478850546119,0.0025606550522239975,-0.06711962226813185,0.037657409203733186,0.009388305987023155,-0.01724601855505694,0.04095407478401141,0.04403736160487661,0.057571550958342516,0.021222806318404768,0.017925548383472666,0.03362379683277909,0.018711293462233217,0.019950266737505388
Aggregate_feature_22,0.02674925257755675,-0.0045349288686700445,-0.0796453802160391,0.005390862121284743,0.07135975418528073,0.07601119580326245,0.589781808414256,0.609864972785734,-0.038586466346732226,0.6073997966979038,0.043038401735903425,0.04429456633379473,0.41064137515436816,0.381384406824566,0.16574177174045282,0.45134493636272055,-0.0018191541668252154,0.0016065113791842143,0.8960146625999544,0.9130110124825024,-0.025450136750830275,1.0,0.003467798327085741,0.0036665602663235536,0.09679733302732825,0.1401208115303529,0.10641749185397952,0.12464860067004328,-0.000803396353446297,0.0010903699621644387,-0.11336938813710158,-0.16298124131872951,-0.1258303547494953,-0.15706330001161412,-0.007614973622873767,-0.0069220844323514275,-0.030962122997011624,0.00722599952986386,-0.024941841376534168,-0.039323789548770534,0.07031906292320383,0.0740402820096318,0.5889553373292389,0.5641004238218331,0.1019965408281107,0.5917767282316679,0.012700041017567604,0.010475128012363853,0.11347664448267755,0.2542291511687325,0.23969138042464702,0.2532182685026377,0.06197604076727142,0.06209198042696825,0.5105273165488887,0.45417713948287547,-0.12675539422208085,0.5745839138322147,0.1191638790781387,0.1197048468684543,0.04903428033606188,0.11506124882933289,0.07268860501671562,0.0873164809657915,0.05745700179595311,0.056362354864637636,0.0002233040022020567,-0.0008275574226199391,0.01570039242224277,0.04987333380858464,-0.05825411506615132,-0.05809031211532871
Aggregate_feature_23,-0.004805936284296703,-0.0009452376567263348,-0.0016883067275342163,-0.003997826601028212,0.12164678352576878,0.12162764672339092,-0.01900306829457319,-0.02005454368505523,0.0022546736489371883,-0.01998424603179403,-0.005777871496222821,-0.008818082242032732,-0.0043666456161636155,-0.024134763236867314,-0.034260753155769694,-0.017100699996467364,0.43836223866457574,0.43754444336741244,-0.0018563343411030675,0.009417933779130193,0.007126153560509694,0.003467798327085741,1.0,0.9960743946428737,-0.003081320261295178,-0.003909110392556916,0.0020150648453991773,-0.0016611114561001967,0.18157061125587623,0.1793397247813644,-0.001854032287197716,-0.014157169104958268,-0.02838336378314548,-0.007672885374268338,0.22653559994440578,0.2258869415491438,0.007577765931229879,0.0022549130345791216,-0.0020810786597976944,-0.001158094793229601,0.007743713130311714,0.0075676294692768094,-0.02044436191926934,-0.014305583112976195,0.0011073331613833727,-0.019948640445554004,0.002113982338496146,0.0018888489518549057,-0.02207554461672563,-0.003268585000538499,-0.01323955314544454,-0.021940336655092752,0.005192302904436303,0.006645880206820702,0.0009974723059310352,0.0075058281594333875,-0.00792751576887279,0.007317955953217419,0.009175158288002742,0.00889029878456663,-0.013603894237639318,0.0057041420603424235,-0.003838151893306979,-0.006417061387313157,0.007909356280944793,0.007479435112832953,0.0020728860224313974,0.01080282361199439,0.007760897315505033,0.006329031238295701,-0.0006360515745303531,0.0009247695586382332
Aggregate_feature_24,-0.004890726202890346,-0.000942922119721108,-0.0020980346112524063,-0.004174536921390821,0.12312560698162599,0.1237817681976209,-0.018193033297557244,-0.019632042878931947,0.0005747915231160749,-0.019488162192177784,-0.006968779833999057,-0.009915400382243126,-0.004506238176427132,-0.022144349002385728,-0.031486449266775324,-0.016389462192573926,0.44301505369162686,0.4425775272170964,-0.002298885041174661,0.01011289379666603,0.008620839954099162,0.0036665602663235536,0.9960743946428737,1.0,-0.0031627440390130006,-0.004514908431168893,0.0016095102627726007,-0.002045794558574483,0.1829725547140509,0.18065753599560536,-0.0019527534522465041,-0.01250974188585459,-0.02613192547084651,-0.006900100680285641,0.2299261292966207,0.22914458059920245,0.007384305677714843,0.0018535096220297406,-0.002235791680717442,-0.00126637122176953,0.007071340823412151,0.0068211231327484365,-0.019993241660663245,-0.013827788838869143,0.000649784518033,-0.019587704503717603,0.0016081813248444213,0.0012936507059851331,-0.021914166143500134,-0.00334878116909541,-0.013351246146910807,-0.021415385199265953,0.0066102642375232105,0.008046555189120314,0.0008518099303434229,0.007796132678852609,-0.007877204726078484,0.007632665694865281,0.010506864209957043,0.010124139334443047,-0.01382998424790769,0.006450724159087633,-0.003455855195888793,-0.006252693665342574,0.008460159600148504,0.007931259410097534,0.0016309178736995161,0.011323338920782813,0.008045590465626463,0.006801097047960602,-0.0013723856289508778,0.00041671191080646443
Aggregate_feature_25,0.00730060569859844,-0.012123867283071701,-0.029517721746793027,0.0009260441311388331,0.009011162384196409,0.007607679628731605,0.05408949364824754,0.053847833420427,-0.012583334421419226,0.054227619936326,-0.0010266187399756237,-0.0003962108668903461,0.2838544195707458,0.15139677227715076,-0.025153737497268,0.256732721041316,0.0014151598669592772,0.0013307785695171896,0.11904804557250707,0.06342833577384732,-0.06990982807660087,0.09679733302732825,-0.003081320261295178,-0.0031627440390130006,1.0,0.590126444568558,-0.003651280387423702,0.9459474875106065,0.0006842293520074337,-0.00010454032911866627,-0.011430835867314122,-0.028595891391864994,-0.024398817148375464,-0.02048557709806214,0.005526982536086944,0.005145571574618909,0.006356299875730076,0.02901027841604923,0.00971913696149553,0.006615612562765712,0.013225005616160081,0.015984681150514154,0.04958788879816143,0.05344003247441972,0.013092782224134706,0.05005795971381968,-0.0013645752613743825,0.0012461560297997519,0.007386020689740183,0.033261504578879886,0.02224207668407954,0.020040914339081957,0.017900448453844045,0.018801684415692202,0.008787324683307365,0.044519664551986075,0.021737170187992826,0.03116590338353913,0.010635611292967573,0.010932890738230104,-0.0049418260284087,0.03511246349286932,0.020807687556783683,0.012088037306372652,0.010454842688181648,0.009928433448752,-0.0022475076532479073,0.004199185845948858,0.0027848282530139744,0.005324732753274291,0.009857846467837996,0.008579194638526369
Aggregate_feature_26,-0.028174645851865465,0.12333540787133647,0.10950523160469817,-0.013054439335154908,0.012190138523328327,0.024507040272510074,0.11733813791811477,0.13218304753338864,0.028509233224586518,0.12929722958841566,0.015337442289621651,0.008616459802667616,0.12036100873463369,0.5049576890045797,0.4203639386386878,0.24595569372266868,-0.002382546180493817,0.003801290488610546,-0.02641369710206178,0.24885156053146268,0.21089215829223595,0.1401208115303529,-0.003909110392556916,-0.004514908431168893,0.590126444568558,1.0,0.6829254207905291,0.7426887287124538,-0.012330291762127868,-0.00031577741637430536,-0.047254243479471374,0.029736548448267508,0.028291873232681425,-0.03644816989296807,-0.00789351718126108,-0.006076412101039305,0.07911781538822557,0.10117132560139692,0.054923893247789596,0.057456847217375616,0.011006573313181698,0.013778604680614813,0.12204370696055836,0.12434914003138854,-0.013155748146390193,0.1143290948407304,0.0016375661596375833,0.003058419920483908,0.0075302307730351365,0.16364336654949788,0.08983954272848892,0.077047423835402,0.039219698249606375,0.03985379914686758,0.020527485930898867,0.1265764123863814,0.014651595229586112,0.10472546072239738,0.032359755264044596,0.03280692435669251,-0.03893140835474747,0.11772337976790247,0.049468158375602596,0.012485648440121292,0.036047066471065876,0.03820656610400894,0.09059537824834449,0.03704559623384226,0.030931414011027714,0.05450976355343928,0.018427962570457177,0.01658128235563538
Aggregate_feature_27,-0.036349842314916316,0.08080135160525223,0.12826052477639266,-0.012425854317714683,0.006368192140867886,0.01796312903135416,0.10022141468544155,0.11348876348993009,0.03210192014624249,0.11055625601816407,0.009930553650989594,0.005139778636140693,-0.04829861137623215,0.42734094837140957,0.5884045849679019,0.155365284916803,0.0008190656652848948,0.006661459069405053,-0.04814152253037589,0.2253207380011151,0.29294422072054055,0.10641749185397952,0.0020150648453991773,0.0016095102627726007,-0.003651280387423702,0.6829254207905291,1.0,0.3051192991058778,-0.01005546627653334,0.0013936441157740066,-0.04661305560737279,0.012818063199134377,0.030211419400636805,-0.03360722902963865,-0.013069674207190926,-0.011936616726457,0.03978915770663288,0.06742070472337117,0.03885842907886234,0.037259508225046936,0.002587148909467772,0.0042113874940525675,0.1070445560831551,0.10062510775384416,-0.029279990263421953,0.09742486184410587,-9.163361687235273e-05,-0.0016184069848814216,-0.0063419550945249354,0.12608067860308075,0.07307948665979568,0.06412767200498883,0.02572387983657449,0.025551671649206728,0.023334391451354436,0.10239767726767093,0.009354304720173822,0.09067258634830715,0.025505902390775423,0.02522185222576855,-0.04114610412043737,0.07476788823814469,0.02654941219374586,-0.0013083585301889395,0.025528328418629297,0.027530460928945902,0.05877338003229804,0.02875877968933894,0.027871588642960046,0.049265337536348805,0.01108461468904464,0.010916756478718159
Aggregate_feature_28,-0.003397201299469708,0.002189309956630013,0.004960598341609765,-0.0026049727555972355,0.01035043879712031,0.01170493399117389,0.07893272406657567,0.08151944498880843,-0.0056729172759100235,0.08122306038514923,-0.00119215053650098,-0.001679577819467514,0.25611141841252166,0.2556466837135758,0.1526432850201429,0.296714925289872,0.0033323456955401108,0.004866505978628896,0.10732191105628747,0.1218829828961158,0.017768309766265603,0.12464860067004328,-0.0016611114561001967,-0.002045794558574483,0.9459474875106065,0.7426887287124538,0.3051192991058778,1.0,-0.00018237076009828225,0.0014688875843216873,-0.024218763740042733,-0.02873021438891642,-0.01753038658465117,-0.03000651382330452,0.0015771002086359207,0.0012607974078528734,0.011466547848880643,0.045660027976373,0.018963979342174628,0.014316563733405513,0.013453537035711892,0.016493430993243154,0.07587280998255155,0.07749822191812432,0.0035042788920714484,0.073536058948242,-0.0012927022794345364,0.0006828830474076106,0.004315514645028097,0.0642573411227087,0.04100940786589707,0.03673335258748458,0.02362992612658664,0.024331963553778573,0.01310315034058088,0.0679563639608845,0.02428068407239608,0.051966013177361936,0.01647408487025639,0.016625904921417488,-0.016480243222218936,0.051558086898627536,0.026321572508709572,0.010832943670870145,0.016100486601883564,0.015949656057657316,0.007374827498634143,0.01078493675560405,0.009463661136297602,0.01703223595772296,0.011394437952825466,0.01036832707973362
Aggregate_feature_29,-0.007791673932566219,0.0069196115900427195,0.039179798218443314,0.0022176144737449137,-0.04725429874220904,-0.04736923740275996,-0.022998097300033944,-0.02555527526067296,-0.005390554667877259,-0.025165867849828744,0.05247099919432976,0.05488805296623007,-0.009568631989983766,-0.006583067315819798,0.010082627613883682,-0.003050602773887535,0.3602707366161836,0.35338633911077416,-0.007994748548319138,0.010903011222812805,0.02515181208889191,-0.000803396353446297,0.18157061125587623,0.1829725547140509,0.0006842293520074337,-0.012330291762127868,-0.01005546627653334,-0.00018237076009828225,1.0,0.9866252336492374,-0.009343664897988794,0.010236537656708948,0.019982602010869654,0.0035835153450784157,-0.02762575166178311,-0.02624333769100028,-0.007596582939798877,-0.011669040354615502,-0.012137162892682803,-0.013445742350329153,-0.0034076597570460174,-0.003484232273531777,-0.02461152887314206,-0.02457117183304867,-0.011487081004046242,-0.026144169881673528,0.017995207972989605,0.019806364825970167,0.004989212090342228,0.015314192333466366,0.007592138352923932,0.015593553440799157,0.0061125172403479235,0.006219170223286332,0.0030155900784470204,-0.009146660754295696,-0.023790521098449206,0.0011496277996540366,0.02445371022857158,0.024343320879404873,-0.005140583906702346,0.022304199461896535,0.018225957349655566,0.02092881916010618,0.01272919307893242,0.01301503297265215,0.004278638437935858,0.005685091763834482,0.003778664009415203,0.00019926070387095855,-0.009335235438493239,-0.010384079761451821
Aggregate_feature_30,-0.008752889600646702,0.008422137412377266,0.041010161417046644,0.0013833190548816915,-0.0563923903973998,-0.05464282525167936,-0.023189986699511052,-0.02487699405766599,-0.002203970435309276,-0.02473933514452778,0.058162413105354714,0.060777072192479846,-0.01123342540115221,0.0030187850243117934,0.020856776929177877,-0.001156386500106005,0.3484650527158311,0.3511169336360107,-0.012110499876159775,0.01668035447890029,0.03329220518639855,0.0010903699621644387,0.1793397247813644,0.18065753599560536,-0.00010454032911866627,-0.00031577741637430536,0.0013936441157740066,0.0014688875843216873,0.9866252336492374,1.0,-0.010523910511475536,0.013738563963788994,0.023764984974384794,0.003997164562143773,-0.03437072302874086,-0.03132635467843348,-0.00944753550002068,-0.008429893087666483,-0.00900444233528148,-0.010724604775942339,-0.004661120487559241,-0.004581443547036534,-0.0238471501826901,-0.023333331550029226,-0.011589544742652808,-0.02549729890933811,0.01645097936745108,0.018350616281818416,0.0049075308481464006,0.019184599595134414,0.008877864441108666,0.016565852990263984,0.007155775908394249,0.007388320349628659,0.0014075803695765465,-0.007804005215238117,-0.023588918474170887,0.0017306838370912,0.024905764463893507,0.02483170428390813,-0.006890782281605706,0.026352359559721514,0.020858954044730184,0.022569217924868275,0.012812114509096481,0.013399146096792635,0.0022204565489699875,0.008800964617923344,0.00649049883596499,0.002796757608073796,-0.007559183137608603,-0.008519250542468345
Aggregate_feature_31,0.1430360508094142,0.06753229964150581,-0.04334272510026798,0.13154579750066908,0.009760249304206794,0.007843983146688287,0.00754681401493265,0.00359603474556751,-0.01893499201284295,0.004805857371403948,-0.0032746847218549507,-0.0023109909808304184,0.271947872316551,0.12725600078839486,-0.048799509801537674,0.23705543415879338,-0.0005886821698658132,-0.0007194698171683279,-0.06164571818222196,-0.14749981134404733,-0.10563697003830207,-0.11336938813710158,-0.001854032287197716,-0.0019527534522465041,-0.011430835867314122,-0.047254243479471374,-0.04661305560737279,-0.024218763740042733,-0.009343664897988794,-0.010523910511475536,1.0,0.6533926268567982,-0.033211866118028344,0.892313863666126,0.002258561654241039,0.0018170859167435664,-0.02247015471820767,-0.005375913594443782,0.005842574633899983,0.004236960828606711,-0.013160226349804174,-0.013733688063324357,0.008658822497476138,0.04203235530610703,0.12118102516071254,0.031079776908056512,-0.005786657192620552,-0.006178444217792986,0.02101909548005781,-0.02382071212573688,-0.010431545480237956,-0.002920563586329706,-0.009952741172280866,-0.010494810567395083,0.02985646825974579,-0.026866267403248115,-0.03490061614711721,-0.0031653920763870585,-0.005765464647535218,-0.0057311206146026415,0.09322693626197036,0.0060058409176739274,0.009342424683603811,0.0521700791862107,0.011372672953274498,0.010997429533563889,-0.009266855797707186,-0.005587525400045941,0.0004630883370968826,0.005359905191781274,0.0007271517744963808,0.0008341330561092256
Aggregate_feature_32,0.08104874030959734,0.15930289572961456,0.22108521440440895,0.1386888100964578,-0.00408474243427021,-0.0027178696891744223,-0.10374707612725326,-0.07741724449308504,0.1126025504470916,-0.08353394092684213,0.0002641680436184575,-0.0014314312639433883,0.14013833862172342,0.2109914443010863,0.13182068653720747,0.18152180282270977,-0.015331500376431254,-0.01520059084481945,-0.2222301712500105,-0.07362189521141771,0.1525374678110769,-0.16298124131872951,-0.014157169104958268,-0.01250974188585459,-0.028595891391864994,0.029736548448267508,0.012818063199134377,-0.02873021438891642,0.010236537656708948,0.013738563963788994,0.6533926268567982,1.0,0.6933033116246243,0.8843435604269401,0.002159222072551782,-0.0020879111751777157,0.010483670324688141,0.017776269565639005,0.020798965051233013,0.022230236574502713,-0.03901989255246078,-0.03889590012332329,-0.07105434538812531,-0.049303128796591246,0.055325829341549636,-0.05866451200929495,0.0020873451296299613,0.00035592316883690665,-0.0037676465036979886,-0.03487175727809816,-0.031444100771820645,-0.031050455784717493,-0.010449019748233217,-0.009175687590225603,-0.04058576565864097,-0.058527458533473214,-0.001052354292394565,-0.06071272142451193,-0.017992451687884305,-0.017759791435517803,0.043479761669127,-0.00186261007542149,0.002432293095787529,0.019213119027192964,0.004834610610371482,0.006779040566742041,0.025879239464956738,-0.004153687463914596,-0.0015245461625303294,0.006623606974180488,0.0006801441339983645,0.0006855137959930039
Aggregate_feature_33,-0.015231982084784738,0.12668290755922362,0.33662203936159907,0.07319683828516481,-0.010691993698740044,-0.010044934437931653,-0.12313957857616059,-0.10450193188424839,0.09519425978058027,-0.10944720182369819,0.00047903436521896985,-0.0014045684475220976,-0.052542778360043896,0.1059207610016758,0.17779321323096936,0.021375903984092542,-0.028427116438188137,-0.028782951481102947,-0.21230933418695075,-0.013446340180468743,0.2525259167509979,-0.1258303547494953,-0.02838336378314548,-0.02613192547084651,-0.024398817148375464,0.028291873232681425,0.030211419400636805,-0.01753038658465117,0.019982602010869654,0.023764984974384794,-0.033211866118028344,0.6933033116246243,1.0,0.38675119408958375,0.012184555943960344,0.008275572413177132,0.010645990108397141,0.013111342214095404,0.009695167897372218,0.009868840123430459,-0.0480139855578289,-0.047849810518360736,-0.10086983607702739,-0.10353903419921727,-0.03693395706662378,-0.1047589714334626,0.00025068811969670263,-0.0015613251793749133,-0.024692482680021142,-0.032581829879816816,-0.03577908532953817,-0.04116946017930244,-0.015067980399712086,-0.01369624779048694,-0.09762497603997451,-0.0642261578503727,0.04568243128312643,-0.09425159461058165,-0.030405718080677706,-0.030308080316621744,-0.02642302029843686,-0.020956107844851468,-0.01479886056888953,-0.028083090601007353,-0.014148434432164387,-0.012228950232912433,0.028464819604693235,-0.003165663956890145,-0.00541425041283203,-0.0031665082652804753,-0.0024642453356125984,-0.0022748707634907936
Aggregate_feature_34,0.12308854754944076,0.11447955270905555,0.09958028660659296,0.155390538344362,0.00026617664446171064,-0.002089417079102892,-0.040440994468837706,-0.039676067285359294,0.009245441892067767,-0.03982963948329939,-0.0049723985763310136,-0.004696596889655258,0.22469839108877365,0.1568502373739841,0.029383499877100528,0.22950911360799048,-0.0064541894380172665,-0.007145311373030519,-0.14306735479289293,-0.14161939826280984,0.0054315005850368615,-0.15706330001161412,-0.007672885374268338,-0.006900100680285641,-0.02048557709806214,-0.03644816989296807,-0.03360722902963865,-0.03000651382330452,0.0035835153450784157,0.003997164562143773,0.892313863666126,0.8843435604269401,0.38675119408958375,1.0,0.0019736807579226598,0.00045064587542079234,-0.01837923551183471,0.005473545723239466,0.011943445654600801,0.008601673227766527,-0.03196776637438091,-0.03243305842686493,-0.03356306070139132,-0.004371456701073464,0.09429631336040631,-0.01494118524088356,-0.0037225405758196228,-0.005124180176232029,0.008363763933565744,-0.03282408514858025,-0.022480336341696126,-0.018287916407612428,-0.01492455727824617,-0.014806011193989332,-0.016359305871889107,-0.055523390337873436,-0.01652908993410705,-0.045762437153936755,-0.018995264808664345,-0.018780151486717345,0.07284843887765717,-0.0027760126018689067,0.0023035431906601378,0.03520127387185698,0.005039293838413162,0.0054560371416420474,0.004365830242859653,-0.006614453480911002,-0.0020268464758297655,0.0034093066867143997,-0.0019794249421827884,-0.0017392102188669408
Aggregate_feature_35,0.0051307790688025256,0.004604888349839972,-0.006632164716733625,0.001427442898366297,0.34995658806705726,0.34979853410993406,0.012115121502667484,0.014285285848112145,0.00963306225244271,0.013630918708301028,-0.024626878741537683,-0.022829320891781572,0.0021463782198756836,-0.022902172719830135,-0.04100644745828095,-0.014987261377237094,0.3379355327447877,0.3206746128543591,-0.0031639511341655505,-0.01774937520020755,-0.01322309002182029,-0.007614973622873767,0.22653559994440578,0.2299261292966207,0.005526982536086944,-0.00789351718126108,-0.013069674207190926,0.0015771002086359207,-0.02762575166178311,-0.03437072302874086,0.002258561654241039,0.002159222072551782,0.012184555943960344,0.0019736807579226598,1.0,0.9827176949732144,0.010507487540324193,0.003247837368188235,-0.0035142254457650834,-0.00219440984843429,-0.010952773354522065,-0.012005422329381482,0.013433154291398096,0.018580239915489894,0.00795698425848632,0.014258377812303049,-0.014880952522454445,-0.016263760130905726,-0.008672723082711624,0.005718174618211566,-0.006021939091016813,-0.007459354770112385,-0.01904198579419999,-0.018891795424280065,-0.022139800023135304,0.009997064387342724,0.01525787849894377,-0.000977453130672624,-0.011721711512443585,-0.012580233603584744,-0.012121507646498466,0.016690486123190712,0.0025123757717668022,0.006388058983857838,-0.015356338987648408,-0.015091258247712565,-0.0014274358783994473,0.011043687491934186,0.005548299702845733,-0.0012868325319034064,-0.0013282168167451313,-0.0020296116136926325
Aggregate_feature_36,0.004779603039215762,0.005484563629684645,-0.009192150874153066,0.00035862938064677285,0.3514282446128996,0.3565885229343036,0.012949345115064953,0.01539363763783579,0.0101068826397302,0.01476817312570717,-0.0288148291508672,-0.026369357456900465,0.0014479759980585807,-0.021230829425439926,-0.03892595609472126,-0.01480992900665348,0.3313704858853296,0.32453504925156673,-0.0040103994967899135,-0.016406986957830362,-0.011593377033769529,-0.0069220844323514275,0.2258869415491438,0.22914458059920245,0.005145571574618909,-0.006076412101039305,-0.011936616726457,0.0012607974078528734,-0.02624333769100028,-0.03132635467843348,0.0018170859167435664,-0.0020879111751777157,0.008275572413177132,0.00045064587542079234,0.9827176949732144,1.0,0.007896091326224623,0.00493300298481863,-0.001630515903411229,-0.0009286444123311698,-0.009820457846432706,-0.010990149419615059,0.014708887994910684,0.02020990565295107,0.007524119993808551,0.015374226591075256,-0.01445768566091552,-0.016164207821381928,-0.008896549438039966,0.00899844210024773,-0.003995568605662167,-0.004998525204642651,-0.017285077683313676,-0.016942815496537363,-0.022260070358391875,0.01294843875804763,0.015654451837945237,0.0010621716513642002,-0.01181870928344887,-0.012518148580780226,-0.013096763263723594,0.020770991546813427,0.005218906524618389,0.007929531308064789,-0.014512611417767234,-0.014136512374134335,-0.006117127035420372,0.011353485675599888,0.0064306785671538426,-4.117465150517307e-05,9.542067920001226e-05,-0.0013897207478775337
Aggregate_feature_37,0.01911751048877936,0.08416981511876602,0.05543121955413981,0.02877511805852798,0.006969597987419257,0.004727010379055836,-0.03528171728404699,-0.03922107720051363,-0.010568301485971007,-0.0381821318311109,0.002772954242590175,0.0049239420525456195,-0.017715810582531754,0.05243855322375802,0.03519350479270135,-0.005801442280187057,0.002805817993809005,0.0006113054922479988,-0.05834501929151287,-0.01020234220139407,0.01760628446921677,-0.030962122997011624,0.007577765931229879,0.007384305677714843,0.006356299875730076,0.07911781538822557,0.03978915770663288,0.011466547848880643,-0.007596582939798877,-0.00944753550002068,-0.02247015471820767,0.010483670324688141,0.010645990108397141,-0.01837923551183471,0.010507487540324193,0.007896091326224623,1.0,0.10298038723705598,0.052562707250998646,0.24995897679826692,-0.00394265108312224,-0.004482026823110493,-0.037402511329930506,-0.05454739239450406,-0.049630157211577534,-0.04477454802337812,-0.009450143112826284,-0.009685031528008698,0.0865639375411347,-0.019760054761628048,-0.02108799719734778,0.009409454193935527,-0.014021431198958144,-0.0142437774361373,0.06686406213343461,0.005178549024676912,-0.047489467171890266,0.03684378881167376,-0.010199270102194836,-0.010119328971617174,0.17578964650643517,0.008957529861183538,-0.016529268937898245,0.0728955210677423,-0.012287725852940374,-0.012450462456005822,0.22028988944462016,-0.00443158874326273,-0.008268052167774103,0.022447781949221313,-0.0060391506504486655,-0.005825985825949296
Aggregate_feature_38,0.05490977581030643,0.11758510509406621,0.10897174011619246,0.07297143453997079,8.208131194987582e-05,0.0029675967800168552,0.04757526232620673,0.046798683530764364,-0.013457918979815325,0.04727600351195339,0.0032451303244617744,0.0003601085325302711,-0.011812722515624431,0.055065289375997174,0.04172124489267569,0.0007782376868905146,0.004771546579395832,0.004176483579244386,-0.02426803933554132,0.029671015352884873,0.03199136183407519,0.00722599952986386,0.0022549130345791216,0.0018535096220297406,0.02901027841604923,0.10117132560139692,0.06742070472337117,0.045660027976373,-0.011669040354615502,-0.008429893087666483,-0.005375913594443782,0.017776269565639005,0.013111342214095404,0.005473545723239466,0.003247837368188235,0.00493300298481863,0.10298038723705598,1.0,0.8833049081079626,0.7948769665431504,-0.013452234170090789,-0.008367148696266218,0.04392715742882174,0.0697338330937795,0.004909363154218235,0.041043483018569846,-0.027867232159266914,-0.028668985977263084,-0.006298860224416544,0.21279807708714055,0.12428942686852168,0.10066131723564002,-0.024078238270548967,-0.023416187028265756,-0.08172353660951728,0.1179623657519494,0.10726385630249094,0.046178987281289,-0.01841804437231922,-0.017709346965515786,-0.011309629472948474,0.2187787354537668,0.14807869524349665,0.10415308924549112,-0.02259089796832634,-0.02423001238656786,-0.011204234443194459,0.08555335413440888,0.07530836047618279,0.0655225078381329,0.007469328337745451,0.007416719018724463
Aggregate_feature_39,0.04147415420778701,0.08178798465975413,0.08200666589446601,0.05603047848096961,-0.016597373451120598,-0.016196762748640018,0.023038496482671807,0.02144926726783288,-0.01174544756575402,0.022040745055480936,0.006585544998775468,0.004888584062782597,-0.013936798400542483,0.024353373270917415,0.024177249135928447,-0.007099897314047368,-0.0013374340472036836,-0.0012118060603637489,-0.038688403881528936,-0.009736796954958953,0.01825375316795412,-0.024941841376534168,-0.0020810786597976944,-0.002235791680717442,0.00971913696149553,0.054923893247789596,0.03885842907886234,0.018963979342174628,-0.012137162892682803,-0.00900444233528148,0.005842574633899983,0.020798965051233013,0.009695167897372218,0.011943445654600801,-0.0035142254457650834,-0.001630515903411229,0.052562707250998646,0.8833049081079626,1.0,0.9654133992553451,-0.03386620251558214,-0.03212994204363696,0.019608067235749364,0.02061116821924813,-0.013687024906020216,0.015566609861866695,-0.0393380073069226,-0.040564485759131165,0.0016973942093092705,0.12013938452649253,0.10677394845809493,0.09303380557561626,-0.04241240063050225,-0.04227536127931416,-0.04829736668000539,0.08287404580193025,0.11182121460802781,0.029148967997143727,-0.03147716076908077,-0.031226466662867363,-0.01290138427409483,0.14146453270070888,0.142773376108255,0.104012595419114,-0.03998842949190373,-0.04081491617668502,-0.013047951357332574,0.04087828955216451,0.040718533308148036,0.038129249282987866,0.00338994180868803,0.00416259592820136
Aggregate_feature_40,0.03566495277810551,0.08088899629545128,0.07865624634301892,0.04995743389540045,-0.01887284776092406,-0.019829765373835562,0.006278345882023684,0.0036574149049299898,-0.012955806853946835,0.004483131306221924,0.008912403077265891,0.008095451167099452,-0.01683947363479532,0.026480391614580524,0.02549148859147992,-0.009318967694037917,-0.002160163565089802,-0.0021402231325451547,-0.05336903161374336,-0.022644138998595208,0.016388926805691442,-0.039323789548770534,-0.001158094793229601,-0.00126637122176953,0.006615612562765712,0.057456847217375616,0.037259508225046936,0.014316563733405513,-0.013445742350329153,-0.010724604775942339,0.004236960828606711,0.022230236574502713,0.009868840123430459,0.008601673227766527,-0.00219440984843429,-0.0009286444123311698,0.24995897679826692,0.7948769665431504,0.9654133992553451,1.0,-0.03882591174280422,-0.03821236087741311,0.0026448051195387457,-0.005239689320544441,-0.02732305443088406,-0.002690039422307409,-0.042219908640646855,-0.043417432473883986,0.022435377227223177,0.0855051955868089,0.09089272559606909,0.0882785438488703,-0.048006098653048744,-0.04793216956468408,-0.021753976724637344,0.06931239782456754,0.09587226339804213,0.030612066560386335,-0.03491652422234389,-0.034779714841584077,0.025170818069012318,0.11446587508179759,0.12893352694947902,0.11466967729338845,-0.04529286886118768,-0.04565188120850217,0.03494263243962639,0.03243274224984564,0.033172243794178984,0.03777517248386156,0.0007227264636117666,0.0014174533173814628
Aggregate_feature_41,0.004013007493766641,-0.0034636108329267443,-0.035658175862936174,-0.006075535372331908,0.03666064218518186,0.0377786239762085,0.03749231707377993,0.043536507437134955,0.01321577241921402,0.0425398254106261,0.008072313745587461,0.007133241633110449,0.013349719723138113,0.00846528935254855,-0.005078969046204897,0.00839896692860338,0.005785054881414658,0.010248900591645058,0.07132927199162083,0.05727570147203343,-0.0366578139751305,0.07031906292320383,0.007743713130311714,0.007071340823412151,0.013225005616160081,0.011006573313181698,0.002587148909467772,0.013453537035711892,-0.0034076597570460174,-0.004661120487559241,-0.013160226349804174,-0.03901989255246078,-0.0480139855578289,-0.03196776637438091,-0.010952773354522065,-0.009820457846432706,-0.00394265108312224,-0.013452234170090789,-0.03386620251558214,-0.03882591174280422,1.0,0.9934417475033197,0.04164769378620277,0.051316719565725775,0.03108338129014055,0.04557094079367023,-0.005985842655627749,-0.00850371576463837,0.0003425287624006969,-0.01649010703721624,-0.041710294973717456,-0.03845092566604271,0.3692077738241587,0.36808471095335676,0.03728154370572859,-0.013592958035349718,-0.08520389083276643,0.019155821160009547,0.2825003141494565,0.28312218215646345,0.006158052167479925,-0.021850268143056593,-0.052504960278489,-0.039379163928967925,0.32601669971809827,0.32451388617242977,-0.002783588214372055,0.004919606672907957,0.0023074049213850844,-0.0008616100439290308,0.1422912162413455,0.14069441292638493
Aggregate_feature_42,0.0058436764137019,-0.0017776874517168772,-0.03490324970875976,-0.004111510775585269,0.03724538210969799,0.038650918773745546,0.041227265377625694,0.04732322029345049,0.012303991478824059,0.04634905066838332,0.010406974705639694,0.00930192412439646,0.013969194666072299,0.010289311307156561,-0.0032833680127016384,0.009824829678461999,0.005484692576247508,0.009692389052067537,0.07417295056404753,0.06067523198535761,-0.036367861420813594,0.0740402820096318,0.0075676294692768094,0.0068211231327484365,0.015984681150514154,0.013778604680614813,0.0042113874940525675,0.016493430993243154,-0.003484232273531777,-0.004581443547036534,-0.013733688063324357,-0.03889590012332329,-0.047849810518360736,-0.03243305842686493,-0.012005422329381482,-0.010990149419615059,-0.004482026823110493,-0.008367148696266218,-0.03212994204363696,-0.03821236087741311,0.9934417475033197,1.0,0.045255560053068467,0.05690863170275361,0.033288576572037154,0.0493089519691055,-0.0057497649142681925,-0.007992971745046831,-0.000606353482148962,-0.009247483981816499,-0.03839343282155872,-0.036607016000751044,0.3691595120342688,0.36925325518936947,0.03470594017166232,-0.00864617893318581,-0.08281896323686262,0.021544127423279477,0.2823384039152461,0.2830032708928816,0.005237716450167533,-0.013489209038173222,-0.04847187268759636,-0.037020614147315486,0.32644030408806723,0.32586433263334674,-0.0042681553947993296,0.0019192908573220763,-0.0006892768134520411,-0.0029680786820064885,0.14325114600636626,0.14230194755845374
Aggregate_feature_43,0.03194595839097433,0.008376489804166599,-0.06794330596523518,0.01373744448684115,0.06868096716634316,0.07220757525712529,0.9363570248145239,0.9616090650822479,-0.08512522593837918,0.9587653712867445,0.060170280571782586,0.06050558017508161,0.22141196928551657,0.269690904078154,0.15633958872837114,0.2635867348573522,-0.015422941057530821,-0.014642242036650665,0.5383313658283657,0.5123125037058154,-0.08232935961115345,0.5889553373292389,-0.02044436191926934,-0.019993241660663245,0.04958788879816143,0.12204370696055836,0.1070445560831551,0.07587280998255155,-0.02461152887314206,-0.0238471501826901,0.008658822497476138,-0.07105434538812531,-0.10086983607702739,-0.03356306070139132,0.013433154291398096,0.014708887994910684,-0.037402511329930506,0.04392715742882174,0.019608067235749364,0.0026448051195387457,0.04164769378620277,0.045255560053068467,1.0,0.9102667781012891,0.05479174873858313,0.9844231007293615,-0.034320025756825016,-0.036028230581875514,0.11449637277585366,0.31911501371022594,0.3100771501770848,0.3183482882634697,0.026957998350360623,0.026952511714087923,0.48684131520616264,0.5300211373049544,-0.002682014271231331,0.6059724928912129,0.0470428085746706,0.047311710833712106,0.03176769634305038,0.1018806499471103,0.07183121709448459,0.06258400739968295,0.0062585905042162136,0.00575679201985012,0.014975308643560352,0.014850369675228845,0.03942781211808739,0.0839846846105232,-0.07325920042196307,-0.07166934839437002
Aggregate_feature_44,0.03671059098014572,0.012951437646039454,-0.0679686053594255,0.018038239466568025,0.07979577888770875,0.08489625035270137,0.8519760213576051,0.8754050044569818,-0.07698410582068803,0.8725416224196114,0.05397508950460624,0.05338493713180349,0.2547068428351523,0.28241291050391276,0.1371615075688856,0.287199055858778,-0.0070050217863135535,-0.005500477301304886,0.5127985171368027,0.4918064450713662,-0.08497985669608424,0.5641004238218331,-0.014305583112976195,-0.013827788838869143,0.05344003247441972,0.12434914003138854,0.10062510775384416,0.07749822191812432,-0.02457117183304867,-0.023333331550029226,0.04203235530610703,-0.049303128796591246,-0.10353903419921727,-0.004371456701073464,0.018580239915489894,0.02020990565295107,-0.05454739239450406,0.0697338330937795,0.02061116821924813,-0.005239689320544441,0.051316719565725775,0.05690863170275361,0.9102667781012891,1.0,0.42712478548015376,0.9589428481053793,-0.03257488706017957,-0.034640730368029164,0.07729225345842998,0.3518394830300925,0.30758869258430094,0.3028222338804976,0.03490620286866346,0.0350244269956183,0.4217251810306413,0.5380387618936507,0.017553775718960215,0.5784763448687786,0.054653381305510826,0.05506169709779899,0.06924038135943125,0.21515986178437765,0.12975714558621224,0.12919063691358879,0.014051092523039939,0.013845311853424353,-0.027126799456794557,0.054099020800177665,0.057287584830965195,0.08373564858213073,-0.05759076317727333,-0.05661093887242651
Aggregate_feature_45,0.02052724008892977,-0.007335596177364167,-0.0431090231443209,0.010314151311215682,0.02665626546601719,0.026108324437138425,0.04901512520433193,0.0516995310776036,-0.0024275185621473122,0.0506748751010238,-0.005141272438814897,-0.005646546049238399,0.1898539507543881,0.10398355502978898,-0.027457306270361245,0.16620437854388115,0.0030425457059763956,0.0030479167006026452,0.11694772256337442,0.07136807940206101,-0.07433719127056597,0.1019965408281107,0.0011073331613833727,0.000649784518033,0.013092782224134706,-0.013155748146390193,-0.029279990263421953,0.0035042788920714484,-0.011487081004046242,-0.011589544742652808,0.12118102516071254,0.055325829341549636,-0.03693395706662378,0.09429631336040631,0.00795698425848632,0.007524119993808551,-0.049630157211577534,0.004909363154218235,-0.013687024906020216,-0.02732305443088406,0.03108338129014055,0.033288576572037154,0.05479174873858313,0.42712478548015376,1.0,0.22768405765781793,-0.011275509256454461,-0.012219734462082082,-0.04892501759731626,0.04945571175886364,0.04003800314125103,0.018421465872557975,0.021989628364997012,0.021224300034942127,0.06350978331826419,0.1154788177398467,0.011472521208842748,0.10299175347613787,0.025216281230145302,0.02540112726418166,0.14975670001460975,0.1781566629082465,0.12610124151900912,0.17485898674197217,0.015652734744099946,0.015726427751837958,-0.09109143754622714,0.042652516034256266,0.024524575983551296,0.003084307073768899,0.0182105387495453,0.01750866355038704
Aggregate_feature_46,0.034849898617055834,0.00588203198748812,-0.07493810198597287,0.015127791944745467,0.07043496594665291,0.07352197499029164,0.921271263393212,0.9464003549475447,-0.08322664016537128,0.9434339165516559,0.057777882961585675,0.058128291094040524,0.2507275203180303,0.2807034232979467,0.14657684559780523,0.2872145557177306,-0.01491379712656115,-0.014307105842563684,0.5463054717154138,0.5109402171784425,-0.09480933573324116,0.5917767282316679,-0.019948640445554004,-0.019587704503717603,0.05005795971381968,0.1143290948407304,0.09742486184410587,0.073536058948242,-0.026144169881673528,-0.02549729890933811,0.031079776908056512,-0.05866451200929495,-0.1047589714334626,-0.01494118524088356,0.014258377812303049,0.015374226591075256,-0.04477454802337812,0.041043483018569846,0.015566609861866695,-0.002690039422307409,0.04557094079367023,0.0493089519691055,0.9844231007293615,0.9589428481053793,0.22768405765781793,1.0,-0.03562646634624585,-0.037414801507602576,0.10384927165847523,0.3141958455732808,0.3070472999165571,0.31178698936938576,0.02982916286564206,0.029662983741292583,0.48976294878157245,0.534157770621584,-0.0026300783095552153,0.6085959538299756,0.049914063369301626,0.050194208967397264,0.05899908606606833,0.12444304524332657,0.08988142014098997,0.09086907177294218,0.008553041256603115,0.008053651570526229,-0.0005031228461419606,0.019190476149460553,0.040654559898118496,0.08090825883882696,-0.06862389012544426,-0.0671253232666797
Aggregate_feature_47,-0.002528276099505964,0.007134771688158927,0.004869587760587888,-0.0022246728110313714,-0.011437369067782944,-0.011139010650992199,-0.03856013199973834,-0.035891603064620116,0.01440849466674907,-0.036187465772717024,-0.02983699239177283,-0.03350721023398841,0.014243014792634387,0.011793872727010494,0.0019756622992292546,0.016192847332204306,0.02101207764392377,0.023403197853410117,0.002888048198609716,0.02496069997039857,0.02452210832763984,0.012700041017567604,0.002113982338496146,0.0016081813248444213,-0.0013645752613743825,0.0016375661596375833,-9.163361687235273e-05,-0.0012927022794345364,0.017995207972989605,0.01645097936745108,-0.005786657192620552,0.0020873451296299613,0.00025068811969670263,-0.0037225405758196228,-0.014880952522454445,-0.01445768566091552,-0.009450143112826284,-0.027867232159266914,-0.0393380073069226,-0.042219908640646855,-0.005985842655627749,-0.0057497649142681925,-0.034320025756825016,-0.03257488706017957,-0.011275509256454461,-0.03562646634624585,1.0,0.9928914219172978,0.010437302122592793,0.003714025379458825,-0.0020260733740009042,0.0025826898581397476,0.08880295216153702,0.08693592562831151,0.011917476646334168,-0.03532116242201282,-0.06678746326357736,-0.014020048206916245,0.0882087684419329,0.0886305572440753,0.01522052329169303,-0.027310603476144436,-0.047373737513721835,-0.028754618707898538,0.28609373702304175,0.2857832840037867,0.0048217375035254535,0.011018555065740216,0.014450853752477469,0.020325789424717165,-0.16504791946347153,-0.16616035106358967
Aggregate_feature_48,-0.005007465564466805,0.006007071214425116,0.0032798104801189283,-0.005123239308270936,-0.016366477975324558,-0.015841342958949144,-0.04043229544149698,-0.03774475669373628,0.015345588191839168,-0.038079564257081255,-0.03521726444497997,-0.03879329996060314,0.014438924300760282,0.010787424285603558,-0.0006390515161860224,0.014834692166269056,0.020481925596733928,0.022546220407631035,0.001526662750885657,0.02181467830604734,0.022678324979192564,0.010475128012363853,0.0018888489518549057,0.0012936507059851331,0.0012461560297997519,0.003058419920483908,-0.0016184069848814216,0.0006828830474076106,0.019806364825970167,0.018350616281818416,-0.006178444217792986,0.00035592316883690665,-0.0015613251793749133,-0.005124180176232029,-0.016263760130905726,-0.016164207821381928,-0.009685031528008698,-0.028668985977263084,-0.040564485759131165,-0.043417432473883986,-0.00850371576463837,-0.007992971745046831,-0.036028230581875514,-0.034640730368029164,-0.012219734462082082,-0.037414801507602576,0.9928914219172978,1.0,0.01020491239360195,0.0036816413256060437,-0.002316495140014662,0.0020583985421467983,0.08866676950685352,0.08706609868189141,0.010570642638647204,-0.040170967116990204,-0.06910338045649923,-0.017629339703170085,0.08813034854457541,0.08838649823883836,0.014960913220295689,-0.027667555780664082,-0.04759250046979843,-0.029316192291045578,0.28605415799796513,0.2863597728807345,0.006015497611691323,0.008427521565976068,0.011942528119081667,0.01877343647381358,-0.16532194815089454,-0.16603326757660408
Aggregate_feature_49,0.008790203735060039,-0.005415144532904753,-0.022552668488565058,0.0035610906780703896,0.006952011594880846,0.0057247687300961666,0.10741386812076484,0.11192664503775764,-0.0036725765149352957,0.11117723929506731,0.015792000415630676,0.015017639865910176,0.08128877535503139,0.06770153589208826,0.028212855374411143,0.08711697637318648,-0.008480182146737613,-0.00956033991064489,0.11209726332243176,0.09238621257212062,-0.03020203599470457,0.11347664448267755,-0.02207554461672563,-0.021914166143500134,0.007386020689740183,0.0075302307730351365,-0.0063419550945249354,0.004315514645028097,0.004989212090342228,0.0049075308481464006,0.02101909548005781,-0.0037676465036979886,-0.024692482680021142,0.008363763933565744,-0.008672723082711624,-0.008896549438039966,0.0865639375411347,-0.006298860224416544,0.0016973942093092705,0.022435377227223177,0.0003425287624006969,-0.000606353482148962,0.11449637277585366,0.07729225345842998,-0.04892501759731626,0.10384927165847523,0.010437302122592793,0.01020491239360195,1.0,0.16108071360303852,0.06689049695742443,0.38832828701680727,0.014424272200006515,0.01350125690537479,0.26709456169704676,0.13272163982186566,-0.12005522506618523,0.22141720893622824,0.022345346227151848,0.022414973537322736,0.5309279210951743,0.10739592798666267,0.0216065987177864,0.2814143386570407,0.025249203854509624,0.024648193140066568,0.14642157166017247,-0.002497581190822345,0.007299904583182619,0.0450644005534958,-0.015562683716513422,-0.015705415953914902
Aggregate_feature_50,0.0298506922560056,0.06986087676380656,0.026088695096428433,0.03077747199272844,0.04847456543798096,0.060461288413926555,0.3228905674908516,0.332590061035594,-0.02551021729005264,0.33139233977465343,0.021300780496784834,0.014328065645186076,0.06709567316718103,0.18967349526879698,0.1277751678453416,0.10533059114105604,0.01582129398428675,0.023707992260294977,0.18238035950175888,0.25562000780733035,0.026257448650063468,0.2542291511687325,-0.003268585000538499,-0.00334878116909541,0.033261504578879886,0.16364336654949788,0.12608067860308075,0.0642573411227087,0.015314192333466366,0.019184599595134414,-0.02382071212573688,-0.03487175727809816,-0.032581829879816816,-0.03282408514858025,0.005718174618211566,0.00899844210024773,-0.019760054761628048,0.21279807708714055,0.12013938452649253,0.0855051955868089,-0.01649010703721624,-0.009247483981816499,0.31911501371022594,0.3518394830300925,0.04945571175886364,0.3141958455732808,0.003714025379458825,0.0036816413256060437,0.16108071360303852,1.0,0.8980563152614759,0.8649965946630401,-0.02967832056332836,-0.025084103884025363,0.05568407527457238,0.4475298035259693,0.20041828932479044,0.349427826599402,-0.0010514894338284225,-0.0005745302780798166,0.08253023941877007,0.6399387991733528,0.5202508207355333,0.4729140903722049,-0.020788236320018697,-0.020672644701037607,-0.04727611699916685,0.063079092545329,0.07253547758961515,0.10863816395075726,-0.018128699498915556,-0.017158731106744988
Aggregate_feature_51,0.02621124337221879,0.03850474091927567,-0.0032272190692981544,0.022790307956117563,0.02699976330790183,0.031691961208406005,0.3142450032418978,0.3239971180361661,-0.02258411502904852,0.32269317585681373,0.01965903910324956,0.016756217249094343,0.08774129429771253,0.1479105355717176,0.09256655779847,0.11372270117065604,0.0026410433515642743,0.00874619271345939,0.20368124801879034,0.2232730917895202,-0.010115494863290012,0.23969138042464702,-0.01323955314544454,-0.013351246146910807,0.02224207668407954,0.08983954272848892,0.07307948665979568,0.04100940786589707,0.007592138352923932,0.008877864441108666,-0.010431545480237956,-0.031444100771820645,-0.03577908532953817,-0.022480336341696126,-0.006021939091016813,-0.003995568605662167,-0.02108799719734778,0.12428942686852168,0.10677394845809493,0.09089272559606909,-0.041710294973717456,-0.03839343282155872,0.3100771501770848,0.30758869258430094,0.04003800314125103,0.3070472999165571,-0.0020260733740009042,-0.002316495140014662,0.06689049695742443,0.8980563152614759,1.0,0.9300652451411036,-0.05698566897669201,-0.05477897383891721,0.13842857126625926,0.4233864249884276,0.22533209237905352,0.35067047333450924,-0.023339614671901845,-0.023159149874371492,0.050967267152601504,0.5285842970526887,0.5559731666887238,0.4836107573791285,-0.046428976097913896,-0.04687745823623197,-0.04661279091632006,0.03621625355749452,0.06531115157478228,0.11119158358320388,-0.03005424904513855,-0.029226533642422465
Aggregate_feature_52,0.022824241787233652,0.02710616642906848,-0.00907546750266972,0.01860582563884795,0.030642041049419446,0.03513310920126024,0.31978439793642904,0.330101665100835,-0.021667216932776498,0.32867434807290596,0.02283344362839011,0.020826488118402164,0.10418681442381154,0.15479047005014454,0.09802246607605405,0.1314597508914739,0.00537988082436783,0.01143371335899133,0.21993195110557848,0.2322360506665587,-0.014331588911585483,0.2532182685026377,-0.021940336655092752,-0.021415385199265953,0.020040914339081957,0.077047423835402,0.06412767200498883,0.03673335258748458,0.015593553440799157,0.016565852990263984,-0.002920563586329706,-0.031050455784717493,-0.04116946017930244,-0.018287916407612428,-0.007459354770112385,-0.004998525204642651,0.009409454193935527,0.10066131723564002,0.09303380557561626,0.0882785438488703,-0.03845092566604271,-0.036607016000751044,0.3183482882634697,0.3028222338804976,0.018421465872557975,0.31178698936938576,0.0025826898581397476,0.0020583985421467983,0.38832828701680727,0.8649965946630401,0.9300652451411036,1.0,-0.047731874283347304,-0.04674661110157454,0.2155371589818439,0.42744883702545416,0.1621364490752928,0.39742676959256185,-0.014111675129887816,-0.013930607518724738,0.21976825604819386,0.5118641026718375,0.5090651359789574,0.5478611015085936,-0.033880774184499286,-0.034487484830667756,0.006601679471919052,0.03112741917454665,0.06138347954477392,0.11624495649163409,-0.03405357635011712,-0.03301186735469015
Aggregate_feature_53,-0.007032080055776804,0.012634743691947274,0.012979692644799957,-0.00550244848050605,0.0077168006168484935,0.006546550234408263,0.024822203295837102,0.02754367718643604,0.004857846398591416,0.026906149232024903,0.002273198885895995,0.0009526547409799877,0.024310541051642306,0.03984868206139143,0.024381168361456117,0.030848740668677863,0.009989017571445075,0.01410376851529127,0.039855450785469225,0.07383419108943348,0.03067662575182758,0.06197604076727142,0.005192302904436303,0.0066102642375232105,0.017900448453844045,0.039219698249606375,0.02572387983657449,0.02362992612658664,0.0061125172403479235,0.007155775908394249,-0.009952741172280866,-0.010449019748233217,-0.015067980399712086,-0.01492455727824617,-0.01904198579419999,-0.017285077683313676,-0.014021431198958144,-0.024078238270548967,-0.04241240063050225,-0.048006098653048744,0.3692077738241587,0.3691595120342688,0.026957998350360623,0.03490620286866346,0.021989628364997012,0.02982916286564206,0.08880295216153702,0.08866676950685352,0.014424272200006515,-0.02967832056332836,-0.05698566897669201,-0.047731874283347304,1.0,0.9945852564891092,0.04124423253885327,-0.05569812973669661,-0.13713352433392936,-0.004455396241762978,0.5074021412882003,0.5088025933002094,0.022759333055053163,-0.04193682213677097,-0.07940236279550451,-0.05171650523039588,0.6472094701858393,0.645418877665177,0.0032293069574645277,0.010948749251222547,0.011730620038602493,0.014320778632885235,0.13458191391173244,0.1321328202580281
Aggregate_feature_54,-0.00775944493455325,0.013522797594962242,0.014026575337729897,-0.006085449409164007,0.009179385678593536,0.00803216558375011,0.024883244919814324,0.027518224608435997,0.004400822857759168,0.026913542905518888,0.0009945875534475865,-0.0005235117855231129,0.023809766943332717,0.04051646012696986,0.02520287714141272,0.030475957085773227,0.0105797386040037,0.014873249957652995,0.038850751348979085,0.07475820837776345,0.03255626346485245,0.06209198042696825,0.006645880206820702,0.008046555189120314,0.018801684415692202,0.03985379914686758,0.025551671649206728,0.024331963553778573,0.006219170223286332,0.007388320349628659,-0.010494810567395083,-0.009175687590225603,-0.01369624779048694,-0.014806011193989332,-0.018891795424280065,-0.016942815496537363,-0.0142437774361373,-0.023416187028265756,-0.04227536127931416,-0.04793216956468408,0.36808471095335676,0.36925325518936947,0.026952511714087923,0.0350244269956183,0.021224300034942127,0.029662983741292583,0.08693592562831151,0.08706609868189141,0.01350125690537479,-0.025084103884025363,-0.05477897383891721,-0.04674661110157454,0.9945852564891092,1.0,0.03795429600338794,-0.05363502165837963,-0.13429361111565233,-0.00466830874896665,0.5081928151210047,0.5094812600044399,0.022054679858129714,-0.03706886977517192,-0.07677573743947066,-0.05047322155130001,0.6432697490101088,0.6448363759696794,0.002560499384716244,0.010605470434361894,0.011112596956270737,0.013821627416289122,0.13712340807379883,0.1351518677924173
Aggregate_feature_55,0.012276620747279785,-0.029441095954791333,-0.1010508277141476,-0.013024252691363992,0.05853329845972917,0.056385999727279895,0.4644267570235209,0.4892963822205408,0.0034416351352623505,0.484779069943429,0.04474311464283167,0.04986852012384423,0.2099964762878768,0.1772887864938428,0.07513414642612437,0.22312171630071545,-0.003389453770363288,-0.005623484350212325,0.4905852205323336,0.4547139690548758,-0.08227064002491533,0.5105273165488887,0.0009974723059310352,0.0008518099303434229,0.008787324683307365,0.020527485930898867,0.023334391451354436,0.01310315034058088,0.0030155900784470204,0.0014075803695765465,0.02985646825974579,-0.04058576565864097,-0.09762497603997451,-0.016359305871889107,-0.022139800023135304,-0.022260070358391875,0.06686406213343461,-0.08172353660951728,-0.04829736668000539,-0.021753976724637344,0.03728154370572859,0.03470594017166232,0.48684131520616264,0.4217251810306413,0.06350978331826419,0.48976294878157245,0.011917476646334168,0.010570642638647204,0.26709456169704676,0.05568407527457238,0.13842857126625926,0.2155371589818439,0.04124423253885327,0.03795429600338794,1.0,0.4946726957853121,-0.45499568645497196,0.8245879774136302,0.07185742998616014,0.0719919625203296,0.21979068673938212,-0.06196592223573469,-0.0144550006153722,0.10348378001681074,0.037465839419945524,0.03682293812048691,0.10888445849210918,-0.026327906784668835,0.012653140440680444,0.07797821812074408,-0.07171177918330741,-0.0721510250574162
Aggregate_feature_56,0.01491618407487676,0.014631328720979404,-0.050036241515665277,-0.0036535256565376328,0.10242535868381361,0.1086990068140591,0.5103116312165824,0.536656925696296,0.0039017647574548023,0.5318388014852302,0.07482045445980381,0.07340988766887464,0.1485830241189697,0.20874967191542834,0.1259379916972521,0.18286468969713038,0.00414701497065548,0.005844820137250335,0.3827986070774484,0.4366644140987119,0.0032045951367047935,0.45417713948287547,0.0075058281594333875,0.007796132678852609,0.044519664551986075,0.1265764123863814,0.10239767726767093,0.0679563639608845,-0.009146660754295696,-0.007804005215238117,-0.026866267403248115,-0.058527458533473214,-0.0642261578503727,-0.055523390337873436,0.009997064387342724,0.01294843875804763,0.005178549024676912,0.1179623657519494,0.08287404580193025,0.06931239782456754,-0.013592958035349718,-0.00864617893318581,0.5300211373049544,0.5380387618936507,0.1154788177398467,0.534157770621584,-0.03532116242201282,-0.040170967116990204,0.13272163982186566,0.4475298035259693,0.4233864249884276,0.42744883702545416,-0.05569812973669661,-0.05363502165837963,0.4946726957853121,1.0,0.44419063864920433,0.8803836270239268,-0.046151492727362256,-0.046074285645465334,0.08560208451451688,0.3946402332836867,0.3428084196072248,0.33090124521104725,-0.0623030434286214,-0.0618593747913345,0.000544108773101159,0.06502487373158605,0.09106406873641842,0.1468664346310737,-0.04964495223419631,-0.04971715591989292
Aggregate_feature_57,-0.0091465313262913,0.0025236374389873816,0.021985341998472446,-0.006207553697173348,0.0031562441130921306,0.0033077923523943537,-0.0020473340880415953,-0.0006700070860013993,0.00941530342588475,-0.0010847672522300764,0.032357514834659686,0.0300856649819205,-0.04842057421449834,-0.025456882983968282,0.005204572550171625,-0.0431431260765525,-0.016060235376367766,-0.015392749438633774,-0.12983912724428942,-0.1065810380462519,0.044395883309239714,-0.12675539422208085,-0.00792751576887279,-0.007877204726078484,0.021737170187992826,0.014651595229586112,0.009354304720173822,0.02428068407239608,-0.023790521098449206,-0.023588918474170887,-0.03490061614711721,-0.001052354292394565,0.04568243128312643,-0.01652908993410705,0.01525787849894377,0.015654451837945237,-0.047489467171890266,0.10726385630249094,0.11182121460802781,0.09587226339804213,-0.08520389083276643,-0.08281896323686262,-0.002682014271231331,0.017553775718960215,0.011472521208842748,-0.0026300783095552153,-0.06678746326357736,-0.06910338045649923,-0.12005522506618523,0.20041828932479044,0.22533209237905352,0.1621364490752928,-0.13713352433392936,-0.13429361111565233,-0.45499568645497196,0.44419063864920433,1.0,0.004211455235981696,-0.166621806848959,-0.16684150003169884,-0.11697971799905506,0.257053319883529,0.30578780141278095,0.18255965104010374,-0.13795947598170938,-0.13768069382716638,-0.07804412822147638,0.03294587266152066,0.03960693479417966,0.041083001834912786,0.011889388912683253,0.011977011978958941
Aggregate_feature_58,0.01721012316873609,0.00029881309930322167,-0.07813766230019795,-0.006689584513619622,0.10332041671994767,0.10829717697145144,0.582342091355659,0.6123032527431893,0.0014705572163411027,0.6069205794572391,0.07332789674666189,0.07460305700775302,0.20148502899600404,0.23476564978041317,0.12736518813626233,0.23286527081380368,0.007803533424616079,0.008846657586218755,0.5097999428036457,0.5362427390848394,-0.034136369047634584,0.5745839138322147,0.007317955953217419,0.007632665694865281,0.03116590338353913,0.10472546072239738,0.09067258634830715,0.051966013177361936,0.0011496277996540366,0.0017306838370912,-0.0031653920763870585,-0.06071272142451193,-0.09425159461058165,-0.045762437153936755,-0.000977453130672624,0.0010621716513642002,0.03684378881167376,0.046178987281289,0.029148967997143727,0.030612066560386335,0.019155821160009547,0.021544127423279477,0.6059724928912129,0.5784763448687786,0.10299175347613787,0.6085959538299756,-0.014020048206916245,-0.017629339703170085,0.22141720893622824,0.349427826599402,0.35067047333450924,0.39742676959256185,-0.004455396241762978,-0.00466830874896665,0.8245879774136302,0.8803836270239268,0.004211455235981696,1.0,0.01982225658118363,0.01971814060504461,0.16709584292787102,0.24717026717060822,0.2122146347082524,0.2734535877015324,-0.011437917353872841,-0.011585500964333235,0.053081628092607386,0.02347733968966844,0.05890277961912112,0.12929534569440995,-0.06876189800527382,-0.06858437895069223
Aggregate_feature_59,0.0014905954401841332,0.0060326654944707625,-0.017929454291190965,-0.0037962327704867296,0.016806582761227137,0.016825995085146702,0.04395436386134367,0.04929873538436742,0.013856184231815427,0.048156751561317775,-0.00839832241449064,-0.008422505435117753,0.0377871985359424,0.044804326276077354,0.018768770340645616,0.03920031416264995,0.02238291211868255,0.02387560713720969,0.1017393989443531,0.11913708863501786,0.002746478850546119,0.1191638790781387,0.009175158288002742,0.010506864209957043,0.010635611292967573,0.032359755264044596,0.025505902390775423,0.01647408487025639,0.02445371022857158,0.024905764463893507,-0.005765464647535218,-0.017992451687884305,-0.030405718080677706,-0.018995264808664345,-0.011721711512443585,-0.01181870928344887,-0.010199270102194836,-0.01841804437231922,-0.03147716076908077,-0.03491652422234389,0.2825003141494565,0.2823384039152461,0.0470428085746706,0.054653381305510826,0.025216281230145302,0.049914063369301626,0.0882087684419329,0.08813034854457541,0.022345346227151848,-0.0010514894338284225,-0.023339614671901845,-0.014111675129887816,0.5074021412882003,0.5081928151210047,0.07185742998616014,-0.046151492727362256,-0.166621806848959,0.01982225658118363,1.0,0.9989759341184624,0.024449182233559304,-0.022573753584845598,-0.05935306674446757,-0.033956552454094596,0.42661910523869234,0.4272660263922734,0.0011922289645055028,0.01384701389659113,0.013360234334803048,0.013434432207141474,0.11962457236251427,0.1193526808881653
Aggregate_feature_60,0.0021661109809955835,0.006517582099957463,-0.01838505908653597,-0.0032221449238913668,0.016421047687354928,0.01631988472430317,0.044267891912680275,0.049574924979331726,0.013282807609807436,0.048457687540399745,-0.008107341940759604,-0.008113291124559972,0.03808412805733986,0.04529618898512094,0.018624150732803196,0.03949928574048884,0.021831387249274904,0.023253067998735916,0.10219633598668673,0.11974456118196963,0.0025606550522239975,0.1197048468684543,0.00889029878456663,0.010124139334443047,0.010932890738230104,0.03280692435669251,0.02522185222576855,0.016625904921417488,0.024343320879404873,0.02483170428390813,-0.0057311206146026415,-0.017759791435517803,-0.030308080316621744,-0.018780151486717345,-0.012580233603584744,-0.012518148580780226,-0.010119328971617174,-0.017709346965515786,-0.031226466662867363,-0.034779714841584077,0.28312218215646345,0.2830032708928816,0.047311710833712106,0.05506169709779899,0.02540112726418166,0.050194208967397264,0.0886305572440753,0.08838649823883836,0.022414973537322736,-0.0005745302780798166,-0.023159149874371492,-0.013930607518724738,0.5088025933002094,0.5094812600044399,0.0719919625203296,-0.046074285645465334,-0.16684150003169884,0.01971814060504461,0.9989759341184624,1.0,0.02463070232789103,-0.022205792337335634,-0.05933153379774845,-0.034033899411927804,0.42780357149157744,0.4285592366996143,0.0011977403615924863,0.01295402237625416,0.012382079954084727,0.012586304282408336,0.11946912724753964,0.11883691945406594
Aggregate_feature_61,0.0047173611593998915,-0.01675904150386967,-0.030973793582835273,-0.0013049507540599298,0.009128044791211673,0.0060371561330457785,0.010101263925658254,0.011940806159898275,0.0031804006781454347,0.01139358625805654,-0.000996853246247722,-0.0011047080352883146,0.13099234425196454,0.0574371593043308,-0.026699207140369132,0.11252939214668725,-0.01286325399446261,-0.012059887622411315,0.07414637066844251,0.019991608079308807,-0.06711962226813185,0.04903428033606188,-0.013603894237639318,-0.01382998424790769,-0.0049418260284087,-0.03893140835474747,-0.04114610412043737,-0.016480243222218936,-0.005140583906702346,-0.006890782281605706,0.09322693626197036,0.043479761669127,-0.02642302029843686,0.07284843887765717,-0.012121507646498466,-0.013096763263723594,0.17578964650643517,-0.011309629472948474,-0.01290138427409483,0.025170818069012318,0.006158052167479925,0.005237716450167533,0.03176769634305038,0.06924038135943125,0.14975670001460975,0.05899908606606833,0.01522052329169303,0.014960913220295689,0.5309279210951743,0.08253023941877007,0.050967267152601504,0.21976825604819386,0.022759333055053163,0.022054679858129714,0.21979068673938212,0.08560208451451688,-0.11697971799905506,0.16709584292787102,0.024449182233559304,0.02463070232789103,1.0,0.1911444478406589,-0.008817090889619378,0.49175940821491165,0.03352323941466218,0.033099585516728314,0.01421438807425541,-0.007268249472110352,0.0010104453177542288,0.01254975468803762,-0.01800864261130587,-0.018109283783858163
Aggregate_feature_62,0.018108568385044318,0.0461323320009486,0.014957704137267032,0.017360152849886432,0.06527234557055982,0.07655625860057291,0.09247797529505694,0.09924484998535277,0.006887560813369634,0.09790011303170226,0.01955450684072354,0.013512998688881594,0.025791980235170806,0.09538948280078138,0.054945306939300026,0.041220288085076835,0.029100545260110952,0.036544010768461484,0.05925418779422666,0.13308758368762674,0.037657409203733186,0.11506124882933289,0.0057041420603424235,0.006450724159087633,0.03511246349286932,0.11772337976790247,0.07476788823814469,0.051558086898627536,0.022304199461896535,0.026352359559721514,0.0060058409176739274,-0.00186261007542149,-0.020956107844851468,-0.0027760126018689067,0.016690486123190712,0.020770991546813427,0.008957529861183538,0.2187787354537668,0.14146453270070888,0.11446587508179759,-0.021850268143056593,-0.013489209038173222,0.1018806499471103,0.21515986178437765,0.1781566629082465,0.12444304524332657,-0.027310603476144436,-0.027667555780664082,0.10739592798666267,0.6399387991733528,0.5285842970526887,0.5118641026718375,-0.04193682213677097,-0.03706886977517192,-0.06196592223573469,0.3946402332836867,0.257053319883529,0.24717026717060822,-0.022573753584845598,-0.022205792337335634,0.1911444478406589,1.0,0.880063941843315,0.8423180526626807,-0.033342064434648586,-0.03137565446715745,-0.10668341815531986,0.08454559313061918,0.05879319763967838,0.037535305248028256,0.0422494675429302,0.04218177421029517
Aggregate_feature_63,0.015107160856013248,0.0222226894845005,-0.0032629453722966303,0.011830293837739226,0.037856873812436374,0.042784559750162994,0.06338701631650863,0.0712564403686263,0.01737549452005918,0.06954598480862864,0.019951320056230695,0.01633909947517889,0.016424508953233264,0.04490178608753074,0.028342003407144236,0.02436873393370842,0.01713923575158206,0.021972696791292507,0.05118560559456204,0.07896018415342297,0.009388305987023155,0.07268860501671562,-0.003838151893306979,-0.003455855195888793,0.020807687556783683,0.049468158375602596,0.02654941219374586,0.026321572508709572,0.018225957349655566,0.020858954044730184,0.009342424683603811,0.002432293095787529,-0.01479886056888953,0.0023035431906601378,0.0025123757717668022,0.005218906524618389,-0.016529268937898245,0.14807869524349665,0.142773376108255,0.12893352694947902,-0.052504960278489,-0.04847187268759636,0.07183121709448459,0.12975714558621224,0.12610124151900912,0.08988142014098997,-0.047373737513721835,-0.04759250046979843,0.0216065987177864,0.5202508207355333,0.5559731666887238,0.5090651359789574,-0.07940236279550451,-0.07677573743947066,-0.0144550006153722,0.3428084196072248,0.30578780141278095,0.2122146347082524,-0.05935306674446757,-0.05933153379774845,-0.008817090889619378,0.880063941843315,1.0,0.8285118829708968,-0.06875138820954083,-0.06788464000292012,-0.09405078642672679,0.03210834338302317,0.026172822707859957,0.01039946183329436,0.0495679476127363,0.049738031710314455
Aggregate_feature_64,0.00949435882892513,0.001492457889965745,-0.022351608350680365,0.0031038314576753248,0.040480212740480366,0.04378697826243392,0.045427339679847564,0.05179623911931129,0.013767213510932597,0.05035564214790733,0.022320473761141178,0.019810066916327352,0.07479183683966036,0.05826140772643888,0.00857143533866739,0.07181436491644412,0.015832844154863534,0.020831342788299567,0.0808452976200415,0.07874636003913342,-0.01724601855505694,0.0873164809657915,-0.006417061387313157,-0.006252693665342574,0.012088037306372652,0.012485648440121292,-0.0013083585301889395,0.010832943670870145,0.02092881916010618,0.022569217924868275,0.0521700791862107,0.019213119027192964,-0.028083090601007353,0.03520127387185698,0.006388058983857838,0.007929531308064789,0.0728955210677423,0.10415308924549112,0.104012595419114,0.11466967729338845,-0.039379163928967925,-0.037020614147315486,0.06258400739968295,0.12919063691358879,0.17485898674197217,0.09086907177294218,-0.028754618707898538,-0.029316192291045578,0.2814143386570407,0.4729140903722049,0.4836107573791285,0.5478611015085936,-0.05171650523039588,-0.05047322155130001,0.10348378001681074,0.33090124521104725,0.18255965104010374,0.2734535877015324,-0.033956552454094596,-0.034033899411927804,0.49175940821491165,0.8423180526626807,0.8285118829708968,1.0,-0.03698584418276652,-0.036463541342932504,-0.07360027169083741,0.02422402678192944,0.021999647687478488,0.013157001449788493,0.027901335342543774,0.02850606268293529
Aggregate_feature_65,-0.002570784354182235,0.016084945167966012,0.009700615278062482,-0.002238224937387087,-0.006763713375881852,-0.009197317957850119,0.003952865275438056,0.005565140396361063,0.004035335142169924,0.005410659877853848,0.003996388443308447,0.0035349883855192448,0.03696588799709673,0.049010768907239856,0.024862418879156033,0.042407594867288186,0.011439492637524116,0.01442910992845544,0.032644605468067966,0.07322199575306725,0.04095407478401141,0.05745700179595311,0.007909356280944793,0.008460159600148504,0.010454842688181648,0.036047066471065876,0.025528328418629297,0.016100486601883564,0.01272919307893242,0.012812114509096481,0.011372672953274498,0.004834610610371482,-0.014148434432164387,0.005039293838413162,-0.015356338987648408,-0.014512611417767234,-0.012287725852940374,-0.02259089796832634,-0.03998842949190373,-0.04529286886118768,0.32601669971809827,0.32644030408806723,0.0062585905042162136,0.014051092523039939,0.015652734744099946,0.008553041256603115,0.28609373702304175,0.28605415799796513,0.025249203854509624,-0.020788236320018697,-0.046428976097913896,-0.033880774184499286,0.6472094701858393,0.6432697490101088,0.037465839419945524,-0.0623030434286214,-0.13795947598170938,-0.011437917353872841,0.42661910523869234,0.42780357149157744,0.03352323941466218,-0.033342064434648586,-0.06875138820954083,-0.03698584418276652,1.0,0.9957106054767755,0.0035432142235628356,0.009765063588209383,0.011832290948352989,0.016312857915410255,-0.023132859914979254,-0.02591180991625891
Aggregate_feature_66,-0.002959149622736867,0.017719372893005025,0.01142560773033094,-0.002314246078521381,-0.00706269510730891,-0.009258612012197829,0.003500254843493139,0.0050618878360327345,0.003805295163660383,0.004916015475537589,0.004393635416466759,0.0037453801133465513,0.036357938398090386,0.05219425615390847,0.027751543872754802,0.04259495772583963,0.01160488861106174,0.014416319128170162,0.029389958698759877,0.07371419221081377,0.04403736160487661,0.056362354864637636,0.007479435112832953,0.007931259410097534,0.009928433448752,0.03820656610400894,0.027530460928945902,0.015949656057657316,0.01301503297265215,0.013399146096792635,0.010997429533563889,0.006779040566742041,-0.012228950232912433,0.0054560371416420474,-0.015091258247712565,-0.014136512374134335,-0.012450462456005822,-0.02423001238656786,-0.04081491617668502,-0.04565188120850217,0.32451388617242977,0.32586433263334674,0.00575679201985012,0.013845311853424353,0.015726427751837958,0.008053651570526229,0.2857832840037867,0.2863597728807345,0.024648193140066568,-0.020672644701037607,-0.04687745823623197,-0.034487484830667756,0.645418877665177,0.6448363759696794,0.03682293812048691,-0.0618593747913345,-0.13768069382716638,-0.011585500964333235,0.4272660263922734,0.4285592366996143,0.033099585516728314,-0.03137565446715745,-0.06788464000292012,-0.036463541342932504,0.9957106054767755,1.0,0.0031945647863234334,0.013361927411395302,0.015448201412895058,0.019373159440095197,-0.022355928145321675,-0.024801508567237878
Aggregate_feature_67,-0.013484461861175596,0.01753643321974336,0.017082835170815172,-0.010365577037468585,-0.011536299036950456,-0.013745485449353065,0.006943568796582616,0.006377138896413576,-0.003465072886943953,0.006656497696678477,-0.013419839163767502,-0.012057777202699071,-0.016900380250394996,0.09524758201089029,0.10209816507136216,0.021944762439721533,-0.002992181438098853,-0.006538754045063072,-0.04546417949659483,0.030572979143292895,0.057571550958342516,0.0002233040022020567,0.0020728860224313974,0.0016309178736995161,-0.0022475076532479073,0.09059537824834449,0.05877338003229804,0.007374827498634143,0.004278638437935858,0.0022204565489699875,-0.009266855797707186,0.025879239464956738,0.028464819604693235,0.004365830242859653,-0.0014274358783994473,-0.006117127035420372,0.22028988944462016,-0.011204234443194459,-0.013047951357332574,0.03494263243962639,-0.002783588214372055,-0.0042681553947993296,0.014975308643560352,-0.027126799456794557,-0.09109143754622714,-0.0005031228461419606,0.0048217375035254535,0.006015497611691323,0.14642157166017247,-0.04727611699916685,-0.04661279091632006,0.006601679471919052,0.0032293069574645277,0.002560499384716244,0.10888445849210918,0.000544108773101159,-0.07804412822147638,0.053081628092607386,0.0011922289645055028,0.0011977403615924863,0.01421438807425541,-0.10668341815531986,-0.09405078642672679,-0.07360027169083741,0.0035432142235628356,0.0031945647863234334,1.0,0.0034443494472512983,-0.008559240177857575,0.1453584904442634,-0.033587350641570576,-0.03310284544532103
Aggregate_feature_68,-0.0007801484393313291,0.06435683626538335,0.055216672774377654,0.002892833049454697,0.014763458564316096,0.015078530790461607,0.012693886875402094,0.015663374626845306,0.009928976212411612,0.015025149294327883,0.02999570737803798,0.029778595618214748,0.005624151740328146,0.023370878818680472,0.01663820682368518,0.011290191152831397,0.008464841784771658,0.009657890501610086,-0.013928726185952905,0.02318075597643849,0.021222806318404768,-0.0008275574226199391,0.01080282361199439,0.011323338920782813,0.004199185845948858,0.03704559623384226,0.02875877968933894,0.01078493675560405,0.005685091763834482,0.008800964617923344,-0.005587525400045941,-0.004153687463914596,-0.003165663956890145,-0.006614453480911002,0.011043687491934186,0.011353485675599888,-0.00443158874326273,0.08555335413440888,0.04087828955216451,0.03243274224984564,0.004919606672907957,0.0019192908573220763,0.014850369675228845,0.054099020800177665,0.042652516034256266,0.019190476149460553,0.011018555065740216,0.008427521565976068,-0.002497581190822345,0.063079092545329,0.03621625355749452,0.03112741917454665,0.010948749251222547,0.010605470434361894,-0.026327906784668835,0.06502487373158605,0.03294587266152066,0.02347733968966844,0.01384701389659113,0.01295402237625416,-0.007268249472110352,0.08454559313061918,0.03210834338302317,0.02422402678192944,0.009765063588209383,0.013361927411395302,0.0034443494472512983,1.0,0.9644805563033316,0.7970366188665201,-0.015134790264325371,-0.008115051143646124
Aggregate_feature_69,0.00022295691414795055,0.05840260991928874,0.048647234432369825,0.0028938101461404584,0.01114695328111606,0.011063885768006178,0.03306257436830682,0.04149529724273708,0.028876677197552,0.039668834667788325,0.03243222534107442,0.031648568015812194,0.026066836164627398,0.035245255540898364,0.0198558023630474,0.03205679949103348,0.004694029896468797,0.00698662822851335,0.0038688790059309185,0.03649300759674704,0.017925548383472666,0.01570039242224277,0.007760897315505033,0.008045590465626463,0.0027848282530139744,0.030931414011027714,0.027871588642960046,0.009463661136297602,0.003778664009415203,0.00649049883596499,0.0004630883370968826,-0.0015245461625303294,-0.00541425041283203,-0.0020268464758297655,0.005548299702845733,0.0064306785671538426,-0.008268052167774103,0.07530836047618279,0.040718533308148036,0.033172243794178984,0.0023074049213850844,-0.0006892768134520411,0.03942781211808739,0.057287584830965195,0.024524575983551296,0.040654559898118496,0.014450853752477469,0.011942528119081667,0.007299904583182619,0.07253547758961515,0.06531115157478228,0.06138347954477392,0.011730620038602493,0.011112596956270737,0.012653140440680444,0.09106406873641842,0.03960693479417966,0.05890277961912112,0.013360234334803048,0.012382079954084727,0.0010104453177542288,0.05879319763967838,0.026172822707859957,0.021999647687478488,0.011832290948352989,0.015448201412895058,-0.008559240177857575,0.9644805563033316,1.0,0.9116394985706779,-0.020340215769261174,-0.01333390317974411
Aggregate_feature_70,-0.0005402913249110599,0.049259149981114206,0.03873225551921029,0.0013150548573318429,0.0095298454381699,0.009444939139958716,0.06998926870879361,0.0867144200787854,0.056397112428244536,0.08312634888863307,0.028056788196764503,0.026428096202940687,0.05350226755496536,0.07766894690475491,0.04802764157924736,0.06860136189223298,0.0032316727663422597,0.006185027385035322,0.022908222546261254,0.07385178679180063,0.03362379683277909,0.04987333380858464,0.006329031238295701,0.006801097047960602,0.005324732753274291,0.05450976355343928,0.049265337536348805,0.01703223595772296,0.00019926070387095855,0.002796757608073796,0.005359905191781274,0.006623606974180488,-0.0031665082652804753,0.0034093066867143997,-0.0012868325319034064,-4.117465150517307e-05,0.022447781949221313,0.0655225078381329,0.038129249282987866,0.03777517248386156,-0.0008616100439290308,-0.0029680786820064885,0.0839846846105232,0.08373564858213073,0.003084307073768899,0.08090825883882696,0.020325789424717165,0.01877343647381358,0.0450644005534958,0.10863816395075726,0.11119158358320388,0.11624495649163409,0.014320778632885235,0.013821627416289122,0.07797821812074408,0.1468664346310737,0.041083001834912786,0.12929534569440995,0.013434432207141474,0.012586304282408336,0.01254975468803762,0.037535305248028256,0.01039946183329436,0.013157001449788493,0.016312857915410255,0.019373159440095197,0.1453584904442634,0.7970366188665201,0.9116394985706779,1.0,-0.032485001920366886,-0.02607804446345957
Aggregate_feature_71,-0.004512433133490532,0.0026725923988131636,0.01054857678755015,-0.002498182716183516,0.0007847426568605739,0.0030654183805479233,-0.07350925791158597,-0.07594073345237025,0.01083763750072746,-0.07616346112657026,-0.01696355299458748,-0.019701168914530616,-0.011512480980297918,-0.006673585657853619,-0.006513754716222155,-0.01684349390224993,-0.013095852537538578,-0.012270133590932646,-0.06206568370678325,-0.047601511620907914,0.018711293462233217,-0.05825411506615132,-0.0006360515745303531,-0.0013723856289508778,0.009857846467837996,0.018427962570457177,0.01108461468904464,0.011394437952825466,-0.009335235438493239,-0.007559183137608603,0.0007271517744963808,0.0006801441339983645,-0.0024642453356125984,-0.0019794249421827884,-0.0013282168167451313,9.542067920001226e-05,-0.0060391506504486655,0.007469328337745451,0.00338994180868803,0.0007227264636117666,0.1422912162413455,0.14325114600636626,-0.07325920042196307,-0.05759076317727333,0.0182105387495453,-0.06862389012544426,-0.16504791946347153,-0.16532194815089454,-0.015562683716513422,-0.018128699498915556,-0.03005424904513855,-0.03405357635011712,0.13458191391173244,0.13712340807379883,-0.07171177918330741,-0.04964495223419631,0.011889388912683253,-0.06876189800527382,0.11962457236251427,0.11946912724753964,-0.01800864261130587,0.0422494675429302,0.0495679476127363,0.027901335342543774,-0.023132859914979254,-0.022355928145321675,-0.033587350641570576,-0.015134790264325371,-0.020340215769261174,-0.032485001920366886,1.0,0.9946317808287155
Aggregate_feature_72,-0.004698944495121292,0.0033549064313183694,0.011018394601088893,-0.002612633010282371,0.003412405686662659,0.0048655941045095885,-0.07197361307367751,-0.07429015294615557,0.010989701672106755,-0.07454934233481753,-0.01825943346028971,-0.02105846205719835,-0.011894974870924849,-0.006217420718073526,-0.005260881181414882,-0.016703386543898347,-0.011874718297491635,-0.01054265716155357,-0.06179745065958347,-0.04701988543316977,0.019950266737505388,-0.05809031211532871,0.0009247695586382332,0.00041671191080646443,0.008579194638526369,0.01658128235563538,0.010916756478718159,0.01036832707973362,-0.010384079761451821,-0.008519250542468345,0.0008341330561092256,0.0006855137959930039,-0.0022748707634907936,-0.0017392102188669408,-0.0020296116136926325,-0.0013897207478775337,-0.005825985825949296,0.007416719018724463,0.00416259592820136,0.0014174533173814628,0.14069441292638493,0.14230194755845374,-0.07166934839437002,-0.05661093887242651,0.01750866355038704,-0.0671253232666797,-0.16616035106358967,-0.16603326757660408,-0.015705415953914902,-0.017158731106744988,-0.029226533642422465,-0.03301186735469015,0.1321328202580281,0.1351518677924173,-0.0721510250574162,-0.04971715591989292,0.011977011978958941,-0.06858437895069223,0.1193526808881653,0.11883691945406594,-0.018109283783858163,0.04218177421029517,0.049738031710314455,0.02850606268293529,-0.02591180991625891,-0.024801508567237878,-0.03310284544532103,-0.008115051143646124,-0.01333390317974411,-0.02607804446345957,0.9946317808287155,1.0
