txId,time_step,y_true,hgt_score,hgt_predicted
1813992,35,0,0.37946149706840515,0
2234847,35,0,0.374889612197876,0
2364754,35,0,0.43699124455451965,0
2365784,35,0,0.4791713356971741,0
2503693,35,0,0.4965907633304596,0
3838391,35,0,0.40666067600250244,0
4387573,35,0,0.48833081126213074,0
4565154,35,0,0.4435943067073822,0
6722049,35,0,0.4036051332950592,0
7134700,35,1,0.512283444404602,0
7156740,35,0,0.4989710748195648,0
7573937,35,0,0.836532711982727,1
8570131,35,0,0.4096681773662567,0
9009666,35,0,0.4486716687679291,0
9010915,35,0,0.6821293830871582,1
9011388,35,0,0.6519029140472412,0
9012982,35,0,0.5100052952766418,0
9070211,35,0,0.5683121085166931,0
11908050,35,0,0.33792924880981445,0
13489152,35,0,0.6395621299743652,0
13538271,35,0,0.49687257409095764,0
14051227,35,0,0.4276486933231354,0
14585134,35,0,0.767048716545105,1
15158070,35,0,0.6385748386383057,0
15984364,35,0,0.46589329838752747,0
16058648,35,0,0.5119758248329163,0
16809316,35,0,0.35002341866493225,0
16820321,35,0,0.48483866453170776,0
16827192,35,0,0.503740131855011,0
16922316,35,0,0.780505359172821,1
17613471,35,0,0.514204204082489,0
18458812,35,0,0.465810090303421,0
22334030,35,0,0.5962083339691162,0
22544783,35,0,0.44259265065193176,0
24547797,35,0,0.34594982862472534,0
26136345,35,0,0.3787621855735779,0
26515239,35,0,0.49226176738739014,0
27494463,35,0,0.40725192427635193,0
27814162,35,0,0.39306414127349854,0
28320734,35,0,0.8260749578475952,1
28883075,35,0,0.42644038796424866,0
29192598,35,0,0.4397463798522949,0
32689931,35,0,0.5205773711204529,0
32695528,35,0,0.5220493674278259,0
34565586,35,0,0.34727126359939575,0
34890565,35,0,0.4893506169319153,0
35201427,35,0,0.41548702120780945,0
35201437,35,0,0.33159884810447693,0
35201438,35,0,0.32599374651908875,0
36621667,35,0,0.508341372013092,0
37292015,35,0,0.5391448140144348,0
39533205,35,0,0.4594939649105072,0
39700148,35,0,0.41501569747924805,0
41490163,35,0,0.4992559254169464,0
43081036,35,0,0.44376689195632935,0
43285945,35,0,0.34030234813690186,0
43396863,35,0,0.0034149722196161747,0
43438823,35,0,0.42631709575653076,0
45367289,35,0,0.37186145782470703,0
45762362,35,0,0.4581594467163086,0
47060129,35,0,0.4410873353481293,0
47227022,35,0,0.6351367235183716,0
47570116,35,0,0.4035404324531555,0
48843267,35,0,0.6089215874671936,0
49420740,35,0,0.8732985258102417,1
49909269,35,0,0.6889960169792175,1
51851681,35,0,0.5441261529922485,0
52931275,35,0,0.37822961807250977,0
53771114,35,0,0.7297065258026123,1
53776304,35,0,0.4397560954093933,0
53777687,35,0,0.4941737949848175,0
53779745,35,0,0.38390013575553894,0
53779911,35,0,0.589958131313324,0
53780299,35,0,0.4439771771430969,0
53780833,35,0,0.6950975060462952,1
53781120,35,0,0.396343857049942,0
53784210,35,0,0.3937642574310303,0
53784539,35,0,0.4769130051136017,0
53785382,35,0,0.8293556571006775,1
53790648,35,0,0.5585308074951172,0
53858303,35,0,0.4933964014053345,0
53869774,35,0,0.6638108491897583,0
53880956,35,0,0.2631356120109558,0
53881835,35,0,0.3626863360404968,0
53883844,35,0,0.26406362652778625,0
53883877,35,0,0.43416446447372437,0
54196172,35,0,0.3819073736667633,0
54353300,35,0,0.4430191218852997,0
54388447,35,0,0.3942335247993469,0
54704081,35,0,0.59774249792099,0
54704834,35,0,0.7507143020629883,1
54704852,35,0,0.7806169390678406,1
54704867,35,0,0.5393097400665283,0
54705516,35,0,0.44323283433914185,0
54708123,35,0,0.37565481662750244,0
54708146,35,0,0.316226989030838,0
54708178,35,0,0.39937102794647217,0
54708965,35,0,0.4845094084739685,0
54711501,35,0,0.4357498288154602,0
54712143,35,0,0.37144365906715393,0
54712545,35,0,0.5786337852478027,0
54714812,35,0,0.3288560211658478,0
54715153,35,0,0.45612937211990356,0
54715156,35,0,0.5316662788391113,0
54715734,35,0,0.719109833240509,1
54716457,35,0,0.8478240966796875,1
54716487,35,0,0.37706705927848816,0
54716899,35,0,0.7203513979911804,1
54717251,35,0,0.7571744918823242,1
54717534,35,0,0.4828118085861206,0
54717573,35,0,0.5353028774261475,0
54717633,35,0,0.479157954454422,0
54718612,35,0,0.5138827562332153,0
54719550,35,0,0.5038922429084778,0
54720900,35,0,0.47239208221435547,0
54721593,35,0,0.46335041522979736,0
54723430,35,0,0.5644499659538269,0
54723872,35,0,0.7033190131187439,1
54723880,35,0,0.8263893723487854,1
54723883,35,0,0.3393462598323822,0
54723899,35,0,0.39140787720680237,0
54723920,35,0,0.6731110215187073,1
54723924,35,0,0.8470931649208069,1
54723926,35,0,0.3934224545955658,0
54723938,35,0,0.4016193747520447,0
54724510,35,0,0.9103174209594727,1
54724523,35,0,0.8611576557159424,1
54724526,35,0,0.910727322101593,1
54724844,35,0,0.8444839715957642,1
54724927,35,0,0.3660734295845032,0
54725743,35,0,0.8702118396759033,1
54725746,35,0,0.8495023250579834,1
54725927,35,0,0.40112075209617615,0
54726467,35,0,0.37722331285476685,0
54726861,35,0,0.4573681652545929,0
54727159,35,0,0.7649927139282227,1
54730919,35,0,0.5710102915763855,0
54731802,35,0,0.7901138067245483,1
54731809,35,0,0.7177401185035706,1
54732569,35,0,0.8378682732582092,1
54732625,35,0,0.8351081609725952,1
54732631,35,0,0.5950548052787781,0
54733451,35,0,0.6018418073654175,0
54733455,35,0,0.8696490526199341,1
54733756,35,0,0.5554360747337341,0
54733759,35,0,0.6807398200035095,1
54733761,35,0,0.5920100808143616,0
54733763,35,0,0.4760710597038269,0
54733770,35,0,0.8738840818405151,1
54733777,35,0,0.7713516354560852,1
54734399,35,0,0.6125168204307556,0
54734409,35,0,0.7516440153121948,1
54734446,35,0,0.7194532752037048,1
54734451,35,0,0.9105116128921509,1
54735821,35,0,0.3693755865097046,0
54736796,35,0,0.2959776818752289,0
54738990,35,0,0.4891025722026825,0
54745181,35,0,0.5470662713050842,0
54746426,35,0,0.7661115527153015,1
54749029,35,0,0.19979563355445862,0
54749458,35,0,0.21068182587623596,0
54749469,35,0,0.39725032448768616,0
54749647,35,0,0.19951632618904114,0
54749883,35,0,0.40538328886032104,0
54750086,35,0,0.39728689193725586,0
54751040,35,0,0.39604270458221436,0
54751137,35,0,0.21184001863002777,0
54751144,35,0,0.19773387908935547,0
54751363,35,0,0.19666622579097748,0
54752433,35,0,0.48426491022109985,0
54752635,35,0,0.5602053999900818,0
54752645,35,0,0.5065048933029175,0
54753040,35,0,0.5382431149482727,0
54753410,35,0,0.4238753616809845,0
54754128,35,0,0.3391127586364746,0
54756362,35,0,0.58912193775177,0
54757426,35,0,0.34925922751426697,0
54758908,35,0,0.6440584659576416,0
54759620,35,0,0.6868445873260498,1
54759626,35,0,0.6691715717315674,0
54759799,35,1,0.8965947031974792,1
54760548,35,0,0.3844816982746124,0
54760551,35,1,0.7519564628601074,1
54762847,35,0,0.39336565136909485,0
54764333,35,0,0.5180075168609619,0
54767813,35,0,0.5262150168418884,0
54768399,35,0,0.4566780626773834,0
54768400,35,0,0.4209357500076294,0
54768404,35,0,0.4757038354873657,0
54768598,35,0,0.4929266571998596,0
54768608,35,0,0.49810877442359924,0
54768930,35,0,0.5415446758270264,0
54768933,35,0,0.4099477231502533,0
54769375,35,0,0.5143401622772217,0
54769378,35,0,0.4924328923225403,0
54769382,35,0,0.5711368322372437,0
54769388,35,0,0.4726729989051819,0
54769550,35,0,0.5394461750984192,0
54769795,35,0,0.47774064540863037,0
54769801,35,0,0.5428191423416138,0
54769823,35,0,0.4736458361148834,0
54770026,35,0,0.5421696305274963,0
54770028,35,0,0.48509711027145386,0
54771037,35,1,0.86362624168396,1
54771152,35,1,0.8915042281150818,1
54771634,35,0,0.36850348114967346,0
54774042,35,0,0.6130359172821045,0
54776346,35,0,0.5221392512321472,0
54776349,35,0,0.47954046726226807,0
54777302,35,0,0.4085090756416321,0
54777309,35,0,0.4215265214443207,0
54777326,35,0,0.5432893633842468,0
54777694,35,0,0.47809842228889465,0
54777895,35,0,0.4360267221927643,0
54779304,35,0,0.5927509069442749,0
54779337,35,0,0.7452501058578491,1
54783807,35,0,0.5002351999282837,0
54785837,35,1,0.8930345773696899,1
54788931,35,1,0.8544783592224121,1
54789177,35,0,0.34167808294296265,0
54790821,35,0,0.5075163245201111,0
54790859,35,0,0.6979126334190369,1
54791816,35,0,0.8603953719139099,1
54793796,35,0,0.698141872882843,1
54795004,35,0,0.39911800622940063,0
54795008,35,0,0.35968610644340515,0
54795283,35,0,0.5338318943977356,0
54795574,35,0,0.6690211296081543,0
54795999,35,0,0.4199207127094269,0
54796088,35,0,0.6047444939613342,0
54796364,35,0,0.7942498326301575,1
54796612,35,0,0.5268369913101196,0
54798281,35,0,0.44272705912590027,0
54799858,35,0,0.2687765657901764,0
54801683,35,0,0.31953883171081543,0
54802206,35,0,0.6533196568489075,0
54802909,35,0,0.5640527606010437,0
54803131,35,0,0.6147996783256531,0
54803345,35,0,0.32556384801864624,0
54803350,35,0,0.4793276786804199,0
54803353,35,0,0.4780709743499756,0
54803357,35,0,0.5368093252182007,0
54804228,35,0,0.6198248863220215,0
54804347,35,0,0.5070697069168091,0
54804627,35,0,0.6736379861831665,1
54804733,35,0,0.5196672677993774,0
54804748,35,0,0.45558351278305054,0
54805075,35,0,0.2868804931640625,0
54805330,35,0,0.8942350745201111,1
54805361,35,0,0.5484517216682434,0
54805580,35,0,0.6936362385749817,1
54807174,35,0,0.5106912851333618,0
54807376,35,0,0.630329966545105,0
54808415,35,0,0.3273757994174957,0
54808439,35,0,0.7149978280067444,1
54808857,35,0,0.7908180356025696,1
54809575,35,0,0.5408514142036438,0
54810585,35,0,0.7046643495559692,1
54810844,35,0,0.6180264949798584,0
54810848,35,0,0.7240474224090576,1
54810851,35,0,0.5233620405197144,0
54810858,35,0,0.8310427665710449,1
54810865,35,0,0.5805233120918274,0
54810885,35,0,0.48478975892066956,0
54811017,35,0,0.45584315061569214,0
54811283,35,0,0.5893071889877319,0
54812037,35,0,0.584884524345398,0
54812078,35,0,0.5699759721755981,0
54812297,35,0,0.620618462562561,0
54813115,35,0,0.8144586682319641,1
54813121,35,0,0.792923092842102,1
54813370,35,0,0.4776155948638916,0
54813638,35,0,0.9030203819274902,1
54814169,35,0,0.47528961300849915,0
54814303,35,0,0.5701859593391418,0
54814380,35,0,0.6330522894859314,0
54814416,35,0,0.6700975894927979,1
54815128,35,0,0.5018770694732666,0
54816062,35,0,0.4838693141937256,0
54816605,35,0,0.5016719698905945,0
54818110,35,0,0.8047212958335876,1
54818215,35,0,0.3122152090072632,0
54821175,35,0,0.8259725570678711,1
54821827,35,0,0.7482608556747437,1
54821835,35,0,0.7234519720077515,1
54821855,35,0,0.775950014591217,1
54824782,35,0,0.5022408962249756,0
54824800,35,0,0.43015968799591064,0
54824999,35,0,0.628749668598175,0
54825497,35,0,0.4131845235824585,0
54826016,35,0,0.5804948210716248,0
54826507,35,0,0.6586065888404846,0
54826797,35,0,0.7666762471199036,1
54826806,35,0,0.821648359298706,1
54826814,35,0,0.8003949522972107,1
54827393,35,0,0.5435616374015808,0
54828183,35,0,0.47096917033195496,0
54829893,35,0,0.42227739095687866,0
54830536,35,0,0.5601613521575928,0
54831151,35,0,0.8788876533508301,1
54831431,35,0,0.579349935054779,0
54831581,35,0,0.7850386500358582,1
54832126,35,0,0.42119231820106506,0
54832425,35,0,0.24957787990570068,0
54832573,35,0,0.7623991370201111,1
54832862,35,0,0.5139385461807251,0
54833115,35,0,0.4966978132724762,0
54833461,35,0,0.6236668825149536,0
54833710,35,0,0.30529412627220154,0
54836178,35,0,0.7287145256996155,1
54836677,35,0,0.4422450661659241,0
54836963,35,0,0.48222336173057556,0
54837256,35,0,0.536564290523529,0
54838144,35,0,0.7123275995254517,1
54838172,35,0,0.4970744252204895,0
54838179,35,0,0.6936430335044861,1
54838218,35,0,0.6626152992248535,0
54839841,35,0,0.693888247013092,1
54840029,35,0,0.40407460927963257,0
54840054,35,0,0.25443851947784424,0
54840108,35,0,0.37480324506759644,0
54841028,35,0,0.5236148834228516,0
54841397,35,0,0.4666258692741394,0
54842233,35,0,0.28557053208351135,0
54844256,35,0,0.8370569348335266,1
54845178,35,0,0.5542510747909546,0
54845983,35,0,0.48253342509269714,0
54847261,35,0,0.5423485636711121,0
54847270,35,0,0.44649675488471985,0
54848711,35,0,0.27842673659324646,0
54849148,35,0,0.48287051916122437,0
54851328,35,0,0.5758918523788452,0
54851334,35,0,0.2877984642982483,0
54853134,35,0,0.4158309996128082,0
54853462,35,0,0.42656373977661133,0
54853508,35,0,0.5345197319984436,0
54853520,35,0,0.4756099283695221,0
54854333,35,0,0.35777831077575684,0
54855612,35,0,0.843195915222168,1
54855813,35,0,0.7280460596084595,1
54855815,35,0,0.45911359786987305,0
54856328,35,0,0.7939291596412659,1
54857201,35,0,0.7080212831497192,1
54859933,35,0,0.6571023464202881,0
54861756,35,0,0.37197408080101013,0
54862521,35,0,0.4463012218475342,0
54865207,35,0,0.4003259539604187,0
54866474,35,0,0.54937744140625,0
54868919,35,0,0.2838718593120575,0
54869389,35,0,0.41078487038612366,0
54871606,35,0,0.7081205248832703,1
54872531,35,0,0.8527580499649048,1
54872625,35,1,0.9197836518287659,1
54874060,35,0,0.479801744222641,0
54878673,35,0,0.7137972712516785,1
54878850,35,1,0.8305094242095947,1
54878851,35,1,0.8319089412689209,1
54878901,35,1,0.9200106859207153,1
54878909,35,1,0.9006359577178955,1
54879764,35,0,0.39214423298835754,0
54879906,35,0,0.7058970332145691,1
54879907,35,1,0.9148711562156677,1
54880124,35,0,0.34767648577690125,0
54885834,35,0,0.5307822823524475,0
54885855,35,0,0.499077171087265,0
54885869,35,0,0.4653904139995575,0
54885872,35,0,0.5234494209289551,0
54885883,35,0,0.5579648613929749,0
54885945,35,0,0.35657432675361633,0
54885952,35,0,0.49862417578697205,0
54886124,35,0,0.3879673480987549,0
54886129,35,0,0.5084646940231323,0
54886134,35,0,0.4722515046596527,0
54887066,35,0,0.5716113448143005,0
54887344,35,0,0.5489383339881897,0
54888223,35,0,0.4560438394546509,0
54888229,35,0,0.5469939708709717,0
54893254,35,0,0.5355626940727234,0
54896381,35,0,0.35128289461135864,0
54896405,35,0,0.3959031403064728,0
54904991,35,0,0.44595861434936523,0
54906193,35,0,0.4113537073135376,0
54906489,35,0,0.7182988524436951,1
54912139,35,1,0.8758732676506042,1
54912141,35,1,0.8894518613815308,1
54912983,35,0,0.7947281002998352,1
54913453,35,0,0.4100939631462097,0
54913455,35,0,0.47632861137390137,0
54915900,35,0,0.8438112735748291,1
54918482,35,0,0.5322359204292297,0
54918774,35,0,0.3895808756351471,0
54919199,35,0,0.8527464866638184,1
54922172,35,0,0.49283722043037415,0
54929170,35,0,0.7213125824928284,1
54929556,35,0,0.4887298345565796,0
54930421,35,0,0.7309818863868713,1
54932909,35,0,0.8470863699913025,1
54934554,35,0,0.403621643781662,0
54936064,35,0,0.291008323431015,0
54948165,35,0,0.2368640899658203,0
54959120,35,0,0.5924717783927917,0
54959207,35,0,0.568568766117096,0
54959212,35,0,0.7259787321090698,1
54965024,35,0,0.5532315969467163,0
54965309,35,0,0.46542617678642273,0
54966960,35,0,0.7886562347412109,1
54977212,35,0,0.44679316878318787,0
54977464,35,0,0.3306000232696533,0
55106944,35,0,0.34459102153778076,0
55106947,35,0,0.42232221364974976,0
55109779,35,0,0.8624892234802246,1
55111562,35,1,0.9141621589660645,1
55118035,35,0,0.6382921934127808,0
55118487,35,0,0.10472675412893295,0
55121160,35,0,0.46557968854904175,0
55121162,35,0,0.858759880065918,1
55121172,35,0,0.404977023601532,0
55121190,35,0,0.47976920008659363,0
55121372,35,0,0.4071405231952667,0
55182518,35,0,0.24120089411735535,0
55214893,35,0,0.38906359672546387,0
55239131,35,0,0.47645705938339233,0
55246666,35,0,0.563531219959259,0
55246758,35,0,0.48945745825767517,0
55256205,35,0,0.5194189548492432,0
55257343,35,0,0.5366514921188354,0
55258302,35,0,0.3918520212173462,0
55671198,35,0,0.3601655066013336,0
55678052,35,0,0.8672784566879272,1
55678053,35,0,0.7433090209960938,1
55690201,35,0,0.37803664803504944,0
55692335,35,0,0.5017862319946289,0
55699103,35,0,0.28488436341285706,0
55705770,35,0,0.7720654010772705,1
55713378,35,0,0.44301530718803406,0
55713620,35,0,0.38899967074394226,0
55732951,35,0,0.48599207401275635,0
55734283,35,0,0.6700183153152466,1
55734286,35,0,0.5849924683570862,0
55734423,35,0,0.8040726780891418,1
55735923,35,0,0.48508164286613464,0
55768753,35,0,0.4393409490585327,0
55777865,35,0,0.43977952003479004,0
55797479,35,0,0.6300305128097534,0
55799881,35,0,0.5724173784255981,0
55903635,35,0,0.8303167819976807,1
55904589,35,0,0.4509771466255188,0
55917717,35,0,0.4603988528251648,0
55919691,35,0,0.4522610604763031,0
55921395,35,0,0.5055370330810547,0
55921908,35,0,0.4155869781970978,0
55928256,35,0,0.4954051971435547,0
55928261,35,0,0.397212415933609,0
55936804,35,0,0.3667067587375641,0
55939055,35,0,0.39898481965065,0
55951263,35,0,0.36586448550224304,0
55954176,35,0,0.4087980091571808,0
55961979,35,0,0.47953537106513977,0
55963670,35,0,0.40868085622787476,0
55969540,35,0,0.4124586582183838,0
55970009,35,0,0.8701254725456238,1
55970289,35,0,0.4775390625,0
55981433,35,0,0.3346439301967621,0
55982677,35,0,0.41660648584365845,0
55987783,35,0,0.4896247684955597,0
55989254,35,0,0.7068081498146057,1
55990351,35,0,0.5575094819068909,0
55999645,35,0,0.859420895576477,1
56001686,35,0,0.4417087733745575,0
56001916,35,0,0.6897298693656921,1
56004984,35,1,0.9362143874168396,1
56032497,35,0,0.4975089728832245,0
56038001,35,0,0.4389212727546692,0
56048884,35,0,0.06443647295236588,0
56049406,35,0,0.5105676651000977,0
56086604,35,0,0.433013916015625,0
56092515,35,0,0.5901830792427063,0
56096954,35,0,0.6268340945243835,0
56110829,35,0,0.5269434452056885,0
56110851,35,0,0.543716549873352,0
56113863,35,0,0.47536206245422363,0
56113868,35,0,0.4054925739765167,0
56114940,35,0,0.33925968408584595,0
56117902,35,0,0.47826525568962097,0
56117903,35,0,0.5843042135238647,0
56120732,35,0,0.4198102355003357,0
56120733,35,0,0.4647690951824188,0
56121607,35,0,0.39740902185440063,0
56123429,35,0,0.37803366780281067,0
56123930,35,0,0.7335710525512695,1
56127938,35,0,0.43025416135787964,0
56128498,35,0,0.45168817043304443,0
56130548,35,0,0.5960448384284973,0
56131331,35,0,0.3687818944454193,0
56165616,35,0,0.8313869833946228,1
56199750,35,0,0.5308544635772705,0
56215656,35,0,0.8018292188644409,1
56215674,35,0,0.6657687425613403,0
56234683,35,0,0.3373655378818512,0
56234684,35,0,0.3790769875049591,0
56234694,35,0,0.40982764959335327,0
56240836,35,0,0.8040282130241394,1
56242196,35,1,0.8727067112922668,1
56255918,35,0,0.3923341631889343,0
56264184,35,0,0.3536838889122009,0
56278048,35,0,0.6980884671211243,1
56278480,35,0,0.593117356300354,0
56279506,35,0,0.6651503443717957,0
56280192,35,0,0.40164485573768616,0
56287995,35,0,0.7176002264022827,1
56288197,35,0,0.4500202536582947,0
56301128,35,0,0.5645838975906372,0
56329117,35,0,0.4516604244709015,0
56333891,35,0,0.8110936284065247,1
56336772,35,0,0.5439671874046326,0
56337133,35,0,0.5673201680183411,0
56352710,35,0,0.7352613210678101,1
56369991,35,0,0.5685123801231384,0
56395468,35,0,0.3723178803920746,0
56524758,35,0,0.5211769938468933,0
56532833,35,0,0.37502893805503845,0
56533444,35,0,0.7225022315979004,1
56539973,35,0,0.7824459671974182,1
56614050,35,0,0.8727139234542847,1
56614055,35,0,0.8594685196876526,1
56614059,35,0,0.6222976446151733,0
56693174,35,0,0.31086963415145874,0
56707264,35,0,0.8070535063743591,1
56777808,35,0,0.4674637019634247,0
56783023,35,0,0.6399815678596497,0
56784750,35,0,0.44494912028312683,0
56784754,35,0,0.5184909701347351,0
56784794,35,0,0.4500570595264435,0
56784795,35,0,0.595684826374054,0
56787106,35,0,0.42167654633522034,0
56859447,35,0,0.6594908237457275,0
56924092,35,0,0.5511439442634583,0
56979223,35,0,0.3875523805618286,0
57014736,35,0,0.47921738028526306,0
57017238,35,1,0.8988282680511475,1
57017683,35,0,0.5019402503967285,0
57024278,35,0,0.7488524913787842,1
57062175,35,0,0.8112042546272278,1
57074191,35,0,0.819882869720459,1
57083717,35,0,0.4242631494998932,0
57095769,35,0,0.4868367910385132,0
57124631,35,0,0.7731542587280273,1
57132375,35,0,0.5269456505775452,0
58564927,35,0,0.5018282532691956,0
58975531,35,0,0.560636579990387,0
59488377,35,0,0.44083914160728455,0
62035059,35,0,0.49885398149490356,0
62138030,35,0,0.5496319532394409,0
62154976,35,0,0.4638136625289917,0
62161756,35,0,0.462224543094635,0
62181130,35,0,0.784222424030304,1
62237620,35,0,0.3759773075580597,0
62237626,35,0,0.32439619302749634,0
62240726,35,0,0.45316892862319946,0
62240911,35,0,0.44150322675704956,0
62241667,35,0,0.596950888633728,0
62241682,35,0,0.5169867277145386,0
62243389,35,0,0.728516161441803,1
62243420,35,0,0.41265052556991577,0
62243731,35,0,0.47522032260894775,0
62257079,35,0,0.388544499874115,0
62264967,35,0,0.47464993596076965,0
62264968,35,0,0.4834868609905243,0
62337431,35,0,0.43787509202957153,0
62595001,35,0,0.40304499864578247,0
62595438,35,0,0.7709730863571167,1
62595452,35,0,0.6053422689437866,0
62599108,35,0,0.6591256856918335,0
62601402,35,0,0.9268882870674133,1
62601403,35,0,0.48303645849227905,0
62668414,35,0,0.7241990566253662,1
62722471,35,0,0.39558377861976624,0
62723195,35,0,0.432658314704895,0
63018297,35,0,0.8288982510566711,1
63069519,35,0,0.8271494507789612,1
63108756,35,0,0.45044779777526855,0
63109243,35,0,0.5646247863769531,0
63749433,35,0,0.5602758526802063,0
63819321,35,0,0.4558861553668976,0
64069335,35,0,0.4815441071987152,0
64082788,35,0,0.6479291915893555,0
64181087,35,0,0.5232738256454468,0
64189565,35,0,0.8308387398719788,1
64192203,35,0,0.6386487483978271,0
64194350,35,0,0.7820281386375427,1
64198359,35,0,0.5923692584037781,0
64199616,35,0,0.38848522305488586,0
64203116,35,0,0.7757624387741089,1
64208517,35,0,0.4395045042037964,0
64211564,35,0,0.4788092076778412,0
64220417,35,0,0.6028702259063721,0
64221694,35,0,0.7059105634689331,1
64271102,35,0,0.6281635165214539,0
64346631,35,0,0.5375074744224548,0
64413379,35,0,0.5184692144393921,0
64444224,35,0,0.5655181407928467,0
64523668,35,0,0.6701294183731079,1
64868201,35,0,0.7235264182090759,1
64879504,35,0,0.6864041686058044,1
64879505,35,0,0.6574310064315796,0
64879544,35,0,0.8647966384887695,1
65255986,35,0,0.5374987125396729,0
65271190,35,0,0.5237849950790405,0
65496695,35,0,0.3641800582408905,0
66443314,35,0,0.3552376627922058,0
67005848,35,0,0.43590694665908813,0
67546875,35,0,0.446150541305542,0
67548722,35,0,0.3004416227340698,0
67548736,35,0,0.7926793694496155,1
67548739,35,0,0.5605272054672241,0
67555648,35,0,0.7652883529663086,1
67555862,35,0,0.8706838488578796,1
67556646,35,0,0.6627032160758972,0
67556652,35,0,0.7573422789573669,1
67556667,35,0,0.7092090845108032,1
67556907,35,0,0.6950037479400635,1
67557160,35,0,0.7217382192611694,1
67557168,35,0,0.8755002021789551,1
67557171,35,0,0.7382299900054932,1
67557179,35,0,0.8026943802833557,1
67557268,35,0,0.7818793654441833,1
67557272,35,0,0.7472637295722961,1
67558660,35,0,0.3789668381214142,0
67562160,35,0,0.6895248889923096,1
67562982,35,0,0.7714723944664001,1
67562983,35,0,0.750805139541626,1
67562985,35,0,0.7959640622138977,1
67562986,35,0,0.8713544607162476,1
67562987,35,0,0.4039585590362549,0
67562988,35,0,0.6265864372253418,0
67563833,35,0,0.6416519284248352,0
67565986,35,0,0.5231817960739136,0
67565988,35,0,0.32268738746643066,0
67568711,35,0,0.7321127653121948,1
67572549,35,0,0.5729596614837646,0
67572666,35,0,0.658778727054596,0
67572674,35,1,0.9049163460731506,1
67573113,35,1,0.8743942379951477,1
67573534,35,0,0.28186753392219543,0
67573535,35,0,0.5791069865226746,0
67573673,35,0,0.19416502118110657,0
67573682,35,0,0.3031860589981079,0
67575027,35,0,0.20695826411247253,0
67575780,35,1,0.9543678164482117,1
67575821,35,0,0.559103786945343,0
67575835,35,1,0.8495451807975769,1
67575965,35,1,0.8675060272216797,1
67576294,35,0,0.5336904525756836,0
67576304,35,1,0.6028416752815247,0
67576436,35,1,0.8758160471916199,1
67576439,35,1,0.8759980201721191,1
67576672,35,0,0.48728039860725403,0
67581732,35,0,0.7436158657073975,1
67582896,35,0,0.5044090747833252,0
67582897,35,0,0.7198340892791748,1
67583000,35,0,0.6982046961784363,1
67584861,35,1,0.9542844891548157,1
67584867,35,1,0.8618957996368408,1
67585644,35,1,0.9317474365234375,1
67585727,35,1,0.8929514288902283,1
67585812,35,1,0.9136542677879333,1
67586049,35,0,0.6759830713272095,1
67586063,35,1,0.9555912613868713,1
67586067,35,0,0.41038548946380615,0
67586146,35,0,0.42045462131500244,0
67594169,35,1,0.9354317784309387,1
67594170,35,0,0.42828091979026794,0
67594178,35,1,0.954140305519104,1
67594988,35,1,0.8704692721366882,1
67597090,35,0,0.42143741250038147,0
67597117,35,1,0.9112582802772522,1
67597127,35,0,0.47884491086006165,0
67597195,35,0,0.39803922176361084,0
67597811,35,0,0.5016548037528992,0
67597991,35,0,0.45923134684562683,0
67597994,35,0,0.4605555832386017,0
67597999,35,0,0.4895220100879669,0
67598003,35,0,0.5656448602676392,0
67598007,35,0,0.5512984395027161,0
67598679,35,0,0.4493933320045471,0
67600922,35,1,0.8753777146339417,1
67602987,35,0,0.5894662141799927,0
67602991,35,0,0.6080135107040405,0
67603015,35,1,0.956057608127594,1
67603016,35,0,0.505850076675415,0
67603017,35,1,0.951555609703064,1
67603018,35,1,0.9575403928756714,1
67603024,35,1,0.9532505869865417,1
67603027,35,0,0.678483784198761,1
67603033,35,1,0.9560032486915588,1
67603154,35,1,0.9205760955810547,1
67603155,35,1,0.9572336673736572,1
67603196,35,1,0.8744713664054871,1
67604001,35,1,0.8518689274787903,1
67604028,35,0,0.7608214616775513,1
67604368,35,0,0.8618443608283997,1
67604406,35,0,0.706630527973175,1
67604409,35,0,0.8040828704833984,1
67604515,35,0,0.7532102465629578,1
67605068,35,0,0.5849565267562866,0
67605524,35,0,0.5479528307914734,0
67605758,35,0,0.4217747151851654,0
67606194,35,0,0.5297222137451172,0
67607221,35,0,0.6970759630203247,1
67607797,35,0,0.8284529447555542,1
67609337,35,0,0.7525032758712769,1
67609773,35,0,0.44639506936073303,0
67609813,35,0,0.22693464159965515,0
67611213,35,0,0.6901299357414246,1
67611224,35,0,0.8416220545768738,1
67611417,35,0,0.5774429440498352,0
67611432,35,0,0.416126012802124,0
67611506,35,0,0.5061928629875183,0
67611688,35,0,0.5214288234710693,0
67612036,35,0,0.8550717830657959,1
67612044,35,0,0.4603208303451538,0
67612048,35,0,0.8559049367904663,1
67612507,35,0,0.608590841293335,0
67612509,35,0,0.6937035918235779,1
67612517,35,0,0.8638545274734497,1
67614430,35,0,0.4850006401538849,0
67614542,35,0,0.5339261889457703,0
67615139,35,0,0.6999595761299133,1
67615800,35,0,0.4138151705265045,0
67617138,35,0,0.4725671708583832,0
67617347,35,0,0.5715939998626709,0
67617348,35,0,0.5217673778533936,0
67617361,35,0,0.520804762840271,0
67617547,35,0,0.8026593327522278,1
67622489,35,0,0.6189348101615906,0
67624013,35,0,0.5152581930160522,0
67625970,35,0,0.8171195983886719,1
67626761,35,0,0.45955008268356323,0
67627062,35,0,0.6728639006614685,1
67627099,35,0,0.9312934279441833,1
67627226,35,0,0.7973102331161499,1
67627706,35,0,0.2641153633594513,0
67627710,35,0,0.5493499040603638,0
67627719,35,0,0.42694544792175293,0
67628055,35,0,0.7842467427253723,1
67628061,35,0,0.6668806076049805,0
67628070,35,0,0.6136105060577393,0
67628074,35,0,0.5715509057044983,0
67628075,35,0,0.9409438967704773,1
67628078,35,0,0.4551582336425781,0
67628079,35,0,0.6202850937843323,0
67628274,35,0,0.5219919681549072,0
67628277,35,0,0.642989993095398,0
67628281,35,0,0.6235923171043396,0
67628282,35,0,0.46407532691955566,0
67628399,35,0,0.4534396827220917,0
67628407,35,0,0.7579729557037354,1
67628428,35,0,0.8250811100006104,1
67628442,35,0,0.4040934443473816,0
67628472,35,0,0.5899417996406555,0
67628477,35,0,0.6176624894142151,0
67628673,35,0,0.6762102246284485,1
67628742,35,0,0.5692825317382812,0
67629086,35,0,0.6789743304252625,1
67629185,35,0,0.7056191563606262,1
67629192,35,0,0.5789898037910461,0
67629274,35,0,0.6632519960403442,0
67629541,35,0,0.8358023762702942,1
67629557,35,0,0.5012779235839844,0
67630838,35,0,0.7212308049201965,1
67631240,35,0,0.883693277835846,1
67631244,35,0,0.7041782736778259,1
67632042,35,0,0.3821850121021271,0
67632075,35,0,0.5175954699516296,0
67632396,35,0,0.27239343523979187,0
67632404,35,0,0.585529625415802,0
67633244,35,0,0.8342978358268738,1
67633247,35,0,0.6199235916137695,0
67633486,35,1,0.8880813121795654,1
67634508,35,0,0.8937423825263977,1
67634530,35,0,0.7941140532493591,1
67634535,35,0,0.8320443630218506,1
67634539,35,0,0.5696501135826111,0
67634540,35,0,0.6643325090408325,0
67636472,35,0,0.5824173092842102,0
67639053,35,0,0.5074552893638611,0
67639703,35,0,0.4968547224998474,0
67642086,35,0,0.8318817019462585,1
67642643,35,0,0.9094027280807495,1
67642652,35,0,0.7772068381309509,1
67642950,35,0,0.7558752298355103,1
67642959,35,0,0.44058871269226074,0
67643195,35,0,0.31915944814682007,0
67644958,35,0,0.48324236273765564,0
67645832,35,0,0.512141764163971,0
67646035,35,0,0.5790873765945435,0
67646735,35,0,0.597117006778717,0
67648024,35,0,0.6877234578132629,1
67648029,35,0,0.43775448203086853,0
67648453,35,0,0.35822197794914246,0
67649169,35,0,0.664708137512207,0
67649196,35,0,0.3456777036190033,0
67651174,35,0,0.7116517424583435,1
67651501,35,0,0.4718128442764282,0
67653845,35,0,0.6884018182754517,1
67654240,35,0,0.5194984078407288,0
67654242,35,0,0.851041853427887,1
67654371,35,0,0.3929536044597626,0
67654461,35,0,0.7194288969039917,1
67654470,35,0,0.4900693893432617,0
67654663,35,0,0.8101699948310852,1
67654735,35,0,0.4971180260181427,0
67655158,35,0,0.4851452708244324,0
67656079,35,1,0.892522931098938,1
67656601,35,1,0.9591214060783386,1
67656766,35,0,0.7895212769508362,1
67656769,35,0,0.7300727367401123,1
67657161,35,0,0.35127919912338257,0
67657823,35,1,0.9592065811157227,1
67657844,35,1,0.8952399492263794,1
67657849,35,1,0.9123335480690002,1
67658971,35,1,0.9065939784049988,1
67661738,35,1,0.8936089277267456,1
67661739,35,1,0.9035474061965942,1
67665312,35,1,0.8763239979743958,1
67665318,35,1,0.8689765930175781,1
67665408,35,1,0.8813700675964355,1
67668321,35,0,0.8074899911880493,1
67669432,35,1,0.913983166217804,1
67669603,35,0,0.3954227864742279,0
67669853,35,0,0.5275328755378723,0
67670413,35,0,0.5324841737747192,0
67670415,35,0,0.43753543496131897,0
67670596,35,1,0.9454199075698853,1
67670706,35,1,0.913249135017395,1
67670945,35,1,0.8938395977020264,1
67671212,35,1,0.8903491497039795,1
67671717,35,1,0.8925736546516418,1
67672857,35,0,0.3691958785057068,0
67672878,35,0,0.9453940391540527,1
67672879,35,0,0.3749314248561859,0
67672890,35,0,0.5625860691070557,0
67672891,35,0,0.4753437638282776,0
67672895,35,1,0.9600431323051453,1
67673076,35,1,0.6172165870666504,0
67673399,35,1,0.9049590229988098,1
67673928,35,1,0.9523329734802246,1
67674072,35,1,0.9555904865264893,1
67674079,35,1,0.9026198983192444,1
67679668,35,1,0.8665348887443542,1
67679673,35,0,0.7656941413879395,1
67681829,35,1,0.8511877655982971,1
67681867,35,0,0.818246066570282,1
67682157,35,1,0.8917003870010376,1
67682556,35,1,0.9317739605903625,1
67682778,35,1,0.9309121966362,1
67686377,35,1,0.9137505888938904,1
67686381,35,0,0.7227505445480347,1
67686746,35,0,0.4776749908924103,0
67686748,35,1,0.8655663728713989,1
67687673,35,1,0.9027038812637329,1
68900424,35,0,0.48219192028045654,0
68936051,35,0,0.5227338075637817,0
68943318,35,1,0.9036502838134766,1
68945302,35,1,0.8980551362037659,1
68945489,35,0,0.017526742070913315,0
68949585,35,1,0.9133016467094421,1
68952830,35,1,0.9028173685073853,1
68953714,35,0,0.4636892080307007,0
68953869,35,0,0.46100640296936035,0
68954616,35,1,0.8394871354103088,1
68954996,35,1,0.9141790270805359,1
68956752,35,1,0.9132562875747681,1
68956910,35,1,0.9139859676361084,1
68957072,35,1,0.9087156057357788,1
68957134,35,0,0.5994165539741516,0
68957502,35,0,0.4086182713508606,0
68958435,35,0,0.7262495756149292,1
68960278,35,0,0.7004868984222412,1
68960287,35,0,0.4693097174167633,0
68960292,35,0,0.35695984959602356,0
68960298,35,0,0.38206005096435547,0
68968804,35,0,0.730656623840332,1
68969569,35,0,0.7262169718742371,1
68971841,35,0,0.47392410039901733,0
68976860,35,1,0.8906187415122986,1
68978779,35,0,0.3043794333934784,0
68980397,35,1,0.9087532162666321,1
68980512,35,1,0.9097830057144165,1
68980597,35,1,0.9134346842765808,1
68982016,35,1,0.9143825769424438,1
68984781,35,1,0.9131109714508057,1
68984782,35,0,0.33415040373802185,0
68986317,35,1,0.9032695293426514,1
68986786,35,1,0.9005518555641174,1
68986876,35,1,0.903614342212677,1
68986958,35,0,0.42698201537132263,0
68986962,35,0,0.45688390731811523,0
68987712,35,0,0.3524373173713684,0
68988025,35,0,0.509223997592926,0
68988032,35,0,0.43501177430152893,0
68988234,35,0,0.4211198091506958,0
68988443,35,1,0.901171088218689,1
68988638,35,0,0.576244592666626,0
68988797,35,1,0.9088535308837891,1
68990207,35,1,0.9091165065765381,1
68992395,35,0,0.739893913269043,1
68995268,35,1,0.8642589449882507,1
68996231,35,0,0.8212759494781494,1
68997683,35,0,0.7368869781494141,1
69016047,35,0,0.4184684157371521,0
69016574,35,0,0.33785921335220337,0
69266648,35,0,0.5029588341712952,0
69269369,35,0,0.6377915143966675,0
69279489,35,0,0.8875212073326111,1
69280653,35,0,0.8181127905845642,1
69281857,35,0,0.3914431929588318,0
69281981,35,0,0.40829959511756897,0
69282266,35,0,0.3745337724685669,0
69282548,35,0,0.5122107863426208,0
69285652,35,0,0.8406974673271179,1
69287954,35,0,0.8209970593452454,1
69289728,35,0,0.8089799284934998,1
69290000,35,0,0.6224267482757568,0
69290304,35,0,0.7837297916412354,1
69305758,35,0,0.3157269358634949,0
69315004,35,0,0.1983143389225006,0
69315009,35,0,0.20120562613010406,0
69316086,35,0,0.3972870111465454,0
69318643,35,1,0.9255475997924805,1
69319474,35,1,0.7715035080909729,1
69320027,35,1,0.883712649345398,1
69320862,35,1,0.9256829023361206,1
69326133,35,0,0.6682186722755432,0
69328545,35,0,0.6167515516281128,0
69328547,35,0,0.5206032395362854,0
69330912,35,1,0.9227942824363708,1
69330928,35,1,0.8272601366043091,1
69343352,35,1,0.7654737830162048,1
69346273,35,1,0.9605415463447571,1
69349008,35,0,0.4775693118572235,0
69349381,35,0,0.4769679009914398,0
69349487,35,0,0.399776816368103,0
69349585,35,0,0.4908334016799927,0
69349700,35,0,0.404884397983551,0
69349828,35,0,0.3898656368255615,0
69349836,35,0,0.4788067042827606,0
69350154,35,0,0.5617021322250366,0
69350544,35,0,0.4642372727394104,0
69350697,35,0,0.41551828384399414,0
69350704,35,0,0.48082083463668823,0
69350706,35,0,0.4891999065876007,0
69350713,35,0,0.5007416009902954,0
69350811,35,0,0.48060473799705505,0
69350817,35,0,0.5459847450256348,0
69350825,35,0,0.4794532060623169,0
69350826,35,0,0.4607243835926056,0
69350929,35,0,0.4794939160346985,0
69350933,35,0,0.457227885723114,0
69350938,35,0,0.4802965521812439,0
69351072,35,1,0.9201126098632812,1
69351361,35,1,0.9355486035346985,1
69351415,35,0,0.3042411804199219,0
69353017,35,1,0.7652333378791809,1
69354395,35,1,0.764378547668457,1
69356870,35,1,0.8848800659179688,1
69358730,35,1,0.734925389289856,1
69358807,35,0,0.3940221071243286,0
69359366,35,0,0.5579892992973328,0
69365837,35,0,0.7123823761940002,1
69373478,35,0,0.44838830828666687,0
69376681,35,0,0.4125114381313324,0
69378228,35,0,0.5368855595588684,0
69379763,35,0,0.48553895950317383,0
69381533,35,0,0.5366491675376892,0
69383394,35,0,0.7348204255104065,1
69387795,35,0,0.43744993209838867,0
69388442,35,0,0.6563201546669006,0
69390906,35,0,0.5397372245788574,0
69391326,35,0,0.8868820071220398,1
69392542,35,0,0.6108039021492004,0
69392709,35,0,0.5554057359695435,0
69392763,35,0,0.5223749279975891,0
69394343,35,0,0.34790968894958496,0
69395266,35,0,0.5278228521347046,0
69395378,35,0,0.3880350887775421,0
69398136,35,0,0.31494617462158203,0
69399511,35,0,0.3418641984462738,0
69408781,35,0,0.3852657377719879,0
69410407,35,1,0.9003777503967285,1
69414423,35,0,0.5472285747528076,0
69517915,35,0,0.5886563658714294,0
69593166,35,0,0.8489975929260254,1
69593714,35,0,0.4106243848800659,0
69593976,35,1,0.8948134183883667,1
69598358,35,1,0.8813735246658325,1
69599040,35,0,0.5072768330574036,0
69599046,35,0,0.518954873085022,0
69599555,35,0,1.0,1
69599641,35,0,0.36599016189575195,0
69599893,35,0,0.5603948831558228,0
69600457,35,0,0.5825381278991699,0
69600560,35,0,0.7836602330207825,1
69601690,35,0,0.41820159554481506,0
69601696,35,0,0.7333723902702332,1
69604327,35,0,0.8573334217071533,1
69605547,35,0,0.45771875977516174,0
69607923,35,0,0.5853317975997925,0
69610588,35,0,0.33505702018737793,0
69613506,35,0,0.6836398243904114,1
69613711,35,0,0.6262086033821106,0
69613971,35,0,0.7661091685295105,1
69615167,35,0,0.5499593615531921,0
69616403,35,0,0.5097696185112,0
69616964,35,0,0.5576776266098022,0
69624433,35,0,0.8106080293655396,1
69625047,35,0,0.44490522146224976,0
69628846,35,0,0.7745625972747803,1
69631179,35,0,0.5353172421455383,0
69653120,35,1,0.9417215585708618,1
69660727,35,0,0.2819901406764984,0
69662258,35,0,0.3501911759376526,0
69662492,35,1,0.8843058347702026,1
69680070,35,1,0.9268829822540283,1
69683783,35,1,0.8319345116615295,1
69688672,35,0,0.3454400599002838,0
69690622,35,0,0.5157729983329773,0
69695707,35,1,0.9395096302032471,1
69696447,35,0,0.6329230666160583,0
69706912,35,0,0.6248818635940552,0
69713058,35,0,0.3715077042579651,0
69713600,35,1,0.9008093476295471,1
69727711,35,0,1.0,1
69728473,35,1,0.9006059765815735,1
69746416,35,1,0.8915847539901733,1
69749798,35,0,0.4229837954044342,0
69749908,35,0,0.45665550231933594,0
69750268,35,0,0.450333833694458,0
69750289,35,0,0.712720513343811,1
69756172,35,1,0.9295063614845276,1
69759953,35,0,0.3858199715614319,0
69760099,35,0,0.40588057041168213,0
69760671,35,0,0.4091077148914337,0
69760673,35,0,0.5134029984474182,0
69760681,35,0,0.40967535972595215,0
69760684,35,0,0.4437354803085327,0
69760688,35,0,0.407551109790802,0
69760709,35,0,0.4325582981109619,0
69761359,35,0,0.4023703336715698,0
69761373,35,0,0.4415898323059082,0
69761585,35,0,0.41107669472694397,0
69761602,35,0,0.40880340337753296,0
69762211,35,0,0.42045509815216064,0
69762213,35,0,0.490265429019928,0
69762363,35,0,0.43833738565444946,0
69762368,35,0,0.5071899890899658,0
69762370,35,0,0.5003221035003662,0
69762379,35,0,0.42050841450691223,0
69762383,35,0,0.4294849932193756,0
69762389,35,0,0.4100266695022583,0
69762396,35,0,0.4383281171321869,0
69762609,35,0,0.4555213451385498,0
69762618,35,0,0.4884684383869171,0
69762625,35,0,0.413674533367157,0
69762959,35,0,0.41857150197029114,0
69762964,35,0,0.47794201970100403,0
69762969,35,0,0.4617353677749634,0
69763201,35,0,0.42193296551704407,0
69763241,35,0,0.417206734418869,0
69763468,35,0,0.4621484577655792,0
69763472,35,0,0.4850826561450958,0
69763489,35,0,0.5079050064086914,0
69763511,35,0,0.4646344482898712,0
69763679,35,0,0.4826713502407074,0
69763965,35,0,0.3966975808143616,0
69764186,35,0,0.48643699288368225,0
69764204,35,0,0.5286826491355896,0
69764211,35,0,0.5286798477172852,0
69764268,35,0,0.5150696039199829,0
69764425,35,0,0.4008617699146271,0
69764427,35,0,0.43352168798446655,0
69764677,35,0,0.41488492488861084,0
69764679,35,0,0.43091386556625366,0
69764721,35,0,0.4077422618865967,0
69764930,35,0,0.3912533223628998,0
69764973,35,0,0.4803565740585327,0
69764975,35,0,0.4201758801937103,0
69764982,35,0,0.43052300810813904,0
69765118,35,0,0.5431916117668152,0
69765183,35,0,0.46918582916259766,0
69765192,35,0,0.41472867131233215,0
69765197,35,0,0.4091956913471222,0
69765199,35,0,0.46822047233581543,0
69765203,35,0,0.46084973216056824,0
69765312,35,0,0.422608882188797,0
69765544,35,0,0.48269057273864746,0
69765552,35,0,0.4129987359046936,0
69765671,35,0,0.4195144772529602,0
69765764,35,0,0.4136204123497009,0
69765767,35,0,0.46148359775543213,0
69765772,35,0,0.5344628691673279,0
69766228,35,0,0.5172370672225952,0
69766440,35,0,0.5029048919677734,0
69766445,35,0,0.48196977376937866,0
69766490,35,0,0.516219973564148,0
69766502,35,0,0.4646841287612915,0
69766666,35,0,0.42833417654037476,0
69766775,35,0,0.41998234391212463,0
69766783,35,0,0.5404831171035767,0
69766791,35,0,0.44810131192207336,0
69766797,35,0,0.5504358410835266,0
69766801,35,0,0.46799686551094055,0
69766804,35,0,0.4846489131450653,0
69766815,35,0,0.4845786690711975,0
69766935,35,0,0.46412140130996704,0
69767012,35,0,0.4105578064918518,0
69769550,35,1,0.4232364892959595,0
69770247,35,1,0.9103427529335022,1
69771242,35,1,0.6538090705871582,0
69771744,35,0,0.5243254899978638,0
69774121,35,1,0.9287264943122864,1
69776359,35,0,0.5140494704246521,0
69777286,35,0,0.6203557252883911,0
69785371,35,1,0.8635843396186829,1
69786818,35,0,0.4866611957550049,0
69788018,35,0,0.7398028373718262,1
69788022,35,0,0.8407683372497559,1
69789201,35,1,0.9574902057647705,1
69790299,35,0,0.5792928338050842,0
69969727,35,0,0.3657775819301605,0
69971244,35,0,0.4256804883480072,0
69974712,35,0,0.3937666714191437,0
69978242,35,0,0.5239425897598267,0
69978247,35,0,0.5110531449317932,0
69980283,35,0,0.5978320837020874,0
69983656,35,0,0.5341961979866028,0
69983664,35,0,0.6016570329666138,0
69983675,35,0,0.6875151991844177,1
69984099,35,0,0.5233258008956909,0
69984489,35,0,0.4197353422641754,0
69985783,35,0,0.35241106152534485,0
69989672,35,0,0.46071508526802063,0
69989725,35,0,0.484291136264801,0
69990281,35,0,0.44395768642425537,0
69991706,35,0,0.3731130361557007,0
69991710,35,0,0.38474586606025696,0
69991725,35,0,0.44784271717071533,0
70005176,35,0,0.5132032632827759,0
70014376,35,0,0.22522735595703125,0
70023047,35,1,0.973249077796936,1
70038410,35,1,0.9320802092552185,1
70042737,35,1,0.9070509076118469,1
70046262,35,0,0.9035463333129883,1
70046276,35,1,0.9467465281486511,1
70061225,35,0,0.42700904607772827,0
70062248,35,0,0.3989752531051636,0
70062896,35,0,0.7146872282028198,1
70063174,35,0,0.35067635774612427,0
70063601,35,0,0.814899742603302,1
70063849,35,0,0.6050273180007935,0
70074480,35,0,0.6547849774360657,0
70076315,35,0,0.4380970597267151,0
70077225,35,0,0.7341795563697815,1
70098166,35,0,0.7626674175262451,1
70098837,35,0,0.7925103306770325,1
70107772,35,1,0.9343807697296143,1
70120032,35,0,0.5416189432144165,0
70121924,35,0,0.7740368843078613,1
70125493,35,0,0.8717737197875977,1
70133154,35,0,0.6854983568191528,1
70270159,35,0,0.8097690343856812,1
70296899,35,0,0.0007229259354062378,0
70323435,35,0,0.3602273166179657,0
70323761,35,0,0.6144943237304688,0
70324099,35,0,0.8840644359588623,1
70326881,35,0,0.5839648842811584,0
70328737,35,1,0.8623256087303162,1
70328738,35,1,0.8752131462097168,1
70328739,35,1,0.9015989303588867,1
70333393,35,1,0.9049903154373169,1
70335036,35,1,0.9039264917373657,1
70335041,35,1,0.9032638669013977,1
70338412,35,0,0.5850287079811096,0
70340047,35,0,0.7468187212944031,1
70342585,35,0,0.8487448692321777,1
70342642,35,0,0.7516215443611145,1
70346036,35,0,0.7147610783576965,1
70346573,35,0,0.8335527181625366,1
70352807,35,0,0.901618480682373,1
70354122,35,0,0.8431152701377869,1
70361153,35,1,0.8933296203613281,1
70361267,35,1,0.9055359363555908,1
70361268,35,1,0.905323326587677,1
70361269,35,1,0.886468768119812,1
70361270,35,1,0.9002890586853027,1
70361272,35,1,0.9052732586860657,1
70361273,35,1,0.881438136100769,1
70365718,35,1,0.913063645362854,1
70365720,35,1,0.9085096716880798,1
70365734,35,1,0.9047603607177734,1
70367102,35,0,0.203009694814682,0
70369931,35,0,0.18084852397441864,0
70370656,35,1,0.8957638144493103,1
70371756,35,0,0.010343765839934349,0
70372167,35,0,0.4547410309314728,0
70372168,35,0,0.42782866954803467,0
70373989,35,1,0.9133327603340149,1
70374249,35,1,0.8992903232574463,1
70375748,35,0,0.49992942810058594,0
70380892,35,0,0.7947567105293274,1
70382513,35,0,0.3127785921096802,0
70383061,35,0,0.7818158268928528,1
70383876,35,1,0.9020290970802307,1
70383882,35,1,0.9096093773841858,1
70383900,35,1,0.8915261030197144,1
70384401,35,1,0.9127542972564697,1
70384537,35,1,0.9157401919364929,1
70388754,35,1,0.9165511727333069,1
70389553,35,1,0.9163525104522705,1
70393167,35,0,0.48649635910987854,0
70400064,35,0,0.7579732537269592,1
70400104,35,0,0.523945689201355,0
70401397,35,0,0.48070603609085083,0
70402162,35,0,0.39831364154815674,0
70402171,35,0,0.5007155537605286,0
70402175,35,0,0.6576685309410095,0
70402309,35,0,0.3967268466949463,0
70402311,35,0,0.3774718642234802,0
70404602,35,1,0.8905403017997742,1
70405972,35,1,0.8971076011657715,1
70406447,35,1,0.8947909474372864,1
70408666,35,1,0.9133850932121277,1
70408671,35,1,0.9088131189346313,1
70409466,35,1,0.8871358036994934,1
70409573,35,1,0.8993507623672485,1
70410578,35,1,0.8468700051307678,1
70410625,35,1,0.833440363407135,1
70410628,35,1,0.8459764719009399,1
70410630,35,1,0.8466092944145203,1
70410631,35,1,0.8129829168319702,1
70410888,35,1,0.9013194441795349,1
70411208,35,0,0.6501794457435608,0
70411220,35,0,0.7502971887588501,1
70411474,35,0,0.5547347068786621,0
70411516,35,0,0.7690005302429199,1
70412109,35,0,0.5169065594673157,0
70412171,35,0,0.48747384548187256,0
70412698,35,0,0.5474823117256165,0
70416184,35,0,0.46443554759025574,0
70416560,35,0,0.5762256383895874,0
70418770,35,1,0.8921095728874207,1
70421733,35,0,0.4854030907154083,0
70422098,35,0,0.3464697301387787,0
70423756,35,0,0.682541012763977,1
70423765,35,0,0.39876633882522583,0
70424581,35,1,0.9039754867553711,1
70428323,35,0,0.5595836043357849,0
70432256,35,0,0.6522659659385681,0
70432262,35,0,0.7634932994842529,1
70432280,35,0,0.4568822681903839,0
70433726,35,0,0.7218647599220276,1
70433741,35,0,0.3973086178302765,0
70437152,35,0,0.8054690957069397,1
70439318,35,0,0.7055948376655579,1
70449361,35,0,0.5060025453567505,0
70449773,35,0,0.4137139916419983,0
70449777,35,0,0.36740827560424805,0
70449784,35,0,0.011531182564795017,0
70450102,35,0,0.4315059185028076,0
70450655,35,0,0.3365105092525482,0
70451888,35,0,0.41593068838119507,0
70454015,35,0,0.41579321026802063,0
70454020,35,0,0.48390626907348633,0
70454023,35,0,0.46010977029800415,0
70454028,35,0,0.42440271377563477,0
70454035,35,0,0.45232948660850525,0
70454320,35,0,0.393976092338562,0
70454327,35,0,0.3819270730018616,0
70454394,35,0,0.44556453824043274,0
70454722,35,0,0.4370581805706024,0
70454912,35,0,0.5423201322555542,0
70454916,35,0,0.4232405722141266,0
70454978,35,0,0.44529277086257935,0
70454989,35,0,0.4066062867641449,0
70454997,35,0,0.4850274622440338,0
70455189,35,0,0.45743247866630554,0
70455295,35,0,0.5186718702316284,0
70455475,35,0,0.5254168510437012,0
70455488,35,0,0.522579550743103,0
70455492,35,0,0.47846439480781555,0
70455498,35,0,0.4753130376338959,0
70455794,35,0,0.4213826656341553,0
70455803,35,0,0.5555542707443237,0
70455823,35,0,0.4220932126045227,0
70457288,35,0,0.4244319498538971,0
70457388,35,0,0.4903351068496704,0
70457391,35,0,0.4448442757129669,0
70457732,35,0,0.4400988519191742,0
70462696,35,0,0.4153291881084442,0
70462835,35,0,0.4343251883983612,0
70497257,35,0,0.3263739347457886,0
70514861,35,0,0.7336108088493347,1
70559252,35,0,0.5862424969673157,0
72963083,35,0,0.600925862789154,0
73951916,35,0,0.38727688789367676,0
74565607,35,0,0.677581250667572,1
79803570,35,0,0.8533803820610046,1
81566771,35,0,0.45485880970954895,0
85408708,35,1,0.8789121508598328,1
86875050,35,1,0.7897945642471313,1
87186734,35,0,0.6041932106018066,0
87905851,35,0,0.4331451654434204,0
89223678,35,0,0.8294684886932373,1
94904793,35,0,0.5259678363800049,0
100754045,35,0,0.7418936491012573,1
100754050,35,0,0.7126942276954651,1
100769138,35,0,0.20090824365615845,0
100769282,35,0,0.4089708924293518,0
100791450,35,0,0.4955753684043884,0
100791505,35,0,0.5069230198860168,0
100791799,35,0,0.480767160654068,0
100795612,35,0,0.39912766218185425,0
100798498,35,0,0.44521740078926086,0
100802655,35,0,0.6602858304977417,0
100803539,35,0,0.5203114748001099,0
100804290,35,0,0.011690882034599781,0
100808999,35,0,0.6973863244056702,1
100809005,35,0,0.4942540228366852,0
100830973,35,1,0.9048656821250916,1
100848371,35,0,0.5128971338272095,0
100918454,35,0,0.7734999656677246,1
100918469,35,0,0.8019916415214539,1
65879,36,0,0.3804026246070862,0
646566,36,0,0.2656307816505432,0
2070455,36,0,0.2713946998119354,0
2503479,36,0,0.46116337180137634,0
2607210,36,0,0.588416337966919,0
2692055,36,0,0.5561076998710632,0
2921806,36,0,0.3335978388786316,0
3132827,36,0,0.5754975080490112,0
3223131,36,0,0.47979289293289185,0
3353060,36,0,0.41308557987213135,0
3622868,36,0,0.41580796241760254,0
3678760,36,0,0.4630593955516815,0
3983184,36,0,0.9160057902336121,1
4209720,36,0,0.2723027169704437,0
4264481,36,1,0.6926507949829102,1
4264482,36,1,0.6925718784332275,1
4264483,36,1,0.6926378011703491,1
4599651,36,0,0.38842102885246277,0
5050216,36,0,0.3946302533149719,0
5229110,36,0,0.6328347325325012,0
5408397,36,0,0.4743976294994354,0
5651731,36,0,0.475116103887558,0
5923264,36,0,0.4230385422706604,0
6538083,36,0,0.33972978591918945,0
6541729,36,0,0.6902980804443359,1
6544887,36,0,0.6066523790359497,0
7160465,36,0,0.31154534220695496,0
7291548,36,0,0.7864147424697876,1
7371966,36,0,0.4821011424064636,0
7700342,36,0,0.3884504437446594,0
7794370,36,0,0.35887208580970764,0
7846920,36,0,0.7023133635520935,1
7988208,36,0,0.497608482837677,0
8691444,36,0,0.3778627812862396,0
9292788,36,0,0.3601793348789215,0
9463289,36,0,0.4979165494441986,0
9580797,36,1,0.8799392580986023,1
9709745,36,0,0.4107787013053894,0
9742529,36,0,0.3753053843975067,0
9819062,36,0,0.3914215862751007,0
10020863,36,0,0.4033564031124115,0
10043588,36,0,0.455394446849823,0
10075210,36,0,0.4850899577140808,0
10174843,36,0,0.39946988224983215,0
10174934,36,0,0.37566494941711426,0
10333291,36,0,0.46147263050079346,0
10773258,36,0,0.341984361410141,0
10944863,36,0,0.8791881203651428,1
11314537,36,0,0.5828758478164673,0
11320206,36,0,0.43321818113327026,0
11617562,36,0,0.4844956398010254,0
11735899,36,0,0.397508442401886,0
11748616,36,0,0.4975571632385254,0
11750730,36,0,0.4786304831504822,0
11780910,36,0,0.47785723209381104,0
12066494,36,0,0.3917408883571625,0
12067271,36,0,0.3886925280094147,0
12067399,36,0,0.38250669836997986,0
12912741,36,0,0.42094680666923523,0
13257685,36,0,0.3844619691371918,0
13329538,36,0,0.6287199854850769,0
13338694,36,0,0.10590172559022903,0
13439827,36,0,0.7967671155929565,1
13827311,36,0,0.6600292921066284,0
14101385,36,0,0.28830718994140625,0
14208485,36,0,0.3926556408405304,0
14249153,36,0,0.3851467967033386,0
14476823,36,0,0.5166051983833313,0
14487702,36,0,0.3779251277446747,0
14511457,36,0,0.32084277272224426,0
14636404,36,0,0.43046244978904724,0
14636407,36,0,0.4311179518699646,0
14636411,36,0,0.425589919090271,0
14915621,36,0,0.4811265170574188,0
15026863,36,0,0.45930343866348267,0
15101691,36,0,0.47809886932373047,0
15450988,36,0,0.32639047503471375,0
15456615,36,0,0.3777107000350952,0
15456696,36,0,0.34928932785987854,0
15457176,36,0,0.45763635635375977,0
15575586,36,0,0.44611096382141113,0
15973232,36,0,0.3235189616680145,0
16132110,36,0,0.3741205036640167,0
16713135,36,0,0.29681727290153503,0
16713136,36,0,0.40461593866348267,0
16713740,36,0,0.5953116416931152,0
16767018,36,0,0.5905405879020691,0
17144603,36,0,0.37899249792099,0
17746396,36,0,0.8160083889961243,1
17794012,36,0,0.30156567692756653,0
17825753,36,0,0.37134677171707153,0
17825759,36,0,0.8263505101203918,1
18056041,36,0,0.638694167137146,0
18447613,36,0,0.4741540253162384,0
18473563,36,0,0.4553753733634949,0
18911729,36,0,0.4701194167137146,0
19097439,36,0,0.7630494236946106,1
20258334,36,0,0.33974823355674744,0
20346661,36,0,0.3423846960067749,0
21352615,36,0,0.7220807671546936,1
21632518,36,0,0.5018298625946045,0
22478580,36,0,0.345784991979599,0
22845436,36,0,0.6611177921295166,0
22845448,36,0,0.8361694812774658,1
23065358,36,0,0.5389672517776489,0
23612274,36,0,0.3480120599269867,0
24029780,36,0,0.4064578115940094,0
24238963,36,0,0.8020842671394348,1
24339154,36,0,0.7766023278236389,1
24565114,36,0,0.8687379956245422,1
24640314,36,0,0.3615165054798126,0
24815685,36,0,0.34419336915016174,0
24823000,36,0,0.5299696922302246,0
24916701,36,0,0.8180946707725525,1
25154653,36,0,0.3687331974506378,0
25183547,36,0,0.4017433524131775,0
25244255,36,0,0.36696285009384155,0
25374129,36,0,0.45568376779556274,0
25376709,36,0,0.3494316339492798,0
25380228,36,0,0.470746785402298,0
25493733,36,0,0.6438517570495605,0
25881241,36,0,0.3115880787372589,0
26118294,36,0,0.47138482332229614,0
26229388,36,0,0.26402199268341064,0
26255407,36,0,0.8940941691398621,1
26255414,36,0,0.4120747745037079,0
26274328,36,0,0.3625432848930359,0
26290746,36,0,0.31706851720809937,0
26344309,36,0,0.213673934340477,0
26345903,36,0,0.3966725766658783,0
26352334,36,0,0.35800814628601074,0
26369473,36,0,0.7914698123931885,1
26386420,36,0,0.5885425806045532,0
26394081,36,0,0.4210553467273712,0
26416754,36,0,0.4270455539226532,0
26426749,36,0,0.5271833539009094,0
26484117,36,0,0.8719047904014587,1
26560265,36,0,0.38478007912635803,0
26560948,36,0,0.4499955475330353,0
26561062,36,0,0.309982568025589,0
26723076,36,0,0.4001465141773224,0
26743269,36,0,0.5700756311416626,0
27061572,36,0,0.36094504594802856,0
27365482,36,0,0.34362876415252686,0
27443500,36,0,0.4892796576023102,0
27476905,36,0,0.4269953966140747,0
27702383,36,0,0.4788912534713745,0
27718529,36,0,0.23851628601551056,0
27862024,36,0,0.8159223794937134,1
27949058,36,0,0.4619445502758026,0
27950078,36,0,0.4339471459388733,0
28041649,36,0,0.3779357671737671,0
28041676,36,0,0.3821587562561035,0
28244967,36,0,0.46630585193634033,0
28493004,36,0,0.45143741369247437,0
28603448,36,0,0.6915245056152344,1
28947752,36,0,0.24169160425662994,0
29225466,36,0,0.5165802836418152,0
29392235,36,0,0.3126983940601349,0
29542388,36,0,0.906363308429718,1
29638820,36,0,0.7692884802818298,1
31156994,36,0,0.2105928212404251,0
31171392,36,0,0.3406480550765991,0
31308955,36,0,0.43113023042678833,0
31344260,36,0,0.47704198956489563,0
31364369,36,0,0.43818286061286926,0
31406282,36,0,0.7118963003158569,1
31413233,36,0,0.28087007999420166,0
32293580,36,0,0.4183622896671295,0
33843382,36,0,0.39110830426216125,0
34242428,36,0,0.421584814786911,0
34339939,36,0,0.4301045536994934,0
34410435,36,0,0.3507758677005768,0
35004666,36,0,0.31392133235931396,0
35018122,36,0,0.6792845129966736,1
35598976,36,0,0.41405677795410156,0
35621005,36,0,0.3817394971847534,0
36245380,36,0,0.6060224175453186,0
36298639,36,0,0.5798549056053162,0
36460742,36,0,0.36532509326934814,0
36620223,36,0,0.3534805476665497,0
36910464,36,0,0.35067617893218994,0
38876099,36,0,0.46833929419517517,0
38930646,36,0,0.7584428191184998,1
39420798,36,0,0.36997273564338684,0
39911871,36,0,0.3711758852005005,0
41020170,36,0,0.4508327841758728,0
41124600,36,0,0.34241804480552673,0
41447158,36,0,0.7774803042411804,1
41570941,36,0,0.3083838224411011,0
41983422,36,0,0.39284780621528625,0
42079740,36,0,0.3699673116207123,0
42367646,36,0,0.3343310058116913,0
42516065,36,0,0.3961932957172394,0
42694213,36,0,0.8774054050445557,1
42756372,36,0,0.3765456974506378,0
43153369,36,0,0.6565901637077332,0
43495620,36,0,0.395197331905365,0
43519779,36,0,0.34190577268600464,0
43538180,36,0,0.5487653613090515,0
43746762,36,0,0.8383239507675171,1
43788807,36,0,0.49614188075065613,0
43840946,36,0,0.31611168384552,0
43845271,36,0,0.48153382539749146,0
44175377,36,0,0.4268898367881775,0
44562478,36,1,0.8804976940155029,1
44562982,36,1,0.8808470964431763,1
44674211,36,0,0.443408340215683,0
45505039,36,0,0.7029615640640259,1
45858651,36,0,0.27792587876319885,0
46403128,36,0,0.38849854469299316,0
46672640,36,0,0.7624150514602661,1
46743617,36,0,0.33339306712150574,0
46746122,36,0,0.31091874837875366,0
46747574,36,0,0.6315890550613403,0
46781613,36,0,0.3527110517024994,0
46848276,36,0,0.47634631395339966,0
46861644,36,0,0.40239933133125305,0
46911141,36,0,0.45503783226013184,0
47033579,36,0,0.37689295411109924,0
47049999,36,0,0.3879345953464508,0
47201034,36,0,0.2989395558834076,0
47253767,36,0,0.3540573716163635,0
47343604,36,0,0.42294710874557495,0
47471554,36,0,0.8711307048797607,1
47885917,36,0,0.7154731750488281,1
48012475,36,0,0.4068736433982849,0
48536569,36,0,0.43179529905319214,0
48607207,36,0,0.28790467977523804,0
49358314,36,0,0.37410444021224976,0
49496202,36,0,0.42177614569664,0
49504861,36,0,0.29609569907188416,0
49751168,36,0,0.542380154132843,0
49751552,36,0,0.47401899099349976,0
49751554,36,0,0.8451830148696899,1
49751560,36,0,0.5680373907089233,0
50287049,36,0,0.3692181408405304,0
50299005,36,0,0.39701148867607117,0
50405501,36,0,0.3399060368537903,0
50480742,36,0,0.8239424228668213,1
50980775,36,0,0.4793960452079773,0
51049869,36,0,0.40589118003845215,0
51057762,36,0,0.36489036679267883,0
51871690,36,0,0.3799692988395691,0
52084569,36,0,0.5460165143013,0
52085803,36,0,0.35451212525367737,0
52489831,36,0,0.3146061897277832,0
52597830,36,0,0.3319137692451477,0
53178126,36,0,0.28214776515960693,0
53680335,36,0,0.31496769189834595,0
53860629,36,0,0.7218401432037354,1
53862301,36,0,0.6141571998596191,0
54305138,36,0,0.39414283633232117,0
54317371,36,0,0.39589837193489075,0
55661554,36,0,0.42268866300582886,0
55801092,36,0,0.600483775138855,0
56274229,36,0,0.3652474582195282,0
58031903,36,0,0.7264466285705566,1
59374847,36,0,0.3679143488407135,0
59374849,36,0,0.31865763664245605,0
59503198,36,0,0.6964592337608337,1
59724632,36,0,0.7350404262542725,1
59724634,36,0,0.8572245836257935,1
59724636,36,0,0.7379715442657471,1
59758492,36,0,0.6225637197494507,0
59760533,36,0,0.3748664855957031,0
59998001,36,0,0.7531171441078186,1
60088432,36,0,0.3407534956932068,0
60116376,36,0,0.7615475058555603,1
60513732,36,0,0.40344998240470886,0
60926373,36,0,0.8061997890472412,1
60969652,36,0,0.5867162942886353,0
61697431,36,0,0.6616719365119934,0
61829955,36,0,0.3820992708206177,0
62175284,36,0,0.5313320159912109,0
62917941,36,0,0.4895312190055847,0
63422749,36,0,0.589625358581543,0
63489982,36,0,0.5428240299224854,0
63498194,36,0,0.8744715452194214,1
63848074,36,0,0.365466445684433,0
64364849,36,0,0.29075726866722107,0
64472772,36,1,0.9034094214439392,1
64504124,36,0,0.3907489478588104,0
65555132,36,0,0.5121896862983704,0
65694686,36,0,0.513088047504425,0
65838245,36,0,0.4626084268093109,0
66158250,36,0,0.4831692576408386,0
66403063,36,0,0.8400216102600098,1
66590338,36,0,0.6718616485595703,1
66609309,36,0,0.47045865654945374,0
66610974,36,0,0.3297269642353058,0
66754395,36,0,0.7631683349609375,1
66866745,36,0,0.7244659066200256,1
67457597,36,0,0.5680369138717651,0
67999086,36,0,0.6679227948188782,0
68580446,36,0,0.3900569975376129,0
69333842,36,0,0.3783702552318573,0
69490698,36,0,0.34380096197128296,0
69530166,36,0,0.32389596104621887,0
69807327,36,0,0.5729882121086121,0
69822240,36,0,0.4639565944671631,0
69911289,36,0,0.3393307626247406,0
69911290,36,0,0.3377368450164795,0
70047034,36,0,0.488205224275589,0
70229149,36,0,0.4103134870529175,0
70819595,36,0,0.31835874915122986,0
71095725,36,0,0.6871138215065002,1
71306396,36,0,0.4281288683414459,0
71359356,36,0,0.8738558292388916,1
71359771,36,0,0.7276045083999634,1
71360182,36,0,0.5510441660881042,0
71363407,36,0,0.45697471499443054,0
71363970,36,0,0.4024195671081543,0
71363971,36,0,0.6882887482643127,1
71804992,36,0,0.3817889094352722,0
71807218,36,0,0.4085603356361389,0
71885980,36,1,0.9051931500434875,1
72086714,36,0,0.6856687664985657,1
72266983,36,0,0.39415231347084045,0
72337286,36,0,0.4054792821407318,0
72504994,36,0,0.7197571992874146,1
72524957,36,0,0.40029478073120117,0
72537227,36,0,0.3434426486492157,0
72567022,36,0,0.8377388119697571,1
72897869,36,0,0.3536404073238373,0
72898322,36,0,0.3910437524318695,0
72902501,36,0,0.4047773778438568,0
72904787,36,0,0.35817140340805054,0
72906946,36,0,0.3607714772224426,0
72907855,36,0,0.2667960822582245,0
73186350,36,0,0.40199097990989685,0
73222775,36,0,0.7807186245918274,1
73452777,36,0,0.6865467429161072,1
73648802,36,0,0.5374774932861328,0
73668731,36,0,0.3846141993999481,0
73747118,36,0,0.41824859380722046,0
73862228,36,0,0.4916374981403351,0
74146541,36,0,0.36360785365104675,0
74216201,36,0,0.4653598368167877,0
74267778,36,0,0.3692684471607208,0
74345264,36,0,0.8558241128921509,1
74432593,36,0,0.1591792106628418,0
74628655,36,0,0.4134230315685272,0
74657803,36,0,0.4574583172798157,0
74699742,36,0,0.3715653419494629,0
74700264,36,0,0.6175045371055603,0
74766136,36,0,0.8227183222770691,1
74814094,36,0,0.46792611479759216,0
74815309,36,0,0.8142759203910828,1
74815310,36,0,0.3243602514266968,0
74815849,36,0,0.4060296416282654,0
74816160,36,0,0.40440404415130615,0
75729088,36,0,0.6938548684120178,1
76314771,36,0,0.41894567012786865,0
76402619,36,0,0.40280112624168396,0
76404237,36,0,0.4041856527328491,0
76435940,36,0,0.4083266258239746,0
76605068,36,0,0.567844808101654,0
76863021,36,1,0.9428317546844482,1
76863054,36,1,0.9459337592124939,1
76863076,36,1,0.9430477619171143,1
76961964,36,0,0.48198917508125305,0
77058948,36,0,0.3034592270851135,0
77092696,36,0,0.47016897797584534,0
77100286,36,0,0.3732103109359741,0
77133658,36,0,0.4060484766960144,0
77142763,36,0,0.4027422070503235,0
77147400,36,0,0.4061974585056305,0
77148660,36,0,0.402335524559021,0
77153980,36,0,0.40369391441345215,0
77155797,36,0,0.4060904383659363,0
77164674,36,0,0.43079039454460144,0
77165567,36,0,0.40571174025535583,0
77170571,36,0,0.4280029237270355,0
77175773,36,0,0.4261920154094696,0
77176710,36,0,0.4164212644100189,0
78111088,36,0,0.3620525002479553,0
78602033,36,0,0.26026254892349243,0
78655939,36,0,0.37654417753219604,0
78777019,36,0,0.4191214144229889,0
79470693,36,0,0.361381471157074,0
79784131,36,0,0.62652188539505,0
80196411,36,0,0.3631891906261444,0
80278594,36,0,0.36746495962142944,0
81447983,36,0,0.36435288190841675,0
81750846,36,0,0.41282039880752563,0
81948747,36,0,0.7356824278831482,1
82172275,36,0,0.5804200768470764,0
82412818,36,0,0.8377801179885864,1
82478836,36,0,0.7242333292961121,1
83006156,36,0,0.4880659282207489,0
83047903,36,0,0.8997945189476013,1
83171612,36,0,0.5743061900138855,0
83201398,36,0,0.680083155632019,1
83486785,36,0,0.5126335620880127,0
83641975,36,0,0.43744298815727234,0
83733232,36,0,0.3696887791156769,0
84288626,36,0,0.35553082823753357,0
84362242,36,0,0.7563390731811523,1
85605136,36,0,0.3416987657546997,0
85763115,36,0,0.43859535455703735,0
86043782,36,0,0.3538641631603241,0
86143479,36,0,0.3316284120082855,0
86225808,36,0,0.4557681679725647,0
87302679,36,0,0.8063658475875854,1
87451958,36,0,0.7331912517547607,1
88267744,36,0,0.3277443051338196,0
88843080,36,0,0.7819110751152039,1
90249287,36,0,0.5070206522941589,0
92530488,36,0,0.6791802644729614,1
93761483,36,0,0.8286243677139282,1
94619995,36,0,0.8744757771492004,1
94749368,36,0,0.45341646671295166,0
94828134,36,0,0.37722116708755493,0
96222292,36,0,0.1779148131608963,0
96222293,36,0,0.17504435777664185,0
96363307,36,0,0.7207551002502441,1
96443703,36,0,0.48021331429481506,0
96447687,36,0,0.6557327508926392,0
96453477,36,0,0.7292435169219971,1
96574185,36,0,0.46260565519332886,0
96613640,36,0,0.4946371018886566,0
97150074,36,1,0.9081872701644897,1
97150075,36,1,0.8536674976348877,1
97150081,36,1,0.9036148190498352,1
97150082,36,1,0.9081624150276184,1
98089343,36,0,0.7855631709098816,1
98178148,36,1,0.8971270322799683,1
98294704,36,0,0.859601616859436,1
99189548,36,0,0.607948899269104,0
99728985,36,0,0.6105201840400696,0
99920376,36,0,0.650204062461853,0
100458403,36,0,0.360221266746521,0
100811554,36,1,0.8903050422668457,1
100811714,36,1,0.8327562212944031,1
100811720,36,1,0.8815363049507141,1
102312377,36,0,0.4087602198123932,0
104349929,36,0,0.38550758361816406,0
106066289,36,0,0.38078880310058594,0
106227662,36,0,0.4011230170726776,0
106249867,36,0,0.9156234860420227,1
106474160,36,0,0.3899407386779785,0
107112620,36,0,0.6687354445457458,0
107307791,36,0,0.848386287689209,1
108152450,36,0,0.3479051887989044,0
108155998,36,0,0.5218087434768677,0
108156000,36,0,0.863075852394104,1
108158984,36,0,0.3914540410041809,0
108558120,36,0,0.3706670105457306,0
108623552,36,0,0.3898782432079315,0
108623828,36,0,0.4411013424396515,0
108781464,36,0,0.36018994450569153,0
109163904,36,0,0.6940284371376038,1
110935079,36,0,0.35882019996643066,0
111064425,36,0,0.3612947165966034,0
111505611,36,0,0.42332643270492554,0
111701814,36,0,0.4021149277687073,0
111816511,36,0,0.3607460856437683,0
112055022,36,0,0.7308236360549927,1
112834095,36,0,0.5122866034507751,0
112841520,36,0,0.8291066884994507,1
113028362,36,0,0.7943300008773804,1
113573117,36,0,0.39405956864356995,0
114498409,36,0,0.4426526725292206,0
115128842,36,0,0.3857985734939575,0
115610377,36,0,0.45252498984336853,0
115625469,36,0,0.382651686668396,0
116903169,36,0,0.4223310649394989,0
117140737,36,1,0.9037388563156128,1
117628526,36,0,0.40584391355514526,0
117722026,36,0,0.3668271601200104,0
117914128,36,0,0.4931875765323639,0
118157074,36,0,0.371254026889801,0
118375251,36,0,0.3701980710029602,0
118382752,36,0,0.5547626614570618,0
118479624,36,0,0.8859124779701233,1
119202474,36,0,0.32512474060058594,0
119446249,36,0,0.3464984595775604,0
120019032,36,1,0.7714554667472839,1
120019034,36,1,0.7836323976516724,1
120068194,36,0,0.36313948035240173,0
120179148,36,0,0.7471632361412048,1
121874664,36,0,0.3962317705154419,0
121915821,36,0,0.5401849150657654,0
121978408,36,0,0.5206547975540161,0
121978551,36,0,0.574673056602478,0
121978777,36,0,0.49715855717658997,0
121979121,36,0,0.405149906873703,0
122060720,36,0,0.2483147382736206,0
122148516,36,0,0.29576486349105835,0
122166858,36,0,0.49342581629753113,0
122267457,36,0,0.2964329421520233,0
122268541,36,0,0.6818775534629822,1
122351378,36,0,0.3149692714214325,0
122701156,36,0,0.510101318359375,0
122707293,36,0,0.48595839738845825,0
123108840,36,0,0.4105844497680664,0
123587742,36,0,0.5427584052085876,0
123665326,36,0,0.8415960669517517,1
124546130,36,0,0.8359295129776001,1
124968331,36,0,0.2990066707134247,0
125057770,36,0,0.31496065855026245,0
125104979,36,0,0.27507293224334717,0
125133336,36,0,0.29074668884277344,0
125410588,36,0,0.47687602043151855,0
125579696,36,0,0.4452425241470337,0
125608376,36,0,0.3692859411239624,0
126380404,36,0,0.31540006399154663,0
126866147,36,0,0.2545829713344574,0
126969160,36,0,0.22713889181613922,0
127430876,36,0,0.4201173484325409,0
130123636,36,0,0.4390418827533722,0
130576759,36,0,0.2785361409187317,0
130896132,36,0,0.7783271670341492,1
130917377,36,0,0.37480834126472473,0
130927055,36,0,0.23765259981155396,0
132499699,36,0,0.809198796749115,1
132758264,36,0,0.38245660066604614,0
132859923,36,0,0.47380053997039795,0
134252201,36,0,0.30140066146850586,0
136314571,36,0,0.35142990946769714,0
138041080,36,0,0.8351168036460876,1
138486890,36,0,0.3635506331920624,0
142287820,36,0,0.3811963200569153,0
143269221,36,0,0.40101996064186096,0
145420201,36,0,0.38796406984329224,0
146303161,36,0,0.4400874078273773,0
147112358,36,0,0.4106824994087219,0
147587975,36,0,0.3671605885028839,0
148433399,36,0,0.32893848419189453,0
149638056,36,0,0.5022677183151245,0
149644613,36,0,0.7933344841003418,1
154749916,36,0,0.47580036520957947,0
157288049,36,0,0.3353935182094574,0
159141256,36,0,0.5994105339050293,0
159683384,36,0,0.7027958631515503,1
160376254,36,0,0.35780519247055054,0
163406178,36,0,0.4611976444721222,0
167356788,36,0,0.6895819306373596,1
171180032,36,0,0.6532891988754272,0
173957578,36,0,0.4578370153903961,0
175294105,36,0,0.36371612548828125,0
175662507,36,0,0.5789117813110352,0
176543937,36,0,0.31511199474334717,0
177302802,36,0,0.29640182852745056,0
178163570,36,0,0.2943500876426697,0
182549951,36,0,0.3077782094478607,0
182703317,36,0,0.3672707676887512,0
184107503,36,0,0.35573914647102356,0
184121536,36,0,0.36592933535575867,0
184833091,36,0,0.6049798130989075,0
186596922,36,0,0.6122015714645386,0
187524527,36,0,0.7692015171051025,1
187549053,36,0,0.8350741267204285,1
190152436,36,0,0.23973429203033447,0
191691627,36,0,0.30995678901672363,0
192139265,36,0,0.7914851307868958,1
192706595,36,0,0.3512117862701416,0
192729408,36,0,0.5162098407745361,0
193908657,36,0,0.31893858313560486,0
195456317,36,0,0.41156014800071716,0
196128588,36,0,0.3056901693344116,0
197040242,36,0,0.3902844488620758,0
197655358,36,0,0.5396158695220947,0
198513652,36,0,0.3262561857700348,0
198727492,36,0,0.39072296023368835,0
198745679,36,0,0.74143385887146,1
198749721,36,0,0.43962857127189636,0
198749732,36,0,0.4550473093986511,0
198751613,36,0,0.37590041756629944,0
198759651,36,0,0.3555535674095154,0
198763958,36,0,0.3538148105144501,0
198766843,36,0,0.30181315541267395,0
198768711,36,0,0.5131889581680298,0
198776290,36,0,0.7320950031280518,1
198777856,36,0,0.41826778650283813,0
198780802,36,0,0.727922260761261,1
198785941,36,0,0.9534336924552917,1
198787816,36,0,0.3714020848274231,0
198787819,36,0,0.758251965045929,1
198789626,36,0,0.4086134731769562,0
198789634,36,0,0.4651595950126648,0
198789956,36,0,0.37039700150489807,0
198790044,36,0,0.31724047660827637,0
198790046,36,0,0.4362391233444214,0
198791026,36,0,0.426114559173584,0
198791041,36,0,0.39772140979766846,0
198791666,36,0,0.47314953804016113,0
198791681,36,0,0.420505553483963,0
198791804,36,0,0.40899524092674255,0
198791989,36,0,0.3207193911075592,0
198791991,36,0,0.3054523169994354,0
198792214,36,0,0.3874572813510895,0
198792215,36,0,0.5943217873573303,0
198793579,36,0,0.37047287821769714,0
198793583,36,0,0.3911820948123932,0
198793586,36,0,0.39030906558036804,0
198793587,36,0,0.35145169496536255,0
198793589,36,0,0.20723804831504822,0
198793594,36,0,0.4812699258327484,0
198793602,36,0,0.30611053109169006,0
198797078,36,0,0.3821412920951843,0
198799339,36,0,0.4849657714366913,0
198800162,36,0,0.30893266201019287,0
198800166,36,0,0.4173121750354767,0
198800687,36,0,0.30358099937438965,0
198800691,36,0,0.40618109703063965,0
198800707,36,0,0.675964891910553,1
198800739,36,0,0.38845449686050415,0
198800793,36,0,0.40557706356048584,0
198800811,36,0,0.29658669233322144,0
198800988,36,0,0.39446911215782166,0
198801308,36,0,0.2985357642173767,0
198801313,36,0,0.46041932702064514,0
198801599,36,0,0.3879169523715973,0
198801683,36,0,0.3268735706806183,0
198801841,36,0,0.3535621762275696,0
198801918,36,0,0.4191943109035492,0
198801919,36,0,0.3530973792076111,0
198802015,36,0,0.36882150173187256,0
198802021,36,0,0.36347833275794983,0
198802582,36,0,0.3855815529823303,0
198802733,36,0,0.626284658908844,0
198802739,36,0,0.3888426721096039,0
198803096,36,0,0.3963819146156311,0
198803598,36,0,0.34287625551223755,0
198803599,36,0,0.6308400630950928,0
198803626,36,0,0.6042871475219727,0
198805681,36,0,0.5896463394165039,0
198805849,36,0,0.37248361110687256,0
198805853,36,0,0.3871895372867584,0
198805855,36,0,0.36327508091926575,0
198810098,36,0,0.3457091748714447,0
198810823,36,0,0.6974446773529053,1
198810833,36,0,0.38606446981430054,0
198810834,36,0,0.3514555096626282,0
198810836,36,0,0.3315056562423706,0
198811356,36,0,0.40599536895751953,0
198812380,36,0,0.30324167013168335,0
198814102,36,0,0.3862669765949249,0
198814103,36,0,0.39643847942352295,0
198814108,36,0,0.4618230164051056,0
198814111,36,0,0.31356245279312134,0
198814113,36,0,0.40797901153564453,0
198814117,36,0,0.3531103730201721,0
198814120,36,0,0.39886167645454407,0
198826861,36,0,0.3201102018356323,0
198827173,36,0,0.352257639169693,0
198827545,36,0,0.37565532326698303,0
198828204,36,0,0.18291984498500824,0
198828206,36,0,0.4022102952003479,0
198828207,36,0,0.39566662907600403,0
198828632,36,0,0.5962876081466675,0
198829043,36,0,0.4039764404296875,0
198829044,36,0,0.36787185072898865,0
198830119,36,0,0.5415096282958984,0
198833165,36,0,0.3330342173576355,0
198846485,36,0,0.32127004861831665,0
198851715,36,0,0.47050172090530396,0
198851754,36,0,0.32378095388412476,0
198851848,36,0,0.35143986344337463,0
198855413,36,0,0.28552165627479553,0
198862743,36,0,0.25271186232566833,0
199305906,36,0,0.6404149532318115,0
199308438,36,0,0.6966187357902527,1
199310352,36,0,0.3810192346572876,0
199310359,36,0,0.31939154863357544,0
199310811,36,0,0.25673574209213257,0
199312098,36,0,0.35984042286872864,0
199314572,36,0,0.31627920269966125,0
199321355,36,0,0.4322698414325714,0
199321357,36,0,0.3992460370063782,0
199321367,36,0,0.39316847920417786,0
199321376,36,0,0.3891352117061615,0
199321379,36,0,0.39587631821632385,0
199321388,36,0,0.4122711420059204,0
199321392,36,0,0.39386552572250366,0
199321544,36,0,0.7525226473808289,1
199321554,36,0,0.52375328540802,0
199321565,36,0,0.42357927560806274,0
199321574,36,0,0.341410368680954,0
199322846,36,0,0.401174396276474,0
199323080,36,0,0.3578011095523834,0
199323884,36,0,0.301982045173645,0
199336962,36,0,0.24034450948238373,0
199337975,36,0,0.2560011148452759,0
199347872,36,0,0.23953047394752502,0
199358336,36,0,0.29539963603019714,0
199362648,36,0,0.21977892518043518,0
199365528,36,0,0.24971850216388702,0
199381173,36,0,0.4453936517238617,0
199393791,36,0,0.2375556230545044,0
199402381,36,0,0.23565946519374847,0
199404537,36,0,0.8861002922058105,1
199404540,36,0,0.4534291923046112,0
199404549,36,0,0.40545976161956787,0
199408076,36,0,0.6307992339134216,0
199408246,36,0,0.33282917737960815,0
199408495,36,0,0.5411087870597839,0
199416010,36,0,0.39629650115966797,0
199542101,36,0,0.47574424743652344,0
199932860,36,0,0.0194210447371006,0
199933971,36,0,0.6565182209014893,0
199934365,36,0,0.7253792881965637,1
199934729,36,0,0.6801629662513733,1
199934775,36,0,0.5327561497688293,0
199934828,36,0,0.8110092282295227,1
199935124,36,0,0.7869507670402527,1
199937031,36,0,0.863713264465332,1
199937366,36,0,0.29056763648986816,0
199937804,36,0,0.29134005308151245,0
199938132,36,0,0.2840783894062042,0
199938558,36,0,0.3230910003185272,0
199938565,36,0,0.3933013379573822,0
199939481,36,0,0.2689073383808136,0
199939839,36,0,0.3236354887485504,0
199940244,36,0,0.32804736495018005,0
199940257,36,0,0.4154270887374878,0
199940269,36,0,0.6250789761543274,0
199941533,36,0,0.6925286054611206,1
199941768,36,0,0.5658096671104431,0
199941804,36,0,0.8100685477256775,1
199941968,36,0,0.6147565841674805,0
199941994,36,0,0.8141399025917053,1
199942007,36,0,0.4360183775424957,0
199942851,36,0,0.8900044560432434,1
199942854,36,0,0.579838216304779,0
199942855,36,0,0.8942567706108093,1
199942857,36,0,0.8255773186683655,1
199942869,36,0,0.7640545964241028,1
199942873,36,0,0.6751205325126648,1
199942876,36,0,0.8479560613632202,1
199943644,36,0,0.2589685320854187,0
199944363,36,0,0.6825740933418274,1
199944365,36,0,0.36202654242515564,0
199944366,36,0,0.48237907886505127,0
199944367,36,0,0.7285335659980774,1
199944374,36,0,0.666198194026947,0
199944376,36,0,0.31575313210487366,0
199944394,36,0,0.25178444385528564,0
199944769,36,0,0.5957674384117126,0
199945050,36,0,0.8416067361831665,1
199945121,36,0,0.5335643291473389,0
199945130,36,0,0.6653030514717102,0
199945134,36,0,0.3992801606655121,0
199945135,36,0,0.5472558736801147,0
199945141,36,0,0.4323272705078125,0
199945951,36,0,0.2632302939891815,0
199946705,36,0,0.2662046551704407,0
199947498,36,0,0.3505242168903351,0
199948988,36,0,0.45327049493789673,0
199949041,36,0,0.8049904108047485,1
199950597,36,0,0.6979813575744629,1
199951045,36,0,0.23287338018417358,0
199951054,36,0,0.8749092221260071,1
199955006,36,0,0.6834958791732788,1
199956747,36,0,0.720710277557373,1
199956760,36,0,0.7911974787712097,1
199958894,36,0,0.7786558866500854,1
199959457,36,0,0.3700636029243469,0
199963475,36,0,0.5903215408325195,0
199966802,36,0,0.6750257015228271,1
199967131,36,0,0.7247676849365234,1
199979709,36,0,0.8614829182624817,1
199979754,36,0,0.8484963178634644,1
199981276,36,0,0.3618265986442566,0
199987555,36,0,0.6502851247787476,0
199987644,36,0,0.6367790699005127,0
199988638,36,0,0.5227369666099548,0
199988989,36,0,0.38603439927101135,0
199989335,36,0,0.7396993637084961,1
199991289,36,0,0.41910886764526367,0
199991671,36,0,0.2873691916465759,0
199992494,36,0,0.4405788779258728,0
199994110,36,0,0.589586615562439,0
199994120,36,0,0.40575987100601196,0
199996026,36,0,0.40208354592323303,0
199997388,36,0,0.3318266272544861,0
200001458,36,0,0.36479637026786804,0
200002294,36,0,0.2745320796966553,0
200005376,36,0,0.7619302272796631,1
200006157,36,0,0.436138391494751,0
200016689,36,0,0.40386608242988586,0
200017681,36,0,0.3299633860588074,0
200019324,36,0,0.38447555899620056,0
200020510,36,0,0.3817424476146698,0
200022074,36,0,0.4019812047481537,0
200022532,36,0,0.40954047441482544,0
200023141,36,0,0.4429300129413605,0
200023153,36,0,0.4384760856628418,0
200023179,36,0,0.24193964898586273,0
200024397,36,0,0.7040966749191284,1
200024875,36,0,0.38425779342651367,0
200025279,36,0,0.2949024736881256,0
200032559,36,0,0.2764599025249481,0
200032635,36,0,0.3624539375305176,0
200032976,36,0,0.3370395302772522,0
200032985,36,0,0.3668529689311981,0
200032992,36,0,0.35749131441116333,0
200032993,36,0,0.3991301357746124,0
200033067,36,0,0.7434279322624207,1
200040099,36,0,0.6001666784286499,0
200041934,36,0,0.40520697832107544,0
200046204,36,0,0.29611724615097046,0
200047753,36,0,0.7786234617233276,1
200048339,36,0,0.3335171341896057,0
200048385,36,0,0.788162112236023,1
200048388,36,0,0.5592560768127441,0
200048398,36,0,0.669937252998352,0
200048413,36,0,0.6194915175437927,0
200048728,36,0,0.6043977737426758,0
200049093,36,0,0.6563460826873779,0
200049384,36,0,0.7544705271720886,1
200050566,36,0,0.6293216347694397,0
200051516,36,0,0.7958081364631653,1
200051543,36,0,0.7159899473190308,1
200051546,36,0,0.3434937000274658,0
200052146,36,0,0.5650969743728638,0
200052174,36,0,0.767879068851471,1
200052323,36,0,0.8214060068130493,1
200052760,36,0,0.7229509353637695,1
200052775,36,0,0.6406394243240356,0
200052857,36,0,0.7815214395523071,1
200054513,36,0,0.777994692325592,1
200055834,36,0,0.9262201189994812,1
200055840,36,0,0.8927055597305298,1
200057362,36,0,0.780579149723053,1
200057744,36,0,0.4411737322807312,0
200059005,36,0,0.3279757797718048,0
200059007,36,0,0.32690927386283875,0
200059513,36,0,0.7246431708335876,1
200061043,36,0,0.1973341554403305,0
200061851,36,0,0.5147153735160828,0
200062477,36,0,0.7734294533729553,1
200062510,36,0,0.5617291927337646,0
200062534,36,0,0.5028511881828308,0
200064568,36,0,0.49341392517089844,0
200067272,36,0,0.36901193857192993,0
200072369,36,0,0.5047292709350586,0
200072389,36,0,0.702704131603241,1
200126121,36,0,0.8339393138885498,1
200438684,36,0,0.27145323157310486,0
200439780,36,0,0.5121393799781799,0
200445863,36,0,0.6826107501983643,1
200446402,36,0,0.7783844470977783,1
200453211,36,0,0.659430205821991,0
200453737,36,0,0.665391743183136,0
200454702,36,0,0.794743537902832,1
200456497,36,0,0.555121660232544,0
200456866,36,0,0.6907510161399841,1
200457195,36,0,0.36264297366142273,0
200457256,36,0,0.5744091272354126,0
200458469,36,0,0.6423494815826416,0
200458940,36,0,0.8596993088722229,1
200459281,36,0,0.37854743003845215,0
200459299,36,0,0.3079005479812622,0
200459331,36,0,0.6143002510070801,0
200464814,36,0,0.639745831489563,0
200465307,36,0,0.7907534837722778,1
200465331,36,0,0.743344783782959,1
200469204,36,0,0.4696623980998993,0
200469605,36,0,0.7957987189292908,1
200469620,36,0,0.8461894989013672,1
200470103,36,0,0.751456081867218,1
200470127,36,0,0.3969537913799286,0
200470656,36,0,0.8899374008178711,1
200470900,36,0,0.5139159560203552,0
200472743,36,0,0.8611441850662231,1
200476030,36,0,0.6343871355056763,0
200484358,36,0,0.4213242530822754,0
200484774,36,0,0.33515608310699463,0
200484816,36,0,0.34965401887893677,0
200489567,36,0,0.6563900113105774,0
200498737,36,0,0.7563310265541077,1
200499666,36,0,0.901900589466095,1
200501540,36,0,0.7159068584442139,1
200501946,36,0,0.7358049154281616,1
200505748,36,0,0.4901184141635895,0
200505755,36,0,0.6908436417579651,1
200505759,36,0,0.7673465609550476,1
200505768,36,0,0.31125450134277344,0
200505773,36,0,0.3928159475326538,0
200505775,36,0,0.36181193590164185,0
200507394,36,0,0.8660454750061035,1
200507615,36,0,0.7719807028770447,1
200508991,36,0,0.371670126914978,0
200508995,36,0,0.2613239884376526,0
200509432,36,0,0.7963315844535828,1
200509865,36,0,0.8104293942451477,1
200509897,36,0,0.6560545563697815,0
200517143,36,0,0.7762675285339355,1
200518105,36,0,0.4987449049949646,0
200520046,36,0,0.2691698968410492,0
200521999,36,0,0.2773258686065674,0
200523049,36,0,0.4196712374687195,0
200524878,36,0,0.36772167682647705,0
200526957,36,0,0.6895639896392822,1
200528352,36,0,0.9088109731674194,1
200528363,36,0,0.4394911825656891,0
200529140,36,0,0.41518259048461914,0
200529143,36,0,0.5287630558013916,0
200529472,36,0,0.9014761447906494,1
200529476,36,0,0.8479925990104675,1
200530201,36,0,0.575222373008728,0
200532514,36,0,0.6033374071121216,0
200543666,36,0,0.12529577314853668,0
200543668,36,0,0.4021705389022827,0
200544004,36,0,0.40837618708610535,0
200544012,36,0,0.4152456521987915,0
200544019,36,0,0.3697624206542969,0
200544024,36,0,0.39845189452171326,0
200544034,36,0,0.4097454249858856,0
200544377,36,0,0.3546212315559387,0
200544793,36,0,0.41672542691230774,0
200544799,36,0,0.41325780749320984,0
200544803,36,0,0.42833513021469116,0
200545112,36,0,0.4231203496456146,0
200545151,36,0,0.36979594826698303,0
200545451,36,0,0.3916190266609192,0
200545458,36,0,0.4097115993499756,0
200565506,36,0,0.8942216038703918,1
200565606,36,0,0.5686002969741821,0
200565611,36,0,0.5144777297973633,0
200565615,36,0,0.3663366436958313,0
200565617,36,0,0.4084263741970062,0
200565624,36,0,0.4369794428348541,0
200565627,36,0,0.43047934770584106,0
200568200,36,0,0.3914124071598053,0
200569926,36,0,0.654191255569458,0
200569927,36,0,0.3709275722503662,0
200575744,36,0,0.6680752635002136,0
200576139,36,0,0.8061395883560181,1
200583082,36,0,0.6332393884658813,0
200583424,36,0,0.4248846769332886,0
200593594,36,0,0.38493290543556213,0
200594293,36,0,0.7760968208312988,1
200595876,36,0,0.3651892840862274,0
200595877,36,0,0.4079410135746002,0
200595880,36,0,0.3947354257106781,0
200595885,36,0,0.39169979095458984,0
200596723,36,0,0.6505262851715088,0
200596727,36,0,0.3639397621154785,0
200596729,36,0,0.6762214303016663,1
200597835,36,1,0.9321693778038025,1
200601473,36,0,0.6277093887329102,0
200606547,36,0,0.3600671887397766,0
200607300,36,0,0.38282525539398193,0
200608590,36,0,0.3478769361972809,0
200613731,36,0,0.3437518775463104,0
200613889,36,0,0.3621690273284912,0
200616032,36,0,0.45216044783592224,0
200616109,36,0,0.43707501888275146,0
200616710,36,0,0.4185892939567566,0
200617038,36,0,0.4227781295776367,0
200617459,36,0,0.4564812481403351,0
200617679,36,0,0.8293600082397461,1
200617681,36,0,0.501254677772522,0
200618246,36,0,0.4167599678039551,0
200618249,36,0,0.4330829381942749,0
200618680,36,0,0.8370988965034485,1
200618684,36,0,0.3777152895927429,0
200619436,36,0,0.6125732064247131,0
200620170,36,0,0.4087706506252289,0
200620180,36,0,0.7192208170890808,1
200620183,36,0,0.4054584503173828,0
200620368,36,0,0.41246679425239563,0
200620377,36,0,0.32665348052978516,0
200620419,36,0,0.4193749725818634,0
200620429,36,0,0.4055810272693634,0
200620433,36,0,0.4043821394443512,0
200620490,36,0,0.7670112252235413,1
200620692,36,0,0.41189196705818176,0
200620701,36,0,0.4147625267505646,0
200620737,36,0,0.3285911977291107,0
200620846,36,0,0.5575217604637146,0
200621070,36,0,0.6915404200553894,1
200621299,36,0,0.28828731179237366,0
200621417,36,0,0.30579710006713867,0
200621439,36,0,0.38070616126060486,0
200621643,36,0,0.7773799896240234,1
200621644,36,0,0.3922595977783203,0
200621661,36,0,0.7849040031433105,1
200621664,36,0,0.6464946866035461,0
200621673,36,0,0.38253283500671387,0
200621676,36,0,0.3543036878108978,0
200621681,36,0,0.7529438138008118,1
200621686,36,0,0.8932479619979858,1
200621700,36,0,0.4053891897201538,0
200621998,36,0,0.3717142641544342,0
200622100,36,0,0.33777934312820435,0
200622108,36,0,0.4125780463218689,0
200622727,36,0,0.36789196729660034,0
200622734,36,0,0.3965891897678375,0
200622929,36,0,0.4139787554740906,0
200622946,36,0,0.9371197819709778,1
200622949,36,0,0.5340897440910339,0
200623366,36,0,0.6405147314071655,0
200623373,36,0,0.3908557593822479,0
200623452,36,0,0.34681326150894165,0
200623470,36,0,0.41902461647987366,0
200624336,36,0,0.3503572344779968,0
200624339,36,0,0.6983959674835205,1
200624424,36,0,0.40397366881370544,0
200624439,36,0,0.6227890849113464,0
200624455,36,0,0.40397489070892334,0
200624474,36,0,0.3885907828807831,0
200624658,36,0,0.36151161789894104,0
200624969,36,0,0.7528558969497681,1
200624971,36,0,0.3582231104373932,0
200625109,36,0,0.38758179545402527,0
200625122,36,0,0.8764122724533081,1
200625132,36,0,0.3612310588359833,0
200625166,36,0,0.4156201481819153,0
200625438,36,0,0.4048601984977722,0
200625442,36,0,0.3886197805404663,0
200625825,36,0,0.2826031744480133,0
200625841,36,0,0.35767704248428345,0
200625847,36,0,0.29440590739250183,0
200625854,36,0,0.41251587867736816,0
200625918,36,0,0.3572373390197754,0
200626321,36,0,0.8147558569908142,1
200627453,36,0,0.7973889708518982,1
200627914,36,0,0.3517521023750305,0
200628383,36,0,0.34813424944877625,0
200628393,36,0,0.3340258002281189,0
200628433,36,0,0.32248181104660034,0
200628441,36,0,0.643111526966095,0
200628452,36,0,0.31003350019454956,0
200628921,36,0,0.315613329410553,0
200629155,36,0,0.8317230343818665,1
200629160,36,0,0.7409322261810303,1
200629170,36,0,0.6508499383926392,0
200629269,36,0,0.476134330034256,0
200629302,36,0,0.8769935369491577,1
200629304,36,0,0.8060317635536194,1
200629536,36,0,0.600886881351471,0
200629551,36,0,0.7186999917030334,1
200631491,36,0,0.7184339761734009,1
200631494,36,0,0.49537014961242676,0
200631523,36,0,0.23571202158927917,0
200631542,36,0,0.0007525134133175015,0
200631547,36,0,0.3419932723045349,0
200631553,36,0,0.3547639548778534,0
200632121,36,0,0.3814844787120819,0
200632283,36,0,0.3404497504234314,0
200632286,36,0,0.3737751245498657,0
200632302,36,0,0.40269187092781067,0
200632861,36,0,0.4077095687389374,0
200633621,36,0,0.29491332173347473,0
200633975,36,0,0.3639114797115326,0
200633982,36,0,0.818693995475769,1
200633985,36,0,0.38398560881614685,0
200634059,36,0,0.44183653593063354,0
200634410,36,0,0.34703370928764343,0
200634414,36,0,0.3942772448062897,0
200634664,36,0,0.8136180639266968,1
200634668,36,0,0.3957177996635437,0
200634679,36,0,0.4050523340702057,0
200634784,36,0,0.48203757405281067,0
200634789,36,0,0.3973146080970764,0
200634801,36,0,0.3196614682674408,0
200635458,36,0,0.37146440148353577,0
200635469,36,0,0.375338613986969,0
200635499,36,0,0.40996503829956055,0
200635506,36,0,0.4109170138835907,0
200635514,36,0,0.39044246077537537,0
200635548,36,0,0.3634289801120758,0
200635908,36,0,0.41854336857795715,0
200635931,36,0,0.3314932584762573,0
200635935,36,0,0.3487030267715454,0
200636236,36,0,0.4055197834968567,0
200636252,36,0,0.41817909479141235,0
200636263,36,0,0.38918817043304443,0
200636269,36,0,0.8059276342391968,1
200636740,36,0,0.34304794669151306,0
200636760,36,0,0.38615554571151733,0
200636763,36,0,0.3903649151325226,0
200636776,36,0,0.8299669027328491,1
200636780,36,0,0.3814135193824768,0
200636788,36,0,0.875043511390686,1
200636790,36,0,0.8145074248313904,1
200636970,36,0,0.8763337731361389,1
200637380,36,0,0.3686729073524475,0
200637385,36,0,0.7615715265274048,1
200637623,36,0,0.4124869108200073,0
200637635,36,0,0.35504618287086487,0
200637638,36,0,0.36345991492271423,0
200637644,36,0,0.37949422001838684,0
200637657,36,0,0.39615127444267273,0
200637782,36,0,0.8489773273468018,1
200637797,36,0,0.3893802762031555,0
200637802,36,0,0.41671285033226013,0
200637965,36,0,0.4171754717826843,0
200637978,36,0,0.697567343711853,1
200637988,36,0,0.38033390045166016,0
200638417,36,0,0.38020530343055725,0
200638608,36,0,0.3891596794128418,0
200638622,36,0,0.38421231508255005,0
200638626,36,0,0.36907297372817993,0
200638629,36,0,0.3561038076877594,0
200638732,36,0,0.8195098638534546,1
200638745,36,0,0.4640943706035614,0
200638898,36,0,0.35542649030685425,0
200639284,36,0,0.3664960563182831,0
200639293,36,0,0.40924087166786194,0
200639301,36,0,0.38575276732444763,0
200639306,36,0,0.37280553579330444,0
200639310,36,0,0.5944870710372925,0
200641856,36,0,0.38865211606025696,0
200642268,36,0,0.7107512950897217,1
200643820,36,0,0.3711112141609192,0
200645694,36,0,0.41989657282829285,0
200647127,36,0,0.28069573640823364,0
200647128,36,0,0.21236255764961243,0
200649629,36,0,0.20675435662269592,0
200649631,36,0,0.21750009059906006,0
200649636,36,0,0.3826369345188141,0
200650489,36,0,0.39195820689201355,0
200650649,36,0,0.6791328191757202,1
200650652,36,0,0.5869624614715576,0
200650970,36,0,0.3669157326221466,0
200651616,36,0,0.351645290851593,0
200653397,36,0,0.7753565907478333,1
200653992,36,0,0.4380340576171875,0
200654768,36,0,0.7269598841667175,1
200654769,36,0,0.20507653057575226,0
200656543,36,0,0.5769607424736023,0
200656551,36,0,0.8161128759384155,1
200656553,36,0,0.5461127161979675,0
200657269,36,0,0.4015547037124634,0
200657605,36,0,0.7159048914909363,1
200657607,36,0,0.3305254876613617,0
200657616,36,0,0.8991978764533997,1
200657617,36,0,0.6056373119354248,0
200657619,36,0,0.520060122013092,0
200657624,36,0,0.6176598072052002,0
200657635,36,0,0.8943531513214111,1
200657637,36,0,0.6492424607276917,0
200657649,36,0,0.7996204495429993,1
200659646,36,0,0.8413721323013306,1
200659991,36,0,0.756142258644104,1
200660001,36,0,0.7209664583206177,1
200661541,36,0,0.8561801910400391,1
200666341,36,0,0.6330386400222778,0
200666346,36,0,0.7133568525314331,1
200668469,36,0,0.5291692018508911,0
200668488,36,0,0.3537157475948334,0
200670032,36,0,0.8376210927963257,1
200671734,36,0,0.7588986158370972,1
200672478,36,0,0.24302534759044647,0
200675377,36,0,0.4580512046813965,0
200675390,36,0,0.9109421968460083,1
200679030,36,0,0.7645338773727417,1
200680523,36,0,0.7462842464447021,1
200680529,36,0,0.7567817568778992,1
200681750,36,0,0.3485175371170044,0
200683436,36,0,0.24119806289672852,0
200695257,36,0,0.5014111399650574,0
200699531,36,0,0.3806073069572449,0
200699903,36,0,0.6205683946609497,0
200699911,36,0,0.616381824016571,0
200701406,36,0,0.816116988658905,1
200701533,36,0,0.7898110747337341,1
200701769,36,0,0.7583730816841125,1
200701898,36,0,0.8111414909362793,1
200702141,36,0,0.8744146823883057,1
200702144,36,0,0.5751153826713562,0
200703151,36,0,0.33743956685066223,0
200711159,36,0,0.6316878199577332,0
200711944,36,0,0.749326229095459,1
200714931,36,0,0.3803631365299225,0
200715960,36,0,0.5478895902633667,0
200718750,36,1,0.8090881109237671,1
200725884,36,0,0.4064565598964691,0
200725891,36,0,0.4058108627796173,0
200726247,36,0,0.39511963725090027,0
200726256,36,0,0.35758787393569946,0
200726261,36,0,0.40984830260276794,0
200726278,36,0,0.4043135643005371,0
200726279,36,0,0.43295130133628845,0
200726566,36,0,0.40992769598960876,0
200726571,36,0,0.3934943377971649,0
200726913,36,0,0.40518975257873535,0
200729972,36,0,0.3918497562408447,0
200732641,36,1,0.9544011950492859,1
200738248,36,0,0.7937144637107849,1
200738264,36,1,0.9547748565673828,1
200739618,36,0,0.3970683217048645,0
200739622,36,0,0.4128246307373047,0
200739625,36,0,0.39374351501464844,0
200739627,36,0,0.4067399203777313,0
200742133,36,0,0.3737928569316864,0
200748600,36,0,0.4455587565898895,0
200748602,36,0,0.38367244601249695,0
200749138,36,0,0.39860257506370544,0
200757149,36,0,0.4822177588939667,0
200757155,36,0,0.46521472930908203,0
200758287,36,0,0.4138103723526001,0
200758291,36,0,0.40676599740982056,0
200758995,36,0,0.4057939350605011,0
200759035,36,0,0.40645843744277954,0
200759308,36,0,0.3494613468647003,0
200759315,36,0,0.45766106247901917,0
200759319,36,0,0.32238057255744934,0
200762536,36,0,0.4719252288341522,0
200774461,36,0,0.5121554136276245,0
200774465,36,0,0.5133435130119324,0
200774471,36,0,0.5618934035301208,0
200774495,36,0,0.540397047996521,0
200774934,36,0,0.5293840765953064,0
200949987,36,0,0.42985594272613525,0
200949999,36,0,0.8235014081001282,1
200950000,36,0,0.7816866636276245,1
200950004,36,0,0.8744621872901917,1
200960497,36,0,0.6240969896316528,0
200960522,36,0,0.02928738482296467,0
200961472,36,0,0.8601943254470825,1
200961978,36,0,0.40894290804862976,0
200962780,36,0,0.4124525189399719,0
200963552,36,0,0.7337269186973572,1
200963581,36,0,0.4862143099308014,0
200963849,36,0,0.7769123911857605,1
200963850,36,0,0.34494155645370483,0
200964038,36,0,0.3773997724056244,0
200964045,36,0,0.3235381841659546,0
200964059,36,0,0.725428581237793,1
200967006,36,0,0.8165580034255981,1
200967011,36,0,0.5051300525665283,0
200967215,36,0,0.3685372471809387,0
200967961,36,0,0.4603392779827118,0
200967969,36,0,0.4835675060749054,0
200968142,36,0,0.6666028499603271,0
200968748,36,0,0.34611591696739197,0
200969391,36,0,0.31362077593803406,0
200969594,36,0,0.8687067627906799,1
200969707,36,0,0.6644970178604126,0
200970411,36,0,0.49653011560440063,0
200970416,36,0,0.35333892703056335,0
200970594,36,0,0.8913604021072388,1
200970629,36,0,0.37961772084236145,0
200970830,36,0,0.7560362815856934,1
200970835,36,0,0.870087742805481,1
200971020,36,0,0.5231844782829285,0
200971455,36,0,0.4110919237136841,0
200972495,36,0,0.283669650554657,0
200972506,36,0,0.5790120959281921,0
200972983,36,0,0.9211229681968689,1
200973003,36,0,0.26725590229034424,0
200973023,36,0,0.3642604649066925,0
200973054,36,0,0.4167911112308502,0
200973062,36,0,0.3833286464214325,0
200973068,36,0,0.2512390911579132,0
200973088,36,0,0.3222852349281311,0
200973495,36,0,0.2345021665096283,0
200973551,36,0,0.763329267501831,1
200973560,36,0,0.3918289542198181,0
200973871,36,0,0.7586728930473328,1
200974374,36,0,0.38531360030174255,0
200974754,36,0,0.36225372552871704,0
200974757,36,0,0.39105549454689026,0
200974803,36,0,0.2970370054244995,0
200975838,36,0,0.22576949000358582,0
200976642,36,0,0.5336901545524597,0
200976649,36,0,0.8525229096412659,1
200976652,36,0,0.7078527808189392,1
200976659,36,0,0.7223811745643616,1
200976671,36,0,0.6840617060661316,1
200976706,36,0,0.36101412773132324,0
200976710,36,0,0.33711954951286316,0
200976730,36,0,0.3940125107765198,0
200977021,36,0,0.35625460743904114,0
200977055,36,0,0.5394924879074097,0
200977063,36,0,0.5022785067558289,0
200977184,36,0,0.45608723163604736,0
200977588,36,0,0.4114879369735718,0
200978069,36,0,0.3462597131729126,0
200978413,36,0,0.3179725408554077,0
200978441,36,0,0.7173401117324829,1
200978447,36,0,0.37874630093574524,0
200979248,36,0,0.8585903644561768,1
200979648,36,0,0.3571619987487793,0
200981209,36,0,0.40737447142601013,0
200981699,36,0,0.8270364999771118,1
200983773,36,0,0.8312197327613831,1
200983939,36,0,0.39017239212989807,0
200984150,36,0,0.6730340123176575,1
200984494,36,0,0.33764517307281494,0
200984871,36,0,0.3675312399864197,0
200984879,36,0,0.720270574092865,1
200984882,36,0,0.2701384127140045,0
200985088,36,0,0.4583887755870819,0
200986283,36,0,0.5308911204338074,0
200987157,36,0,0.5264963507652283,0
200987571,36,0,0.4930172562599182,0
200990304,36,0,0.1510750949382782,0
200992452,36,0,0.8416079878807068,1
200992457,36,0,0.40050849318504333,0
200992461,36,0,0.566228985786438,0
200992466,36,0,0.31375378370285034,0
200992468,36,0,0.2722245454788208,0
200993368,36,0,0.3016244173049927,0
200993389,36,0,0.2502477765083313,0
200993394,36,0,0.34326595067977905,0
200993832,36,0,0.46287962794303894,0
200996856,36,0,0.5869281888008118,0
200997190,36,0,0.4693342447280884,0
200997195,36,0,0.7427026629447937,1
200997199,36,0,0.6374136209487915,0
201000131,36,0,0.8039591908454895,1
201000132,36,0,0.8096676468849182,1
201000368,36,0,0.5287118554115295,0
201002436,36,0,0.4137507677078247,0
201002440,36,0,0.412864089012146,0
201002441,36,0,0.41215041279792786,0
201002448,36,0,0.4065087139606476,0
201002450,36,0,0.40706297755241394,0
201002456,36,0,0.42741894721984863,0
201002459,36,0,0.40558305382728577,0
201002561,36,0,0.4400235116481781,0
201002580,36,0,0.411783367395401,0
201002586,36,0,0.4161786437034607,0
201002590,36,0,0.39403456449508667,0
201002594,36,0,0.4086046516895294,0
201002597,36,0,0.43354129791259766,0
201002601,36,0,0.4172023832798004,0
201002621,36,0,0.38619932532310486,0
201002875,36,0,0.4123247265815735,0
201002880,36,0,0.4102258086204529,0
201002883,36,0,0.4165492057800293,0
201003675,36,0,0.7935200333595276,1
201003677,36,0,0.8571706414222717,1
201003678,36,0,0.8804728388786316,1
201003681,36,0,0.879187285900116,1
201003685,36,0,0.7820780277252197,1
201003687,36,0,0.24933971464633942,0
201003689,36,0,0.844376802444458,1
201003706,36,0,0.37296006083488464,0
201003711,36,0,0.4332753121852875,0
201003719,36,0,0.7705836296081543,1
201003724,36,0,0.873502790927887,1
201003735,36,0,0.8593753576278687,1
201003738,36,0,0.7453112602233887,1
201003740,36,0,0.9109222888946533,1
201003741,36,0,0.7934300899505615,1
201003748,36,0,0.8375231623649597,1
201003749,36,0,0.688327968120575,1
201003752,36,0,0.3672204613685608,0
201003757,36,0,0.3753432631492615,0
201003762,36,0,0.824984073638916,1
201003765,36,0,0.6206755638122559,0
201003773,36,0,0.8505942225456238,1
201004044,36,0,0.7669475078582764,1
201004046,36,0,0.774817705154419,1
201004048,36,0,0.8227032423019409,1
201006709,36,0,0.5239942073822021,0
201006731,36,0,0.7060419321060181,1
201006734,36,0,0.45457762479782104,0
201007085,36,0,0.5368348956108093,0
201007087,36,0,0.47941264510154724,0
201007133,36,0,0.4986206293106079,0
201007520,36,0,0.5480645895004272,0
201007910,36,0,0.5243591070175171,0
201007915,36,0,0.523239016532898,0
201007941,36,0,0.35147377848625183,0
201008293,36,0,0.5240330696105957,0
201008307,36,0,0.5253574252128601,0
201008310,36,0,0.5495448112487793,0
201008314,36,0,0.5725204348564148,0
201008318,36,0,0.4026603102684021,0
201008323,36,0,0.5225827097892761,0
201008326,36,0,0.38882511854171753,0
201008328,36,0,0.595058262348175,0
201008331,36,0,0.4304223656654358,0
201008614,36,0,0.5766786932945251,0
201008617,36,0,0.34775781631469727,0
201008700,36,0,0.528715193271637,0
201008705,36,0,0.5041714906692505,0
201013284,36,0,0.5690811276435852,0
201054667,36,0,0.49345624446868896,0
201055674,36,0,0.37886250019073486,0
201064312,36,0,0.3803904354572296,0
201065557,36,0,0.39399242401123047,0
201389001,36,0,0.5199379324913025,0
201419733,36,0,0.5373501777648926,0
201419737,36,0,0.41328394412994385,0
201420445,36,0,0.7036229968070984,1
201420450,36,0,0.7574205994606018,1
201432010,36,0,0.42897143959999084,0
201432023,36,0,0.4226583242416382,0
201433814,36,0,0.7788958549499512,1
201433815,36,0,0.783137321472168,1
201433819,36,0,0.5882447361946106,0
201434285,36,0,0.812874436378479,1
201436329,36,0,0.4290696084499359,0
201449662,36,0,0.37807735800743103,0
201449665,36,0,0.40361475944519043,0
201449673,36,0,0.43724068999290466,0
201452245,36,0,0.44681963324546814,0
201456338,36,0,0.5911409258842468,0
201456554,36,0,0.744475245475769,1
201468723,36,0,0.8584595918655396,1
201494647,36,0,0.6619203686714172,0
201525671,36,0,0.38167038559913635,0
201749887,36,0,0.8118740916252136,1
201857236,36,0,0.3918204605579376,0
201862388,36,0,0.16829964518547058,0
201880384,36,0,0.5300236940383911,0
201942372,36,0,0.33206480741500854,0
201993522,36,0,0.3777923285961151,0
201995858,36,0,0.4614610970020294,0
202039596,36,0,0.44129377603530884,0
202051764,36,0,0.8145020604133606,1
202064266,36,0,0.4272940754890442,0
202093295,36,0,0.6342751383781433,0
202093981,36,0,0.4350717067718506,0
202510861,36,1,0.8979403376579285,1
202510866,36,1,0.8979489803314209,1
202546669,36,0,0.32320836186408997,0
202552696,36,0,0.579119861125946,0
202553626,36,0,0.5908380150794983,0
202570152,36,0,0.4160814583301544,0
202602092,36,0,0.42004209756851196,0
202631323,36,0,0.4179483652114868,0
202674571,36,0,0.7863263487815857,1
202721511,36,0,0.3980417847633362,0
202828590,36,1,0.9055132865905762,1
202828595,36,1,0.899851381778717,1
202838791,36,0,0.7489013075828552,1
202840409,36,0,0.8454620242118835,1
202846602,36,0,0.5549780130386353,0
202878199,36,1,0.9287463426589966,1
202914789,36,0,0.40513357520103455,0
202936901,36,0,0.4462003707885742,0
203157232,36,0,0.38761574029922485,0
203169641,36,0,0.5690844058990479,0
203174429,36,0,0.5685632228851318,0
203177072,36,0,0.5672242641448975,0
203802251,36,0,0.5407902598381042,0
203802264,36,0,0.21263282001018524,0
204001124,36,0,0.4014441668987274,0
204189178,36,0,0.7924164533615112,1
204394667,36,0,0.3754619359970093,0
204798813,36,0,0.412911593914032,0
204918142,36,0,0.5162379741668701,0
204964548,36,0,0.39496690034866333,0
205337465,36,0,0.3629498779773712,0
205337466,36,0,0.37406012415885925,0
205765035,36,0,0.41430559754371643,0
205765038,36,0,0.414285808801651,0
205768407,36,0,0.5157804489135742,0
206369782,36,0,0.3829205334186554,0
206369833,36,0,0.6776044964790344,1
206376233,36,0,0.3921874761581421,0
206378921,36,0,0.40395909547805786,0
206462722,36,0,0.3194742500782013,0
206939495,36,0,0.8265973329544067,1
206939723,36,0,0.15928158164024353,0
207037694,36,0,0.4025334119796753,0
207061251,36,0,0.6192214488983154,0
207070139,36,0,0.8146329522132874,1
207362772,36,0,0.2782423794269562,0
207363644,36,0,0.823417603969574,1
207727189,36,0,0.4202221930027008,0
207926816,36,0,0.3865937888622284,0
207926824,36,0,0.33019253611564636,0
207930774,36,0,0.511249303817749,0
207934076,36,0,0.379858136177063,0
207939801,36,0,0.3423662781715393,0
207948568,36,0,0.41084110736846924,0
207948577,36,0,0.5228515267372131,0
207951676,36,0,0.23284509778022766,0
207956674,36,0,0.3611893355846405,0
207961196,36,0,0.31609588861465454,0
207968518,36,0,0.39113563299179077,0
207987493,36,0,0.4875502288341522,0
208002291,36,0,0.3821476101875305,0
208003277,36,0,0.4570307731628418,0
208005440,36,0,0.37026354670524597,0
208006193,36,0,0.30750221014022827,0
208006569,36,0,0.3974941670894623,0
208007181,36,0,0.4133579134941101,0
208009073,36,0,0.3885476291179657,0
208041590,36,0,0.44744330644607544,0
209129579,36,0,0.42239102721214294,0
209179808,36,0,0.5141100883483887,0
210019069,36,0,0.39188432693481445,0
210056488,36,0,0.9132481217384338,1
210610779,36,0,0.40743574500083923,0
211804130,36,0,0.37048017978668213,0
211945731,36,0,0.4479799270629883,0
212500432,36,0,0.361837238073349,0
213127158,36,0,0.4040834605693817,0
213127175,36,0,0.42346444725990295,0
213726951,36,0,0.8394268155097961,1
214413398,36,0,0.5714499950408936,0
215052635,36,0,0.4194580912590027,0
215052636,36,0,0.4613078832626343,0
215860446,36,0,0.8825128078460693,1
216354897,36,0,0.41151103377342224,0
216518429,36,0,0.25259047746658325,0
216521282,36,0,0.36212992668151855,0
216521291,36,0,0.3965871334075928,0
216521847,36,0,0.3821110427379608,0
216521848,36,0,0.3723020553588867,0
216523168,36,0,0.39413222670555115,0
216523194,36,0,0.3606841266155243,0
216523199,36,0,0.34325650334358215,0
216523765,36,0,0.4764304459095001,0
216524470,36,0,0.4168548583984375,0
216524840,36,0,0.47130316495895386,0
216525352,36,0,0.37570878863334656,0
216525647,36,0,0.4059130549430847,0
216526565,36,0,0.43769434094429016,0
216527230,36,0,0.8795682787895203,1
216528012,36,0,0.3920224606990814,0
216542850,36,0,0.3912184536457062,0
216543839,36,0,0.475018709897995,0
216549134,36,0,0.30344027280807495,0
216554848,36,0,0.33698347210884094,0
216559772,36,0,0.3799549639225006,0
216559774,36,0,0.44133055210113525,0
216559776,36,0,0.4018603563308716,0
216559780,36,0,0.37272995710372925,0
216559781,36,0,0.40179991722106934,0
216559783,36,0,0.46569371223449707,0
216559787,36,0,0.3752098083496094,0
216559788,36,0,0.3248254358768463,0
216559791,36,0,0.424681156873703,0
216559792,36,0,0.38929712772369385,0
216559794,36,0,0.39315998554229736,0
216559803,36,0,0.32889750599861145,0
216559809,36,0,0.34551504254341125,0
216562926,36,0,0.38903912901878357,0
216562928,36,0,0.3968975841999054,0
216562929,36,0,0.4156574308872223,0
216563621,36,0,0.41318216919898987,0
216563632,36,0,0.3932058811187744,0
216568516,36,0,0.4524464011192322,0
216568517,36,0,0.351668119430542,0
216568518,36,0,0.41446933150291443,0
216572145,36,0,0.282920241355896,0
216572650,36,0,0.3325159549713135,0
216573014,36,0,0.4951033294200897,0
216574260,36,0,0.4679933190345764,0
216576290,36,0,0.38242748379707336,0
216577575,36,0,0.41768988966941833,0
216578762,36,0,0.33511361479759216,0
216581048,36,0,0.3376648426055908,0
216585659,36,0,0.5468382239341736,0
216593390,36,0,0.7956917881965637,1
216593392,36,0,0.2815399467945099,0
216593393,36,0,0.28780868649482727,0
216600670,36,0,0.4322434663772583,0
216635789,36,0,0.2442178577184677,0
216807497,36,0,0.401538610458374,0
216811524,36,0,0.897216260433197,1
216811703,36,0,0.6148942708969116,0
216812226,36,0,0.5427008271217346,0
216812228,36,0,0.8732854723930359,1
216813441,36,0,0.5736880898475647,0
216813442,36,0,0.8854524493217468,1
217583370,36,0,0.2913943827152252,0
217586908,36,0,0.24991053342819214,0
217604757,36,0,0.4167933762073517,0
217605178,36,0,0.41432201862335205,0
217605290,36,0,0.41185304522514343,0
217605292,36,0,0.4126374125480652,0
217605300,36,0,0.4103059768676758,0
217610708,36,0,0.4827916920185089,0
217614129,36,1,0.932142972946167,1
217630336,36,0,0.49984318017959595,0
217633500,36,1,0.8275638818740845,1
217634767,36,0,0.4708274304866791,0
217654794,36,0,0.7844916582107544,1
217655635,36,0,0.21870142221450806,0
217658502,36,0,0.8395722508430481,1
217661179,36,0,0.8054208755493164,1
217663350,36,0,0.2158251255750656,0
217678280,36,0,0.49248620867729187,0
217678717,36,0,0.650212824344635,0
217701123,36,0,0.8468961715698242,1
218217012,36,0,0.21045415103435516,0
219057662,36,0,0.5606820583343506,0
219348593,36,0,0.31606990098953247,0
219353245,36,0,0.40978512167930603,0
219371979,36,0,0.24624003469944,0
219577010,36,0,0.6899969577789307,1
219600551,36,0,0.6085218191146851,0
219605774,36,0,0.3970704972743988,0
219622938,36,0,0.4136756658554077,0
219623122,36,0,0.3943529427051544,0
219623306,36,0,0.4318225085735321,0
219623378,36,0,0.4058169424533844,0
219628409,36,0,0.5170612335205078,0
219628416,36,0,0.5363988876342773,0
219635740,36,0,0.5782541036605835,0
658042,37,0,0.3379199206829071,0
1360579,37,0,0.3167050778865814,0
2213779,37,0,0.39236319065093994,0
2594742,37,0,0.36603155732154846,0
5613071,37,0,0.42621687054634094,0
5658535,37,0,0.35267311334609985,0
5734936,37,0,0.3879638612270355,0
6127258,37,0,0.4256429076194763,0
6201592,37,0,0.5348606705665588,0
6893365,37,0,0.37368273735046387,0
8395924,37,0,0.5890960693359375,0
8715514,37,0,0.37295329570770264,0
8893820,37,0,0.5080002546310425,0
8894834,37,0,0.4247744083404541,0
9291658,37,0,0.5982229113578796,0
11106276,37,0,0.4763370454311371,0
11109429,37,0,0.29881301522254944,0
11156016,37,0,0.436739057302475,0
12885908,37,0,0.3322973847389221,0
12891978,37,0,0.39798951148986816,0
13088597,37,0,0.4255334734916687,0
13089146,37,0,0.4189244210720062,0
13735016,37,1,0.7686987519264221,1
13739107,37,0,0.5525489449501038,0
14835628,37,0,0.4552586078643799,0
16441435,37,0,0.4718190133571625,0
16441436,37,0,0.407151997089386,0
19129652,37,0,0.4061942398548126,0
19333117,37,0,0.4037768840789795,0
20219855,37,0,0.3929419219493866,0
20219860,37,0,0.39672982692718506,0
20219881,37,0,0.3367786407470703,0
21420923,37,0,0.4484250247478485,0
21498012,37,0,0.45298147201538086,0
22044483,37,0,0.3411625325679779,0
22063301,37,0,0.47280722856521606,0
22063303,37,0,0.4512344002723694,0
22063305,37,0,0.4462767243385315,0
22075265,37,0,0.3773762583732605,0
22075591,37,0,0.4160481095314026,0
22075593,37,0,0.44501814246177673,0
22075800,37,0,0.3890503942966461,0
22111383,37,0,0.4745355546474457,0
23135269,37,0,0.5512264370918274,0
23332951,37,0,0.28448185324668884,0
24092310,37,0,0.45140182971954346,0
24118138,37,0,0.3328793942928314,0
24839921,37,0,0.36702877283096313,0
25101142,37,0,0.37513792514801025,0
26936052,37,0,0.6147525906562805,0
27811117,37,0,0.20026211440563202,0
28807533,37,0,0.38191768527030945,0
28809387,37,0,0.504544198513031,0
28809392,37,0,0.4237902760505676,0
28811595,37,0,0.7773317098617554,1
28842051,37,0,0.4688675105571747,0
28845506,37,0,0.6884065270423889,1
28858062,37,0,0.5325356125831604,0
28858195,37,0,0.5533378720283508,0
28862543,37,1,0.8012441396713257,1
28863327,37,0,0.4144415259361267,0
28865573,37,0,0.6216738820075989,0
28866150,37,0,0.4804171323776245,0
28877539,37,1,0.6111788153648376,0
28878820,37,1,0.834876298904419,1
28879339,37,1,0.7673782706260681,1
28890210,37,0,0.5293910503387451,0
28891484,37,0,0.6834374070167542,1
28894475,37,0,0.882378101348877,1
28895712,37,0,0.4308815002441406,0
28898351,37,1,0.7537477612495422,1
28898970,37,1,0.9289268255233765,1
28900174,37,1,0.6633589863777161,0
28900605,37,1,0.7516394257545471,1
28902002,37,0,0.7593973278999329,1
28902293,37,0,0.7640917301177979,1
28902538,37,0,0.7910655736923218,1
28903935,37,1,0.7549855709075928,1
28907492,37,1,0.6788772940635681,1
28910148,37,0,0.8654674291610718,1
28910727,37,0,0.8158323764801025,1
28910748,37,0,0.872371256351471,1
28910883,37,0,0.8814003467559814,1
28913542,37,0,0.4031396806240082,0
28916430,37,0,0.3940039575099945,0
28919343,37,0,0.7868146896362305,1
28953279,37,1,0.9848959445953369,1
28961012,37,0,0.0812583640217781,0
28978090,37,0,0.31511351466178894,0
28991126,37,0,0.5606233477592468,0
28997148,37,1,0.9016650915145874,1
28998355,37,0,0.387822687625885,0
29000647,37,0,0.7251294851303101,1
29007692,37,0,0.5857589244842529,0
29012168,37,0,0.3604540526866913,0
29012183,37,0,0.7333067059516907,1
29018863,37,0,0.7141517400741577,1
29034434,37,0,0.8656061291694641,1
29035758,37,1,0.7542867660522461,1
29038601,37,0,0.43515706062316895,0
29039759,37,0,0.5888023376464844,0
29065198,37,0,0.3410158157348633,0
29065203,37,0,0.31490492820739746,0
29077889,37,0,0.4656015932559967,0
29079220,37,0,0.4535534083843231,0
29131565,37,0,0.4433731734752655,0
29132309,37,0,0.48680272698402405,0
29132572,37,1,0.7480222582817078,1
29132574,37,0,0.38860610127449036,0
29132576,37,0,0.41651809215545654,0
29132578,37,0,0.4689559042453766,0
29132580,37,0,0.41149577498435974,0
29132730,37,0,0.3391706943511963,0
29133201,37,0,0.46178922057151794,0
29133205,37,1,0.9828782081604004,1
29133218,37,1,0.8674653172492981,1
29140182,37,0,0.0005276056472212076,0
29147342,37,0,0.26396894454956055,0
29147628,37,0,0.227188840508461,0
29148599,37,0,0.699219822883606,1
29153607,37,0,0.273764431476593,0
29154944,37,0,0.742972731590271,1
29157617,37,0,0.01569189876317978,0
29157700,37,0,0.47329336404800415,0
29157703,37,0,0.9037714600563049,1
29157706,37,0,0.5287977457046509,0
29158039,37,0,0.3802447021007538,0
29158041,37,0,0.9412826895713806,1
29158820,37,0,0.7479304075241089,1
29158821,37,0,0.7373535633087158,1
29158822,37,0,0.7404087781906128,1
29158824,37,0,0.7167786359786987,1
29158849,37,0,0.33376696705818176,0
29159333,37,0,0.3302968442440033,0
29159669,37,0,0.41200265288352966,0
29159676,37,0,0.46566343307495117,0
29161611,37,1,0.899056613445282,1
29197257,37,0,0.5687609910964966,0
29197703,37,0,0.3690839409828186,0
29197707,37,0,0.01238124817609787,0
29198297,37,0,0.4361612796783447,0
29198315,37,0,0.42354556918144226,0
29198322,37,0,0.4552396535873413,0
29198328,37,0,0.4393041133880615,0
29198339,37,0,0.4837382733821869,0
29198348,37,0,0.4317580461502075,0
29200748,37,0,0.6176450848579407,0
29200752,37,0,0.39755937457084656,0
29200754,37,0,0.403725802898407,0
29200761,37,0,0.4063752591609955,0
29201120,37,0,0.45243576169013977,0
29201217,37,0,0.4156642258167267,0
29201671,37,0,0.4052737355232239,0
29201674,37,0,0.40396034717559814,0
29201677,37,0,0.3889838457107544,0
29201784,37,0,0.3991045653820038,0
29202270,37,0,0.4168219566345215,0
29202274,37,0,0.4095972776412964,0
29202276,37,0,0.29777395725250244,0
29202282,37,0,0.41715681552886963,0
29207064,37,0,0.5969359278678894,0
29207925,37,0,0.38065609335899353,0
29208718,37,0,0.5291610360145569,0
29211512,37,0,0.7769777774810791,1
29211516,37,0,0.501276433467865,0
29216827,37,0,0.36556142568588257,0
29217943,37,0,0.7923042178153992,1
29223839,37,0,0.5063100457191467,0
29224329,37,0,0.3394361734390259,0
29225467,37,0,0.7849345207214355,1
29226430,37,0,0.32637596130371094,0
29226839,37,0,0.6882271766662598,1
29230449,37,0,0.30771440267562866,0
29234681,37,0,0.40511375665664673,0
29235826,37,0,0.874348521232605,1
29239488,37,0,0.7614299654960632,1
29239643,37,0,0.3705475330352783,0
29239676,37,0,0.36717090010643005,0
29240276,37,0,0.8632201552391052,1
29250236,37,0,0.8980344533920288,1
29256869,37,0,0.4158285856246948,0
29258261,37,0,0.37003085017204285,0
29260338,37,0,0.40424492955207825,0
29262533,37,0,0.33878713846206665,0
29263104,37,0,0.5485188364982605,0
29265718,37,0,0.7893156409263611,1
29265730,37,0,0.8753799796104431,1
29300677,37,1,0.9962217807769775,1
29303151,37,0,0.21086695790290833,0
29427579,37,0,0.00018886497127823532,0
29433668,37,0,0.40161293745040894,0
29441006,37,0,0.4994570016860962,0
29484596,37,0,0.35612183809280396,0
29487690,37,0,0.8286104798316956,1
29489272,37,0,0.36294126510620117,0
29490461,37,0,0.4442741572856903,0
29491928,37,0,0.4016542136669159,0
29491994,37,0,0.011712013743817806,0
29496153,37,0,0.3828565776348114,0
29498692,37,0,0.6735876798629761,1
29499895,37,0,0.390179842710495,0
29500517,37,0,0.43025532364845276,0
29501882,37,0,0.4143165349960327,0
29502018,37,0,0.36740240454673767,0
29507998,37,0,0.40002861618995667,0
29508038,37,0,0.3965126872062683,0
29509489,37,0,0.2455931156873703,0
29514101,37,0,0.4104616045951843,0
29520081,37,0,0.29568836092948914,0
29525354,37,0,0.688621997833252,1
29531000,37,0,0.3998977243900299,0
29531724,37,0,0.3765623867511749,0
29537395,37,0,0.8038277626037598,1
29537769,37,0,0.8019541501998901,1
29541260,37,0,0.5387357473373413,0
29568489,37,0,0.4505215287208557,0
29568513,37,0,0.3216051757335663,0
29569824,37,0,0.41409462690353394,0
29569841,37,0,0.4261074960231781,0
29571342,37,0,0.18629084527492523,0
29576079,37,0,0.5797733068466187,0
29576091,37,0,0.38002631068229675,0
29576108,37,0,0.4867178797721863,0
29576771,37,0,0.3323170244693756,0
29576784,37,0,0.5093468427658081,0
29577198,37,0,0.5063902139663696,0
29577804,37,0,0.5062264204025269,0
29578030,37,0,0.4841710329055786,0
29578035,37,0,0.5322731733322144,0
29579038,37,0,0.5347686409950256,0
29579043,37,0,0.5286927223205566,0
29581775,37,1,0.9081801176071167,1
29607229,37,0,0.3911779522895813,0
29611862,37,1,0.9864358305931091,1
29613853,37,0,0.467267781496048,0
29615095,37,1,0.8057392835617065,1
29615279,37,0,0.32167279720306396,0
29617354,37,0,0.30085793137550354,0
29617384,37,0,0.4977702796459198,0
29621967,37,0,0.6042221188545227,0
29642182,37,0,0.3248732089996338,0
29650728,37,0,0.6358718872070312,0
29650831,37,0,0.2546849846839905,0
29653130,37,0,0.7179604172706604,1
29653132,37,0,0.6941782236099243,1
29654784,37,0,0.8716990947723389,1
29702068,37,0,0.39313650131225586,0
29703671,37,0,0.4383881390094757,0
29708059,37,0,0.4346807301044464,0
29732317,37,0,0.5267231464385986,0
29735405,37,0,0.3934859037399292,0
29745091,37,0,0.46637609601020813,0
29752841,37,0,0.42058658599853516,0
29754622,37,0,0.40342235565185547,0
29803506,37,0,0.7578638195991516,1
29820678,37,0,0.5596146583557129,0
29848936,37,0,0.5011512637138367,0
29850436,37,0,0.5652825236320496,0
29850440,37,0,0.37932831048965454,0
29851848,37,0,0.4678198993206024,0
29851856,37,0,0.5503789782524109,0
29852791,37,0,0.511186420917511,0
29854235,37,0,0.5775220394134521,0
29866188,37,0,0.5153549909591675,0
29868010,37,0,0.7429274916648865,1
29869285,37,0,0.8877100348472595,1
29870304,37,0,0.7474032044410706,1
29870940,37,0,0.924950361251831,1
29962122,37,1,0.8925965428352356,1
29965901,37,0,0.7916126251220703,1
29986693,37,0,0.3533748686313629,0
29986772,37,0,0.30723780393600464,0
29991566,37,0,0.35119178891181946,0
29994924,37,0,0.8230108618736267,1
29996898,37,0,0.33739998936653137,0
29999304,37,0,0.5304131507873535,0
30002374,37,0,0.4253036677837372,0
30002389,37,0,0.44223952293395996,0
30002391,37,0,0.43206021189689636,0
30002397,37,0,0.5944744944572449,0
30002603,37,0,0.44406014680862427,0
30003202,37,0,0.4368348717689514,0
30003766,37,0,0.6454818844795227,0
30060590,37,0,0.5955220460891724,0
30060601,37,0,0.9621455073356628,1
30060606,37,0,0.39079198241233826,0
30061037,37,0,0.49192896485328674,0
30061066,37,1,0.8650110960006714,1
30061071,37,0,0.4353388249874115,0
30068694,37,0,0.3882870674133301,0
30068696,37,0,0.40464186668395996,0
30072068,37,0,0.6494653820991516,0
30072090,37,0,0.4317159056663513,0
30072092,37,0,0.4119783043861389,0
30072104,37,0,0.4062348008155823,0
30082772,37,0,0.38824161887168884,0
30083182,37,0,0.39882099628448486,0
30083187,37,0,0.3956827223300934,0
30083195,37,0,0.4041265845298767,0
30085664,37,0,0.3020572364330292,0
30088616,37,0,0.34096306562423706,0
30094922,37,0,0.630744457244873,0
30095211,37,0,0.6672648787498474,0
30113950,37,0,0.5146418809890747,0
30113955,37,0,0.6233862042427063,0
30115034,37,0,0.36514177918434143,0
30115063,37,0,0.5123195052146912,0
30116076,37,0,0.8205422163009644,1
30118068,37,0,0.46344947814941406,0
30120627,37,0,0.3476172089576721,0
30126876,37,0,0.6936708092689514,1
30133493,37,0,0.9155880808830261,1
30151745,37,0,0.1539522111415863,0
30152588,37,0,0.3722071945667267,0
30152597,37,0,0.39382055401802063,0
30158167,37,0,0.39607757329940796,0
30164112,37,0,0.4733777642250061,0
30165215,37,0,0.3525996208190918,0
30166073,37,0,0.42200449109077454,0
30166084,37,0,0.4315107464790344,0
30166094,37,0,0.45851704478263855,0
30166097,37,0,0.5094534158706665,0
30166102,37,0,0.41742193698883057,0
30166109,37,0,0.384621262550354,0
30166709,37,0,0.4466196298599243,0
30166717,37,0,0.5934532880783081,0
30166724,37,0,0.5129939913749695,0
30166728,37,0,0.5295521020889282,0
30166731,37,0,0.5110183358192444,0
30166744,37,0,0.46680670976638794,0
30166755,37,0,0.47785794734954834,0
30167453,37,0,0.5629652142524719,0
30167458,37,0,0.4029224216938019,0
30167462,37,0,0.4087845981121063,0
30167470,37,0,0.43991997838020325,0
30167815,37,0,0.4275400638580322,0
30167824,37,0,0.4911208152770996,0
30167830,37,0,0.5156043171882629,0
30167841,37,0,0.496513694524765,0
30171477,37,0,0.4231819212436676,0
30171560,37,0,0.40297746658325195,0
30172054,37,0,0.4818190336227417,0
30172062,37,0,0.37782594561576843,0
30172094,37,0,0.4408218562602997,0
30172105,37,0,0.4162237346172333,0
30172114,37,0,0.29720115661621094,0
30173115,37,0,0.5119607448577881,0
30173122,37,0,0.3840767443180084,0
30173547,37,0,0.5324976444244385,0
30173550,37,0,0.33653831481933594,0
30179316,37,1,0.805783212184906,1
30179829,37,0,0.42511120438575745,0
30179874,37,0,0.37650421261787415,0
30185168,37,0,0.4436476230621338,0
30191354,37,0,0.7616162300109863,1
30204549,37,1,0.9063925743103027,1
30204891,37,1,0.891510546207428,1
30217241,37,0,0.40491119027137756,0
30276715,37,0,0.2229975163936615,0
30299014,37,0,0.5384123921394348,0
30585806,37,1,0.8995996117591858,1
30585811,37,1,0.8868635296821594,1
30585812,37,1,0.892047643661499,1
30659979,37,0,0.7588892579078674,1
30699343,37,0,0.016133643686771393,0
30712080,37,0,0.9092774391174316,1
30839686,37,0,0.7850269675254822,1
30840634,37,0,0.7822179794311523,1
30846014,37,0,0.22537414729595184,0
30861039,37,0,0.10763460397720337,0
30900997,37,0,0.5429831147193909,0
30921441,37,0,0.3787245452404022,0
30971775,37,0,0.5255592465400696,0
30998360,37,0,0.6485000848770142,0
31014962,37,0,0.5730642080307007,0
31020045,37,0,0.3763631284236908,0
31730726,37,1,0.585273265838623,0
31779594,37,0,0.39069539308547974,0
33503835,37,0,0.39519646763801575,0
33917980,37,0,0.4093439280986786,0
35335659,37,0,0.7516939043998718,1
35793819,37,0,0.7711359858512878,1
36584676,37,0,0.7887915372848511,1
36742734,37,1,0.9529407620429993,1
38396553,37,0,0.41412782669067383,0
38396555,37,0,0.4053826630115509,0
38406946,37,0,0.41452181339263916,0
38859272,37,0,0.30690714716911316,0
38860323,37,0,0.3640049993991852,0
38860328,37,0,0.3016176223754883,0
38861661,37,0,0.6833388805389404,1
38863760,37,0,0.7058000564575195,1
38881714,37,0,0.22864310443401337,0
38882098,37,0,0.5391309857368469,0
38882122,37,0,0.40792399644851685,0
38882130,37,0,0.3982987105846405,0
38882139,37,0,0.4456215798854828,0
38882145,37,0,0.40691614151000977,0
38882277,37,0,0.36571937799453735,0
38882284,37,0,0.46418097615242004,0
38882290,37,0,0.47001010179519653,0
38882296,37,0,0.4736643135547638,0
38886817,37,0,0.5612249970436096,0
38886822,37,0,0.5072934627532959,0
38886849,37,0,0.508495569229126,0
38895342,37,0,0.23004627227783203,0
38915630,37,0,0.6876122355461121,1
38963348,37,0,0.4081474840641022,0
38963435,37,0,0.37646931409835815,0
39055134,37,0,0.33573049306869507,0
39055136,37,0,0.2477053999900818,0
39634992,37,1,0.9473963379859924,1
39645446,37,0,0.4811939001083374,0
39660882,37,0,0.4341129660606384,0
39661038,37,0,0.518312394618988,0
39661046,37,0,0.5190274119377136,0
39661890,37,0,0.5605884194374084,0
39662525,37,0,0.5189787745475769,0
39662693,37,0,0.5247107148170471,0
39662729,37,0,0.4189111888408661,0
39662735,37,0,0.4693816304206848,0
39663342,37,0,0.5272791981697083,0
39663353,37,0,0.4487895965576172,0
39663531,37,0,0.4555463492870331,0
39667347,37,0,0.45532917976379395,0
39673149,37,0,0.5100730657577515,0
39675637,37,0,0.36201173067092896,0
39676134,37,0,0.5236501693725586,0
39676162,37,0,0.4228505790233612,0
39676169,37,0,0.5503436923027039,0
39676971,37,1,0.8837758898735046,1
39680719,37,0,0.5374884605407715,0
39684200,37,1,0.9966357350349426,1
39686670,37,0,0.36101511120796204,0
39686681,37,0,0.48915162682533264,0
39687372,37,0,0.5618111491203308,0
39687411,37,1,0.996253252029419,1
39692773,37,0,0.3512665629386902,0
39693929,37,0,0.358491450548172,0
39718260,37,0,0.35676899552345276,0
39724214,37,1,0.9390292167663574,1
39728377,37,1,0.9390439987182617,1
39747107,37,1,0.908988356590271,1
39766837,37,1,0.6337540745735168,0
40853357,37,0,0.42791736125946045,0
46264848,37,0,0.46284282207489014,0
332928,38,0,0.9162157773971558,1
344903,38,0,0.5603563785552979,0
1061971,38,0,0.4595245122909546,0
1119474,38,0,0.6382150650024414,0
1386485,38,0,0.32832950353622437,0
1396330,38,0,0.3188535273075104,0
2089013,38,0,0.3617057204246521,0
2343907,38,0,0.3354118764400482,0
3000362,38,0,0.36499086022377014,0
3884437,38,0,0.7858670353889465,1
3955089,38,0,0.5067042112350464,0
4384743,38,0,0.48950350284576416,0
4450188,38,0,0.44889968633651733,0
4781655,38,0,0.46068036556243896,0
5687299,38,0,0.4152015745639801,0
6060482,38,0,0.004924688022583723,0
6135217,38,0,0.49335095286369324,0
6239780,38,0,0.3860025107860565,0
6368275,38,0,0.394433856010437,0
7128970,38,0,0.3607007563114166,0
7404129,38,0,0.3494734466075897,0
8127357,38,0,0.21990036964416504,0
8149444,38,0,0.8490954637527466,1
8281289,38,0,0.35601943731307983,0
8845038,38,0,0.42356884479522705,0
9186862,38,0,0.5256567001342773,0
9376210,38,0,0.41005972027778625,0
11866994,38,0,0.4028829038143158,0
12829371,38,1,0.9422541856765747,1
12829644,38,1,0.9692859649658203,1
12829702,38,1,0.9695892333984375,1
12829709,38,1,0.9485796093940735,1
12830001,38,1,0.9695802927017212,1
12830002,38,1,0.9485282897949219,1
12830011,38,1,0.9424821734428406,1
12830017,38,1,0.9697297215461731,1
12830020,38,1,0.9484621286392212,1
12830021,38,1,0.9691141247749329,1
12830057,38,1,0.9485534429550171,1
12830061,38,1,0.9649072289466858,1
12830069,38,1,0.9696400165557861,1
12830383,38,1,0.9423974752426147,1
12830385,38,1,0.9425662755966187,1
12830801,38,1,0.9690388441085815,1
13227997,38,0,0.5256733894348145,0
13785728,38,0,0.381509006023407,0
15122642,38,0,0.33923324942588806,0
15183331,38,0,0.4123038947582245,0
17753526,38,0,0.5333974361419678,0
17887663,38,0,0.38415777683258057,0
18289552,38,0,0.5382749438285828,0
19601398,38,0,0.49088937044143677,0
20406025,38,0,0.9059752821922302,1
20678458,38,0,0.4816961884498596,0
21677972,38,1,0.9260054230690002,1
21677974,38,1,0.8391810059547424,1
22156511,38,0,0.6826215982437134,1
24452622,38,0,0.707750141620636,1
24466467,38,0,0.3219904601573944,0
24663119,38,0,0.48537060618400574,0
25451187,38,0,0.8819401264190674,1
26135292,38,0,0.4534558653831482,0
26539290,38,0,0.3985331654548645,0
27677611,38,0,0.31607189774513245,0
27677612,38,0,0.5101122260093689,0
28201734,38,0,0.33311349153518677,0
28203115,38,0,0.40754958987236023,0
28226984,38,0,0.464875191450119,0
28227172,38,0,0.40225306153297424,0
28228628,38,0,0.36048534512519836,0
28228835,38,0,0.30944281816482544,0
28228839,38,0,0.408281534910202,0
28229177,38,0,0.38063329458236694,0
28493495,38,0,0.3492407202720642,0
28669491,38,0,0.5756146907806396,0
29626166,38,0,0.3195473551750183,0
30448826,38,0,0.25299233198165894,0
30720338,38,0,0.9045385122299194,1
30720340,38,0,0.9099721312522888,1
30755419,38,0,0.31898945569992065,0
30897741,38,0,0.29576343297958374,0
31000876,38,0,0.3060864508152008,0
31319565,38,1,0.7409263849258423,1
31319567,38,1,0.8221762180328369,1
31319568,38,1,0.7671173810958862,1
31837161,38,0,0.4508310556411743,0
32075968,38,0,0.4958310127258301,0
32942675,38,0,0.5553531646728516,0
32964065,38,0,0.549214780330658,0
33557201,38,0,0.3592935800552368,0
33570524,38,0,0.38210007548332214,0
36686206,38,0,0.33112019300460815,0
37013075,38,0,0.4480821490287781,0
37045557,38,0,0.41594743728637695,0
38996039,38,0,0.6627877950668335,0
39012183,38,0,0.7832093834877014,1
39029147,38,0,0.5352780818939209,0
39039425,38,0,0.39971399307250977,0
39432930,38,0,0.5826666355133057,0
39652286,38,0,0.41818729043006897,0
39997296,38,0,0.43122172355651855,0
40022007,38,0,0.42643672227859497,0
40467476,38,1,0.8044251203536987,1
40467477,38,1,0.9037209153175354,1
40467480,38,1,0.8973907828330994,1
40467486,38,1,0.8028428554534912,1
40467487,38,1,0.80411297082901,1
40467495,38,1,0.8047605156898499,1
40467500,38,1,0.9362258315086365,1
40467520,38,1,0.8044856786727905,1
40467521,38,1,0.8042699694633484,1
40722900,38,0,0.435621052980423,0
40813849,38,0,0.3893578052520752,0
42363278,38,0,0.5195345282554626,0
42641146,38,0,0.4602016806602478,0
42789519,38,0,0.6997303366661072,1
43103633,38,0,0.43900424242019653,0
44515832,38,0,0.2904382050037384,0
44570397,38,0,0.6555090546607971,0
44914114,38,0,0.5569878816604614,0
46544927,38,0,0.45902547240257263,0
46544929,38,0,0.45932337641716003,0
46544936,38,0,0.49469229578971863,0
46544950,38,0,0.4416222870349884,0
47224248,38,1,0.9586330056190491,1
47224250,38,1,0.9009341597557068,1
47667791,38,0,0.5338226556777954,0
48547471,38,0,0.7170215249061584,1
49146255,38,0,0.4350639879703522,0
53136217,38,0,0.3670615553855896,0
53362505,38,0,0.48741573095321655,0
54066382,38,0,0.5330756306648254,0
54066383,38,0,0.40680867433547974,0
55274937,38,0,0.3863258957862854,0
55274950,38,0,0.3759772777557373,0
55275135,38,0,0.3756963312625885,0
56383979,38,0,0.37253230810165405,0
56571507,38,0,0.47608649730682373,0
56638263,38,0,0.2966495454311371,0
57342969,38,0,0.8977965712547302,1
57658988,38,0,0.753634512424469,1
58590872,38,0,0.530907154083252,0
58738358,38,0,0.5082784295082092,0
59322728,38,0,0.41230612993240356,0
60277582,38,0,0.6290591359138489,0
60710228,38,0,0.34011104702949524,0
60980911,38,0,0.536374568939209,0
61317530,38,1,0.2813209295272827,0
61775673,38,0,0.26995548605918884,0
62097591,38,0,0.5304328799247742,0
62134772,38,0,0.44651615619659424,0
62156759,38,0,0.844789981842041,1
62229594,38,0,0.46774545311927795,0
62302746,38,0,0.5066905617713928,0
63407348,38,0,0.36650732159614563,0
63501805,38,0,0.3498554229736328,0
64405787,38,0,0.5360302329063416,0
65733573,38,0,0.4219861626625061,0
66750274,38,0,0.3854424059391022,0
67790675,38,0,0.39389508962631226,0
67791283,38,0,0.4160628616809845,0
68471582,38,0,0.33355212211608887,0
68527875,38,0,0.3875305652618408,0
68821525,38,0,0.445248007774353,0
69476252,38,0,0.48294299840927124,0
70263261,38,0,0.44500303268432617,0
70368598,38,0,0.7960584163665771,1
70899975,38,0,0.32459524273872375,0
74054280,38,0,0.38951799273490906,0
74816463,38,1,0.9013780355453491,1
74816464,38,1,0.8996518850326538,1
76126924,38,0,0.514997124671936,0
76178842,38,0,0.563816249370575,0
76469733,38,0,0.5584542751312256,0
77531247,38,0,0.4641886353492737,0
78115825,38,0,0.6522625684738159,0
79143470,38,0,0.3687169849872589,0
81117054,38,0,0.41603127121925354,0
82002608,38,0,0.31210923194885254,0
84944159,38,0,0.3929762542247772,0
85734196,38,0,0.47241851687431335,0
86275329,38,0,0.5052930116653442,0
86347642,38,0,0.36571383476257324,0
86954963,38,0,0.5156280994415283,0
88151584,38,0,0.4388851821422577,0
88261666,38,1,0.770950198173523,1
88288504,38,0,0.5106198787689209,0
88288539,38,0,0.3929389417171478,0
88290986,38,0,0.25876784324645996,0
88303648,38,0,0.34205347299575806,0
88433177,38,0,0.4618772864341736,0
88451222,38,0,0.8054417371749878,1
88469321,38,0,0.5342503786087036,0
88822941,38,0,0.45619773864746094,0
91060355,38,0,0.5084856152534485,0
92554092,38,0,0.5683092474937439,0
96508393,38,0,0.5535352230072021,0
97592518,38,0,0.3427464962005615,0
97660090,38,0,0.383058100938797,0
98887628,38,0,0.3641088604927063,0
98980159,38,0,0.803587019443512,1
100252268,38,0,0.5538673996925354,0
100474142,38,0,0.37205150723457336,0
100648437,38,0,0.5287063717842102,0
100724438,38,0,0.5487896800041199,0
104313316,38,0,0.8215926289558411,1
110026126,38,0,0.44534605741500854,0
112694396,38,0,0.4029797911643982,0
112920133,38,0,0.9041267037391663,1
112967869,38,0,0.4097515046596527,0
112997653,38,0,0.4990346133708954,0
113003834,38,0,0.7727335691452026,1
113054794,38,0,0.4352543354034424,0
113055065,38,0,0.8175010681152344,1
114005569,38,0,0.7206713557243347,1
114088682,38,0,0.6917628049850464,1
114436378,38,0,0.40244966745376587,0
114447297,38,0,0.28383198380470276,0
114464849,38,0,0.32311779260635376,0
114465984,38,0,0.8196721076965332,1
114468688,38,0,0.3276715576648712,0
114469775,38,0,0.6723026633262634,1
114471864,38,0,0.4474412500858307,0
114472095,38,0,0.4492579996585846,0
114472101,38,0,0.4494642913341522,0
114472735,38,0,0.5555835962295532,0
114476019,38,0,0.5820479393005371,0
114479506,38,0,0.8310002684593201,1
114481812,38,0,0.2778010368347168,0
114488187,38,1,0.39587047696113586,0
114488570,38,0,8.351072722234676e-09,0
114497010,38,0,0.5482515692710876,0
114497093,38,0,0.4270336925983429,0
114497355,38,0,0.4675123691558838,0
114497358,38,0,0.5692912340164185,0
114497371,38,0,0.42096784710884094,0
114497377,38,0,0.5518034100532532,0
114497382,38,0,0.5568869709968567,0
114497389,38,0,0.508324921131134,0
114497394,38,0,0.512467086315155,0
114497399,38,0,0.531276285648346,0
114497403,38,0,0.48116159439086914,0
114497406,38,0,0.532579779624939,0
114497412,38,0,0.5331913232803345,0
114497427,38,0,0.4538118243217468,0
114497431,38,0,0.5086843967437744,0
114497436,38,0,0.5325859785079956,0
114497438,38,0,0.5109395980834961,0
114497442,38,0,0.5332788228988647,0
114497450,38,0,0.5197281241416931,0
114497721,38,0,0.5043625831604004,0
114497725,38,0,0.5370595455169678,0
114499205,38,1,0.9409276247024536,1
114507940,38,1,0.880052924156189,1
114514658,38,0,0.5469119548797607,0
114521942,38,0,0.393985778093338,0
114528470,38,0,0.13351787626743317,0
114538747,38,0,0.6181530952453613,0
114548633,38,0,0.6622631549835205,0
114549683,38,0,0.6246282458305359,0
114558980,38,0,0.5596883296966553,0
114559941,38,0,0.7965105772018433,1
114560432,38,0,0.5514850616455078,0
114565898,38,0,0.5138490200042725,0
114571127,38,0,0.5454846620559692,0
114598077,38,0,0.43197712302207947,0
114600470,38,0,0.4169941842556,0
114602932,38,0,0.9994385838508606,1
114603374,38,0,0.47264567017555237,0
114603376,38,0,0.37584760785102844,0
114603391,38,0,0.35308316349983215,0
114603911,38,0,0.4863532483577728,0
114603961,38,0,0.3771135210990906,0
114604129,38,0,0.3289929926395416,0
114604155,38,0,0.3379414975643158,0
114604546,38,0,0.36029720306396484,0
114604557,38,0,0.31917500495910645,0
114604561,38,0,0.4787968099117279,0
114604822,38,0,0.3321933448314667,0
114619004,38,0,0.7910677790641785,1
114619014,38,0,0.6239829063415527,0
114619016,38,0,0.6342695355415344,0
114621255,38,0,0.6386921405792236,0
114621768,38,0,0.3602748513221741,0
114622685,38,0,0.7237099409103394,1
114626665,38,0,0.6021074652671814,0
114626822,38,1,0.8946112990379333,1
114629224,38,0,0.5515670776367188,0
114629242,38,0,0.31890028715133667,0
114633474,38,0,0.3988237679004669,0
114635233,38,0,0.4770919680595398,0
114635481,38,0,0.2960169315338135,0
114637435,38,0,0.4249260425567627,0
114638312,38,0,0.8079336881637573,1
114638316,38,0,0.6987229585647583,1
114638388,38,0,0.776180624961853,1
114638390,38,0,0.6695721745491028,0
114638671,38,0,0.4543566107749939,0
114638673,38,0,0.8483189344406128,1
114640040,38,0,0.3083503246307373,0
114641619,38,0,0.423067182302475,0
114641963,38,0,0.4614654779434204,0
114641966,38,0,0.47101715207099915,0
114641985,38,0,0.49378976225852966,0
114642158,38,0,0.522367537021637,0
114642160,38,0,0.5200234651565552,0
114642262,38,0,0.4084041714668274,0
114642279,38,0,0.5118671655654907,0
114642288,38,0,0.4111117124557495,0
114642450,38,0,0.4329911768436432,0
114648386,38,1,0.9445850849151611,1
114651822,38,0,0.5859085321426392,0
114651826,38,0,0.3637717664241791,0
114652567,38,0,0.34880051016807556,0
114653338,38,0,0.419967383146286,0
114653503,38,0,0.36007317900657654,0
114655562,38,0,0.33118873834609985,0
114655823,38,1,0.832531213760376,1
114656125,38,1,0.9430198669433594,1
114656654,38,0,0.06732062250375748,0
114656657,38,0,0.3358435034751892,0
114657228,38,0,0.42553865909576416,0
114657233,38,0,0.5836234092712402,0
114657834,38,0,0.7992284297943115,1
114657835,38,0,0.5212296843528748,0
114657864,38,0,0.8168991208076477,1
114658129,38,0,0.5787338018417358,0
114658606,38,0,0.8509063720703125,1
114658610,38,0,0.9167702198028564,1
114659528,38,0,0.8958442211151123,1
114664262,38,0,0.5387321710586548,0
114664264,38,0,0.5994353294372559,0
114664272,38,0,0.4972836375236511,0
114664363,38,0,0.42364805936813354,0
114664366,38,0,0.5848918557167053,0
114664367,38,0,0.5415779948234558,0
114664545,38,0,0.5475411415100098,0
114664778,38,0,0.5953766703605652,0
114665016,38,1,0.7861374020576477,1
114675613,38,1,0.951404869556427,1
114682049,38,0,0.5721880793571472,0
114682162,38,0,0.487397164106369,0
114683130,38,0,0.3114844262599945,0
114689047,38,0,0.3544606566429138,0
114689180,38,0,0.8160889148712158,1
114689730,38,0,0.4431151747703552,0
114690327,38,0,0.8108708262443542,1
114690946,38,0,0.7952120304107666,1
114690948,38,0,0.7926480174064636,1
114707588,38,0,0.41971051692962646,0
114714504,38,0,0.4449649751186371,0
114714715,38,0,0.3870003819465637,0
114714721,38,0,0.4516690969467163,0
114714727,38,0,0.42666804790496826,0
114714734,38,0,0.4334944188594818,0
114714743,38,0,0.4395415484905243,0
114714780,38,0,0.3318055272102356,0
114715015,38,0,0.44535645842552185,0
114715022,38,0,0.375764936208725,0
114715291,38,0,0.3793174922466278,0
114715546,38,0,0.4271049201488495,0
114715547,38,0,0.45121750235557556,0
114715754,38,0,0.44037386775016785,0
114715759,38,0,0.4391574263572693,0
114737654,38,0,0.43454310297966003,0
114742232,38,0,0.34506046772003174,0
114743251,38,0,0.33473873138427734,0
114743268,38,0,0.3535955846309662,0
114743500,38,0,0.3298461437225342,0
114749815,38,1,0.8982359170913696,1
114753292,38,0,0.5600033402442932,0
114754008,38,0,0.4426480531692505,0
114755343,38,0,0.4107052981853485,0
114969113,38,0,0.47894954681396484,0
114969923,38,0,0.39216238260269165,0
114971129,38,0,0.42080581188201904,0
114971133,38,0,0.34840846061706543,0
114971381,38,0,0.3764405846595764,0
114971634,38,0,0.4055722653865814,0
115007767,38,0,0.2892824411392212,0
115022389,38,0,0.43706920742988586,0
115023272,38,0,0.4806517958641052,0
115023740,38,0,0.27574196457862854,0
115029548,38,0,0.3942878544330597,0
115029580,38,0,0.7180786728858948,1
115029843,38,0,0.29548919200897217,0
115032320,38,0,0.5008764266967773,0
115033057,38,0,0.31937649846076965,0
115038303,38,0,0.652923583984375,0
115039060,38,0,0.6429200768470764,0
115039451,38,0,0.84831303358078,1
115041996,38,0,0.3307439982891083,0
115043748,38,0,0.5301839709281921,0
115043988,38,0,0.4075409770011902,0
115044377,38,0,0.5087574124336243,0
115046811,38,0,0.5461690425872803,0
115046822,38,0,0.5230633616447449,0
115046915,38,0,0.48076131939888,0
115047046,38,0,0.44341591000556946,0
115047048,38,0,0.4649146795272827,0
115047280,38,0,0.4042973816394806,0
115047601,38,0,0.6082642078399658,0
115047732,38,0,0.3891262114048004,0
115047896,38,0,0.4837397336959839,0
115047910,38,0,0.41729098558425903,0
115047921,38,0,0.4726286232471466,0
115047927,38,0,0.5001400113105774,0
115047933,38,0,0.4299432933330536,0
115065290,38,1,0.9198452830314636,1
115076686,38,0,0.7155442833900452,1
115080200,38,0,0.4071997404098511,0
115087591,38,0,0.24535492062568665,0
115089336,38,1,0.6862142086029053,1
115090672,38,0,0.8283613920211792,1
115091598,38,0,0.8275006413459778,1
115097174,38,0,0.9077781438827515,1
115098616,38,0,0.2649949789047241,0
115106112,38,0,0.5703577995300293,0
115106125,38,0,0.5043618083000183,0
115107039,38,0,0.534988522529602,0
115107166,38,0,0.5973686575889587,0
115107426,38,0,0.536988377571106,0
115107502,38,0,0.5394177436828613,0
115107506,38,0,0.5381956696510315,0
115107509,38,0,0.38095471262931824,0
115107512,38,0,0.4096108675003052,0
115107784,38,0,0.5461568236351013,0
115107880,38,0,0.5473087430000305,0
115108021,38,0,0.5008124709129333,0
115108118,38,0,0.5637397170066833,0
115108121,38,0,0.5382265448570251,0
115108123,38,0,0.528901219367981,0
115108127,38,0,0.5145149230957031,0
115108221,38,0,0.5633211731910706,0
115108224,38,0,0.5129533410072327,0
115108227,38,0,0.5636833906173706,0
115108234,38,0,0.516836404800415,0
115108241,38,0,0.5175198316574097,0
115114921,38,0,0.416883647441864,0
115121140,38,0,0.39626213908195496,0
115122271,38,0,0.766843318939209,1
115126716,38,0,0.4284639060497284,0
115129346,38,0,0.3319495916366577,0
115138120,38,0,0.7941276431083679,1
115145490,38,0,0.3604789674282074,0
115148343,38,0,0.37750086188316345,0
115148874,38,0,0.2613687813282013,0
115150849,38,0,0.26234889030456543,0
115170044,38,0,0.2759671211242676,0
115170982,38,0,0.7093908190727234,1
115180884,38,0,0.17982006072998047,0
115180918,38,0,0.6441449522972107,0
115186990,38,0,0.015183073468506336,0
115187045,38,0,0.4928148686885834,0
115187055,38,0,0.5543114542961121,0
115187058,38,0,0.49369147419929504,0
115187059,38,0,0.36763665080070496,0
115187255,38,0,0.4717070460319519,0
115187876,38,0,0.3799319267272949,0
115193071,38,0,0.3903581500053406,0
115193078,38,0,0.45281484723091125,0
115193081,38,0,0.5389009714126587,0
115193083,38,0,0.4625321924686432,0
115193133,38,0,0.5210118889808655,0
115193767,38,0,0.4848981499671936,0
115193770,38,0,0.4192996621131897,0
115193788,38,0,0.4539555311203003,0
115193791,38,0,0.5237415432929993,0
115193797,38,0,0.5004938840866089,0
115193801,38,0,0.5153238773345947,0
115193972,38,0,0.4557788670063019,0
115193976,38,0,0.4232684373855591,0
115194165,38,0,0.4188990592956543,0
115194169,38,0,0.3602930009365082,0
115194643,38,0,0.6075698733329773,0
115197289,38,0,0.3493822515010834,0
115202299,38,0,0.5385227799415588,0
115204727,38,0,0.7101262807846069,1
115209397,38,0,0.7250704169273376,1
115209597,38,0,0.692375123500824,1
115209651,38,0,0.6803016662597656,1
115209664,38,0,0.5902482271194458,0
115213278,38,0,0.9101795554161072,1
115213281,38,0,0.7322750687599182,1
115213392,38,0,0.8477164506912231,1
115213540,38,0,0.7739105820655823,1
115214695,38,0,0.06117658689618111,0
115220831,38,0,0.31205713748931885,0
115221333,38,0,0.3679564595222473,0
115221484,38,0,0.43897780776023865,0
115228596,38,0,0.4825870394706726,0
115229005,38,0,0.25799334049224854,0
115231587,38,0,0.4377994239330292,0
115231864,38,0,0.4739396572113037,0
115232202,38,0,0.4596465826034546,0
115239651,38,0,0.03548233211040497,0
115242044,38,0,0.3680390417575836,0
115261388,38,0,0.21773701906204224,0
115266588,38,0,0.8273321986198425,1
115268291,38,0,0.42133069038391113,0
115270578,38,0,0.4277947247028351,0
115274072,38,1,0.6372618675231934,0
115275152,38,1,0.6661373972892761,0
115276738,38,0,0.3904271423816681,0
115278581,38,0,0.8905735611915588,1
115279312,38,0,0.8997132778167725,1
115279602,38,0,0.6590808629989624,0
115281323,38,0,0.3470008969306946,0
115285564,38,0,0.5463698506355286,0
115285570,38,0,0.42457205057144165,0
115285582,38,0,0.5949345827102661,0
115285591,38,0,0.5272198915481567,0
115286209,38,0,0.36784449219703674,0
115286481,38,0,0.5900449156761169,0
115293869,38,0,0.4112269878387451,0
115294137,38,0,0.42374187707901,0
115294952,38,0,0.4007169306278229,0
115298687,38,0,0.5997830033302307,0
115299847,38,0,0.31450966000556946,0
115324291,38,0,0.6579511165618896,0
115394915,38,0,0.33859753608703613,0
115500189,38,0,0.4509872794151306,0
115523071,38,0,0.598434329032898,0
115529485,38,0,0.29641425609588623,0
115533534,38,0,0.4453665018081665,0
115533535,38,0,0.48364707827568054,0
115533793,38,0,0.4420351982116699,0
115534029,38,0,0.764955461025238,1
115534697,38,0,0.40469107031822205,0
115534702,38,0,0.39413100481033325,0
115534770,38,0,0.3701021671295166,0
115534952,38,0,0.38514289259910583,0
115534959,38,0,0.43985792994499207,0
115606048,38,0,0.538918137550354,0
115607282,38,0,0.5808499455451965,0
115608090,38,0,0.7954097390174866,1
115635730,38,0,0.7065128684043884,1
115688802,38,0,0.5777192115783691,0
115706480,38,0,0.869433581829071,1
115708945,38,0,0.32111743092536926,0
115708965,38,0,0.8433066010475159,1
115709632,38,0,0.40608489513397217,0
115709635,38,0,0.44772979617118835,0
115711293,38,0,0.42170441150665283,0
115711296,38,0,0.46517908573150635,0
115711513,38,0,0.43345510959625244,0
115711514,38,0,0.4415345788002014,0
115718351,38,0,0.7335361838340759,1
115718605,38,0,0.719071090221405,1
115722990,38,0,0.2810879349708557,0
115722999,38,1,0.9426918029785156,1
115723002,38,1,0.9003243446350098,1
115723004,38,1,0.9074792265892029,1
115723006,38,1,0.907349169254303,1
115723008,38,1,0.9427351355552673,1
115723010,38,1,0.9421051740646362,1
115723011,38,1,0.9076793193817139,1
115723118,38,1,0.9425069689750671,1
115723119,38,1,0.9425983428955078,1
115723125,38,1,0.9416869878768921,1
115723127,38,1,0.9422960877418518,1
115723274,38,1,0.9431283473968506,1
115723277,38,1,0.9426913857460022,1
115723278,38,1,0.9390960931777954,1
115723279,38,1,0.9391159415245056,1
115723284,38,1,0.9427105188369751,1
115723285,38,0,0.29256972670555115,0
115723287,38,0,0.17270666360855103,0
115723389,38,1,0.9417226314544678,1
115723393,38,0,0.7841619253158569,1
115723395,38,0,0.7945255041122437,1
115723397,38,0,0.25111645460128784,0
115723399,38,0,0.8303096294403076,1
115723400,38,0,0.5516297817230225,0
115723402,38,1,0.9426755905151367,1
115723954,38,0,0.6924235820770264,1
115723984,38,0,0.3786838948726654,0
115724242,38,0,0.8670948147773743,1
115724248,38,0,0.9344955682754517,1
115726098,38,0,0.39407476782798767,0
115726274,38,0,0.5461369156837463,0
115726373,38,1,0.7319300770759583,1
115728003,38,0,0.37591683864593506,0
115728011,38,0,0.8112117648124695,1
115728012,38,0,0.7409027814865112,1
115892435,38,0,0.6334972977638245,0
115901833,38,0,0.5408180952072144,0
115911613,38,0,0.5257688164710999,0
115911726,38,0,0.34732726216316223,0
115912314,38,0,0.3101764917373657,0
115912650,38,0,0.11650365591049194,0
115916138,38,0,0.37854841351509094,0
115918983,38,0,0.9225919246673584,1
115919375,38,0,0.7676569223403931,1
115920425,38,0,0.3443121016025543,0
115920677,38,0,0.31173306703567505,0
115922609,38,0,0.39221513271331787,0
115922729,38,0,0.3830629289150238,0
115922894,38,0,0.4919234812259674,0
115923487,38,0,0.4306807816028595,0
115924670,38,1,0.9022480845451355,1
115943062,38,0,0.5651102066040039,0
115944090,38,0,0.4341564178466797,0
115945205,38,0,0.6368857622146606,0
115946082,38,1,0.7020115852355957,1
115946101,38,0,0.36268720030784607,0
115947349,38,0,0.795849084854126,1
115947357,38,0,0.644753098487854,0
115949445,38,1,0.9999997615814209,1
115952203,38,0,0.5421159863471985,0
115952438,38,0,0.5835116505622864,0
115959240,38,0,0.4402627646923065,0
115959733,38,0,0.33991238474845886,0
115960307,38,0,0.22153183817863464,0
115967728,38,0,0.998308539390564,1
116010228,38,0,0.3677098751068115,0
116052901,38,1,0.9175969362258911,1
116053428,38,1,0.9497671127319336,1
116054103,38,1,0.7585804462432861,1
116054110,38,1,0.9388530850410461,1
116055498,38,1,0.8837759494781494,1
116055520,38,1,0.9330623149871826,1
116055665,38,1,0.7525867819786072,1
116055667,38,1,0.8827349543571472,1
116058585,38,1,0.9176686406135559,1
116058901,38,1,0.9489034414291382,1
116060279,38,1,0.9460628628730774,1
116061812,38,1,0.8214238882064819,1
116064774,38,1,0.9111435413360596,1
116069421,38,1,0.8839229941368103,1
116072231,38,1,0.9497331380844116,1
116073592,38,0,0.328782856464386,0
116075693,38,1,0.9498509764671326,1
116081878,38,1,0.9489306807518005,1
116083308,38,0,0.838782012462616,1
116085643,38,0,0.3857893943786621,0
116086353,38,0,0.3748883008956909,0
116087383,38,0,0.36204057931900024,0
116088068,38,0,0.3953644335269928,0
116092892,38,0,0.3825693726539612,0
116093362,38,0,0.35756203532218933,0
116100971,38,0,0.3820522725582123,0
116101613,38,0,0.354184627532959,0
116103484,38,0,0.3695879876613617,0
116107028,38,1,0.9488649964332581,1
116107405,38,1,0.9384133219718933,1
116107409,38,1,0.883995771408081,1
116107565,38,0,0.7595715522766113,1
116107573,38,0,0.9016370177268982,1
116107587,38,0,0.9444155693054199,1
116107831,38,0,0.9283838272094727,1
116107977,38,0,0.8109706044197083,1
116109093,38,0,0.8012398481369019,1
116110039,38,1,0.9411439299583435,1
116110047,38,0,0.8818827271461487,1
116110341,38,0,0.8502984046936035,1
116110485,38,0,0.8824943900108337,1
116112202,38,1,0.9465513825416565,1
116115792,38,1,0.8832549452781677,1
116116290,38,0,0.31035271286964417,0
116117825,38,1,0.9498635530471802,1
116119540,38,0,0.40578263998031616,0
116125864,38,1,0.9199935793876648,1
116126365,38,0,0.6830725073814392,1
116128557,38,0,0.4629453122615814,0
116128866,38,0,0.4462295174598694,0
116129206,38,0,0.3870926797389984,0
116129214,38,0,0.5619349479675293,0
116129222,38,0,0.4299558103084564,0
116129229,38,0,0.41858184337615967,0
116129238,38,0,0.5293853282928467,0
116129479,38,0,0.45203232765197754,0
116129483,38,0,0.41367673873901367,0
116129487,38,0,0.5085030794143677,0
116129489,38,0,0.4372137188911438,0
116129494,38,0,0.5525283217430115,0
116129496,38,0,0.46767139434814453,0
116129500,38,0,0.5173904895782471,0
116129502,38,0,0.422402948141098,0
116129504,38,0,0.4995805025100708,0
116135416,38,1,0.9492508769035339,1
116162492,38,1,0.8840960264205933,1
116162711,38,1,0.94989413022995,1
116173763,38,1,0.9318514466285706,1
116178462,38,0,0.43812620639801025,0
116178975,38,0,0.7008076906204224,1
116179559,38,0,0.847186267375946,1
116179605,38,0,0.30213436484336853,0
116183359,38,0,0.829628050327301,1
116184011,38,0,0.794405996799469,1
116185674,38,0,0.4432733654975891,0
116186242,38,0,0.7140907645225525,1
116189189,38,1,0.7066733241081238,1
116193002,38,0,0.8840157985687256,1
116193317,38,0,0.912074863910675,1
116193739,38,0,0.9124160408973694,1
116203361,38,0,0.2897277772426605,0
116203637,38,0,0.3678528070449829,0
116203732,38,0,0.4145972728729248,0
116205436,38,0,0.5438289046287537,0
116205444,38,0,0.4972972571849823,0
116205731,38,0,0.6102216839790344,0
116205737,38,0,0.545093834400177,0
116206284,38,0,0.5270693302154541,0
116206510,38,0,0.5275777578353882,0
116206771,38,0,0.5030539035797119,0
116206777,38,0,0.5503190755844116,0
116206785,38,0,0.38678526878356934,0
116207101,38,0,0.5680400133132935,0
116208111,38,1,0.9499766230583191,1
116217174,38,1,0.9492537975311279,1
116217308,38,1,0.9141886830329895,1
116611781,38,0,0.40597987174987793,0
116630616,38,0,0.3952486515045166,0
116631597,38,1,0.9122993350028992,1
116636762,38,0,0.06585728377103806,0
116645837,38,0,0.5080342292785645,0
116678494,38,0,0.8025902509689331,1
116679831,38,0,0.702057957649231,1
116726225,38,0,0.6444279551506042,0
116743527,38,0,0.9104790091514587,1
116746285,38,1,0.6407882571220398,0
116747257,38,0,0.4699399173259735,0
116747423,38,0,0.5764786601066589,0
116749414,38,0,0.5661019086837769,0
116759257,38,0,0.7180163264274597,1
116822093,38,0,0.6436779499053955,0
116822292,38,1,0.976212739944458,1
116823108,38,0,0.3689846098423004,0
116823132,38,0,0.40633243322372437,0
116823189,38,0,0.41000398993492126,0
116830045,38,0,0.3254814147949219,0
116839462,38,1,0.9515000581741333,1
116841218,38,0,0.3151319622993469,0
116845555,38,0,0.33442068099975586,0
116874855,38,0,0.7547146677970886,1
116882540,38,0,0.42912721633911133,0
116883110,38,0,0.3773137331008911,0
116883461,38,0,0.5146302580833435,0
116884797,38,0,0.5438082218170166,0
116884909,38,0,0.5447141528129578,0
116898498,38,0,0.4608743488788605,0
116902242,38,1,0.9221832156181335,1
116905764,38,0,0.3396550714969635,0
116906461,38,0,0.3615278899669647,0
116914127,38,1,0.7893082499504089,1
116914752,38,0,0.27797427773475647,0
2067048,39,0,0.44638633728027344,0
2067049,39,0,0.4470840096473694,0
2864655,39,0,0.48731985688209534,0
3133285,39,0,0.37516552209854126,0
3245282,39,0,0.39695343375205994,0
3270847,39,0,0.42484599351882935,0
3469647,39,0,0.29784438014030457,0
3905058,39,0,0.9437391757965088,1
4213625,39,0,0.45002397894859314,0
5275627,39,0,0.3205638527870178,0
5836681,39,0,0.3207013010978699,0
5928715,39,0,0.5365819931030273,0
6818420,39,0,0.7751274704933167,1
7014841,39,0,0.47140607237815857,0
7014913,39,0,0.42559167742729187,0
7015277,39,0,0.3423905372619629,0
7965704,39,0,0.3958386182785034,0
8378346,39,0,0.35621991753578186,0
8908091,39,0,0.28769201040267944,0
9095322,39,0,0.4166758358478546,0
9156373,39,0,0.42578041553497314,0
9517432,39,0,0.4675023555755615,0
9829411,39,0,0.70561683177948,1
9833495,39,0,0.3670724928379059,0
9899666,39,0,0.2447933554649353,0
9942589,39,0,0.3993067443370819,0
10619588,39,0,0.38553500175476074,0
10775210,39,0,0.4994131624698639,0
10835543,39,0,0.7877678275108337,1
10846099,39,0,0.3957749307155609,0
10940853,39,0,0.26090025901794434,0
11172561,39,0,0.42119863629341125,0
12061834,39,0,0.8286328911781311,1
12061835,39,0,0.8222849369049072,1
12061836,39,0,0.45832622051239014,0
12061837,39,0,0.48346465826034546,0
12062164,39,0,0.8097069263458252,1
12062166,39,0,0.8674406409263611,1
12062173,39,0,0.496763676404953,0
12102720,39,0,0.4284927248954773,0
12154231,39,0,0.5091546177864075,0
12284459,39,0,0.40932753682136536,0
12401126,39,0,0.33190032839775085,0
12972869,39,0,0.43393242359161377,0
13161496,39,1,0.7937156558036804,1
13623410,39,0,0.39491358399391174,0
13676664,39,0,0.37975946068763733,0
13906899,39,1,0.7769534587860107,1
13983579,39,0,0.4530314803123474,0
14182114,39,0,0.044041041284799576,0
14367822,39,0,0.5330823659896851,0
14583722,39,0,0.3579361140727997,0
15341623,39,0,0.5142465233802795,0
17345754,39,0,0.4569946229457855,0
17996561,39,0,0.4157189428806305,0
17996566,39,0,0.4096822440624237,0
17996606,39,0,0.395341157913208,0
17997502,39,0,0.49370506405830383,0
18277003,39,0,0.4315339922904968,0
18426017,39,0,0.5800008773803711,0
19559683,39,0,0.39364537596702576,0
19559928,39,0,0.4089237451553345,0
20032383,39,0,0.7994242310523987,1
20194738,39,1,0.9057207703590393,1
20194762,39,1,0.9024907350540161,1
21092110,39,0,0.32027408480644226,0
21940716,39,0,0.3451588451862335,0
22283488,39,0,0.4674876034259796,0
22891722,39,0,0.32833394408226013,0
24775820,39,0,0.5713632106781006,0
25235188,39,0,0.49453049898147583,0
26329248,39,0,0.8808650374412537,1
26481699,39,0,0.4300595223903656,0
27085149,39,1,0.8871660828590393,1
27896017,39,0,0.4410508871078491,0
28352314,39,0,0.37465548515319824,0
28594082,39,0,0.38436251878738403,0
29614073,39,0,0.6093677878379822,0
30336367,39,0,0.26922333240509033,0
30427669,39,0,0.2724946141242981,0
30459894,39,0,0.4173809289932251,0
30461668,39,0,0.33380192518234253,0
30700346,39,0,0.6946282982826233,1
30700348,39,0,0.8694121241569519,1
30799508,39,0,0.4491349160671234,0
30820604,39,0,0.31742608547210693,0
31614040,39,0,0.481353223323822,0
31769818,39,0,0.3359724283218384,0
31859229,39,0,0.43038180470466614,0
32228077,39,0,0.3575451374053955,0
32228844,39,0,0.4170535206794739,0
32228862,39,0,0.4209325313568115,0
32228877,39,0,0.4183533191680908,0
34265456,39,0,0.19460849463939667,0
34535373,39,1,0.7299240827560425,1
34535382,39,1,0.7287818193435669,1
34584290,39,0,0.416753351688385,0
34662595,39,0,0.7066296339035034,1
35145056,39,0,0.5335021018981934,0
35990816,39,0,0.39034196734428406,0
36544488,39,0,0.32173511385917664,0
36807555,39,0,0.4219113290309906,0
37530007,39,0,0.6377193927764893,0
38072014,39,0,0.31306275725364685,0
38107881,39,0,0.46798455715179443,0
38111661,39,0,0.3746820390224457,0
38182292,39,0,0.46638211607933044,0
38246399,39,0,0.4066976010799408,0
38892588,39,0,0.3555753529071808,0
40201044,39,0,0.4085598886013031,0
40304221,39,0,0.3947570323944092,0
40497229,39,0,0.5208691358566284,0
40879076,39,0,0.41843587160110474,0
43881377,39,0,0.48144063353538513,0
44595504,39,0,0.8067060708999634,1
45350873,39,1,0.9264476299285889,1
45444755,39,0,0.2871071696281433,0
45809670,39,1,0.8401855230331421,1
46753747,39,0,0.3384248912334442,0
47622350,39,0,0.3335452377796173,0
47662188,39,0,0.5273997783660889,0
47683327,39,0,0.3608414828777313,0
47987646,39,0,0.41550594568252563,0
47987650,39,0,0.4040229022502899,0
48051143,39,0,0.672036349773407,1
48051399,39,0,0.6922857761383057,1
49040928,39,0,0.4973297417163849,0
49188193,39,0,0.3401601016521454,0
49299982,39,0,0.7966570854187012,1
49375401,39,0,0.4541155695915222,0
51082607,39,0,0.4267318546772003,0
51085248,39,0,0.42332854866981506,0
51113603,39,0,0.41840246319770813,0
51113675,39,0,0.45744919776916504,0
51113964,39,0,0.4178125560283661,0
55607420,39,0,0.370145708322525,0
57770370,39,0,0.6434990763664246,0
58866785,39,0,0.40937867760658264,0
59090978,39,0,0.33635759353637695,0
59857852,39,0,0.5242880582809448,0
60158347,39,0,0.3030966520309448,0
62019611,39,0,0.6893489956855774,1
62484751,39,0,0.39784273505210876,0
62823600,39,0,0.8645917177200317,1
62890179,39,0,0.8152318596839905,1
63614102,39,0,0.9405011534690857,1
64188232,39,0,0.46745577454566956,0
64188626,39,0,0.41053134202957153,0
64781880,39,0,0.5157034993171692,0
66990867,39,0,0.45953088998794556,0
67014644,39,0,0.4364092946052551,0
67160405,39,0,0.3841160833835602,0
67160406,39,0,0.49285343289375305,0
67160407,39,0,0.48050811886787415,0
67621910,39,0,0.438632607460022,0
70190658,39,0,0.731060266494751,1
71202689,39,0,0.419201523065567,0
72361976,39,0,0.8415423035621643,1
72777111,39,0,0.49232688546180725,0
74169594,39,0,0.4379037618637085,0
74957737,39,0,0.3699960708618164,0
75406099,39,0,0.41458603739738464,0
75995640,39,0,0.49689868092536926,0
76406659,39,0,0.4425305426120758,0
76847998,39,0,0.35271593928337097,0
77957091,39,0,0.425648957490921,0
78079432,39,0,0.8611379861831665,1
78121217,39,0,0.37711045145988464,0
78789157,39,0,0.9171167016029358,1
78814858,39,0,0.7497855424880981,1
79074357,39,0,0.843874454498291,1
80547925,39,1,0.504802942276001,0
82161051,39,1,0.8503605723381042,1
84102301,39,0,0.5276239514350891,0
84812755,39,0,0.31775596737861633,0
85337146,39,0,0.2832431495189667,0
85621251,39,0,0.44462668895721436,0
85917130,39,0,0.34629297256469727,0
86331399,39,0,0.7987882494926453,1
86783496,39,0,0.34540390968322754,0
86803299,39,0,0.539753794670105,0
86903877,39,0,0.4458954930305481,0
86904181,39,0,0.41558465361595154,0
86904183,39,0,0.3224869668483734,0
86904184,39,0,0.38992324471473694,0
87771179,39,0,0.529669463634491,0
88857068,39,0,0.8449938297271729,1
88963958,39,0,0.4213842451572418,0
89841044,39,0,0.5053054690361023,0
90448287,39,0,0.4667114019393921,0
91400373,39,0,0.4659847319126129,0
92198600,39,0,0.42366817593574524,0
92204257,39,0,0.517534077167511,0
93136339,39,0,0.7772639393806458,1
94150387,39,0,0.44306594133377075,0
94757746,39,0,0.3970158100128174,0
94931566,39,0,0.8907573819160461,1
95850377,39,0,0.45193666219711304,0
99352394,39,0,0.8454897999763489,1
99616497,39,0,0.47104528546333313,0
100356049,39,0,0.7715891599655151,1
101783430,39,0,0.9004032611846924,1
102226108,39,1,0.8903074860572815,1
103063599,39,0,0.5122982263565063,0
103948477,39,0,0.3578517735004425,0
104097172,39,0,0.4568963646888733,0
104703549,39,0,0.4755423963069916,0
105268480,39,0,0.38889622688293457,0
107473362,39,0,0.4141122102737427,0
108961020,39,0,0.5321041345596313,0
109171776,39,0,0.3577740490436554,0
110273405,39,0,0.40964075922966003,0
111235406,39,1,0.5670446753501892,0
112285660,39,0,0.45008090138435364,0
112928975,39,1,0.8327876329421997,1
113649806,39,0,0.7745203375816345,1
114364497,39,0,0.3611264228820801,0
114462489,39,0,0.4514898955821991,0
114710797,39,0,0.8912421464920044,1
114898290,39,0,0.7234944701194763,1
114916139,39,0,0.9123815894126892,1
114922700,39,0,0.572508692741394,0
115950776,39,0,0.4324805438518524,0
116139224,39,0,0.8065738677978516,1
117109705,39,0,0.39604392647743225,0
118638871,39,0,0.8481284976005554,1
118639527,39,0,0.7925786375999451,1
119043284,39,0,0.8360429406166077,1
119075718,39,0,0.435209721326828,0
120319794,39,0,0.41051018238067627,0
121778585,39,0,0.4283367991447449,0
121987738,39,0,0.41278940439224243,0
122371039,39,1,0.7433050870895386,1
122371040,39,1,0.829332172870636,1
123244307,39,0,0.26955148577690125,0
123449676,39,0,0.3241243362426758,0
124305697,39,0,0.7298376560211182,1
124414895,39,0,0.3425199091434479,0
124944070,39,0,0.42198604345321655,0
125618369,39,0,0.35274791717529297,0
126015984,39,0,0.4503934979438782,0
126048495,39,0,0.4792633652687073,0
126436479,39,0,0.48382553458213806,0
127010216,39,0,0.6875512599945068,1
127887721,39,0,0.42415910959243774,0
127887726,39,0,0.3770516812801361,0
129841251,39,0,0.766183078289032,1
129946705,39,0,0.8250159621238708,1
130369271,39,0,0.34988564252853394,0
133751539,39,0,0.4848605990409851,0
135246316,39,0,0.4560145437717438,0
136562137,39,0,0.4201069474220276,0
136768718,39,0,0.4339176118373871,0
137164629,39,0,0.886044442653656,1
137732505,39,0,0.29459768533706665,0
137906514,39,0,0.8089640140533447,1
138422168,39,0,0.33118119835853577,0
140870196,39,0,0.45990124344825745,0
141251903,39,0,0.4265645742416382,0
143310472,39,0,0.4969898462295532,0
143317555,39,0,0.4675634503364563,0
146479398,39,0,0.3714509606361389,0
148533307,39,0,0.7249125242233276,1
148533415,39,0,0.6756442189216614,1
148533591,39,0,0.7558378577232361,1
148535049,39,0,0.29888612031936646,0
148536037,39,0,0.6884720921516418,1
148536076,39,0,0.43015700578689575,0
148536080,39,0,0.3870428502559662,0
148536082,39,0,0.7386175990104675,1
148537619,39,0,0.4702654778957367,0
148537640,39,0,0.5494222044944763,0
148537909,39,0,0.36302828788757324,0
148537911,39,0,0.730434775352478,1
148541127,39,0,0.7737851738929749,1
148541145,39,0,0.8619381785392761,1
148542030,39,0,0.6216158866882324,0
148542035,39,0,0.869378387928009,1
148542990,39,0,0.1667662411928177,0
148544557,39,0,0.8089789748191833,1
148545820,39,0,0.8942901492118835,1
148545840,39,0,0.882163941860199,1
148545913,39,0,0.8334750533103943,1
148546137,39,0,0.8184671998023987,1
148546162,39,0,0.8143413662910461,1
148546170,39,0,0.4523129165172577,0
148546189,39,0,0.6275680661201477,0
148546191,39,0,0.8554426431655884,1
148546194,39,0,0.8255152106285095,1
148546492,39,0,0.8111833930015564,1
148546503,39,0,0.780431866645813,1
148546506,39,0,0.6954954266548157,1
148546520,39,0,0.7988095879554749,1
148546524,39,0,0.8270558714866638,1
148546526,39,0,0.5676636695861816,0
148546733,39,0,0.7098369598388672,1
148546734,39,0,0.8686098456382751,1
148546737,39,0,0.9156803488731384,1
148546738,39,0,0.8671891689300537,1
148546740,39,0,0.7796404957771301,1
148546741,39,0,0.6282938718795776,0
148546746,39,0,0.8959299325942993,1
148546937,39,0,0.9068319201469421,1
148546939,39,0,0.6745967864990234,1
148549025,39,0,0.7633848786354065,1
148549034,39,0,0.5870825052261353,0
148549351,39,0,0.5606250762939453,0
148549354,39,0,0.3853512406349182,0
148549365,39,0,0.5564688444137573,0
148549369,39,0,0.5600066781044006,0
148558116,39,0,0.8292254209518433,1
148558173,39,0,0.43966326117515564,0
148558252,39,0,0.8222581744194031,1
148561156,39,0,0.8340941071510315,1
148561385,39,0,0.5910176038742065,0
148562098,39,0,0.5158371329307556,0
148562398,39,0,0.4445716440677643,0
148563652,39,0,0.28509771823883057,0
148563757,39,0,0.8793142437934875,1
148563818,39,0,0.8221747875213623,1
148566614,39,0,0.43587255477905273,0
148568416,39,0,0.00702748354524374,0
148568937,39,0,0.3978714644908905,0
148568939,39,1,0.9990606904029846,1
148568948,39,0,0.43195417523384094,0
148568959,39,0,0.37754005193710327,0
148568966,39,0,0.47436144948005676,0
148569208,39,0,0.4698215425014496,0
148569249,39,0,0.5798304080963135,0
148569253,39,0,0.6048418283462524,0
148569487,39,1,0.9990580677986145,1
148569497,39,0,0.5064623355865479,0
148569555,39,0,0.3138505816459656,0
148569565,39,1,0.9984472393989563,1
148577362,39,0,0.4223642349243164,0
148587956,39,0,0.3828018605709076,0
148608910,39,0,0.5576868057250977,0
148608917,39,0,0.5574570894241333,0
148608921,39,0,0.5784235000610352,0
148609062,39,0,0.5638647675514221,0
148609616,39,0,0.37911880016326904,0
148612058,39,0,0.4089531898498535,0
148612068,39,1,0.9617684483528137,1
148612071,39,1,0.8055001497268677,1
148612078,39,1,0.9249963760375977,1
148612086,39,1,0.9588271379470825,1
148612093,39,1,0.9254906177520752,1
148612097,39,0,0.4603559374809265,0
148612337,39,1,0.9248195290565491,1
148612343,39,1,0.9451234936714172,1
148612415,39,1,0.9253313541412354,1
148640119,39,0,0.8748648166656494,1
148651062,39,0,0.5252814888954163,0
148651128,39,0,0.5450074076652527,0
148651749,39,0,0.6962743997573853,1
148652034,39,0,0.38944435119628906,0
148652660,39,0,0.697188138961792,1
148659689,39,0,0.32250601053237915,0
148663563,39,0,0.41208189725875854,0
148666022,39,0,0.8245601058006287,1
148670107,39,0,0.7121806144714355,1
148670312,39,0,0.6057900190353394,0
148671662,39,0,0.46061086654663086,0
148671674,39,0,0.4186829626560211,0
148672286,39,0,0.45140406489372253,0
148672512,39,0,0.433284193277359,0
148672524,39,0,0.4415697455406189,0
148673762,39,0,0.539894163608551,0
148674452,39,0,0.4593885838985443,0
148674765,39,0,0.45566946268081665,0
148674769,39,0,0.4713031053543091,0
148674996,39,0,0.5144443511962891,0
148675003,39,0,0.509662926197052,0
148675735,39,0,0.4593632221221924,0
148681100,39,0,0.7695616483688354,1
148684827,39,0,0.7378405928611755,1
148685585,39,0,0.37193840742111206,0
148689046,39,0,0.3956453800201416,0
148694324,39,0,0.41220512986183167,0
148695422,39,0,0.3916677236557007,0
148696571,39,0,0.31233346462249756,0
148696813,39,0,0.8207974433898926,1
148697637,39,0,0.6735917329788208,1
148702402,39,0,0.5495961904525757,0
148710753,39,0,0.2811618149280548,0
148775335,39,0,0.44966670870780945,0
148775791,39,0,0.6460859179496765,0
148775793,39,0,0.5448323488235474,0
148776563,39,0,0.5470380187034607,0
148779157,39,0,0.8117052912712097,1
148779342,39,0,0.7631009221076965,1
148779345,39,0,0.6974049210548401,1
148779591,39,0,0.9403939247131348,1
148784981,39,0,0.39554092288017273,0
148785271,39,0,0.4167676270008087,0
148785280,39,0,0.4211852252483368,0
148785284,39,0,0.4108070135116577,0
148785476,39,0,0.4109736979007721,0
148785723,39,0,0.42526623606681824,0
148785957,39,0,0.4309270977973938,0
148786236,39,0,0.3931024372577667,0
148786424,39,0,0.43021678924560547,0
148786662,39,0,0.4188075065612793,0
148786672,39,0,0.39886245131492615,0
148786683,39,0,0.42777296900749207,0
148786686,39,0,0.3881678879261017,0
148786690,39,0,0.4073001742362976,0
148786696,39,0,0.3941671550273895,0
148786700,39,0,0.40404608845710754,0
148788387,39,0,0.39242079854011536,0
148789748,39,0,0.3698089122772217,0
148790971,39,0,0.40054288506507874,0
148790983,39,0,0.4090520143508911,0
148791084,39,0,0.4110175669193268,0
148791090,39,0,0.4072737991809845,0
148791095,39,0,0.40247759222984314,0
148791392,39,0,0.4067896604537964,0
148791514,39,0,0.3996959626674652,0
148791595,39,0,0.4083390235900879,0
148791597,39,0,0.40728577971458435,0
148791604,39,0,0.400818794965744,0
148792328,39,0,0.3978591859340668,0
148792567,39,0,0.42094382643699646,0
148792573,39,0,0.3921670615673065,0
148792825,39,0,0.40119773149490356,0
148793347,39,0,0.38346099853515625,0
148793351,39,0,0.39665061235427856,0
148793541,39,0,0.39102494716644287,0
148793555,39,0,0.41049695014953613,0
148793597,39,0,0.41812843084335327,0
148793781,39,0,0.4090794324874878,0
148809528,39,0,0.38674572110176086,0
148809531,39,0,0.4342959225177765,0
148809535,39,0,0.42674505710601807,0
148814510,39,0,0.48014354705810547,0
148814550,39,0,0.4358850121498108,0
148814754,39,0,0.48733383417129517,0
148814755,39,0,0.4968457818031311,0
148814759,39,0,0.5181407332420349,0
148814762,39,0,0.5451256632804871,0
148814767,39,0,0.4871562719345093,0
148814770,39,0,0.4259970188140869,0
148815038,39,0,0.43954071402549744,0
148815040,39,0,0.43941131234169006,0
148815051,39,0,0.47006863355636597,0
148820482,39,0,0.5001052021980286,0
148827018,39,0,0.43455010652542114,0
148827021,39,0,0.4408734142780304,0
148827025,39,0,0.4831260144710541,0
148827030,39,0,0.4358373284339905,0
148827410,39,0,0.4253150522708893,0
148827417,39,0,0.41543737053871155,0
148827422,39,0,0.457392156124115,0
148827426,39,0,0.42547041177749634,0
148827442,39,0,0.4596538245677948,0
148827447,39,0,0.4264625608921051,0
148827450,39,0,0.4170580506324768,0
148827455,39,0,0.48434391617774963,0
148827469,39,0,0.4269268214702606,0
148827476,39,0,0.41912996768951416,0
148835281,39,0,0.43763136863708496,0
148835283,39,0,0.4205997884273529,0
148836219,39,0,0.4283928871154785,0
148836221,39,0,0.500054657459259,0
148836228,39,0,0.43918532133102417,0
148836707,39,0,0.4334091544151306,0
148836714,39,0,0.4258100986480713,0
148836717,39,0,0.4360944330692291,0
148836720,39,0,0.4490196704864502,0
148836725,39,0,0.5372529029846191,0
148836731,39,0,0.47110867500305176,0
148836915,39,0,0.35730603337287903,0
148836921,39,0,0.43924781680107117,0
148836935,39,0,0.5016781091690063,0
148837139,39,0,0.4559613764286041,0
148837140,39,0,0.5160704255104065,0
148837143,39,0,0.49977293610572815,0
148837147,39,0,0.4460626244544983,0
148837342,39,0,0.4197755455970764,0
148837538,39,0,0.4655294120311737,0
148837544,39,0,0.47165465354919434,0
148837760,39,0,0.5347679853439331,0
148837780,39,0,0.48093825578689575,0
148837784,39,0,0.5003700852394104,0
148838180,39,0,0.42403101921081543,0
148838411,39,0,0.45367589592933655,0
148838603,39,0,0.5575533509254456,0
148838698,39,0,0.4131101965904236,0
148838708,39,0,0.42233309149742126,0
148838850,39,0,0.45780429244041443,0
148838857,39,0,0.4545675218105316,0
148838967,39,0,0.4544297754764557,0
148838970,39,0,0.412284791469574,0
148838976,39,0,0.4121174216270447,0
148838983,39,0,0.4097832441329956,0
148839108,39,0,0.5359758734703064,0
148839226,39,0,0.4127117693424225,0
148839525,39,0,0.5188686847686768,0
148839528,39,0,0.5135661363601685,0
148839597,39,0,0.5521016120910645,0
148839603,39,0,0.4713548421859741,0
148839671,39,0,0.5680196285247803,0
148839682,39,0,0.43838658928871155,0
148839691,39,0,0.41286665201187134,0
148840585,39,0,0.4209981858730316,0
148840593,39,0,0.5041321516036987,0
148841333,39,0,0.3985770046710968,0
148841337,39,0,0.5504547953605652,0
148841438,39,0,0.4740416705608368,0
148841441,39,0,0.5207552313804626,0
148841669,39,0,0.41984570026397705,0
148841677,39,0,0.4463774859905243,0
148841686,39,0,0.48124977946281433,0
148841737,39,0,0.45014360547065735,0
148841741,39,0,0.544024646282196,0
148841744,39,0,0.45223626494407654,0
148841749,39,0,0.5006313920021057,0
148841754,39,0,0.41430649161338806,0
148841758,39,0,0.4101749658584595,0
148841911,39,0,0.4379912316799164,0
148841925,39,0,0.4822530746459961,0
148841982,39,0,0.5050854682922363,0
148841987,39,0,0.5102381706237793,0
148841991,39,0,0.5732314586639404,0
148841996,39,0,0.5209038853645325,0
148842013,39,0,0.4677606523036957,0
148842019,39,0,0.43511590361595154,0
148842091,39,0,0.4463409185409546,0
148842226,39,0,0.4523223638534546,0
148842230,39,0,0.44108855724334717,0
148842316,39,0,0.44378525018692017,0
148842318,39,0,0.43196991086006165,0
148842322,39,0,0.4891955554485321,0
148843157,39,0,0.4622015058994293,0
148843334,39,0,0.43491601943969727,0
148843537,39,0,0.46731212735176086,0
148843735,39,0,0.5374609231948853,0
148843954,39,0,0.46075668931007385,0
148844172,39,0,0.4314649999141693,0
148844409,39,0,0.41652971506118774,0
148844412,39,0,0.4488440454006195,0
148844421,39,0,0.45788365602493286,0
148844425,39,0,0.4875679314136505,0
148844431,39,0,0.46474865078926086,0
148844437,39,0,0.44378337264060974,0
148844753,39,0,0.5214797258377075,0
148844984,39,0,0.43800798058509827,0
148844993,39,0,0.4295171797275543,0
148845257,39,0,0.4392341077327728,0
148845306,39,0,0.4329895079135895,0
148845311,39,0,0.4157237112522125,0
148845451,39,0,0.4875434339046478,0
148845459,39,0,0.473536878824234,0
148845467,39,0,0.48580360412597656,0
148845495,39,0,0.47090137004852295,0
148845691,39,0,0.40995872020721436,0
148845696,39,0,0.4826924502849579,0
148845907,39,0,0.47803881764411926,0
148845909,39,0,0.49717235565185547,0
148847277,39,0,0.42456552386283875,0
148847495,39,0,0.48249340057373047,0
148847511,39,0,0.47332093119621277,0
148847516,39,0,0.43311434984207153,0
148847719,39,0,0.4555268883705139,0
148847729,39,0,0.48629939556121826,0
148847738,39,0,0.4387519955635071,0
148847746,39,0,0.4879320561885834,0
148847751,39,0,0.42588531970977783,0
148847757,39,0,0.4346067011356354,0
148847760,39,0,0.41541072726249695,0
148847766,39,0,0.4662262797355652,0
148847772,39,0,0.45952102541923523,0
148847776,39,0,0.41515710949897766,0
148847783,39,0,0.42437517642974854,0
148847791,39,0,0.44271743297576904,0
148847797,39,0,0.5209829211235046,0
148847802,39,0,0.5057694315910339,0
148849217,39,0,0.40458807349205017,0
148849226,39,0,0.41219592094421387,0
148849253,39,0,0.5316283702850342,0
148849276,39,0,0.4116523861885071,0
148849528,39,0,0.4197283983230591,0
148849532,39,0,0.4408324062824249,0
148849789,39,0,0.42921873927116394,0
148849989,39,0,0.45990225672721863,0
148850207,39,0,0.4509528577327728,0
148850213,39,0,0.45337215065956116,0
148850220,39,0,0.4658746123313904,0
148850403,39,0,0.5224841237068176,0
148850410,39,0,0.43906494975090027,0
148850425,39,0,0.5010389089584351,0
148850433,39,0,0.44068971276283264,0
148850625,39,0,0.45862263441085815,0
148850662,39,0,0.42939651012420654,0
148850670,39,0,0.41185125708580017,0
148850890,39,0,0.5029112100601196,0
148850893,39,0,0.533471941947937,0
148851798,39,0,0.5629082322120667,0
148851806,39,0,0.4447622001171112,0
148852054,39,0,0.4987691044807434,0
148852182,39,0,0.4242146909236908,0
148852286,39,0,0.4131527841091156,0
148852292,39,0,0.43948277831077576,0
148852394,39,0,0.4908003807067871,0
148852400,39,0,0.4630165696144104,0
148852478,39,0,0.5025168061256409,0
148852485,39,0,0.43804532289505005,0
148852579,39,0,0.4456290304660797,0
148854300,39,0,0.5001817345619202,0
148854456,39,0,0.4283711016178131,0
148854538,39,0,0.49687886238098145,0
148854546,39,0,0.40701234340667725,0
148854549,39,0,0.5298432111740112,0
148854554,39,0,0.4437599778175354,0
148854559,39,0,0.41775423288345337,0
148857514,39,0,0.3352211117744446,0
148857937,39,0,0.5207431316375732,0
148857948,39,0,0.4460538327693939,0
148857969,39,0,0.44364264607429504,0
148859827,39,0,0.33777332305908203,0
148860009,39,0,0.3796073794364929,0
148860038,39,0,0.3690181076526642,0
148860424,39,0,0.36187422275543213,0
148861092,39,0,0.32693159580230713,0
148861809,39,0,0.4869406223297119,0
148863481,39,0,0.5162914991378784,0
148863745,39,0,0.44783151149749756,0
148863756,39,0,0.4652434289455414,0
148863771,39,0,0.5019057393074036,0
148863776,39,0,0.5057529211044312,0
148864043,39,0,0.42938897013664246,0
148864243,39,0,0.3381997346878052,0
148864245,39,0,0.39649543166160583,0
148864796,39,0,0.5180586576461792,0
148864800,39,0,0.4874659776687622,0
148864802,39,0,0.45307213068008423,0
148867642,39,0,5.048116236139322e-06,0
148870987,39,0,0.0001333417894784361,0
148881439,39,1,0.7030321955680847,1
148886495,39,0,0.8591541647911072,1
148887174,39,0,0.8564568758010864,1
148892351,39,0,0.36167439818382263,0
149127367,39,1,0.9049662351608276,1
149127368,39,1,0.9106926918029785,1
149129137,39,1,0.9258266687393188,1
149129504,39,1,0.922008216381073,1
149130813,39,1,0.869805634021759,1
149133653,39,1,0.9255470037460327,1
149134780,39,0,0.6705839037895203,1
149134785,39,0,0.666374146938324,0
149134786,39,1,0.8699690699577332,1
149136914,39,1,0.7994107007980347,1
149137272,39,0,0.5056013464927673,0
149138176,39,1,0.8390882015228271,1
149141236,39,0,0.3501277267932892,0
149141241,39,0,0.3500837981700897,0
149141685,39,0,0.5026241540908813,0
149141687,39,0,0.33445730805397034,0
149142368,39,0,0.52047199010849,0
149143123,39,0,0.34450003504753113,0
149143543,39,0,0.3311766982078552,0
149144099,39,0,0.34888818860054016,0
149144836,39,0,0.7785545587539673,1
149144930,39,0,0.4413006007671356,0
149145257,39,0,0.33439314365386963,0
149145534,39,0,0.7167889475822449,1
149145544,39,0,0.3497418761253357,0
149145644,39,0,0.29181188344955444,0
149145660,39,0,0.3571741580963135,0
149146581,39,0,0.5963324308395386,0
149146859,39,0,0.3832138776779175,0
149147165,39,0,0.3881166875362396,0
149147366,39,0,0.338972270488739,0
149148222,39,0,0.3180978000164032,0
149149225,39,0,0.4399595260620117,0
149149252,39,0,0.28900325298309326,0
149149308,39,0,0.29812565445899963,0
149149499,39,0,0.4396894574165344,0
149152472,39,0,0.3611591160297394,0
149153021,39,0,0.3043801188468933,0
149153540,39,0,0.4133058786392212,0
149153543,39,0,0.38365861773490906,0
149154428,39,0,0.34909549355506897,0
149154533,39,0,0.7787759900093079,1
149154713,39,0,0.379648894071579,0
149154717,39,0,0.4283578097820282,0
149154721,39,0,0.8312010169029236,1
149154841,39,0,0.8918976783752441,1
149156610,39,0,0.42173025012016296,0
149156780,39,0,0.39845168590545654,0
149157468,39,0,0.4010854959487915,0
149157473,39,0,0.39425551891326904,0
149157475,39,0,0.4238375425338745,0
149157549,39,0,0.8395714163780212,1
149157885,39,0,0.9238200783729553,1
149157890,39,0,0.7473806142807007,1
149157913,39,0,0.41469255089759827,0
149157916,39,0,0.7298831343650818,1
149158077,39,0,0.3333916962146759,0
149158079,39,0,0.783603847026825,1
149158419,39,0,0.7915037870407104,1
149158704,39,0,0.8352273106575012,1
149158766,39,0,0.002076058881357312,0
149158775,39,0,0.3841260075569153,0
149158779,39,0,0.4677761495113373,0
149158782,39,0,0.29406028985977173,0
149159027,39,0,0.3775409460067749,0
149159034,39,0,0.3475799262523651,0
149159040,39,0,0.4161859452724457,0
149159056,39,0,0.39459365606307983,0
149159379,39,0,0.44691532850265503,0
149159400,39,0,0.3809744715690613,0
149159419,39,0,0.4261065423488617,0
149159420,39,0,0.34505099058151245,0
149159427,39,0,0.42902064323425293,0
149159429,39,0,0.3204343020915985,0
149159646,39,0,0.3660838007926941,0
149159892,39,0,0.3744490444660187,0
149159898,39,0,0.4301561713218689,0
149159900,39,0,0.419114887714386,0
149159922,39,0,0.5844622850418091,0
149160215,39,0,0.4261447489261627,0
149160216,39,0,0.30597078800201416,0
149160223,39,0,0.42573243379592896,0
149160225,39,0,0.5305912494659424,0
149160231,39,0,0.577058732509613,0
149160551,39,0,0.596393883228302,0
149160552,39,0,0.40017005801200867,0
149160558,39,0,0.30362313985824585,0
149161130,39,0,0.7449401617050171,1
149161343,39,0,0.9995819926261902,1
149161349,39,0,0.32468506693840027,0
149161606,39,0,0.5742378830909729,0
149161627,39,0,0.5184044241905212,0
149161642,39,1,0.9999363422393799,1
149161646,39,0,0.7499648928642273,1
149161656,39,0,0.8025760054588318,1
149161658,39,0,0.38369718194007874,0
149161668,39,0,0.7615024447441101,1
149161688,39,0,0.8381786346435547,1
149161853,39,0,0.7410071492195129,1
149161859,39,0,0.6684131026268005,0
149161874,39,0,0.34760475158691406,0
149161879,39,0,0.6000020503997803,0
149161925,39,0,0.47692960500717163,0
149162144,39,0,0.4617336094379425,0
149162476,39,0,0.5825266242027283,0
149162480,39,0,0.4875355064868927,0
149163057,39,1,0.8890146613121033,1
149167406,39,0,0.32398101687431335,0
149167747,39,0,0.36462560296058655,0
149167759,39,0,0.4628613293170929,0
149168096,39,0,0.5495283007621765,0
149168097,39,0,0.40263602137565613,0
149168099,39,0,0.3706115782260895,0
149180560,39,0,0.3584335148334503,0
149182410,39,0,0.43998315930366516,0
149182416,39,0,0.4425643980503082,0
149182418,39,0,0.4436495006084442,0
149182610,39,0,0.4247131049633026,0
149182616,39,0,0.4581890106201172,0
149182868,39,0,0.4367270767688751,0
149182874,39,0,0.42139995098114014,0
149182998,39,0,0.565855860710144,0
149184521,39,0,0.45779889822006226,0
149184527,39,0,0.4383079707622528,0
149184531,39,0,0.47104448080062866,0
149184534,39,0,0.42251670360565186,0
149184536,39,0,0.4757447838783264,0
149184543,39,0,0.4055435359477997,0
149184852,39,0,0.4627334177494049,0
149184853,39,0,0.538531482219696,0
149184867,39,0,0.5001452565193176,0
149185296,39,0,0.4345341920852661,0
149185303,39,0,0.5200941562652588,0
149185308,39,0,0.49169260263442993,0
149185311,39,0,0.4431174099445343,0
149185574,39,0,0.4806956350803375,0
149186550,39,0,0.452951043844223,0
149186557,39,0,0.5235010385513306,0
149194772,39,0,0.4351876676082611,0
149194782,39,0,0.5481389760971069,0
149194813,39,0,0.43512845039367676,0
149206109,39,0,0.551478922367096,0
149206442,39,0,0.43525466322898865,0
149235590,39,0,0.37294769287109375,0
149239379,39,0,0.35121285915374756,0
149247215,39,0,0.4270569682121277,0
149545531,39,0,0.7172248959541321,1
149547729,39,0,0.8685860633850098,1
149550709,39,0,0.36566731333732605,0
149554273,39,0,0.7323458790779114,1
149554286,39,0,0.7365381121635437,1
149554287,39,0,0.3705575168132782,0
149554553,39,0,0.6704539060592651,1
149554557,39,0,0.7356453537940979,1
149554720,39,0,0.7837397456169128,1
149555693,39,0,0.5616891384124756,0
149556040,39,0,0.3316340744495392,0
149556734,39,0,0.3493618369102478,0
149556776,39,0,0.356096088886261,0
149556924,39,0,0.34783992171287537,0
149556981,39,0,0.33913442492485046,0
149560434,39,0,0.5782181024551392,0
149566791,39,0,0.8686440587043762,1
149566798,39,0,0.6098572611808777,0
149566960,39,0,0.7205094695091248,1
149566964,39,0,0.7438708543777466,1
149567145,39,0,0.7397269010543823,1
149567146,39,0,0.7880902886390686,1
149567173,39,0,0.8433396816253662,1
149567175,39,0,0.8040768504142761,1
149567177,39,0,0.8978959321975708,1
149567178,39,0,0.7644151449203491,1
149567348,39,0,0.6215721964836121,0
149567349,39,0,0.8968985676765442,1
149567350,39,0,0.8227182626724243,1
149567351,39,0,0.7953774929046631,1
149567352,39,0,0.7804327011108398,1
149567353,39,0,0.7301768660545349,1
149567355,39,0,0.8908564448356628,1
149567357,39,0,0.8389745354652405,1
149567358,39,0,0.7544665932655334,1
149567360,39,0,0.7013760805130005,1
149567361,39,0,0.8416993618011475,1
149567365,39,0,0.853607177734375,1
149567366,39,0,0.8332431316375732,1
149567368,39,0,0.8786203265190125,1
149567373,39,0,0.7742197513580322,1
149567381,39,0,0.477313369512558,0
149567382,39,0,0.7214972376823425,1
149567385,39,0,0.9228799939155579,1
149567605,39,0,0.7007739543914795,1
149567836,39,0,0.5097013711929321,0
149567839,39,0,0.7462424635887146,1
149567862,39,0,0.5235294699668884,0
149568051,39,0,0.560711145401001,0
149568452,39,0,0.5118650197982788,0
149568664,39,0,0.8025365471839905,1
149569098,39,0,0.00527239590883255,0
149569105,39,0,0.4569242298603058,0
149569112,39,0,0.584527313709259,0
149569356,39,0,0.3530397415161133,0
149569363,39,0,0.4273935854434967,0
149569447,39,0,0.5788513422012329,0
149569449,39,0,0.39701759815216064,0
149569586,39,0,0.3645365238189697,0
149569587,39,0,0.4653768837451935,0
149569589,39,0,0.4165908396244049,0
149570217,39,0,0.4763554334640503,0
149570228,39,0,0.35917431116104126,0
149570245,39,0,0.6024426817893982,0
149570295,39,0,0.3644757568836212,0
149570718,39,0,0.3816455006599426,0
149570732,39,0,0.8831325173377991,1
149570733,39,0,0.7836775779724121,1
149570735,39,0,0.45856747031211853,0
149570736,39,0,0.7252938151359558,1
149570739,39,0,0.8257974982261658,1
149570741,39,0,0.8736829161643982,1
149570742,39,0,0.8635023832321167,1
149570743,39,0,0.8643339276313782,1
149571659,39,0,0.6038119196891785,0
149571669,39,0,0.5820021033287048,0
149572322,39,0,0.5972144603729248,0
149574863,39,0,0.34084635972976685,0
149575082,39,0,0.40807899832725525,0
149575269,39,0,0.3744828701019287,0
149575523,39,0,0.3962669372558594,0
149575529,39,0,0.41747403144836426,0
149575708,39,0,0.3952619433403015,0
149575718,39,0,0.410645455121994,0
149576538,39,0,0.3858860433101654,0
149576866,39,0,0.8095176219940186,1
149577477,39,0,0.7709916234016418,1
149578568,39,0,0.298221617937088,0
149579623,39,0,0.5117512345314026,0
149581022,39,0,0.28448882699012756,0
149581500,39,0,0.36708173155784607,0
149582234,39,0,0.36378213763237,0
149583032,39,0,0.3250819146633148,0
149583447,39,0,0.43825486302375793,0
149583464,39,0,0.4441463351249695,0
149583508,39,0,0.3397531807422638,0
149583899,39,0,0.35239481925964355,0
149585277,39,0,0.8164700865745544,1
149585998,39,0,0.3486080765724182,0
149587469,39,0,0.27181506156921387,0
149588181,39,0,0.8567859530448914,1
149590943,39,0,0.9075347781181335,1
149596030,39,0,0.4221087694168091,0
149596203,39,0,0.43030184507369995,0
149596405,39,0,0.4182366728782654,0
149596407,39,0,0.4383585453033447,0
149596410,39,0,0.4222884476184845,0
149596415,39,0,0.5221099853515625,0
149596432,39,0,0.4881610870361328,0
149605448,39,0,0.34225550293922424,0
149605643,39,0,0.4308704435825348,0
149605800,39,0,0.3778935372829437,0
149605802,39,0,0.8057457804679871,1
149605861,39,0,0.8023157119750977,1
149605863,39,1,0.8130260109901428,1
149605864,39,0,0.7149540781974792,1
149627692,39,0,0.4251043498516083,0
149627694,39,0,0.5073010921478271,0
149627699,39,0,0.45947372913360596,0
149627773,39,0,0.42975741624832153,0
149627922,39,0,0.42745131254196167,0
149627934,39,0,0.441364586353302,0
149627944,39,0,0.4300382435321808,0
149628144,39,0,0.44133836030960083,0
149628196,39,0,0.4113267660140991,0
149628339,39,0,0.4193148910999298,0
149635859,39,0,0.8279237747192383,1
149636003,39,0,0.9058874249458313,1
149642525,39,0,0.3583090901374817,0
149662178,39,1,0.8520716428756714,1
149686262,39,0,0.8661624193191528,1
149687787,39,0,0.8614948391914368,1
149691707,39,0,0.30266350507736206,0
149691712,39,0,0.002966152271255851,0
149697841,39,0,0.40560105443000793,0
149697870,39,0,0.42198166251182556,0
149698018,39,0,0.46045470237731934,0
149698020,39,0,0.4197382926940918,0
149698196,39,0,0.5208303928375244,0
149698204,39,0,0.5052890777587891,0
149698379,39,0,0.4268588423728943,0
149698578,39,0,0.48859703540802,0
149698582,39,0,0.5184162259101868,0
149698741,39,0,0.46654635667800903,0
149698759,39,0,0.4886154234409332,0
149699871,39,0,0.11306978762149811,0
149701842,39,0,0.43111976981163025,0
149701845,39,0,0.501812756061554,0
149702077,39,0,0.5335298180580139,0
149702534,39,0,0.3256745934486389,0
149702721,39,0,0.4744326174259186,0
149702838,39,0,0.5700403451919556,0
149704411,39,0,0.4862116575241089,0
149704414,39,0,0.424699991941452,0
149704419,39,0,0.5122970342636108,0
149704421,39,0,0.4997694492340088,0
149704787,39,0,0.5435722470283508,0
149704952,39,0,0.4285505414009094,0
149705064,39,0,0.46151456236839294,0
149705190,39,0,0.4396854341030121,0
149705268,39,0,0.5079846978187561,0
149705272,39,0,0.4504919648170471,0
149705279,39,0,0.4417080283164978,0
149705288,39,0,0.4884292483329773,0
149705536,39,0,0.4449790418148041,0
149705540,39,0,0.4348849952220917,0
149705552,39,0,0.5107842087745667,0
149705556,39,0,0.44657614827156067,0
149705600,39,0,0.4888608753681183,0
149705605,39,0,0.3516921401023865,0
149705613,39,0,0.4133448004722595,0
149705617,39,0,0.43945592641830444,0
149705621,39,0,0.47085702419281006,0
149707492,39,0,0.36137670278549194,0
149707497,39,0,0.4459677040576935,0
149707545,39,0,0.5120647549629211,0
149707731,39,0,0.4215210974216461,0
149707987,39,0,0.41276538372039795,0
149708968,39,0,0.42354702949523926,0
149709242,39,0,0.4370221197605133,0
149709253,39,0,0.4342474341392517,0
149709788,39,0,0.47208648920059204,0
149709792,39,0,0.4369218349456787,0
149709793,39,0,0.4053891897201538,0
149709797,39,0,0.42785337567329407,0
149709818,39,0,0.444889098405838,0
149710201,39,0,0.44403329491615295,0
149710202,39,0,0.4344889223575592,0
149710296,39,0,0.4232061207294464,0
149710436,39,0,0.4397714138031006,0
149710438,39,0,0.4322601854801178,0
149710443,39,0,0.4886651635169983,0
149710449,39,0,0.44703489542007446,0
149712634,39,0,0.4571226239204407,0
149714324,39,0,0.462275892496109,0
149751920,39,0,0.3985593914985657,0
149751923,39,0,0.40791353583335876,0
149753094,39,0,0.42191997170448303,0
149753097,39,0,0.41728946566581726,0
149753103,39,0,0.42346593737602234,0
149753105,39,0,0.4075244963169098,0
149753108,39,0,0.4489692151546478,0
149753117,39,0,0.4005395174026489,0
149753120,39,0,0.39807072281837463,0
149753123,39,0,0.4010840058326721,0
149753125,39,0,0.42342156171798706,0
149753128,39,0,0.40153560042381287,0
149753132,39,0,0.4083825349807739,0
149753138,39,0,0.40468743443489075,0
149753139,39,0,0.42399778962135315,0
149753141,39,0,0.41589686274528503,0
149753145,39,0,0.40173348784446716,0
149753147,39,0,0.4122540354728699,0
149753151,39,0,0.36431220173835754,0
149762345,39,0,0.3834848403930664,0
149762982,39,1,0.9023040533065796,1
149763077,39,0,0.7091152667999268,1
149763387,39,0,0.7319599390029907,1
149774188,39,0,0.878986656665802,1
149774409,39,0,0.775354266166687,1
149785207,39,0,0.8781496286392212,1
149785359,39,0,0.7301543951034546,1
149785404,39,0,0.7264203429222107,1
149796884,39,0,0.6497945189476013,0
149798110,39,0,0.6959189176559448,1
149798246,39,0,0.8811929821968079,1
149798422,39,0,0.7897946238517761,1
149798584,39,1,0.8742987513542175,1
149823959,39,0,0.42602673172950745,0
149833120,39,0,0.38643524050712585,0
149833420,39,0,0.6535696387290955,0
150020105,39,0,0.7520139813423157,1
150020258,39,0,0.5989126563072205,0
150020701,39,0,0.41371485590934753,0
150020806,39,0,0.6977730989456177,1
150280422,39,0,0.36238929629325867,0
150403732,39,0,0.8446081876754761,1
150413125,39,1,0.9154147505760193,1
150413127,39,1,0.9154940843582153,1
150413143,39,1,0.8602235913276672,1
150413145,39,1,0.8603007197380066,1
150434526,39,0,0.3626314401626587,0
150839443,39,0,0.6941187977790833,1
150866550,39,0,0.8394848704338074,1
151183340,39,0,0.8507513999938965,1
151187053,39,1,0.9668874144554138,1
151187057,39,1,0.8938561677932739,1
151190824,39,0,0.417862206697464,0
151190965,39,1,0.9067144989967346,1
151192199,39,0,0.5996334552764893,0
151192648,39,1,0.5783248543739319,0
151192988,39,0,0.736544132232666,1
151193187,39,0,0.7254951596260071,1
151193455,39,1,0.7901971340179443,1
151193805,39,0,0.5740562081336975,0
151195593,39,1,0.9551994204521179,1
151200839,39,0,0.7747573852539062,1
151200842,39,0,0.4611450135707855,0
151200845,39,0,0.35465696454048157,0
151200949,39,0,0.7041833400726318,1
151200952,39,0,0.42700982093811035,0
151200956,39,0,0.6516203880310059,0
151202385,39,0,0.4436894655227661,0
151202411,39,0,0.5513688325881958,0
151203481,39,0,0.6280484199523926,0
151203489,39,0,0.6520916819572449,0
151203504,39,0,0.6735923290252686,1
151206980,39,1,0.8498426079750061,1
151210131,39,0,0.6115087866783142,0
151211046,39,1,0.8926666378974915,1
151211053,39,0,0.472005695104599,0
151217551,39,0,0.8436869978904724,1
151217554,39,0,0.8576774001121521,1
151222468,39,0,0.39476487040519714,0
151222478,39,0,0.9346438646316528,1
151223098,39,0,0.8642035722732544,1
151223380,39,0,0.926325261592865,1
151223769,39,0,0.6869198679924011,1
151223773,39,0,0.7870240211486816,1
151224076,39,0,0.8700670599937439,1
151224724,39,0,0.8333714008331299,1
151224732,39,0,0.8214037418365479,1
151227267,39,1,0.9998589754104614,1
151227324,39,0,0.49636411666870117,0
151227879,39,0,0.3138529062271118,0
151227881,39,0,0.4374280273914337,0
151228201,39,0,0.2910497188568115,0
151229968,39,0,0.8842936754226685,1
151229972,39,0,0.7011024355888367,1
151229975,39,0,0.8999900817871094,1
151230204,39,0,0.7745938301086426,1
151235261,39,0,0.9067600965499878,1
151237618,39,0,0.5713233351707458,0
151238012,39,0,0.5943596363067627,0
151249246,39,0,0.8050178289413452,1
151249253,39,0,0.6639674305915833,0
151249264,39,0,0.3912048935890198,0
151249353,39,0,0.41667741537094116,0
151249374,39,0,0.7526571750640869,1
151258418,39,0,0.7728877067565918,1
151259051,39,0,0.5341554284095764,0
151264192,39,0,0.8911210298538208,1
151264194,39,0,0.8132978081703186,1
151564883,39,0,0.46554651856422424,0
151599761,39,1,0.8200973272323608,1
151752242,39,1,0.8469255566596985,1
151769971,39,0,0.43874821066856384,0
151776575,39,0,0.5967646241188049,0
152162148,39,0,0.6308305263519287,0
152340559,39,0,0.8256390690803528,1
152342510,39,0,0.6702945828437805,1
152359024,39,1,0.906654953956604,1
152359025,39,1,0.7885377407073975,1
152361795,39,0,0.46300750970840454,0
152616724,39,0,0.4567914605140686,0
152650997,39,0,0.47775089740753174,0
152702148,39,0,0.4368424117565155,0
153191075,39,0,0.44856852293014526,0
153487492,39,0,0.6459234356880188,0
154678900,39,0,0.3918960988521576,0
155508771,39,0,0.5574980974197388,0
156747392,39,0,0.7182576060295105,1
157183994,39,0,0.7345387935638428,1
158222858,39,0,0.7453492879867554,1
160054606,39,0,0.6033124327659607,0
161393791,39,1,0.935203492641449,1
161397347,39,1,0.9004095792770386,1
161397569,39,1,0.9005333781242371,1
161398548,39,1,0.8855798244476318,1
161399330,39,1,0.934942901134491,1
161400021,39,1,0.868585467338562,1
161400964,39,1,0.9005154967308044,1
161406701,39,1,0.9370210766792297,1
161409781,39,0,0.6919807195663452,1
161412045,39,1,0.9330416321754456,1
161414170,39,1,0.8859869837760925,1
161424042,39,1,0.9329907894134521,1
161441715,39,0,0.4071698784828186,0
161475428,39,0,0.7528225183486938,1
161486159,39,0,0.9092330932617188,1
161490270,39,0,0.8299572467803955,1
161583948,39,0,0.6742547154426575,1
161584194,39,0,0.6024703979492188,0
162419259,39,1,0.902236819267273,1
162421885,39,1,0.9023400545120239,1
162424040,39,1,0.9567235708236694,1
162424200,39,1,0.9333856105804443,1
162424247,39,1,0.8343039155006409,1
162425208,39,0,0.6900222897529602,1
162428632,39,1,0.8250200152397156,1
162433829,39,1,0.9314078092575073,1
162434060,39,0,0.646897554397583,0
162434525,39,0,0.3659914433956146,0
162434531,39,0,0.3693917691707611,0
162434599,39,0,0.5883949995040894,0
162435482,39,1,0.932808518409729,1
162435501,39,0,0.47322168946266174,0
162435684,39,0,0.6865503191947937,1
162437519,39,1,0.932823121547699,1
162438319,39,1,0.9328062534332275,1
162438330,39,0,0.3943696618080139,0
162451117,39,0,0.41690438985824585,0
162514393,39,0,0.6287381649017334,0
172562,40,0,0.21768583357334137,0
797419,40,0,0.33281561732292175,0
880825,40,0,0.36348679661750793,0
886996,40,0,0.4490881860256195,0
905123,40,0,0.38113507628440857,0
924065,40,0,0.30635544657707214,0
1255894,40,0,0.5936351418495178,0
1255910,40,0,0.38544896245002747,0
1261936,40,0,0.36826813220977783,0
1338889,40,0,0.27669575810432434,0
1342246,40,0,0.27476128935813904,0
1343295,40,0,0.41003599762916565,0
1347516,40,0,0.38830554485321045,0
1351021,40,0,0.30518728494644165,0
1351110,40,0,0.1245989128947258,0
2393072,40,1,0.9043651223182678,1
3279974,40,0,0.3776216506958008,0
3426501,40,0,0.4428441822528839,0
3814678,40,0,0.4495932459831238,0
3814868,40,0,0.44168198108673096,0
3814914,40,0,0.30320772528648376,0
4105224,40,0,0.1845090687274933,0
4261635,40,0,0.10199569910764694,0
4669579,40,0,0.41612157225608826,0
4823515,40,0,0.41707178950309753,0
4860461,40,0,0.4765110909938812,0
6046631,40,0,0.3219398856163025,0
6076330,40,0,0.37787336111068726,0
6245395,40,1,0.9951373934745789,1
6266706,40,0,0.43671178817749023,0
6851025,40,0,0.6142860054969788,0
6951204,40,0,0.4486892819404602,0
6960653,40,0,0.4216466546058655,0
6975200,40,0,0.4917610287666321,0
6978169,40,0,0.42852845788002014,0
6978671,40,0,0.7007102966308594,1
6978672,40,0,0.5479156970977783,0
6978676,40,0,0.26826369762420654,0
6978680,40,0,0.2589149475097656,0
6979086,40,0,0.3349972367286682,0
6979416,40,0,0.3811788856983185,0
6979648,40,0,0.3199816048145294,0
6979658,40,0,0.3138238787651062,0
6979659,40,0,0.3888711631298065,0
6989909,40,0,0.3651365041732788,0
7244429,40,0,0.7468162775039673,1
7590514,40,0,0.4777110517024994,0
7658107,40,0,0.3712421953678131,0
7817123,40,0,0.8268452286720276,1
7951563,40,0,0.44426438212394714,0
7951587,40,0,0.03890645503997803,0
7952088,40,0,0.46478381752967834,0
7952092,40,0,0.17712940275669098,0
7952270,40,0,0.3353615999221802,0
7952321,40,0,0.268179714679718,0
7952333,40,0,0.43833354115486145,0
7952929,40,0,0.3935568630695343,0
7952945,40,0,0.39910420775413513,0
7971077,40,0,0.3432219624519348,0
9014737,40,0,0.5860626697540283,0
9015009,40,0,0.32822591066360474,0
9015011,40,0,0.33621588349342346,0
9138283,40,0,0.450277179479599,0
9534486,40,0,0.3822552263736725,0
9904238,40,0,0.08897460252046585,0
9969789,40,0,0.43627941608428955,0
10178929,40,0,0.2996167540550232,0
10178973,40,0,0.39889246225357056,0
10247466,40,0,0.3048476576805115,0
12117243,40,0,0.062152814120054245,0
12462446,40,0,0.38740116357803345,0
12843031,40,0,0.40536803007125854,0
13344762,40,0,0.09046667814254761,0
13425690,40,0,0.7420499920845032,1
13909471,40,0,0.2816781997680664,0
13916444,40,0,0.40592527389526367,0
14193907,40,0,0.4406389594078064,0
14393317,40,0,0.42893174290657043,0
14544722,40,0,0.24984833598136902,0
15689800,40,0,0.321250855922699,0
16812328,40,0,0.5660544037818909,0
16838611,40,0,0.09175724536180496,0
17290276,40,0,0.4169851243495941,0
17290351,40,0,0.2700522840023041,0
17890509,40,0,0.416073203086853,0
17932049,40,0,0.16917313635349274,0
18018237,40,0,0.3077499270439148,0
18864639,40,0,0.3312036097049713,0
19229484,40,0,0.4311429262161255,0
19263569,40,0,0.613264799118042,0
19357391,40,0,0.8634647130966187,1
19603231,40,0,0.3206954598426819,0
19675050,40,0,0.6431023478507996,0
19754896,40,0,0.6853557825088501,1
19801917,40,0,0.4933103322982788,0
21004667,40,0,0.30662640929222107,0
21021259,40,0,0.6381218433380127,0
22502070,40,0,0.35276564955711365,0
22649404,40,0,0.4507824182510376,0
23344692,40,0,0.5281593203544617,0
24704981,40,0,0.352167010307312,0
26240495,40,0,0.8264517188072205,1
27282455,40,0,0.1904306262731552,0
27331982,40,0,0.2984716296195984,0
27558167,40,0,0.4292704463005066,0
27558169,40,0,0.08805122971534729,0
27558289,40,0,0.688678503036499,1
27558298,40,0,0.5139843225479126,0
27558306,40,0,0.34586963057518005,0
27558494,40,0,0.540216863155365,0
27559060,40,0,0.7506093978881836,1
27607815,40,0,0.6505981087684631,0
27765489,40,0,0.40693914890289307,0
27973222,40,0,0.3270564079284668,0
27998088,40,0,0.1836063265800476,0
28021032,40,0,0.44101792573928833,0
28476932,40,0,0.6943918466567993,1
28547465,40,0,0.06602683663368225,0
28951670,40,0,0.3343794047832489,0
29185909,40,0,0.3265620172023773,0
29316477,40,0,0.3897368311882019,0
30075078,40,0,0.3416628837585449,0
31168385,40,1,0.9819424748420715,1
31466191,40,0,0.5253683924674988,0
32498112,40,1,0.903659999370575,1
32498113,40,1,0.9457067251205444,1
32910001,40,0,0.32713404297828674,0
34234759,40,0,0.7521944642066956,1
34331034,40,0,0.36964964866638184,0
34500205,40,0,0.38503751158714294,0
34751094,40,0,0.8910428285598755,1
34879458,40,0,0.24156974256038666,0
36095108,40,0,0.529462456703186,0
36284710,40,0,0.40614938735961914,0
36338162,40,0,0.3615059554576874,0
36717437,40,0,0.3329484164714813,0
36725599,40,0,0.4954336881637573,0
36729548,40,0,0.48057126998901367,0
36838022,40,0,0.11493581533432007,0
36866037,40,0,0.8219324350357056,1
36901000,40,0,0.7055519223213196,1
36901002,40,0,0.8051257133483887,1
36971478,40,0,0.18237969279289246,0
37520166,40,0,0.3528730571269989,0
37704327,40,0,0.4239214360713959,0
37791816,40,0,0.6428953409194946,0
38821430,40,0,0.3566267788410187,0
39954788,40,0,0.2568480670452118,0
40709181,40,0,0.149366557598114,0
41846555,40,0,0.38281700015068054,0
44940541,40,0,0.8234320878982544,1
45002057,40,1,0.8917354345321655,1
45430166,40,0,0.6942899227142334,1
45431903,40,0,0.2812011241912842,0
45432364,40,0,0.3804251551628113,0
45432747,40,1,0.7940784096717834,1
45476204,40,0,0.35073766112327576,0
46162256,40,0,0.8978407979011536,1
46230282,40,0,0.037505123764276505,0
46319000,40,0,0.7104623317718506,1
46325611,40,0,0.12984496355056763,0
46328058,40,0,0.8748885989189148,1
46329512,40,0,0.5199860334396362,0
46329514,40,0,0.3373771011829376,0
47367360,40,0,0.3737523853778839,0
47590952,40,1,0.9405513405799866,1
47755806,40,0,0.39713603258132935,0
47777535,40,0,0.30023396015167236,0
47929412,40,0,0.4214452803134918,0
47930947,40,0,0.39369288086891174,0
47931493,40,0,0.5752610564231873,0
48010230,40,0,0.7968727946281433,1
48670415,40,0,0.32545945048332214,0
49432738,40,0,0.5408250093460083,0
49505906,40,0,0.42328551411628723,0
49505954,40,0,0.5236965417861938,0
49506981,40,0,0.3946150243282318,0
49508518,40,0,0.29175040125846863,0
49717542,40,0,0.4937076270580292,0
51621542,40,0,0.40298235416412354,0
52291382,40,0,0.4712372422218323,0
52293551,40,0,0.34430915117263794,0
52307362,40,0,0.36395522952079773,0
52309847,40,0,0.25771111249923706,0
52311679,40,0,0.30144256353378296,0
53252875,40,0,0.3184785544872284,0
53406347,40,0,0.2552223801612854,0
53862689,40,0,0.30516594648361206,0
54141153,40,0,0.31739556789398193,0
55137075,40,0,0.5430485010147095,0
56719909,40,0,0.6269335746765137,0
56781540,40,0,0.5504084825515747,0
57091000,40,0,0.40941959619522095,0
57228978,40,0,0.39040085673332214,0
59376666,40,0,0.7480646967887878,1
59376668,40,0,0.7005482316017151,1
59998756,40,0,0.7303028106689453,1
60985498,40,0,0.34538155794143677,0
61189627,40,0,0.6300605535507202,0
62458720,40,0,0.3408258259296417,0
62898276,40,0,0.5420534014701843,0
63071445,40,1,0.53291255235672,0
63683376,40,0,0.6094512939453125,0
64400854,40,0,0.32945001125335693,0
66411922,40,0,0.4257237911224365,0
67195920,40,0,0.32587265968322754,0
67196010,40,0,0.7570011019706726,1
67196205,40,0,0.3267078995704651,0
67196725,40,0,0.32536718249320984,0
67390627,40,0,0.8110257387161255,1
67533631,40,0,0.33554941415786743,0
67774824,40,0,0.2951168715953827,0
68337049,40,0,0.3716340959072113,0
70364893,40,0,0.2593446373939514,0
72246251,40,0,0.7571223974227905,1
74105751,40,0,0.4701541066169739,0
74108125,40,0,0.5452879071235657,0
75723181,40,0,0.4108521342277527,0
76202814,40,0,0.3532985746860504,0
76257189,40,0,0.3482600748538971,0
76258823,40,0,0.5615596175193787,0
77194240,40,0,0.3842052221298218,0
77485715,40,0,0.18756148219108582,0
77997482,40,0,0.31256839632987976,0
78065983,40,1,0.2493971884250641,0
78551177,40,0,0.08301586657762527,0
79269156,40,0,0.786162793636322,1
80579048,40,0,0.20677082240581512,0
80587765,40,0,0.2937280535697937,0
80598123,40,0,0.2038503885269165,0
80609980,40,0,0.17590759694576263,0
80664766,40,0,0.12655463814735413,0
80666995,40,0,0.16864946484565735,0
80668138,40,0,0.26390931010246277,0
80668142,40,0,0.2292139232158661,0
80972279,40,0,0.29824286699295044,0
81025289,40,0,0.21232682466506958,0
81332231,40,0,0.43778112530708313,0
81352829,40,0,0.27078744769096375,0
81353312,40,0,0.23812487721443176,0
81394448,40,0,0.3498062193393707,0
81396275,40,0,0.21245341002941132,0
81401933,40,0,0.1766486018896103,0
83029144,40,0,0.40338775515556335,0
84045292,40,0,0.2011776864528656,0
84169886,40,0,0.3223000764846802,0
84626897,40,0,0.87359619140625,1
84823318,40,0,0.3597465455532074,0
84887530,40,0,0.4873362183570862,0
85001791,40,1,0.8957604169845581,1
85777812,40,0,0.35259178280830383,0
86045485,40,0,0.3479287922382355,0
86462407,40,0,0.14154557883739471,0
86500037,40,0,0.3445536196231842,0
86656021,40,1,0.8921257257461548,1
87031793,40,0,0.40326225757598877,0
87034564,40,0,0.8984518051147461,1
87185274,40,0,0.3372054100036621,0
87189033,40,0,0.21339038014411926,0
87189041,40,0,0.3614773452281952,0
87192208,40,0,0.5852668285369873,0
87253392,40,0,0.1986212283372879,0
87265797,40,0,0.40967288613319397,0
87579114,40,0,0.7622383832931519,1
88047464,40,0,0.38406434655189514,0
88100245,40,0,0.3662312924861908,0
88628542,40,0,0.5046720504760742,0
88642839,40,0,0.0829324945807457,0
89034204,40,0,0.44991737604141235,0
90548787,40,0,0.4640533924102783,0
90639662,40,0,0.8036527633666992,1
90640249,40,0,0.33151787519454956,0
90640293,40,0,0.31532832980155945,0
91179671,40,0,0.3623202443122864,0
91454748,40,0,0.3824301064014435,0
91766194,40,0,0.4364078938961029,0
92734991,40,0,0.679428219795227,1
93331428,40,0,0.472055584192276,0
94542699,40,0,0.3661189675331116,0
94636584,40,0,0.3043293356895447,0
95047190,40,0,0.5444983243942261,0
95143863,40,0,0.2295345962047577,0
95793133,40,0,0.3258291482925415,0
95960009,40,0,0.3051376938819885,0
96056238,40,0,0.3407242000102997,0
96057658,40,0,0.3049013614654541,0
96242910,40,0,0.7258164882659912,1
96254943,40,0,0.3817477822303772,0
96254996,40,0,0.3556128442287445,0
96255480,40,0,0.3124668002128601,0
96255506,40,0,0.2983914017677307,0
96256375,40,0,0.3677060008049011,0
96256414,40,0,0.32316163182258606,0
96256421,40,0,0.6819892525672913,1
96256777,40,0,0.33151939511299133,0
96256781,40,0,0.3349725306034088,0
96256789,40,0,0.8510426878929138,1
96257955,40,0,0.35448041558265686,0
96258274,40,0,0.3140834867954254,0
96258738,40,0,0.2941458821296692,0
96259706,40,0,0.3964919149875641,0
96260067,40,0,0.8561747074127197,1
96260827,40,0,0.09687264263629913,0
96261183,40,1,0.8471251130104065,1
96261185,40,0,0.5809817314147949,0
96261189,40,1,0.9816750884056091,1
96261194,40,1,0.9870367050170898,1
96261684,40,1,0.9877279996871948,1
96262516,40,0,0.6320059299468994,0
96264624,40,0,0.11818788200616837,0
96295586,40,0,0.5630987882614136,0
96295947,40,1,0.8239039182662964,1
96297994,40,0,0.48558515310287476,0
96298259,40,0,0.40477728843688965,0
96300185,40,0,0.336239218711853,0
96300732,40,0,0.5480039119720459,0
96301468,40,1,0.6785162687301636,1
96301553,40,0,0.84769606590271,1
96301558,40,0,0.8521612286567688,1
96301561,40,0,0.8334210515022278,1
96301568,40,0,0.8017090559005737,1
96301773,40,0,0.3682258129119873,0
96301783,40,0,0.5551120638847351,0
96301969,40,0,0.5369767546653748,0
96301970,40,0,0.33383262157440186,0
96301988,40,0,0.8227463364601135,1
96302406,40,0,0.7042261362075806,1
96302407,40,0,0.438927561044693,0
96302410,40,0,0.906696081161499,1
96302536,40,0,0.581661581993103,0
96302544,40,0,0.5340352654457092,0
96302545,40,0,0.7175532579421997,1
96302549,40,0,0.7189385294914246,1
96304661,40,0,0.19990025460720062,0
96304812,40,0,0.2755572199821472,0
96304815,40,0,0.25405892729759216,0
96305134,40,0,0.3941706418991089,0
96311795,40,0,0.33639052510261536,0
96311806,40,0,0.6710912585258484,1
96312180,40,0,0.48544156551361084,0
96312183,40,0,0.5331770181655884,0
96317642,40,0,0.5929862856864929,0
96318703,40,0,0.3277978003025055,0
96318989,40,0,0.6355811357498169,0
96319696,40,0,0.40844836831092834,0
96319936,40,0,0.4466560482978821,0
96320585,40,0,0.28333747386932373,0
96558348,40,0,0.15106236934661865,0
96558511,40,0,0.5104137063026428,0
96558514,40,0,0.430340439081192,0
96558885,40,0,0.30373868346214294,0
96558934,40,0,0.493267297744751,0
96558938,40,0,0.5820780396461487,0
96558942,40,0,0.5263463258743286,0
96558945,40,0,0.31471988558769226,0
96559214,40,0,0.3287590742111206,0
96562112,40,0,9.785023576114327e-05,0
96562675,40,0,0.3071456253528595,0
96562963,40,0,0.34365394711494446,0
96562968,40,0,0.3337550759315491,0
96563306,40,0,0.29757916927337646,0
96563984,40,0,0.32188042998313904,0
96563988,40,0,0.33484578132629395,0
96564437,40,0,0.39674779772758484,0
96564667,40,0,0.3433823883533478,0
96564682,40,0,0.5377491116523743,0
96564952,40,0,0.32911574840545654,0
96564983,40,0,0.32596665620803833,0
96564990,40,0,0.3374447822570801,0
96565250,40,0,0.31415998935699463,0
96565582,40,0,0.36753031611442566,0
96565661,40,0,0.33023738861083984,0
96565685,40,0,0.30576092004776,0
96565689,40,0,0.328721284866333,0
96565828,40,0,0.40600502490997314,0
96565839,40,0,0.44958728551864624,0
96566387,40,0,0.3365599811077118,0
96566391,40,0,0.3240310549736023,0
96566398,40,0,0.30573517084121704,0
96566499,40,0,0.32729682326316833,0
96567159,40,0,0.2573315501213074,0
96567170,40,0,0.3303442895412445,0
96567176,40,0,0.3540630340576172,0
96567189,40,0,0.3101557493209839,0
96567464,40,0,0.6920730471611023,1
96567719,40,0,0.669956386089325,0
96567720,40,0,0.5344620943069458,0
96568211,40,0,0.2780032455921173,0
96568341,40,0,0.7014554738998413,1
96568345,40,0,0.4106852412223816,0
96568492,40,0,0.5369597673416138,0
96568656,40,0,0.3882989287376404,0
96568911,40,0,0.31945887207984924,0
96568915,40,0,0.3830282986164093,0
96569043,40,0,0.301385760307312,0
96569050,40,0,0.5560828447341919,0
96569163,40,0,0.3304615318775177,0
96569266,40,0,0.18659581243991852,0
96569403,40,0,0.22010000050067902,0
96569544,40,1,0.6960388422012329,1
96569547,40,1,0.9110708236694336,1
96569550,40,1,0.9074689149856567,1
96569551,40,1,0.9097311496734619,1
96569553,40,1,0.9045379161834717,1
96570110,40,0,0.1192343533039093,0
96570116,40,0,0.3515678942203522,0
96570123,40,0,0.6662180423736572,0
96570124,40,0,0.6771199703216553,1
96570527,40,1,0.947836697101593,1
96570531,40,0,0.11425244063138962,0
96571178,40,0,0.295898973941803,0
96571183,40,0,0.640470564365387,0
96571185,40,0,0.6504915952682495,0
96571186,40,0,0.6834377646446228,1
96571497,40,0,0.38353830575942993,0
96571507,40,0,0.6940976977348328,1
96571509,40,0,0.1162472516298294,0
96571518,40,0,0.8543959259986877,1
96574884,40,0,0.2030792236328125,0
96576022,40,0,0.13791167736053467,0
96577132,40,0,0.8039743304252625,1
96577996,40,0,0.3734988570213318,0
96578001,40,0,0.3439505398273468,0
96578042,40,0,0.6774668097496033,1
96578048,40,0,0.7345065474510193,1
96578733,40,0,0.5023444294929504,0
96578735,40,0,0.4607391655445099,0
96579303,40,0,0.7649086713790894,1
96579449,40,0,0.1906891018152237,0
96580204,40,1,0.42282116413116455,0
96580278,40,0,0.794063150882721,1
96580289,40,0,0.5111966133117676,0
96580297,40,1,0.6009591221809387,0
96580298,40,1,0.8547270894050598,1
96580300,40,0,0.826492965221405,1
96580305,40,0,0.89111328125,1
96580987,40,0,0.606074869632721,0
96580998,40,0,0.3600442707538605,0
96581586,40,1,0.7561709880828857,1
96581589,40,1,0.8603654503822327,1
96582546,40,0,0.8360981941223145,1
96582588,40,0,0.5745290517807007,0
96582865,40,0,0.7344054579734802,1
96582924,40,0,0.8765872716903687,1
96583455,40,0,0.5721098184585571,0
96583653,40,0,0.774692714214325,1
96583654,40,0,0.8524237275123596,1
96583770,40,0,0.8444281816482544,1
96583785,40,0,0.8559259176254272,1
96583997,40,0,0.36161813139915466,0
96584148,40,0,0.4869784414768219,0
96584303,40,0,0.8828816413879395,1
96584663,40,0,0.43253767490386963,0
96584824,40,0,0.30261504650115967,0
96584826,40,0,0.6033868789672852,0
96584828,40,0,0.36838704347610474,0
96584834,40,0,0.38524720072746277,0
96584835,40,0,0.5429650545120239,0
96584836,40,0,0.3508196175098419,0
96584837,40,0,0.8043447732925415,1
96584844,40,0,0.7330425977706909,1
96584846,40,0,0.7604095935821533,1
96584847,40,0,0.6176111698150635,0
96584848,40,0,0.8928767442703247,1
96584852,40,0,0.38420113921165466,0
96584896,40,0,0.37812861800193787,0
96584900,40,0,0.35059070587158203,0
96585090,40,0,0.7596859335899353,1
96585092,40,0,0.32402005791664124,0
96589021,40,0,0.25041282176971436,0
96591382,40,0,0.40045836567878723,0
96592211,40,0,0.2261839210987091,0
96592855,40,0,0.39782461524009705,0
96594944,40,0,0.7167784571647644,1
96594947,40,0,0.648462176322937,0
96594954,40,0,0.7187591791152954,1
96595215,40,0,0.7423060536384583,1
96595239,40,0,0.7270147800445557,1
96595496,40,0,0.37568268179893494,0
96595589,40,0,0.7264196872711182,1
96595711,40,0,0.3843441903591156,0
96596603,40,0,0.04965021833777428,0
96596928,40,0,0.20600181818008423,0
96596931,40,0,0.27895358204841614,0
96610478,40,0,0.5470097661018372,0
96615220,40,0,0.8831523060798645,1
96617062,40,0,0.7541437149047852,1
96621541,40,0,0.497548371553421,0
96642764,40,0,0.5403184294700623,0
96645694,40,0,0.5687716007232666,0
96646659,40,0,0.7528305649757385,1
96651531,40,0,0.21035978198051453,0
96653243,40,0,0.32417765259742737,0
96653769,40,0,0.8353755474090576,1
96654838,40,0,0.37419602274894714,0
96654950,40,0,0.371294766664505,0
96655080,40,0,0.3817966878414154,0
96655169,40,0,0.41322818398475647,0
96655943,40,0,0.4145820438861847,0
96656242,40,0,0.37812140583992004,0
96658368,40,0,0.39472949504852295,0
96658618,40,0,0.39887669682502747,0
96658650,40,0,0.0031776512041687965,0
96661157,40,0,0.39618751406669617,0
96664519,40,0,0.3365049362182617,0
96666459,40,0,0.2790433466434479,0
96674330,40,0,0.8296864628791809,1
96674597,40,0,0.7396708130836487,1
96674599,40,0,0.4867824912071228,0
96674605,40,0,0.8075568079948425,1
96675147,40,0,0.42364302277565,0
96681128,40,0,0.4180835783481598,0
96681131,40,0,0.2816126048564911,0
96681142,40,0,0.7785806059837341,1
96690352,40,0,0.044643204659223557,0
96703683,40,0,0.360516220331192,0
96704304,40,0,0.6545274257659912,0
96704448,40,0,0.3590981066226959,0
96705380,40,0,0.8307732343673706,1
96705793,40,0,0.3169228732585907,0
96706402,40,0,0.20412972569465637,0
96923963,40,0,0.2935500741004944,0
96924240,40,1,0.9141867756843567,1
96924242,40,1,0.8611961603164673,1
96924252,40,1,0.9594483971595764,1
96925114,40,1,0.9454416632652283,1
96925121,40,1,0.8983182311058044,1
96925332,40,1,0.9081189632415771,1
96925342,40,1,0.8767025470733643,1
96925593,40,1,0.8133658766746521,1
96926546,40,1,0.9042396545410156,1
96927272,40,1,0.8134638071060181,1
96928060,40,0,0.8029240369796753,1
96928334,40,1,0.9106772541999817,1
96928352,40,1,0.9047370553016663,1
96928354,40,0,0.6811469793319702,1
96929263,40,1,0.9005470871925354,1
96929269,40,0,0.35467252135276794,0
96929850,40,1,0.907989501953125,1
96930118,40,1,0.9493889212608337,1
96930221,40,0,0.3435649871826172,0
96930234,40,0,0.3054059147834778,0
96930818,40,0,0.605816662311554,0
96930820,40,0,0.3617733418941498,0
96930821,40,0,0.4292016923427582,0
96930825,40,0,0.4021083116531372,0
96930826,40,0,0.8113325834274292,1
96930827,40,0,0.6213673949241638,0
96930828,40,0,0.32285580039024353,0
96930864,40,0,0.7221003174781799,1
96930873,40,0,0.6473485231399536,0
96931071,40,0,0.4478159248828888,0
96931073,40,0,0.37077486515045166,0
96931078,40,0,0.3718411922454834,0
96931079,40,0,0.8318315744400024,1
96931088,40,0,0.8795895576477051,1
96931098,40,0,0.3817114233970642,0
96931670,40,0,0.6108800768852234,0
96931897,40,0,0.3757794499397278,0
96931899,40,0,0.8627457618713379,1
96932182,40,0,0.3292328715324402,0
96932184,40,0,0.44945141673088074,0
96932187,40,0,0.9424346685409546,1
96932189,40,0,0.31074070930480957,0
96932437,40,0,0.3092552125453949,0
96932440,40,0,0.32749566435813904,0
96932441,40,0,0.36564964056015015,0
96932442,40,0,0.34479570388793945,0
96932445,40,0,0.5088819265365601,0
96932447,40,0,0.31914323568344116,0
96932449,40,0,0.36236974596977234,0
96932456,40,0,0.29101458191871643,0
96932460,40,0,0.43479835987091064,0
96932462,40,0,0.35616448521614075,0
96932471,40,0,0.4003640115261078,0
96932479,40,0,0.31260305643081665,0
96932674,40,0,0.2872471809387207,0
96933301,40,0,0.3675621449947357,0
96933830,40,0,0.3901214003562927,0
96934139,40,0,0.232211172580719,0
96934403,40,0,0.9444071650505066,1
96934681,40,1,0.9590680003166199,1
96936902,40,0,1.554100526846014e-05,0
96938644,40,0,0.7624244093894958,1
96939140,40,1,0.8899486660957336,1
96939408,40,1,0.96169114112854,1
96939427,40,1,0.9238801002502441,1
96939966,40,1,0.9080010652542114,1
96940886,40,0,0.357771635055542,0
96941147,40,0,0.36116403341293335,0
96942259,40,0,0.29522696137428284,0
96942810,40,0,0.3339230716228485,0
96943473,40,0,0.8856300115585327,1
96944071,40,0,0.7509278655052185,1
96944106,40,0,0.32570695877075195,0
96944115,40,0,0.3426257073879242,0
96945447,40,0,0.36242789030075073,0
96946114,40,0,0.37794363498687744,0
96947649,40,0,0.31373244524002075,0
96948070,40,0,0.7886728048324585,1
96948080,40,0,0.8244985938072205,1
96948089,40,0,0.4238707423210144,0
96948093,40,0,0.4682510495185852,0
96948103,40,0,0.3061598241329193,0
96948361,40,0,0.2953549325466156,0
96948889,40,0,0.3353630006313324,0
96949700,40,0,0.6807500123977661,1
96949768,40,0,0.5740262866020203,0
96949997,40,0,0.5856125354766846,0
96950018,40,0,0.7204853296279907,1
96950113,40,0,0.4840894639492035,0
96950252,40,0,0.3097982406616211,0
96950545,40,0,0.3336959183216095,0
96950550,40,0,0.44006672501564026,0
96950560,40,0,0.2860490381717682,0
96950566,40,0,0.30770352482795715,0
96950572,40,0,0.29253482818603516,0
96950584,40,0,0.31410229206085205,0
96950625,40,0,0.3861996829509735,0
96951086,40,0,0.3645809292793274,0
96951304,40,0,0.7010373473167419,1
96951550,40,0,0.3836130201816559,0
96951800,40,0,0.7646159529685974,1
96952671,40,0,0.3632575571537018,0
96952919,40,0,0.6754380464553833,1
96953111,40,0,0.33995190262794495,0
96953133,40,0,0.45497259497642517,0
96953674,40,0,0.31936243176460266,0
96953903,40,0,0.3624328374862671,0
96953921,40,0,0.8662028312683105,1
96954175,40,0,0.33986803889274597,0
96954444,40,0,0.6894028186798096,1
96954594,40,0,0.38224631547927856,0
96954603,40,0,0.28399085998535156,0
96954607,40,0,0.43599453568458557,0
96955560,40,0,0.3703135550022125,0
96955866,40,0,0.33653825521469116,0
96956127,40,0,0.6821823120117188,1
96956384,40,0,0.33547598123550415,0
96956708,40,0,0.2865011394023895,0
96957287,40,0,0.3446238338947296,0
96957299,40,0,0.30962470173835754,0
96957326,40,1,0.9099251627922058,1
96957328,40,1,0.7411348223686218,1
96957336,40,1,0.8804554343223572,1
96958759,40,0,0.4746071398258209,0
96958874,40,1,0.9872742891311646,1
96959542,40,1,0.9297711253166199,1
96959547,40,0,0.3664071261882782,0
96959863,40,1,0.8117954730987549,1
96960021,40,0,0.5555639863014221,0
96960278,40,0,0.7017233967781067,1
96960281,40,0,0.7303529977798462,1
96961445,40,0,0.13346542418003082,0
96961708,40,0,0.23410558700561523,0
96961846,40,0,0.377756804227829,0
96962483,40,0,0.5485080480575562,0
96963043,40,0,0.7218089699745178,1
96963337,40,0,0.7244316339492798,1
96963538,40,0,0.32564467191696167,0
96966495,40,0,0.2514510452747345,0
96966752,40,0,0.8208529949188232,1
96967821,40,0,0.6428235769271851,0
96969003,40,0,0.7036388516426086,1
96969543,40,0,0.8112751841545105,1
96969757,40,0,0.6903929710388184,1
96972133,40,0,0.1832067370414734,0
96972846,40,0,0.3711492419242859,0
96973727,40,0,0.7858952879905701,1
96973980,40,0,0.6256053447723389,0
96973987,40,0,0.4395584762096405,0
96975033,40,1,0.8974802494049072,1
96976090,40,0,0.5040487051010132,0
96976740,40,0,0.6851920485496521,1
96979667,40,0,0.4559425115585327,0
96982052,40,0,0.10705985128879547,0
96982775,40,0,0.44402390718460083,0
96983187,40,0,0.2728577256202698,0
96984383,40,0,0.13729077577590942,0
96985766,40,0,0.8589603900909424,1
96985951,40,0,0.7915975451469421,1
96988124,40,0,0.24542704224586487,0
96990197,40,1,0.8311886787414551,1
96992804,40,1,0.7651846408843994,1
96995131,40,0,0.47017332911491394,0
96995426,40,1,0.5196185111999512,0
96995895,40,0,0.8714863061904907,1
96995902,40,0,0.8339282274246216,1
96996773,40,0,0.8386108875274658,1
96996777,40,0,0.3073340058326721,0
96996789,40,0,0.7959305644035339,1
96997093,40,0,0.6244063377380371,0
96997102,40,0,0.4993045926094055,0
96998407,40,0,0.5673896670341492,0
96998626,40,0,0.47091037034988403,0
97002531,40,0,0.4201420247554779,0
97002533,40,0,0.41022610664367676,0
97002535,40,0,0.4226566553115845,0
97002542,40,0,0.5718346238136292,0
97002808,40,0,0.14534780383110046,0
97003361,40,0,0.37531986832618713,0
97003366,40,0,0.34106287360191345,0
97003450,40,0,0.3793024718761444,0
97004022,40,0,0.8788978457450867,1
97004064,40,0,0.21492578089237213,0
97004104,40,0,0.6204874515533447,0
97004112,40,0,0.3039618134498596,0
97004399,40,0,0.4069816470146179,0
97004775,40,0,0.25444382429122925,0
97011545,40,1,0.1662176102399826,0
97011985,40,0,0.4854533076286316,0
97013836,40,1,0.8438871502876282,1
97013839,40,0,0.8191589117050171,1
97014328,40,0,0.344115287065506,0
97015625,40,0,0.7360038161277771,1
97015630,40,0,0.1977953016757965,0
97018898,40,0,0.36628013849258423,0
97018904,40,0,0.5514467358589172,0
97018930,40,0,0.6800622344017029,1
97018952,40,0,0.6055279970169067,0
97019089,40,0,0.7779688835144043,1
97019093,40,0,0.48023635149002075,0
97019109,40,0,0.382436603307724,0
97020043,40,1,0.6161092519760132,0
97021355,40,1,0.6089662909507751,0
97021579,40,1,0.8686491250991821,1
97022739,40,0,0.8401120901107788,1
97022757,40,0,0.619884192943573,0
97022760,40,0,0.7758669257164001,1
97022904,40,0,0.7935365438461304,1
97023225,40,0,0.8830126523971558,1
97023499,40,0,0.7391512989997864,1
97023505,40,0,0.2460324764251709,0
97023790,40,0,0.4493024945259094,0
97024065,40,0,0.5838007926940918,0
97024067,40,0,0.7270141243934631,1
97024228,40,0,0.7278928160667419,1
97024232,40,0,0.84543377161026,1
97024529,40,0,0.2690785229206085,0
97024534,40,0,0.7048967480659485,1
97024542,40,0,0.3285753130912781,0
97024543,40,0,0.7868178486824036,1
97024544,40,0,0.9160699248313904,1
97024546,40,0,0.6682589054107666,0
97025225,40,0,0.8653872609138489,1
97025233,40,0,0.33056914806365967,0
97025238,40,0,0.7583034038543701,1
97025241,40,0,0.4989628791809082,0
97025312,40,0,0.2844771146774292,0
97025320,40,0,0.3349508047103882,0
97025470,40,0,0.5839468836784363,0
97025490,40,0,0.567308247089386,0
97025799,40,0,0.8017704486846924,1
97025802,40,0,0.5571157932281494,0
97025823,40,0,0.20300711691379547,0
97025844,40,0,0.35836061835289,0
97026873,40,0,0.4324125051498413,0
97027134,40,0,0.8390949368476868,1
97027340,40,0,0.3469063639640808,0
97027342,40,0,0.3173563480377197,0
97027381,40,0,0.40755054354667664,0
97027622,40,0,0.5286123752593994,0
97027625,40,0,0.6840977668762207,1
97027631,40,0,0.618925929069519,0
97027788,40,0,0.3990439474582672,0
97027795,40,0,0.5566790103912354,0
97027797,40,0,0.4408457279205322,0
97027985,40,0,0.5158860683441162,0
97051125,40,0,0.1956830471754074,0
97051255,40,0,0.12014314532279968,0
97051907,40,0,0.31183671951293945,0
97051909,40,0,0.44890984892845154,0
97051927,40,0,0.45668044686317444,0
97055913,40,0,0.2536862790584564,0
97055918,40,0,0.19815179705619812,0
97061709,40,0,0.307456910610199,0
97061718,40,0,0.19942669570446014,0
97062198,40,0,0.8163252472877502,1
97062431,40,0,0.23305435478687286,0
97062436,40,0,0.4136824607849121,0
97066702,40,1,0.816297173500061,1
97066713,40,0,0.25779294967651367,0
97066970,40,0,0.3735169768333435,0
97068677,40,1,0.7616909742355347,1
97069017,40,1,0.6287552118301392,0
97069571,40,1,0.36406537890434265,0
97074096,40,0,0.3627457916736603,0
97076225,40,0,0.3182731866836548,0
97078552,40,0,0.20064760744571686,0
97081237,40,0,0.6916922926902771,1
97081246,40,0,0.5743705630302429,0
97081257,40,0,0.7239817976951599,1
97081261,40,0,0.4820140302181244,0
97081513,40,0,0.6042519211769104,0
97081539,40,0,0.6072074770927429,0
97081546,40,0,0.6700970530509949,1
97081550,40,0,0.6423256993293762,0
97081919,40,0,0.46670374274253845,0
97082697,40,0,0.5848879814147949,0
97087594,40,0,0.3777815103530884,0
97087598,40,0,0.8827562928199768,1
97088337,40,0,0.8297748565673828,1
97089155,40,0,0.7223613858222961,1
97089156,40,0,0.777687132358551,1
97089162,40,0,0.43812695145606995,0
97089300,40,0,0.6835532188415527,1
97095252,40,0,0.5111189484596252,0
97100221,40,0,0.5632554888725281,0
97100230,40,0,0.5577031970024109,0
97101991,40,0,0.3795335292816162,0
97103615,40,0,0.42115411162376404,0
97103628,40,0,0.421814501285553,0
97103630,40,0,0.445424348115921,0
97105496,40,0,0.3385991156101227,0
97105755,40,0,0.4465203285217285,0
97106399,40,0,0.3866066336631775,0
97107285,40,0,0.1797969937324524,0
97110883,40,0,0.518608570098877,0
97111900,40,0,0.7196288108825684,1
97114782,40,0,0.6077272891998291,0
97122951,40,0,0.5449044704437256,0
97123266,40,0,0.4525037109851837,0
97126633,40,0,0.41008442640304565,0
97127163,40,0,0.37118634581565857,0
97127168,40,0,0.37418925762176514,0
97132844,40,1,0.9502840638160706,1
97133123,40,1,0.9654366970062256,1
97133127,40,0,0.5229599475860596,0
97133836,40,1,0.9504820704460144,1
97134087,40,1,0.9556264281272888,1
97141211,40,1,0.853508710861206,1
97141252,40,1,0.9655655026435852,1
97145620,40,0,0.29793575406074524,0
97150814,40,0,0.3586438000202179,0
97184396,40,1,0.8182708024978638,1
97184411,40,0,0.8274698257446289,1
97184596,40,0,0.7401323318481445,1
97184869,40,0,0.5356736183166504,0
97185724,40,0,0.8328814506530762,1
97185809,40,0,0.9084969162940979,1
97185956,40,0,0.35179954767227173,0
97185966,40,0,0.7535078525543213,1
97186266,40,0,0.7381347417831421,1
97186283,40,0,0.42069011926651,0
97186543,40,0,0.6893377304077148,1
97188340,40,0,0.33304789662361145,0
97188343,40,0,0.49355390667915344,0
97188646,40,0,0.3746410310268402,0
97199833,40,0,0.45229408144950867,0
97206553,40,0,0.39098063111305237,0
97244271,40,1,0.6685359477996826,0
97387423,40,1,0.880752444267273,1
97387433,40,1,0.913726806640625,1
97388582,40,1,0.9400631189346313,1
97388607,40,0,0.2682311236858368,0
97389359,40,0,0.33741387724876404,0
97390415,40,0,0.7589028477668762,1
97390676,40,0,0.18825814127922058,0
97390680,40,0,0.7097888588905334,1
97391458,40,0,0.6693452596664429,0
97391785,40,0,0.34182611107826233,0
97391808,40,0,0.513980507850647,0
97392467,40,0,0.47421419620513916,0
97392828,40,0,0.38599732518196106,0
97393096,40,0,0.3782787621021271,0
97393220,40,0,0.3797469437122345,0
97393315,40,0,0.22880898416042328,0
97393541,40,0,0.23830969631671906,0
97395586,40,0,0.23328787088394165,0
97395877,40,0,0.17717939615249634,0
97396335,40,0,0.8954581618309021,1
97396614,40,0,0.19889777898788452,0
97397223,40,0,0.36081573367118835,0
97400869,40,0,0.22581718862056732,0
97401884,40,0,0.48114660382270813,0
97402313,40,0,0.48032814264297485,0
97403097,40,0,0.6646609902381897,0
97403284,40,0,0.5791265964508057,0
97403381,40,0,0.30164772272109985,0
97403688,40,0,0.6723581552505493,1
97403694,40,0,0.5630322694778442,0
97403881,40,0,0.7888563275337219,1
97404074,40,0,0.5991672873497009,0
97404081,40,1,0.1361381709575653,0
97404552,40,0,0.7569267749786377,1
97404610,40,0,0.7600180506706238,1
97405418,40,0,0.8316780924797058,1
97405579,40,0,0.8386403918266296,1
97405719,40,0,0.6224076151847839,0
97406092,40,0,0.3193262815475464,0
97407738,40,0,0.18207789957523346,0
97408808,40,0,0.568103551864624,0
97408827,40,1,0.5693760514259338,0
97408977,40,1,0.7875482439994812,1
97409997,40,0,0.3689393997192383,0
97421253,40,0,0.4281806945800781,0
97424124,40,0,0.6357749104499817,0
97424359,40,0,0.8494994044303894,1
97424365,40,0,0.3475046157836914,0
97424376,40,0,0.5974713563919067,0
97425476,40,0,0.6460446119308472,0
97430019,40,0,0.6228829026222229,0
97430122,40,0,0.5874060988426208,0
97430363,40,0,0.3840219974517822,0
97431326,40,0,0.42979079484939575,0
97439283,40,0,0.4021977484226227,0
97445088,40,0,0.8078356385231018,1
97481182,40,0,0.3033442497253418,0
97481191,40,0,0.7531626224517822,1
97485697,40,0,0.33852195739746094,0
97487318,40,0,0.5762354731559753,0
97488487,40,0,0.011327165178954601,0
97499027,40,0,0.20633424818515778,0
97500891,40,0,0.3469208776950836,0
97501177,40,0,0.8066616058349609,1
97502122,40,0,0.8890079855918884,1
97506379,40,0,0.3419565260410309,0
97678626,40,0,0.37417829036712646,0
97702028,40,1,0.9339644312858582,1
97702225,40,1,0.9397085309028625,1
97702228,40,1,0.9372348189353943,1
97702373,40,1,0.9293417930603027,1
97702586,40,0,0.6277016401290894,0
97702600,40,0,0.4441290497779846,0
97702602,40,0,0.25813233852386475,0
97707107,40,0,0.5601767301559448,0
97707448,40,0,0.6182219386100769,0
97708835,40,0,0.7090721726417542,1
97709964,40,0,0.3177051544189453,0
97710531,40,0,0.39610177278518677,0
97712499,40,0,0.12898235023021698,0
97712844,40,0,0.697422981262207,1
97713596,40,0,0.3335437476634979,0
97713612,40,0,0.3229619264602661,0
97714239,40,0,0.3426876962184906,0
97714242,40,0,0.291547566652298,0
97714492,40,0,0.6287078261375427,0
97714505,40,0,0.2483440786600113,0
97714855,40,0,0.40863969922065735,0
97714860,40,0,0.8877637982368469,1
97715914,40,0,0.665198802947998,0
97716158,40,1,0.8219387531280518,1
97716762,40,0,0.6734113693237305,1
97717236,40,1,0.9149681329727173,1
97718352,40,0,0.2066730409860611,0
97718359,40,0,0.33857399225234985,0
97718816,40,0,0.5747284889221191,0
97718831,40,0,0.3143009543418884,0
97718848,40,0,0.20534709095954895,0
97722486,40,0,0.7459320425987244,1
97724167,40,0,0.7770065665245056,1
97724668,40,0,0.8598631024360657,1
97724772,40,0,0.1889173835515976,0
97727467,40,0,0.42187872529029846,0
97727554,40,0,0.4207458198070526,0
97727557,40,0,0.4508102536201477,0
97727559,40,0,0.44216904044151306,0
97728947,40,0,0.42485684156417847,0
97729143,40,1,0.4029809534549713,0
97730088,40,0,0.12907689809799194,0
97731146,40,1,0.23857830464839935,0
97731388,40,0,0.5638583302497864,0
97732071,40,0,0.8089436292648315,1
97732178,40,0,0.817913293838501,1
97732181,40,0,0.8709600567817688,1
97732183,40,0,0.7768434286117554,1
97732189,40,0,0.7852797508239746,1
97732192,40,0,0.12272073328495026,0
97732194,40,0,0.6413049697875977,0
97732197,40,0,0.6712684035301208,1
97732254,40,0,0.8743686676025391,1
97732260,40,0,0.48729148507118225,0
97732600,40,0,0.7658630013465881,1
97732728,40,0,0.9047293663024902,1
97732737,40,0,0.3133985996246338,0
97732739,40,0,0.7463776469230652,1
97732977,40,0,0.3302263021469116,0
97733166,40,0,0.6817426681518555,1
97733169,40,0,0.8515117764472961,1
97733170,40,0,0.4589395821094513,0
97733182,40,0,0.5904537439346313,0
97733185,40,0,0.43770676851272583,0
97733193,40,0,0.5430563688278198,0
97733199,40,0,0.8523973226547241,1
97733201,40,0,0.4863980710506439,0
97735311,40,0,0.2540680766105652,0
97736494,40,0,0.18409650027751923,0
97737113,40,0,0.700574517250061,1
97738117,40,0,0.43054652214050293,0
97741696,40,0,0.5257807374000549,0
97741703,40,0,0.38442757725715637,0
97745607,40,0,0.5065186023712158,0
97751106,40,0,0.28108516335487366,0
97751140,40,0,0.6011938452720642,0
97751141,40,0,0.6331102252006531,0
97753556,40,0,0.413107305765152,0
97756937,40,0,0.3620055019855499,0
97757487,40,0,0.40709546208381653,0
97758241,40,0,0.12688452005386353,0
97758253,40,0,0.5420612096786499,0
97760414,40,0,0.6200096607208252,0
97760586,40,0,0.8758988976478577,1
97760589,40,0,0.931650698184967,1
97763578,40,0,0.5438457131385803,0
97764020,40,0,0.21494024991989136,0
97764023,40,0,0.45675233006477356,0
97764305,40,0,0.24907296895980835,0
97764394,40,0,0.4780081510543823,0
97764397,40,0,0.3084760904312134,0
97804176,40,1,0.8516257405281067,1
97804239,40,1,0.9542185664176941,1
97804696,40,1,0.851809561252594,1
97820647,40,1,0.9802188277244568,1
97822688,40,0,0.3397948443889618,0
97822909,40,0,0.2642473876476288,0
97824053,40,0,0.5230615735054016,0
97824492,40,0,0.32061630487442017,0
97824971,40,0,0.3574635982513428,0
97826173,40,0,0.2941150665283203,0
97826638,40,0,0.6941709518432617,1
97826912,40,0,0.32073554396629333,0
97827293,40,0,0.3557899296283722,0
97828035,40,0,0.35803455114364624,0
97828549,40,0,0.4284258782863617,0
97828838,40,0,0.31718575954437256,0
97830403,40,0,0.3165379762649536,0
97830644,40,0,0.7383376955986023,1
97833109,40,0,0.2679811716079712,0
97833121,40,0,0.5831506848335266,0
97833420,40,0,0.36214086413383484,0
97833534,40,0,0.324613094329834,0
97833814,40,0,0.2687661051750183,0
97833839,40,0,0.5662837624549866,0
97834420,40,0,0.30090224742889404,0
97834868,40,0,0.7666558027267456,1
97836072,40,0,0.7859982252120972,1
97836462,40,0,0.27913975715637207,0
97849403,40,0,0.847789466381073,1
97858320,40,0,0.41505640745162964,0
97887859,40,0,0.9163205623626709,1
97888626,40,0,0.8488844037055969,1
97907377,40,0,0.8871521949768066,1
97907385,40,0,0.8626682162284851,1
97916516,40,0,0.3649563491344452,0
97916717,40,0,0.7298943996429443,1
97916907,40,0,0.4423902928829193,0
97918106,40,0,0.36885666847229004,0
97920432,40,0,0.6061162948608398,0
97930500,40,0,0.8558883666992188,1
97930510,40,0,0.9504206776618958,1
97930880,40,0,0.8256691098213196,1
97931083,40,0,0.7335662245750427,1
97933782,40,0,0.7038601636886597,1
97938155,40,0,0.7896682620048523,1
97939634,40,0,0.6278741359710693,0
97976919,40,1,0.7116100192070007,1
97991428,40,0,0.6264892220497131,0
98031863,40,0,0.12427982687950134,0
98032245,40,1,0.7773529291152954,1
98032819,40,1,0.8268671035766602,1
98032886,40,1,0.8270004391670227,1
98033663,40,1,0.8820834159851074,1
98033945,40,1,0.9053235054016113,1
98034161,40,0,0.13043652474880219,0
98035241,40,0,0.6256155967712402,0
98035246,40,0,0.5295653939247131,0
98037436,40,0,0.382018119096756,0
98037917,40,0,0.37328100204467773,0
98038140,40,0,0.4827944040298462,0
98038334,40,0,0.3476073145866394,0
98038348,40,0,0.3130319118499756,0
98039539,40,0,0.2908939719200134,0
98039709,40,0,0.38498571515083313,0
98039713,40,0,0.3991747498512268,0
98039721,40,1,0.8943114876747131,1
98041728,40,0,0.5248352289199829,0
98042002,40,0,0.7100366950035095,1
98043019,40,0,0.761290967464447,1
98043517,40,0,0.6339578032493591,0
98044503,40,0,0.4712049961090088,0
98044863,40,0,0.7965090870857239,1
98045668,40,0,0.3047012388706207,0
98046936,40,0,0.7439427971839905,1
98047174,40,0,0.4046329855918884,0
98048827,40,0,0.35893315076828003,0
98054714,40,0,0.20792776346206665,0
98056376,40,0,0.9348821640014648,1
98056569,40,0,0.7319486737251282,1
98056823,40,0,0.19749198853969574,0
98056863,40,0,0.7579606175422668,1
98059174,40,0,0.4094277620315552,0
98059197,40,1,0.9332368969917297,1
98059757,40,0,0.26891425251960754,0
98059762,40,0,0.39622896909713745,0
98061737,40,0,0.7324156165122986,1
98062024,40,0,0.5243270397186279,0
98062436,40,1,0.9285558462142944,1
98062661,40,0,0.4069195091724396,0
98062684,40,0,0.41691404581069946,0
98062691,40,0,0.44567739963531494,0
98063047,40,0,0.5664113163948059,0
98065046,40,0,0.6635231971740723,0
98066463,40,0,0.4181065857410431,0
98066484,40,1,0.5729363560676575,0
98067916,40,0,0.5473222732543945,0
98068542,40,1,0.828400731086731,1
98070095,40,0,0.8801867961883545,1
98070867,40,0,0.7244428992271423,1
98070870,40,0,0.7651370763778687,1
98070881,40,0,0.7483209371566772,1
98070965,40,0,0.8223523497581482,1
98071166,40,0,0.5777449607849121,0
98071508,40,0,0.7714969515800476,1
98072232,40,0,0.17172065377235413,0
98072243,40,0,0.7131397128105164,1
98072844,40,0,0.3673553764820099,0
98073165,40,0,0.5155112743377686,0
98073174,40,0,0.8378089070320129,1
98073347,40,0,0.6680065393447876,0
98073507,40,0,0.6654657125473022,0
98073789,40,0,0.7795518636703491,1
98074770,40,0,0.6220148801803589,0
98074776,40,0,0.3143722414970398,0
98074796,40,0,0.8557982444763184,1
98076773,40,0,0.1802002191543579,0
98077839,40,0,0.39132460951805115,0
98079142,40,1,0.627274215221405,0
98079154,40,1,0.6488593220710754,0
98081886,40,0,0.34004509449005127,0
98083968,40,0,0.32391658425331116,0
98093140,40,0,0.3906388282775879,0
98097703,40,0,0.32381656765937805,0
98106756,40,0,0.4995160698890686,0
98107357,40,0,0.3843797445297241,0
98108469,40,0,0.3229842782020569,0
98109542,40,0,0.37945616245269775,0
98112023,40,0,0.518275797367096,0
98112106,40,0,0.569480836391449,0
98125789,40,0,0.3024722635746002,0
98143753,40,0,0.3412167727947235,0
98144008,40,0,0.24451033771038055,0
98161481,40,0,0.29925137758255005,0
98162429,40,0,0.637982189655304,0
98195222,40,0,0.0352301187813282,0
98221840,40,0,0.06384646892547607,0
98230927,40,0,0.04695294424891472,0
98236765,40,0,0.06428315490484238,0
98252967,40,0,0.008507021702826023,0
98273924,40,0,0.001891784486360848,0
98281471,40,0,0.06698499619960785,0
98419647,40,0,0.37749379873275757,0
98421333,40,0,0.3592744767665863,0
98544621,40,0,0.9299565553665161,1
98550982,40,0,0.3458462655544281,0
98551169,40,0,0.3380946218967438,0
98551628,40,0,0.7080178260803223,1
98551632,40,0,0.5768554210662842,0
98551851,40,0,0.3085896670818329,0
98552571,40,0,0.8120760917663574,1
98553668,40,0,0.4102458953857422,0
98568148,40,0,0.5221958160400391,0
98571753,40,0,0.7368723750114441,1
98588441,40,1,0.3719572126865387,0
98588512,40,0,0.3956798315048218,0
98592205,40,0,0.3771882653236389,0
98605556,40,0,0.18790635466575623,0
98605819,40,0,0.1556844860315323,0
98610045,40,0,0.005728067830204964,0
99018629,40,0,0.37902089953422546,0
99018664,40,0,0.16192637383937836,0
99053483,40,0,0.7189072370529175,1
99053493,40,0,0.5027920603752136,0
99053496,40,0,0.8529921770095825,1
99053539,40,0,0.40501976013183594,0
99115235,40,0,0.15529976785182953,0
99409352,40,0,0.46273693442344666,0
99654887,40,0,0.3376140296459198,0
99659463,40,0,0.8750759959220886,1
99673993,40,0,0.6222140789031982,0
99680113,40,0,0.7165457010269165,1
99690451,40,0,0.7337638735771179,1
99695619,40,0,0.3765993118286133,0
99697838,40,0,0.8357446193695068,1
99699200,40,0,0.48109757900238037,0
99702469,40,0,0.742275595664978,1
99709782,40,0,0.6863183379173279,1
99710431,40,0,0.6688773036003113,0
99712026,40,0,0.745494544506073,1
99732822,40,0,0.8345900177955627,1
99738580,40,0,0.8907909989356995,1
100135607,40,1,0.9233288764953613,1
100156998,40,0,0.734154999256134,1
100297870,40,0,0.6278077960014343,0
100678028,40,0,0.8469389081001282,1
101689297,40,0,0.20276601612567902,0
104077589,40,0,0.7739154696464539,1
104758336,40,0,0.31058430671691895,0
107782289,40,1,0.9002453088760376,1
107782865,40,1,0.8981779217720032,1
107782882,40,1,0.9006344079971313,1
107782941,40,0,0.3259716033935547,0
107784772,40,0,0.7371240854263306,1
107785982,40,0,0.4945092797279358,0
107787065,40,0,0.27856090664863586,0
107789140,40,0,0.33229348063468933,0
107797582,40,0,0.8180297613143921,1
107797828,40,0,0.705194354057312,1
107797867,40,0,0.7307637929916382,1
1813316,41,0,0.29914772510528564,0
4013194,41,0,0.5025501251220703,0
4298902,41,0,0.539615273475647,0
4893367,41,0,0.4704242944717407,0
4893369,41,0,0.4358201026916504,0
5070714,41,0,0.36905717849731445,0
5663491,41,0,0.4836657643318176,0
7007638,41,0,0.6378719210624695,0
7262578,41,0,0.3981640934944153,0
8823943,41,0,0.0693550556898117,0
9426022,41,0,0.25503408908843994,0
9550052,41,0,0.13829448819160461,0
9804891,41,0,0.3536398112773895,0
9874094,41,0,0.4566517174243927,0
10177639,41,0,0.6180675029754639,0
10695436,41,0,0.46561533212661743,0
11102652,41,0,0.08151602745056152,0
12077122,41,0,0.4549795985221863,0
12526269,41,0,0.5722700357437134,0
12655979,41,0,0.6818965077400208,1
12660505,41,0,0.7377990484237671,1
12660521,41,0,0.7141976356506348,1
12660542,41,0,0.4717216491699219,0
12660552,41,0,0.7591687440872192,1
12660562,41,0,0.40155085921287537,0
12660569,41,0,0.6347766518592834,0
12660594,41,0,0.9136386513710022,1
12660686,41,0,0.5712935924530029,0
12661060,41,1,0.9108654260635376,1
12661066,41,1,0.8633050322532654,1
12661075,41,1,0.6246370673179626,0
12661079,41,0,0.0745987594127655,0
12661081,41,1,0.7414687871932983,1
12661088,41,1,0.7441061735153198,1
12661090,41,1,0.8999433517456055,1
12661197,41,1,0.8982848525047302,1
12661223,41,1,0.9248613715171814,1
12661226,41,1,0.9482178092002869,1
12661305,41,1,0.923015832901001,1
12661353,41,1,0.6721444129943848,1
12661360,41,1,0.8367448449134827,1
12661384,41,1,0.9013219475746155,1
12661582,41,0,0.3235717713832855,0
12661589,41,0,0.3458482027053833,0
12661656,41,1,0.9126797914505005,1
12661741,41,0,0.8046159148216248,1
12661812,41,1,0.8655754923820496,1
12662223,41,1,0.9232409596443176,1
12662264,41,1,0.9200590252876282,1
12662269,41,1,0.8572670817375183,1
12662305,41,1,0.9212999939918518,1
12662327,41,1,0.9190541505813599,1
12662336,41,1,0.9003890752792358,1
12662481,41,0,0.4380796253681183,0
12662545,41,1,0.8640588521957397,1
12662607,41,1,0.8903389573097229,1
12662937,41,1,0.8981058597564697,1
12662961,41,0,0.04633770138025284,0
12662969,41,0,0.25512373447418213,0
12663023,41,1,0.8892762064933777,1
12663049,41,0,0.39153751730918884,0
12663055,41,0,0.32212600111961365,0
12663564,41,1,0.6544681787490845,0
12663585,41,0,0.474163681268692,0
12663782,41,1,0.8345712423324585,1
12663785,41,0,0.3762977123260498,0
12663816,41,0,0.03997353836894035,0
12663820,41,0,0.34089675545692444,0
12664247,41,1,0.7364835739135742,1
12664249,41,1,0.8870323300361633,1
12664310,41,0,0.5914628505706787,0
12664370,41,1,0.9163708090782166,1
12664435,41,0,0.5451499223709106,0
12664436,41,0,0.430507630109787,0
12664440,41,0,0.37124955654144287,0
12664483,41,1,0.9019414186477661,1
12665008,41,0,0.12956589460372925,0
12665048,41,0,0.1849723607301712,0
12665053,41,0,0.6939277052879333,1
12665054,41,0,0.46957993507385254,0
12665057,41,0,0.42382702231407166,0
12665059,41,0,0.3846574127674103,0
12665068,41,0,0.45622408390045166,0
12665070,41,0,0.4632954001426697,0
12665078,41,0,0.4663001000881195,0
12665079,41,0,0.623762845993042,0
12665084,41,1,0.38661354780197144,0
12665085,41,0,0.3876700699329376,0
12665092,41,0,0.377531498670578,0
12665096,41,0,0.3776794373989105,0
12665102,41,0,0.7089506983757019,1
12665108,41,0,0.4251769781112671,0
12665109,41,0,0.36900565028190613,0
12665114,41,0,0.3802741467952728,0
12665116,41,0,0.3217073082923889,0
12665120,41,0,0.47137126326560974,0
12665121,41,0,0.45889440178871155,0
12665123,41,0,0.3180164396762848,0
12665126,41,0,0.572615385055542,0
12665137,41,0,0.22322694957256317,0
12665139,41,0,0.7609338164329529,1
12665141,41,0,0.46722692251205444,0
12665145,41,0,0.14300037920475006,0
12665166,41,0,0.39332282543182373,0
12665168,41,0,0.42472898960113525,0
12665180,41,0,0.38532596826553345,0
12665239,41,1,0.9007545113563538,1
12665273,41,0,0.5037261247634888,0
12666158,41,1,0.8965835571289062,1
12666348,41,0,0.6922938227653503,1
12666353,41,0,0.4626159071922302,0
12666420,41,1,0.8976508378982544,1
12666461,41,0,0.42739516496658325,0
12666469,41,0,0.49373650550842285,0
12666840,41,0,0.914830207824707,1
12667003,41,0,0.430110901594162,0
12667009,41,0,0.4835681617259979,0
12667011,41,0,0.5363538265228271,0
12667014,41,0,0.5028062462806702,0
12667587,41,0,0.5962575078010559,0
12667591,41,0,0.8835826516151428,1
12667813,41,0,0.5539417862892151,0
12667822,41,0,0.35100117325782776,0
12668872,41,0,0.3063640594482422,0
12668877,41,0,0.14257989823818207,0
12668878,41,0,0.4349603056907654,0
12669334,41,0,0.07847294211387634,0
12670946,41,0,0.31899625062942505,0
12671002,41,0,0.4457490146160126,0
12672146,41,0,0.6348466873168945,0
12672200,41,0,0.33002808690071106,0
12672535,41,0,0.3865742087364197,0
12672817,41,0,0.47853994369506836,0
12672832,41,0,0.3662530183792114,0
12672833,41,0,0.3219628930091858,0
12672834,41,0,0.4680132567882538,0
12672854,41,0,0.3866047263145447,0
12672857,41,0,0.2798957824707031,0
12672859,41,0,0.5624293684959412,0
12672860,41,0,0.40686532855033875,0
12673136,41,1,0.8788180351257324,1
12673142,41,0,0.3702993094921112,0
12673168,41,0,0.2568894326686859,0
12673904,41,0,0.05711597576737404,0
12673975,41,0,0.25335535407066345,0
12674090,41,1,0.9133704304695129,1
12674681,41,0,0.6324108242988586,0
12674993,41,0,0.8273593187332153,1
12675011,41,0,0.3627852201461792,0
12675145,41,0,0.3650619685649872,0
12675153,41,0,0.3766339421272278,0
12676236,41,0,0.27115437388420105,0
12676336,41,0,0.31459903717041016,0
12676353,41,0,0.5565778017044067,0
12676355,41,0,0.8977075815200806,1
12676520,41,0,0.7447885870933533,1
12676677,41,0,0.4749123156070709,0
12676879,41,0,0.21595928072929382,0
12676885,41,0,0.1528942584991455,0
12676914,41,0,0.8847872614860535,1
12677032,41,0,0.8292338848114014,1
12677046,41,0,0.7202432751655579,1
12677058,41,0,0.6291992664337158,0
12677089,41,0,0.5186522603034973,0
12677096,41,0,0.48414701223373413,0
12677105,41,0,0.4587636888027191,0
12677107,41,0,0.4979754090309143,0
12677115,41,0,0.21900252997875214,0
12677126,41,0,0.38612017035484314,0
12677134,41,0,0.6811610460281372,1
12677176,41,0,0.7641968131065369,1
12677199,41,0,0.8318778276443481,1
12677208,41,0,0.42756325006484985,0
12677425,41,0,0.7896715998649597,1
12677438,41,0,0.5678025484085083,0
12677442,41,0,0.7599061727523804,1
12677477,41,0,0.8518434762954712,1
12677516,41,0,0.26234275102615356,0
12677556,41,0,0.7789030075073242,1
12678078,41,0,0.7346168756484985,1
12678082,41,0,0.563981831073761,0
12678083,41,0,0.8690764904022217,1
12678089,41,0,0.8666701912879944,1
12678093,41,0,0.8654005527496338,1
12678241,41,0,0.3827592432498932,0
12678247,41,0,0.886313796043396,1
12678295,41,0,0.8751251101493835,1
12678303,41,0,0.4979599118232727,0
12678323,41,0,0.42115122079849243,0
12678376,41,0,0.3688018023967743,0
12678396,41,0,0.8628396987915039,1
12678407,41,0,0.4675047695636749,0
12678438,41,0,0.7109897136688232,1
12678444,41,0,0.5039507746696472,0
12678451,41,0,0.7116718888282776,1
12678491,41,0,0.40256577730178833,0
12678503,41,0,0.7904419898986816,1
12678509,41,0,0.6386709213256836,0
12678558,41,0,0.6715347170829773,1
12678590,41,0,0.8010725378990173,1
12678621,41,0,0.6466367244720459,0
12678651,41,0,0.8236636519432068,1
12679222,41,0,0.3021514117717743,0
12679238,41,0,0.9000647664070129,1
12679250,41,0,0.7089772820472717,1
12679263,41,0,0.8491420149803162,1
12679274,41,0,0.5929037928581238,0
12679472,41,0,0.11393874883651733,0
12680193,41,0,0.5662679672241211,0
12680258,41,0,0.3223694860935211,0
12680754,41,0,0.3881022036075592,0
12681657,41,0,0.4325268268585205,0
12682010,41,0,0.7780115008354187,1
12682099,41,0,0.7443508505821228,1
12682410,41,0,0.44863367080688477,0
12682818,41,0,0.253445029258728,0
12682884,41,0,0.3021695613861084,0
12683134,41,0,0.45987027883529663,0
12683189,41,0,0.7087885737419128,1
12683561,41,0,0.7597287893295288,1
12683566,41,0,0.3403320014476776,0
12683567,41,0,0.7527410387992859,1
12683568,41,0,0.6476825475692749,0
12683571,41,0,0.6233748197555542,0
12683573,41,0,0.4625491499900818,0
12683574,41,0,0.7149829864501953,1
12683575,41,0,0.7565857768058777,1
12683689,41,0,0.7616006731987,1
12683692,41,0,0.5790512561798096,0
12683695,41,0,0.799119770526886,1
12683696,41,0,0.7972627282142639,1
12683698,41,0,0.7436860799789429,1
12683699,41,0,0.879996657371521,1
12683743,41,0,0.48924028873443604,0
12683752,41,0,0.7838626503944397,1
12683756,41,0,0.6348972320556641,0
12683760,41,0,0.6593585014343262,0
12683767,41,0,0.7247352600097656,1
12683768,41,0,0.8489140868186951,1
12683771,41,0,0.26647645235061646,0
12683774,41,0,0.37166067957878113,0
12683864,41,0,0.32763534784317017,0
12683921,41,0,0.47955596446990967,0
12684002,41,0,0.5523316264152527,0
12684008,41,0,0.3629904091358185,0
12684017,41,0,0.5764697790145874,0
12684118,41,0,0.43287193775177,0
12684127,41,0,0.41654276847839355,0
12684255,41,0,0.1742803007364273,0
12684816,41,0,0.39804109930992126,0
12685250,41,0,0.34417808055877686,0
12685641,41,0,0.271959125995636,0
12685812,41,0,0.5984845757484436,0
12685822,41,0,0.23299747705459595,0
12685827,41,0,0.6889352798461914,1
12685855,41,0,0.8047108054161072,1
12685942,41,0,0.32295575737953186,0
12686058,41,0,0.33687084913253784,0
12686376,41,0,0.750548243522644,1
12686407,41,0,0.38552671670913696,0
12686445,41,0,0.40101358294487,0
12686811,41,0,0.3882658779621124,0
12686813,41,0,0.8057860732078552,1
12686823,41,0,0.31494802236557007,0
12686885,41,0,0.562936007976532,0
12687037,41,0,0.782831609249115,1
12687044,41,0,0.6999281048774719,1
12687470,41,0,0.8688589334487915,1
12687951,41,0,0.6876737475395203,1
12688410,41,0,0.5468223690986633,0
12688415,41,0,0.9237836599349976,1
12688503,41,0,0.8785807490348816,1
12688530,41,0,0.5498715043067932,0
12688580,41,0,0.10688845068216324,0
12688624,41,0,0.5406074523925781,0
12688669,41,0,0.5463789701461792,0
12688678,41,0,0.43382537364959717,0
12688728,41,0,0.3653084933757782,0
12688733,41,0,0.4204864799976349,0
12688758,41,0,0.7984803915023804,1
12689232,41,0,0.6600043773651123,0
12689252,41,0,0.5256912708282471,0
12689558,41,0,0.771865725517273,1
12689609,41,0,0.7185997366905212,1
12689615,41,0,0.8196732997894287,1
12689616,41,0,0.8424413204193115,1
12689618,41,0,0.8726077675819397,1
12689621,41,0,0.8157520294189453,1
12689789,41,0,0.6886910200119019,1
12689991,41,0,0.8343441486358643,1
12690034,41,0,0.9055414199829102,1
12690040,41,0,0.9332016110420227,1
12690201,41,0,0.783906102180481,1
12690607,41,0,0.6688038110733032,0
12691078,41,0,0.0704624354839325,0
12691111,41,0,0.45125463604927063,0
12691943,41,0,0.39984700083732605,0
12692249,41,0,0.44607412815093994,0
12692685,41,0,0.7244961857795715,1
12692697,41,0,0.35676395893096924,0
12692727,41,0,0.37733688950538635,0
12693105,41,0,0.35185548663139343,0
12693126,41,0,0.37433895468711853,0
12694404,41,0,0.0374637171626091,0
12694629,41,0,0.34791162610054016,0
12695472,41,0,0.3452156186103821,0
12695480,41,0,0.318930447101593,0
12696075,41,0,0.3089238405227661,0
12696109,41,0,0.36342954635620117,0
12698857,41,0,0.3972589075565338,0
12699200,41,0,0.5575472116470337,0
12701847,41,0,0.4653353691101074,0
12701981,41,0,0.4347982108592987,0
12702064,41,0,0.38253769278526306,0
12703125,41,0,0.3858408033847809,0
12703489,41,0,0.3705802261829376,0
12703967,41,1,0.934943437576294,1
12705568,41,0,0.47436895966529846,0
12705634,41,0,0.4100330173969269,0
12705766,41,0,0.411357581615448,0
12706454,41,0,0.37299564480781555,0
12709005,41,0,0.6974297165870667,1
12709010,41,0,0.6323951482772827,0
12709011,41,0,0.7030061483383179,1
12709014,41,0,0.6763874292373657,1
12709018,41,0,0.6728859543800354,1
12709727,41,0,0.3289058804512024,0
12709951,41,0,0.2577736973762512,0
12709962,41,0,0.33765316009521484,0
12710328,41,0,0.3124261498451233,0
12711452,41,0,0.47866249084472656,0
12711626,41,0,0.40609362721443176,0
12713058,41,0,0.3884841501712799,0
12713111,41,0,0.38432613015174866,0
12713303,41,0,0.2825886309146881,0
12714218,41,0,0.768695056438446,1
12776709,41,0,0.5646727681159973,0
12776839,41,1,0.8583518266677856,1
12776854,41,1,0.7289732098579407,1
12776875,41,1,0.8694238066673279,1
12777192,41,1,0.9200770854949951,1
12777205,41,1,0.8427836894989014,1
12777209,41,1,0.924670398235321,1
12777291,41,1,0.8692085146903992,1
12777292,41,0,0.30098956823349,0
12777328,41,1,0.8696269989013672,1
12777720,41,1,0.8549560308456421,1
12778411,41,1,0.8945472836494446,1
12778423,41,1,0.6909882426261902,1
12778427,41,0,0.6863317489624023,1
12778447,41,0,0.7950559258460999,1
12778479,41,1,0.9194921851158142,1
12778488,41,1,0.8371293544769287,1
12778492,41,1,0.8696708679199219,1
12778505,41,1,0.877900242805481,1
12778510,41,1,0.9516353011131287,1
12778524,41,1,0.8555330634117126,1
12778533,41,1,0.8800875544548035,1
12778573,41,1,0.7735468149185181,1
12778668,41,1,0.8921275734901428,1
12778745,41,1,0.8794236183166504,1
12778754,41,1,0.921257734298706,1
12778760,41,1,0.875257670879364,1
12779316,41,1,0.9905480742454529,1
12779380,41,1,0.8802672624588013,1
12779384,41,1,0.6810359954833984,1
12779397,41,1,0.7104026079177856,1
12779404,41,0,0.5958269238471985,0
12779542,41,1,0.7100273370742798,1
12779550,41,1,0.8802953958511353,1
12779611,41,1,0.9043633937835693,1
12779622,41,1,0.9248757362365723,1
12779661,41,1,0.9220762252807617,1
12779907,41,0,0.8479166626930237,1
12779915,41,0,0.8260658383369446,1
12779937,41,1,0.8827717900276184,1
12779969,41,1,0.9431012272834778,1
12779971,41,0,0.33717799186706543,0
12779996,41,1,0.9175440669059753,1
12780009,41,0,0.5518736243247986,0
12780013,41,1,0.730614185333252,1
12780031,41,1,0.8702715039253235,1
12780033,41,0,0.328205943107605,0
12780036,41,1,0.8697597980499268,1
12780047,41,1,0.8980586528778076,1
12780122,41,1,0.8997204899787903,1
12780125,41,1,0.8760290741920471,1
12780133,41,0,0.2605974078178406,0
12780176,41,0,0.0002280624321429059,0
12780216,41,1,0.887063205242157,1
12780252,41,1,0.8902965188026428,1
12780327,41,1,0.8795982599258423,1
12780332,41,1,0.9247850775718689,1
12780335,41,1,0.6669389009475708,0
12780339,41,1,0.6376211643218994,0
12780343,41,1,0.6801779866218567,1
12780345,41,1,0.7293450832366943,1
12780368,41,1,0.9446229338645935,1
12780376,41,1,0.7912206649780273,1
12780436,41,1,0.8699000477790833,1
12780444,41,1,0.8699085116386414,1
12780483,41,1,0.903876543045044,1
12780496,41,1,0.8539261817932129,1
12780542,41,0,0.19639715552330017,0
12780546,41,0,0.3589000403881073,0
12780552,41,0,0.30404722690582275,0
12780602,41,0,0.7177115678787231,1
12780603,41,0,0.859894871711731,1
12780604,41,0,0.5184452533721924,0
12780610,41,0,0.7530826330184937,1
12780618,41,0,0.3836703300476074,0
12780624,41,0,0.3853468596935272,0
12780628,41,0,0.3992382884025574,0
12780631,41,0,0.7610354423522949,1
12780634,41,0,0.43505820631980896,0
12780647,41,0,0.6079031825065613,0
12780664,41,0,0.536868691444397,0
12780665,41,0,0.3060637414455414,0
12780684,41,0,0.4237282872200012,0
12780702,41,0,0.2967035174369812,0
12780715,41,0,0.7262349128723145,1
12780717,41,1,0.8276088237762451,1
12781015,41,0,0.00031733265495859087,0
12781016,41,0,0.36542755365371704,0
12781030,41,1,0.9263393878936768,1
12781074,41,0,0.139606311917305,0
12781679,41,0,0.5547567009925842,0
12781680,41,0,0.03767630457878113,0
12781697,41,0,0.2597748935222626,0
12781712,41,0,0.3574720323085785,0
12781713,41,0,0.3603176474571228,0
12781714,41,0,0.2808334529399872,0
12781717,41,0,0.4486151337623596,0
12781723,41,0,0.36794379353523254,0
12781727,41,0,0.4028698801994324,0
12781731,41,0,0.522455632686615,0
12781748,41,0,0.6128994226455688,0
12781760,41,0,0.3740980327129364,0
12781773,41,0,0.7851107120513916,1
12781782,41,0,0.35111331939697266,0
12781783,41,0,0.5657511949539185,0
12781784,41,0,0.4152843654155731,0
12781845,41,1,0.8700107336044312,1
12782051,41,1,0.8801908493041992,1
12782435,41,1,0.8953757286071777,1
12782462,41,1,0.9244735240936279,1
12782787,41,0,0.7243115901947021,1
12782835,41,1,0.8766425251960754,1
12783910,41,0,0.7117301225662231,1
12784805,41,0,0.6487563848495483,0
12785090,41,0,0.6601195335388184,0
12785129,41,0,0.7579678297042847,1
12785436,41,0,0.7377869486808777,1
12785603,41,0,0.33844640851020813,0
12785621,41,0,0.5430018901824951,0
12785627,41,0,0.8860886096954346,1
12786043,41,0,0.9390162825584412,1
12786068,41,0,0.5328099131584167,0
12786110,41,0,0.5477529168128967,0
12786119,41,0,0.8946205973625183,1
12786144,41,0,0.8354083895683289,1
12786151,41,0,0.7964585423469543,1
12786167,41,0,0.8603031039237976,1
12786170,41,0,0.4440259635448456,0
12786201,41,0,0.6611686944961548,0
12786327,41,0,0.842351496219635,1
12786338,41,0,0.3956123888492584,0
12786344,41,0,0.4338626563549042,0
12786355,41,0,0.3550363779067993,0
12786498,41,0,0.855439305305481,1
12786511,41,0,0.8644101023674011,1
12786880,41,0,0.9206095337867737,1
12786886,41,0,0.24214665591716766,0
12786892,41,0,0.8949735760688782,1
12786914,41,0,0.5338536500930786,0
12786944,41,0,0.875640869140625,1
12786950,41,0,0.8776459693908691,1
12787231,41,0,0.884283721446991,1
12787243,41,0,0.887900710105896,1
12787255,41,0,0.43966442346572876,0
12787653,41,0,0.39287540316581726,0
12787687,41,0,0.4660056233406067,0
12787874,41,0,0.7027329206466675,1
12787889,41,0,0.7375769019126892,1
12787949,41,0,0.6252946257591248,0
12787951,41,0,0.2860907316207886,0
12788021,41,0,0.217966228723526,0
12788063,41,0,0.5391489267349243,0
12788078,41,0,0.6747691035270691,1
12788192,41,0,0.34015101194381714,0
12788223,41,0,0.41832777857780457,0
12788383,41,0,0.7194932699203491,1
12788387,41,0,0.5310924649238586,0
12788388,41,0,0.48677995800971985,0
12788389,41,0,0.5993072390556335,0
12788418,41,0,0.5925524234771729,0
12788428,41,0,0.5515395998954773,0
12788435,41,0,0.45864641666412354,0
12788449,41,0,0.5337402820587158,0
12788522,41,0,0.5169119238853455,0
12788854,41,0,0.7079519629478455,1
12788884,41,0,0.7678903341293335,1
12788890,41,0,0.4792044460773468,0
12789074,41,0,0.3234071731567383,0
12789081,41,0,0.7323769330978394,1
12789341,41,0,0.5410687923431396,0
12789351,41,0,0.41741839051246643,0
12789376,41,0,0.7402303218841553,1
12790096,41,0,0.7086235284805298,1
12790636,41,0,0.8869192004203796,1
12790720,41,0,0.48525163531303406,0
12790759,41,0,0.3849637508392334,0
12790850,41,0,0.7527398467063904,1
12791279,41,0,0.8574585914611816,1
12791286,41,0,0.9016653895378113,1
12791293,41,0,0.3271218240261078,0
12791305,41,0,0.8157910704612732,1
12791315,41,0,0.7315831184387207,1
12791620,41,0,0.819378137588501,1
12791622,41,0,0.8511230945587158,1
12791630,41,0,0.47175002098083496,0
12791649,41,0,0.7568365335464478,1
12791670,41,0,0.4232438802719116,0
12791925,41,0,0.8297927975654602,1
12792292,41,0,0.708034098148346,1
12792319,41,0,0.9003157019615173,1
12792330,41,0,0.7603456377983093,1
12792344,41,0,0.6891139149665833,1
12792462,41,0,0.8486429452896118,1
12792799,41,0,0.7776888608932495,1
12792806,41,0,0.6839685440063477,1
12792832,41,0,0.7891517281532288,1
12792880,41,0,0.6080213785171509,0
12793271,41,0,0.6579806208610535,0
12793277,41,0,0.7910303473472595,1
12794041,41,0,0.7871395945549011,1
12794050,41,0,0.8151743412017822,1
12794101,41,0,0.8270447850227356,1
12794203,41,0,0.5761026740074158,0
12794352,41,0,0.8091644048690796,1
12794359,41,0,0.36873897910118103,0
12794499,41,0,0.4275662899017334,0
12794507,41,0,0.4117618203163147,0
12795391,41,1,0.9399728178977966,1
12795837,41,0,0.831165611743927,1
12795923,41,0,0.6475851535797119,0
12795929,41,0,0.4303429424762726,0
12796149,41,0,0.5556126832962036,0
12797069,41,0,0.30780109763145447,0
12797083,41,0,0.29844462871551514,0
12797685,41,0,0.37242841720581055,0
12797689,41,0,0.3091719150543213,0
12797690,41,0,0.30494606494903564,0
12797692,41,0,0.35830461978912354,0
12798723,41,0,0.4945053160190582,0
12798747,41,0,0.5216816663742065,0
12798757,41,0,0.2867191731929779,0
12798766,41,0,0.2812078595161438,0
12798767,41,0,0.40171584486961365,0
12798772,41,0,0.32504352927207947,0
12798787,41,0,0.47593966126441956,0
12799167,41,0,0.4382905662059784,0
12799490,41,0,0.4153432548046112,0
12800106,41,0,0.7790765762329102,1
12800479,41,0,0.2172381579875946,0
12800953,41,0,0.8795050382614136,1
12801016,41,0,0.708793044090271,1
12801028,41,0,0.8509685397148132,1
12801242,41,0,0.8032010793685913,1
12801252,41,0,0.7728481888771057,1
12801264,41,0,0.5096611976623535,0
12801271,41,0,0.3539355993270874,0
12801563,41,0,0.5550094246864319,0
12801567,41,0,0.5562868118286133,0
12801569,41,0,0.4579145312309265,0
12801574,41,0,0.6205739974975586,0
12801779,41,0,0.39641261100769043,0
12802078,41,0,0.636430561542511,0
12802086,41,0,0.47284388542175293,0
12802102,41,0,0.46391841769218445,0
12802118,41,0,0.4221698045730591,0
12803302,41,0,0.3457876443862915,0
12803306,41,0,0.40809166431427,0
12803308,41,0,0.39520275592803955,0
12803321,41,0,0.4688718616962433,0
12803329,41,0,0.39926207065582275,0
12803578,41,0,0.49151137471199036,0
12803597,41,0,0.7626805305480957,1
12803602,41,0,0.7407642006874084,1
12804287,41,0,0.19951161742210388,0
12804295,41,0,0.3789719045162201,0
12804309,41,0,0.39875003695487976,0
12804355,41,0,0.31187474727630615,0
12804366,41,0,0.7172062397003174,1
12804386,41,0,0.37601760029792786,0
12804393,41,0,0.3036673963069916,0
12804394,41,0,0.3667418658733368,0
12805117,41,0,0.5858185291290283,0
12805564,41,0,0.6489254832267761,0
12805689,41,0,0.4171792268753052,0
12805698,41,0,0.5766739249229431,0
12805703,41,0,0.32125791907310486,0
12805706,41,0,0.3743498921394348,0
12805710,41,0,0.408637672662735,0
12805711,41,0,0.44024842977523804,0
12805805,41,0,0.7972033619880676,1
12806013,41,0,0.5543662309646606,0
12806030,41,0,0.3389202356338501,0
12806039,41,0,0.28794363141059875,0
12806113,41,0,0.00014163320884108543,0
12806122,41,0,0.3417012393474579,0
12806127,41,0,0.411836713552475,0
12806146,41,0,0.4505305290222168,0
12806147,41,0,0.38641712069511414,0
12806155,41,0,0.9612903594970703,1
12806159,41,0,0.5324233770370483,0
12806175,41,0,0.8989171981811523,1
12806177,41,0,0.5245143175125122,0
12806178,41,0,0.20895442366600037,0
12806181,41,0,0.5944430828094482,0
12806507,41,0,0.4374110698699951,0
12806510,41,0,0.4245532155036926,0
12806511,41,0,0.6483007073402405,0
12806516,41,0,0.4079703390598297,0
12806527,41,0,0.30379587411880493,0
12806606,41,0,0.00029281704337336123,0
12806614,41,0,0.2831111550331116,0
12806638,41,0,0.25327205657958984,0
12806653,41,0,0.4142283499240875,0
12806660,41,0,0.5092512369155884,0
12806663,41,0,0.4773511290550232,0
12806667,41,0,0.986367404460907,1
12806676,41,0,0.24038435518741608,0
12806677,41,0,0.40309587121009827,0
12806690,41,0,0.34845393896102905,0
12806697,41,0,0.3249227702617645,0
12806699,41,0,0.5074023604393005,0
12806701,41,0,0.27633094787597656,0
12806706,41,0,0.4085548222064972,0
12806708,41,0,0.4081663191318512,0
12806717,41,0,0.36332646012306213,0
12806718,41,0,0.40001076459884644,0
12806720,41,0,0.5766714811325073,0
12806739,41,0,0.6570641398429871,0
12806740,41,0,0.39698174595832825,0
12806746,41,0,0.41436633467674255,0
12806755,41,0,0.9776259064674377,1
12807013,41,0,0.831210732460022,1
12807023,41,0,0.7923856377601624,1
12807026,41,0,0.7586008906364441,1
12807027,41,0,0.48408910632133484,0
12807028,41,0,0.6870020627975464,1
12807038,41,0,0.8526594638824463,1
12807048,41,0,0.7817410826683044,1
12807050,41,0,0.8691885471343994,1
12807051,41,0,0.888018786907196,1
12807189,41,0,0.8892868161201477,1
12807191,41,0,0.9386346340179443,1
12807194,41,0,0.5696009397506714,0
12807201,41,0,0.7377870678901672,1
12807539,41,0,0.5797713398933411,0
12808041,41,0,0.4790380597114563,0
12808647,41,0,0.4840206205844879,0
12808657,41,0,0.2418065220117569,0
12808740,41,0,0.5428017377853394,0
12810084,41,0,0.7210305333137512,1
12810831,41,0,0.343416690826416,0
12810836,41,0,0.8377089500427246,1
12810837,41,0,0.8424244523048401,1
12810838,41,0,0.11780539155006409,0
12810839,41,0,0.6923412084579468,1
12811004,41,0,0.3318136930465698,0
12811037,41,0,0.4191829562187195,0
12811298,41,0,0.32390016317367554,0
12811317,41,0,0.2692020535469055,0
12811706,41,0,0.9052066802978516,1
12811717,41,0,0.918890655040741,1
12811802,41,0,0.4547251760959625,0
12812389,41,0,0.3223212659358978,0
12812759,41,0,0.26339191198349,0
12813119,41,0,0.8476002216339111,1
12813420,41,0,0.6934260725975037,1
12814076,41,0,0.7007386088371277,1
12814581,41,0,0.7446867227554321,1
12819840,41,0,0.3681336045265198,0
12820106,41,0,0.313630610704422,0
12820841,41,0,0.3891790509223938,0
12821134,41,0,0.46363651752471924,0
12821176,41,0,0.41230109333992004,0
12822546,41,0,0.31773772835731506,0
12822962,41,0,0.48833125829696655,0
12823981,41,0,0.2688891291618347,0
12825135,41,0,0.4414023160934448,0
12826849,41,0,0.19547492265701294,0
12826917,41,0,0.40728041529655457,0
12976982,41,0,0.343914270401001,0
12977309,41,0,0.4357895851135254,0
12977369,41,0,0.366120845079422,0
12977734,41,0,0.22055721282958984,0
12977735,41,0,0.5316371321678162,0
12978123,41,0,0.8245359063148499,1
12978252,41,0,0.8676137924194336,1
12978622,41,0,0.8757040500640869,1
12979084,41,0,0.5399832725524902,0
12979105,41,0,0.8616862893104553,1
12979124,41,0,0.7245861291885376,1
12979253,41,0,0.4485490322113037,0
12979325,41,0,0.617912769317627,0
12980315,41,0,0.47109130024909973,0
12980342,41,0,0.7982575297355652,1
12980388,41,0,0.8872764706611633,1
12980465,41,0,0.8281067609786987,1
12980513,41,0,0.36297789216041565,0
12980533,41,0,0.8865951895713806,1
12980609,41,0,0.813930094242096,1
12980624,41,0,0.35595816373825073,0
12981375,41,0,0.8791698813438416,1
12981435,41,0,0.8293972015380859,1
12981600,41,0,0.8894632458686829,1
12981985,41,0,0.9244430661201477,1
12982085,41,0,0.22919079661369324,0
12982338,41,0,0.6830886006355286,1
12982603,41,0,0.5807918310165405,0
12982967,41,0,0.6917223334312439,1
12983005,41,0,0.955669105052948,1
12983773,41,0,0.8686565160751343,1
12983924,41,0,0.7091708779335022,1
12984017,41,0,0.7882668375968933,1
12984062,41,0,0.8597863912582397,1
12984620,41,0,0.7807373404502869,1
12984651,41,0,0.32728132605552673,0
12984683,41,0,0.8362916111946106,1
12984768,41,0,0.8489131331443787,1
12984797,41,0,0.7274844646453857,1
12984892,41,0,0.8457191586494446,1
12987068,41,0,0.5680152177810669,0
12987200,41,0,0.08816322684288025,0
12988751,41,0,0.8216702938079834,1
12988764,41,0,0.7642629742622375,1
12989571,41,0,0.2798168361186981,0
12990251,41,0,0.33928200602531433,0
12990632,41,0,0.5889015197753906,0
12992332,41,0,0.21371090412139893,0
12992769,41,0,0.7134972214698792,1
12998526,41,0,0.6419904232025146,0
12998527,41,0,0.6441259384155273,0
12999576,41,1,0.7420909404754639,1
13012882,41,0,0.6866731643676758,1
13024915,41,0,0.5579761862754822,0
13029248,41,0,0.15992389619350433,0
13031317,41,0,0.31349977850914,0
13031319,41,0,0.08395832777023315,0
13035448,41,0,0.7600618004798889,1
13150785,41,0,0.5524356365203857,0
13153403,41,0,0.2945578098297119,0
13172236,41,0,0.6412036418914795,0
13182191,41,0,0.2590295374393463,0
13186666,41,0,0.5652889013290405,0
13205600,41,0,0.4123818576335907,0
13205607,41,0,0.5023925304412842,0
13205661,41,0,0.349965363740921,0
13205998,41,0,0.4412035346031189,0
13206361,41,0,0.5600654482841492,0
13207839,41,0,0.8181332349777222,1
13210404,41,0,0.7483029961585999,1
13210433,41,0,0.38494935631752014,0
13210898,41,0,0.20801804959774017,0
13211070,41,0,0.3006949722766876,0
13213985,41,0,0.8489382863044739,1
13214945,41,0,0.5482548475265503,0
13216778,41,0,0.6923114657402039,1
13216886,41,0,0.7413623332977295,1
13217563,41,0,0.4365600645542145,0
13218603,41,0,0.6979459524154663,1
13218967,41,0,0.6565418243408203,0
13219110,41,0,0.4272031784057617,0
13219218,41,0,0.5698877573013306,0
13219548,41,0,0.6204541325569153,0
13219809,41,0,0.8232138752937317,1
13219858,41,0,0.7055141925811768,1
13221279,41,0,0.2537911534309387,0
13221311,41,0,0.655255138874054,0
13221816,41,0,0.729351282119751,1
13221892,41,0,0.3802527189254761,0
13222199,41,0,0.8217694163322449,1
13222290,41,0,0.3189730942249298,0
13222735,41,0,0.4712830185890198,0
13223062,41,0,0.46558713912963867,0
13223140,41,0,0.4137386381626129,0
13223487,41,0,0.8660060167312622,1
13224278,41,0,0.5620207190513611,0
13224893,41,0,0.4709600806236267,0
13226099,41,0,0.8041439652442932,1
13226207,41,0,0.8784460425376892,1
13226239,41,0,0.401887983083725,0
13226747,41,0,0.7848400473594666,1
13227356,41,0,0.8331793546676636,1
13227819,41,0,0.8265026211738586,1
13227825,41,0,0.8034608960151672,1
13241375,41,0,0.9100453853607178,1
13242340,41,0,0.45820337533950806,0
13242793,41,0,0.5240310430526733,0
13251558,41,0,0.682156503200531,1
13251586,41,0,0.39822521805763245,0
13251835,41,0,0.1943259984254837,0
13252256,41,0,0.7335566878318787,1
13252285,41,1,0.713090717792511,1
13252299,41,0,0.35274365544319153,0
13252389,41,0,0.30704233050346375,0
13252401,41,0,0.5768813490867615,0
13252436,41,1,0.72354656457901,1
13252442,41,0,0.4510658085346222,0
13252812,41,0,0.7776538729667664,1
13252885,41,0,0.3752015233039856,0
13252972,41,0,0.5016088485717773,0
13253160,41,0,0.51304692029953,0
13254247,41,0,0.7954464554786682,1
13254276,41,1,0.4356883764266968,0
13256087,41,0,0.6416332125663757,0
13256110,41,0,0.5808435082435608,0
13256178,41,0,0.6564710736274719,0
13256365,41,0,0.33744707703590393,0
13260012,41,0,0.3366948068141937,0
13260026,41,0,0.41791319847106934,0
13264701,41,0,0.3633846342563629,0
13264763,41,0,0.5449171662330627,0
13264769,41,0,0.45390141010284424,0
13264777,41,0,0.5917466878890991,0
13266589,41,0,0.3707468807697296,0
13266655,41,0,0.6845000386238098,1
13266690,41,0,0.34466448426246643,0
13266708,41,0,0.54278165102005,0
13266725,41,0,0.4898727834224701,0
13266736,41,0,0.5767313838005066,0
13267225,41,0,0.6401454210281372,0
13267233,41,0,0.8333563804626465,1
13267246,41,0,0.6906787753105164,1
13268159,41,0,0.8464707136154175,1
13268173,41,0,0.7352213263511658,1
13268197,41,0,0.3152816593647003,0
13268557,41,0,0.7044216394424438,1
13268562,41,0,0.7566671967506409,1
13268568,41,0,0.598840057849884,0
13268760,41,0,0.5471885800361633,0
13277208,41,0,0.00017733208369463682,0
13278239,41,0,8.366867405129597e-05,0
13279830,41,0,0.4880356192588806,0
13279837,41,0,0.5590518116950989,0
13279849,41,0,0.36287346482276917,0
13279862,41,0,0.4991384744644165,0
13279865,41,0,0.568721354007721,0
13279878,41,0,0.5668647289276123,0
13279883,41,0,0.40228399634361267,0
13279896,41,0,0.4113991856575012,0
13279899,41,0,0.4006310999393463,0
13279932,41,0,0.5130899548530579,0
13279939,41,0,0.5525850653648376,0
13279944,41,0,0.5387079119682312,0
13280701,41,0,0.3560188412666321,0
13284222,41,0,0.3886867165565491,0
13284261,41,0,0.3461759090423584,0
13284323,41,0,0.5867080092430115,0
13284351,41,0,0.42371243238449097,0
13284366,41,0,0.6272780299186707,0
13332792,41,0,0.5665812492370605,0
13333059,41,0,0.4370569884777069,0
13333148,41,0,0.17657127976417542,0
13335842,41,0,0.419074684381485,0
13339840,41,0,0.8038640022277832,1
13348260,41,0,0.5878958106040955,0
13354030,41,0,0.469733864068985,0
13354045,41,0,0.2257334291934967,0
13356981,41,0,0.2964926064014435,0
13357036,41,0,0.4448675215244293,0
13357635,41,0,0.39855754375457764,0
13358381,41,0,0.3455255329608917,0
13361143,41,0,0.4399273991584778,0
13361176,41,0,0.31524014472961426,0
13361495,41,0,0.4008292257785797,0
13363661,41,0,0.5514405965805054,0
13363680,41,0,0.43120115995407104,0
13364776,41,0,0.7431184649467468,1
13364789,41,0,0.8171157836914062,1
13364810,41,0,0.576331377029419,0
13364848,41,0,0.43628278374671936,0
13365126,41,0,0.30899232625961304,0
13365201,41,0,0.4862114489078522,0
13365429,41,0,0.5652565360069275,0
13366051,41,0,0.46399354934692383,0
13366159,41,0,0.6114792823791504,0
13366609,41,0,0.39962276816368103,0
13367066,41,0,0.35988423228263855,0
13367078,41,0,0.3737196922302246,0
13367108,41,0,0.5836015343666077,0
13367307,41,0,0.4350719451904297,0
13368096,41,0,0.8820438385009766,1
13368520,41,0,0.4098511040210724,0
13368582,41,0,0.3777841627597809,0
13368624,41,0,0.6577280163764954,0
13368647,41,0,0.7900112271308899,1
13369311,41,0,0.4210217297077179,0
13370027,41,0,0.7867558598518372,1
13372008,41,0,0.3880935609340668,0
13373158,41,0,0.3252807855606079,0
13373792,41,0,0.41273996233940125,0
13373801,41,0,0.29218944907188416,0
13375264,41,0,0.26155993342399597,0
13378698,41,0,0.37789851427078247,0
13378759,41,0,0.3829464912414551,0
13380545,41,0,0.6184859871864319,0
13380558,41,0,0.8774625658988953,1
13382595,41,0,0.7260271906852722,1
13382612,41,0,0.9126859307289124,1
13384789,41,0,0.8231876492500305,1
13386556,41,0,0.4402291178703308,0
13386671,41,0,0.5413332581520081,0
13387369,41,0,0.3443450331687927,0
13388720,41,0,0.3917999267578125,0
13388747,41,0,0.3801521956920624,0
13396508,41,0,0.22356972098350525,0
13401021,41,0,0.49600979685783386,0
13401072,41,0,0.40151169896125793,0
13401786,41,0,0.4195176959037781,0
13401793,41,0,0.3871699869632721,0
13401794,41,0,0.3810232877731323,0
13401798,41,0,0.4078338146209717,0
13401807,41,0,0.40782666206359863,0
13401811,41,0,0.4106491208076477,0
13401815,41,0,0.42428499460220337,0
13402022,41,0,0.37501758337020874,0
13402028,41,0,0.4160875082015991,0
13402032,41,0,0.39581435918807983,0
13402041,41,0,0.4001242518424988,0
13402051,41,0,0.39881646633148193,0
13402057,41,0,0.41336697340011597,0
13402063,41,0,0.3672960102558136,0
13402068,41,0,0.3455415368080139,0
13402073,41,0,0.39242392778396606,0
13402083,41,0,0.3455670475959778,0
13402090,41,0,0.34556129574775696,0
13402096,41,0,0.4211660325527191,0
13402146,41,0,0.3455832898616791,0
13402149,41,0,0.19705234467983246,0
13402155,41,0,0.41644373536109924,0
13403010,41,0,0.7438584566116333,1
13404700,41,0,0.5208756327629089,0
13405587,41,0,0.36587631702423096,0
13405589,41,0,0.5457670092582703,0
13405591,41,0,0.5717819929122925,0
13407465,41,1,0.7345413565635681,1
13407894,41,0,0.39031654596328735,0
13408367,41,0,0.6020790934562683,0
13409524,41,0,0.8219431042671204,1
13409536,41,0,0.349771112203598,0
13410860,41,0,0.6392190456390381,0
13410863,41,0,0.9102696180343628,1
13410866,41,0,0.533288836479187,0
13410871,41,0,0.4048087000846863,0
13411064,41,0,0.3285372853279114,0
13411078,41,0,0.4401426315307617,0
13411566,41,0,0.6640812754631042,0
13411574,41,0,0.6161614656448364,0
13411585,41,0,0.5963074564933777,0
13411590,41,0,0.47199389338493347,0
13413503,41,0,0.4508455991744995,0
13413508,41,0,0.3975691795349121,0
13413509,41,0,0.5871297717094421,0
13413513,41,0,0.4092046916484833,0
13413518,41,0,0.467792272567749,0
13413524,41,0,0.3978423476219177,0
13413534,41,0,0.5492583513259888,0
13413541,41,0,0.528468906879425,0
13413546,41,0,0.4489628076553345,0
13413553,41,0,0.36602967977523804,0
13413558,41,0,0.5755126476287842,0
13413579,41,0,0.5592257976531982,0
13413586,41,0,0.4487197697162628,0
13413630,41,0,0.3841066360473633,0
13413671,41,0,0.8582395315170288,1
13413673,41,0,0.8478161692619324,1
13413872,41,0,0.4503575265407562,0
13418634,41,0,0.3645176589488983,0
13418756,41,0,0.47821682691574097,0
13418762,41,0,0.1634126752614975,0
13418781,41,0,0.32869473099708557,0
13418804,41,0,0.5837392807006836,0
13418808,41,0,0.4255049228668213,0
13418824,41,0,0.24897615611553192,0
13418870,41,0,0.7277205586433411,1
13418935,41,0,0.45334911346435547,0
13418941,41,0,0.5313756465911865,0
13418954,41,0,0.5868239998817444,0
13418978,41,0,0.5161933898925781,0
13419522,41,0,0.8611359000205994,1
13420201,41,0,0.6031953692436218,0
13420206,41,0,0.39378491044044495,0
13420431,41,0,0.5117369890213013,0
13420439,41,0,0.56316739320755,0
13424967,41,0,0.41243886947631836,0
13425163,41,0,0.6690787672996521,0
13425191,41,0,0.7696486115455627,1
13425193,41,0,0.7398678660392761,1
13425518,41,0,0.44821006059646606,0
13425520,41,0,0.8276548385620117,1
13425873,41,0,0.44891470670700073,0
13425879,41,0,0.4921303689479828,0
13426232,41,0,0.5772483944892883,0
13426677,41,0,0.7518799304962158,1
13430881,41,0,0.8386114239692688,1
13431195,41,0,0.5244511961936951,0
13431907,41,0,0.7100823521614075,1
13431994,41,0,0.3555791974067688,0
13432011,41,0,0.27646633982658386,0
13432090,41,0,0.8024052977561951,1
13432097,41,0,0.5453112721443176,0
13514512,41,0,0.5787638425827026,0
13539803,41,0,0.4701283276081085,0
13566157,41,0,0.7152169346809387,1
13578982,41,0,0.4440666735172272,0
13581151,41,0,0.3630278408527374,0
13581987,41,0,0.2806970775127411,0
13582030,41,0,0.6479769945144653,0
13582032,41,0,0.570441484451294,0
13582046,41,0,0.3955349326133728,0
13582047,41,0,0.5145199298858643,0
13582080,41,0,0.33465322852134705,0
13582264,41,0,0.2774165868759155,0
13582271,41,0,0.3851151168346405,0
13582276,41,0,0.4637572467327118,0
13582285,41,0,0.754963219165802,1
13582316,41,0,0.7626557946205139,1
13582972,41,0,0.42315587401390076,0
13585060,41,0,0.6964527368545532,1
13587791,41,0,0.4274422526359558,0
13588511,41,0,0.4867965281009674,0
13589003,41,0,0.770699143409729,1
13591191,41,0,0.4173603653907776,0
13593543,41,0,0.5695532560348511,0
13598193,41,0,0.6590742468833923,0
13599617,41,0,0.44208207726478577,0
13600587,41,0,0.4361875057220459,0
13602359,41,0,0.26885417103767395,0
13602643,41,0,0.911786675453186,1
13602646,41,0,0.8708447217941284,1
13602655,41,0,0.8744427561759949,1
13625972,41,0,0.3339215815067291,0
13626812,41,0,0.9122721552848816,1
13626847,41,0,0.5179477334022522,0
13627122,41,0,0.5108034610748291,0
13627138,41,0,0.48899099230766296,0
13627167,41,0,0.39034536480903625,0
13627212,41,0,0.3750656545162201,0
13627238,41,0,0.47229835391044617,0
13627279,41,0,0.3296172320842743,0
13627324,41,0,0.272551953792572,0
13627443,41,0,0.3907836079597473,0
13745157,41,0,0.5844021439552307,0
13756924,41,0,0.48815682530403137,0
13848837,41,0,0.4223354756832123,0
13848844,41,0,0.4223392903804779,0
13880880,41,0,0.9056503176689148,1
13901270,41,0,0.48162344098091125,0
13901314,41,0,0.5021833777427673,0
13908024,41,0,0.560262143611908,0
14044635,41,0,0.5189360976219177,0
14110544,41,1,0.5398445725440979,0
14110546,41,0,0.33651870489120483,0
14230893,41,0,0.5708461403846741,0
15153222,41,0,0.4563855826854706,0
15297968,41,0,0.6665881276130676,0
16228638,41,0,0.5592051148414612,0
16240863,41,0,0.39105668663978577,0
16416656,41,0,0.39330148696899414,0
16422000,41,0,0.3909253776073456,0
16798077,41,0,0.6525037288665771,0
17303565,41,0,0.38610270619392395,0
17439885,41,0,0.24252168834209442,0
18018335,41,0,0.3908487856388092,0
18282809,41,0,0.428425133228302,0
18303235,41,0,0.7294851541519165,1
18342630,41,0,0.34545761346817017,0
19021065,41,0,0.5526338815689087,0
19990058,41,0,0.43197956681251526,0
20050561,41,0,0.8272930383682251,1
22776993,41,0,0.5234226584434509,0
23633693,41,0,0.5951181650161743,0
24096394,41,0,0.3850395977497101,0
26644547,41,0,0.4717486500740051,0
27064182,41,0,0.57854825258255,0
29050729,41,0,0.7288916110992432,1
29878339,41,0,0.7256651520729065,1
30918912,41,0,0.5553142428398132,0
32230092,41,0,0.46402835845947266,0
34119607,41,0,0.3981894552707672,0
38365030,41,1,0.9903438091278076,1
38365693,41,1,0.8675378561019897,1
38369663,41,1,0.86861252784729,1
38370042,41,1,0.907490611076355,1
38374234,41,1,0.8669473528862,1
38374920,41,1,0.8681029081344604,1
38374963,41,1,0.868200957775116,1
38375016,41,1,0.9221857190132141,1
38391951,41,1,0.9242417812347412,1
38409253,41,0,0.54891037940979,0
38432801,41,0,0.592187225818634,0
38469024,41,0,0.6353865265846252,0
38473129,41,0,0.3260638117790222,0
38473139,41,0,0.3276502192020416,0
38473149,41,0,0.40151524543762207,0
38473514,41,0,0.37485021352767944,0
38477383,41,0,0.3812286853790283,0
38482727,41,0,0.558551549911499,0
38482748,41,0,0.4415399730205536,0
38482761,41,0,0.413737952709198,0
38484089,41,0,0.3528968095779419,0
38484117,41,0,0.6166141033172607,0
38484120,41,0,0.4045976996421814,0
38484124,41,0,0.5678519606590271,0
38570057,41,0,0.7747224569320679,1
38570071,41,0,0.7901102900505066,1
38570081,41,0,0.42150217294692993,0
38570712,41,0,0.6692898869514465,0
39003091,41,0,0.42273205518722534,0
39010623,41,0,0.7802025079727173,1
39015472,41,0,0.603608250617981,0
39015483,41,0,0.5698936581611633,0
39124482,41,0,0.8316949009895325,1
268186,42,0,0.8896136283874512,1
295623,42,0,0.4399498701095581,0
971497,42,0,0.009010856039822102,0
992596,42,0,0.4528665840625763,0
1153751,42,0,0.3764280080795288,0
1154526,42,0,0.4714910387992859,0
1720404,42,0,0.2793826460838318,0
1744093,42,0,0.42514485120773315,0
1876609,42,0,0.24582791328430176,0
1876617,42,0,0.7781614065170288,1
1876620,42,0,0.5970571637153625,0
1876630,42,0,0.3976212739944458,0
1877925,42,0,0.4282677173614502,0
1879066,42,1,0.8735379576683044,1
1879697,42,0,0.8386940956115723,1
1880111,42,0,0.4875158965587616,0
1885253,42,0,0.12360773235559464,0
2376671,42,1,0.8876809477806091,1
2800428,42,0,0.4695192873477936,0
3104636,42,0,0.37599778175354004,0
3129300,42,0,0.6384268999099731,0
3141442,42,0,0.4559500515460968,0
3182916,42,0,0.4778900146484375,0
3676053,42,0,0.5333001613616943,0
3762827,42,0,0.687664270401001,1
3783494,42,0,0.3019998073577881,0
3951773,42,0,0.7818297147750854,1
3993302,42,0,0.7940691113471985,1
4493605,42,0,0.6270462274551392,0
4774203,42,0,0.3438228368759155,0
5274025,42,0,0.2034342885017395,0
5427127,42,0,0.35351255536079407,0
7251952,42,0,0.4570636451244354,0
7586795,42,0,0.4397035539150238,0
7636537,42,0,0.3673021197319031,0
7642403,42,0,0.42589083313941956,0
7642410,42,0,0.6346122622489929,0
7917625,42,0,0.4047502279281616,0
8005107,42,0,0.34187573194503784,0
8593470,42,0,0.38434064388275146,0
8993505,42,0,0.46728020906448364,0
10403056,42,0,0.38948529958724976,0
10942226,42,0,0.4410081207752228,0
11057227,42,0,0.45816120505332947,0
11494449,42,0,0.8991612792015076,1
11604903,42,0,0.43669646978378296,0
12364143,42,0,0.4053732752799988,0
12649359,42,0,0.19630834460258484,0
13339218,42,0,0.3479241728782654,0
14782227,42,0,0.8644648790359497,1
15108363,42,0,0.41710779070854187,0
16294668,42,0,0.3632989227771759,0
16303980,42,0,0.23111554980278015,0
16304794,42,0,0.5582842230796814,0
16543315,42,0,0.7823651432991028,1
17223629,42,0,0.17708830535411835,0
18245985,42,0,0.2927195429801941,0
18927690,42,0,0.2863021492958069,0
18933084,42,0,0.36129602789878845,0
19270209,42,1,0.3141354024410248,0
19468516,42,0,0.29550832509994507,0
19893937,42,0,0.8366492986679077,1
20245713,42,0,0.7072927951812744,1
21159145,42,0,0.6573023200035095,0
21257238,42,0,0.4053007960319519,0
21358177,42,0,0.6423678398132324,0
21456350,42,0,0.10908395051956177,0
21635707,42,0,0.4429997503757477,0
21727261,42,0,0.471815824508667,0
21937120,42,0,0.6153369545936584,0
22021840,42,1,0.4536226987838745,0
22583076,42,0,0.4429444968700409,0
22808307,42,0,0.6328455805778503,0
23576717,42,0,0.2984284460544586,0
24106832,42,0,0.3324117660522461,0
24106905,42,0,0.3492458164691925,0
24107324,42,0,0.3355455994606018,0
24107716,42,0,0.35228288173675537,0
24108173,42,0,0.3902822732925415,0
24108594,42,0,0.37017256021499634,0
24108824,42,0,0.40207621455192566,0
24450719,42,0,0.32919934391975403,0
24786018,42,0,0.5476175546646118,0
25023305,42,0,0.39043179154396057,0
25234455,42,0,0.3315291702747345,0
25943399,42,0,0.3940827548503876,0
26015423,42,0,0.11120207607746124,0
26151176,42,0,0.3550572395324707,0
26483212,42,0,0.39013639092445374,0
26514157,42,0,0.32529181241989136,0
26551908,42,0,0.3507865369319916,0
26889508,42,0,0.31610965728759766,0
27443088,42,0,0.3717195987701416,0
27529041,42,0,0.7339353561401367,1
27529043,42,0,0.16830119490623474,0
27529051,42,0,0.6793259978294373,1
27529059,42,0,0.5978125333786011,0
27529062,42,0,0.4511950612068176,0
27542773,42,0,0.4002624452114105,0
27575460,42,0,0.30282509326934814,0
27655201,42,0,0.39670202136039734,0
27770741,42,0,0.6959042549133301,1
28052583,42,0,0.5011422634124756,0
28277820,42,0,0.30640676617622375,0
28387471,42,0,0.43851006031036377,0
28476094,42,0,0.29560786485671997,0
28488738,42,0,0.6985201239585876,1
29123695,42,0,0.3758799731731415,0
29359565,42,0,0.12989097833633423,0
29766506,42,0,0.3627260625362396,0
29925279,42,0,0.40441328287124634,0
29945232,42,0,0.36700403690338135,0
30442365,42,0,0.6666173338890076,0
30826956,42,0,0.3388577997684479,0
30908208,42,0,0.2704733908176422,0
31051102,42,0,0.45236119627952576,0
31240896,42,0,0.3611312210559845,0
31284001,42,0,0.7987934947013855,1
31379458,42,0,0.5630736947059631,0
31379782,42,0,0.5192647576332092,0
31423635,42,0,0.4472486972808838,0
31838835,42,0,0.750309407711029,1
31892272,42,0,0.5524396896362305,0
32025116,42,0,0.5216105580329895,0
32469094,42,0,0.5369160175323486,0
32844990,42,0,0.5440516471862793,0
33056743,42,0,0.6811957359313965,1
33643200,42,0,0.718705952167511,1
33688530,42,0,0.7485941648483276,1
33688852,42,0,0.5646806955337524,0
33888861,42,0,0.4194929003715515,0
34196609,42,0,0.36620426177978516,0
34260059,42,0,0.5447357296943665,0
34268149,42,0,0.6871205568313599,1
34672686,42,0,0.6067870259284973,0
34717366,42,0,0.05610579997301102,0
34907021,42,0,0.45674780011177063,0
34924148,42,0,0.32904624938964844,0
34956275,42,0,0.29447996616363525,0
34978872,42,0,0.3234415650367737,0
35202200,42,0,0.06338349729776382,0
35423135,42,0,0.151121586561203,0
35476088,42,0,0.4430190324783325,0
35933803,42,0,0.3147505521774292,0
35960886,42,0,0.6351138353347778,0
36786002,42,0,0.7511699795722961,1
36942064,42,0,0.5896223783493042,0
37085642,42,0,0.9068546891212463,1
37546662,42,0,0.502703070640564,0
38538087,42,0,0.07533717900514603,0
38791763,42,0,0.36830705404281616,0
39146480,42,1,0.8957558870315552,1
39377905,42,0,0.4714304506778717,0
39389635,42,0,0.5304504036903381,0
39457631,42,0,0.3669184148311615,0
39579579,42,0,0.3981281518936157,0
39871686,42,0,0.28083279728889465,0
39871706,42,0,0.33532458543777466,0
40151889,42,0,0.5184072852134705,0
40344642,42,0,0.6340973973274231,0
40441436,42,1,0.8909792304039001,1
40441445,42,1,0.956811785697937,1
41261572,42,1,0.8866576552391052,1
41319424,42,0,0.3425511419773102,0
41342269,42,0,0.3504759967327118,0
41782771,42,0,0.7509672045707703,1
41990214,42,0,0.39789414405822754,0
42071940,42,0,0.4388515055179596,0
42303725,42,0,0.7054581046104431,1
42549756,42,0,0.4662599563598633,0
43160006,42,0,0.32184121012687683,0
43161721,42,0,0.3686031997203827,0
43662693,42,1,0.8434163331985474,1
43695214,42,0,0.506683349609375,0
43998636,42,0,0.5882917642593384,0
44252097,42,0,0.45533403754234314,0
44771645,42,0,0.6453430652618408,0
45031995,42,0,0.4671050012111664,0
45739524,42,0,0.44664567708969116,0
46070912,42,0,0.7659339308738708,1
46244487,42,0,0.8109437227249146,1
46879105,42,0,0.31593629717826843,0
47066538,42,0,0.0872633159160614,0
47994516,42,1,0.30145472288131714,0
48259567,42,0,0.48694345355033875,0
48471275,42,0,0.3781987130641937,0
48473207,42,0,0.4290996789932251,0
49381958,42,0,0.6733211278915405,1
50009130,42,0,0.7013247609138489,1
50157027,42,0,0.8447024822235107,1
50157029,42,0,0.9092248678207397,1
50322472,42,0,0.28655147552490234,0
50409049,42,0,0.474176287651062,0
51481472,42,0,0.16268135607242584,0
51481941,42,0,0.3780267834663391,0
52056969,42,0,0.6654869318008423,0
52056970,42,0,0.6930793523788452,1
52629852,42,0,0.30695319175720215,0
53714703,42,0,0.4994227886199951,0
55023383,42,0,0.2741071283817291,0
55483333,42,0,0.10903818905353546,0
55684000,42,0,0.3842734396457672,0
55698383,42,0,0.48855093121528625,0
55872688,42,0,0.37448158860206604,0
56301929,42,0,0.3829725384712219,0
56359303,42,0,0.4826696813106537,0
57176813,42,0,0.7141386270523071,1
57675516,42,0,0.47124215960502625,0
57677306,42,0,0.5893670320510864,0
57976911,42,0,0.727363109588623,1
58210472,42,0,0.5585390329360962,0
59026069,42,0,0.2690269649028778,0
59026409,42,0,0.5027993321418762,0
59614985,42,0,0.5881726741790771,0
59650535,42,0,0.27557432651519775,0
59899347,42,0,0.7508261799812317,1
60329468,42,0,0.3993093967437744,0
60368512,42,0,0.6597132086753845,0
60428676,42,0,0.5284097790718079,0
60514648,42,0,0.46711114048957825,0
61300418,42,0,0.4465167224407196,0
61381087,42,0,0.36575615406036377,0
61722446,42,0,0.40545445680618286,0
61775653,42,0,0.4052302837371826,0
61969385,42,0,0.5930101871490479,0
62131751,42,0,0.3859245777130127,0
62182419,42,0,0.7830119729042053,1
62465661,42,0,0.8236950635910034,1
62852272,42,0,0.7455697655677795,1
62852492,42,0,0.7645159363746643,1
62852493,42,0,0.30988383293151855,0
62852495,42,0,0.6545642018318176,0
62853032,42,0,0.5025676488876343,0
62853047,42,0,0.2067423313856125,0
63082185,42,0,0.47143760323524475,0
63276814,42,0,0.46645280718803406,0
63315682,42,0,0.5304846167564392,0
63315686,42,0,0.25483205914497375,0
63352329,42,0,0.45264676213264465,0
64876822,42,0,0.4589169919490814,0
64988710,42,0,0.3901731073856354,0
65200348,42,0,0.14302007853984833,0
65381198,42,0,0.04762604087591171,0
65496453,42,0,0.3778786361217499,0
65747870,42,0,0.3367750942707062,0
65845951,42,0,0.3684217035770416,0
66706302,42,0,0.5632992386817932,0
66789172,42,0,0.5625346899032593,0
67190834,42,0,0.6423870921134949,0
67270653,42,0,0.6012697815895081,0
67424137,42,0,0.7597735524177551,1
67427588,42,0,0.849766194820404,1
67434053,42,0,0.8369883894920349,1
67879137,42,0,0.5556442141532898,0
67905856,42,0,0.5639048218727112,0
68685137,42,0,0.33153674006462097,0
69094840,42,1,0.8448829650878906,1
69352049,42,0,0.46992695331573486,0
69403436,42,0,0.5301263332366943,0
69627900,42,0,0.5527703166007996,0
70261846,42,1,0.7172150015830994,1
70262115,42,0,0.6001997590065002,0
70262116,42,0,0.6141834259033203,0
70262121,42,1,0.6682328581809998,0
70400566,42,0,0.3428558111190796,0
70581915,42,0,0.7689015865325928,1
70746361,42,0,0.46442490816116333,0
70750616,42,0,0.7787104845046997,1
70757092,42,0,0.5010941028594971,0
70758328,42,0,0.23038218915462494,0
70760439,42,0,0.8412538170814514,1
70762528,42,0,0.6078575849533081,0
70765090,42,0,0.4267556965351105,0
70766136,42,0,0.803547739982605,1
70767502,42,0,0.701893150806427,1
70770310,42,0,0.3648143708705902,0
70773176,42,0,0.9335856437683105,1
70773204,42,0,0.7085620760917664,1
70774887,42,0,0.31781286001205444,0
70777472,42,0,0.32519686222076416,0
70778108,42,0,0.8174871206283569,1
70780721,42,0,0.3882344365119934,0
70782670,42,0,0.6344176530838013,0
70782891,42,0,0.1649303287267685,0
70784303,42,0,0.5053650140762329,0
70786440,42,0,0.46626171469688416,0
70788119,42,0,0.5498411059379578,0
70788132,42,1,0.7877734303474426,1
70788140,42,0,0.7406875491142273,1
70788384,42,1,0.3581133782863617,0
70788587,42,0,0.9051738381385803,1
70788772,42,0,0.6241537928581238,0
70789650,42,0,0.38068729639053345,0
70789667,42,0,0.4823773205280304,0
70790107,42,0,0.3520744740962982,0
70790368,42,0,0.7988584637641907,1
70790524,42,0,0.48238661885261536,0
70790532,42,0,0.4397887587547302,0
70791195,42,0,0.7298025488853455,1
70791449,42,0,0.9395899176597595,1
70791531,42,0,0.368204802274704,0
70791691,42,0,0.49740204215049744,0
70791700,42,0,0.7047637701034546,1
70793843,42,0,0.67066490650177,1
70794158,42,0,0.20406609773635864,0
70794181,42,0,0.692136824131012,1
70794433,42,0,0.6032075881958008,0
70794785,42,0,0.6635456681251526,0
70794794,42,0,0.7560527324676514,1
70794805,42,0,0.554972767829895,0
70794859,42,0,0.3977043926715851,0
70795227,42,0,0.5913008451461792,0
70795614,42,0,0.3045857548713684,0
70801059,42,0,0.5583170652389526,0
70801166,42,0,0.7220637798309326,1
70801372,42,0,0.5749678015708923,0
70802464,42,0,0.28414157032966614,0
70803595,42,0,0.38095027208328247,0
70803810,42,0,0.745090901851654,1
70804141,42,0,0.9079927206039429,1
70804514,42,0,0.8943288922309875,1
70804747,42,0,0.5862791538238525,0
70805017,42,0,0.4353488087654114,0
70805026,42,0,0.38300278782844543,0
70805415,42,0,0.3174041509628296,0
70806806,42,0,0.9504823088645935,1
70806814,42,0,0.6136654615402222,0
70806946,42,0,0.7187652587890625,1
70807051,42,0,0.5520554184913635,0
70807119,42,0,0.40805646777153015,0
70807168,42,0,0.2913762629032135,0
70807402,42,0,0.42678752541542053,0
70808149,42,0,0.40554383397102356,0
70808529,42,0,0.4190341532230377,0
70809047,42,0,0.31311100721359253,0
70809206,42,0,0.7193681597709656,1
70813735,42,0,0.37832286953926086,0
70816180,42,0,0.778836190700531,1
70816873,42,0,0.3657137453556061,0
70817010,42,0,0.38170719146728516,0
70818430,42,0,0.17089153826236725,0
70818590,42,0,0.2765940725803375,0
70819260,42,0,0.28942424058914185,0
70820915,42,0,0.350908488035202,0
70821374,42,0,0.28645095229148865,0
70821619,42,0,0.31671562790870667,0
70822477,42,0,0.4353775978088379,0
70822741,42,0,0.24127379059791565,0
70823472,42,0,0.13331525027751923,0
70823507,42,0,0.3086777627468109,0
70823638,42,0,0.38999831676483154,0
70823960,42,0,0.5719538331031799,0
70835180,42,0,0.41484272480010986,0
70836611,42,0,0.46676498651504517,0
70836619,42,0,0.4394209682941437,0
70859287,42,0,0.2508113980293274,0
70891176,42,0,0.4200776517391205,0
70891960,42,0,0.42787811160087585,0
70892401,42,0,0.8681710362434387,1
70893337,42,0,0.4049052596092224,0
70893497,42,0,0.2956834137439728,0
71019954,42,0,0.40758180618286133,0
71145869,42,0,0.7650439143180847,1
71146233,42,0,0.6041998267173767,0
71146392,42,0,0.3975524604320526,0
71146401,42,0,0.8269747495651245,1
71150530,42,0,0.3281179964542389,0
71150965,42,0,0.33191242814064026,0
71152837,42,0,0.45955920219421387,0
71153565,42,0,0.4484381675720215,0
71153737,42,0,0.3139587640762329,0
71154436,42,0,0.4215574860572815,0
71154828,42,0,0.3009883463382721,0
71154927,42,0,0.3487650156021118,0
71155941,42,0,0.35168328881263733,0
71197629,42,0,0.36296844482421875,0
71211332,42,0,0.23324352502822876,0
71228503,42,0,0.6033880710601807,0
71238929,42,0,0.3735766112804413,0
71239258,42,0,0.3741679787635803,0
71239286,42,0,0.406005859375,0
71239472,42,0,0.32557809352874756,0
71239759,42,0,0.34015581011772156,0
71239798,42,0,0.38410264253616333,0
71239816,42,0,0.40069708228111267,0
71240298,42,0,0.4039624333381653,0
71240307,42,0,0.3004612326622009,0
71240322,42,0,0.411298930644989,0
71240615,42,0,0.3754211962223053,0
71240860,42,0,0.34387776255607605,0
71241136,42,0,0.3833227753639221,0
71241657,42,0,0.40486571192741394,0
71241666,42,0,0.3865189254283905,0
71241702,42,0,0.40598639845848083,0
71242234,42,0,0.3692823648452759,0
71242487,42,0,0.39650270342826843,0
71242657,42,0,0.4293319582939148,0
71242667,42,0,0.3944653272628784,0
71242676,42,0,0.3743177056312561,0
71242885,42,0,0.38596391677856445,0
71242945,42,0,0.35776287317276,0
71243082,42,0,0.40240660309791565,0
71243105,42,0,0.3023717403411865,0
71243133,42,0,0.3562544584274292,0
71243167,42,0,0.39373764395713806,0
71243171,42,0,0.35650867223739624,0
71243372,42,0,0.3612854778766632,0
71243443,42,0,0.3611806035041809,0
71449174,42,1,0.9420422911643982,1
71449573,42,1,0.9302525520324707,1
71450190,42,1,0.8967272639274597,1
71450194,42,1,0.9114980697631836,1
71450339,42,1,0.9092008471488953,1
71450359,42,0,0.9108129143714905,1
71450516,42,1,0.9088790416717529,1
71450526,42,1,0.916108250617981,1
71450697,42,1,0.9376512765884399,1
71450704,42,1,0.9097242951393127,1
71450731,42,1,0.9115613698959351,1
71450904,42,1,0.9241061806678772,1
71450921,42,1,0.9332654476165771,1
71451283,42,1,0.9085255265235901,1
71451628,42,1,0.8966712355613708,1
71451632,42,1,0.910200297832489,1
71451667,42,1,0.9113279581069946,1
71451822,42,1,0.928065836429596,1
71452206,42,0,0.9258201122283936,1
71452486,42,0,0.795028030872345,1
71452487,42,0,0.4840081036090851,0
71453835,42,0,0.8311250805854797,1
71453850,42,0,0.7935185432434082,1
71456493,42,0,0.9223302006721497,1
71456857,42,0,0.6332617402076721,0
71457236,42,0,0.8762924075126648,1
71457494,42,0,0.678718090057373,1
71457961,42,0,0.8489610552787781,1
71458178,42,0,0.6085083484649658,0
71459046,42,0,0.8391976356506348,1
71460296,42,1,0.9316328167915344,1
71460678,42,0,0.34955283999443054,0
71460914,42,0,0.3541101813316345,0
71461143,42,0,0.7768745422363281,1
71462032,42,0,0.37194743752479553,0
71463388,42,0,0.8422133922576904,1
71464491,42,0,0.5513733625411987,0
71464875,42,0,0.46315890550613403,0
71465425,42,0,0.7004620432853699,1
71465572,42,0,0.7959717512130737,1
71465577,42,0,0.3983597457408905,0
71465621,42,0,0.8730172514915466,1
71465831,42,0,0.526037871837616,0
71465949,42,0,0.7193649411201477,1
71466671,42,0,0.21758593618869781,0
71466686,42,0,0.7654452323913574,1
71466699,42,0,0.7445563077926636,1
71469019,42,0,0.7999129295349121,1
71469233,42,0,0.8160616755485535,1
71469450,42,0,0.4602411687374115,0
71469770,42,0,0.7926372289657593,1
71469947,42,0,0.599966824054718,0
71470051,42,0,0.6252310872077942,0
71470056,42,0,0.4320225715637207,0
71470269,42,0,0.3623248338699341,0
71470682,42,0,0.7605341672897339,1
71471219,42,0,0.87345951795578,1
71471977,42,0,0.6675658822059631,0
71472038,42,0,0.3968444764614105,0
71472208,42,0,0.340567409992218,0
71472455,42,0,0.9209754467010498,1
71472472,42,0,0.40748879313468933,0
71473508,42,0,0.8321043848991394,1
71473944,42,1,0.8547471165657043,1
71474544,42,0,0.4043939709663391,0
71474778,42,0,0.7580705881118774,1
71475230,42,0,0.8364090323448181,1
71475838,42,0,0.5949033498764038,0
71479939,42,0,0.38587450981140137,0
71480706,42,0,0.38042721152305603,0
71481196,42,0,0.3293607234954834,0
71484551,42,0,0.2756146192550659,0
71484566,42,0,0.6327038407325745,0
71488778,42,0,0.3104710578918457,0
71492105,42,0,0.3554573059082031,0
71493745,42,0,0.3449464440345764,0
71493868,42,0,0.6707338690757751,1
71539583,42,0,0.3384441137313843,0
71539918,42,0,0.12396178394556046,0
71540013,42,0,0.4381024241447449,0
71659400,42,0,0.6638063192367554,0
71748299,42,1,0.9114010334014893,1
71748300,42,1,0.9231017827987671,1
71748458,42,1,0.9061408638954163,1
71748770,42,1,0.9222866892814636,1
71749633,42,1,0.9366692900657654,1
71756544,42,0,0.41105514764785767,0
71758069,42,0,0.22853794693946838,0
71759106,42,0,0.40700438618659973,0
71759111,42,0,0.8624838590621948,1
71759938,42,0,0.8762349486351013,1
71760351,42,0,0.6563066244125366,0
71760568,42,0,0.6833555102348328,1
71761861,42,0,0.35746392607688904,0
71762262,42,0,0.43481385707855225,0
71762296,42,0,0.8794924020767212,1
71763617,42,0,0.7468922138214111,1
71763830,42,0,0.3523305356502533,0
71765028,42,0,0.6110830307006836,0
71765185,42,0,0.3704899251461029,0
71769536,42,0,0.61981201171875,0
71769835,42,0,0.8068975210189819,1
71770124,42,0,0.41606616973876953,0
71770132,42,1,0.6527066230773926,0
71770457,42,0,0.4057880640029907,0
71771201,42,0,0.8499079942703247,1
71771911,42,0,0.7474609613418579,1
71772140,42,0,0.5252804756164551,0
71773389,42,1,0.5547906160354614,0
71773399,42,0,0.8727935552597046,1
71773755,42,0,0.6054472327232361,0
71774000,42,0,0.39111027121543884,0
71774214,42,1,0.7586550712585449,1
71774443,42,0,0.8448874950408936,1
71774454,42,0,0.7748227715492249,1
71774573,42,0,0.6621626019477844,0
71774870,42,0,0.25830790400505066,0
71780531,42,0,0.41749048233032227,0
71781221,42,0,0.8443649411201477,1
71781238,42,0,0.5658227205276489,0
71781383,42,0,0.6788852214813232,1
71781603,42,0,0.2624655067920685,0
71782193,42,0,0.46394258737564087,0
71782454,42,0,0.2170497477054596,0
71783466,42,0,0.27688923478126526,0
71783665,42,0,0.3866254687309265,0
71784334,42,0,0.3061416745185852,0
71784347,42,0,0.3515823185443878,0
71785237,42,0,0.38833165168762207,0
71785244,42,1,0.7645375728607178,1
71785486,42,0,0.25976303219795227,0
71785941,42,0,0.8252639174461365,1
71787142,42,0,0.45978882908821106,0
71792058,42,0,0.4114810526371002,0
71803875,42,0,0.5511105060577393,0
71817211,42,0,0.32752180099487305,0
71820973,42,0,0.4868100881576538,0
71822491,42,0,0.37645065784454346,0
71822684,42,0,0.393536776304245,0
71822765,42,0,0.3954560458660126,0
71822772,42,0,0.3703635334968567,0
71822782,42,0,0.4303789734840393,0
71822792,42,0,0.39681729674339294,0
71822801,42,0,0.38328081369400024,0
71822809,42,0,0.357364296913147,0
71822812,42,0,0.3937951326370239,0
71823695,42,0,0.3573058247566223,0
71852969,42,0,0.3417758047580719,0
71987809,42,1,0.9273481965065002,1
71987847,42,1,0.9196736216545105,1
71987983,42,1,0.9258615970611572,1
71987987,42,1,0.9226953387260437,1
71988265,42,1,0.932890772819519,1
71988421,42,1,0.9322358965873718,1
71988422,42,1,0.9303745031356812,1
71988426,42,1,0.930338978767395,1
71988430,42,1,0.9316909313201904,1
71988433,42,1,0.9302583336830139,1
71988438,42,1,0.9232476949691772,1
71988444,42,1,0.9266212582588196,1
71988450,42,1,0.4182049334049225,0
71988707,42,1,0.9274172782897949,1
71988716,42,1,0.910759449005127,1
71988749,42,1,0.9252350330352783,1
71988753,42,1,0.9319664835929871,1
71988756,42,1,0.9349476099014282,1
71988771,42,1,0.9321327209472656,1
71988781,42,1,0.930934488773346,1
71988920,42,1,0.930506706237793,1
71988925,42,1,0.9177343845367432,1
71988968,42,1,0.8817539215087891,1
71989154,42,1,0.8855156302452087,1
71989158,42,1,0.9155700206756592,1
71989168,42,1,0.9242332577705383,1
71989346,42,1,0.9293859601020813,1
71989358,42,1,0.9051669836044312,1
71989369,42,1,0.932788074016571,1
71989375,42,1,0.9183849692344666,1
71989382,42,1,0.9261391162872314,1
71989395,42,1,0.8980710506439209,1
71989402,42,1,0.9323580265045166,1
71989670,42,1,0.9268397688865662,1
71989674,42,1,0.9252485632896423,1
71989678,42,1,0.9301528930664062,1
71989681,42,1,0.9231502413749695,1
71989683,42,1,0.929226279258728,1
71989973,42,1,0.9332030415534973,1
71989979,42,1,0.9149835109710693,1
71989982,42,1,0.924041211605072,1
71989984,42,1,0.93085777759552,1
71989985,42,1,0.9350889325141907,1
71989992,42,1,0.8990877270698547,1
71990001,42,1,0.9308474063873291,1
71990017,42,1,0.9340867400169373,1
71990171,42,1,0.9184086918830872,1
71990384,42,1,0.9339159727096558,1
71990565,42,1,0.9317758083343506,1
71990611,42,1,0.9232609868049622,1
71990615,42,1,0.9225497245788574,1
71990813,42,1,0.9331724047660828,1
71990821,42,1,0.9260768890380859,1
71992246,42,0,0.684894323348999,1
71992858,42,1,0.9176076650619507,1
71993480,42,1,0.8931853175163269,1
71994046,42,1,0.9317128658294678,1
71994055,42,1,0.9277907609939575,1
71994276,42,0,0.7078578472137451,1
71996752,42,0,0.5477854013442993,0
71997284,42,0,0.4824083149433136,0
71997478,42,0,0.9296576976776123,1
71998553,42,0,0.8295173645019531,1
72000063,42,0,0.7800017595291138,1
72000748,42,0,0.8179927468299866,1
72001817,42,0,0.9065430164337158,1
72003442,42,0,0.8783034086227417,1
72004593,42,1,0.9240214824676514,1
72004790,42,0,0.3499343991279602,0
72007135,42,0,0.8294467329978943,1
72007399,42,0,0.3989228904247284,0
72008272,42,0,0.7849417328834534,1
72008416,42,0,0.7367244362831116,1
72012406,42,1,0.7889258861541748,1
72012766,42,0,0.5485478639602661,0
72013370,42,0,0.8009395003318787,1
72013409,42,0,0.6529037356376648,0
72013556,42,1,0.6291564106941223,0
72013644,42,0,0.21489866077899933,0
72014021,42,0,0.4592623710632324,0
72014983,42,0,0.6799117922782898,1
72014986,42,0,0.8695712685585022,1
72015069,42,1,0.35809382796287537,0
72015079,42,0,0.816103994846344,1
72015084,42,1,0.907448947429657,1
72015519,42,0,0.3678474724292755,0
72015787,42,0,0.6997132301330566,1
72015797,42,0,0.6309797167778015,0
72015849,42,0,0.7877681851387024,1
72016026,42,0,0.8062075972557068,1
72016412,42,0,0.731516420841217,1
72019319,42,0,0.3982686996459961,0
72020860,42,0,0.858104944229126,1
72021738,42,0,0.722125232219696,1
72023648,42,0,0.498247355222702,0
72026789,42,0,0.871577799320221,1
72027347,42,0,0.21125002205371857,0
72027559,42,0,0.5918494462966919,0
72027726,42,0,0.5202657580375671,0
72027995,42,0,0.5391800403594971,0
72029050,42,0,0.41502416133880615,0
72029285,42,0,0.384429395198822,0
72029786,42,0,0.7227681279182434,1
72030404,42,0,0.7506389617919922,1
72031891,42,0,0.2240159809589386,0
72034735,42,1,0.5301536321640015,0
72035146,42,0,0.22215551137924194,0
72035782,42,0,0.6040487885475159,0
72037984,42,0,0.37800270318984985,0
72038038,42,0,0.3895942270755768,0
72038081,42,0,0.39673081040382385,0
72039705,42,0,0.5194544792175293,0
72039808,42,0,0.8002278804779053,1
72040005,42,0,0.320368230342865,0
72040579,42,0,0.2419222891330719,0
72040841,42,0,0.9222116470336914,1
72047881,42,0,0.2196846604347229,0
72048321,42,0,0.38647782802581787,0
72048340,42,0,0.9011780619621277,1
72049494,42,0,0.3598187267780304,0
72052004,42,0,0.5330552458763123,0
72066483,42,0,0.5773195624351501,0
72097077,42,0,0.3032171428203583,0
72097671,42,0,0.4202336370944977,0
72098166,42,0,0.43849441409111023,0
72099728,42,0,0.4625459611415863,0
72291259,42,0,0.42993593215942383,0
72292001,42,0,0.09263826906681061,0
72292510,42,0,0.35103046894073486,0
72292587,42,1,0.823123037815094,1
72293189,42,0,0.6235504746437073,0
72294238,42,1,0.8629327416419983,1
72294265,42,1,0.9535007476806641,1
72294566,42,0,0.7261996269226074,1
72294609,42,1,0.9067842960357666,1
72294986,42,0,0.9456028342247009,1
72295072,42,1,0.8270591497421265,1
72295214,42,1,0.907089352607727,1
72295228,42,1,0.8055466413497925,1
72295260,42,1,0.8849851489067078,1
72295265,42,1,0.8971422910690308,1
72295285,42,0,0.8897480964660645,1
72296563,42,1,0.8351127505302429,1
72297314,42,1,0.9029596447944641,1
72297799,42,0,0.4265504777431488,0
72297803,42,1,0.9374246001243591,1
72298296,42,0,0.5941770076751709,0
72299900,42,0,0.7192726135253906,1
72299921,42,0,0.8420118689537048,1
72300741,42,0,0.704038143157959,1
72301118,42,1,0.9113969802856445,1
72301127,42,0,0.2820926308631897,0
72301311,42,0,0.598015308380127,0
72301537,42,0,0.42998120188713074,0
72301539,42,0,0.7929039001464844,1
72302236,42,1,0.948523998260498,1
72303983,42,0,0.8679777383804321,1
72304469,42,0,0.23234882950782776,0
72304550,42,0,0.22573046386241913,0
72305744,42,0,0.8153658509254456,1
72306197,42,0,0.23219707608222961,0
72306537,42,0,0.8847306966781616,1
72306725,42,0,0.5872597694396973,0
72306791,42,0,0.7842631936073303,1
72306803,42,0,0.6330229043960571,0
72307355,42,0,0.9280429482460022,1
72307356,42,0,0.8569049835205078,1
72307609,42,0,0.6104714870452881,0
72307784,42,0,0.8492429852485657,1
72307823,42,0,0.6818726658821106,1
72307975,42,0,0.9171907305717468,1
72308400,42,0,0.7340810298919678,1
72309889,42,0,0.3636724650859833,0
72309891,42,0,0.8969813585281372,1
72310080,42,0,0.8814107179641724,1
72310282,42,0,0.7339805364608765,1
72310288,42,0,0.6317313313484192,0
72310912,42,0,0.6871166825294495,1
72310963,42,0,0.8428730368614197,1
72311131,42,0,0.8278092741966248,1
72311922,42,0,0.46929702162742615,0
72312160,42,0,0.807371973991394,1
72312179,42,0,0.886258602142334,1
72312181,42,0,0.31940367817878723,0
72312259,42,0,0.6090743541717529,0
72312912,42,0,0.8641164302825928,1
72313140,42,0,0.8925045132637024,1
72313143,42,0,0.6310821771621704,0
72313155,42,0,0.8551545143127441,1
72313159,42,0,0.9443114995956421,1
72313164,42,0,0.39957040548324585,0
72313178,42,0,0.4528484046459198,0
72313182,42,0,0.6598619222640991,0
72313330,42,0,0.8986552357673645,1
72313640,42,0,0.426434725522995,0
72313653,42,0,0.4714803099632263,0
72313845,42,0,0.433441162109375,0
72313847,42,0,0.3370707333087921,0
72313850,42,0,0.8210658431053162,1
72314131,42,0,0.43594440817832947,0
72314623,42,0,0.7013084292411804,1
72314903,42,0,0.4702645242214203,0
72315120,42,0,0.9014559388160706,1
72315122,42,0,0.7347163558006287,1
72315168,42,0,0.6066046953201294,0
72315761,42,0,0.36487165093421936,0
72319808,42,0,0.8655728101730347,1
72320393,42,0,0.341456800699234,0
72321939,42,0,0.528439462184906,0
72322745,42,0,0.6340329647064209,0
72322753,42,0,0.5744859576225281,0
72322933,42,0,0.4819656312465668,0
72323161,42,0,0.5542243719100952,0
72324511,42,0,0.573902428150177,0
72324936,42,0,0.8437822461128235,1
72325120,42,0,0.3821318447589874,0
72326551,42,0,0.9217671155929565,1
72326805,42,0,0.836759626865387,1
72331196,42,0,0.6636723875999451,0
72331198,42,0,0.7690567970275879,1
72331203,42,0,0.6192664504051208,0
72332073,42,0,0.4976162016391754,0
72336579,42,0,0.8913764953613281,1
72336581,42,0,0.7397717833518982,1
72336793,42,0,0.3656664490699768,0
72337013,42,0,0.7723090648651123,1
72337228,42,0,0.38695454597473145,0
72337299,42,0,0.8566387891769409,1
72337608,42,1,0.3406418263912201,0
72338353,42,1,0.8327949643135071,1
72339826,42,0,0.6661925911903381,0
72339830,42,0,0.8878821730613708,1
72340896,42,0,0.7889174222946167,1
72341023,42,0,0.9017431139945984,1
72341034,42,0,0.8153948783874512,1
72341278,42,1,0.6491310596466064,0
72341286,42,0,0.5559541583061218,0
72341693,42,0,0.6247314214706421,0
72341732,42,0,0.7338809370994568,1
72341904,42,0,0.5485234260559082,0
72341911,42,0,0.3936786949634552,0
72342357,42,0,0.27538564801216125,0
72342563,42,0,0.7023448944091797,1
72342571,42,0,0.9179137349128723,1
72342800,42,1,0.8616496920585632,1
72343824,42,0,0.8199759125709534,1
72343867,42,0,0.7846764326095581,1
72343965,42,0,0.2358638197183609,0
72344271,42,0,0.46460646390914917,0
72344466,42,0,0.31466853618621826,0
72344713,42,0,0.4863668978214264,0
72344729,42,0,0.3869534134864807,0
72345006,42,0,0.4782417416572571,0
72345473,42,0,0.414720743894577,0
72345714,42,0,0.4314670264720917,0
72345721,42,0,0.6837305426597595,1
72356893,42,0,0.8588705658912659,1
72357295,42,0,0.49857866764068604,0
72357297,42,0,0.5335550308227539,0
72357299,42,0,0.4605999290943146,0
72358846,42,0,0.37462151050567627,0
72360035,42,0,0.7503294348716736,1
72360350,42,0,0.8939682245254517,1
72360542,42,0,0.8530751466751099,1
72360797,42,0,0.48412880301475525,0
72361914,42,0,0.4475455582141876,0
72363609,42,0,0.22647255659103394,0
72363969,42,0,0.309457391500473,0
72365292,42,0,0.2561406195163727,0
72366178,42,0,0.5664781332015991,0
72366187,42,0,0.6370041370391846,0
72366190,42,0,0.7694663405418396,1
72366200,42,0,0.4163377583026886,0
72366373,42,0,0.8259515166282654,1
72366379,42,0,0.9239397644996643,1
72366603,42,0,0.4021605849266052,0
72367456,42,0,0.38285356760025024,0
72369621,42,0,0.26136645674705505,0
72370201,42,0,0.40958371758461,0
72370495,42,0,0.3199257552623749,0
72372624,42,0,0.2919761836528778,0
72373063,42,0,0.4123687446117401,0
72373071,42,0,0.42140960693359375,0
72373093,42,0,0.3949284553527832,0
72376585,42,0,0.7805206775665283,1
72376589,42,0,0.26569512486457825,0
72376666,42,0,0.9200255274772644,1
72376896,42,1,0.42962267994880676,0
72376933,42,1,0.8006094694137573,1
72391022,42,0,0.44460102915763855,0
72394107,42,0,0.8220148682594299,1
72394110,42,0,0.6670827269554138,0
72395378,42,0,0.39596036076545715,0
72396367,42,0,0.32960060238838196,0
72397090,42,0,0.35690608620643616,0
72399707,42,0,0.6797313690185547,1
72399758,42,0,0.31191107630729675,0
72401814,42,0,0.6131041049957275,0
72404137,42,0,0.3395146429538727,0
72405382,42,0,0.35084816813468933,0
72406025,42,0,0.2678273320198059,0
72406245,42,0,0.2875911295413971,0
72461221,42,0,0.8054661154747009,1
72601480,42,1,0.9543823003768921,1
72601509,42,1,0.955203652381897,1
72601861,42,1,0.9573032259941101,1
72601867,42,1,0.9530696272850037,1
72601922,42,1,0.9267603158950806,1
72603109,42,1,0.9224153757095337,1
72604100,42,1,0.9581741690635681,1
72628651,42,1,0.9551366567611694,1
72628700,42,1,0.9549309611320496,1
72628936,42,1,0.9590972661972046,1
72629365,42,1,0.956814706325531,1
72629506,42,1,0.9579035043716431,1
72629711,42,1,0.9250756502151489,1
72629836,42,1,0.9590045213699341,1
72629939,42,0,0.5123302340507507,0
72629945,42,1,0.959688663482666,1
72630340,42,1,0.9095625281333923,1
72630544,42,0,0.8386120796203613,1
72630995,42,1,0.9192562103271484,1
72631002,42,1,0.9728617072105408,1
72631010,42,1,0.9227324724197388,1
72631015,42,1,0.9578819274902344,1
72631022,42,1,0.9550766348838806,1
72631257,42,1,0.955244779586792,1
72631469,42,1,0.9574190378189087,1
72631632,42,1,0.9591870903968811,1
72632574,42,1,0.9228026270866394,1
72632811,42,1,0.9260116219520569,1
72637933,42,1,0.9035834074020386,1
72639720,42,0,0.6664263606071472,0
72639751,42,0,0.7334775328636169,1
72640196,42,0,0.7549284100532532,1
72640345,42,1,0.9126526713371277,1
72640759,42,0,0.46814092993736267,0
72641071,42,1,0.9528589248657227,1
72641085,42,0,0.3942640423774719,0
72642610,42,1,0.8376278877258301,1
72644357,42,0,0.22453723847866058,0
72644638,42,0,0.6944698095321655,1
72645140,42,0,0.6244118809700012,0
72645876,42,0,0.6895228624343872,1
72646376,42,0,0.22423428297042847,0
72646662,42,0,0.19313834607601166,0
72646907,42,0,0.47793683409690857,0
72647033,42,0,0.499005526304245,0
72647164,42,0,0.7769401669502258,1
72647737,42,0,0.4669222831726074,0
72648570,42,0,0.3255282938480377,0
72649775,42,0,0.8946734070777893,1
72649786,42,0,0.7225483059883118,1
72650058,42,0,0.6981852650642395,1
72651643,42,0,0.7967993021011353,1
72651665,42,0,0.5075291991233826,0
72651673,42,0,0.3147932291030884,0
72652189,42,0,0.801606297492981,1
72652439,42,0,0.8116840720176697,1
72653185,42,0,0.7757903337478638,1
72653817,42,0,0.8169437646865845,1
72653864,42,0,0.42524054646492004,0
72654319,42,0,0.8732226490974426,1
72654382,42,0,0.3661789000034332,0
72654942,42,0,0.9225896000862122,1
72655069,42,0,0.4054025411605835,0
72655345,42,0,0.8039334416389465,1
72656691,42,0,0.44942960143089294,0
72656758,42,0,0.37017807364463806,0
72659140,42,0,0.6457317471504211,0
72661085,42,0,0.7765142917633057,1
72663059,42,0,0.43325290083885193,0
72663371,42,0,0.6694803833961487,0
72663385,42,0,0.5330387949943542,0
72664211,42,0,0.27406278252601624,0
72665149,42,0,0.2795914113521576,0
72666357,42,0,0.5204256176948547,0
72667271,42,0,0.39947912096977234,0
72668235,42,0,0.31428301334381104,0
72668944,42,0,0.4288925528526306,0
72669691,42,0,0.18592078983783722,0
72670152,42,0,0.47230398654937744,0
72670860,42,0,0.3779876232147217,0
72672420,42,0,0.3298547863960266,0
72673452,42,0,0.5028749108314514,0
72673478,42,0,0.4892251193523407,0
72674702,42,0,0.6481351256370544,0
72675132,42,0,0.7994346022605896,1
72675576,42,0,0.6343231201171875,0
72675584,42,0,0.6166078448295593,0
72676192,42,0,0.8035029768943787,1
72676611,42,0,0.3593342900276184,0
72676869,42,0,0.7120260000228882,1
72678124,42,0,0.5241692662239075,0
72678310,42,0,0.7011539340019226,1
72679040,42,0,0.28457239270210266,0
72679147,42,0,0.6348167061805725,0
72679225,42,0,0.5518853068351746,0
72681803,42,0,0.5137463808059692,0
72683236,42,0,0.8478561043739319,1
72683820,42,0,0.7022606730461121,1
72684331,42,0,0.5001563429832458,0
72685157,42,0,0.8423334956169128,1
72686846,42,0,0.3386264443397522,0
72687354,42,0,0.9018003344535828,1
72689494,42,0,0.7780529856681824,1
72689707,42,0,0.7272372245788574,1
72693336,42,0,0.3239433765411377,0
72705215,42,0,0.385276198387146,0
72705395,42,0,0.2596583068370819,0
72705659,42,0,0.6844813823699951,1
72709712,42,0,0.5590982437133789,0
72709717,42,0,0.3877204358577728,0
72710228,42,0,0.3861047029495239,0
72712942,42,0,0.4172522723674774,0
72713030,42,0,0.7885922789573669,1
72713730,42,0,0.37797945737838745,0
72715474,42,0,0.8001143336296082,1
72716416,42,0,0.8310534954071045,1
72716970,42,0,0.7880077958106995,1
72719465,42,0,0.44976940751075745,0
72720221,42,0,0.541290283203125,0
72728376,42,0,0.71624356508255,1
72729837,42,0,0.46367666125297546,0
72734757,42,0,0.46772247552871704,0
72734954,42,0,0.5350690484046936,0
72737084,42,0,0.3252714276313782,0
72737121,42,0,0.8360275030136108,1
72737134,42,0,0.4844270348548889,0
72738051,42,0,0.7609118223190308,1
72738461,42,0,0.8037640452384949,1
72739291,42,0,0.6689183115959167,0
72739775,42,0,0.41529932618141174,0
72740797,42,0,0.5783364176750183,0
72740996,42,0,0.7926526665687561,1
72741006,42,0,0.8563673496246338,1
72741245,42,0,0.718785285949707,1
72741461,42,0,0.43340736627578735,0
72741476,42,0,0.6309528946876526,0
72741488,42,0,0.30988162755966187,0
72741780,42,0,0.2754848003387451,0
72745149,42,0,0.5683725476264954,0
72745393,42,0,0.3920835852622986,0
72745983,42,1,0.6930891871452332,1
72746733,42,0,0.5606962442398071,0
72748868,42,0,0.00036798996734432876,0
72753731,42,0,0.00011876134522026405,0
72754308,42,0,0.5080486536026001,0
72754576,42,0,0.35452011227607727,0
72755708,42,0,0.3646562695503235,0
72755861,42,0,0.5605887174606323,0
72755954,42,0,0.5296212434768677,0
72755962,42,0,0.4271828830242157,0
72756285,42,0,0.3103864789009094,0
72758083,42,0,0.710787296295166,1
72758664,42,0,0.23326429724693298,0
72759066,42,0,0.6039596199989319,0
72759134,42,0,0.10508744418621063,0
72761431,42,0,0.04121477156877518,0
72763583,42,0,0.13918526470661163,0
72838962,42,0,0.20616866648197174,0
72999519,42,0,0.30604997277259827,0
73000085,42,1,0.9303764700889587,1
73000655,42,1,0.9296529293060303,1
73000659,42,1,0.9365108609199524,1
73000832,42,1,0.934728741645813,1
73000840,42,1,0.9326918125152588,1
73000845,42,1,0.9293460249900818,1
73000853,42,1,0.9291149377822876,1
73001042,42,1,0.9367057085037231,1
73001046,42,1,0.9316443800926208,1
73001401,42,1,0.9303522706031799,1
73001461,42,1,0.9306807518005371,1
73001620,42,1,0.9289133548736572,1
73001623,42,1,0.9359034299850464,1
73001655,42,1,0.9231281876564026,1
73002101,42,0,0.7086469531059265,1
73002476,42,1,0.931520938873291,1
73002538,42,1,0.9319959878921509,1
73002816,42,1,0.9333454370498657,1
73002915,42,1,0.888231098651886,1
73003335,42,1,0.9298871755599976,1
73003343,42,1,0.9336515665054321,1
73003348,42,1,0.9253391027450562,1
73003525,42,1,0.9257763624191284,1
73003591,42,1,0.9264894723892212,1
73003879,42,1,0.8873627185821533,1
73003883,42,1,0.9331080913543701,1
73003888,42,1,0.9331600666046143,1
73004404,42,1,0.933553159236908,1
73005229,42,0,0.08144227415323257,0
73005552,42,0,0.5533647537231445,0
73005569,42,0,0.38696712255477905,0
73007033,42,1,0.8618295788764954,1
73008504,42,0,0.3789060115814209,0
73008506,42,0,0.18522851169109344,0
73008508,42,0,0.38199782371520996,0
73008812,42,0,0.386633038520813,0
73010759,42,1,0.8448261022567749,1
73010956,42,0,0.8062077164649963,1
73011011,42,0,0.6923031210899353,1
73014320,42,0,0.49293845891952515,0
73014329,42,0,0.6755585670471191,1
73014363,42,0,0.571612536907196,0
73014398,42,0,0.8230694532394409,1
73014404,42,0,0.3970259726047516,0
73014822,42,0,0.3294845521450043,0
73014934,42,0,0.45834434032440186,0
73015021,42,0,0.7509270906448364,1
73015146,42,0,0.607824981212616,0
73015230,42,0,0.4626883268356323,0
73015320,42,0,0.4547896683216095,0
73015430,42,0,0.5356159210205078,0
73015442,42,0,0.4992789924144745,0
73015447,42,0,0.5936576724052429,0
73015688,42,0,0.48458531498908997,0
73015875,42,0,0.8274009823799133,1
73015884,42,0,0.6528691053390503,0
73016077,42,0,0.5780190825462341,0
73016086,42,0,0.48340922594070435,0
73016471,42,0,0.224537193775177,0
73018491,42,0,0.6193403005599976,0
73018737,42,0,0.6564040184020996,0
73018738,42,0,0.5152324438095093,0
73018941,42,0,0.45839428901672363,0
73018948,42,0,0.6785678267478943,1
73019070,42,0,0.49836266040802,0
73019084,42,0,0.43611574172973633,0
73019102,42,0,0.6995232701301575,1
73019109,42,0,0.4953978955745697,0
73019135,42,0,0.34891238808631897,0
73019144,42,0,0.354945570230484,0
73019292,42,0,0.4340546429157257,0
73019377,42,0,0.4911653399467468,0
73019493,42,0,0.4218958020210266,0
73019502,42,0,0.47361069917678833,0
73019567,42,0,0.3851228952407837,0
73019577,42,0,0.6004577279090881,0
73019690,42,0,0.5624840259552002,0
73019920,42,0,0.2580229938030243,0
73019923,42,0,0.7807731628417969,1
73019926,42,0,0.54338139295578,0
73019984,42,0,0.5262512564659119,0
73020281,42,0,0.5743883848190308,0
73020431,42,0,0.5853433609008789,0
73020435,42,0,0.35386765003204346,0
73020472,42,0,0.46102404594421387,0
73020636,42,0,0.6933596134185791,1
73020810,42,0,0.868430495262146,1
73021044,42,0,0.6932101249694824,1
73021066,42,0,0.579188883304596,0
73021266,42,0,0.2877989411354065,0
73021459,42,0,0.6720455288887024,1
73021471,42,0,0.5383232235908508,0
73021481,42,0,0.5319629907608032,0
73021894,42,0,0.7375244498252869,1
73021908,42,0,0.43440529704093933,0
73021915,42,0,0.5417673587799072,0
73021919,42,0,0.28513383865356445,0
73021926,42,0,0.8169843554496765,1
73022213,42,0,0.5648870468139648,0
73022404,42,0,0.3648317754268646,0
73022417,42,0,0.4885767102241516,0
73022550,42,0,0.5607749223709106,0
73022640,42,0,0.512177586555481,0
73023004,42,0,0.3716453015804291,0
73023010,42,0,0.3629230558872223,0
73023074,42,0,0.5214618444442749,0
73023264,42,0,0.34220975637435913,0
73023461,42,0,0.5027980804443359,0
73023585,42,0,0.3137585520744324,0
73023591,42,0,0.4622827172279358,0
73023605,42,0,0.5411004424095154,0
73023663,42,0,0.40775182843208313,0
73023669,42,0,0.4264356195926666,0
73023889,42,0,0.48229238390922546,0
73024100,42,0,0.5247520208358765,0
73024104,42,0,0.6027735471725464,0
73024110,42,0,0.49094533920288086,0
73024332,42,0,0.4791354835033417,0
73024374,42,0,0.7151091694831848,1
73024518,42,0,0.8890877962112427,1
73024526,42,0,0.3286173641681671,0
73024528,42,0,0.39570075273513794,0
73024534,42,0,0.5696582198143005,0
73024717,42,0,0.568290114402771,0
73024935,42,0,0.3839595317840576,0
73024948,42,0,0.30279070138931274,0
73024950,42,0,0.8126906752586365,1
73024953,42,0,0.4977976977825165,0
73024958,42,0,0.5621254444122314,0
73025156,42,0,0.479248583316803,0
73025563,42,0,0.44558197259902954,0
73025576,42,0,0.3821963667869568,0
73025586,42,0,0.3680560886859894,0
73025596,42,0,0.5732409358024597,0
73025604,42,0,0.4453628957271576,0
73025671,42,0,0.7392353415489197,1
73025810,42,0,0.5366867184638977,0
73025819,42,0,0.7050985097885132,1
73025997,42,0,0.7340741157531738,1
73026007,42,0,0.7485136985778809,1
73026024,42,0,0.6436294317245483,0
73026031,42,0,0.31673505902290344,0
73026118,42,0,0.5121803283691406,0
73026129,42,0,0.23597358167171478,0
73026178,42,0,0.39242613315582275,0
73026182,42,0,0.19529739022254944,0
73026189,42,0,0.519290566444397,0
73026249,42,0,0.5332654714584351,0
73026253,42,0,0.473234087228775,0
73026359,42,0,0.4427613615989685,0
73026449,42,0,0.7005383372306824,1
73026544,42,0,0.4104706048965454,0
73026728,42,0,0.64483243227005,0
73026785,42,0,0.539438009262085,0
73026786,42,0,0.5176412463188171,0
73026897,42,0,0.5265352129936218,0
73026898,42,0,0.34032049775123596,0
73026903,42,0,0.601333498954773,0
73026941,42,0,0.3238493800163269,0
73027117,42,0,0.3454987108707428,0
73027128,42,0,0.5597060322761536,0
73027133,42,0,0.6034281253814697,0
73027305,42,0,0.7052339315414429,1
73027470,42,0,0.43805500864982605,0
73027475,42,0,0.35513055324554443,0
73027480,42,0,0.3068058490753174,0
73027652,42,0,0.613836944103241,0
73027656,42,0,0.6848540306091309,1
73027823,42,0,0.5639788508415222,0
73027839,42,0,0.24936190247535706,0
73027845,42,0,0.6839195489883423,1
73027868,42,0,0.23489776253700256,0
73027872,42,0,0.4333600699901581,0
73027878,42,0,0.4800623655319214,0
73027886,42,0,0.35137584805488586,0
73027901,42,0,0.32205867767333984,0
73027909,42,0,0.5195450186729431,0
73028219,42,0,0.719748854637146,1
73028355,42,0,0.48777443170547485,0
73028551,42,0,0.40170809626579285,0
73028563,42,0,0.4555453062057495,0
73028570,42,0,0.6413126587867737,0
73028575,42,0,0.5142543911933899,0
73029338,42,0,0.4103693664073944,0
73029640,42,0,0.8493423461914062,1
73029817,42,0,0.4798898994922638,0
73030622,42,0,0.2941160500049591,0
73031052,42,0,0.5304368138313293,0
73040798,42,0,0.44746458530426025,0
73040985,42,0,0.7990812063217163,1
73041100,42,0,0.7576755881309509,1
73041603,42,0,0.37745389342308044,0
73042467,42,1,0.46302086114883423,0
73043032,42,0,0.4358983337879181,0
73044247,42,0,0.18108318746089935,0
73045845,42,0,0.42220017313957214,0
73046246,42,0,0.508113443851471,0
73046407,42,0,0.6566540002822876,0
73047642,42,0,0.8094910383224487,1
73077092,42,0,0.7553402781486511,1
73077620,42,0,0.4667297303676605,0
73078614,42,0,0.3764338195323944,0
73078843,42,0,0.5133630633354187,0
73079192,42,0,0.6244696974754333,0
73079635,42,0,0.5010054111480713,0
73079735,42,0,0.36867475509643555,0
73080342,42,0,0.44695305824279785,0
73080384,42,0,0.4551568329334259,0
73080824,42,0,0.3954688012599945,0
73080834,42,0,0.2894681990146637,0
73081948,42,0,0.32242217659950256,0
73093640,42,0,0.5347738265991211,0
73093645,42,0,0.406391441822052,0
73093651,42,0,0.522492527961731,0
73093655,42,0,0.4077051281929016,0
73093659,42,0,0.4254959225654602,0
73093813,42,0,0.42956724762916565,0
73093815,42,0,0.4635777473449707,0
73093992,42,0,0.4156460165977478,0
73095809,42,0,0.4375266432762146,0
73101812,42,0,0.38430678844451904,0
73102693,42,0,0.6861275434494019,1
73104113,42,0,0.5305696129798889,0
73109960,42,0,0.3306448459625244,0
73111780,42,0,0.6647137403488159,0
73111809,42,0,0.37067773938179016,0
73114036,42,0,0.7504652738571167,1
73114041,42,0,0.8276392817497253,1
73114078,42,0,0.3645760118961334,0
73115165,42,0,0.5088897347450256,0
73118516,42,0,0.0008840675000101328,0
73124684,42,0,0.6267274618148804,0
73125005,42,0,0.46693193912506104,0
73125362,42,0,0.3363817036151886,0
73126242,42,0,0.3661401569843292,0
73126392,42,0,0.2784467935562134,0
73126421,42,0,0.3211255371570587,0
73126722,42,0,0.19869306683540344,0
73127308,42,0,0.4283432960510254,0
73127320,42,0,0.44274985790252686,0
73127326,42,0,0.4274267852306366,0
73127721,42,0,0.423589289188385,0
73127726,42,0,0.40991950035095215,0
73127901,42,0,0.6797080039978027,1
73128058,42,0,0.7448386549949646,1
73128068,42,0,0.5384559631347656,0
73128790,42,0,0.6907526254653931,1
73128797,42,0,0.6089388132095337,0
73128988,42,0,0.4711579978466034,0
73129197,42,0,0.9436805844306946,1
73129219,42,0,0.1136743426322937,0
73130944,42,0,0.248970627784729,0
73131169,42,0,0.7220373749732971,1
73131230,42,0,0.9125407934188843,1
73131240,42,0,0.5313056111335754,0
73131471,42,0,0.606876790523529,0
73132134,42,0,0.7610334157943726,1
73132953,42,0,0.6264728307723999,0
73134945,42,0,0.8331959843635559,1
73138429,42,0,0.3600861132144928,0
73138856,42,0,0.3609491288661957,0
73140150,42,0,0.34792986512184143,0
73140646,42,0,0.4560403525829315,0
73141558,42,0,0.10479731857776642,0
73142649,42,0,0.7793703675270081,1
73142922,42,0,0.4471764862537384,0
73143399,42,0,0.4121379554271698,0
73143850,42,0,0.3769334852695465,0
73143856,42,0,0.3958711326122284,0
73144076,42,0,0.41637879610061646,0
73144105,42,0,0.42556440830230713,0
73144109,42,0,0.39237335324287415,0
73144111,42,0,0.40844812989234924,0
73150583,42,0,0.696595311164856,1
73150943,42,0,0.7546095252037048,1
73150971,42,0,0.44284093379974365,0
73152219,42,0,0.7121871709823608,1
73154554,42,1,0.8129565119743347,1
73154819,42,1,0.8956031799316406,1
73154970,42,1,0.8324231505393982,1
73155019,42,1,0.6548051834106445,0
73155254,42,1,0.809773862361908,1
73155263,42,1,0.7033486366271973,1
73155312,42,0,0.506389856338501,0
73155694,42,0,0.31293216347694397,0
73156131,42,0,0.8867527842521667,1
73156778,42,0,0.433371901512146,0
73160604,42,0,0.6720443964004517,1
73160817,42,0,0.9076982736587524,1
73161180,42,1,0.9261566996574402,1
73161944,42,0,0.8268445134162903,1
73162050,42,0,0.5203441977500916,0
73163734,42,0,0.7875349521636963,1
73164816,42,0,0.5039352178573608,0
73167593,42,0,0.7083593010902405,1
73172753,42,0,0.4899100363254547,0
73178055,42,0,0.47974252700805664,0
73181397,42,1,0.33100882172584534,0
73187401,42,0,0.696760356426239,1
73187943,42,0,0.6016805768013,0
73187952,42,0,0.49580711126327515,0
73187971,42,0,0.6317349672317505,0
73188287,42,0,0.3366544246673584,0
73191568,42,0,0.7073369026184082,1
73195119,42,0,0.47901180386543274,0
73195156,42,0,0.08911499381065369,0
73195991,42,0,0.29600054025650024,0
73206905,42,0,0.09256358444690704,0
73207645,42,0,0.3641437590122223,0
73207648,42,0,0.35584554076194763,0
73211242,42,0,0.43767568469047546,0
73218473,42,0,0.6950837969779968,1
73218502,42,0,0.35040900111198425,0
73218878,42,1,0.922970175743103,1
73218886,42,1,0.8961039185523987,1
73218902,42,0,0.49595266580581665,0
73218903,42,1,0.8961710333824158,1
73218909,42,0,0.7824136018753052,1
73218914,42,1,0.8757302761077881,1
73218919,42,1,0.9279046654701233,1
73218920,42,0,0.7768193483352661,1
73218944,42,1,0.901638925075531,1
73218946,42,0,0.6497568488121033,0
73218947,42,1,0.8963513374328613,1
73218974,42,1,0.9224926829338074,1
73218990,42,1,0.9148598313331604,1
73219228,42,1,0.922536313533783,1
73219265,42,1,0.9178711771965027,1
73219267,42,0,0.8146687150001526,1
73219430,42,1,0.813880980014801,1
73219643,42,1,0.8950884938240051,1
73219647,42,1,0.9285503029823303,1
73219655,42,0,0.4872184693813324,0
73219656,42,1,0.7553860545158386,1
73219836,42,1,0.9296985864639282,1
73220317,42,1,0.8102172017097473,1
73220428,42,1,0.8835709095001221,1
73220440,42,1,0.9154651165008545,1
73220479,42,0,0.8115927577018738,1
73220620,42,1,0.8901710510253906,1
73220626,42,1,0.9051676988601685,1
73221193,42,1,0.5997868180274963,0
73221486,42,0,0.7948755025863647,1
73221729,42,0,0.5017386674880981,0
73221980,42,0,0.6690852642059326,0
73222345,42,1,0.9227415323257446,1
73222473,42,0,0.6049134135246277,0
73223771,42,0,0.7301026582717896,1
73223960,42,1,0.7106872200965881,1
73223969,42,0,0.38111355900764465,0
73223970,42,1,0.9114114046096802,1
73223972,42,0,0.4988104999065399,0
73223974,42,1,0.8958280086517334,1
73224126,42,0,0.8576546907424927,1
73224129,42,0,0.8638927936553955,1
73224146,42,0,0.4497053623199463,0
73224307,42,1,0.9241464734077454,1
73224423,42,0,0.8521109819412231,1
73224667,42,0,0.2866259813308716,0
73227485,42,0,0.09956691414117813,0
73229857,42,0,0.4787819981575012,0
73229871,42,0,0.4644750654697418,0
73229875,42,0,0.5110139846801758,0
73230083,42,0,0.7396466732025146,1
73230086,42,0,0.43755999207496643,0
73230250,42,0,0.3405139744281769,0
73230449,42,0,0.32876113057136536,0
73230565,42,0,0.5629757642745972,0
73230569,42,0,0.8494235277175903,1
73230570,42,0,0.6861776113510132,1
73230571,42,0,0.7411279678344727,1
73230576,42,0,0.728876531124115,1
73230578,42,0,0.8767676949501038,1
73230579,42,0,0.8767067193984985,1
73230612,42,0,0.9285563826560974,1
73230613,42,0,0.578575849533081,0
73230783,42,0,0.7733113169670105,1
73230985,42,0,0.7934212684631348,1
73230989,42,0,0.8274133801460266,1
73231155,42,1,0.9010680913925171,1
73231161,42,0,0.6600260734558105,0
73231321,42,0,0.6423189640045166,0
73231469,42,0,0.657943069934845,0
73231484,42,0,0.6761118769645691,1
73231487,42,0,0.7574834227561951,1
73231609,42,0,0.7935248017311096,1
73232400,42,0,0.45010215044021606,0
73236121,42,1,0.9130147695541382,1
73236946,42,1,0.9368932843208313,1
73236954,42,0,0.56882244348526,0
73240092,42,0,0.7214870452880859,1
73241068,42,0,0.41626057028770447,0
73241096,42,0,0.5013691186904907,0
73241100,42,0,0.5414055585861206,0
73241295,42,0,0.5279058218002319,0
73241559,42,0,0.588309645652771,0
73241936,42,0,0.8697256445884705,1
73241949,42,0,0.9020618796348572,1
73241951,42,0,0.6369312405586243,0
73241954,42,0,0.5199259519577026,0
73242185,42,0,0.7427255511283875,1
73242208,42,0,0.5614738464355469,0
73242219,42,0,0.6099004745483398,0
73242221,42,0,0.7499995231628418,1
73242226,42,0,0.5859534740447998,0
73242240,42,0,0.8852354288101196,1
73242518,42,0,0.2244761735200882,0
73242916,42,0,0.22459368407726288,0
73243047,42,0,0.5066133141517639,0
73243066,42,0,0.4870545566082001,0
73243091,42,0,0.7054262161254883,1
73243306,42,0,0.796721875667572,1
73243473,42,0,0.482186496257782,0
73243480,42,0,0.5389204025268555,0
73243487,42,0,0.3705191910266876,0
73243673,42,0,0.5728262066841125,0
73243681,42,0,0.5985242128372192,0
73243718,42,0,0.41834375262260437,0
73243721,42,0,0.4638415575027466,0
73243944,42,0,0.5398108959197998,0
73243959,42,0,0.5832717418670654,0
73244143,42,0,0.6582691669464111,0
73244156,42,0,0.562821626663208,0
73244349,42,0,0.4980863034725189,0
73244557,42,0,0.5970547795295715,0
73244732,42,0,0.494312584400177,0
73244914,42,0,0.4741491973400116,0
73245006,42,0,0.6731716990470886,1
73245075,42,0,0.37826043367385864,0
73245181,42,0,0.70735764503479,1
73245369,42,0,0.7241052985191345,1
73245554,42,0,0.6059942245483398,0
73245563,42,0,0.7523356676101685,1
73245593,42,0,0.28847575187683105,0
73245876,42,0,0.4569075107574463,0
73245933,42,0,0.7350403070449829,1
73245940,42,0,0.5238461494445801,0
73245961,42,0,0.4414471387863159,0
73245966,42,0,0.35292938351631165,0
73245979,42,0,0.5976523756980896,0
73246013,42,0,0.8926533460617065,1
73246162,42,0,0.7304056286811829,1
73246501,42,0,0.5390626788139343,0
73246782,42,0,0.5135228633880615,0
73246788,42,0,0.29474714398384094,0
73246897,42,0,0.3787764608860016,0
73247127,42,0,0.6478783488273621,0
73247219,42,0,0.6210233569145203,0
73247232,42,0,0.48179903626441956,0
73247244,42,0,0.618056058883667,0
73247246,42,0,0.5507164001464844,0
73247328,42,0,0.6727716326713562,1
73247338,42,0,0.29217684268951416,0
73247340,42,0,0.5250908136367798,0
73247446,42,0,0.6301341652870178,0
73247452,42,0,0.4797038435935974,0
73247461,42,0,0.4717167019844055,0
73247464,42,0,0.6453699469566345,0
73247524,42,0,0.8092638254165649,1
73247526,42,0,0.8726683259010315,1
73247529,42,0,0.47513309121131897,0
73247597,42,0,0.6065815091133118,0
73247777,42,0,0.47179141640663147,0
73248004,42,0,0.5367299318313599,0
73248066,42,0,0.3743055462837219,0
73248072,42,0,0.80130934715271,1
73248085,42,0,0.49974822998046875,0
73248373,42,0,0.6507322192192078,0
73248377,42,0,0.5648536086082458,0
73248571,42,0,0.7935943603515625,1
73248732,42,0,0.7251979112625122,1
73248741,42,0,0.4884648323059082,0
73249150,42,0,0.4851208031177521,0
73249304,42,0,0.7223149538040161,1
73249494,42,0,0.7721917629241943,1
73249501,42,0,0.6368033289909363,0
73249514,42,0,0.4305438697338104,0
73249635,42,0,0.4916576147079468,0
73249700,42,0,0.809817373752594,1
73249706,42,0,0.5749568343162537,0
73249713,42,0,0.6444855332374573,0
73249935,42,0,0.5878667235374451,0
73249949,42,0,0.537808895111084,0
73250174,42,0,0.906468391418457,1
73250180,42,0,0.8389608263969421,1
73250183,42,0,0.3989751935005188,0
73250751,42,0,0.5825694799423218,0
73250896,42,0,0.8873614072799683,1
73250917,42,0,0.40294402837753296,0
73250933,42,0,0.5292606949806213,0
73251215,42,0,0.7221434116363525,1
73251612,42,0,0.48631247878074646,0
73251623,42,0,0.3417098820209503,0
73251637,42,0,0.6327303647994995,0
73251655,42,0,0.7943132519721985,1
73251825,42,0,0.4058651626110077,0
73251847,42,0,0.8153678774833679,1
73252048,42,0,0.32029542326927185,0
73252058,42,0,0.5795274972915649,0
73252107,42,0,0.5262711644172668,0
73252118,42,0,0.7732648849487305,1
73252123,42,0,0.7483278512954712,1
73252215,42,0,0.40858063101768494,0
73252338,42,0,0.6704230904579163,1
73252400,42,0,0.6678557991981506,0
73252408,42,0,0.493887335062027,0
73252409,42,0,0.5346534848213196,0
73252415,42,0,0.36666426062583923,0
73252418,42,0,0.6829134225845337,1
73252481,42,0,0.455413818359375,0
73252672,42,0,0.5114511847496033,0
73252675,42,0,0.4416210651397705,0
73252737,42,0,0.44763392210006714,0
73252976,42,0,0.5097177028656006,0
73252984,42,0,0.6234609484672546,0
73253055,42,0,0.7854563593864441,1
73253059,42,0,0.8749759793281555,1
73253065,42,0,0.6620936393737793,0
73253484,42,0,0.26588261127471924,0
73253494,42,0,0.36335915327072144,0
73253674,42,0,0.22473326325416565,0
73254599,42,0,0.3019813597202301,0
73254708,42,0,0.47246113419532776,0
73254900,42,0,0.2718966603279114,0
73255288,42,0,0.613373875617981,0
73255316,42,0,0.23640914261341095,0
73255751,42,0,0.8870933055877686,1
73255755,42,0,0.48749086260795593,0
73256631,42,0,0.6101024746894836,0
73256985,42,0,0.4096972346305847,0
73256995,42,0,0.7508644461631775,1
73257007,42,0,0.5362505316734314,0
73257202,42,0,0.4317122995853424,0
73259492,42,0,0.6140149235725403,0
73259705,42,0,0.6013752818107605,0
73259893,42,0,0.6996656060218811,1
73259937,42,0,0.5324399471282959,0
73260284,42,0,0.5358313322067261,0
73260532,42,0,0.6871441602706909,1
73260875,42,0,0.5325450897216797,0
73261127,42,0,0.44187313318252563,0
73261270,42,0,0.7624372839927673,1
73261465,42,0,0.6000598669052124,0
73261640,42,0,0.4248456060886383,0
73261651,42,0,0.7100409269332886,1
73261866,42,0,0.3730146884918213,0
73262069,42,0,0.6617811322212219,0
73262071,42,0,0.34069231152534485,0
73262259,42,0,0.5323770046234131,0
73262266,42,0,0.4448806941509247,0
73262274,42,0,0.6578309535980225,0
73262279,42,0,0.3730805814266205,0
73262434,42,0,0.583964467048645,0
73262568,42,0,0.5117062330245972,0
73262813,42,0,0.5543807744979858,0
73262962,42,0,0.7656987905502319,1
73262997,42,0,0.7839298844337463,1
73263003,42,0,0.49461156129837036,0
73263010,42,0,0.49655914306640625,0
73263012,42,0,0.5321593880653381,0
73263102,42,0,0.5518589615821838,0
73263114,42,0,0.4716726839542389,0
73263115,42,0,0.5467966794967651,0
73263126,42,0,0.27144935727119446,0
73263426,42,0,0.7214940190315247,1
73263428,42,0,0.6939182281494141,1
73263431,42,0,0.45703789591789246,0
73263447,42,0,0.37452179193496704,0
73263600,42,0,0.5532330274581909,0
73263638,42,0,0.5677258968353271,0
73263640,42,0,0.7251331210136414,1
73263821,42,0,0.5226665139198303,0
73263824,42,0,0.6861584186553955,1
73264041,42,0,0.5364816784858704,0
73264058,42,0,0.40460866689682007,0
73264067,42,0,0.4227048456668854,0
73264259,42,0,0.34773576259613037,0
73264268,42,0,0.4743027091026306,0
73264627,42,0,0.5714696645736694,0
73264777,42,0,0.4881598949432373,0
73264784,42,0,0.620334804058075,0
73265029,42,0,0.6042698621749878,0
73265046,42,0,0.6357870697975159,0
73265338,42,0,0.6659921407699585,0
73265345,42,0,0.5464125275611877,0
73265411,42,0,0.4778454899787903,0
73265609,42,0,0.4179307818412781,0
73265734,42,0,0.4789641201496124,0
73265737,42,0,0.5816980004310608,0
73265892,42,0,0.5413046479225159,0
73265902,42,0,0.5730950832366943,0
73266276,42,0,0.6916552186012268,1
73266479,42,0,0.49284741282463074,0
73266489,42,0,0.7610434889793396,1
73266501,42,0,0.5835159420967102,0
73266534,42,0,0.7548697590827942,1
73266854,42,0,0.6588513851165771,0
73266875,42,0,0.2466244250535965,0
73266917,42,0,0.33733195066452026,0
73267134,42,0,0.42309287190437317,0
73267336,42,0,0.3791796565055847,0
73267361,42,0,0.5079322457313538,0
73267500,42,0,0.46198412775993347,0
73267557,42,0,0.35273024439811707,0
73267674,42,0,0.8036401271820068,1
73268098,42,0,0.7849764823913574,1
73268422,42,0,0.3518883287906647,0
73268451,42,0,0.4502723515033722,0
73268455,42,0,0.4485536515712738,0
73268483,42,0,0.32765650749206543,0
73268490,42,0,0.3502599895000458,0
73268495,42,0,0.5365822315216064,0
73268599,42,0,0.5063733458518982,0
73268676,42,0,0.602319061756134,0
73268684,42,0,0.5998361706733704,0
73268870,42,0,0.6466302275657654,0
73268963,42,0,0.43037739396095276,0
73269091,42,0,0.3434413969516754,0
73269095,42,0,0.4553411900997162,0
73269193,42,0,0.39349010586738586,0
73269198,42,0,0.5829189419746399,0
73269204,42,0,0.9062565565109253,1
73269208,42,0,0.4859381318092346,0
73269213,42,0,0.2024410516023636,0
73269414,42,0,0.6458594799041748,0
73269416,42,0,0.5783302783966064,0
73269449,42,0,0.4402920603752136,0
73269596,42,0,0.7562147974967957,1
73269600,42,0,0.7138010263442993,1
73269611,42,0,0.6455163955688477,0
73269773,42,0,0.8321042656898499,1
73269984,42,0,0.7748368382453918,1
73270000,42,0,0.4271795153617859,0
73270169,42,0,0.541542112827301,0
73270170,42,0,0.5739286541938782,0
73270183,42,0,0.33018651604652405,0
73270301,42,0,0.45564666390419006,0
73270508,42,0,0.23445990681648254,0
73270517,42,0,0.3539814352989197,0
73270743,42,0,0.8060017228126526,1
73270746,42,0,0.6004809141159058,0
73270926,42,0,0.6926079392433167,1
73271137,42,0,0.35447508096694946,0
73271144,42,0,0.4137001633644104,0
73271334,42,0,0.3372727036476135,0
73271339,42,0,0.7155156135559082,1
73271342,42,0,0.6334373950958252,0
73271398,42,0,0.6552000045776367,0
73271504,42,0,0.36999407410621643,0
73271519,42,0,0.7154196500778198,1
73271568,42,0,0.7533628344535828,1
73271744,42,0,0.7187026143074036,1
73271752,42,0,0.8295637369155884,1
73271754,42,0,0.5666775703430176,0
73271950,42,0,0.4696415662765503,0
73271954,42,0,0.4123305678367615,0
73276871,42,0,0.7199480533599854,1
73278957,42,0,0.5019384026527405,0
73279924,42,0,0.2820727825164795,0
73279925,42,0,0.3139505386352539,0
73280082,42,0,0.6167778372764587,0
73280777,42,1,0.9732950329780579,1
73280908,42,0,0.31695300340652466,0
73293386,42,0,0.34617340564727783,0
73296520,42,0,0.42231327295303345,0
73298097,42,0,0.5424879193305969,0
73298530,42,0,0.6753954291343689,1
73299404,42,0,0.7709751129150391,1
73299762,42,0,0.5250282883644104,0
73300151,42,0,0.5662043690681458,0
73302443,42,0,0.8365162014961243,1
73303312,42,0,0.3813472390174866,0
73303326,42,0,0.41768714785575867,0
73303336,42,0,0.4485269784927368,0
73303338,42,0,0.4266147315502167,0
73303526,42,0,0.5215979218482971,0
73303527,42,0,0.39036867022514343,0
73303752,42,0,0.6492035984992981,0
73304111,42,0,0.47143569588661194,0
73304355,42,0,0.626482367515564,0
73304706,42,0,0.37716180086135864,0
73306046,42,0,0.6791108250617981,1
73306145,42,0,0.6587422490119934,0
73310931,42,0,0.20208288729190826,0
73312126,42,0,0.5894321799278259,0
73312891,42,0,0.5777194499969482,0
73313820,42,0,0.15207991003990173,0
73314498,42,0,0.9054306149482727,1
73314772,42,0,0.5831025838851929,0
73316302,42,0,0.6191652417182922,0
73316972,42,0,0.2043124884366989,0
73317163,42,0,0.48223304748535156,0
73319073,42,0,0.791434109210968,1
73319075,42,0,0.7268261909484863,1
73319255,42,0,0.7499328851699829,1
73319273,42,0,0.1589672863483429,0
73319912,42,1,0.6710635423660278,1
73319967,42,0,0.5917957425117493,0
73320484,42,0,0.32275840640068054,0
73320942,42,0,0.3064233064651489,0
73322253,42,0,0.5140716433525085,0
73322396,42,0,0.5481641292572021,0
73322404,42,0,0.40070199966430664,0
73322410,42,0,0.4546946883201599,0
73322415,42,0,0.5679336190223694,0
73323200,42,0,0.4116207957267761,0
73323370,42,0,0.3626309633255005,0
73323911,42,0,0.6935534477233887,1
73324446,42,0,0.6169548630714417,0
73324449,42,0,0.4072239100933075,0
73324460,42,0,0.6522404551506042,0
73325011,42,0,0.6217283606529236,0
73325126,42,0,0.8611759543418884,1
73325136,42,0,0.612991988658905,0
73325497,42,0,0.1461215317249298,0
73327121,42,0,4.553950020635966e-06,0
73328197,42,0,0.351129949092865,0
73328200,42,0,0.35802343487739563,0
73328203,42,0,0.28443264961242676,0
73329082,42,0,0.37551698088645935,0
73330801,42,0,0.0002528524200897664,0
73331130,42,0,0.3712588846683502,0
73331596,42,0,0.44041892886161804,0
73331605,42,0,0.5839974284172058,0
73331607,42,0,0.7193100452423096,1
73331609,42,0,0.5437526106834412,0
73331610,42,0,0.3724336326122284,0
73331663,42,0,0.3522394597530365,0
73332826,42,0,0.6768430471420288,1
73333415,42,0,0.9278638958930969,1
73333592,42,0,0.2900215983390808,0
73333765,42,0,0.5262417793273926,0
73333903,42,0,0.12035194784402847,0
73336710,42,0,0.5293517708778381,0
73337711,42,0,0.4511524736881256,0
73338129,42,0,0.4123588502407074,0
73338317,42,0,0.43264472484588623,0
73340863,42,0,0.8120366930961609,1
73340987,42,0,0.8393795490264893,1
73340989,42,0,0.14330917596817017,0
73341034,42,0,0.8780079483985901,1
73347193,42,0,0.7640433311462402,1
73347204,42,0,0.5859156847000122,0
73350397,42,0,0.3814878463745117,0
73350547,42,0,0.34751594066619873,0
73358001,42,0,0.360228568315506,0
73359560,42,0,0.3757168650627136,0
73360513,42,0,0.3342863917350769,0
73361115,42,0,0.3619355261325836,0
73361869,42,0,0.3610106408596039,0
73363132,42,0,0.38305729627609253,0
73366930,42,0,0.3609836995601654,0
73376533,42,0,0.9116529822349548,1
73376536,42,0,0.27996739745140076,0
73376933,42,0,0.7542458176612854,1
73381044,42,0,0.4462481737136841,0
73381219,42,0,0.47204554080963135,0
73381223,42,0,0.22557026147842407,0
73381464,42,0,0.5601378083229065,0
73382392,42,0,0.6166732907295227,0
73382493,42,0,0.7933269739151001,1
73382850,42,0,0.2966625690460205,0
73386944,42,0,0.3660638630390167,0
73387117,42,0,0.8191933631896973,1
73388897,42,0,0.23193703591823578,0
73390103,42,0,0.3319160044193268,0
73390285,42,0,0.43934163451194763,0
73390286,42,0,0.33122748136520386,0
73390287,42,0,0.47932666540145874,0
73390289,42,0,0.3186526596546173,0
73390299,42,0,0.4014751613140106,0
73390305,42,0,0.33864378929138184,0
73390311,42,0,0.5865607857704163,0
73390318,42,0,0.4557211101055145,0
73390319,42,0,0.7188940048217773,1
73390320,42,0,0.423669695854187,0
73390415,42,0,0.4056895971298218,0
73390481,42,0,0.4563826024532318,0
73390485,42,0,0.2576805353164673,0
73390487,42,0,0.4545690417289734,0
73390493,42,0,0.3041464686393738,0
73390499,42,0,0.7109291553497314,1
73390501,42,0,0.5934964418411255,0
73390502,42,0,0.9150457978248596,1
73390503,42,0,0.3173009753227234,0
73390508,42,0,0.3072699010372162,0
73390509,42,0,0.5863217711448669,0
73390514,42,0,0.44607609510421753,0
73390517,42,0,0.4200513958930969,0
73390521,42,0,0.5878049731254578,0
73390525,42,0,0.3339529037475586,0
73390527,42,0,0.6040967106819153,0
73390529,42,0,0.3241252303123474,0
73390532,42,0,0.692716658115387,1
73390907,42,0,0.7300771474838257,1
73391148,42,0,0.8673297762870789,1
73392005,42,0,0.7150669693946838,1
73393385,42,0,0.8404220342636108,1
73393419,42,0,0.6043882369995117,0
73393731,42,0,0.2803134024143219,0
73393884,42,0,0.4693889617919922,0
73393892,42,0,0.6549940705299377,0
73394077,42,0,0.3354804515838623,0
73394080,42,0,0.6630153656005859,0
73394099,42,0,0.42000463604927063,0
73395909,42,0,0.4452175796031952,0
73395924,42,0,0.5355506539344788,0
73396520,42,0,0.7746157050132751,1
73396733,42,0,0.4777062237262726,0
73396778,42,0,0.882695198059082,1
73397635,42,0,0.3503228724002838,0
73397764,42,0,0.5370415449142456,0
73398136,42,0,0.562276303768158,0
73404024,42,0,0.4242576062679291,0
73404067,42,1,0.9926130771636963,1
73405590,42,0,0.2437041848897934,0
73405613,42,1,0.6773182153701782,1
73405770,42,0,0.6342735886573792,0
73405797,42,0,0.2997503876686096,0
73406118,42,0,0.8176290988922119,1
73406158,42,0,0.6524613499641418,0
73406391,42,1,0.9660805463790894,1
73406957,42,1,0.7900280356407166,1
73407499,42,0,0.6929295063018799,1
73408462,42,0,0.3438256084918976,0
73408533,42,0,0.4410519003868103,0
73410170,42,0,0.5010277628898621,0
73410174,42,0,0.5877799391746521,0
73410256,42,1,0.4429280757904053,0
73411468,42,0,0.6740415096282959,1
73411472,42,0,0.6046384572982788,0
73411488,42,0,0.5705195665359497,0
73411530,42,0,0.5366119742393494,0
73412119,42,0,0.35256099700927734,0
73412155,42,0,0.7863525748252869,1
73414710,42,0,0.4172545075416565,0
73414884,42,0,0.3939541280269623,0
73415178,42,0,0.4009705185890198,0
73419453,42,0,0.17047467827796936,0
73421688,42,0,0.8182427883148193,1
73422960,42,0,0.16165687143802643,0
73422968,42,0,0.33573949337005615,0
73422970,42,0,0.19273746013641357,0
73423179,42,0,0.6998664140701294,1
73423187,42,0,0.7971100807189941,1
73423191,42,0,0.49588102102279663,0
73423198,42,0,0.5448905229568481,0
73423220,42,0,0.6773416996002197,1
73424756,42,0,0.5319158434867859,0
73424761,42,0,0.9035359025001526,1
73424764,42,0,0.8199564814567566,1
73425645,42,0,0.7696195840835571,1
73425825,42,0,0.866915225982666,1
73426870,42,0,0.44574159383773804,0
73427052,42,0,0.4219048321247101,0
73427253,42,0,0.38843172788619995,0
73427257,42,0,0.40047961473464966,0
73427476,42,0,0.4444083869457245,0
73427480,42,0,0.3895933926105499,0
73427492,42,0,0.40288016200065613,0
73427496,42,0,0.4204767942428589,0
73427674,42,0,0.42692768573760986,0
73427680,42,0,0.41880151629447937,0
73427683,42,0,0.3975870609283447,0
73427689,42,0,0.3997788727283478,0
73427693,42,0,0.29570522904396057,0
73428077,42,0,0.45597726106643677,0
73428094,42,0,0.3823881447315216,0
73428439,42,0,0.40493831038475037,0
73428447,42,0,0.5803648829460144,0
73428449,42,0,0.3597126007080078,0
73428868,42,0,0.7706619501113892,1
73429057,42,0,0.8391869068145752,1
73429588,42,0,0.4169725179672241,0
73430399,42,0,0.3277967572212219,0
73430678,42,0,0.3181031048297882,0
73430891,42,0,0.29868701100349426,0
73431167,42,0,0.5579997897148132,0
73433264,42,0,0.6376977562904358,0
73433608,42,0,0.6125864386558533,0
73433610,42,0,0.8790431618690491,1
73433657,42,0,0.7042108178138733,1
73433658,42,0,0.21865049004554749,0
73433659,42,0,0.7447227835655212,1
73433755,42,0,0.744640052318573,1
73433855,42,0,0.9230703711509705,1
73433856,42,0,0.3189927637577057,0
73435743,42,0,0.3008460998535156,0
73435939,42,1,0.8059564828872681,1
73435969,42,1,0.8178878426551819,1
73436475,42,1,0.6973350048065186,1
73436673,42,1,0.682233989238739,1
73436861,42,1,0.5098515152931213,0
73436880,42,1,0.5083622336387634,0
73438773,42,0,0.24827709794044495,0
73438990,42,0,0.8382059931755066,1
73439093,42,0,0.4698289632797241,0
73439102,42,0,0.4246598184108734,0
73439105,42,0,0.29271912574768066,0
73440312,42,0,0.39508095383644104,0
73440629,42,0,0.5224685668945312,0
73440697,42,0,0.4898177981376648,0
73444220,42,0,0.6397929191589355,0
73444832,42,0,0.7890375852584839,1
73444976,42,0,0.6765635013580322,1
73444981,42,0,0.7098175287246704,1
73448313,42,0,0.3731895983219147,0
73448434,42,0,0.2914927005767822,0
73448438,42,0,0.08026397228240967,0
73449392,42,0,0.09952864795923233,0
73449630,42,0,0.49901288747787476,0
73452770,42,0,0.799735426902771,1
73452772,42,0,0.8507073521614075,1
73454601,42,0,0.4426461160182953,0
73454638,42,0,0.3854287564754486,0
73480304,42,0,0.42619064450263977,0
73486609,42,0,0.5026699304580688,0
73489471,42,0,0.4774729013442993,0
73489481,42,0,0.5225349068641663,0
73489849,42,0,0.5489078760147095,0
73489855,42,0,0.5973369479179382,0
73490218,42,0,0.5890519618988037,0
73490430,42,0,0.44623810052871704,0
73490448,42,0,0.49639376997947693,0
73493146,42,0,0.3290625512599945,0
73512090,42,0,0.7728295922279358,1
73588400,42,0,0.5519530773162842,0
73600954,42,0,0.537993848323822,0
73717173,42,0,0.4819248616695404,0
73884175,42,0,0.33237555623054504,0
73884417,42,0,0.49123522639274597,0
73884474,42,0,0.33882948756217957,0
73884486,42,0,0.5327697992324829,0
73891549,42,0,0.6477957367897034,0
73956280,42,0,0.5443484783172607,0
74045630,42,0,0.4308759272098541,0
74061330,42,0,0.40172454714775085,0
74061546,42,0,0.5600329637527466,0
74076761,42,0,0.43543291091918945,0
74076784,42,0,0.6343296766281128,0
74123971,42,0,0.714058518409729,1
74164177,42,0,0.6176167726516724,0
74314540,42,0,0.46867644786834717,0
74314568,42,1,0.5100497603416443,0
74322033,42,0,0.38138604164123535,0
74322036,42,0,0.5628360509872437,0
74335754,42,0,0.6225343346595764,0
74336435,42,0,0.4228123128414154,0
74437816,42,0,0.8724514245986938,1
74461509,42,0,0.5885941386222839,0
74472701,42,0,0.6604930758476257,0
74490011,42,0,0.793222188949585,1
74565001,42,0,0.4961267411708832,0
74617716,42,0,0.5328200459480286,0
74664021,42,0,0.3800470232963562,0
74763136,42,0,0.6298673152923584,0
74765936,42,0,0.430703341960907,0
74822753,42,0,0.6328322887420654,0
74827777,42,0,0.5130272507667542,0
75938895,42,0,0.5642738938331604,0
75953504,42,0,0.5681273937225342,0
76287146,42,0,0.4846436679363251,0
76551638,42,0,0.6225495934486389,0
76716146,42,0,0.42321112751960754,0
76716422,42,0,0.6360090970993042,0
76818334,42,0,0.38078951835632324,0
77210005,42,0,0.5081077218055725,0
77249874,42,0,0.3815842568874359,0
77249918,42,0,0.371888130903244,0
77251424,42,0,0.39978572726249695,0
77298087,42,0,0.40539929270744324,0
77325653,42,0,0.3117612600326538,0
77383222,42,0,0.7029836177825928,1
77415708,42,0,0.5769354701042175,0
77527374,42,0,0.5506914258003235,0
77619123,42,0,0.45527803897857666,0
77632905,42,0,0.5602136850357056,0
77640930,42,0,0.5887272357940674,0
77642614,42,0,0.4960140883922577,0
77646290,42,0,0.315856397151947,0
77646859,42,0,0.370576411485672,0
77709553,42,0,0.5838614106178284,0
77737020,42,0,0.5057404041290283,0
77786057,42,0,0.43677836656570435,0
78702116,42,0,0.5885039567947388,0
78899356,42,0,0.4305115044116974,0
79428037,42,0,0.45686671137809753,0
80078879,42,0,0.5168746709823608,0
80079873,42,0,0.5902539491653442,0
80387837,42,0,0.5521104335784912,0
80394331,42,0,0.5125173926353455,0
80484889,42,0,0.5408878326416016,0
80484892,42,0,0.4841288924217224,0
80486330,42,0,0.5995148420333862,0
80497586,42,0,0.5216846466064453,0
80499418,42,0,0.5618906617164612,0
80913859,42,0,0.5519941449165344,0
81117116,42,0,0.32935622334480286,0
81125507,42,0,0.38738712668418884,0
81362014,42,0,0.7244089841842651,1
83039412,42,0,0.3533114194869995,0
83041060,42,0,0.4163626432418823,0
83886798,42,0,0.734386146068573,1
84008856,42,0,0.5339345932006836,0
85230605,42,0,0.417215496301651,0
86183499,42,0,0.4548899233341217,0
86403626,42,0,0.4209330379962921,0
86476861,42,0,0.30933430790901184,0
86533589,42,0,0.4522130489349365,0
86533821,42,0,0.38229721784591675,0
86533823,42,0,0.4104396402835846,0
86542051,42,0,0.39039039611816406,0
86921992,42,0,0.5400601625442505,0
87356856,42,0,0.6315569877624512,0
89786824,42,0,0.35300561785697937,0
91387977,42,0,0.46822673082351685,0
91865170,42,0,0.5484268665313721,0
92257266,42,0,0.49056515097618103,0
92387260,42,0,0.47307470440864563,0
92405454,42,0,0.5851688385009766,0
92405467,42,0,0.4942112863063812,0
93632400,42,0,0.7120401263237,1
94321913,42,0,0.3808665871620178,0
94750360,42,0,0.5065908432006836,0
94812234,42,0,0.5895351767539978,0
94835342,42,0,0.462898313999176,0
94874374,42,0,0.1832360476255417,0
95171121,42,0,0.29133298993110657,0
95403699,42,0,0.5546870827674866,0
96174416,42,0,0.5183988809585571,0
96188861,42,0,0.5117049217224121,0
96759246,42,0,0.3999463617801666,0
96930140,42,0,0.5512445569038391,0
96935756,42,0,0.38482657074928284,0
97139546,42,0,0.4747999608516693,0
99009927,42,0,0.5384523868560791,0
99100800,42,0,0.43270379304885864,0
99102662,42,0,0.48648858070373535,0
99103157,42,0,0.5536577701568604,0
99106835,42,0,0.4106617867946625,0
99139094,42,0,0.559528648853302,0
99175682,42,0,0.9088390469551086,1
99176243,42,0,0.6787431836128235,1
99198428,42,0,0.6957687139511108,1
99262327,42,0,0.5299632549285889,0
99264388,42,0,0.5329188108444214,0
99286970,42,0,0.871163547039032,1
99300566,42,0,0.2996061444282532,0
99391004,42,0,0.5331587195396423,0
99391006,42,0,0.565150260925293,0
99391008,42,0,0.46042221784591675,0
99396703,42,0,0.7626725435256958,1
99456465,42,0,0.6382192969322205,0
99465870,42,0,0.5031077265739441,0
99465871,42,0,0.457095742225647,0
99466677,42,0,0.5383939743041992,0
99473609,42,0,0.6422878503799438,0
99632862,42,0,0.546061098575592,0
99633103,42,0,0.869290292263031,1
99634446,42,0,0.5319103598594666,0
99637643,42,0,0.3712970018386841,0
99930816,42,0,0.36481040716171265,0
99934725,42,0,0.3713829517364502,0
99936152,42,0,0.46033069491386414,0
99936160,42,0,0.42066681385040283,0
99936595,42,0,0.4320743680000305,0
99945301,42,0,0.43436703085899353,0
99945306,42,0,0.42518675327301025,0
99945367,42,0,0.4007056951522827,0
99945370,42,0,0.43935728073120117,0
99946712,42,0,0.43729427456855774,0
99946821,42,0,0.5746982097625732,0
99946827,42,0,0.637425422668457,0
99946861,42,0,0.5302591323852539,0
99947036,42,0,0.6233583688735962,0
99947064,42,0,0.6019247174263,0
99947084,42,0,0.4190736711025238,0
99947115,42,0,0.6774436235427856,1
99947174,42,0,0.5281779766082764,0
99947184,42,0,0.7328824400901794,1
99947482,42,0,0.4957772195339203,0
99947513,42,0,0.47298967838287354,0
99948033,42,0,0.4462132751941681,0
99948477,42,0,0.5024617910385132,0
99948479,42,0,0.352227121591568,0
99948553,42,0,0.5481044054031372,0
99948623,42,0,0.49149322509765625,0
99948842,42,0,0.5397962331771851,0
99949088,42,0,0.6859119534492493,1
99949697,42,0,0.5766794085502625,0
99949905,42,0,0.34179458022117615,0
99950077,42,0,0.6428435444831848,0
99950113,42,0,0.6125363707542419,0
99950277,42,0,0.4554068446159363,0
99950301,42,0,0.5611478090286255,0
99950744,42,0,0.572782576084137,0
99950788,42,0,0.333575576543808,0
99950803,42,0,0.6236351132392883,0
99950830,42,0,0.7422972321510315,1
99950847,42,0,0.6036337018013,0
99951080,42,0,0.356895387172699,0
99951267,42,0,0.5589959621429443,0
99951282,42,0,0.5501566529273987,0
99951544,42,0,0.4702569544315338,0
99951659,42,0,0.6346216797828674,0
99951863,42,0,0.5240014791488647,0
99951993,42,0,0.37170517444610596,0
99952317,42,0,0.21090936660766602,0
99952350,42,0,0.406233012676239,0
99952365,42,0,0.25660473108291626,0
99952386,42,0,0.6654561161994934,0
99952530,42,0,0.3570115566253662,0
99952738,42,0,0.7018184065818787,1
99952981,42,0,0.4096975326538086,0
99952995,42,0,0.5236591100692749,0
99953082,42,0,0.33705469965934753,0
99953087,42,0,0.3553307056427002,0
99953114,42,0,0.36542829871177673,0
99953137,42,0,0.5095481872558594,0
99953155,42,0,0.4018709659576416,0
99953487,42,0,0.7420274615287781,1
99953493,42,0,0.30455777049064636,0
99971494,42,0,0.4761745035648346,0
99971537,42,0,0.5536126494407654,0
312601,43,0,0.5282870531082153,0
1454780,43,0,0.13794071972370148,0
1456687,43,0,0.4888739585876465,0
1605113,43,0,0.3505445122718811,0
1867423,43,0,0.3442550301551819,0
3233255,43,0,0.47935017943382263,0
3763823,43,0,0.3690720796585083,0
4298337,43,0,0.4500039517879486,0
4705214,43,0,0.7728477716445923,1
4999191,43,0,0.37571391463279724,0
5003060,43,0,0.12193629145622253,0
5855219,43,0,0.7461536526679993,1
6113865,43,0,0.5204129219055176,0
6146862,43,0,0.3850346505641937,0
6391693,43,0,0.3896256983280182,0
6565130,43,0,0.4777180254459381,0
6887417,43,0,0.2107466757297516,0
7385878,43,0,0.5116732716560364,0
7462686,43,0,0.34225553274154663,0
7555869,43,0,0.27012312412261963,0
11387794,43,0,0.4432166814804077,0
11624795,43,0,0.1859278678894043,0
12043617,43,0,0.5424836277961731,0
15972798,43,0,0.43494749069213867,0
16060143,43,0,0.4731600880622864,0
16288983,43,0,0.2599855661392212,0
16312785,43,0,0.35880935192108154,0
16315018,43,0,0.408139705657959,0
20108068,43,0,0.48550838232040405,0
20573536,43,0,0.34823089838027954,0
20573777,43,0,0.37282612919807434,0
21527727,43,0,0.7493710517883301,1
21981979,43,0,0.4181878864765167,0
22019452,43,0,0.1589229702949524,0
22410266,43,0,0.256285697221756,0
23092303,43,0,0.4209626615047455,0
23858982,43,0,0.6181709170341492,0
25363446,43,0,0.7024201154708862,1
26714642,43,0,0.5811530947685242,0
27301985,43,0,0.6043525338172913,0
27314475,43,0,0.5533996820449829,0
29543162,43,0,0.8273943662643433,1
30589350,43,0,0.4918573796749115,0
30589352,43,0,0.6433005332946777,0
33295931,43,0,0.6008634567260742,0
33344164,43,0,0.628386914730072,0
33826042,43,0,0.8614106178283691,1
33885859,43,0,0.6497275233268738,0
33966030,43,0,0.32361647486686707,0
34335946,43,0,0.10567093640565872,0
35555334,43,0,0.4975773096084595,0
38054506,43,0,0.38823601603507996,0
39429114,43,0,0.47732919454574585,0
41211720,43,0,0.4465721547603607,0
47061231,43,0,0.585239052772522,0
47792655,43,0,0.1342431604862213,0
47792658,43,0,0.46286675333976746,0
47987875,43,0,0.4385135769844055,0
48095303,43,0,0.6678628921508789,0
48190238,43,0,0.7032495141029358,1
48191989,43,0,0.5050643682479858,0
48742524,43,0,0.44936248660087585,0
48858967,43,0,0.4578469693660736,0
48941569,43,0,0.6258867979049683,0
48969106,43,0,0.6390669345855713,0
48996896,43,0,0.7653687000274658,1
48996911,43,0,0.4728839695453644,0
48996912,43,0,0.4815760552883148,0
49209691,43,0,0.49935925006866455,0
49477908,43,0,0.5404126048088074,0
49502819,43,0,0.5299165844917297,0
49516773,43,0,0.5588763952255249,0
50543318,43,0,0.6120766997337341,0
51780793,43,0,0.3425251543521881,0
53450313,43,0,0.07004251331090927,0
53550780,43,0,0.2567169666290283,0
54546688,43,0,0.5333903431892395,0
55527576,43,0,0.30877068638801575,0
56128690,43,0,0.7758654952049255,1
57342656,43,0,0.4706806540489197,0
57741388,43,0,0.3350330889225006,0
59287789,43,0,0.6961999535560608,1
60598126,43,0,0.11289884150028229,0
63860808,43,0,0.430453360080719,0
67893664,43,0,0.6597530245780945,0
70593771,43,0,0.3531718850135803,0
73077442,43,0,0.3485906422138214,0
74848928,43,0,0.5982860922813416,0
75170513,43,0,0.3258918523788452,0
75679851,43,0,0.5321565866470337,0
77024744,43,0,0.3826933801174164,0
79868501,43,0,0.6860125660896301,1
80508811,43,0,0.684827983379364,1
90233834,43,0,0.7146291136741638,1
90239532,43,0,0.6004012227058411,0
90311123,43,0,0.4137808084487915,0
91235255,43,1,0.8109806776046753,1
91857277,43,1,0.7180771827697754,1
91861116,43,0,0.351449579000473,0
91861504,43,0,0.2707124650478363,0
91861799,43,0,0.48098355531692505,0
91863197,43,0,0.3522428572177887,0
91863302,43,0,0.724075436592102,1
91865234,43,0,0.7883539795875549,1
91866704,43,0,0.526620090007782,0
91866791,43,0,0.37868401408195496,0
91867011,43,0,0.6699719429016113,0
91867056,43,0,0.09726346284151077,0
91867614,43,0,0.4970158636569977,0
91870461,43,0,0.6953292489051819,1
91870745,43,0,0.6094831228256226,0
91881918,43,0,0.7255951166152954,1
91881919,43,0,0.75578773021698,1
91881921,43,0,0.4792509973049164,0
91881933,43,0,0.4952428638935089,0
91881937,43,0,0.64312344789505,0
91882005,43,0,0.5532131195068359,0
91882349,43,0,0.1379094123840332,0
91882364,43,0,0.7786288857460022,1
91882365,43,0,0.03575567528605461,0
91887648,43,0,0.7986764311790466,1
91887651,43,0,0.25197112560272217,0
91887652,43,0,0.40046176314353943,0
91889000,43,0,0.8837032318115234,1
91889296,43,0,0.5681080222129822,0
91894074,43,0,0.2952408790588379,0
91894677,43,0,0.7556644678115845,1
91903259,43,0,0.4016439616680145,0
91903266,43,0,0.5322016477584839,0
91906536,43,0,0.7821648120880127,1
91907343,43,0,0.4584510922431946,0
91907424,43,0,0.7499768733978271,1
91914098,43,0,0.5961971282958984,0
91914100,43,0,0.5254793763160706,0
91914101,43,0,0.5384722352027893,0
91914103,43,0,0.7574868202209473,1
91914133,43,0,0.8390505909919739,1
91914135,43,0,0.5475645661354065,0
91914138,43,0,0.6991896629333496,1
91914143,43,0,0.7931134104728699,1
91914163,43,0,0.8867479562759399,1
91914164,43,0,0.6697111129760742,0
91914182,43,0,0.6572631001472473,0
91929747,43,0,0.4808114767074585,0
91934616,43,0,0.134620800614357,0
91934748,43,0,0.3454338610172272,0
91935145,43,0,0.27011337876319885,0
91935149,43,0,0.5674567818641663,0
91935167,43,0,0.5666351914405823,0
91935930,43,0,0.391316294670105,0
91936193,43,0,0.3750647306442261,0
91936215,43,0,0.4177210032939911,0
91938681,43,0,0.4726628065109253,0
91939330,43,0,0.6254419088363647,0
91941001,43,0,0.33415722846984863,0
91943699,43,0,0.35879167914390564,0
91945137,43,0,0.4944470226764679,0
91949576,43,0,0.4269353151321411,0
91952717,43,0,0.498261958360672,0
91952719,43,0,0.786695659160614,1
91952735,43,0,0.3023073375225067,0
91952736,43,0,0.4564850330352783,0
91952737,43,0,0.6257652044296265,0
91952738,43,0,0.6559186577796936,0
91952812,43,0,0.69808429479599,1
91958233,43,0,0.47788652777671814,0
91959893,43,0,0.43843767046928406,0
91959894,43,0,0.5018307566642761,0
91959896,43,0,0.5816331505775452,0
91959897,43,0,0.6473215222358704,0
91960684,43,0,0.599260151386261,0
91960794,43,0,0.34399792551994324,0
91960797,43,0,0.7020421624183655,1
91960800,43,0,0.4053160846233368,0
91960831,43,0,0.5134154558181763,0
91961247,43,0,0.7382499575614929,1
91961253,43,0,0.34145069122314453,0
91961255,43,0,0.3697446882724762,0
91961263,43,0,0.5117051601409912,0
91961268,43,0,0.5075475573539734,0
91961269,43,0,0.38446372747421265,0
91961272,43,0,0.48024553060531616,0
91961288,43,0,0.3268545866012573,0
91961881,43,0,0.3281634449958801,0
91961896,43,0,0.36782240867614746,0
91961924,43,0,0.13752028346061707,0
91961940,43,0,0.400458961725235,0
91962563,43,0,0.5176977515220642,0
91963172,43,0,0.3076249361038208,0
91963793,43,0,0.5999348759651184,0
91963824,43,0,0.9414392709732056,1
91971335,43,0,0.3819084167480469,0
91973223,43,0,0.4149990379810333,0
91973590,43,0,0.7043418884277344,1
91973591,43,0,0.788459837436676,1
91973605,43,0,0.8606343269348145,1
91973607,43,0,0.685942530632019,1
91975356,43,0,0.7390204668045044,1
91975422,43,0,0.47645533084869385,0
91975520,43,0,0.8944616317749023,1
91975641,43,0,0.6173216104507446,0
91976646,43,0,0.6818808317184448,1
91978501,43,0,0.5537570118904114,0
91979998,43,0,0.5942226052284241,0
91981434,43,0,0.5460240840911865,0
91981440,43,0,0.8611385226249695,1
91982893,43,0,0.31424859166145325,0
91982897,43,0,0.3166235685348511,0
91995426,43,1,0.769473671913147,1
91995480,43,0,0.4920046329498291,0
92000571,43,0,0.44785276055336,0
92009548,43,0,0.38027408719062805,0
92011643,43,0,0.9253624677658081,1
92014432,43,0,0.5606292486190796,0
92019988,43,0,0.5990096926689148,0
92019998,43,0,0.30195319652557373,0
92020975,43,0,0.7041847705841064,1
92021033,43,0,0.9080276489257812,1
92021035,43,0,0.9384292960166931,1
92021036,43,0,0.31996771693229675,0
92021053,43,1,0.7658334970474243,1
92037810,43,0,0.28481602668762207,0
92037830,43,0,0.3511315882205963,0
92048876,43,0,0.3940865695476532,0
92048878,43,0,0.8569475412368774,1
92056010,43,0,0.5922172665596008,0
92056896,43,0,0.6814547181129456,1
92057479,43,0,0.5906394124031067,0
92057519,43,0,0.21786704659461975,0
92058125,43,0,0.6940593719482422,1
92063314,43,0,0.3644983172416687,0
92065256,43,0,0.292311429977417,0
92065257,43,0,0.6700842976570129,1
92074742,43,0,0.29712337255477905,0
92077422,43,0,0.3543645441532135,0
92078509,43,0,0.36294692754745483,0
92120624,43,0,0.338675856590271,0
92120629,43,0,0.3850686550140381,0
92120632,43,0,0.38705894351005554,0
92120638,43,0,0.6002531051635742,0
92120886,43,0,0.4968550205230713,0
92120887,43,0,0.43462875485420227,0
92120888,43,0,0.35993650555610657,0
92120898,43,0,0.38908886909484863,0
92167519,43,0,0.24080196022987366,0
92173231,43,0,0.6716828346252441,1
92192415,43,0,0.5268598198890686,0
92196028,43,0,0.4614674150943756,0
92205026,43,0,0.28518638014793396,0
92704283,43,0,0.346535325050354,0
92735262,43,1,0.5757949352264404,0
92738855,43,0,0.0501834899187088,0
92756954,43,0,0.23147347569465637,0
92764874,43,0,0.697195291519165,1
92771503,43,0,0.5501960515975952,0
92835147,43,0,0.5528123378753662,0
93084002,43,0,0.4650983512401581,0
93094521,43,0,0.4651922881603241,0
93120910,43,0,0.7421464920043945,1
93187192,43,0,0.6769280433654785,1
93823732,43,0,0.37757056951522827,0
93846181,43,0,0.4135892689228058,0
93869651,43,0,0.5049474239349365,0
93872347,43,0,0.28436416387557983,0
93872450,43,0,0.4706208109855652,0
93872789,43,0,0.35320156812667847,0
93917254,43,0,0.8009565472602844,1
93937909,43,0,0.3888481855392456,0
93937912,43,0,0.39388972520828247,0
93937920,43,0,0.4101547598838806,0
93937921,43,0,0.40990790724754333,0
93965072,43,0,0.3173520863056183,0
93968491,43,0,0.2190600335597992,0
94014291,43,0,0.8661842346191406,1
94014618,43,0,0.837952733039856,1
94065659,43,0,0.5922423601150513,0
94065921,43,0,0.9423481822013855,1
94065993,43,0,0.6856423616409302,1
94065998,43,0,0.3934236168861389,0
94066000,43,0,0.4609015882015228,0
94066595,43,0,0.9439419507980347,1
94066654,43,0,0.445417582988739,0
94066662,43,0,0.3340781033039093,0
94066944,43,0,0.8416801691055298,1
94067445,43,0,0.4260469973087311,0
94067451,43,0,0.7680264711380005,1
94067879,43,0,0.5170960426330566,0
94067886,43,0,0.6170114874839783,0
94068200,43,0,0.35008278489112854,0
94068380,43,0,0.6533926725387573,0
94068432,43,0,0.6262654066085815,0
94068442,43,0,0.352042019367218,0
94068517,43,0,0.5100215673446655,0
94069132,43,0,0.5313198566436768,0
94069136,43,0,0.2766295075416565,0
94069140,43,0,0.381493479013443,0
94069147,43,0,0.3650833070278168,0
94069432,43,0,0.46659016609191895,0
94069434,43,0,0.4671536087989807,0
94069708,43,0,0.3763148784637451,0
94070143,43,0,0.5634766221046448,0
94070432,43,0,0.9591820240020752,1
94070707,43,0,0.3612331449985504,0
94070711,43,0,0.3464631140232086,0
94071142,43,0,0.8787568807601929,1
94071143,43,0,0.46908146142959595,0
94071380,43,0,0.29915159940719604,0
94071387,43,0,0.6420936584472656,0
94071395,43,0,0.2854032516479492,0
94071450,43,0,0.47559741139411926,0
94071615,43,0,0.2831757366657257,0
94071888,43,0,0.4971098303794861,0
94071903,43,0,0.48395445942878723,0
94071918,43,0,0.4701867699623108,0
94072362,43,0,0.7199384570121765,1
94072370,43,0,0.714981198310852,1
94072380,43,0,0.6194244027137756,0
94072391,43,0,0.4309249818325043,0
94072663,43,0,0.3834036588668823,0
94072840,43,0,0.2943591773509979,0
94072844,43,0,0.6843746304512024,1
94073078,43,0,0.45860567688941956,0
94073643,43,0,0.44197994470596313,0
94073649,43,0,0.4585496783256531,0
94074570,43,0,0.32289645075798035,0
94075022,43,0,0.5587377548217773,0
94075025,43,0,0.48896870017051697,0
94075079,43,0,0.585789144039154,0
94075195,43,0,0.42949825525283813,0
94075201,43,0,0.3649163544178009,0
94075446,43,0,0.6419188976287842,0
94075451,43,0,0.46104925870895386,0
94075708,43,0,0.23968398571014404,0
94075926,43,0,0.3192366063594818,0
94076089,43,0,0.6051022410392761,0
94076100,43,0,0.4706595242023468,0
94076380,43,0,0.4802793860435486,0
94076384,43,0,0.5415136218070984,0
94076394,43,0,0.44004321098327637,0
94076804,43,0,0.5734888315200806,0
94076813,43,0,0.43032121658325195,0
94076816,43,0,0.48613718152046204,0
94076854,43,0,0.6150624752044678,0
94077038,43,0,0.5136446356773376,0
94077067,43,0,0.521312952041626,0
94077072,43,0,0.6262184977531433,0
94077264,43,0,0.4574994742870331,0
94077528,43,0,0.3680895268917084,0
94077533,43,0,0.6292515397071838,0
94077550,43,0,0.41886720061302185,0
94077560,43,0,0.5836122632026672,0
94077564,43,0,0.5190176367759705,0
94077746,43,0,0.3780120611190796,0
94077976,43,0,0.20438121259212494,0
94077982,43,0,0.5149762630462646,0
94078007,43,0,0.32354623079299927,0
94078150,43,0,0.6486192941665649,0
94078170,43,0,0.5768877863883972,0
94078422,43,0,0.6092114448547363,0
94078563,43,0,0.5197076797485352,0
94078570,43,0,0.3184516429901123,0
94078576,43,0,0.3193816542625427,0
94078584,43,0,0.7155624032020569,1
94078591,43,0,0.5979020595550537,0
94078626,43,0,0.6801556944847107,1
94078636,43,0,0.21650435030460358,0
94078822,43,0,0.39299532771110535,0
94078937,43,0,0.2529922127723694,0
94078950,43,0,0.39704349637031555,0
94079171,43,0,0.5325736403465271,0
94079187,43,0,0.5773167610168457,0
94079198,43,0,0.48382923007011414,0
94079208,43,0,0.4784682095050812,0
94079221,43,0,0.4912101626396179,0
94079229,43,0,0.3347708582878113,0
94079241,43,0,0.38366395235061646,0
94079248,43,0,0.5611953139305115,0
94079333,43,0,0.6452916264533997,0
94079339,43,0,0.6905930042266846,1
94079348,43,0,0.6896057724952698,1
94079887,43,0,0.5517315864562988,0
94079899,43,0,0.7539422512054443,1
94079905,43,0,0.7382821440696716,1
94081982,43,0,0.7190935015678406,1
94082286,43,0,0.6347109079360962,0
94082473,43,0,0.4440895915031433,0
94084547,43,0,0.4294162094593048,0
94085336,43,0,0.3277760148048401,0
94086570,43,0,0.39363619685173035,0
94093555,43,0,0.9573672413825989,1
94093732,43,0,0.4077708423137665,0
94093757,43,0,0.916832447052002,1
94099462,43,0,0.322277307510376,0
94101123,43,0,0.6332541704177856,0
94101176,43,0,0.6626815795898438,0
94101389,43,0,0.6684669852256775,0
94101676,43,0,0.8654830455780029,1
94101750,43,0,0.7534459233283997,1
94102299,43,0,0.4384154975414276,0
94102352,43,0,0.670827329158783,1
94102584,43,0,0.8161665797233582,1
94103281,43,0,0.848842442035675,1
94103313,43,0,0.22834642231464386,0
94103851,43,0,0.4905115067958832,0
94103859,43,0,0.7746937870979309,1
94104154,43,0,0.5068272948265076,0
94104170,43,0,0.36777037382125854,0
94104463,43,0,0.46052053570747375,0
94104615,43,0,0.6876530051231384,1
94104620,43,0,0.5885291695594788,0
94104685,43,0,0.5704219937324524,0
94104894,43,0,0.7331511378288269,1
94104921,43,0,0.6065090894699097,0
94104933,43,0,0.4061545133590698,0
94104942,43,0,0.6460670232772827,0
94104949,43,0,0.5235188603401184,0
94105003,43,0,0.41741055250167847,0
94105190,43,0,0.3752295672893524,0
94105238,43,0,0.44325679540634155,0
94105695,43,0,0.63606858253479,0
94105713,43,0,0.5962511301040649,0
94105926,43,0,0.47191259264945984,0
94105934,43,0,0.4843870997428894,0
94105938,43,0,0.5106234550476074,0
94106229,43,0,0.555031955242157,0
94106429,43,0,0.5192124247550964,0
94106434,43,0,0.512362539768219,0
94106439,43,0,0.4300403594970703,0
94106442,43,0,0.9206154346466064,1
94106446,43,0,0.3772870600223541,0
94107013,43,0,0.532518208026886,0
94107580,43,0,0.5705267786979675,0
94107945,43,0,0.42898476123809814,0
94110184,43,0,0.49303188920021057,0
94110477,43,0,0.3678753077983856,0
94112031,43,0,0.48204854130744934,0
94112138,43,0,0.5510344505310059,0
94112253,43,0,0.8649332523345947,1
94113066,43,0,0.4808967411518097,0
94114765,43,0,0.3923807442188263,0
94115916,43,0,0.5657564401626587,0
94116114,43,0,0.5146540999412537,0
94116119,43,0,0.7771174311637878,1
94116124,43,0,0.610590398311615,0
94116376,43,0,0.3462674617767334,0
94116711,43,0,0.3876765966415405,0
94116721,43,0,0.43661314249038696,0
94117136,43,0,0.7430804967880249,1
94117139,43,0,0.5451194047927856,0
94117141,43,0,0.6283112168312073,0
94117439,43,0,0.4285399615764618,0
94117443,43,0,0.37038445472717285,0
94117456,43,0,0.4129906892776489,0
94117472,43,0,0.6185836791992188,0
94118020,43,0,0.6390562057495117,0
94118027,43,0,0.6992207169532776,1
94118276,43,0,0.5596011281013489,0
94118537,43,0,0.615990161895752,0
94118551,43,0,0.4178486466407776,0
94118562,43,0,0.4277363419532776,0
94118571,43,0,0.8242473602294922,1
94118581,43,0,0.5543479323387146,0
94118589,43,0,0.4175410270690918,0
94118596,43,0,0.60529625415802,0
94118602,43,0,0.6243990659713745,0
94118608,43,0,0.3221209943294525,0
94119474,43,0,0.427685409784317,0
94119486,43,0,0.3935229778289795,0
94119493,43,0,0.6076412796974182,0
94119502,43,0,0.41613003611564636,0
94119508,43,0,0.48012611269950867,0
94120313,43,0,0.46741023659706116,0
94120330,43,0,0.3061171770095825,0
94122007,43,0,0.42025312781333923,0
94122027,43,0,0.5550692081451416,0
94122035,43,0,0.6666090488433838,0
94122054,43,0,0.40082457661628723,0
94122061,43,0,0.7518478035926819,1
94122209,43,0,0.5935924649238586,0
94122218,43,0,0.7621248960494995,1
94122522,43,0,0.4381199777126312,0
94123144,43,0,0.5938537120819092,0
94123860,43,0,0.7097187042236328,1
94124548,43,0,0.5057646632194519,0
94125198,43,0,0.5376604199409485,0
94125826,43,0,0.5145058035850525,0
94126162,43,0,0.5635805726051331,0
94126792,43,0,0.6706939339637756,1
94127065,43,0,0.4922633171081543,0
94127777,43,0,0.7102333903312683,1
94128086,43,0,0.5967047810554504,0
94128094,43,0,0.6282362937927246,0
94128375,43,0,0.48521891236305237,0
94128968,43,0,0.8084715008735657,1
94129191,43,0,0.5639437437057495,0
94129193,43,0,0.6171109080314636,0
94129869,43,0,0.4490468204021454,0
94130185,43,0,0.43125835061073303,0
94130506,43,0,0.3602061867713928,0
94130523,43,0,0.26330330967903137,0
94130525,43,0,0.44632500410079956,0
94130878,43,0,0.5901637077331543,0
94130886,43,0,0.6651588082313538,0
94130892,43,0,0.637685239315033,0
94130896,43,0,0.1857624650001526,0
94130911,43,0,0.43997788429260254,0
94131288,43,0,0.5032578706741333,0
94131606,43,0,0.39872440695762634,0
94131615,43,0,0.4909381866455078,0
94131623,43,0,0.5754861235618591,0
94131693,43,0,0.35095497965812683,0
94132299,43,0,0.7922723293304443,1
94132916,43,0,0.6545925140380859,0
94133258,43,0,0.9438429474830627,1
94133499,43,0,0.9233295917510986,1
94134304,43,0,0.36050498485565186,0
94134994,43,0,0.6784481406211853,1
94136580,43,0,0.5979078412055969,0
94136587,43,0,0.3272275924682617,0
94139156,43,0,0.7138733267784119,1
94141642,43,0,0.36191320419311523,0
94145770,43,0,0.34934425354003906,0
94146823,43,0,0.5110634565353394,0
94147086,43,0,0.7432177662849426,1
94147197,43,0,0.7398696541786194,1
94147407,43,0,0.6885080933570862,1
94148515,43,0,0.7433665990829468,1
94149412,43,0,0.320233553647995,0
94150348,43,1,0.42322060465812683,0
94151590,43,1,0.7092196345329285,1
94152411,43,0,0.34380313754081726,0
94152708,43,1,0.8981454968452454,1
94153016,43,1,0.8773773908615112,1
94153268,43,1,0.7343528270721436,1
94153275,43,1,0.5813573598861694,0
94185062,43,0,0.3599366247653961,0
94187346,43,0,0.5154823660850525,0
94188519,43,0,0.4992271661758423,0
94190966,43,0,0.33851689100265503,0
94191802,43,0,0.7474285960197449,1
94192833,43,0,0.4056980013847351,0
94194298,43,0,0.3815387785434723,0
94198574,43,0,0.4556460678577423,0
94198963,43,0,0.5461071133613586,0
94199703,43,0,0.401243656873703,0
94200503,43,0,0.9130733013153076,1
94205142,43,0,0.18599484860897064,0
94205434,43,0,0.45094457268714905,0
94205443,43,0,0.3142184615135193,0
94205523,43,0,0.3865492045879364,0
94213214,43,0,0.29948094487190247,0
94234353,43,0,0.23537687957286835,0
94236504,43,0,0.2691488265991211,0
94243061,43,0,0.886592447757721,1
94243119,43,0,0.6523154973983765,0
94243668,43,0,0.7719724774360657,1
94243672,43,0,0.8100120425224304,1
94243975,43,0,0.3251696228981018,0
94244152,43,0,0.4344705641269684,0
94244157,43,0,0.37346693873405457,0
94244220,43,0,0.6618001461029053,0
94245058,43,0,0.4398748576641083,0
94245078,43,0,0.7020673155784607,1
94245083,43,0,0.4741523265838623,0
94245170,43,0,0.46371766924858093,0
94245175,43,0,0.7843538522720337,1
94245185,43,0,0.4392745792865753,0
94245201,43,0,0.8749402761459351,1
94245377,43,0,0.4412934482097626,0
94245382,43,0,0.735538125038147,1
94245517,43,0,0.40206921100616455,0
94245520,43,0,0.3647925853729248,0
94246325,43,0,0.3776421546936035,0
94246470,43,0,0.8639644384384155,1
94247545,43,0,0.38485187292099,0
94248074,43,0,0.37859365344047546,0
94248910,43,0,0.16148990392684937,0
94249100,43,0,0.9057377576828003,1
94249104,43,0,0.5939171314239502,0
94249141,43,0,0.4588395357131958,0
94249153,43,0,0.8931609392166138,1
94251591,43,0,0.7958701252937317,1
94252041,43,0,0.741000771522522,1
94252574,43,0,0.7782571911811829,1
94253075,43,0,0.41735872626304626,0
94253094,43,0,0.8453611135482788,1
94253097,43,0,0.36408066749572754,0
94253262,43,0,0.7231783270835876,1
94253265,43,0,0.5976088643074036,0
94253272,43,0,0.6685267686843872,0
94253273,43,0,0.7756215929985046,1
94253277,43,0,0.915817379951477,1
94253279,43,0,0.658341646194458,0
94253572,43,0,0.8116509318351746,1
94253576,43,0,0.8157856464385986,1
94253693,43,0,0.8174118399620056,1
94253794,43,0,0.5987890958786011,0
94253797,43,0,0.7953675389289856,1
94254140,43,0,0.3936781883239746,0
94254215,43,0,0.8380442261695862,1
94254412,43,0,0.7596404552459717,1
94254432,43,0,0.8266835808753967,1
94254433,43,0,0.8043810129165649,1
94254496,43,0,0.7820335626602173,1
94255281,43,0,0.5043589472770691,0
94255487,43,0,0.4715091586112976,0
94255489,43,0,0.5886180400848389,0
94255570,43,1,0.7571284770965576,1
94255777,43,0,0.31554901599884033,0
94255780,43,0,0.39763182401657104,0
94255934,43,1,0.7104864716529846,1
94255937,43,0,0.4910596013069153,0
94256093,43,0,0.17697931826114655,0
94256327,43,0,0.38989418745040894,0
94256388,43,0,0.2642926275730133,0
94256550,43,0,0.36735326051712036,0
94256551,43,0,0.3588918149471283,0
94256552,43,0,0.35086196660995483,0
94256553,43,0,0.2805711627006531,0
94256556,43,0,0.5960077047348022,0
94256557,43,0,0.5476118326187134,0
94256559,43,0,0.37177857756614685,0
94256600,43,0,0.31804487109184265,0
94256605,43,0,0.3005308508872986,0
94256610,43,0,0.3128034770488739,0
94256617,43,0,0.7853745818138123,1
94256623,43,0,0.8153140544891357,1
94256627,43,0,0.5411847829818726,0
94256632,43,0,0.505976676940918,0
94256635,43,0,0.3867327868938446,0
94256636,43,0,0.49052929878234863,0
94256642,43,0,0.5084529519081116,0
94256646,43,0,0.34488120675086975,0
94256654,43,0,0.6061409115791321,0
94256655,43,0,0.4820152521133423,0
94256657,43,0,0.5201966166496277,0
94256658,43,0,0.716683030128479,1
94258780,43,0,0.3589484989643097,0
94260854,43,0,0.3131304383277893,0
94261335,43,0,0.3818884789943695,0
94261699,43,0,0.37426966428756714,0
94264510,43,0,0.27265679836273193,0
94265792,43,0,0.1677362620830536,0
94266065,43,0,0.005419332534074783,0
94266583,43,0,0.5641005039215088,0
94267139,43,0,0.0003198552003595978,0
94267362,43,0,0.00012226105900481343,0
94268582,43,0,0.8676159977912903,1
94268795,43,0,0.4173356294631958,0
94269040,43,0,0.3675432801246643,0
94269447,43,0,0.6734169125556946,1
94269451,43,0,0.829663872718811,1
94269750,43,0,0.6968905925750732,1
94269812,43,0,0.5383722186088562,0
94269837,43,0,0.636043131351471,0
94270129,43,0,0.48460882902145386,0
94270318,43,0,0.5428603291511536,0
94270524,43,0,0.4585556089878082,0
94270858,43,0,0.8609666228294373,1
94270859,43,0,0.5511685013771057,0
94271180,43,0,0.601692795753479,0
94271458,43,0,0.9108274579048157,1
94271461,43,0,0.8142041563987732,1
94272060,43,0,0.833747923374176,1
94273108,43,0,0.7814484238624573,1
94273170,43,0,0.5031010508537292,0
94274509,43,0,0.45580872893333435,0
94274783,43,0,0.7945060133934021,1
94275195,43,0,0.7839584350585938,1
94275579,43,0,0.4977262318134308,0
94275584,43,0,0.42922645807266235,0
94275585,43,0,0.7799082398414612,1
94275586,43,0,0.6587051153182983,0
94275589,43,0,0.37371331453323364,0
94276389,43,0,0.7922028303146362,1
94276525,43,0,0.7559474110603333,1
94276942,43,0,0.7637289762496948,1
94276951,43,0,0.6307977437973022,0
94276956,43,0,0.8937769532203674,1
94280363,43,0,0.6671940088272095,0
94281312,43,0,0.45912858843803406,0
94281315,43,0,0.29226580262184143,0
94281640,43,0,0.3161202073097229,0
94281647,43,0,0.42052409052848816,0
94281648,43,0,0.873975932598114,1
94282163,43,0,0.8141103982925415,1
94282190,43,0,0.5484694242477417,0
94282207,43,0,0.829576849937439,1
94282211,43,0,0.3209136724472046,0
94282402,43,0,0.782824695110321,1
94282405,43,0,0.8287786841392517,1
94282408,43,0,0.9353470802307129,1
94282416,43,0,0.17462582886219025,0
94282453,43,0,0.48574092984199524,0
94282454,43,0,0.49154186248779297,0
94282616,43,0,0.8359137177467346,1
94282690,43,0,0.5313314199447632,0
94282691,43,0,0.7477316856384277,1
94282700,43,0,0.8983990550041199,1
94282887,43,0,0.5449974536895752,0
94282888,43,0,0.3665178418159485,0
94282895,43,0,0.32717084884643555,0
94282897,43,0,0.604651927947998,0
94282898,43,0,0.3480493724346161,0
94282906,43,0,0.41813135147094727,0
94282907,43,0,0.503008246421814,0
94283253,43,0,0.6548099517822266,0
94283255,43,0,0.5057235360145569,0
94283257,43,0,0.7678079605102539,1
94283258,43,0,0.6952773332595825,1
94283260,43,0,0.5396192073822021,0
94283264,43,0,0.4429430067539215,0
94283265,43,0,0.6135083436965942,0
94283280,43,0,0.7343918681144714,1
94283843,43,0,0.5891039371490479,0
94284114,43,0,0.6944675445556641,1
94284118,43,0,0.5788454413414001,0
94284143,43,0,0.5029382705688477,0
94284156,43,0,0.6254262328147888,0
94284172,43,0,0.5743370056152344,0
94284179,43,0,0.5386320352554321,0
94284366,43,0,0.7601681351661682,1
94284374,43,0,0.29259151220321655,0
94284375,43,0,0.376339852809906,0
94284377,43,0,0.762769341468811,1
94284378,43,0,0.5575736165046692,0
94284380,43,0,0.2831282317638397,0
94284382,43,0,0.6826092004776001,1
94284728,43,0,0.6974819898605347,1
94284729,43,0,0.8646253347396851,1
94284732,43,0,0.7907596230506897,1
94284736,43,0,0.2493353933095932,0
94284738,43,0,0.5359992980957031,0
94284744,43,0,0.6967224478721619,1
94284745,43,0,0.2767699360847473,0
94284748,43,0,0.770437479019165,1
94284749,43,0,0.3897305130958557,0
94284753,43,0,0.4396483302116394,0
94284757,43,0,0.5988742113113403,0
94284768,43,0,0.49767258763313293,0
94284782,43,0,0.6680760383605957,0
94285093,43,0,0.38132163882255554,0
94285364,43,0,0.8292703032493591,1
94285380,43,0,0.6879045367240906,1
94285381,43,0,0.8673694729804993,1
94285385,43,0,0.3994259238243103,0
94285389,43,0,0.38880249857902527,0
94285395,43,0,0.50974041223526,0
94285398,43,0,0.5173060297966003,0
94285411,43,0,0.6322582960128784,0
94285973,43,0,0.3132970929145813,0
94286057,43,0,0.5726318359375,0
94286214,43,0,0.6041474342346191,0
94286461,43,0,0.4735088050365448,0
94286464,43,0,0.4974689483642578,0
94286465,43,0,0.5669630765914917,0
94286468,43,0,0.39983054995536804,0
94286781,43,0,0.6640770435333252,0
94286792,43,0,0.5552479028701782,0
94286797,43,0,0.37281033396720886,0
94286800,43,0,0.8216290473937988,1
94286801,43,0,0.4158311188220978,0
94287105,43,0,0.5424538850784302,0
94288267,43,0,0.32980725169181824,0
94288270,43,0,0.4125988781452179,0
94288272,43,0,0.3584067225456238,0
94288274,43,0,0.9074024558067322,1
94288275,43,0,0.8812030553817749,1
94288276,43,0,0.7577219009399414,1
94288934,43,0,0.7007941603660583,1
94288940,43,0,0.5139893889427185,0
94288947,43,0,0.6154667735099792,0
94289205,43,0,0.5415545701980591,0
94289527,43,0,0.622908890247345,0
94290267,43,0,0.6515918374061584,0
94290690,43,0,0.3845495283603668,0
94290692,43,0,0.3897620141506195,0
94290693,43,0,0.5237375497817993,0
94290694,43,0,0.5197279453277588,0
94290695,43,0,0.38287773728370667,0
94291798,43,0,0.590991735458374,0
94291809,43,0,0.622776985168457,0
94292225,43,0,0.8575044274330139,1
94292239,43,0,0.6059412360191345,0
94295641,43,0,0.5488689541816711,0
94295667,43,0,0.5223201513290405,0
94295934,43,0,0.6552724838256836,0
94295941,43,0,0.5814525485038757,0
94296220,43,0,0.6882092952728271,1
94296230,43,0,0.4649162292480469,0
94296240,43,0,0.3387742042541504,0
94296244,43,0,0.8183883428573608,1
94296267,43,0,0.6142125725746155,0
94296275,43,0,0.5245479345321655,0
94296278,43,0,0.5884816646575928,0
94296299,43,0,0.2842905521392822,0
94296304,43,0,0.20427146553993225,0
94296314,43,0,0.6568986177444458,0
94296317,43,0,0.7305899858474731,1
94296491,43,0,0.4655267596244812,0
94296492,43,0,0.4107554852962494,0
94296577,43,0,0.4170190989971161,0
94296584,43,0,0.7685855031013489,1
94296751,43,0,0.8537755012512207,1
94296758,43,0,0.248040571808815,0
94296759,43,0,0.7838290333747864,1
94296760,43,0,0.32727664709091187,0
94296767,43,0,0.5215892195701599,0
94296781,43,0,0.44940364360809326,0
94296853,43,0,0.34831327199935913,0
94296854,43,0,0.6856358051300049,1
94297036,43,0,0.21629783511161804,0
94297042,43,0,0.6360189318656921,0
94297166,43,0,0.8199052214622498,1
94297171,43,0,0.3514105975627899,0
94297505,43,0,0.6550566554069519,0
94297712,43,0,0.4717682898044586,0
94298024,43,0,0.6857030391693115,1
94298331,43,0,0.7086427807807922,1
94299343,43,0,0.7249322533607483,1
94299368,43,0,0.7200354933738708,1
94299379,43,0,0.7919257879257202,1
94299388,43,0,0.6365228295326233,0
94299929,43,0,0.7250277400016785,1
94300504,43,0,0.565758466720581,0
94300901,43,0,0.6428024768829346,0
94300935,43,0,0.4843486249446869,0
94300947,43,0,0.4251278042793274,0
94300960,43,0,0.642859697341919,0
94301568,43,0,0.7277352213859558,1
94301671,43,0,0.5430991649627686,0
94301800,43,0,0.16471348702907562,0
94301805,43,0,0.7273070812225342,1
94301809,43,0,0.6872215867042542,1
94301930,43,0,0.5494815111160278,0
94302230,43,0,0.7249129414558411,1
94302232,43,0,0.5910243391990662,0
94302233,43,0,0.43190741539001465,0
94302234,43,0,0.3475949466228485,0
94302235,43,0,0.48080986738204956,0
94302237,43,0,0.42910706996917725,0
94302240,43,0,0.6803149580955505,1
94302241,43,0,0.32964855432510376,0
94302243,43,0,0.46397238969802856,0
94302380,43,0,0.5797321200370789,0
94302383,43,0,0.7388442158699036,1
94302390,43,0,0.5499022603034973,0
94302400,43,0,0.5449411273002625,0
94302401,43,0,0.5648384094238281,0
94302405,43,0,0.7511719465255737,1
94302734,43,0,0.5983400344848633,0
94302747,43,0,0.36225947737693787,0
94302750,43,0,0.7816569805145264,1
94302751,43,0,0.897196888923645,1
94302754,43,0,0.7258833646774292,1
94302779,43,0,0.7517170906066895,1
94302783,43,0,0.6542159914970398,0
94302784,43,0,0.794979989528656,1
94302788,43,0,0.3455561399459839,0
94302793,43,0,0.5805155634880066,0
94303089,43,0,0.5056049823760986,0
94303106,43,0,0.2404565066099167,0
94303115,43,0,0.5787061452865601,0
94303119,43,0,0.7270907759666443,1
94303123,43,0,0.38138148188591003,0
94303130,43,0,0.5416207909584045,0
94303462,43,0,0.3937690854072571,0
94306036,43,0,0.4429383873939514,0
94307473,43,0,0.5501663684844971,0
94311363,43,0,0.35282739996910095,0
94311945,43,0,0.2694180905818939,0
94312679,43,0,0.2513575553894043,0
94312926,43,0,0.37848618626594543,0
94312930,43,0,0.7662309408187866,1
94313554,43,0,0.31683000922203064,0
94313794,43,0,0.8721479177474976,1
94313965,43,0,0.6069363355636597,0
94314218,43,0,0.5419226884841919,0
94314224,43,0,0.7706609964370728,1
94314789,43,0,0.3056999146938324,0
94314792,43,0,0.4028225839138031,0
94314799,43,0,0.8728104829788208,1
94316199,43,0,0.5751301646232605,0
94316203,43,0,0.5860824584960938,0
94317624,43,0,0.36541643738746643,0
94318047,43,0,0.41177937388420105,0
94318731,43,0,0.411722868680954,0
94319918,43,0,0.33826538920402527,0
94320505,43,0,0.3532337546348572,0
94321025,43,0,0.39940816164016724,0
94321026,43,0,0.3912310302257538,0
94322583,43,0,0.41643422842025757,0
94322870,43,0,0.7780788540840149,1
94322882,43,0,0.6140800714492798,0
94322886,43,0,0.7267496585845947,1
94322889,43,0,0.6753769516944885,1
94322890,43,0,0.46438223123550415,0
94325110,43,0,0.4117053747177124,0
94325168,43,0,0.7129558324813843,1
94327304,43,0,0.41744464635849,0
94327952,43,0,0.8652909994125366,1
94333210,43,0,0.25618404150009155,0
94333339,43,0,0.45337003469467163,0
94333342,43,0,0.4164290428161621,0
94333343,43,0,0.42030051350593567,0
94333591,43,0,0.43748071789741516,0
94336035,43,1,0.7790966629981995,1
94336306,43,1,0.3522189259529114,0
94336308,43,1,0.48558712005615234,0
94336448,43,0,0.3781661093235016,0
94336461,43,0,0.8228282928466797,1
94337633,43,1,0.8873005509376526,1
94338514,43,0,0.3691142797470093,0
94338645,43,0,0.5106471180915833,0
94339989,43,0,0.2076505571603775,0
94340195,43,0,0.5122441649436951,0
94340892,43,0,0.5969581604003906,0
94340900,43,0,0.35535338521003723,0
94340906,43,1,0.7588882446289062,1
94340970,43,0,0.48810240626335144,0
94341464,43,1,0.36860567331314087,0
94341503,43,1,0.37303492426872253,0
94352484,43,0,0.533302903175354,0
94352497,43,0,0.3992164731025696,0
94353890,43,0,0.6319522857666016,0
94360288,43,0,0.7961905598640442,1
94360375,43,0,0.33094674348831177,0
94360376,43,0,0.5952051877975464,0
94360384,43,0,0.30264607071876526,0
94360388,43,0,0.42627379298210144,0
94360794,43,0,0.5030261278152466,0
94362297,43,0,0.40882763266563416,0
94362345,43,0,0.40024009346961975,0
94362824,43,0,0.3825347125530243,0
94366286,43,0,0.5240463018417358,0
94367111,43,0,0.6612709760665894,0
94369573,43,0,0.6875534057617188,1
94369736,43,0,0.17753246426582336,0
94369751,43,0,0.8813785910606384,1
94369754,43,0,0.42397060990333557,0
94369759,43,0,0.5754987001419067,0
94369781,43,0,0.633520781993866,0
94371981,43,0,0.8071818947792053,1
94372364,43,0,0.7012470364570618,1
94375195,43,0,0.1832728385925293,0
94379983,43,0,0.3494071960449219,0
94381801,43,0,0.3436248302459717,0
94382517,43,0,0.2806098759174347,0
94384396,43,0,0.4424605667591095,0
94384614,43,0,0.5071610808372498,0
94522171,43,0,0.7949138879776001,1
94525461,43,0,0.753868818283081,1
94532741,43,0,0.7441715598106384,1
94532744,43,0,0.8697393536567688,1
94533523,43,0,0.5845927000045776,0
94534184,43,0,0.5054301023483276,0
94535593,43,0,0.47567495703697205,0
94547034,43,0,0.5674446225166321,0
94549932,43,0,0.32767224311828613,0
94551364,43,0,0.40389442443847656,0
94551837,43,0,0.38835975527763367,0
94552774,43,0,0.3891911804676056,0
94554289,43,0,0.8017302751541138,1
94554775,43,0,0.7738805413246155,1
94555238,43,0,0.6248541474342346,0
94555249,43,0,0.8758255243301392,1
94555254,43,0,0.8979184031486511,1
94555665,43,0,0.38533180952072144,0
94557511,43,0,0.7431220412254333,1
94557892,43,0,0.7111294269561768,1
94558090,43,0,0.8154662251472473,1
94558123,43,0,0.42811620235443115,0
94562923,43,0,0.8072233200073242,1
94563333,43,0,0.5235030651092529,0
94574594,43,0,0.36960288882255554,0
94574595,43,0,0.3866012394428253,0
94574599,43,0,0.5463292002677917,0
94574601,43,0,0.3309653103351593,0
94574609,43,0,0.28049710392951965,0
94574802,43,0,0.36486729979515076,0
94574810,43,0,0.38075897097587585,0
94574811,43,0,0.5587812066078186,0
94574819,43,0,0.32952630519866943,0
94574820,43,0,0.40849339962005615,0
94574824,43,0,0.11476649343967438,0
94574827,43,0,0.4875446856021881,0
94574829,43,0,0.22297446429729462,0
94576816,43,0,0.41087669134140015,0
94579627,43,0,0.5021994709968567,0
94580503,43,0,0.9663814902305603,1
94581107,43,0,0.687471330165863,1
94581117,43,0,0.895474374294281,1
94583001,43,0,0.8267506957054138,1
94583836,43,0,0.82344651222229,1
94583999,43,0,0.7837172150611877,1
94584000,43,0,0.8546139001846313,1
94584149,43,0,0.7911897897720337,1
94586501,43,0,0.48753324151039124,0
94588060,43,0,0.7103776931762695,1
94588332,43,0,0.5607126951217651,0
94590220,43,0,0.7608016133308411,1
94590557,43,0,0.6269912719726562,0
94590638,43,0,0.864421010017395,1
94590651,43,0,0.5904668569564819,0
94590655,43,0,0.7275214791297913,1
94590670,43,0,0.9361505508422852,1
94590915,43,0,0.6500829458236694,0
94590926,43,0,0.4408176839351654,0
94590977,43,0,0.3180857002735138,0
94590978,43,0,0.421551913022995,0
94591102,43,0,0.7636747360229492,1
94591117,43,0,0.258908212184906,0
94591818,43,0,0.7455570101737976,1
94591834,43,0,0.4837273955345154,0
94592663,43,0,0.24185815453529358,0
94592906,43,0,0.48435476422309875,0
94592932,43,0,0.8819311261177063,1
94592936,43,0,0.8438360691070557,1
94593149,43,0,0.7193442583084106,1
94593153,43,0,0.8235394358634949,1
94593159,43,0,0.585450291633606,0
94593391,43,0,0.32893580198287964,0
94593394,43,0,0.788546621799469,1
94593939,43,0,0.8529781699180603,1
94593948,43,0,0.41428548097610474,0
94594146,43,0,0.7806082367897034,1
94594604,43,0,0.6958068609237671,1
94595077,43,0,0.43890899419784546,0
94596056,43,0,0.5509126782417297,0
94596465,43,0,0.9251793026924133,1
94596675,43,0,0.886128306388855,1
94596679,43,0,0.7676140069961548,1
94596868,43,0,0.8635392189025879,1
94597302,43,0,0.3672466278076172,0
94597549,43,0,0.3275236189365387,0
94599580,43,0,0.8948026299476624,1
94599773,43,0,0.9008611440658569,1
94600269,43,0,0.3773615062236786,0
94608891,43,0,0.8030757308006287,1
94609115,43,0,0.3670763671398163,0
94609611,43,0,0.4499254524707794,0
94611184,43,0,0.48853960633277893,0
94611187,43,0,0.4309573769569397,0
94613058,43,0,0.4191693961620331,0
94618821,43,0,0.25906261801719666,0
94618829,43,0,0.7372483611106873,1
94623588,43,1,0.7220141291618347,1
94625621,43,0,0.4273456037044525,0
94626460,43,1,0.6723355054855347,1
94626483,43,1,0.6425628662109375,0
94636673,43,0,0.37345102429389954,0
94639862,43,0,0.785545289516449,1
94640777,43,0,0.40882763266563416,0
94641099,43,0,0.3951525390148163,0
94645488,43,0,0.5111056566238403,0
94645492,43,0,0.5883567333221436,0
94645773,43,0,0.6557527184486389,0
94645781,43,0,0.3326915204524994,0
94650084,43,0,0.6048718094825745,0
94652304,43,0,0.29502415657043457,0
94655204,43,0,0.30477768182754517,0
94655217,43,0,0.3303777277469635,0
94655625,43,0,0.6370227336883545,0
94662651,43,0,0.22542566061019897,0
94819521,43,0,0.35517582297325134,0
94819538,43,0,0.5246520042419434,0
94887108,43,0,0.7015292048454285,1
94887348,43,0,0.3386540412902832,0
94887682,43,0,0.9084017872810364,1
94888545,43,0,0.7147310972213745,1
94889310,43,0,0.5858577489852905,0
94890401,43,0,0.0034178830683231354,0
94890405,43,0,0.3860938251018524,0
94891079,43,0,0.38074547052383423,0
94891307,43,0,0.38959962129592896,0
94893486,43,0,0.8755951523780823,1
94893501,43,0,0.8587889075279236,1
94906238,43,0,0.6831674575805664,1
94906481,43,0,0.4422534108161926,0
94906493,43,0,0.42135366797447205,0
94907230,43,0,0.6763648390769958,1
94907237,43,0,0.4355164170265198,0
94911539,43,0,0.5927055478096008,0
94911603,43,0,0.7648167014122009,1
94911621,43,0,0.8116289377212524,1
94912121,43,0,0.9370986223220825,1
94912336,43,0,0.6812721490859985,1
94912423,43,0,0.69338458776474,1
94912936,43,0,0.6643438935279846,0
94913085,43,0,0.5623322129249573,0
94913436,43,0,0.890629231929779,1
94913439,43,0,0.8526006937026978,1
94914090,43,0,0.7979198694229126,1
94914102,43,0,0.8619009852409363,1
94939763,43,0,0.4096640944480896,0
94940171,43,0,0.3532557487487793,0
94940323,43,0,0.40309807658195496,0
94940926,43,0,0.5209348201751709,0
94940927,43,1,0.7547343969345093,1
94941140,43,0,0.24169068038463593,0
94941157,43,0,0.4804483950138092,0
94941158,43,0,0.29187384247779846,0
94952041,43,0,0.8483423590660095,1
94953856,43,0,0.25558018684387207,0
94953860,43,0,0.5252614617347717,0
94954366,43,0,0.47423768043518066,0
94954369,43,0,0.4621713161468506,0
94954676,43,0,0.6081383228302002,0
94961251,43,0,0.5988864898681641,0
94961504,43,0,0.5699698328971863,0
94964017,43,0,0.4530562460422516,0
94964022,43,0,0.720503568649292,1
94971592,43,0,0.4830194115638733,0
94971615,43,0,0.7032614350318909,1
94971831,43,0,0.6383388638496399,0
94971834,43,0,0.8949539065361023,1
94974524,43,0,0.35740193724632263,0
94982592,43,0,0.6179647445678711,0
94990802,43,0,0.47292470932006836,0
94991421,43,0,0.5013179183006287,0
94991713,43,0,0.44884780049324036,0
94992007,43,0,0.6044268608093262,0
94992011,43,0,0.6969661116600037,1
94992016,43,0,0.8828367590904236,1
95000420,43,0,0.7596689462661743,1
95000609,43,0,0.7100653648376465,1
95001263,43,0,0.7296478152275085,1
95001492,43,0,0.7001660466194153,1
95001501,43,0,0.4704693555831909,0
95002005,43,0,0.44786861538887024,0
95009059,43,0,0.5136460065841675,0
95010521,43,0,0.4613245725631714,0
95011528,43,0,0.5454968214035034,0
95012935,43,0,0.5869722366333008,0
95012943,43,0,0.6478792428970337,0
95040262,43,0,0.7674484848976135,1
95040285,43,0,0.7143033742904663,1
95040297,43,0,0.656439483165741,0
95206874,43,0,0.8164819478988647,1
95312174,43,0,0.3248959481716156,0
95329588,43,0,0.8660603761672974,1
95339081,43,0,0.5195335149765015,0
95378175,43,0,0.6489052176475525,0
95531166,43,0,0.5490749478340149,0
95531167,43,0,0.4731185734272003,0
95566581,43,0,0.36136746406555176,0
95582551,43,0,0.5055838227272034,0
95611894,43,0,0.584796130657196,0
95780172,43,0,0.683811366558075,1
96003165,43,0,0.8297406435012817,1
96015851,43,0,0.7168821096420288,1
96024656,43,0,0.8954331874847412,1
96310009,43,0,0.8111010193824768,1
97045597,43,0,0.5023974180221558,0
97737731,43,0,0.7652998566627502,1
98637214,43,0,0.6432422995567322,0
98637531,43,0,0.35271155834198,0
98638702,43,0,0.3120627701282501,0
98639218,43,0,0.7732353210449219,1
98639538,43,0,0.5012824535369873,0
98643342,43,0,0.6659440994262695,0
98643368,43,0,0.7085296511650085,1
98643640,43,0,0.27284136414527893,0
98645297,43,0,0.777191698551178,1
98646283,43,0,0.8913649320602417,1
98647549,43,0,0.5160412788391113,0
98647575,43,0,0.6711538434028625,1
98648145,43,0,0.5446363091468811,0
98648192,43,0,0.5967972874641418,0
98648193,43,0,0.6653102040290833,0
98648209,43,0,0.6123118996620178,0
98649026,43,0,0.7647651433944702,1
98649035,43,0,0.5722798109054565,0
98649036,43,0,0.6332899332046509,0
98649295,43,0,0.46677517890930176,0
98649307,43,0,0.6173045039176941,0
98649353,43,0,0.6776878833770752,1
98649357,43,0,0.23652124404907227,0
98649358,43,0,0.6074029207229614,0
98649366,43,0,0.5708719491958618,0
98649367,43,0,0.30852848291397095,0
98649729,43,0,0.5586817264556885,0
98649732,43,0,0.6904992461204529,1
98649736,43,0,0.34924137592315674,0
98649743,43,0,0.6252641081809998,0
98649752,43,0,0.24159479141235352,0
98649753,43,0,0.7314242720603943,1
98649891,43,0,0.6426030993461609,0
98649892,43,0,0.5985947251319885,0
98649981,43,0,0.6627044081687927,0
98649988,43,0,0.3051164150238037,0
98649993,43,0,0.4741390347480774,0
98650151,43,0,0.41761094331741333,0
98650162,43,0,0.29533258080482483,0
98650163,43,0,0.6062025427818298,0
98650263,43,0,0.3389893174171448,0
98650433,43,0,0.3382757902145386,0
98650767,43,0,0.6246368288993835,0
98651116,43,0,0.3686469793319702,0
98651472,43,0,0.5691711902618408,0
98651473,43,0,0.5477054119110107,0
98651474,43,0,0.7402238845825195,1
98651475,43,0,0.5944614410400391,0
98651476,43,0,0.7495360374450684,1
98651477,43,0,0.4152121841907501,0
98651479,43,0,0.63559490442276,0
98651481,43,0,0.5336716175079346,0
98651780,43,0,0.5419517755508423,0
98651788,43,0,0.3229365050792694,0
98652418,43,0,0.5407195687294006,0
98652420,43,0,0.37296587228775024,0
98652723,43,0,0.45647162199020386,0
98652725,43,0,0.4413503408432007,0
98652728,43,0,0.6515100598335266,0
98652730,43,0,0.5109197497367859,0
98652731,43,0,0.5752304196357727,0
98652740,43,0,0.3946261703968048,0
98652748,43,0,0.6773695945739746,1
98652750,43,0,0.6004606485366821,0
98652751,43,0,0.4990135133266449,0
98652752,43,0,0.4579600989818573,0
98652755,43,0,0.7461283802986145,1
98652880,43,0,0.5683451890945435,0
98652897,43,0,0.5093868374824524,0
98652900,43,0,0.3485545217990875,0
98652906,43,0,0.7366329431533813,1
98652919,43,0,0.760382890701294,1
98653018,43,0,0.3321509063243866,0
98653019,43,0,0.39478835463523865,0
98653312,43,0,0.4732065498828888,0
98653614,43,0,0.7446839809417725,1
98653617,43,0,0.7078865170478821,1
98653910,43,0,0.40909677743911743,0
98654206,43,0,0.6025400161743164,0
98654342,43,0,0.6842138171195984,1
98654348,43,0,0.8116398453712463,1
98654668,43,0,0.5524258017539978,0
98654682,43,0,0.3452828526496887,0
98654828,43,0,0.4510711431503296,0
98654829,43,0,0.7333994507789612,1
98654986,43,0,0.4910299777984619,0
98655328,43,0,0.6552014946937561,0
98655545,43,0,0.2848660945892334,0
98655566,43,0,0.740283191204071,1
98655797,43,0,0.47391101717948914,0
98655798,43,0,0.46589431166648865,0
98655818,43,0,0.5093879103660583,0
98655828,43,0,0.565676748752594,0
98655831,43,0,0.392965704202652,0
98655869,43,0,0.3698839843273163,0
98656284,43,0,0.5634601712226868,0
98656285,43,0,0.3030759394168854,0
98656512,43,0,0.5414316654205322,0
98656773,43,0,0.628792941570282,0
98656774,43,0,0.877626359462738,1
98656788,43,0,0.33314573764801025,0
98656894,43,0,0.40750715136528015,0
98656898,43,0,0.4284627437591553,0
98657144,43,0,0.7003706693649292,1
98657151,43,0,0.35318246483802795,0
98657161,43,0,0.41229626536369324,0
98658080,43,0,0.22617094218730927,0
98658517,43,0,0.6292749047279358,0
98658846,43,0,0.6109834313392639,0
98659414,43,0,0.3800628185272217,0
98659418,43,0,0.37334108352661133,0
98659423,43,0,0.8344417810440063,1
98659506,43,0,0.5229558944702148,0
98659657,43,0,0.6469832062721252,0
98659659,43,0,0.6957136988639832,1
98660029,43,0,0.3746771514415741,0
98660034,43,0,0.5796526670455933,0
98660055,43,0,0.4259025752544403,0
98660198,43,0,0.6131848692893982,0
98660822,43,0,0.6000953316688538,0
98660823,43,0,0.5881912112236023,0
98660984,43,0,0.5933882594108582,0
98661120,43,0,0.6241832375526428,0
98661124,43,0,0.5369213223457336,0
98661480,43,0,0.5201497673988342,0
98661481,43,0,0.728009819984436,1
98661495,43,0,0.833998441696167,1
98662025,43,0,0.26233282685279846,0
98662083,43,0,0.6983689665794373,1
98662085,43,0,0.7741973400115967,1
98662742,43,0,0.5109787583351135,0
98663193,43,0,0.5468011498451233,0
98663300,43,0,0.7904739379882812,1
98663302,43,0,0.7791727185249329,1
98663455,43,0,0.5390833616256714,0
98663543,43,0,0.4565622806549072,0
98663647,43,0,0.3966016173362732,0
98663817,43,0,0.2205037921667099,0
98663961,43,0,0.547609269618988,0
98663964,43,0,0.4133400022983551,0
98664194,43,0,0.5029482841491699,0
98664317,43,0,0.40137040615081787,0
98664666,43,0,0.7014907598495483,1
98688026,43,0,0.6791284084320068,1
98785176,43,0,0.9204632639884949,1
99098561,43,0,0.3213278353214264,0
99108938,43,0,0.9233927726745605,1
99109668,43,0,0.8281565308570862,1
99118726,43,0,0.3032396733760834,0
99146992,43,0,0.29144415259361267,0
99147023,43,0,0.34185537695884705,0
99147036,43,0,0.3773897886276245,0
99147040,43,0,0.3624286949634552,0
99254983,43,0,0.6030981540679932,0
99261277,43,0,0.7995362281799316,1
99261293,43,0,0.8414557576179504,1
99261445,43,0,0.42438381910324097,0
99261455,43,0,0.6653978228569031,0
99262806,43,0,0.36323636770248413,0
99262859,43,0,0.7319959998130798,1
99262894,43,0,0.7662935853004456,1
99262903,43,0,0.4837074875831604,0
99262904,43,0,0.7834188938140869,1
99262930,43,0,0.7313727736473083,1
99262938,43,0,0.6834681630134583,1
99262941,43,0,0.5505326390266418,0
99262958,43,0,0.28994566202163696,0
99273045,43,0,0.12471066415309906,0
99279947,43,0,0.4043032228946686,0
99313535,43,0,0.4337789714336395,0
99554925,43,0,0.5220857858657837,0
107412752,43,0,0.5157151222229004,0
1050841,44,0,0.06543984264135361,0
1052068,44,0,0.08820325136184692,0
1054055,44,0,0.48733144998550415,0
2346844,44,0,0.08212044090032578,0
2346845,44,0,0.322816401720047,0
3623302,44,0,0.4077518880367279,0
7292993,44,0,0.8727576732635498,1
7962124,44,0,0.36285924911499023,0
12607017,44,0,0.6695790886878967,0
14323677,44,0,0.4680827856063843,0
15106066,44,0,0.8595809936523438,1
16811974,44,0,0.4991917610168457,0
17500202,44,0,0.2891029715538025,0
21494739,44,0,0.35173892974853516,0
21811538,44,0,0.7376761436462402,1
21852040,44,0,0.8528057932853699,1
23229087,44,0,0.9045642018318176,1
23477159,44,0,0.4683188498020172,0
23477169,44,0,0.46651512384414673,0
23592023,44,0,0.4573839008808136,0
26424364,44,0,0.8906298875808716,1
28468985,44,0,0.037859104573726654,0
30836183,44,0,0.848167896270752,1
31086091,44,0,0.35675472021102905,0
32168716,44,0,0.2860206365585327,0
32476507,44,0,0.316516637802124,0
33353684,44,0,0.8676455616950989,1
36381365,44,0,0.3734622597694397,0
37263284,44,0,0.4846915900707245,0
37291743,44,0,0.17834126949310303,0
37548797,44,0,0.6579141616821289,0
37655657,44,0,0.5056360960006714,0
37962202,44,0,0.8927804827690125,1
38342253,44,0,0.540529727935791,0
39165300,44,0,0.27417078614234924,0
39292646,44,0,0.9010765552520752,1
39801485,44,0,0.5098544955253601,0
39957418,44,0,0.4768342971801758,0
40505604,44,0,0.38517868518829346,0
41642834,44,0,0.4762476980686188,0
41927883,44,0,0.3320711851119995,0
46893559,44,0,0.4451226592063904,0
49177809,44,0,0.9212181568145752,1
50495320,44,0,0.3590987026691437,0
50510807,44,0,0.2961820960044861,0
50510808,44,0,0.199763223528862,0
51674926,44,0,0.4967385232448578,0
52787341,44,0,0.7910124659538269,1
52793909,44,0,0.4618196189403534,0
53353907,44,0,0.8736522793769836,1
53424985,44,0,0.8164839148521423,1
53797073,44,0,0.5823886394500732,0
55000576,44,0,0.49297869205474854,0
55049307,44,0,0.5427249670028687,0
56542767,44,0,0.3673184812068939,0
58091074,44,0,0.8286045789718628,1
60954387,44,0,0.4569286108016968,0
61031389,44,0,0.6796614527702332,1
63691475,44,0,0.282463937997818,0
67341780,44,0,0.6236114501953125,0
67341782,44,0,0.9002865552902222,1
68254937,44,0,0.7015208005905151,1
68382061,44,0,0.9155808091163635,1
68595814,44,0,0.8613821268081665,1
68907229,44,0,0.8249761462211609,1
69492493,44,0,0.9102041721343994,1
72351285,44,0,0.3274710476398468,0
75764180,44,0,0.4714663326740265,0
76509860,44,0,0.3431416153907776,0
78837451,44,0,0.3000528812408447,0
80514799,44,0,0.7129919528961182,1
80520189,44,0,0.8779976963996887,1
80610820,44,0,0.5897282361984253,0
80790788,44,0,0.5141580700874329,0
83269505,44,0,0.8431960940361023,1
84195808,44,0,0.6091306805610657,0
85805647,44,0,0.46326515078544617,0
87102547,44,0,0.39172932505607605,0
90467048,44,0,0.7800139784812927,1
91396411,44,0,0.46302729845046997,0
92627965,44,0,0.8227617144584656,1
99836847,44,0,0.36940547823905945,0
100265259,44,0,0.45823633670806885,0
100435124,44,0,0.46490776538848877,0
102383130,44,0,0.4822126626968384,0
105411194,44,0,0.31665682792663574,0
105413220,44,0,0.370281457901001,0
105418918,44,0,0.48709216713905334,0
105419478,44,0,0.758533239364624,1
105419926,44,0,0.8243952393531799,1
105419942,44,0,0.790078341960907,1
105419960,44,0,0.7616131901741028,1
105419976,44,0,0.8883273005485535,1
105419988,44,0,0.9322953224182129,1
105420014,44,0,0.5775415897369385,0
105420019,44,0,0.8386662006378174,1
105420207,44,0,0.8312429785728455,1
105420214,44,0,0.7806437015533447,1
105420224,44,0,0.6687768697738647,0
105420240,44,0,0.6012558341026306,0
105420247,44,0,0.8578011989593506,1
105420251,44,0,0.714285671710968,1
105420273,44,0,0.9156580567359924,1
105420286,44,0,0.8990911841392517,1
105420302,44,0,0.9187406897544861,1
105420320,44,0,0.8351161479949951,1
105420324,44,0,0.8879287838935852,1
105420434,44,0,0.6214529275894165,0
105420832,44,0,0.43383893370628357,0
105421617,44,0,0.26649072766304016,0
105421700,44,0,0.7956457138061523,1
105422234,44,0,0.7816117405891418,1
105422239,44,0,0.7790180444717407,1
105422342,44,0,0.2172470986843109,0
105422778,44,0,0.6257283687591553,0
105422813,44,0,0.754012942314148,1
105423532,44,0,0.2045539766550064,0
105423550,44,0,0.3708818256855011,0
105423585,44,0,0.8488535284996033,1
105424599,44,0,0.35686060786247253,0
105424603,44,0,0.9143233895301819,1
105424606,44,0,0.7211581468582153,1
105424613,44,0,0.4147394597530365,0
105425074,44,0,0.9198148846626282,1
105425109,44,0,0.780514121055603,1
105425125,44,0,0.9177765250205994,1
105425143,44,0,0.6981254816055298,1
105425151,44,0,0.8681071400642395,1
105425158,44,0,0.7432962656021118,1
105425313,44,0,0.647341787815094,0
105425363,44,0,0.7818838357925415,1
105425490,44,0,0.3429240882396698,0
105425528,44,0,0.721878707408905,1
105425540,44,0,0.8561680912971497,1
105425545,44,0,0.8929455280303955,1
105425562,44,0,0.8703309893608093,1
105425566,44,0,0.7464115619659424,1
105425580,44,0,0.8904890418052673,1
105425756,44,0,0.7818323373794556,1
105425768,44,0,0.8373227119445801,1
105426009,44,0,0.5270746350288391,0
105426029,44,0,0.8086487054824829,1
105426254,44,0,0.9156449437141418,1
105426282,44,0,0.9459723234176636,1
105426601,44,0,0.909013569355011,1
105426607,44,0,0.8978580832481384,1
105426622,44,0,0.7688884735107422,1
105426643,44,0,0.8371856212615967,1
105426666,44,0,0.4121865928173065,0
105426678,44,0,0.6451672911643982,0
105426706,44,0,0.4495369791984558,0
105426713,44,0,0.8739564418792725,1
105426732,44,0,0.6782556772232056,1
105426745,44,0,0.4298204183578491,0
105426757,44,0,0.6847146153450012,1
105427123,44,0,0.42186591029167175,0
105427128,44,0,0.8645868301391602,1
105427137,44,0,0.8568954467773438,1
105427150,44,0,0.9404104351997375,1
105427190,44,0,0.5026484131813049,0
105428065,44,0,0.3992762267589569,0
105428244,44,0,0.8327849507331848,1
105428263,44,0,0.6263715624809265,0
105428281,44,0,0.9196265339851379,1
105428296,44,0,0.8829331398010254,1
105428331,44,0,0.9528174996376038,1
105428362,44,0,0.9162935614585876,1
105428370,44,0,0.890488862991333,1
105428418,44,0,0.8497170209884644,1
105428434,44,0,0.8783571720123291,1
105428461,44,0,0.8903242945671082,1
105428618,44,0,0.8481533527374268,1
105428626,44,0,0.6092989444732666,0
105428667,44,0,0.8540236353874207,1
105428682,44,0,0.706754744052887,1
105428697,44,0,0.9100100994110107,1
105428704,44,0,0.818429708480835,1
105429233,44,0,0.881516695022583,1
105429245,44,0,0.8174765706062317,1
105429256,44,0,0.8397622108459473,1
105429263,44,0,0.729094922542572,1
105429280,44,0,0.8787012100219727,1
105429354,44,0,0.20622996985912323,0
105432643,44,0,0.0007113126339390874,0
105433236,44,0,7.021466444712132e-06,0
105434864,44,1,0.832848072052002,1
105434883,44,1,0.9177873134613037,1
105434888,44,0,0.5920922756195068,0
105434910,44,0,0.3376603126525879,0
105434922,44,1,0.616159975528717,0
105435337,44,0,0.3794978857040405,0
105435372,44,1,0.43875956535339355,0
105435837,44,0,0.3594032824039459,0
105435872,44,0,0.6427051424980164,0
105436390,44,0,0.3783082962036133,0
105436877,44,0,0.7464216947555542,1
105437305,44,0,0.7686615586280823,1
105443089,44,0,0.4977521002292633,0
105443450,44,0,0.34580618143081665,0
105443967,44,0,0.34031912684440613,0
105444916,44,0,0.3770163059234619,0
105460621,44,0,0.6181178092956543,0
105460670,44,0,0.5771912336349487,0
105461722,44,0,0.46895474195480347,0
105461736,44,0,0.6754993200302124,1
105461747,44,0,0.675381600856781,1
105461823,44,0,0.6876033544540405,1
105462052,44,0,0.5570365786552429,0
105464314,44,0,0.6650320887565613,0
105578797,44,0,0.48319491744041443,0
105587181,44,0,0.8374333381652832,1
105587216,44,0,0.7957457304000854,1
105587485,44,0,0.42132559418678284,0
105587493,44,0,0.5380337238311768,0
105587499,44,0,0.7467184066772461,1
105587504,44,0,0.9161770939826965,1
105587508,44,0,0.8909432291984558,1
105587520,44,0,0.8019678592681885,1
105587537,44,0,0.7296908497810364,1
105587543,44,0,0.8127973079681396,1
105587546,44,0,0.9026573896408081,1
105587561,44,0,0.7603152990341187,1
105587567,44,0,0.8071977496147156,1
105587570,44,0,0.9039499759674072,1
105588128,44,0,0.46015089750289917,0
105588181,44,0,0.3397730588912964,0
105588194,44,0,0.4568648934364319,0
105588410,44,0,0.3452029824256897,0
105588420,44,0,0.25613167881965637,0
105588425,44,0,0.20560401678085327,0
105588431,44,0,0.685691773891449,1
105588434,44,0,0.8209977149963379,1
105588438,44,1,0.8420882821083069,1
105588440,44,0,0.32362934947013855,0
105588442,44,0,0.7962379455566406,1
105588463,44,0,0.8872815370559692,1
105588481,44,0,0.8482679128646851,1
105588491,44,0,0.7944238781929016,1
105588501,44,0,0.49423131346702576,0
105589708,44,0,0.8382632732391357,1
105590000,44,0,0.9208415746688843,1
105590005,44,0,0.8387995958328247,1
105590062,44,0,0.644722580909729,0
105590143,44,0,0.7320898175239563,1
105590208,44,0,0.8614683151245117,1
105590215,44,0,0.8647356629371643,1
105590218,44,0,0.7951260805130005,1
105590228,44,0,0.5967947840690613,0
105590238,44,0,0.6771264672279358,1
105590245,44,0,0.8972141742706299,1
105590252,44,0,0.48625484108924866,0
105590257,44,0,0.8963617086410522,1
105590271,44,0,0.8765705227851868,1
105590274,44,0,0.8018534183502197,1
105590287,44,0,0.8096272349357605,1
105590289,44,0,0.8223540782928467,1
105590298,44,0,0.8236171007156372,1
105590303,44,0,0.8863476514816284,1
105590778,44,0,0.7650184035301208,1
105590782,44,0,0.5307742357254028,0
105590822,44,0,0.8627298474311829,1
105590824,44,0,0.8263331055641174,1
105590928,44,0,0.8929250240325928,1
105590934,44,0,0.9287251830101013,1
105591335,44,0,0.5325046181678772,0
105591340,44,0,0.8905654549598694,1
105591343,44,0,0.9559414386749268,1
105591395,44,0,0.7319886684417725,1
105591776,44,0,0.8414746522903442,1
105592208,44,0,0.4751397371292114,0
105592223,44,0,0.4857023060321808,0
105592224,44,0,0.8545476198196411,1
105592227,44,0,0.7780520915985107,1
105592228,44,0,0.8032174110412598,1
105592237,44,0,0.5907183289527893,0
105592250,44,0,0.9453307390213013,1
105592254,44,0,0.2695998251438141,0
105592260,44,0,0.8906869292259216,1
105592559,44,0,0.9023016095161438,1
105592562,44,0,0.9267840385437012,1
105592564,44,0,0.8603382706642151,1
105592567,44,0,0.8008653521537781,1
105592569,44,0,0.8975132703781128,1
105592572,44,0,0.8500413298606873,1
105592573,44,0,0.5056994557380676,0
105592577,44,0,0.9390479326248169,1
105592593,44,0,0.7286589741706848,1
105592594,44,0,0.7474471926689148,1
105592654,44,0,0.9196635484695435,1
105592661,44,0,0.8422719240188599,1
105592663,44,0,0.8812853693962097,1
105592671,44,0,0.8360059261322021,1
105592673,44,0,0.9341890215873718,1
105592697,44,0,0.8969628214836121,1
105592702,44,0,0.8807862997055054,1
105593085,44,0,0.9044858813285828,1
105593091,44,0,0.8955433964729309,1
105593094,44,0,0.8718426823616028,1
105593124,44,0,0.756245493888855,1
105593129,44,0,0.8622158765792847,1
105593662,44,0,0.4004649519920349,0
105593668,44,0,0.7084267139434814,1
105593684,44,0,0.36888387799263,0
105594237,44,0,0.8713006973266602,1
105594243,44,0,0.8703960180282593,1
105594251,44,0,0.5465819239616394,0
105594259,44,0,0.389448881149292,0
105594262,44,0,0.8497629761695862,1
105594264,44,0,0.49739035964012146,0
105594270,44,0,0.5029929876327515,0
105594282,44,0,0.4765162765979767,0
105594283,44,0,0.7748289108276367,1
105594286,44,0,0.7517259120941162,1
105594287,44,0,0.8453934192657471,1
105594296,44,0,0.3413526117801666,0
105594792,44,0,0.8069456815719604,1
105594823,44,0,0.8384666442871094,1
105594835,44,0,0.8689484000205994,1
105594840,44,0,0.8281022906303406,1
105594841,44,0,0.833232581615448,1
105594849,44,0,0.5900967717170715,0
105594874,44,1,0.7445069551467896,1
105594876,44,0,0.7540063858032227,1
105594883,44,0,0.5924147367477417,0
105594885,44,0,0.6291500329971313,0
105594890,44,0,0.6671090722084045,0
105594900,44,0,0.740553617477417,1
105594901,44,0,0.8872494101524353,1
105594904,44,0,0.6781609654426575,1
105594906,44,0,0.9334509372711182,1
105594910,44,0,0.8387956023216248,1
105594911,44,0,0.869255542755127,1
105594916,44,0,0.8668245673179626,1
105595336,44,0,0.7458406686782837,1
105595347,44,0,0.8291729092597961,1
105595354,44,0,0.9294289946556091,1
105595645,44,0,0.8379148840904236,1
105595864,44,0,0.8854437470436096,1
105595867,44,0,0.8803809881210327,1
105595870,44,0,0.8892927765846252,1
105595874,44,0,0.831912636756897,1
105596135,44,0,0.573926568031311,0
105596140,44,0,0.6939322352409363,1
105596293,44,0,0.6317181587219238,0
105596296,44,0,0.6555516719818115,0
105596298,44,0,0.817044734954834,1
105596304,44,0,0.7835068106651306,1
105596310,44,0,0.3946245610713959,0
105596311,44,0,0.4597966969013214,0
105596629,44,0,0.8575436472892761,1
105596632,44,0,0.9000437259674072,1
105596633,44,0,0.7887778282165527,1
105596779,44,0,0.8807525634765625,1
105596789,44,0,0.8695027828216553,1
105596797,44,0,0.8494875431060791,1
105596799,44,0,0.8266700506210327,1
105596805,44,0,0.8389520645141602,1
105597612,44,0,0.9048526287078857,1
105597619,44,0,0.8931847214698792,1
105597642,44,0,0.7693764567375183,1
105597646,44,0,0.6331883668899536,0
105597655,44,0,0.8602712154388428,1
105597656,44,0,0.5929659008979797,0
105597658,44,0,0.9113998413085938,1
105597815,44,0,0.9278844594955444,1
105597817,44,0,0.7773464322090149,1
105597837,44,0,0.7345502972602844,1
105597843,44,0,0.8997451066970825,1
105603035,44,0,0.39142560958862305,0
105605197,44,1,0.8202243447303772,1
105605755,44,0,0.45229145884513855,0
105605779,44,1,0.2990555167198181,0
105608848,44,0,0.2705811560153961,0
105608852,44,0,0.5208786129951477,0
105608997,44,0,0.46661725640296936,0
105609360,44,0,0.5044305324554443,0
105610353,44,0,0.37711676955223083,0
105610357,44,0,0.4410490393638611,0
105612039,44,0,0.3275297284126282,0
105612362,44,0,0.5980222821235657,0
105769648,44,0,0.3102090358734131,0
105770302,44,0,0.9126124978065491,1
105770309,44,0,0.5725091695785522,0
105770328,44,0,0.7738785743713379,1
105770718,44,0,0.7684974670410156,1
105770732,44,0,0.8369898200035095,1
105771360,44,0,0.7392326593399048,1
105771387,44,0,0.2383609116077423,0
105773798,44,0,0.7550480961799622,1
105774326,44,0,0.8501392006874084,1
105774331,44,0,0.7888126373291016,1
105774341,44,0,0.6515493392944336,0
105774511,44,0,0.7957618832588196,1
105774514,44,0,0.7915955185890198,1
105774519,44,0,0.6723743081092834,1
105774834,44,0,0.7000935077667236,1
105776158,44,0,0.8915746212005615,1
105776174,44,0,0.6345175504684448,0
105776186,44,0,0.7083243131637573,1
105776222,44,0,0.8689367175102234,1
105776226,44,0,0.825721025466919,1
105778673,44,0,0.8047500848770142,1
105779109,44,0,0.6770371198654175,1
105779191,44,0,0.00423036003485322,0
105781322,44,0,0.39102494716644287,0
105782782,44,0,0.29913952946662903,0
105782789,44,0,0.6564669013023376,0
105784109,44,0,0.6886137127876282,1
105784398,44,0,0.741051971912384,1
105784404,44,0,0.9149153232574463,1
105784409,44,0,0.7988709807395935,1
105784417,44,0,0.909407913684845,1
105784425,44,0,0.839308500289917,1
105784602,44,0,0.833854615688324,1
105784608,44,0,0.7516070604324341,1
105784611,44,0,0.8535671830177307,1
105784918,44,0,0.8887042999267578,1
105785066,44,0,0.8299299478530884,1
105785072,44,0,0.33561602234840393,0
105785078,44,0,0.8846970200538635,1
105785079,44,0,0.694399356842041,1
105785088,44,0,0.8689346313476562,1
105785092,44,0,0.8334581851959229,1
105785561,44,0,0.7421744465827942,1
105785726,44,0,0.8102144002914429,1
105786164,44,0,0.8304145932197571,1
105786312,44,0,0.8953751921653748,1
105786320,44,0,0.6136904358863831,0
105786554,44,0,0.9124642014503479,1
105786561,44,0,0.8739738464355469,1
105786765,44,0,0.7594068646430969,1
105786767,44,0,0.9024266600608826,1
105786769,44,0,0.6881954073905945,1
105786771,44,0,0.8768836855888367,1
105786789,44,0,0.3090839087963104,0
105786794,44,0,0.6985324025154114,1
105786795,44,0,0.7258799076080322,1
105786801,44,0,0.8459485173225403,1
105786816,44,0,0.6675066947937012,0
105786843,44,0,0.8069186806678772,1
105786853,44,0,0.6973634362220764,1
105786856,44,0,0.8301959037780762,1
105786885,44,0,0.8352760672569275,1
105786979,44,0,0.9033282399177551,1
105786983,44,0,0.7537640333175659,1
105787023,44,0,0.5133981108665466,0
105787037,44,0,0.788079023361206,1
105787042,44,0,0.7427881956100464,1
105787051,44,0,0.8224281072616577,1
105787054,44,0,0.4500249922275543,0
105787063,44,0,0.8403705954551697,1
105787067,44,0,0.9173949360847473,1
105787081,44,0,0.6931154131889343,1
105787235,44,0,0.8600504398345947,1
105787545,44,0,0.45164525508880615,0
105787550,44,0,0.863994300365448,1
105787565,44,0,0.6561160087585449,0
105787575,44,0,0.7130613923072815,1
105787582,44,0,0.8398992419242859,1
105787594,44,0,0.5598529577255249,0
105787603,44,0,0.8614668250083923,1
105787719,44,0,0.911717414855957,1
105787723,44,0,0.8445820808410645,1
105787729,44,0,0.6283783912658691,0
105788047,44,0,0.8368661403656006,1
105788050,44,0,0.7934482097625732,1
105788054,44,0,0.64805668592453,0
105788056,44,0,0.34455782175064087,0
105788059,44,0,0.8911029696464539,1
105788576,44,0,0.8725074529647827,1
105788585,44,0,0.5907391309738159,0
105788593,44,0,0.8700114488601685,1
105788931,44,0,0.7720575332641602,1
105788938,44,0,0.766880214214325,1
105788948,44,0,0.33816421031951904,0
105788963,44,0,0.7933866381645203,1
105788965,44,0,0.48124608397483826,0
105788972,44,0,0.4094231128692627,0
105790811,44,0,0.788733184337616,1
105793572,44,0,0.8809766173362732,1
105794231,44,0,0.45521029829978943,0
105794579,44,0,0.3840633034706116,0
105794582,44,0,0.5353058576583862,0
105794583,44,0,0.8788852095603943,1
105795576,44,0,0.41655856370925903,0
105795590,44,0,0.5670440196990967,0
105795962,44,0,0.6347371935844421,0
105795977,44,0,0.8523884415626526,1
105796768,44,0,0.9417675733566284,1
105797625,44,0,0.8641337156295776,1
105798658,44,0,0.7745969295501709,1
105799448,44,0,0.857750415802002,1
105801886,44,0,0.843113124370575,1
105801889,44,0,0.8504838347434998,1
105802057,44,0,0.4939022660255432,0
105803995,44,0,0.2468557059764862,0
105804005,44,0,0.2515714168548584,0
105804672,44,0,0.508586585521698,0
105805015,44,0,0.4288555383682251,0
105805447,44,0,0.48736372590065,0
105809533,44,0,0.8408212661743164,1
105809538,44,0,0.91558837890625,1
105811798,44,0,0.4970760643482208,0
105812373,44,0,0.23168715834617615,0
105816932,44,0,0.4992138743400574,0
105816948,44,0,0.7734379768371582,1
105817364,44,0,0.37978705763816833,0
105820844,44,0,0.723216712474823,1
105822834,44,0,0.29814377427101135,0
105822838,44,0,0.32931897044181824,0
105822842,44,0,0.5755259990692139,0
105822891,44,0,0.37601572275161743,0
105823844,44,0,0.3684166967868805,0
105826991,44,0,0.3859817385673523,0
105826996,44,0,0.4470529854297638,0
105826998,44,0,0.3637087643146515,0
105827008,44,0,0.8173090815544128,1
105830299,44,0,0.3569920063018799,0
105831634,44,0,0.8415523171424866,1
105833469,44,0,0.4259144067764282,0
105835589,44,0,0.5363035202026367,0
105836929,44,0,0.38398489356040955,0
105836986,44,0,0.39773598313331604,0
105840706,44,0,0.8761695027351379,1
105842012,44,0,0.39238741993904114,0
105842871,44,0,0.3484431803226471,0
105843171,44,0,0.3850523829460144,0
105843304,44,0,0.4198950529098511,0
105843700,44,0,0.7819924354553223,1
105843745,44,0,0.9951687455177307,1
105843907,44,0,0.35970836877822876,0
105845351,44,0,0.7519336342811584,1
105845356,44,0,0.8286468982696533,1
105845371,44,0,0.5254040956497192,0
105845377,44,0,0.9019061326980591,1
105845380,44,0,0.4670204222202301,0
105845807,44,0,0.6361730098724365,0
105845808,44,0,0.7138938307762146,1
105845811,44,0,0.9122392535209656,1
105846195,44,0,0.8140148520469666,1
105846200,44,0,0.34846362471580505,0
105846208,44,0,0.4643769860267639,0
105846234,44,0,0.4093843102455139,0
105847255,44,0,0.9174324870109558,1
105847359,44,0,0.6577614545822144,0
105847360,44,0,0.869001030921936,1
105847366,44,0,0.7722923755645752,1
105847374,44,0,0.7568792700767517,1
105847379,44,0,0.8762180209159851,1
105847380,44,0,0.6119524240493774,0
105847384,44,0,0.8282616138458252,1
105847385,44,0,0.7626729607582092,1
105847388,44,0,0.8442965745925903,1
105847392,44,0,0.41016092896461487,0
105847397,44,0,0.6738336682319641,1
105847402,44,0,0.8640240430831909,1
105847407,44,0,0.774185836315155,1
105847456,44,0,0.48992154002189636,0
105847558,44,0,0.855371356010437,1
105847566,44,0,0.900673508644104,1
105847568,44,0,0.4689858853816986,0
105847569,44,0,0.8797151446342468,1
105847570,44,0,0.7723886370658875,1
105847699,44,0,0.853278398513794,1
105847701,44,0,0.8493045568466187,1
105847859,44,0,0.8906079530715942,1
105847861,44,0,0.609535813331604,0
105847862,44,0,0.734347403049469,1
105847863,44,0,0.7882640361785889,1
105847885,44,0,0.8443854451179504,1
105847888,44,0,0.581985354423523,0
105847997,44,0,0.8586289286613464,1
105848005,44,0,0.5998677611351013,0
105848011,44,0,0.8462810516357422,1
105848016,44,0,0.849673330783844,1
105848018,44,0,0.8368478417396545,1
105848028,44,0,0.8729555010795593,1
105848040,44,0,0.5276111960411072,0
105848061,44,0,0.7500265836715698,1
105848195,44,0,0.8211034536361694,1
105848213,44,0,0.9993466734886169,1
105848216,44,0,0.8680782914161682,1
105848344,44,0,0.5621533989906311,0
105848346,44,0,0.8421133756637573,1
105848348,44,0,0.9118376970291138,1
105848351,44,0,0.43162718415260315,0
105848559,44,0,0.6965291500091553,1
105848571,44,0,0.3623292148113251,0
105848574,44,0,0.6142613887786865,0
105848582,44,0,0.4891892671585083,0
105848588,44,0,0.6347655057907104,0
105848600,44,0,0.8099957704544067,1
105848603,44,0,0.41603708267211914,0
105848606,44,0,0.7707155346870422,1
105848607,44,0,0.8507289886474609,1
105848609,44,0,0.8584985136985779,1
105848904,44,0,0.7567033767700195,1
105848906,44,0,0.5673727989196777,0
105848910,44,0,0.8802560567855835,1
105848940,44,0,0.8331233859062195,1
105848951,44,0,0.9043557047843933,1
105848960,44,0,0.5847176313400269,0
105849400,44,0,0.6082808971405029,0
105849817,44,0,0.9202371835708618,1
105849820,44,0,0.8757330179214478,1
105849821,44,0,0.5850884914398193,0
105849822,44,0,0.8808979392051697,1
105849824,44,0,0.9099027514457703,1
105849826,44,0,0.572479784488678,0
105849829,44,0,0.6309939026832581,0
105849832,44,0,0.820949137210846,1
105850635,44,0,0.6098031997680664,0
105850639,44,0,0.7923032641410828,1
105853145,44,0,0.7720978856086731,1
105853154,44,0,0.29036906361579895,0
105853155,44,0,0.6946605443954468,1
105853157,44,0,0.7169126272201538,1
105853204,44,0,0.8420723080635071,1
105853910,44,0,0.37384775280952454,0
105853914,44,0,0.5405951142311096,0
105853923,44,0,0.37478435039520264,0
105853924,44,0,0.4555969536304474,0
105853927,44,0,0.5052099823951721,0
105853980,44,0,0.5868333578109741,0
105854897,44,0,0.8517650365829468,1
105854903,44,0,0.4603472650051117,0
105854904,44,0,0.8619624972343445,1
105856912,44,0,0.7156740427017212,1
105856925,44,0,0.6292527914047241,0
105856930,44,0,0.5590212345123291,0
105856938,44,0,0.8951749801635742,1
105856967,44,0,0.8268762230873108,1
105857305,44,0,0.8219318985939026,1
105857310,44,0,0.8896123170852661,1
105857335,44,0,0.6496476531028748,0
105857346,44,0,0.5154252648353577,0
105857348,44,0,0.8691725134849548,1
105857355,44,0,0.6758036613464355,1
105857357,44,0,0.7657958269119263,1
105857363,44,0,0.8147670030593872,1
105857365,44,0,0.8802578449249268,1
105857371,44,0,0.9161327481269836,1
105857379,44,0,0.47606444358825684,0
105857383,44,0,0.7768204808235168,1
105857393,44,0,0.8150784969329834,1
105857415,44,0,0.7700525522232056,1
105857417,44,0,0.8835189938545227,1
105857434,44,0,0.8219909071922302,1
105857507,44,0,0.7671593427658081,1
105857510,44,0,0.8204079270362854,1
105857511,44,0,0.8808673620223999,1
105857516,44,0,0.8102309703826904,1
105857523,44,0,0.7680777907371521,1
105857525,44,0,0.8711338043212891,1
105857555,44,0,0.914939284324646,1
105857972,44,0,0.8940158486366272,1
105857976,44,0,0.8645095825195312,1
105857977,44,0,0.8991659879684448,1
105857979,44,0,0.9270932674407959,1
105857982,44,0,0.8597459197044373,1
105857989,44,0,0.5567196607589722,0
105858001,44,0,0.8938239812850952,1
105858005,44,0,0.8945525288581848,1
105858007,44,0,0.5828056931495667,0
105858022,44,0,0.8607986569404602,1
105858024,44,0,0.944016695022583,1
105858026,44,0,0.8144950866699219,1
105858029,44,0,0.8788666129112244,1
105858037,44,0,0.9259030222892761,1
105858040,44,0,0.8658963441848755,1
105858047,44,0,0.7367355227470398,1
105858057,44,0,0.6591838002204895,0
105858069,44,0,0.8534505367279053,1
105858077,44,0,0.8531691431999207,1
105858110,44,0,0.29329177737236023,0
105858118,44,0,0.38776418566703796,0
105858126,44,0,0.9168134331703186,1
105858174,44,0,0.8741224408149719,1
105858181,44,0,0.8586688041687012,1
105858510,44,0,0.5352247357368469,0
105858515,44,0,0.9229524731636047,1
105858525,44,0,0.9163576364517212,1
105858531,44,0,0.8615013360977173,1
105858545,44,0,0.8579832911491394,1
105858748,44,0,0.922868013381958,1
105858763,44,0,0.9227258563041687,1
105858770,44,0,0.8862513899803162,1
105858772,44,0,0.8136287331581116,1
105858774,44,0,0.8359204530715942,1
105858961,44,0,0.8243458867073059,1
105858968,44,0,0.8333044052124023,1
105858970,44,0,0.6614997386932373,0
105858988,44,0,0.8085785508155823,1
105858997,44,0,0.4713902771472931,0
105859007,44,0,0.828220546245575,1
105859012,44,0,0.7549651861190796,1
105859017,44,0,0.6910943388938904,1
105859019,44,0,0.817279577255249,1
105859023,44,0,0.7883979082107544,1
105859028,44,0,0.8833606243133545,1
105859030,44,0,0.8680946826934814,1
105859033,44,0,0.8735871911048889,1
105859039,44,0,0.40733420848846436,0
105859114,44,0,0.3918842077255249,0
105859122,44,0,0.4062633216381073,0
105859128,44,0,0.35064321756362915,0
105859497,44,0,0.4045349359512329,0
105859504,44,0,0.394453227519989,0
105859508,44,0,0.3993496894836426,0
105859509,44,0,0.39879947900772095,0
105859510,44,0,0.41833144426345825,0
105859516,44,0,0.39834311604499817,0
105859521,44,0,0.4213818311691284,0
105859662,44,0,0.41205522418022156,0
105859665,44,0,0.44157707691192627,0
105859670,44,0,0.4014161229133606,0
105859675,44,0,0.4023250639438629,0
105859984,44,0,0.4022340476512909,0
105859990,44,0,0.4118160009384155,0
105860663,44,0,0.4263055920600891,0
105863950,44,0,0.3552221953868866,0
105863955,44,0,0.8149116039276123,1
105869870,44,0,0.7983905673027039,1
105869875,44,0,0.7345662117004395,1
105870722,44,0,0.6050009727478027,0
105872529,44,0,0.4861800968647003,0
105872536,44,0,0.33388134837150574,0
105872541,44,0,0.3909264802932739,0
105876162,44,0,0.9578827023506165,1
105880084,44,0,0.7042092084884644,1
105881008,44,0,0.24271947145462036,0
105881066,44,0,0.8457621932029724,1
105883533,44,0,0.3785814642906189,0
105889570,44,0,0.4338652789592743,0
105970310,44,0,0.42701807618141174,0
105971540,44,0,0.4260919988155365,0
105972046,44,0,0.34293216466903687,0
105974179,44,0,0.38978391885757446,0
105974934,44,0,0.873291015625,1
105974940,44,0,0.7760023474693298,1
105974981,44,0,0.6437768340110779,0
105974983,44,0,0.8507794737815857,1
105975005,44,0,0.6862837076187134,1
105975011,44,0,0.9358723163604736,1
105975022,44,0,0.780638575553894,1
105975030,44,0,0.7864822745323181,1
105975036,44,0,0.8404305577278137,1
105975043,44,0,0.7762930989265442,1
105975051,44,0,0.4183518886566162,0
105975729,44,0,0.29072651267051697,0
105975757,44,0,0.8686566948890686,1
105975772,44,0,0.5737725496292114,0
105975780,44,0,0.7895504236221313,1
105975793,44,0,0.8947542309761047,1
105975798,44,0,0.9228322505950928,1
105975809,44,0,0.44933661818504333,0
105975819,44,0,0.8196544051170349,1
105975823,44,0,0.8699914216995239,1
105975837,44,0,0.6271758079528809,0
105976245,44,0,0.8962948322296143,1
105976249,44,0,0.7891646027565002,1
105976265,44,0,0.7069531679153442,1
105976278,44,0,0.8854401111602783,1
105976285,44,0,0.3907586336135864,0
105976288,44,0,0.9171290397644043,1
105976291,44,0,0.8575536608695984,1
105976320,44,0,0.85548996925354,1
105976663,44,0,0.4285414516925812,0
105976679,44,0,0.8130940198898315,1
105976681,44,0,0.7979819178581238,1
105976690,44,0,0.8141177892684937,1
105976714,44,0,0.8917548656463623,1
105976727,44,0,0.8242431879043579,1
105976742,44,0,0.9146859645843506,1
105976778,44,0,0.9000028371810913,1
105976796,44,0,0.7946164608001709,1
105977106,44,0,0.8730012774467468,1
105977332,44,0,0.7249305844306946,1
105977359,44,0,0.8211256265640259,1
105977405,44,0,0.8081755042076111,1
105978049,44,0,0.8851113319396973,1
105978908,44,0,0.7861589193344116,1
105978919,44,0,0.8351567387580872,1
105978945,44,0,0.7981284856796265,1
105978993,44,0,0.6632344722747803,0
105979018,44,0,0.9435302019119263,1
105979024,44,0,0.8777873516082764,1
105979059,44,0,0.8604486584663391,1
105979074,44,0,0.4716002345085144,0
105979273,44,0,0.5999991297721863,0
105979312,44,0,0.51960289478302,0
105979446,44,0,0.8893887400627136,1
105979462,44,0,0.8472660183906555,1
105979502,44,0,0.9151279330253601,1
105979509,44,0,0.8792340755462646,1
105979512,44,0,0.8785431981086731,1
105979515,44,0,0.8832280039787292,1
105979518,44,0,0.9187682867050171,1
105979533,44,0,0.766753613948822,1
105979565,44,0,0.8601597547531128,1
105979574,44,0,0.7942603826522827,1
105980044,44,0,0.8749451041221619,1
105980184,44,0,0.8590295314788818,1
105980207,44,0,0.9349902272224426,1
105980399,44,0,0.9022946357727051,1
105980689,44,0,0.3824341893196106,0
105980724,44,0,0.867432177066803,1
105980769,44,0,0.8728019595146179,1
105981223,44,0,0.8457430601119995,1
105983580,44,1,0.46177569031715393,0
105984764,44,1,0.36678192019462585,0
105984775,44,1,0.39370691776275635,0
105984953,44,0,0.7698725461959839,1
105984960,44,0,0.8244778513908386,1
105985052,44,1,0.8393551111221313,1
105985420,44,1,0.8044560551643372,1
105985877,44,0,0.5701074004173279,0
105986274,44,0,0.48101571202278137,0
105987885,44,0,0.4328570067882538,0
105988422,44,0,0.39587101340293884,0
105991496,44,1,0.8604199290275574,1
105991979,44,0,0.7584004998207092,1
105992553,44,1,0.8246512413024902,1
105993456,44,0,0.32582178711891174,0
105994274,44,0,0.41051530838012695,0
105995251,44,0,0.19834557175636292,0
105995296,44,0,0.2490621954202652,0
105995342,44,0,0.4048362970352173,0
105995393,44,0,0.5559415817260742,0
105996180,44,0,0.4317994713783264,0
105997028,44,0,0.4061937630176544,0
105997712,44,0,0.7533478140830994,1
106000000,44,0,0.8092779517173767,1
106000120,44,0,0.7472996115684509,1
106001186,44,1,0.907046377658844,1
106001737,44,0,0.5189822316169739,0
106001826,44,0,0.8537899255752563,1
106002141,44,0,0.4224534034729004,0
106003332,44,0,0.5002338290214539,0
106003336,44,0,0.4860994219779968,0
106003747,44,0,0.30247458815574646,0
106009210,44,0,0.6070461273193359,0
106009303,44,1,0.8297180533409119,1
106012025,44,0,0.30150043964385986,0
106017092,44,0,0.5178800821304321,0
106019639,44,0,0.2774015963077545,0
106019788,44,0,0.8564103841781616,1
106019798,44,0,0.28848543763160706,0
106020755,44,0,0.2734901010990143,0
106020764,44,0,0.26928913593292236,0
106020955,44,0,0.2756413519382477,0
106021879,44,0,0.30113497376441956,0
106021888,44,0,0.3890235424041748,0
106022453,44,0,0.3236614167690277,0
106043150,44,0,0.38113194704055786,0
106043152,44,0,0.36305010318756104,0
106292661,44,0,0.9035398960113525,1
106293478,44,0,0.795063316822052,1
106293481,44,0,0.8862741589546204,1
106293487,44,0,0.8906161785125732,1
106293493,44,0,0.4612191617488861,0
106294004,44,0,0.8312216401100159,1
106294472,44,0,0.7224142551422119,1
106295448,44,0,0.9173669815063477,1
106295450,44,0,0.3391982316970825,0
106297576,44,0,0.33983516693115234,0
106298195,44,0,0.5716306567192078,0
106299311,44,0,0.6708823442459106,1
106300092,44,0,0.6683835387229919,0
106300458,44,0,0.31454697251319885,0
106301191,44,0,0.35550203919410706,0
106301199,44,0,0.3011615574359894,0
106302011,44,0,0.0007270287605933845,0
106302016,44,0,0.4657096564769745,0
106302508,44,0,0.46756511926651,0
106302519,44,0,0.4655880630016327,0
106302521,44,0,0.42301344871520996,0
106303457,44,0,0.3685089945793152,0
106303787,44,0,0.39630600810050964,0
106304168,44,0,0.946945309638977,1
106304171,44,0,0.9147176146507263,1
106304526,44,0,0.9263774156570435,1
106304530,44,0,0.7668572068214417,1
106304533,44,0,0.834568440914154,1
106304961,44,0,0.36669066548347473,0
106305307,44,0,0.5811296105384827,0
106305311,44,0,0.8106536865234375,1
106305313,44,0,0.5996116399765015,0
106305473,44,0,0.8461301326751709,1
106305476,44,0,0.6134209036827087,0
106305484,44,0,0.8582598567008972,1
106305949,44,0,0.4270874857902527,0
106306179,44,0,0.8465022444725037,1
106306403,44,0,0.7981514930725098,1
106306407,44,0,0.9283937811851501,1
106306410,44,0,0.7535385489463806,1
106306420,44,0,0.8960422873497009,1
106306421,44,0,0.5864017009735107,0
106306441,44,0,0.5209237933158875,0
106306459,44,0,0.6741948127746582,1
106306769,44,0,0.7744202017784119,1
106306778,44,0,0.8809247016906738,1
106307051,44,0,0.5726075768470764,0
106307084,44,0,0.8156476020812988,1
106307095,44,0,0.7462009787559509,1
106307173,44,0,0.9119873046875,1
106307211,44,0,0.8418897390365601,1
106307213,44,0,0.7799943089485168,1
106307477,44,0,0.2732664942741394,0
106307481,44,0,0.9247423410415649,1
106307652,44,0,0.8866829872131348,1
106308231,44,0,0.7505293488502502,1
106308615,44,0,0.6311015486717224,0
106309219,44,0,0.8131153583526611,1
106309227,44,0,0.8667925596237183,1
106309530,44,0,0.8153164982795715,1
106309532,44,0,0.8462614417076111,1
106309535,44,0,0.4932953119277954,0
106309678,44,0,0.5019707679748535,0
106309997,44,0,0.5339615345001221,0
106310004,44,0,0.8449524641036987,1
106310007,44,0,0.49267709255218506,0
106310561,44,0,0.7924274206161499,1
106310566,44,0,0.8723604679107666,1
106310568,44,0,0.7471569776535034,1
106310572,44,0,0.8534743189811707,1
106310573,44,0,0.540247917175293,0
106310574,44,0,0.5364909768104553,0
106310652,44,0,0.4775370657444,0
106310669,44,0,0.8641815185546875,1
106310679,44,0,0.8657737374305725,1
106310687,44,0,0.7762457132339478,1
106310699,44,0,0.8970215916633606,1
106311163,44,0,0.4945429563522339,0
106311172,44,0,0.8292312622070312,1
106311181,44,0,0.7314913868904114,1
106311426,44,0,0.6653939485549927,0
106311436,44,0,0.29019010066986084,0
106311440,44,0,0.8771893978118896,1
106311921,44,0,0.7861589789390564,1
106311926,44,0,0.8788601756095886,1
106311927,44,0,0.896350085735321,1
106311933,44,0,0.8202921152114868,1
106311942,44,0,0.8112637996673584,1
106311948,44,0,0.7704645991325378,1
106311950,44,0,0.8013599514961243,1
106311953,44,0,0.7871409058570862,1
106311963,44,0,0.9279666543006897,1
106311964,44,0,0.6742752194404602,1
106311965,44,0,0.8120485544204712,1
106311970,44,0,0.385730504989624,0
106311971,44,0,0.7266979217529297,1
106311975,44,0,0.8921355605125427,1
106312186,44,0,0.8187276124954224,1
106312433,44,0,0.5624165534973145,0
106312648,44,0,0.926239550113678,1
106312649,44,0,0.8536669611930847,1
106312654,44,0,0.9108073711395264,1
106312809,44,0,0.7719049453735352,1
106313047,44,0,0.9234055876731873,1
106313283,44,0,0.8612860441207886,1
106313302,44,0,0.8867307901382446,1
106313316,44,0,0.8787930011749268,1
106313324,44,0,0.8576697707176208,1
106313325,44,0,0.3247717320919037,0
106313327,44,0,0.35527101159095764,0
106313330,44,0,0.7688267827033997,1
106313491,44,0,0.47999870777130127,0
106314062,44,0,0.6504713296890259,0
106314065,44,0,0.9199398756027222,1
106314066,44,0,0.6520665287971497,0
106314067,44,0,0.7718502879142761,1
106314068,44,0,0.7636548280715942,1
106314179,44,0,0.504694402217865,0
106314180,44,0,0.31926119327545166,0
106314181,44,0,0.8653669953346252,1
106314182,44,0,0.8430817127227783,1
106314186,44,0,0.49594950675964355,0
106314364,44,0,0.8616423606872559,1
106314544,44,0,0.5232787132263184,0
106314555,44,0,0.6262369155883789,0
106314557,44,0,0.5191726684570312,0
106314563,44,0,0.9146392941474915,1
106314567,44,0,0.8577898144721985,1
106314572,44,0,0.9147017598152161,1
106314576,44,0,0.9282797574996948,1
106314762,44,0,0.601349949836731,0
106314771,44,0,0.47984641790390015,0
106314781,44,0,0.712746798992157,1
106314993,44,0,0.8098501563072205,1
106315203,44,0,0.857785701751709,1
106315204,44,0,0.3419846296310425,0
106315209,44,0,0.7525362372398376,1
106315211,44,0,0.8210441470146179,1
106315214,44,0,0.7729860544204712,1
106315226,44,0,0.5596233010292053,0
106315240,44,0,0.8501800298690796,1
106315705,44,0,0.8662122488021851,1
106315862,44,0,0.8730156421661377,1
106316732,44,0,0.7604925036430359,1
106317037,44,0,0.8440096974372864,1
106317210,44,0,0.8705125451087952,1
106317215,44,0,0.32949772477149963,0
106317574,44,0,0.7968008518218994,1
106317580,44,0,0.7316436767578125,1
106317581,44,0,0.9241662621498108,1
106317601,44,0,0.8563370108604431,1
106317602,44,0,0.5539170503616333,0
106317727,44,0,0.8658076524734497,1
106318007,44,0,0.88752281665802,1
106318154,44,0,0.5563914179801941,0
106318883,44,0,0.8099005222320557,1
106318945,44,0,0.737493634223938,1
106318951,44,0,0.8857907056808472,1
106318955,44,0,0.9334318041801453,1
106318958,44,0,0.5080921649932861,0
106318963,44,0,0.5451524257659912,0
106319718,44,0,0.9194328188896179,1
106319719,44,0,0.8372595310211182,1
106319720,44,0,0.8051246404647827,1
106319726,44,0,0.7930189967155457,1
106319728,44,0,0.7928618788719177,1
106319731,44,0,0.38410723209381104,0
106319919,44,0,0.05552411451935768,0
106320422,44,0,4.83713774883654e-05,0
106320643,44,0,0.4673477113246918,0
106321019,44,0,0.46068045496940613,0
106321169,44,0,0.8422384262084961,1
106321173,44,0,0.8472312092781067,1
106322161,44,0,0.553757905960083,0
106323309,44,0,0.583886444568634,0
106323319,44,0,0.3044675886631012,0
106323743,44,0,0.400286465883255,0
106323756,44,0,0.8857447504997253,1
106325400,44,0,0.8357370495796204,1
106325406,44,0,0.7531893253326416,1
106325771,44,0,0.3790615200996399,0
106326100,44,0,0.8358935713768005,1
106328862,44,0,0.8590430617332458,1
106330472,44,0,0.7687593102455139,1
106330476,44,0,0.6599103808403015,0
106330478,44,0,0.2606678307056427,0
106330481,44,0,0.7499476075172424,1
106330487,44,0,0.6459534764289856,0
106330496,44,0,0.35756221413612366,0
106335701,44,0,0.43735092878341675,0
106339363,44,0,0.7338533401489258,1
106339460,44,0,0.49056681990623474,0
106339810,44,0,0.4400848150253296,0
106339814,44,0,0.6107693314552307,0
106342427,44,1,0.8237441182136536,1
106342670,44,0,0.6594826579093933,0
106343043,44,0,0.4369536340236664,0
106343046,44,0,0.2882348299026489,0
106344760,44,0,0.14287294447422028,0
106345267,44,0,0.43748369812965393,0
106345268,44,0,0.038186926394701004,0
106345274,44,0,0.4493708908557892,0
106347785,44,0,0.3866860568523407,0
106350685,44,0,0.27569225430488586,0
106352563,44,0,0.4262843132019043,0
106353589,44,0,0.43021321296691895,0
106353923,44,0,0.39233341813087463,0
106358134,44,0,0.713329553604126,1
106358137,44,0,0.7681640386581421,1
106359119,44,0,0.9127042293548584,1
106359123,44,0,0.9290884733200073,1
106360449,44,0,0.676314115524292,1
106360467,44,0,0.3126090168952942,0
106360479,44,0,0.45821189880371094,0
106360921,44,0,0.4744013845920563,0
106363051,44,0,0.2929033637046814,0
106364654,44,0,0.2593781054019928,0
106364657,44,0,0.5029098391532898,0
106364665,44,0,0.805155873298645,1
106364886,44,0,0.49443477392196655,0
106364914,44,0,0.885724663734436,1
106364923,44,0,0.915201723575592,1
106366227,44,0,0.2502337694168091,0
106366575,44,0,0.7716854810714722,1
106366578,44,0,0.35626617074012756,0
106366586,44,0,0.37470459938049316,0
106366590,44,0,0.3200131952762604,0
106366595,44,0,0.3025837242603302,0
106368295,44,0,0.46642372012138367,0
106368711,44,0,0.42072445154190063,0
106370308,44,0,0.3637090027332306,0
106372021,44,0,0.5053446292877197,0
106375667,44,0,0.458117812871933,0
106376436,44,0,0.47482773661613464,0
106376443,44,0,0.6091350317001343,0
106376532,44,0,0.9003683924674988,1
106376535,44,0,0.5290716886520386,0
106379869,44,0,0.40488874912261963,0
106379873,44,0,0.39733022451400757,0
106380383,44,0,0.5976400375366211,0
106380387,44,0,0.856213390827179,1
106380398,44,0,0.8884289264678955,1
106380409,44,0,0.8477703332901001,1
106380411,44,0,0.9151639938354492,1
106380422,44,0,0.6655336022377014,0
106380424,44,0,0.9263190031051636,1
106381045,44,0,0.8721580505371094,1
106381047,44,0,0.8292297124862671,1
106386378,44,0,0.5572740435600281,0
106386385,44,0,0.6275411248207092,0
106386386,44,0,0.5639560222625732,0
106387795,44,0,0.39937761425971985,0
106388151,44,0,0.6647569537162781,0
106388155,44,0,0.7931985855102539,1
106388477,44,0,0.1773308366537094,0
106388485,44,0,0.3813328742980957,0
106388488,44,0,0.9140418171882629,1
106388531,44,0,0.8884022831916809,1
106388533,44,0,0.604728102684021,0
106388538,44,0,0.4425531029701233,0
106388541,44,0,0.5179212689399719,0
106388579,44,0,0.6910757422447205,1
106388793,44,0,0.43690046668052673,0
106388886,44,0,0.9048895239830017,1
106388887,44,0,0.8805399537086487,1
106388897,44,0,0.70975261926651,1
106388899,44,0,0.7993320822715759,1
106389304,44,0,0.9062919020652771,1
106389311,44,0,0.763359010219574,1
106390056,44,0,0.595672070980072,0
106390064,44,0,0.8205030560493469,1
106390068,44,0,0.845441997051239,1
106390184,44,0,0.6897881031036377,1
106390194,44,0,0.38359132409095764,0
106390578,44,0,0.27404284477233887,0
106390783,44,0,0.47779279947280884,0
106390786,44,0,0.907645046710968,1
106390804,44,0,0.9405597448348999,1
106390808,44,0,0.9309723377227783,1
106391268,44,0,0.4830896854400635,0
106391278,44,0,0.8159267902374268,1
106391289,44,0,0.5967484712600708,0
106391932,44,0,0.7510766386985779,1
106391950,44,0,0.818172812461853,1
106391956,44,0,0.6226637959480286,0
106391960,44,0,0.8018028140068054,1
106391967,44,0,0.838323712348938,1
106392554,44,0,0.879609227180481,1
106393044,44,0,0.8319786787033081,1
106393045,44,0,0.93932044506073,1
106393052,44,0,0.9062049984931946,1
106393280,44,0,0.8573564887046814,1
106393296,44,0,0.8269162178039551,1
106393301,44,0,0.8571344017982483,1
106393325,44,0,0.4468306005001068,0
106393330,44,0,0.8011578917503357,1
106393334,44,0,0.9101300835609436,1
106393474,44,0,0.8950925469398499,1
106393478,44,0,0.8363953828811646,1
106393479,44,0,0.902371346950531,1
106393714,44,0,0.8109805583953857,1
106393924,44,0,0.9131627678871155,1
106393926,44,0,0.7255575060844421,1
106396805,44,0,0.8498216867446899,1
106397435,44,0,0.3125854730606079,0
106397441,44,0,0.49601536989212036,0
106398163,44,0,0.4012523889541626,0
106400431,44,0,0.68177729845047,1
106400435,44,0,0.8859323263168335,1
106400561,44,0,0.30206239223480225,0
106401457,44,0,0.419686883687973,0
106401474,44,0,0.7700868248939514,1
106401837,44,0,0.7026979327201843,1
106402217,44,0,0.420589417219162,0
106402446,44,0,0.7403374314308167,1
106402454,44,0,0.9000014066696167,1
106402458,44,0,0.3614272475242615,0
106402463,44,0,0.8520986437797546,1
106402470,44,0,0.8328540921211243,1
106402482,44,0,0.26196056604385376,0
106403370,44,0,0.42244240641593933,0
106403375,44,0,0.4131234884262085,0
106403381,44,0,0.41854551434516907,0
106406022,44,0,0.8844301700592041,1
106406046,44,0,0.47542059421539307,0
106406854,44,0,0.8352237939834595,1
106411213,44,0,0.4045363962650299,0
106411215,44,0,0.39477646350860596,0
106411216,44,0,0.4224817454814911,0
106411222,44,0,0.4125078618526459,0
106411254,44,0,0.5077106952667236,0
106413261,44,0,0.8071424961090088,1
106413265,44,0,0.8873096108436584,1
106413267,44,0,0.5712565779685974,0
106413466,44,0,0.6602321863174438,0
106413470,44,0,0.786372184753418,1
106413598,44,0,0.5679464936256409,0
106413601,44,0,0.8736555576324463,1
106413758,44,0,0.7283238768577576,1
106413774,44,0,0.7935082316398621,1
106413922,44,0,0.7944991588592529,1
106414086,44,0,0.8179082870483398,1
106414113,44,0,0.8489499688148499,1
106414116,44,0,0.8728659152984619,1
106414122,44,0,0.4048585593700409,0
106414126,44,0,0.4128028452396393,0
106414143,44,0,0.8593042492866516,1
106414252,44,0,0.7485334873199463,1
106414664,44,0,0.8799917697906494,1
106414666,44,0,0.8627643585205078,1
106414667,44,0,0.4048840403556824,0
106414670,44,0,0.4751792848110199,0
106414899,44,0,0.8827265501022339,1
106414917,44,0,0.37528160214424133,0
106415246,44,0,0.7289379835128784,1
106415248,44,0,0.8680946826934814,1
106415653,44,0,0.8487955927848816,1
106415654,44,0,0.7166741490364075,1
106415655,44,0,0.41538742184638977,0
106415656,44,0,0.8200647234916687,1
106415657,44,0,0.5535602569580078,0
106415661,44,0,0.915072500705719,1
106415662,44,0,0.8604902625083923,1
106415665,44,0,0.8385733366012573,1
106415760,44,0,0.9145346879959106,1
106415987,44,0,0.7473892569541931,1
106416051,44,0,0.9112045168876648,1
106416065,44,0,0.8545143008232117,1
106416066,44,0,0.5421353578567505,0
106416290,44,0,0.7980166077613831,1
106416442,44,0,0.691238284111023,1
106416449,44,0,0.8167256712913513,1
106416690,44,0,0.5886106491088867,0
106416831,44,0,0.8548858165740967,1
106416833,44,0,0.5730674266815186,0
106417087,44,0,0.22534312307834625,0
106417106,44,0,0.7174983024597168,1
106417109,44,0,0.8781948089599609,1
106417238,44,0,0.8774630427360535,1
106417251,44,0,0.6949884295463562,1
106417541,44,0,0.40031710267066956,0
106417542,44,0,0.9170512557029724,1
106417543,44,0,0.6574473977088928,0
106417545,44,0,0.6445461511611938,0
106417596,44,0,0.8902384042739868,1
106417612,44,0,0.7893111705780029,1
106417618,44,0,0.7070419192314148,1
106417628,44,0,0.8530421257019043,1
106418366,44,0,0.4271557629108429,0
106418668,44,0,0.4389129877090454,0
106418672,44,0,0.36316144466400146,0
106426575,44,0,0.399698406457901,0
106427696,44,0,0.34738123416900635,0
106436626,44,0,0.6051374077796936,0
106438780,44,0,0.276448130607605,0
106445703,44,0,0.410800963640213,0
106446312,44,0,0.3091556131839752,0
106446315,44,0,0.4466121196746826,0
106446349,44,0,0.4249494671821594,0
106446357,44,0,0.5557138919830322,0
106451980,44,0,0.5865148901939392,0
106456521,44,0,0.290706604719162,0
106490549,44,0,0.561059296131134,0
106500745,44,0,0.4477884769439697,0
106506098,44,0,0.6997324228286743,1
106703678,44,0,0.5745577216148376,0
106708266,44,0,0.47532588243484497,0
106708277,44,0,0.5345628261566162,0
106708597,44,0,0.7438307404518127,1
106709271,44,0,0.5289366841316223,0
106709573,44,0,0.6589428186416626,0
106709992,44,0,0.8635687232017517,1
106710020,44,0,0.5047460794448853,0
106712340,44,0,0.7512306571006775,1
106712364,44,0,0.1889849305152893,0
106712617,44,0,0.40470030903816223,0
106713427,44,0,0.27065783739089966,0
106713531,44,0,0.3204650580883026,0
106713535,44,0,0.43657806515693665,0
106713551,44,0,0.7701785564422607,1
106713554,44,0,0.7907460927963257,1
106713558,44,0,0.6909109354019165,1
106713561,44,0,0.8045475482940674,1
106713565,44,0,0.7079178094863892,1
106713598,44,0,0.39224258065223694,0
106713640,44,0,0.8868631720542908,1
106713643,44,0,0.9383045434951782,1
106713844,44,0,0.4162766933441162,0
106714924,44,0,0.4422234892845154,0
106717907,44,0,0.894524872303009,1
106718344,44,0,0.8155293464660645,1
106718595,44,0,0.7915011644363403,1
106718650,44,0,0.8193680047988892,1
106720346,44,0,0.7119767069816589,1
106720358,44,0,0.8836137056350708,1
106720807,44,0,0.6920774579048157,1
106721585,44,0,0.8809332847595215,1
106722371,44,0,0.8537911176681519,1
106722384,44,0,0.6439409255981445,0
106722389,44,0,0.6285439133644104,0
106722397,44,0,0.8358736634254456,1
106722979,44,0,0.8468645215034485,1
106723407,44,0,0.8186200857162476,1
106723410,44,0,0.7418529987335205,1
106723412,44,0,0.894585907459259,1
106723890,44,0,0.7813471555709839,1
106724411,44,0,0.8184361457824707,1
106724417,44,0,0.8049736618995667,1
106724860,44,0,0.6634787917137146,0
106728267,44,0,0.867620587348938,1
106728691,44,0,0.7923449277877808,1
106729589,44,0,0.7806861996650696,1
106731467,44,0,0.33941027522087097,0
106732211,44,0,0.3526255190372467,0
106732910,44,0,0.49608877301216125,0
106734429,44,0,0.32343292236328125,0
106734819,44,0,0.6403502225875854,0
106735343,44,0,0.5777588486671448,0
106735346,44,0,0.3415299355983734,0
106737698,44,0,0.3357159495353699,0
106738265,44,0,0.35183098912239075,0
106742137,44,0,0.8672820925712585,1
106742188,44,0,0.6085451245307922,0
106742192,44,0,0.8192213773727417,1
106747707,44,0,0.5859130620956421,0
106747709,44,0,0.5093077421188354,0
106748672,44,0,0.1031937375664711,0
106756614,44,0,0.2245543897151947,0
106757918,44,0,0.43428221344947815,0
106759912,44,0,0.6186325550079346,0
106760314,44,0,0.40383121371269226,0
106761396,44,0,0.786778450012207,1
106761612,44,0,0.3212401270866394,0
106761614,44,0,0.8111297488212585,1
106761616,44,0,0.5371130704879761,0
106763379,44,0,0.49743902683258057,0
106764741,44,0,0.5249836444854736,0
106764771,44,0,0.4887460172176361,0
106766282,44,0,0.6940234899520874,1
106766286,44,0,0.7603101134300232,1
106766292,44,0,0.6808198094367981,1
106767220,44,0,0.739683210849762,1
106770255,44,0,0.3819268047809601,0
106770264,44,0,0.365984708070755,0
106775444,44,0,0.013681869022548199,0
106779683,44,0,0.7464902400970459,1
106779685,44,0,0.354604572057724,0
106785169,44,0,0.6558607816696167,0
106789142,44,0,0.6131817698478699,0
106789165,44,0,0.4686184227466583,0
106790558,44,0,0.6398413181304932,0
106790814,44,0,0.3720603883266449,0
106792699,44,0,0.39436691999435425,0
106793932,44,0,0.387975811958313,0
106798419,44,0,0.5560051202774048,0
106801211,44,0,0.44502776861190796,0
106801876,44,0,0.8817412257194519,1
106802152,44,0,0.8413403034210205,1
106802280,44,0,0.8042736649513245,1
106802601,44,0,0.8407768607139587,1
106802620,44,0,0.7157434821128845,1
106803456,44,0,0.9188277721405029,1
106803465,44,0,0.8214060068130493,1
106803466,44,0,0.9177682399749756,1
106803469,44,0,0.8798799514770508,1
106803479,44,0,0.4026033580303192,0
106804491,44,0,0.37284424901008606,0
106805385,44,0,0.8947361707687378,1
106813377,44,0,0.8862705826759338,1
106814413,44,0,0.8384774327278137,1
106814414,44,0,0.8365867733955383,1
106814423,44,0,0.5286034345626831,0
106814429,44,0,0.4694550633430481,0
106814461,44,0,0.5359486937522888,0
106814727,44,0,0.8375859260559082,1
106814876,44,0,0.8772053718566895,1
106814883,44,0,0.7278571724891663,1
106814886,44,0,0.9178958535194397,1
106814889,44,0,0.842859148979187,1
106814893,44,0,0.6803385019302368,1
106814903,44,0,0.8421068787574768,1
106814904,44,0,0.5608720183372498,0
106814905,44,0,0.8629876971244812,1
106814909,44,0,0.8691909313201904,1
106814911,44,0,0.9169886708259583,1
106814914,44,0,0.8486139178276062,1
106815168,44,0,0.43183964490890503,0
106815179,44,0,0.9183828234672546,1
106815186,44,0,0.9096704721450806,1
106815188,44,0,0.5507408976554871,0
106815647,44,0,0.8612992167472839,1
106815649,44,0,0.9551740884780884,1
106815650,44,0,0.6572569012641907,0
106815670,44,0,0.7686967849731445,1
106815678,44,0,0.857466995716095,1
106815681,44,0,0.3986312448978424,0
106815684,44,0,0.8555002808570862,1
106815685,44,0,0.6674571633338928,0
106815694,44,0,0.9431673884391785,1
106815698,44,0,0.7942507266998291,1
106815720,44,0,0.9327167272567749,1
106815723,44,0,0.9106581807136536,1
106815727,44,0,0.5925153493881226,0
106816120,44,0,0.3376239240169525,0
106816122,44,0,0.42787379026412964,0
106816389,44,0,0.37833014130592346,0
106816403,44,0,0.6844719052314758,1
106816407,44,0,0.6997790336608887,1
106816409,44,0,0.7355237007141113,1
106816412,44,0,0.8393645882606506,1
106816546,44,0,0.6194659471511841,0
106816567,44,0,0.9060762524604797,1
106816572,44,0,0.7937987446784973,1
106816574,44,0,0.848227858543396,1
106816578,44,0,0.9217056632041931,1
106816622,44,0,0.8862296938896179,1
106816626,44,0,0.8809049725532532,1
106816817,44,0,0.41533148288726807,0
106816819,44,0,0.33394816517829895,0
106821568,44,0,0.7969706654548645,1
106821926,44,0,0.9376692771911621,1
106821929,44,0,0.9272884130477905,1
106832865,44,0,0.4357485771179199,0
106832866,44,0,0.2796025574207306,0
106832873,44,0,0.5565211772918701,0
106832875,44,0,0.35735180974006653,0
106832877,44,0,0.43123042583465576,0
106832879,44,0,0.40989577770233154,0
106832882,44,0,0.5057598948478699,0
106835394,44,0,0.4150383770465851,0
106835395,44,0,0.7236948609352112,1
106841518,44,0,0.522749662399292,0
106841885,44,0,0.4780109226703644,0
106841892,44,0,0.36630937457084656,0
106841897,44,0,0.4149298667907715,0
106841898,44,0,0.394155353307724,0
106841903,44,0,0.44063878059387207,0
106841904,44,0,0.5862553119659424,0
106841905,44,0,0.4718506932258606,0
106841906,44,0,0.47133180499076843,0
106841909,44,0,0.45384982228279114,0
106841937,44,0,0.41730764508247375,0
106841938,44,0,0.40192049741744995,0
106841947,44,0,0.379673570394516,0
106841954,44,0,0.45368751883506775,0
106842395,44,0,0.4963739812374115,0
106844593,44,0,0.4790438711643219,0
106846941,44,0,0.3402408957481384,0
106846949,44,0,0.48289474844932556,0
106846950,44,0,0.42629677057266235,0
106846953,44,0,0.5099249482154846,0
106846959,44,0,0.39743268489837646,0
106847281,44,0,0.36298510432243347,0
106849230,44,0,0.4222472012042999,0
106849236,44,0,0.5709167122840881,0
106849239,44,0,0.6301462054252625,0
106851997,44,0,0.7373174428939819,1
106854410,44,0,0.7800073623657227,1
106854417,44,0,0.5908811688423157,0
106854901,44,0,0.4679616689682007,0
106854916,44,0,0.43472498655319214,0
106855390,44,0,0.8454462289810181,1
106855396,44,0,0.5642098784446716,0
106855417,44,0,0.9279142022132874,1
106855735,44,0,0.3724837601184845,0
106855739,44,0,0.8771201968193054,1
106855851,44,0,0.5054560899734497,0
106856152,44,0,0.8809758424758911,1
106856158,44,0,0.8793051242828369,1
106856176,44,0,0.8071019649505615,1
106856225,44,0,0.38988426327705383,0
106856753,44,0,0.8896408081054688,1
106856770,44,0,0.46981000900268555,0
106856776,44,0,0.90965735912323,1
106857117,44,0,0.8958004713058472,1
106857647,44,0,0.8934534788131714,1
106857655,44,0,0.7480395436286926,1
106857686,44,0,0.6448491811752319,0
107083982,44,1,0.5201846957206726,0
107083983,44,1,0.8412586450576782,1
107090648,44,0,0.4426096975803375,0
107095395,44,0,0.6067201495170593,0
107096488,44,0,0.7742712497711182,1
107099177,44,0,0.39016368985176086,0
107152411,44,0,0.4126153886318207,0
107152811,44,0,0.39576277136802673,0
107153626,44,0,0.22372962534427643,0
107189098,44,1,0.8771132826805115,1
107203747,44,0,0.2797505855560303,0
107203756,44,1,0.7497829794883728,1
107207779,44,0,0.377010703086853,0
107208682,44,0,0.44437164068222046,0
107209112,44,0,0.28940021991729736,0
107210875,44,0,0.5445587038993835,0
107215283,44,0,0.40244993567466736,0
107215353,44,0,0.40167295932769775,0
107241062,44,0,0.484866201877594,0
107624551,44,0,0.3077031373977661,0
107667368,44,0,0.6984676718711853,1
107730071,44,1,0.2138252705335617,0
107984774,44,0,0.7774515151977539,1
108020351,44,0,0.7608871459960938,1
108052314,44,0,0.5774266123771667,0
108061129,44,0,0.3364352285861969,0
108061969,44,0,0.3215577304363251,0
108079275,44,0,0.6457119584083557,0
108348142,44,0,0.3354204595088959,0
108374456,44,0,0.4534866213798523,0
108625810,44,0,0.4694801867008209,0
108642902,44,0,0.9053192138671875,1
108668266,44,0,0.8495286703109741,1
108834888,44,0,0.3679315149784088,0
108958300,44,0,0.44747161865234375,0
110277049,44,0,0.4715312123298645,0
110613202,44,0,0.22366613149642944,0
110615385,44,0,0.36290326714515686,0
111350697,44,0,0.4121641218662262,0
111691229,44,0,0.6291033029556274,0
112066522,44,0,0.35190728306770325,0
112066529,44,0,0.38165655732154846,0
112128404,44,0,0.28070157766342163,0
112155595,44,0,0.3061864972114563,0
112165914,44,0,0.4499489963054657,0
112169131,44,0,0.3499857187271118,0
112180376,44,0,0.4916527569293976,0
112989226,44,0,0.42632266879081726,0
113621810,44,1,0.5113295316696167,0
114145013,44,0,0.3701591193675995,0
116404205,44,0,0.525725781917572,0
117528489,44,0,0.2467593252658844,0
125586867,44,0,0.7274049520492554,1
137195720,44,0,0.42285341024398804,0
146765860,44,0,0.4687483012676239,0
152162426,44,0,0.18448202311992645,0
171946550,44,0,0.37819796800613403,0
176542167,44,0,0.31062331795692444,0
184258756,44,0,0.46141740679740906,0
189431228,44,0,0.42297059297561646,0
192036634,44,0,0.7558462023735046,1
194762319,44,0,0.6023824214935303,0
195971645,44,0,0.33929798007011414,0
195994689,44,0,0.8653811812400818,1
195998740,44,0,0.4839261472225189,0
204431163,44,0,0.4168930947780609,0
205173027,44,0,0.37605592608451843,0
205617051,44,0,0.6975802779197693,1
206400080,44,0,0.39622217416763306,0
212417056,44,0,0.4505313038825989,0
216053734,44,0,0.3001975417137146,0
223196221,44,0,0.7332817316055298,1
226581611,44,0,0.3980250060558319,0
227122956,44,0,0.7102187275886536,1
231335117,44,0,0.48614612221717834,0
238457456,44,0,0.5092348456382751,0
247943534,44,0,0.3039662837982178,0
256730850,44,0,0.7462159991264343,1
258878816,44,0,0.45943596959114075,0
259974893,44,0,0.3964999318122864,0
260380323,44,0,0.40611451864242554,0
261272976,44,0,0.7535064816474915,1
261276912,44,0,0.4304313659667969,0
261279960,44,0,0.3194105327129364,0
261281884,44,0,0.8971123695373535,1
261379273,44,0,0.3870469331741333,0
261381528,44,0,0.5267958641052246,0
261387986,44,0,0.25396764278411865,0
261445904,44,0,0.75184565782547,1
261461032,44,0,0.7160312533378601,1
261461040,44,0,0.7843006253242493,1
261461741,44,0,0.43074724078178406,0
261465111,44,0,0.42366400361061096,0
261465230,44,0,0.4167052209377289,0
261469380,44,0,0.8687793016433716,1
261472203,44,0,0.5331818461418152,0
261493471,44,0,0.6771101951599121,1
261622438,44,0,0.385064035654068,0
261625437,44,0,0.4254418611526489,0
261625895,44,0,0.3999514877796173,0
261628687,44,0,0.41572120785713196,0
261629017,44,0,0.4262992739677429,0
261629021,44,0,0.4387574791908264,0
261635589,44,0,0.7615913152694702,1
4613408,45,0,0.4933469891548157,0
5582638,45,0,0.17900453507900238,0
6763282,45,0,0.30833700299263,0
7556199,45,0,0.13870298862457275,0
8930897,45,0,0.6468099355697632,0
9995261,45,0,0.6516561508178711,0
9995263,45,0,0.3928728997707367,0
10001510,45,0,0.42510607838630676,0
10501149,45,0,0.4367561638355255,0
11193869,45,0,0.13746632635593414,0
12172125,45,0,0.15036262571811676,0
12299920,45,0,0.4743495583534241,0
12897892,45,0,0.457710862159729,0
14553162,45,0,0.16910508275032043,0
15345702,45,0,0.3942713141441345,0
15984816,45,0,0.319616436958313,0
18432712,45,0,0.4838331341743469,0
18740931,45,0,0.33988887071609497,0
19670253,45,0,0.17014068365097046,0
20521889,45,0,0.1575399786233902,0
21236531,45,0,0.8259002566337585,1
21961961,45,0,0.08755279332399368,0
23960543,45,0,0.31154075264930725,0
24492393,45,0,0.4657658040523529,0
24974748,45,0,0.5278902649879456,0
25820894,45,0,0.45848533511161804,0
27384053,45,0,0.37753260135650635,0
28027132,45,0,0.33558669686317444,0
28769946,45,0,0.3375447988510132,0
29410189,45,0,0.465006023645401,0
30341039,45,0,0.4703219532966614,0
32454472,45,0,0.5017673373222351,0
32915977,45,0,0.09516683965921402,0
32997125,45,0,0.37240079045295715,0
33454081,45,0,0.0317772775888443,0
33596051,45,0,0.4701980650424957,0
33678975,45,0,0.4823910593986511,0
34378032,45,0,0.24507398903369904,0
34579078,45,0,0.392368882894516,0
34758937,45,0,0.33009058237075806,0
34763699,45,0,0.4535796046257019,0
35617620,45,0,0.14860668778419495,0
35712479,45,0,0.2266978919506073,0
35712480,45,0,0.3148251175880432,0
35776348,45,0,0.3530419170856476,0
35776357,45,0,0.3486559987068176,0
37554474,45,0,0.5125508904457092,0
39877439,45,0,0.29640111327171326,0
40917947,45,0,0.5098487734794617,0
41847079,45,0,0.47415173053741455,0
43063865,45,0,0.8404595851898193,1
44496706,45,0,0.2889952063560486,0
45656066,45,0,0.3600464463233948,0
45664854,45,0,0.16940076649188995,0
45768270,45,0,0.5244637727737427,0
47050542,45,0,0.25757572054862976,0
48838141,45,0,0.8017517328262329,1
49107501,45,0,0.048067085444927216,0
49365699,45,0,0.4626958966255188,0
50257327,45,0,0.851503849029541,1
50979127,45,0,0.9170408248901367,1
52631434,45,0,0.50288325548172,0
53063584,45,0,0.15360480546951294,0
54092562,45,0,0.39256468415260315,0
55650952,45,0,0.6380735635757446,0
55650955,45,0,0.17909780144691467,0
55850467,45,0,0.8651543259620667,1
56567194,45,0,0.48336732387542725,0
58661827,45,0,0.3766750693321228,0
59510262,45,0,0.3872871994972229,0
60687058,45,0,0.6749894022941589,1
60687059,45,0,0.8874139785766602,1
62023289,45,0,0.2608245015144348,0
62049573,45,0,0.6759718060493469,1
62388992,45,0,0.5777042508125305,0
64114945,45,0,0.32536906003952026,0
64852016,45,0,0.21484990417957306,0
66349722,45,0,0.4718169569969177,0
67711755,45,0,0.55512535572052,0
68583113,45,0,0.5039136409759521,0
69976194,45,0,0.5931618213653564,0
73643913,45,0,0.3274777829647064,0
76941945,45,0,0.12432383000850677,0
78133064,45,0,0.2978489100933075,0
78835248,45,0,0.5084589719772339,0
79102171,45,0,0.3228701651096344,0
79559309,45,0,0.4490342438220978,0
80385909,45,0,0.3244835436344147,0
80908580,45,0,0.47018668055534363,0
81789779,45,0,0.05564858764410019,0
84828471,45,0,0.8468440175056458,1
89015028,45,0,0.7907679677009583,1
90534834,45,0,0.46386608481407166,0
91123970,45,0,0.7756442427635193,1
91315285,45,0,0.9266510009765625,1
93185574,45,0,0.30977538228034973,0
94407800,45,0,0.12472286075353622,0
94407808,45,0,0.30730748176574707,0
94407937,45,0,0.5063368678092957,0
94407939,45,0,0.4989091157913208,0
94408143,45,0,0.48215046525001526,0
94408148,45,0,0.3913012742996216,0
94408152,45,0,0.27506178617477417,0
94408153,45,0,0.32747697830200195,0
94408156,45,0,0.23921582102775574,0
94408157,45,0,0.47846853733062744,0
94408164,45,0,0.5388185381889343,0
94408269,45,0,0.7492074966430664,1
94408492,45,0,0.302533894777298,0
101028778,45,0,0.2658700942993164,0
101122466,45,0,0.33224359154701233,0
102771113,45,0,0.17802895605564117,0
106168352,45,0,0.3921743333339691,0
106638561,45,0,0.3879956305027008,0
108224316,45,0,0.3706960082054138,0
108292235,45,0,0.18389828503131866,0
108353956,45,0,0.095674529671669,0
111575373,45,0,0.15837235748767853,0
111837671,45,0,0.17482498288154602,0
111837672,45,0,0.1816648542881012,0
112875791,45,0,0.471754789352417,0
115642542,45,0,0.39732930064201355,0
117341490,45,0,0.2631102502346039,0
121078260,45,0,0.43215370178222656,0
121078569,45,0,0.4079151153564453,0
121078671,45,0,0.4858205020427704,0
121078673,45,0,0.4782642722129822,0
121090421,45,0,0.4703989624977112,0
121225693,45,0,0.16792082786560059,0
123264446,45,0,0.5529348850250244,0
124653602,45,0,0.3639867603778839,0
125428309,45,0,0.7513000965118408,1
125610459,45,0,0.8834326267242432,1
125820268,45,0,0.49865713715553284,0
125820277,45,0,0.30748704075813293,0
125820279,45,0,0.5560118556022644,0
126209282,45,0,0.3268173933029175,0
126333831,45,0,0.7013446092605591,1
126611034,45,0,0.3357817232608795,0
126622996,45,0,0.2187088280916214,0
126623902,45,0,0.39630451798439026,0
126802668,45,0,0.2809486389160156,0
127012530,45,0,0.3668100833892822,0
127585200,45,0,0.5470609664916992,0
128246621,45,0,0.19014759361743927,0
128924055,45,0,0.3206373155117035,0
129860762,45,0,0.5562508702278137,0
131552098,45,0,0.5161830186843872,0
131552811,45,0,0.3890107572078705,0
132035006,45,0,0.17881518602371216,0
133371293,45,0,0.36130425333976746,0
133499548,45,0,0.7003049850463867,1
134747239,45,0,0.4162183105945587,0
135011010,45,0,0.48661893606185913,0
135011015,45,0,0.19878284633159637,0
135102681,45,0,0.38768261671066284,0
135102855,45,0,0.5750217437744141,0
135973640,45,0,0.45810195803642273,0
137055550,45,0,0.4629879891872406,0
137056982,45,0,0.7360966205596924,1
138798125,45,0,0.4852992296218872,0
138798141,45,0,0.21106292307376862,0
139420869,45,0,0.5565056204795837,0
140419612,45,0,0.5829610824584961,0
141831682,45,0,0.9180198311805725,1
142553578,45,0,0.9311606287956238,1
142712353,45,0,0.6880899667739868,1
143615853,45,0,0.6475368738174438,0
145836951,45,0,0.6722412109375,1
145836954,45,0,0.7473457455635071,1
148252407,45,0,0.8216390609741211,1
151742640,45,0,0.07107121497392654,0
152612253,45,0,0.6943245530128479,1
155522138,45,0,0.6880300045013428,1
155522533,45,0,0.6966925859451294,1
155526443,45,0,0.23982638120651245,0
155526483,45,0,0.42481932044029236,0
155526486,45,0,0.7746483683586121,1
155527878,45,0,0.4875067174434662,0
155527880,45,0,0.8389763236045837,1
155528008,45,0,0.6047990918159485,0
155529076,45,0,0.4640079140663147,0
155530287,45,0,0.4832119643688202,0
155532990,45,0,0.516778826713562,0
155533543,45,0,0.14172229170799255,0
155535023,45,0,0.17985817790031433,0
155535099,45,0,0.13086213171482086,0
155535104,45,0,0.7274128794670105,1
155535108,45,0,0.6358550190925598,0
155535430,45,0,0.24160918593406677,0
155535840,45,0,0.3068810999393463,0
155538164,45,0,0.2499031275510788,0
155538999,45,0,0.16897347569465637,0
155539978,45,0,0.6842291951179504,1
155549608,45,0,0.00028334822854958475,0
155550930,45,0,0.3648020923137665,0
155550933,45,0,0.38054779171943665,0
155550968,45,0,0.3430310785770416,0
155551658,45,0,0.816817045211792,1
155551688,45,0,0.32191625237464905,0
155559568,45,0,0.6861220002174377,1
155561664,45,0,0.4194999933242798,0
155561975,45,0,0.4715730845928192,0
155562331,45,0,0.6420572400093079,0
155562349,45,0,0.5122940540313721,0
155570487,45,0,0.39806535840034485,0
155570490,45,0,0.5247547626495361,0
155570492,45,0,0.4859374463558197,0
155570503,45,0,0.42178475856781006,0
155573361,45,0,0.489236980676651,0
155573381,45,0,0.5036530494689941,0
155573753,45,0,0.4686207175254822,0
155573986,45,0,0.46081510186195374,0
155574391,45,0,7.579503289889544e-05,0
155575982,45,0,0.4577678143978119,0
155576355,45,0,0.48505157232284546,0
155578198,45,0,0.158380925655365,0
155578200,45,0,0.24536502361297607,0
155578201,45,0,0.3560516834259033,0
155578207,45,0,0.3452603220939636,0
155578507,45,0,0.34039339423179626,0
155581166,45,0,0.3963407278060913,0
155581536,45,0,0.34647616744041443,0
155582549,45,0,0.44102710485458374,0
155582930,45,0,0.8232465386390686,1
155582931,45,0,0.39208853244781494,0
155582943,45,0,0.45029622316360474,0
155583234,45,0,0.3515508472919464,0
155583240,45,0,0.4503685235977173,0
155583242,45,0,0.33362534642219543,0
155583306,45,0,0.3893345296382904,0
155583308,45,0,0.720439076423645,1
155583314,45,0,0.3322479724884033,0
155583326,45,0,0.39031508564949036,0
155583327,45,0,0.39800289273262024,0
155583328,45,0,0.48909372091293335,0
155583708,45,0,0.8517137765884399,1
155583714,45,0,0.6647476553916931,0
155583796,45,0,0.577793300151825,0
155583801,45,0,0.27579930424690247,0
155585216,45,0,0.4929952025413513,0
155586203,45,0,0.39868104457855225,0
155586204,45,0,0.4972006380558014,0
155586210,45,0,0.33119118213653564,0
155586218,45,0,0.36975476145744324,0
155586224,45,0,0.3550954759120941,0
155586228,45,0,0.3217235207557678,0
155586284,45,0,0.2918558120727539,0
155586287,45,0,0.37119168043136597,0
155586752,45,0,0.30433911085128784,0
155586764,45,0,0.2266058772802353,0
155586773,45,0,0.361989289522171,0
155586775,45,0,0.4211074113845825,0
155587208,45,0,0.6906272172927856,1
155587538,45,0,0.3512767553329468,0
155587549,45,0,0.37733355164527893,0
155587790,45,0,0.8074040412902832,1
155587791,45,0,0.7881861329078674,1
155587794,45,0,0.7510040402412415,1
155587798,45,0,0.8819913268089294,1
155587804,45,0,0.8737955093383789,1
155587806,45,0,0.8382977843284607,1
155587814,45,0,0.7893036007881165,1
155587840,45,0,0.5462437868118286,0
155587889,45,0,0.7949180603027344,1
155587890,45,0,0.9301677346229553,1
155588044,45,0,0.8086494207382202,1
155588324,45,0,0.8488814234733582,1
155589860,45,0,0.4157309830188751,0
155589863,45,0,0.45124244689941406,0
155590708,45,0,0.41127949953079224,0
155590997,45,0,0.3897835314273834,0
155591704,45,0,0.5042264461517334,0
155593271,45,0,0.4418143928050995,0
155593277,45,0,0.48269686102867126,0
155595345,45,0,0.2913752794265747,0
155596887,45,0,0.3195970058441162,0
155597098,45,0,0.3903506398200989,0
155597102,45,0,0.43412652611732483,0
155597293,45,0,0.39029166102409363,0
155597300,45,0,0.42512694001197815,0
155597308,45,0,0.4014802873134613,0
155601022,45,0,0.2580508291721344,0
155603394,45,0,0.30027252435684204,0
155606147,45,0,0.5694714784622192,0
155610359,45,0,0.47496092319488525,0
155612291,45,0,0.5162956118583679,0
155613680,45,0,0.37003058195114136,0
155617030,45,0,0.2840675711631775,0
155621616,45,0,0.5754299759864807,0
155621619,45,0,0.6090284585952759,0
155621630,45,0,0.4052109718322754,0
155621632,45,0,0.5141443014144897,0
155622858,45,0,0.43622687458992004,0
155622859,45,0,0.5756698250770569,0
155622861,45,0,0.4979332685470581,0
155623923,45,0,0.48272401094436646,0
155623945,45,0,0.6004554033279419,0
155624287,45,0,0.4564257264137268,0
155624292,45,0,0.4761943221092224,0
155624606,45,0,0.5645644664764404,0
155624613,45,0,0.4791003465652466,0
155627624,45,0,0.5714929103851318,0
155627660,45,0,0.6118032932281494,0
155627664,45,0,0.43457332253456116,0
155629079,45,0,0.3506043255329132,0
155630888,45,0,0.6552332639694214,0
155631607,45,0,0.6528827548027039,0
155633813,45,0,0.36330288648605347,0
155637545,45,0,0.397489994764328,0
155637724,45,0,0.7897683382034302,1
155640788,45,0,0.4444558322429657,0
155644840,45,0,0.3608720600605011,0
155645185,45,0,0.6583746075630188,0
155645481,45,0,0.45788994431495667,0
155645937,45,0,0.3219294846057892,0
155646219,45,0,0.3751883804798126,0
155646443,45,0,0.36421170830726624,0
155646869,45,0,0.39489850401878357,0
155647158,45,0,0.062280088663101196,0
155647173,45,0,0.3579391837120056,0
155647805,45,0,0.3385750949382782,0
155647986,45,0,0.6905480623245239,1
155648144,45,0,0.4473224878311157,0
155648173,45,0,0.3928992450237274,0
155648175,45,0,0.3858751356601715,0
155648844,45,0,0.7958369255065918,1
155651496,45,0,0.2584960460662842,0
155651533,45,0,0.3230196237564087,0
155652210,45,0,0.8710176348686218,1
155652972,45,0,0.5684892535209656,0
155653347,45,0,0.3850291967391968,0
155653783,45,0,0.37273064255714417,0
155653798,45,0,0.8516415357589722,1
155653799,45,0,0.3688587248325348,0
155654111,45,0,0.7214264273643494,1
155654504,45,0,0.3770899176597595,0
155654510,45,0,0.5468425750732422,0
155654911,45,0,0.3477301299571991,0
155655310,45,0,0.3443625569343567,0
155655673,45,0,0.3849976062774658,0
155655694,45,0,0.33376771211624146,0
155655701,45,0,0.35590967535972595,0
155655878,45,0,0.6188558340072632,0
155655884,45,0,0.7555335760116577,1
155655944,45,0,0.8334259390830994,1
155656464,45,0,0.37765374779701233,0
155657232,45,0,0.33052173256874084,0
155657565,45,0,0.48184260725975037,0
155658088,45,0,0.5443131327629089,0
155658137,45,0,0.3450014591217041,0
155658214,45,0,0.4622638523578644,0
155658216,45,0,0.38939782977104187,0
155658820,45,0,0.4398181736469269,0
155658834,45,0,0.30651652812957764,0
155659199,45,0,0.33515480160713196,0
155659777,45,0,0.38868004083633423,0
155660445,45,0,0.32061365246772766,0
155661549,45,0,0.7429108619689941,1
155662417,45,0,0.3799002468585968,0
155663799,45,0,0.40739235281944275,0
155664047,45,0,0.861449658870697,1
155664125,45,0,0.3572149872779846,0
155664132,45,0,0.3837760090827942,0
155664412,45,0,0.650223970413208,0
155666115,45,0,0.5804999470710754,0
155666122,45,0,0.5107825398445129,0
155666630,45,0,0.3823217749595642,0
155666684,45,0,0.36350029706954956,0
155666717,45,0,0.37983351945877075,0
155667139,45,0,0.3369373679161072,0
155667184,45,0,0.532254159450531,0
155669504,45,0,0.3352990448474884,0
155669683,45,0,0.3673803210258484,0
155669815,45,0,0.3617863953113556,0
155669824,45,0,0.3711286783218384,0
155670116,45,0,0.8286510109901428,1
155670282,45,0,0.38323095440864563,0
155670970,45,0,0.3551620841026306,0
155671237,45,0,0.3649756610393524,0
155671469,45,0,0.38558870553970337,0
155671780,45,0,0.6036770343780518,0
155671785,45,0,0.555483877658844,0
155672449,45,0,0.7753828167915344,1
155672469,45,0,0.3821982443332672,0
155675211,45,0,0.7664008140563965,1
155675527,45,0,0.6695999503135681,0
155675530,45,0,0.6026977896690369,0
155675570,45,0,0.3726029694080353,0
155676042,45,0,0.3360252380371094,0
155676058,45,0,0.3813149929046631,0
155676363,45,0,0.3913106620311737,0
155676366,45,0,0.6823521256446838,1
155676683,45,0,0.6922296285629272,1
155677010,45,0,0.725925624370575,1
155677035,45,0,0.08356303721666336,0
155686193,45,0,0.37891432642936707,0
155687112,45,0,0.34107086062431335,0
155687119,45,0,0.4523043930530548,0
155690140,45,0,0.43419915437698364,0
155690172,45,0,0.5613757967948914,0
155691392,45,0,0.8131396770477295,1
155691393,45,0,0.10334795713424683,0
155691683,45,0,0.3829025626182556,0
155694465,45,0,0.3656966984272003,0
155694755,45,0,0.4098071753978729,0
155694944,45,0,0.34987199306488037,0
155694958,45,0,0.38984033465385437,0
155695053,45,0,0.5083703398704529,0
155696818,45,0,0.5524093508720398,0
155697070,45,0,0.44331851601600647,0
155697884,45,0,0.38038548827171326,0
155699346,45,0,0.2807815670967102,0
155703469,45,0,0.05768468230962753,0
155706106,45,0,0.5888336896896362,0
155707564,45,0,0.45371612906455994,0
155708971,45,0,0.8551329374313354,1
155709783,45,0,0.7886064052581787,1
155709876,45,0,0.4517946243286133,0
155712049,45,0,0.42485255002975464,0
155713958,45,0,0.47056129574775696,0
155715769,45,0,0.7963570952415466,1
155716860,45,0,0.6699013710021973,0
155718192,45,0,0.4228607416152954,0
155718395,45,0,0.35848623514175415,0
155718398,45,0,0.2960250973701477,0
155719727,45,0,0.29559481143951416,0
155720728,45,0,0.381553590297699,0
155720730,45,0,0.2868095934391022,0
155720735,45,0,0.2840113937854767,0
155720736,45,0,0.31763240694999695,0
155720738,45,0,0.36060723662376404,0
155720740,45,0,0.33433014154434204,0
155720741,45,0,0.38798755407333374,0
155720744,45,0,0.5787410140037537,0
155720745,45,0,0.33133307099342346,0
155720747,45,0,0.36396729946136475,0
155720749,45,0,0.3384536802768707,0
155720750,45,0,0.3337307572364807,0
155720751,45,0,0.33830487728118896,0
155720754,45,0,0.32776910066604614,0
155720756,45,0,0.37493807077407837,0
155720758,45,0,0.369833767414093,0
155720760,45,0,0.33754652738571167,0
155720761,45,0,0.32693472504615784,0
155720763,45,0,0.3756788969039917,0
155720764,45,0,0.34316664934158325,0
155720765,45,0,0.41048574447631836,0
155720771,45,0,0.3375958800315857,0
155720775,45,0,0.37011975049972534,0
155720782,45,0,0.13195893168449402,0
155720788,45,0,0.7521931529045105,1
155720789,45,0,0.33960771560668945,0
155720792,45,0,0.3410258889198303,0
155720794,45,0,0.37681224942207336,0
155720796,45,0,0.3770545721054077,0
155720797,45,0,0.3754623234272003,0
155720798,45,0,0.36376315355300903,0
155720800,45,0,0.5152891874313354,0
155720803,45,0,0.3830122947692871,0
155720804,45,0,0.6372483968734741,0
155720806,45,0,0.3318139612674713,0
155720808,45,0,0.35578104853630066,0
155720885,45,0,0.585870623588562,0
155721093,45,0,0.599122166633606,0
155721099,45,0,0.36856451630592346,0
155721440,45,0,0.45585355162620544,0
155722084,45,0,0.8718894720077515,1
155724033,45,0,0.47251564264297485,0
155731488,45,0,0.31438323855400085,0
155731493,45,0,0.416684091091156,0
155732260,45,0,0.4231686592102051,0
155732262,45,0,0.4265758991241455,0
155732268,45,0,0.4998868405818939,0
155732269,45,0,0.38777586817741394,0
155732978,45,0,0.46525874733924866,0
155733002,45,0,0.31351277232170105,0
155733087,45,0,0.3891868591308594,0
155733692,45,0,0.4414248466491699,0
155733930,45,0,0.5146613717079163,0
155734883,45,0,0.34637051820755005,0
155737388,45,0,0.30630090832710266,0
155737402,45,0,0.6835408806800842,1
155737641,45,0,0.4794515073299408,0
155737649,45,0,0.3803892135620117,0
155737652,45,0,0.8320478200912476,1
155738598,45,0,0.504132091999054,0
155738604,45,0,0.2846038043498993,0
155739098,45,0,0.41517725586891174,0
155742319,45,0,0.4774126410484314,0
155742345,45,0,0.4103662967681885,0
155743352,45,0,0.43968188762664795,0
155743373,45,0,0.465250700712204,0
155744676,45,0,0.4090180993080139,0
155744686,45,0,0.4354584813117981,0
155747227,45,0,0.4066152572631836,0
155747700,45,0,0.3476574420928955,0
155748707,45,0,0.4328416585922241,0
155748985,45,0,0.37611544132232666,0
155749095,45,0,0.6080098152160645,0
155749840,45,0,0.380932092666626,0
155753781,45,0,0.3738463521003723,0
155755021,45,0,0.3930153548717499,0
155756787,45,0,0.41328442096710205,0
155757374,45,0,0.8429176807403564,1
155759301,45,0,0.3387170433998108,0
155759664,45,0,0.5955147743225098,0
155759667,45,0,0.5397158265113831,0
155759670,45,0,0.8510755300521851,1
155760010,45,0,0.7886667847633362,1
155760037,45,0,0.8446908593177795,1
155766769,45,0,0.7363970279693604,1
155768281,45,0,0.39863109588623047,0
155771442,45,0,0.4514862895011902,0
155771964,45,0,0.41703951358795166,0
155779446,45,0,0.8749715089797974,1
155780427,45,0,0.3760959208011627,0
155783466,45,0,0.39192503690719604,0
155784952,45,0,0.44510480761528015,0
155787237,45,0,0.43360042572021484,0
155787285,45,0,0.3608238101005554,0
155787653,45,0,0.3910497725009918,0
155787676,45,0,0.42286980152130127,0
155788829,45,0,0.38677364587783813,0
155791506,45,0,0.4249933362007141,0
155793314,45,0,0.4008817672729492,0
155793644,45,0,0.30523014068603516,0
155794856,45,0,0.4024660587310791,0
155795122,45,0,0.42466121912002563,0
155796287,45,0,0.45206955075263977,0
155797923,45,0,0.31406310200691223,0
155800513,45,0,0.37570348381996155,0
155802381,45,0,0.373094379901886,0
155802446,45,0,0.3094036281108856,0
155802889,45,0,0.35051724314689636,0
155802898,45,0,0.3485868573188782,0
155803876,45,0,0.39783239364624023,0
155803971,45,0,0.3671361207962036,0
155805529,45,0,0.38012978434562683,0
155805532,45,0,0.3966396450996399,0
155806952,45,0,0.3757179379463196,0
155807238,45,0,0.3210771083831787,0
155809126,45,0,0.6537160277366638,0
155809660,45,0,0.3073588013648987,0
155810823,45,0,0.8290867209434509,1
155810825,45,0,0.7428565621376038,1
155810828,45,0,0.416567325592041,0
155810831,45,0,0.7670490741729736,1
155810896,45,0,0.8190422654151917,1
155810916,45,0,0.42334315180778503,0
155810949,45,0,0.5737099051475525,0
155811227,45,0,0.8433458209037781,1
155811705,45,0,0.5032809972763062,0
155812060,45,0,0.49040859937667847,0
155812224,45,0,0.9326707720756531,1
155812856,45,0,0.41269299387931824,0
155812860,45,0,0.32916221022605896,0
155813445,45,0,0.41337820887565613,0
155813476,45,0,0.38063398003578186,0
155813480,45,0,0.3171999156475067,0
155813484,45,0,0.37468913197517395,0
155813492,45,0,0.39016830921173096,0
155813493,45,0,0.3764176666736603,0
155815739,45,0,0.6081804037094116,0
155815752,45,0,0.3249408006668091,0
155815753,45,0,0.2997024357318878,0
155815754,45,0,0.8528178334236145,1
155815756,45,0,0.31416207551956177,0
155815761,45,0,0.6443036794662476,0
155815779,45,0,0.19963236153125763,0
155815784,45,0,0.29191824793815613,0
155815790,45,0,0.2603563666343689,0
155816178,45,0,0.30527248978614807,0
155816192,45,0,0.39241182804107666,0
155816195,45,0,0.388969361782074,0
155816196,45,0,0.3855625092983246,0
155816197,45,0,0.38315287232398987,0
155816199,45,0,0.3743336796760559,0
155816200,45,0,0.36935392022132874,0
155816203,45,0,0.37019166350364685,0
155816205,45,0,0.3857567608356476,0
155816207,45,0,0.30683091282844543,0
155816211,45,0,0.3251977264881134,0
155818415,45,0,0.3564373552799225,0
155818798,45,0,0.16372890770435333,0
155818799,45,0,0.2653072774410248,0
155821091,45,0,0.38285693526268005,0
155821276,45,0,0.22975075244903564,0
155821401,45,0,0.46753206849098206,0
155821405,45,0,0.4002588093280792,0
155821947,45,0,0.4038406312465668,0
155821951,45,0,0.4030661880970001,0
155821960,45,0,0.3873431980609894,0
155821972,45,0,0.4044174551963806,0
155821979,45,0,0.393760085105896,0
155821981,45,0,0.40589746832847595,0
155822522,45,0,0.4033737778663635,0
155822523,45,0,0.4241880476474762,0
155822532,45,0,0.39313066005706787,0
155822639,45,0,0.41346102952957153,0
155822905,45,0,0.40818002820014954,0
155822906,45,0,0.38134947419166565,0
155825285,45,0,0.000669566448777914,0
155825502,45,0,0.26469171047210693,0
155826522,45,0,0.35744598507881165,0
155827051,45,0,0.7945325374603271,1
155827334,45,0,0.33176520466804504,0
155829800,45,0,0.5026952624320984,0
155829806,45,0,0.38565510511398315,0
155829808,45,0,0.3722536861896515,0
155829810,45,0,0.3873406648635864,0
155829812,45,0,0.31379202008247375,0
155829833,45,0,0.3172854483127594,0
155829839,45,0,0.35896024107933044,0
155829843,45,0,0.3891254663467407,0
155837337,45,0,0.7896868586540222,1
155837569,45,0,0.5761961936950684,0
155837578,45,0,0.3545822203159332,0
155837816,45,0,0.25868040323257446,0
155838059,45,0,0.23115992546081543,0
155838065,45,0,0.6742969155311584,1
155838096,45,0,0.8267717361450195,1
155838136,45,0,0.43974512815475464,0
155838757,45,0,0.296135812997818,0
155839033,45,0,0.6235421299934387,0
155839296,45,0,0.8356663584709167,1
155839305,45,0,0.2998977601528168,0
155839776,45,0,0.39693158864974976,0
155839784,45,0,0.25515446066856384,0
155839792,45,0,0.7328315377235413,1
155839924,45,0,0.35500654578208923,0
155840928,45,0,0.000614141405094415,0
155840940,45,0,0.34761011600494385,0
155841569,45,0,0.1523703932762146,0
155841579,45,0,0.27650564908981323,0
155841585,45,0,0.38130274415016174,0
155841637,45,0,0.3084266185760498,0
155843452,45,0,0.26053375005722046,0
155844331,45,0,0.0529593750834465,0
155846111,45,0,0.3733709156513214,0
155846439,45,0,0.4236801266670227,0
155846718,45,0,0.39517733454704285,0
155847762,45,0,0.42093363404273987,0
156006577,45,0,0.25616025924682617,0
156012877,45,0,0.8272136449813843,1
156016426,45,0,0.6945425271987915,1
156017039,45,0,0.17503027617931366,0
156017377,45,0,0.45224833488464355,0
156017380,45,0,0.903403103351593,1
156029378,45,0,0.405708909034729,0
156032172,45,0,0.3607107400894165,0
156038802,45,0,0.5154765248298645,0
156043138,45,0,0.50382000207901,0
156043682,45,0,0.398873507976532,0
156044096,45,0,0.4405844509601593,0
156045204,45,0,0.3622001111507416,0
156045694,45,0,0.3776299059391022,0
156046083,45,0,0.39157813787460327,0
156046263,45,0,0.36920708417892456,0
156046273,45,0,0.39988085627555847,0
156046286,45,0,0.39755621552467346,0
156047575,45,0,0.6255407333374023,0
156047577,45,0,0.6466931700706482,0
156047693,45,0,0.773289144039154,1
156047939,45,0,0.4343879520893097,0
156048060,45,0,0.38859254121780396,0
156049909,45,0,0.859889030456543,1
156055015,45,0,0.4871671497821808,0
156055502,45,0,0.5144046545028687,0
156056294,45,0,0.3612082302570343,0
156056739,45,0,0.6164957880973816,0
156058472,45,0,0.8766639232635498,1
156058477,45,0,0.8994163274765015,1
156058484,45,0,0.8654260039329529,1
156058489,45,0,0.4513648748397827,0
156058497,45,0,0.5747902989387512,0
156061271,45,0,0.46987858414649963,0
156061441,45,0,0.2875288724899292,0
156061887,45,0,0.40255898237228394,0
156061888,45,0,0.45601731538772583,0
156061891,45,0,0.3745483160018921,0
156061901,45,0,0.3087790012359619,0
156062272,45,0,0.5025832653045654,0
156062609,45,0,0.5327810049057007,0
156062954,45,0,0.6370915174484253,0
156063345,45,0,0.21004685759544373,0
156065491,45,0,0.3851824998855591,0
156065783,45,0,0.48806655406951904,0
156065788,45,0,0.33990469574928284,0
156065791,45,0,0.4603382647037506,0
156066467,45,0,0.14283110201358795,0
156068000,45,0,0.7363919615745544,1
156068607,45,0,0.8086957335472107,1
156074235,45,0,0.1844390481710434,0
156074278,45,0,0.3934444785118103,0
156076560,45,0,0.6349047422409058,0
156076675,45,0,0.39084726572036743,0
156077583,45,0,0.43474337458610535,0
156078089,45,0,0.35941043496131897,0
156080080,45,0,0.7617220282554626,1
156080344,45,0,0.5307398438453674,0
156080353,45,0,0.39746370911598206,0
156080655,45,0,0.4438157081604004,0
156081041,45,0,0.3328356444835663,0
156082481,45,0,0.12815341353416443,0
156082918,45,0,0.3714267313480377,0
156088151,45,0,0.9071556329727173,1
156088154,45,0,0.7996926307678223,1
156098289,45,0,0.6971628665924072,1
156100022,45,0,0.33428052067756653,0
156101666,45,0,0.24039076268672943,0
156103984,45,0,0.31230220198631287,0
156104943,45,0,0.4788411259651184,0
156106259,45,0,0.41664552688598633,0
156106498,45,0,0.40301573276519775,0
156106772,45,0,0.4165560305118561,0
156110781,45,0,0.4858449101448059,0
156112934,45,0,0.5063708424568176,0
156115112,45,0,0.5019343495368958,0
156116311,45,0,0.42456069588661194,0
156116440,45,0,0.561830997467041,0
156120830,45,0,0.36395102739334106,0
156122025,45,0,0.6749441623687744,1
156126098,45,0,0.4762483537197113,0
156126106,45,0,0.5405376553535461,0
156126129,45,0,0.6622906923294067,0
156126488,45,0,0.6760268807411194,1
156126494,45,0,0.47593212127685547,0
156126503,45,0,0.6025398969650269,0
156126511,45,0,0.5670962333679199,0
156126515,45,0,0.4432700276374817,0
156126516,45,0,0.6754801869392395,1
156132178,45,0,0.3200075626373291,0
156138154,45,0,0.2276351898908615,0
156140081,45,0,0.676270604133606,1
156140152,45,0,0.38232988119125366,0
156141603,45,0,0.3213930130004883,0
156141938,45,0,0.3900292217731476,0
156141979,45,0,0.3805367648601532,0
156142328,45,0,0.3688410222530365,0
156142358,45,0,0.31287914514541626,0
156142375,45,0,0.6697828769683838,0
156143463,45,0,0.3628762364387512,0
156143950,45,0,0.35786470770835876,0
156143966,45,0,0.3523842692375183,0
156144098,45,0,0.37344038486480713,0
156144440,45,0,0.3837202489376068,0
156145203,45,0,0.3309825658798218,0
156145620,45,0,0.7001516819000244,1
156145679,45,0,0.4009535014629364,0
156145708,45,0,0.5482742190361023,0
156145942,45,0,0.7138456106185913,1
156150196,45,0,0.8199788331985474,1
156150996,45,0,0.3691743016242981,0
156152340,45,0,0.8065134882926941,1
156156054,45,0,0.5134695768356323,0
156157692,45,0,0.466513454914093,0
156160423,45,0,0.43088212609291077,0
156160565,45,0,0.5632622241973877,0
156160849,45,0,0.2508731782436371,0
156163071,45,0,0.9257049560546875,1
156164972,45,0,0.5781289339065552,0
156166434,45,0,0.1915871948003769,0
156168415,45,0,0.5290932655334473,0
156168420,45,0,0.593050479888916,0
156168424,45,0,0.41616541147232056,0
156172217,45,0,0.5108775496482849,0
156172447,45,0,0.18776091933250427,0
156174496,45,0,0.742359459400177,1
156174834,45,0,0.593371570110321,0
156175593,45,0,0.42525917291641235,0
156177833,45,0,0.40429216623306274,0
156182164,45,0,0.4169875979423523,0
156186228,45,0,0.6931883096694946,1
156187320,45,0,0.2853756844997406,0
156189835,45,0,0.33799508213996887,0
156189849,45,0,0.24406465888023376,0
156189859,45,0,0.39712804555892944,0
156191956,45,0,0.6108435392379761,0
156191960,45,0,0.4929448366165161,0
156191963,45,0,0.5294330716133118,0
156191968,45,0,0.3628804087638855,0
156191973,45,0,0.4862625002861023,0
156192686,45,0,0.45711514353752136,0
156198655,45,0,0.7904877662658691,1
156200127,45,0,0.3633285462856293,0
156200358,45,0,0.3974987864494324,0
156200969,45,0,0.4884296953678131,0
156200979,45,0,0.7609999775886536,1
156202773,45,0,0.8594133853912354,1
156202786,45,0,0.4226556718349457,0
156203384,45,0,0.3031347095966339,0
156204946,45,0,0.37147703766822815,0
156206766,45,0,0.7360594272613525,1
156208282,45,0,0.6211255788803101,0
156209245,45,0,0.7875758409500122,1
156209749,45,0,0.45928382873535156,0
156209757,45,0,0.3531394898891449,0
156213093,45,0,0.2982139587402344,0
156213135,45,0,0.7086094617843628,1
156213143,45,0,0.5323070287704468,0
156213728,45,0,0.34825387597084045,0
156216298,45,0,0.4365817904472351,0
156217698,45,0,0.34975680708885193,0
156218109,45,0,0.5722943544387817,0
156218280,45,0,0.3503635823726654,0
156219832,45,0,0.3840552270412445,0
156220923,45,0,0.7489216327667236,1
156221780,45,0,0.3675495982170105,0
156223466,45,0,0.4419915974140167,0
156224738,45,0,0.381765216588974,0
156224740,45,0,0.3668542504310608,0
156224818,45,0,0.32677721977233887,0
156225054,45,0,0.8252659440040588,1
156225072,45,0,0.8615731000900269,1
156226084,45,0,0.36016902327537537,0
156227730,45,0,0.29166340827941895,0
156244580,45,0,0.3676992952823639,0
156254003,45,0,0.5765622854232788,0
156281859,45,0,0.28095191717147827,0
156281965,45,0,0.6565762162208557,0
156281968,45,0,0.7655889391899109,1
156281975,45,0,0.8054155111312866,1
156282377,45,0,0.3814115822315216,0
156282380,45,0,0.41106852889060974,0
156284724,45,0,0.38242003321647644,0
156284727,45,0,0.48167654871940613,0
156288061,45,0,0.30297762155532837,0
156289332,45,0,0.422559529542923,0
156289343,45,0,0.38339418172836304,0
156289346,45,0,0.4118501842021942,0
156290676,45,0,0.39344602823257446,0
156290748,45,0,0.44061988592147827,0
156297113,45,0,0.4080570340156555,0
156297169,45,0,0.3123064339160919,0
156299661,45,0,0.3642500936985016,0
156299668,45,0,0.3533097505569458,0
156302066,45,0,0.3801959753036499,0
156302378,45,0,0.3756764531135559,0
156302447,45,0,0.380428284406662,0
156302765,45,0,0.3755720555782318,0
156303533,45,0,0.26796841621398926,0
156305556,45,0,0.3766864240169525,0
156306821,45,0,0.37709084153175354,0
156307149,45,0,0.39535191655158997,0
156307163,45,0,0.39358359575271606,0
156307254,45,0,0.32826516032218933,0
156307670,45,0,0.26825299859046936,0
156307674,45,0,0.39305952191352844,0
156309777,45,0,0.4875583350658417,0
156313764,45,0,0.8087088465690613,1
156313815,45,0,0.00016928381228353828,0
156314754,45,0,0.5016406178474426,0
156315082,45,0,0.39482757449150085,0
156315105,45,0,0.3872857987880707,0
156316756,45,0,0.00041959990630857646,0
156316759,45,0,0.37534815073013306,0
156316761,45,0,0.17230843007564545,0
156317171,45,0,0.7797714471817017,1
156317175,45,0,0.38541820645332336,0
156317359,45,0,0.35355454683303833,0
156317549,45,0,0.7185395956039429,1
156328432,45,0,0.1546233892440796,0
156330701,45,0,0.5088815689086914,0
156341160,45,0,0.4905339777469635,0
156381357,45,0,0.8840431571006775,1
156416966,45,0,0.3962048590183258,0
156417274,45,0,0.39168214797973633,0
156421113,45,0,0.7532332539558411,1
156421150,45,0,0.6089674234390259,0
157195066,45,0,0.32483506202697754,0
157200932,45,0,0.5778522491455078,0
157226362,45,0,0.7100452184677124,1
157237317,45,0,0.586732804775238,0
157239536,45,0,0.38399916887283325,0
157243941,45,0,0.29276663064956665,0
157252863,45,0,0.8813585042953491,1
157296544,45,0,0.6709635257720947,1
157296706,45,0,0.6626592874526978,0
157296708,45,0,0.777955174446106,1
157299461,45,0,0.8630065321922302,1
157301501,45,0,0.2983757555484772,0
157320937,45,0,0.7614508271217346,1
159788486,45,0,0.8208834528923035,1
159789061,45,0,0.8326423764228821,1
160011420,45,0,0.8689157366752625,1
160105308,45,0,0.6529279947280884,0
160357717,45,0,0.3739112615585327,0
160498020,45,0,0.4095066487789154,0
160794607,45,0,0.3769514858722687,0
160799142,45,0,0.39951246976852417,0
160799511,45,0,0.37700074911117554,0
162147759,45,0,0.3840404450893402,0
162258255,45,0,0.6549529433250427,0
162500985,45,0,0.2725072503089905,0
162789184,45,0,0.6356659531593323,0
162896859,45,0,0.4082046151161194,0
162970612,45,0,0.5501416325569153,0
163047206,45,0,0.8441126942634583,1
163111740,45,0,0.6957806348800659,1
163173241,45,0,0.5915114283561707,0
163178977,45,0,0.32049694657325745,0
163181801,45,0,0.3166030943393707,0
163287839,45,0,0.3792284429073334,0
163389503,45,0,0.5551968216896057,0
163403633,45,0,0.8398982286453247,1
163403634,45,0,0.8397729396820068,1
164253290,45,0,0.3515380620956421,0
164516009,45,0,0.830794095993042,1
164649961,45,1,0.8242594599723816,1
164650348,45,0,0.644576907157898,0
164653024,45,0,0.7995924949645996,1
164653786,45,0,0.5867778658866882,0
164656998,45,0,0.32118314504623413,0
164659365,45,0,0.7233350872993469,1
164662728,45,0,0.7521852254867554,1
164662731,45,0,0.907713770866394,1
164662760,45,0,0.7716598510742188,1
164664036,45,0,0.4233902096748352,0
164672372,45,0,0.8191577792167664,1
164672681,45,0,0.819388210773468,1
164675944,45,0,0.8470600843429565,1
164676899,45,0,0.8724443316459656,1
164676983,45,0,0.6574583053588867,0
164681084,45,0,0.4212048649787903,0
164682526,45,0,0.8596035242080688,1
164686466,45,0,0.3707343637943268,0
164686469,45,0,0.2841952443122864,0
164686471,45,0,0.3948749303817749,0
164687321,45,0,0.2623940408229828,0
164687325,45,0,0.3318914771080017,0
164687670,45,0,0.3936503827571869,0
164687671,45,0,0.2659483551979065,0
164687672,45,0,0.2739134728908539,0
164687757,45,0,0.7140198945999146,1
164687876,45,0,0.3203946650028229,0
164688873,45,0,0.38620930910110474,0
164690577,45,0,0.38145509362220764,0
164695065,45,0,0.40120142698287964,0
164709792,45,0,0.37813860177993774,0
164710454,45,1,0.9305672645568848,1
164710455,45,1,0.38651931285858154,0
164710543,45,1,0.817360520362854,1
164713969,45,1,0.8750682473182678,1
164714477,45,0,0.6138446927070618,0
164714573,45,0,0.9032074809074402,1
164714577,45,0,0.4426890015602112,0
164714657,45,0,0.41261470317840576,0
164716813,45,0,0.6267563104629517,0
164750924,45,0,0.8022453784942627,1
164752998,45,0,0.8815337419509888,1
164753010,45,0,0.6839330792427063,1
164753015,45,0,0.3424815833568573,0
164753016,45,0,0.8988440036773682,1
164753018,45,0,0.7767446637153625,1
164753019,45,0,0.6646509170532227,0
164753022,45,0,0.8717002868652344,1
164753025,45,0,0.8313798904418945,1
164753185,45,0,0.7367050051689148,1
164753191,45,0,0.8733417391777039,1
164753193,45,0,0.42822298407554626,0
164753456,45,0,0.756881058216095,1
164754320,45,0,0.7383459210395813,1
164754558,45,0,0.7962514758110046,1
164754574,45,0,0.7818999886512756,1
164755142,45,0,0.7743069529533386,1
164755143,45,0,0.840772807598114,1
164756127,45,0,0.24780334532260895,0
164756189,45,0,0.6961551308631897,1
164756190,45,0,0.8374313116073608,1
164756191,45,0,0.7381100058555603,1
164756194,45,0,0.7681322693824768,1
164756195,45,0,0.9250357151031494,1
164756207,45,0,0.9086162447929382,1
164756209,45,0,0.8130829930305481,1
164756212,45,0,0.7451345920562744,1
164756216,45,0,0.8986389636993408,1
164756219,45,0,0.8047890663146973,1
164756221,45,0,0.7124313116073608,1
164756222,45,0,0.7508151531219482,1
164756224,45,0,0.760617196559906,1
164756226,45,0,0.8543540835380554,1
164756227,45,0,0.8580779433250427,1
164756228,45,0,0.8054953813552856,1
164756229,45,0,0.703086793422699,1
164756231,45,0,0.8425866961479187,1
164756234,45,0,0.4163582921028137,0
164756236,45,0,0.8088452219963074,1
164756239,45,0,0.8117055892944336,1
164757545,45,0,0.686516523361206,1
164757690,45,0,0.8303617835044861,1
164757817,45,0,0.7192887663841248,1
164757818,45,0,0.7505026459693909,1
164757821,45,0,0.7831700444221497,1
164757822,45,0,0.8156561255455017,1
164758016,45,0,0.883120059967041,1
164758019,45,0,0.3891671299934387,0
164758026,45,0,0.7757354974746704,1
164758027,45,0,0.6643055081367493,0
164758029,45,0,0.5718096494674683,0
164758030,45,0,0.733884871006012,1
164758031,45,0,0.7649222612380981,1
164758033,45,0,0.7992693185806274,1
164801474,45,0,0.595966637134552,0
164812762,45,0,0.7320471405982971,1
164839778,45,0,0.8666577935218811,1
164839927,45,0,0.2992631494998932,0
164849067,45,0,0.440128356218338,0
164849069,45,0,0.37738457322120667,0
164849071,45,0,0.7627853155136108,1
164849083,45,0,0.48483532667160034,0
164849086,45,0,0.8444750308990479,1
164849570,45,0,0.47294583916664124,0
164849578,45,0,0.8156332969665527,1
164857952,45,0,0.7863276600837708,1
164857966,45,0,0.32711800932884216,0
164857971,45,0,0.3281238079071045,0
164858025,45,0,0.3177088797092438,0
164858029,45,0,0.7271296381950378,1
164858033,45,0,0.3704741895198822,0
164858197,45,0,0.3660486936569214,0
164858248,45,0,0.3480933904647827,0
164858710,45,0,0.3796897828578949,0
164858717,45,0,0.3438794016838074,0
164861122,45,0,0.2538955807685852,0
164862487,45,0,0.6669644713401794,0
164877489,45,0,0.28333452343940735,0
164878929,45,0,0.42123404145240784,0
164879629,45,0,0.3949158787727356,0
164882344,45,0,0.3490748703479767,0
164885071,45,0,0.37538063526153564,0
164891783,45,0,0.7372205257415771,1
164891981,45,0,0.8590628504753113,1
164894136,45,0,0.7971894145011902,1
164895870,45,0,0.3760503828525543,0
164897012,45,0,0.3756474554538727,0
164898803,45,0,0.35745131969451904,0
164899719,45,0,0.3712218403816223,0
164905484,45,0,0.3716403841972351,0
164905487,45,0,0.7111246585845947,1
164905771,45,0,0.3816712200641632,0
164913439,45,0,0.6939772367477417,1
164914807,45,0,0.7606238722801208,1
164916959,45,0,0.3628951907157898,0
164920594,45,0,0.7971234917640686,1
164946541,45,0,0.8838313817977905,1
164949646,45,0,0.5216458439826965,0
164958702,45,0,0.2808767855167389,0
164964361,45,0,0.38714149594306946,0
164964365,45,0,0.34830862283706665,0
164982939,45,0,0.8959289789199829,1
165400002,45,0,0.8571633696556091,1
166327344,45,0,0.6949743032455444,1
168235520,45,0,0.693920373916626,1
168661811,45,0,0.35224077105522156,0
168666127,45,0,0.5342902541160583,0
169360875,45,0,0.6296009421348572,0
169360876,45,0,0.6294680237770081,0
169360877,45,0,0.8188135623931885,1
170455058,45,0,0.8413946628570557,1
170455064,45,0,0.804332971572876,1
171533940,45,0,0.6370278596878052,0
171566060,45,0,0.8924238085746765,1
171576743,45,0,0.7787809371948242,1
171980295,45,0,0.8505166172981262,1
172032800,45,0,0.8011844754219055,1
172173383,45,0,0.7568292021751404,1
172876581,45,0,0.9207145571708679,1
173302584,45,0,0.8931864500045776,1
173302585,45,0,0.9009014964103699,1
173502051,45,0,0.6842396259307861,1
173517961,45,0,0.9110279679298401,1
173567448,45,0,0.7833336591720581,1
173664982,45,0,0.293558806180954,0
173754103,45,0,0.5418239831924438,0
174135366,45,0,0.4990385174751282,0
174191727,45,0,0.8370529413223267,1
174229825,45,0,0.6311466693878174,0
174257020,45,0,0.8806778788566589,1
174257021,45,0,0.9068498611450195,1
174776383,45,0,0.37620189785957336,0
175057040,45,0,0.41864386200904846,0
175889036,45,0,0.750793993473053,1
178061036,45,0,0.8048815131187439,1
178061037,45,0,0.8190080523490906,1
179024802,45,0,0.8090574741363525,1
179994406,45,0,0.45740947127342224,0
180015515,45,0,0.3087901175022125,0
180288353,45,0,0.7869913578033447,1
180297331,45,0,0.6728537082672119,1
180807508,45,0,0.8671900033950806,1
180939319,45,0,0.7655467391014099,1
180939321,45,0,0.8906835317611694,1
181152908,45,0,0.895537793636322,1
181152918,45,0,0.8285959959030151,1
181166458,45,0,0.5454055070877075,0
181178950,45,0,0.5038506388664246,0
181187132,45,0,0.3719826638698578,0
181189087,45,0,0.3527211546897888,0
181190171,45,0,0.5454126596450806,0
181202082,45,0,0.45742425322532654,0
181202361,45,0,0.4556123912334442,0
181202368,45,0,0.6141382455825806,0
181203538,45,0,0.31149134039878845,0
181206807,45,0,0.36180078983306885,0
181210107,45,0,0.33660802245140076,0
181210125,45,0,0.7846236824989319,1
181320779,45,0,0.824809730052948,1
181327301,45,0,0.9084198474884033,1
181454789,45,0,0.8582196831703186,1
181470963,45,0,0.5973228812217712,0
181510819,45,0,0.8799290060997009,1
181605844,45,0,0.8362269997596741,1
181883690,45,0,0.8130377531051636,1
181949645,45,0,0.8817581534385681,1
181971595,45,0,0.8277086019515991,1
181971723,45,0,0.8011847734451294,1
181971989,45,0,0.9381879568099976,1
181972318,45,0,0.6306796073913574,0
181973011,45,0,0.8553171157836914,1
181973018,45,0,0.42606374621391296,0
181974491,45,0,0.3644867241382599,0
181975028,45,0,0.861910343170166,1
181977175,45,0,0.8486441373825073,1
181978012,45,0,0.6469146013259888,0
181978351,45,0,0.7795839905738831,1
181978358,45,0,0.8115128874778748,1
181978385,45,0,0.5014187693595886,0
181978788,45,0,0.4514724910259247,0
181979139,45,0,0.8956184983253479,1
181979460,45,0,0.6279619932174683,0
181979463,45,0,0.8577569127082825,1
181980438,45,0,0.6643494367599487,0
181980445,45,0,0.9445163011550903,1
181980967,45,0,0.3310277760028839,0
181981262,45,0,0.8384986519813538,1
181981283,45,0,0.7308806777000427,1
181981290,45,0,0.8208513259887695,1
181981305,45,0,0.6877720355987549,1
181981499,45,0,0.9078739285469055,1
181981518,45,0,0.6308292150497437,0
181981520,45,0,0.7668605446815491,1
181982228,45,0,0.881028413772583,1
181982550,45,0,0.7771493792533875,1
181982568,45,0,0.704517662525177,1
181982571,45,0,0.3804375231266022,0
181982828,45,0,0.9211658835411072,1
181982834,45,0,0.8921657204627991,1
181982846,45,0,0.9185465574264526,1
181983550,45,0,0.8819729685783386,1
181983566,45,0,0.7757943868637085,1
181983870,45,0,0.423848420381546,0
181984853,45,0,0.8836211562156677,1
181985259,45,0,0.8543907403945923,1
181985624,45,0,0.4133186638355255,0
181986329,45,0,0.7857304215431213,1
181986652,45,0,0.7796065211296082,1
181988302,45,0,0.8704063296318054,1
181988315,45,0,0.717937707901001,1
181988804,45,0,0.8837835192680359,1
181988893,45,0,0.7296134233474731,1
181988914,45,0,0.5574105978012085,0
181990740,45,0,0.7247028350830078,1
181991817,45,0,0.572559654712677,0
181994695,45,0,0.8083040714263916,1
181995815,45,0,0.8700985312461853,1
181995819,45,0,0.8609270453453064,1
181995824,45,0,0.5878020524978638,0
181995828,45,0,0.8707755208015442,1
181995843,45,0,0.687857449054718,1
181997193,45,0,0.6955640316009521,1
181997920,45,0,0.8326041102409363,1
181998588,45,0,0.8855530023574829,1
181999820,45,0,0.645271897315979,0
182000101,45,0,0.9093369841575623,1
182000112,45,0,0.74745112657547,1
182000392,45,0,0.8583881855010986,1
182000458,45,0,0.8309926986694336,1
182000469,45,0,0.8581447005271912,1
182000683,45,0,0.9261777997016907,1
182001085,45,0,0.4268213212490082,0
182001086,45,0,0.5552588701248169,0
182001350,45,0,0.7598502039909363,1
182001839,45,0,0.8409114480018616,1
182002396,45,0,0.953096330165863,1
182002409,45,0,0.8968779444694519,1
182002411,45,0,0.8766106367111206,1
182002419,45,0,0.8096221089363098,1
182002456,45,0,0.8505675196647644,1
182002459,45,0,0.6543852686882019,0
182002736,45,0,0.8228979706764221,1
182002742,45,0,0.8281299471855164,1
182002751,45,0,0.7232213020324707,1
182003162,45,0,0.8452299237251282,1
182004205,45,0,0.5945833325386047,0
182004632,45,0,0.8310538530349731,1
182004653,45,0,0.9059345722198486,1
182006745,45,0,0.71571946144104,1
113780,46,0,0.43144533038139343,0
642998,46,0,0.4042545258998871,0
860310,46,0,0.45825591683387756,0
862692,46,0,0.7651790976524353,1
1314792,46,0,0.5934926271438599,0
1314835,46,0,0.4625530540943146,0
1314836,46,0,0.6018308401107788,0
1315478,46,0,0.29372838139533997,0
1315771,46,0,0.3984997868537903,0
2256959,46,0,0.8889551758766174,1
2947436,46,0,0.047380074858665466,0
3509407,46,0,0.14638812839984894,0
3586915,46,0,0.3159414529800415,0
3607094,46,0,0.3112218677997589,0
3641234,46,0,0.2793729901313782,0
3990007,46,0,0.7007541060447693,1
4992401,46,0,0.1720561534166336,0
5162648,46,0,0.34480786323547363,0
5581060,46,0,0.35563966631889343,0
5616306,46,0,0.06636465340852737,0
5944784,46,0,0.20057877898216248,0
6013421,46,0,0.29294276237487793,0
6243943,46,0,0.058448173105716705,0
6243976,46,0,0.07729189097881317,0
6244017,46,0,0.05987014248967171,0
6244808,46,0,0.19442333281040192,0
6245237,46,0,0.33204758167266846,0
6341153,46,0,0.37411850690841675,0
6417015,46,0,0.6033068895339966,0
6629462,46,0,0.05715922266244888,0
7218008,46,0,0.35036247968673706,0
7578699,46,0,0.5281983017921448,0
7591549,46,0,0.36319318413734436,0
7592802,46,0,0.4990183413028717,0
7592815,46,0,0.43038710951805115,0
7597019,46,0,0.2497907280921936,0
7597463,46,0,0.3240055441856384,0
7877502,46,0,0.3297636806964874,0
7981490,46,0,0.26324164867401123,0
7984087,46,0,0.437934935092926,0
7984089,46,0,0.4634582996368408,0
7984090,46,0,0.42225587368011475,0
7984091,46,0,0.348670095205307,0
8007690,46,0,0.21258540451526642,0
8159507,46,0,0.10314875841140747,0
8180021,46,0,0.5525966286659241,0
9822768,46,0,0.43234550952911377,0
10350720,46,0,0.32849738001823425,0
10825262,46,0,0.31379279494285583,0
12537161,46,0,0.25207528471946716,0
12959844,46,0,0.2695220112800598,0
13472060,46,0,0.55088871717453,0
13526993,46,0,0.3654206395149231,0
13636442,46,0,0.3250548541545868,0
13678523,46,0,0.34570959210395813,0
13679280,46,0,0.3204922080039978,0
13835610,46,0,0.3471775949001312,0
14090138,46,0,0.12116988003253937,0
14096109,46,0,0.22565652430057526,0
14112275,46,0,0.28204041719436646,0
14913694,46,0,0.5182124376296997,0
14950377,46,0,0.04511384293437004,0
14950809,46,0,0.3900502324104309,0
14952201,46,0,0.25348275899887085,0
14952222,46,0,0.09247007966041565,0
14972558,46,0,0.3900396227836609,0
14993946,46,0,0.6068578362464905,0
15365487,46,0,0.5679571032524109,0
15629037,46,0,0.5001795291900635,0
15629510,46,0,0.29541030526161194,0
15667547,46,0,0.6993402242660522,1
15814250,46,0,0.39390650391578674,0
15913585,46,0,0.3158870339393616,0
15984207,46,0,0.09025319665670395,0
16478142,46,0,0.3040432631969452,0
16542124,46,0,0.8739373087882996,1
16913271,46,0,0.4080730080604553,0
16915265,46,0,0.36897918581962585,0
16915664,46,0,0.6173298954963684,0
16916395,46,0,0.4707881212234497,0
16916513,46,0,0.3984684944152832,0
16993937,46,0,0.5031458139419556,0
19210463,46,0,0.0802549496293068,0
20006516,46,0,0.17305155098438263,0
21541678,46,0,0.4387640058994293,0
21542091,46,0,0.4094127118587494,0
21783643,46,0,0.3126802444458008,0
21785013,46,0,0.36820194125175476,0
21785855,46,0,0.10467754304409027,0
21911936,46,0,0.10762429982423782,0
22203150,46,0,0.27799081802368164,0
22203381,46,0,0.37077096104621887,0
22204803,46,0,0.27811190485954285,0
22205367,46,0,0.1421716809272766,0
22650864,46,0,0.4231312870979309,0
24453586,46,0,0.4014701545238495,0
24522913,46,0,0.7586935758590698,1
25456425,46,0,0.8608853220939636,1
25634495,46,0,0.8005316853523254,1
27031253,46,0,0.33713990449905396,0
29243157,46,0,0.035975903272628784,0
29454726,46,0,0.18812216818332672,0
30348305,46,0,0.7952861785888672,1
30526323,46,0,0.8626312017440796,1
31273765,46,0,0.24770697951316833,0
31409359,46,0,0.26800671219825745,0
31557301,46,0,0.5143378973007202,0
31580372,46,0,0.39127904176712036,0
32330985,46,0,0.7884512543678284,1
32998848,46,0,0.2726418972015381,0
33446037,46,0,0.581196665763855,0
34137293,46,0,0.8555589914321899,1
34786829,46,0,0.7446520328521729,1
35628304,46,0,0.3767070472240448,0
35650042,46,0,0.33913493156433105,0
36709781,46,0,0.45866623520851135,0
36882666,46,0,0.4958619773387909,0
37710737,46,0,0.3436271846294403,0
37967815,46,0,0.8613460659980774,1
38200326,46,0,0.34642505645751953,0
38741913,46,0,0.5629878640174866,0
39220656,46,0,0.17810951173305511,0
39422017,46,0,0.7449474930763245,1
40387777,46,0,0.512137234210968,0
40734618,46,0,0.17629306018352509,0
40906110,46,0,0.5169963836669922,0
41187779,46,0,0.7579215168952942,1
43351875,46,0,0.7662831544876099,1
43649029,46,0,0.4516794979572296,0
44118784,46,0,0.5767245292663574,0
44517537,46,0,0.49762317538261414,0
44780814,46,0,0.4166822135448456,0
45521355,46,0,0.3860182464122772,0
45521358,46,0,0.36826789379119873,0
45956936,46,0,0.7987993955612183,1
46047725,46,0,0.8380927443504333,1
46950741,46,0,0.38434895873069763,0
46950744,46,0,0.36711347103118896,0
48285886,46,0,0.3815484941005707,0
48342473,46,0,0.43239784240722656,0
48346142,46,0,0.02786453440785408,0
48350949,46,0,0.5702495574951172,0
48428950,46,0,0.7386764883995056,1
48535465,46,0,0.8608309030532837,1
48593138,46,0,0.4953662157058716,0
48811587,46,0,0.844476044178009,1
49315950,46,0,0.2846783697605133,0
49940238,46,0,0.3477622866630554,0
49970556,46,0,0.5498666167259216,0
50383542,46,0,0.517169713973999,0
50434018,46,0,0.47856462001800537,0
52811306,46,0,0.5497264266014099,0
53738696,46,0,0.42329269647598267,0
55601897,46,0,0.13422003388404846,0
56147299,46,0,0.6907227039337158,1
58191203,46,0,0.37051746249198914,0
59080968,46,0,0.643837034702301,0
59080978,46,0,0.14088985323905945,0
59086131,46,0,0.4524098038673401,0
59215037,46,0,0.5501394867897034,0
60617667,46,0,0.1263861209154129,0
60768955,46,0,0.3820730745792389,0
61304091,46,0,0.3364230692386627,0
65000360,46,0,0.6234003901481628,0
66418607,46,0,0.23857830464839935,0
66418610,46,0,0.5009326338768005,0
66418611,46,0,0.4702627956867218,0
66418612,46,0,0.47342291474342346,0
66418920,46,0,0.3913668990135193,0
66418992,46,0,0.34685972332954407,0
66419090,46,0,0.28340622782707214,0
66419091,46,0,0.4384360909461975,0
66419170,46,0,0.3773917555809021,0
66419172,46,0,0.20310688018798828,0
66419173,46,0,0.5025192499160767,0
66419194,46,0,0.38290953636169434,0
66419199,46,0,0.218873530626297,0
66419260,46,0,0.2961229681968689,0
66420365,46,0,0.5882948040962219,0
66420374,46,0,0.4281734526157379,0
66420538,46,0,0.6240130662918091,0
66420548,46,0,0.3009449541568756,0
66420562,46,0,0.5992067456245422,0
66420571,46,0,0.5794377326965332,0
66420576,46,0,0.35010284185409546,0
66420588,46,0,0.3719271123409271,0
66420801,46,0,0.38207167387008667,0
66420805,46,0,0.15758338570594788,0
66420812,46,0,0.3901250660419464,0
66420814,46,0,0.37895667552948,0
66420815,46,0,0.5735529065132141,0
66420816,46,0,0.38141146302223206,0
66420824,46,0,0.2945307195186615,0
66420987,46,0,0.39783066511154175,0
66421580,46,0,0.2631396949291229,0
66421736,46,0,0.3721565306186676,0
66421741,46,0,0.3013431429862976,0
66421744,46,0,0.22922679781913757,0
66421745,46,0,0.39366617798805237,0
66421754,46,0,0.31249886751174927,0
66421761,46,0,0.4878564774990082,0
66421915,46,0,0.38761627674102783,0
66421930,46,0,0.3007662892341614,0
66421959,46,0,0.593461275100708,0
66421968,46,0,0.6190609335899353,0
66421983,46,0,0.6319829821586609,0
66421987,46,0,0.6858941912651062,1
66422101,46,0,0.42597880959510803,0
66422104,46,0,0.5187208652496338,0
66422110,46,0,0.39837706089019775,0
66422365,46,0,0.6104428172111511,0
66422371,46,0,0.4661957919597626,0
66422375,46,0,0.4753287732601166,0
66422391,46,0,0.611243486404419,0
66422823,46,0,0.5423646569252014,0
66422866,46,0,0.42308151721954346,0
66422868,46,0,0.4830400049686432,0
66423013,46,0,0.31984663009643555,0
66423022,46,0,0.5513625144958496,0
66423046,46,0,0.5968390107154846,0
66423057,46,0,0.6151071190834045,0
66423059,46,0,0.5809686183929443,0
66423232,46,0,0.33484068512916565,0
66423427,46,0,0.3929607570171356,0
66423630,46,0,0.46849164366722107,0
66423833,46,0,0.16823798418045044,0
66424056,46,0,0.6840543746948242,1
66424061,46,0,0.6043612360954285,0
66424100,46,0,0.31897032260894775,0
66424105,46,0,0.6044579148292542,0
66424296,46,0,0.5538485646247864,0
66424503,46,0,0.6569697856903076,0
66425212,46,0,0.5959210395812988,0
66426338,46,0,0.4195025861263275,0
66426364,46,0,0.5243926644325256,0
66426611,46,0,0.6260022521018982,0
66426847,46,0,0.41194722056388855,0
66426860,46,0,0.623445987701416,0
66427066,46,0,0.4984827935695648,0
66427086,46,0,0.7257358431816101,1
66427463,46,0,0.44587060809135437,0
66427513,46,0,0.5024625062942505,0
66427664,46,0,0.4557859003543854,0
66427749,46,0,0.44885173439979553,0
66427878,46,0,0.3815688490867615,0
66427930,46,0,0.6670632362365723,0
66428401,46,0,0.628960907459259,0
66428705,46,0,0.457620769739151,0
66428717,46,0,0.1554967314004898,0
66428738,46,0,0.5401740670204163,0
66428743,46,0,0.5329329967498779,0
66428911,46,0,0.6271921992301941,0
66428942,46,0,0.4488365650177002,0
66429160,46,0,0.2672954201698303,0
66429167,46,0,0.38608527183532715,0
66429170,46,0,0.4908660352230072,0
66429648,46,0,0.2987729609012604,0
66429650,46,0,0.29572874307632446,0
66429916,46,0,0.47736820578575134,0
66429923,46,0,0.7284393906593323,1
66430526,46,0,0.49228399991989136,0
66430527,46,0,0.2996821999549866,0
66430701,46,0,0.6460762023925781,0
66430704,46,0,0.5934039950370789,0
66430709,46,0,0.44878244400024414,0
66432746,46,0,0.6071957349777222,0
66435532,46,0,0.1914644092321396,0
66435614,46,0,0.3392575681209564,0
66436274,46,0,0.6321530938148499,0
66437434,46,0,0.8251047134399414,1
66437606,46,0,0.37016943097114563,0
66437629,46,0,0.10898682475090027,0
66437630,46,0,0.8092775940895081,1
66437997,46,0,0.6834032535552979,1
66438003,46,0,0.10932217538356781,0
66438007,46,0,0.5728877186775208,0
66438008,46,0,0.7959652543067932,1
66438035,46,0,0.6722854375839233,1
66438045,46,0,0.21875320374965668,0
66438047,46,0,0.34723082184791565,0
66438048,46,0,0.8717095851898193,1
66438255,46,0,0.2714657485485077,0
66438398,46,0,0.3115506172180176,0
66438399,46,0,0.743331253528595,1
66438401,46,0,0.37694114446640015,0
66439429,46,0,0.764545738697052,1
66439433,46,0,0.8313489556312561,1
66440734,46,0,0.38527733087539673,0
66440913,46,0,0.3284863233566284,0
66441566,46,0,0.4063766896724701,0
66441574,46,0,0.41706550121307373,0
66442559,46,0,0.27279847860336304,0
66447544,46,0,0.8248280882835388,1
66447548,46,0,0.7565039992332458,1
66447754,46,0,0.05805123597383499,0
66447964,46,0,0.38638582825660706,0
66447967,46,0,0.4054569602012634,0
66448112,46,0,0.5621055960655212,0
66457149,46,0,0.3946285545825958,0
66457389,46,0,0.6054713129997253,0
66464301,46,0,0.4097631871700287,0
66465234,46,0,0.45488449931144714,0
66474773,46,0,0.5187011957168579,0
66520942,46,0,0.8901802897453308,1
66522249,46,0,0.5923386216163635,0
66522453,46,0,0.685248076915741,1
66525811,46,0,0.6106089353561401,0
66525815,46,0,0.4497119188308716,0
66565043,46,0,0.44191232323646545,0
67001612,46,0,0.5339031219482422,0
67749446,46,0,0.6428162455558777,0
70672702,46,0,0.4082373380661011,0
72570642,46,0,0.8555458188056946,1
72869460,46,0,0.6949326395988464,1
72869690,46,0,0.38606077432632446,0
74195778,46,0,0.8858314156532288,1
75078587,46,1,0.34539294242858887,0
75419743,46,0,0.36706310510635376,0
78087451,46,0,0.8992961049079895,1
78882623,46,0,0.5148727893829346,0
79244550,46,0,0.6700620055198669,1
79365126,46,0,0.5632702708244324,0
79393396,46,0,0.32687556743621826,0
80119141,46,0,0.5415626764297485,0
80119175,46,0,0.5792650580406189,0
80406543,46,0,0.5704561471939087,0
80728293,46,0,0.3775007128715515,0
81026701,46,0,0.7135840058326721,1
81726621,46,0,0.3888741135597229,0
82296271,46,0,0.37375113368034363,0
83399487,46,0,0.6381048560142517,0
84256457,46,0,0.4554870128631592,0
84371036,46,0,0.5156841278076172,0
85079055,46,0,0.5891639590263367,0
87021023,46,0,0.40731656551361084,0
87172265,46,0,0.8029433488845825,1
87732051,46,0,0.9063903093338013,1
87766870,46,0,0.9196121096611023,1
88021508,46,0,0.47378113865852356,0
89376781,46,0,0.755591869354248,1
95641017,46,0,0.40540069341659546,0
97280909,46,0,0.49517545104026794,0
99887258,46,0,0.4925624132156372,0
104000053,46,0,0.5614354014396667,0
105097056,46,0,0.5442419648170471,0
109165316,46,0,0.4082570970058441,0
109179805,46,0,0.48390766978263855,0
110963409,46,0,0.18154196441173553,0
111171925,46,0,0.6618025302886963,0
111690202,46,0,0.5901052355766296,0
115786408,46,0,0.4573558568954468,0
116476641,46,0,0.5543944835662842,0
116511766,46,0,0.7624672055244446,1
118535800,46,0,0.5785582065582275,0
118874815,46,0,0.40535688400268555,0
120324917,46,0,0.3855721056461334,0
120480994,46,0,0.45664820075035095,0
120609415,46,0,0.8463570475578308,1
121739591,46,0,0.3065115809440613,0
123149957,46,0,0.2920188307762146,0
125969180,46,0,0.5018154978752136,0
126819049,46,0,0.5397156476974487,0
133876531,46,0,0.24408617615699768,0
138297866,46,0,0.4767557978630066,0
139157675,46,0,0.37622490525245667,0
141223547,46,0,0.5459256768226624,0
146898750,46,0,0.6030465960502625,0
170773113,46,0,0.5131139159202576,0
172563851,46,0,0.751418948173523,1
174906625,46,0,0.40189507603645325,0
175460621,46,0,0.4191959798336029,0
177966468,46,0,0.5530989766120911,0
187254716,46,0,0.4315566122531891,0
187407716,46,0,0.5902788639068604,0
191828721,46,0,0.5243889689445496,0
191870464,46,0,0.4680517017841339,0
192718359,46,0,0.4579993486404419,0
194332374,46,0,0.3875533640384674,0
194332599,46,0,0.554568350315094,0
194333181,46,0,0.8183135390281677,1
194333523,46,0,0.38879120349884033,0
194333604,46,0,0.9214850068092346,1
194334240,46,0,0.3157736361026764,0
194335151,46,0,0.37980422377586365,0
194335254,46,0,0.4589955508708954,0
194336453,46,0,0.40918058156967163,0
194336486,46,0,0.38515859842300415,0
194336530,46,0,0.8407042026519775,1
194336630,46,0,0.37798458337783813,0
194337647,46,0,0.9163724184036255,1
194337658,46,0,0.6084335446357727,0
194338137,46,0,0.46034473180770874,0
194341512,46,0,0.7148995995521545,1
194341524,46,0,0.2721734941005707,0
194341864,46,0,0.2825241684913635,0
194342024,46,0,0.8281035423278809,1
194342201,46,0,0.7735384106636047,1
194342266,46,0,0.40103477239608765,0
194342283,46,0,0.4004450738430023,0
194342287,46,0,0.42183393239974976,0
194342423,46,0,0.39940136671066284,0
194343372,46,0,0.6892699599266052,1
194343386,46,0,0.3840291202068329,0
194343641,46,0,0.4078652262687683,0
194343771,46,0,0.3895236551761627,0
194343789,46,0,0.3901461064815521,0
194343804,46,0,0.40120187401771545,0
194343808,46,0,0.3962271809577942,0
194343823,46,0,0.3912853002548218,0
194343827,46,0,0.38918283581733704,0
194344198,46,0,0.3956778943538666,0
194344206,46,0,0.3916591703891754,0
194344215,46,0,0.36485832929611206,0
194344401,46,0,0.47351589798927307,0
194344660,46,0,0.3947800099849701,0
194344741,46,0,0.4026651978492737,0
194346782,46,0,0.878146231174469,1
194347194,46,0,0.5881995558738708,0
194347223,46,0,0.4549270272254944,0
194348576,46,0,0.5477629899978638,0
194349647,46,0,0.4730178415775299,0
194350837,46,0,0.4519602358341217,0
194375596,46,0,0.840808629989624,1
194375616,46,0,0.5141469836235046,0
194375634,46,0,0.8212538361549377,1
194375950,46,0,0.5133393406867981,0
194376081,46,0,0.3853800594806671,0
194376117,46,0,0.38214734196662903,0
194376455,46,0,0.3934366703033447,0
194376478,46,0,0.518578827381134,0
194376485,46,0,0.3940451741218567,0
194376501,46,0,0.4780542254447937,0
194376506,46,0,0.38339000940322876,0
194378081,46,0,0.3790697157382965,0
194378535,46,0,0.6829900741577148,1
194378698,46,0,0.37485167384147644,0
194381494,46,0,0.9109371304512024,1
195419049,46,0,0.40508896112442017,0
195419053,46,0,0.4771904945373535,0
195419435,46,0,0.504090428352356,0
195419474,46,0,0.37374386191368103,0
195419479,46,0,0.5791181325912476,0
195419512,46,0,0.3522295653820038,0
195419540,46,0,0.40426012873649597,0
195419583,46,0,0.5768429636955261,0
195419589,46,0,0.4582650661468506,0
195419596,46,0,0.4166525900363922,0
195419599,46,0,0.4737429916858673,0
195419622,46,0,0.6238011121749878,0
195419623,46,0,0.38122159242630005,0
195419629,46,0,0.5263317227363586,0
195419643,46,0,0.6603429317474365,0
195419659,46,0,0.3099052906036377,0
195419662,46,0,0.5284826159477234,0
195419665,46,0,0.3368825316429138,0
195419687,46,0,0.523283839225769,0
195419750,46,0,0.3789357841014862,0
195419751,46,0,0.3998364806175232,0
195420415,46,0,0.3925561308860779,0
195420417,46,0,0.37970951199531555,0
195421106,46,0,0.4346712827682495,0
195421116,46,0,0.4758274555206299,0
195421119,46,0,0.2496873438358307,0
195421130,46,0,0.35754430294036865,0
195421132,46,0,0.386718213558197,0
195421134,46,0,0.28033608198165894,0
195421152,46,0,0.8456627130508423,1
195421162,46,0,0.3143709897994995,0
195421707,46,0,0.8481131792068481,1
195421718,46,0,0.3367633521556854,0
195422373,46,0,0.8735482692718506,1
195422450,46,0,0.3712907135486603,0
195424038,46,0,0.48420682549476624,0
195426630,46,0,0.8375805020332336,1
195426635,46,0,0.46574708819389343,0
195426636,46,0,0.606315016746521,0
195426637,46,0,0.9135079383850098,1
195426929,46,0,0.735446572303772,1
195426930,46,0,0.7106621861457825,1
195427104,46,0,0.4531829059123993,0
195428168,46,0,0.631073534488678,0
195428179,46,0,0.8691815733909607,1
195428305,46,0,0.8077331781387329,1
195428306,46,0,0.8350454568862915,1
195428309,46,0,0.8394325971603394,1
195428311,46,0,0.7738839983940125,1
195428316,46,0,0.9067869186401367,1
195428317,46,0,0.9165542721748352,1
195428318,46,0,0.6353583931922913,0
195428319,46,0,0.889213502407074,1
195428900,46,0,0.8416904807090759,1
195428902,46,0,0.8375673294067383,1
195428903,46,0,0.830792248249054,1
195428904,46,0,0.8827869296073914,1
195429515,46,0,0.8408606052398682,1
195429518,46,0,0.6753932237625122,1
195429521,46,0,0.5138309001922607,0
195429583,46,0,0.7875692248344421,1
195429584,46,0,0.8227310180664062,1
195429588,46,0,0.7562870979309082,1
195429592,46,0,0.7275395393371582,1
195429817,46,0,0.8700457811355591,1
195429883,46,0,0.8310965895652771,1
195429885,46,0,0.8685526251792908,1
195429886,46,0,0.742973268032074,1
195429936,46,0,0.8846803307533264,1
195436530,46,0,0.4455530047416687,0
195436739,46,0,0.6747385859489441,1
195436746,46,0,0.5844170451164246,0
195436769,46,0,0.7857096791267395,1
195436934,46,0,0.35235127806663513,0
195437077,46,0,0.338213175535202,0
195437101,46,0,0.3236202001571655,0
195437269,46,0,0.3353630006313324,0
195437272,46,0,0.39953386783599854,0
195437280,46,0,0.4232333302497864,0
195437282,46,0,0.3349650204181671,0
195437283,46,0,0.4985678791999817,0
195437286,46,0,0.37064722180366516,0
195437297,46,0,0.5898668169975281,0
195437303,46,0,0.6395222544670105,0
195437311,46,0,0.3113614618778229,0
195437318,46,0,0.5113843679428101,0
195437322,46,0,0.2963272035121918,0
195437332,46,0,0.37731778621673584,0
195437391,46,0,0.36911243200302124,0
195437399,46,0,0.5188415050506592,0
195437423,46,0,0.6684921979904175,0
195438424,46,0,0.3662542700767517,0
195438513,46,0,0.6321737766265869,0
195438810,46,0,0.45557916164398193,0
195439221,46,0,0.7681737542152405,1
195440360,46,0,0.908714234828949,1
195440365,46,0,0.5769551396369934,0
195440366,46,0,0.36177927255630493,0
195440367,46,0,0.4921720027923584,0
195440415,46,0,0.5497515201568604,0
195440419,46,0,0.5235086679458618,0
195440440,46,0,0.3941172659397125,0
195440489,46,0,0.6634973287582397,0
195440506,46,0,0.31779780983924866,0
195440515,46,0,0.5102055668830872,0
195440729,46,0,0.45306357741355896,0
195440736,46,0,0.4023284614086151,0
195440751,46,0,0.3586258292198181,0
195440754,46,0,0.3378981351852417,0
195440756,46,0,0.43616828322410583,0
195440805,46,0,0.7691512107849121,1
195440807,46,0,0.5379570722579956,0
195440832,46,0,0.510509192943573,0
195440849,46,0,0.3399001955986023,0
195440861,46,0,0.4555659890174866,0
195440862,46,0,0.5467178225517273,0
195440866,46,0,0.8452423214912415,1
195440903,46,0,0.7628573775291443,1
195441370,46,0,0.360288143157959,0
195441679,46,0,0.39854687452316284,0
195441720,46,0,0.6232767105102539,0
195441763,46,0,0.7081830501556396,1
195441980,46,0,0.4888221323490143,0
195442209,46,0,0.40534836053848267,0
195449419,46,0,0.5328143239021301,0
195449994,46,0,0.360501766204834,0
195451220,46,0,0.4048520028591156,0
195451869,46,0,0.7878286242485046,1
195451909,46,0,0.39119499921798706,0
195452151,46,0,0.3897884786128998,0
195452570,46,0,0.722859263420105,1
195490427,46,0,0.7148221135139465,1
195490638,46,0,0.5073229074478149,0
195498014,46,0,0.7237032651901245,1
195498457,46,0,0.10735403001308441,0
195498690,46,0,0.43948277831077576,0
195500413,46,0,0.5062554478645325,0
195503362,46,0,0.8525465726852417,1
195503827,46,0,0.29442474246025085,0
195535414,46,0,0.516142725944519,0
195543816,46,0,0.42661190032958984,0
195543834,46,0,0.2743477523326874,0
195545072,46,0,0.4349938631057739,0
195545082,46,0,0.4106641709804535,0
195566114,46,0,0.5079081058502197,0
195569080,46,0,0.5816330909729004,0
195569888,46,0,0.45684242248535156,0
195576419,46,0,0.859872579574585,1
195576681,46,0,0.4879390001296997,0
195576683,46,0,0.750004231929779,1
195576685,46,0,0.6905958652496338,1
195583206,46,0,0.673095703125,1
195583664,46,0,0.7617667317390442,1
195599243,46,0,0.38393306732177734,0
195622265,46,0,0.1713670790195465,0
195626745,46,0,0.35261601209640503,0
195640626,46,0,0.18829424679279327,0
195648047,46,0,0.5599286556243896,0
195654304,46,0,0.5185848474502563,0
195654305,46,0,0.5028619766235352,0
195777697,46,0,0.7633203864097595,1
195784816,46,0,0.327863484621048,0
196088629,46,0,0.473460853099823,0
196089039,46,0,0.1890127956867218,0
196089283,46,0,0.00016461354971397668,0
196089284,46,0,3.463114990154281e-05,0
196089385,46,0,0.4542461037635803,0
196089403,46,0,0.9540285468101501,1
196089649,46,0,0.8814073801040649,1
196089650,46,0,0.6670753359794617,0
196089710,46,0,0.31579795479774475,0
196089787,46,0,0.639542818069458,0
196089923,46,0,0.7294952869415283,1
196089959,46,0,0.8580593466758728,1
196090052,46,0,0.3841095268726349,0
196090350,46,0,0.7503674626350403,1
196090511,46,0,0.833607017993927,1
196090570,46,0,0.4014342725276947,0
196090624,46,0,0.8325656056404114,1
196090749,46,0,0.613640546798706,0
196090876,46,0,0.6626105904579163,0
196091186,46,0,0.9287589192390442,1
196091211,46,0,0.9012437462806702,1
196091433,46,0,0.8463678359985352,1
196091453,46,0,0.26852235198020935,0
196091565,46,0,0.40972083806991577,0
196091566,46,0,0.38341787457466125,0
196091571,46,0,0.2752755284309387,0
196092009,46,0,0.5593769550323486,0
196092023,46,0,0.2875758707523346,0
196092384,46,0,0.7990085482597351,1
196092389,46,0,0.5006750226020813,0
196092403,46,0,0.4217527508735657,0
196092691,46,0,0.7876296043395996,1
196093530,46,0,0.3935840129852295,0
196093896,46,0,0.743069589138031,1
196094555,46,0,0.33153748512268066,0
196104081,46,0,0.85647052526474,1
196104130,46,0,0.7043971419334412,1
196104258,46,0,0.35472914576530457,0
196104303,46,0,0.6095067858695984,0
196104318,46,0,0.5646980404853821,0
196104353,46,0,0.696777880191803,1
196104399,46,0,0.6353558897972107,0
196104560,46,0,0.4766993522644043,0
196104671,46,0,0.4955388307571411,0
196104686,46,0,0.5085065960884094,0
196104721,46,0,0.8038228154182434,1
196105090,46,0,0.7343086004257202,1
196105093,46,0,0.4332369267940521,0
196105115,46,0,0.7604144215583801,1
196105139,46,0,0.5313917994499207,0
196105263,46,0,0.6863626837730408,1
196105355,46,0,0.6187570691108704,0
196105366,46,0,0.6087431907653809,0
196105522,46,0,0.33866310119628906,0
196105554,46,0,0.72615647315979,1
196105600,46,0,0.6473978161811829,0
196105613,46,0,0.7908409237861633,1
196105664,46,0,0.5916802883148193,0
196105849,46,0,0.6826044321060181,1
196105861,46,0,0.25752055644989014,0
196105891,46,0,0.38194501399993896,0
196106160,46,0,0.6840339303016663,1
196106415,46,0,0.5198429822921753,0
196106480,46,0,0.5400735139846802,0
196107025,46,0,0.7377402186393738,1
196107057,46,0,0.37778952717781067,0
196107124,46,0,0.377460777759552,0
196107869,46,0,0.0030254407320171595,0
196111623,46,0,0.48183026909828186,0
196115726,46,0,0.8884291052818298,1
196122645,46,1,0.7939749956130981,1
196255567,46,0,0.47202184796333313,0
196255569,46,0,0.37540313601493835,0
196255579,46,0,0.3492543697357178,0
196255607,46,0,0.37186434864997864,0
196255739,46,0,0.535228967666626,0
196255772,46,0,0.5586142539978027,0
196255787,46,0,0.3565406799316406,0
196255811,46,0,0.6913586258888245,1
196255830,46,0,0.5159099698066711,0
196255846,46,0,0.39422136545181274,0
196255854,46,0,0.6849621534347534,1
196255892,46,0,0.4625287353992462,0
196255930,46,0,0.5937058925628662,0
196256022,46,0,0.6058627367019653,0
196256051,46,0,0.359210729598999,0
196256088,46,0,0.5786616206169128,0
196256248,46,0,0.5802293419837952,0
196256253,46,0,0.6044542789459229,0
196256872,46,0,0.4591362774372101,0
196256884,46,0,0.3665224015712738,0
196257164,46,0,0.522647500038147,0
196257183,46,0,0.5552559494972229,0
196257230,46,0,0.5262330174446106,0
196257497,46,0,0.1678912490606308,0
196257515,46,0,0.7536618113517761,1
196257549,46,0,0.4553197920322418,0
196257565,46,0,0.562313437461853,0
196257589,46,0,0.7105978727340698,1
196257689,46,0,0.5384243726730347,0
196257703,46,0,0.5891996622085571,0
196257710,46,0,0.4710962772369385,0
196257743,46,0,0.5354795455932617,0
196257764,46,0,0.7060680389404297,1
196257791,46,0,0.538480281829834,0
196257796,46,0,0.569405734539032,0
196257961,46,0,0.5098121762275696,0
196258345,46,0,0.39405307173728943,0
196260600,46,0,0.2006271332502365,0
196269119,46,0,0.7999133467674255,1
196398158,46,0,0.8281509876251221,1
196399472,46,0,0.6727595925331116,1
235586,47,0,0.4203956723213196,0
1754564,47,0,0.2241830825805664,0
1785264,47,0,0.3674202263355255,0
1787201,47,0,0.32488253712654114,0
1854409,47,0,0.27244579792022705,0
1877747,47,0,0.3664778172969818,0
2191929,47,0,0.44095295667648315,0
2577047,47,0,0.6936332583427429,1
3098169,47,0,0.31510645151138306,0
3510576,47,0,0.09433045983314514,0
3623625,47,0,0.09723085165023804,0
4374894,47,0,0.3503075838088989,0
4547997,47,0,0.6162803173065186,0
4992641,47,0,0.2349042445421219,0
4998737,47,0,0.8387069702148438,1
6138366,47,0,0.39301300048828125,0
7491822,47,0,0.21247217059135437,0
7491830,47,0,0.2008877545595169,0
7491836,47,0,0.1754748374223709,0
7491846,47,0,0.18504220247268677,0
7491851,47,0,0.3100469708442688,0
7506925,47,0,0.43644458055496216,0
7564652,47,0,0.3731825649738312,0
7834222,47,0,0.07973509281873703,0
9273158,47,0,0.41861584782600403,0
11268149,47,0,0.29565027356147766,0
12081598,47,0,0.20639145374298096,0
12455512,47,0,0.3751639723777771,0
13269003,47,0,0.33060571551322937,0
13309176,47,0,0.7290207147598267,1
14737240,47,0,0.44716471433639526,0
14803706,47,1,0.8077106475830078,1
15944534,47,0,0.3745516836643219,0
17294880,47,0,0.4165779948234558,0
18918220,47,0,0.08256952464580536,0
19170155,47,0,0.0927586480975151,0
19254321,47,0,0.0901186540722847,0
22314581,47,0,0.33552396297454834,0
24459104,47,0,0.10006414353847504,0
26047332,47,0,0.41294339299201965,0
26181447,47,0,0.10673125833272934,0
26945566,47,0,0.2940475642681122,0
27128073,47,0,0.8420040011405945,1
27496465,47,0,0.26978495717048645,0
28185424,47,0,0.37812745571136475,0
28967218,47,0,0.5912784337997437,0
29141337,47,0,0.44750210642814636,0
29646430,47,0,0.26786860823631287,0
29812110,47,0,0.4157131314277649,0
30084029,47,0,0.46328285336494446,0
30938661,47,0,0.23024287819862366,0
31139903,47,0,0.3153427541255951,0
31580387,47,0,0.459876149892807,0
31582491,47,0,0.08120106905698776,0
31646401,47,0,0.17152003943920135,0
31945218,47,0,0.42649486660957336,0
32054179,47,1,0.7898159623146057,1
34649858,47,0,0.7969347238540649,1
34893448,47,0,0.47121456265449524,0
35631809,47,0,0.11119533330202103,0
35654921,47,0,0.5639933347702026,0
36362457,47,0,0.6133718490600586,0
36364435,47,0,0.08734074980020523,0
37366569,47,0,0.1484132707118988,0
38615823,47,0,0.11489088088274002,0
38688623,47,0,0.0969630554318428,0
39307276,47,0,0.5398908853530884,0
39393441,47,0,0.010978474281728268,0
40190602,47,0,0.34951403737068176,0
40619612,47,0,0.3372079133987427,0
41070254,47,0,0.3121342957019806,0
41070601,47,0,0.34637269377708435,0
41070604,47,0,0.27771735191345215,0
41070608,47,0,0.3837592601776123,0
41070611,47,0,0.30812662839889526,0
42348879,47,0,0.42130225896835327,0
42785015,47,0,0.4359351694583893,0
43703461,47,0,0.4768732190132141,0
43965576,47,0,0.29134485125541687,0
44348901,47,0,0.7566128969192505,1
47945520,47,0,0.8017700910568237,1
50081278,47,0,0.48281821608543396,0
50732436,47,0,0.39305058121681213,0
50908945,47,0,0.8504862785339355,1
51241093,47,0,0.2971327006816864,0
51241159,47,0,0.3796960115432739,0
52178783,47,0,0.4888700842857361,0
52223144,47,0,0.8341208100318909,1
52455532,47,0,0.3934372663497925,0
53845870,47,0,0.35014787316322327,0
54095065,47,0,0.2772682309150696,0
56323413,47,0,0.37954357266426086,0
56615777,47,0,0.37606188654899597,0
57836170,47,0,0.8493973016738892,1
59500658,47,0,0.36778584122657776,0
60359459,47,0,0.32685089111328125,0
60660610,47,0,0.087437704205513,0
60673519,47,0,0.5391945242881775,0
61067675,47,0,0.7756142616271973,1
61158159,47,0,0.4732147455215454,0
62658387,47,0,0.36020419001579285,0
62673760,47,0,0.35943403840065,0
62752980,47,0,0.18560419976711273,0
63080024,47,0,0.31538793444633484,0
63254396,47,0,0.18707892298698425,0
64174053,47,0,0.39130204916000366,0
64495168,47,0,0.6847163438796997,1
65393287,47,0,0.67894047498703,1
65406297,47,0,0.41015177965164185,0
65470419,47,0,0.7575551867485046,1
67319243,47,0,0.3804715573787689,0
69071909,47,0,0.4238698482513428,0
70311541,47,0,0.30635419487953186,0
70607352,47,0,0.09259083867073059,0
70669824,47,0,0.35984688997268677,0
70958108,47,0,0.4239563047885895,0
71382683,47,0,0.20754145085811615,0
71382685,47,0,0.3977603316307068,0
71606734,47,0,0.12527821958065033,0
73145456,47,0,0.06261779367923737,0
73148377,47,0,0.404813677072525,0
74456968,47,0,0.28036969900131226,0
75730460,47,0,0.25889989733695984,0
75788193,47,0,0.5631985664367676,0
75789567,47,0,0.42652735114097595,0
75791665,47,0,0.486905574798584,0
75792565,47,0,0.771727979183197,1
77724398,47,0,0.15935570001602173,0
83121915,47,0,0.006980474106967449,0
90578545,47,0,0.07928058505058289,0
92257112,47,0,0.7365175485610962,1
92692345,47,0,0.3668358325958252,0
93063701,47,0,0.2791416347026825,0
93662855,47,0,0.48124441504478455,0
94227091,47,0,0.46673524379730225,0
95277643,47,0,0.44496238231658936,0
96027603,47,0,0.43412500619888306,0
97155673,47,0,0.39644768834114075,0
101211541,47,0,0.5739479064941406,0
101692510,47,0,0.708973228931427,1
102343697,47,0,0.45861074328422546,0
102436731,47,0,0.41002747416496277,0
102932673,47,0,0.4019336402416229,0
103136115,47,0,0.1102713942527771,0
103136708,47,0,0.3237537443637848,0
103139209,47,0,0.117556631565094,0
104004398,47,0,0.2686552405357361,0
104845273,47,0,0.36100348830223083,0
105490236,47,0,0.24916581809520721,0
108707984,47,0,0.35073772072792053,0
112511172,47,0,0.7288082242012024,1
113903860,47,0,0.37012359499931335,0
113974818,47,0,0.3622688353061676,0
121513111,47,0,0.2690259516239166,0
121714948,47,0,0.41800549626350403,0
123428355,47,0,0.18255534768104553,0
124922317,47,0,0.3834349811077118,0
125857230,47,0,0.3850780427455902,0
133130343,47,0,0.3949955105781555,0
135805287,47,0,0.36387208104133606,0
140144678,47,0,0.6448472142219543,0
140964844,47,0,0.5522313117980957,0
146581674,47,0,0.404048353433609,0
148114185,47,0,0.7685246467590332,1
161157730,47,0,0.755120575428009,1
162395844,47,0,0.3838740587234497,0
163427085,47,0,0.5306134223937988,0
164028697,47,0,0.10683885216712952,0
164594703,47,0,0.46864327788352966,0
168276620,47,0,0.7329980134963989,1
176334020,47,0,0.46952810883522034,0
178102917,47,0,0.19381748139858246,0
178991272,47,0,0.35026106238365173,0
178998421,47,0,0.20845885574817657,0
181403739,47,0,0.16289091110229492,0
183046403,47,0,0.7438096404075623,1
183288709,47,0,0.42983630299568176,0
189578548,47,0,0.1935596466064453,0
192839947,47,0,0.7718561887741089,1
201067742,47,0,0.4025779664516449,0
208130329,47,0,0.3538321256637573,0
212010797,47,0,0.4778004586696625,0
212255388,47,0,0.5525356531143188,0
212259150,47,0,0.47999107837677,0
212722108,47,1,0.39722225069999695,0
212756739,47,0,0.5303381681442261,0
213767301,47,0,0.36527806520462036,0
213777237,47,0,0.4192366600036621,0
218010378,47,0,0.8778700828552246,1
218010555,47,0,0.4010813236236572,0
218011087,47,0,0.8888752460479736,1
218011208,47,0,0.695491373538971,1
218011322,47,0,0.7815589308738708,1
218011326,47,0,0.2684228718280792,0
218011762,47,0,0.6980029344558716,1
218011771,47,0,0.168656125664711,0
218015597,47,0,0.467856764793396,0
218015604,47,0,0.644589900970459,0
218016024,47,0,0.8988555669784546,1
218016770,47,0,0.8779309988021851,1
218016775,47,0,0.440019816160202,0
218016806,47,0,0.758200466632843,1
218016819,47,0,0.9256135821342468,1
218016822,47,0,0.8009113669395447,1
218019741,47,0,0.5699695944786072,0
218021673,47,0,0.7316377758979797,1
218022446,47,0,0.39424967765808105,0
218022450,47,0,0.41190311312675476,0
218023183,47,0,0.6094790101051331,0
218023850,47,0,0.39092129468917847,0
218023867,47,0,0.7552930116653442,1
218023874,47,0,0.5398635268211365,0
218024190,47,0,0.3411391079425812,0
218024205,47,0,0.8773290514945984,1
218024376,47,0,0.5143243074417114,0
218024707,47,0,0.36781737208366394,0
218024709,47,0,0.40194451808929443,0
218025376,47,0,0.4779853820800781,0
218027164,47,0,0.33282211422920227,0
218028288,47,0,0.6161819100379944,0
218028677,47,0,0.38905254006385803,0
218028684,47,0,0.313838392496109,0
218028865,47,0,0.3169730305671692,0
218028873,47,0,0.6790198683738708,1
218029198,47,0,0.08936653286218643,0
218030084,47,0,0.45836982131004333,0
218030526,47,0,0.4051509499549866,0
218030893,47,0,0.38654443621635437,0
218031007,47,0,0.41514283418655396,0
218031021,47,0,0.3926130533218384,0
218031494,47,0,0.731293797492981,1
218031549,47,0,0.31471773982048035,0
218031926,47,0,0.3209960162639618,0
218032370,47,0,0.3883925974369049,0
218032409,47,0,0.7811740636825562,1
218032449,47,0,0.36929643154144287,0
218032470,47,0,0.44522014260292053,0
218032639,47,0,0.4704701006412506,0
218032917,47,0,0.46656450629234314,0
218032920,47,0,0.3778993487358093,0
218032934,47,0,0.41709721088409424,0
218033063,47,0,0.2916902005672455,0
218033192,47,0,0.4072287380695343,0
218033571,47,0,0.4779270589351654,0
218035272,47,0,0.4262300133705139,0
218035934,47,0,0.3723888397216797,0
218037378,47,0,0.5197601318359375,0
218039478,47,0,0.31943246722221375,0
218039532,47,0,0.36717379093170166,0
218039695,47,0,0.3197263181209564,0
218039702,47,0,0.473787784576416,0
218039707,47,0,0.4281408488750458,0
218039901,47,0,0.1874736100435257,0
218039927,47,0,0.675866961479187,1
218039931,47,0,0.3734422028064728,0
218039936,47,0,0.7699122428894043,1
218040017,47,0,0.19411446154117584,0
218040068,47,0,0.3965858519077301,0
218040083,47,0,0.14922170341014862,0
218040097,47,0,0.6109000444412231,0
218040123,47,0,0.4177335202693939,0
218040246,47,0,0.762976348400116,1
218043852,47,0,0.8280434608459473,1
218043862,47,0,0.2552700340747833,0
218045454,47,0,0.46792909502983093,0
218045659,47,0,0.5251040458679199,0
218045663,47,0,0.6942188143730164,1
218045666,47,0,0.4869677722454071,0
218047016,47,0,0.8690849542617798,1
218047554,47,0,0.4559367001056671,0
218047558,47,0,0.7297949194908142,1
218047748,47,0,0.35562703013420105,0
218047757,47,0,0.4150433838367462,0
218047773,47,0,0.5004883408546448,0
218047781,47,0,0.16313527524471283,0
218047784,47,0,0.38586893677711487,0
218050039,47,0,0.4050410985946655,0
218050775,47,0,0.9680829048156738,1
218051244,47,0,0.8922908306121826,1
218051282,47,0,0.4199218451976776,0
218051628,47,0,0.48121604323387146,0
218053345,47,0,0.3759794235229492,0
218053350,47,0,0.36234647035598755,0
218053353,47,0,0.3683670163154602,0
218053488,47,0,0.3483138382434845,0
218053492,47,0,0.3670182228088379,0
218053497,47,0,0.3601702153682709,0
218053503,47,0,0.39683815836906433,0
218053505,47,0,0.37108591198921204,0
218053511,47,0,0.3678678274154663,0
218053666,47,0,0.3852786719799042,0
218053670,47,0,0.38837170600891113,0
218053690,47,0,0.3682912588119507,0
218054027,47,0,0.3853907287120819,0
218058339,47,0,0.5070840716362,0
218059723,47,0,0.47740796208381653,0
218059737,47,0,0.37900179624557495,0
218061378,47,0,0.7716174125671387,1
218061381,47,0,0.7992197275161743,1
218061386,47,0,0.7366339564323425,1
218061421,47,0,0.27157294750213623,0
218061465,47,0,0.5098995566368103,0
218061480,47,0,0.2220761626958847,0
218062869,47,0,0.37074801325798035,0
218062873,47,0,0.3967178165912628,0
218062887,47,0,0.39086753129959106,0
218062890,47,0,0.3742836117744446,0
218062893,47,0,0.39605215191841125,0
218064267,47,0,0.37721696496009827,0
218064695,47,0,0.4135343134403229,0
218064707,47,0,0.391022652387619,0
218064717,47,0,0.39112338423728943,0
218065115,47,0,0.43747684359550476,0
218065494,47,0,0.41175010800361633,0
218066217,47,0,0.4000541865825653,0
218068135,47,0,0.8442509174346924,1
218068197,47,0,0.7450827360153198,1
218068208,47,0,0.9431210160255432,1
218068433,47,0,0.5428787469863892,0
218068532,47,0,0.40337708592414856,0
218068549,47,0,0.8618654608726501,1
218068850,47,0,0.7450404763221741,1
218068854,47,0,0.4259604513645172,0
218069252,47,0,0.5722844004631042,0
218069948,47,0,0.6451979279518127,0
218070352,47,0,0.4822385907173157,0
218071878,47,0,0.4102729558944702,0
218072598,47,0,0.3716462254524231,0
218072619,47,0,0.5920301079750061,0
218072630,47,0,0.37362274527549744,0
218073111,47,0,0.18560479581356049,0
218073389,47,0,0.4078788757324219,0
218073419,47,0,0.41938960552215576,0
218073424,47,0,0.3937588930130005,0
218073427,47,0,0.4023209810256958,0
218073432,47,0,0.4135073721408844,0
218073440,47,0,0.37268200516700745,0
218073784,47,0,0.4270899295806885,0
218075150,47,0,0.41052350401878357,0
218075696,47,0,0.42591097950935364,0
218075700,47,0,0.43292224407196045,0
218075956,47,0,0.42073675990104675,0
218075961,47,0,0.3854323625564575,0
218076473,47,0,0.35512709617614746,0
218077113,47,0,0.3820120394229889,0
218077477,47,0,0.4025190770626068,0
218079023,47,0,0.3923644721508026,0
218079030,47,0,0.3850771188735962,0
218079137,47,0,0.38321375846862793,0
218079297,47,0,0.414360374212265,0
218079318,47,0,0.4056514799594879,0
218079391,47,0,0.37534961104393005,0
218079405,47,0,0.4052557647228241,0
218079641,47,0,0.3924192488193512,0
218080593,47,0,0.28483524918556213,0
218080601,47,0,0.3604361414909363,0
218080613,47,0,0.3799339830875397,0
218080969,47,0,0.46003007888793945,0
218080974,47,0,0.3598955571651459,0
218080978,47,0,0.3605194389820099,0
218080986,47,0,0.3046795725822449,0
218080997,47,0,0.393282026052475,0
218081001,47,0,0.22817356884479523,0
218081006,47,0,0.26525241136550903,0
218081008,47,0,0.26424142718315125,0
218084627,47,0,0.6123442649841309,0
218086718,47,0,0.21219582855701447,0
218089074,47,0,0.5325352549552917,0
218089235,47,0,0.6889071464538574,1
218089321,47,0,0.24710777401924133,0
218089571,47,0,0.871403157711029,1
218090483,47,0,0.2896760106086731,0
218091566,47,1,0.6232656836509705,0
218091572,47,1,0.7316941022872925,1
218091573,47,1,0.8385704755783081,1
218091577,47,1,0.8443537354469299,1
218091648,47,0,0.3799339234828949,0
218092606,47,0,0.4626755714416504,0
218093920,47,0,0.49229636788368225,0
218094265,47,0,0.7698706984519958,1
218094616,47,0,0.8461858630180359,1
218094668,47,0,0.3943374454975128,0
218095274,47,0,0.3794195353984833,0
218096188,47,0,0.3854011595249176,0
218096291,47,0,0.41748881340026855,0
218099150,47,0,0.3846397399902344,0
218099154,47,0,0.38822317123413086,0
218099484,47,0,0.360673189163208,0
218099491,47,0,0.3794790804386139,0
218100966,47,0,0.025813117623329163,0
218102606,47,0,0.11207308620214462,0
218103291,47,0,0.30684396624565125,0
218116829,47,0,0.23608329892158508,0
218116989,47,0,0.5732921957969666,0
218117022,47,0,0.31894388794898987,0
218117899,47,0,0.3600270748138428,0
218118793,47,0,0.3954795300960541,0
218119412,47,0,0.5079201459884644,0
218121498,47,0,0.7374237775802612,1
218121514,47,0,0.7451098561286926,1
218121518,47,0,0.8021222949028015,1
218121521,47,0,0.3771369159221649,0
218121627,47,0,0.7416887283325195,1
218122248,47,0,0.8277695775032043,1
218124060,47,0,0.5168178081512451,0
218124798,47,0,0.7289177179336548,1
218124812,47,0,0.4700949788093567,0
218125499,47,0,0.38716113567352295,0
218125812,47,0,0.6561388969421387,0
218127603,47,0,0.3054425120353699,0
218128373,47,0,0.440895676612854,0
218128759,47,0,0.7492614388465881,1
218128787,47,0,0.42183417081832886,0
218130196,47,0,0.5602743029594421,0
218131048,47,0,0.13175265491008759,0
218131051,47,0,0.7645335793495178,1
218133800,47,0,0.46244725584983826,0
218133812,47,0,0.3860587775707245,0
218133814,47,0,0.44740769267082214,0
218135117,47,0,0.8073595762252808,1
218135731,47,0,0.3845069408416748,0
218135738,47,0,0.38285544514656067,0
218135759,47,0,0.3556610941886902,0
218136481,47,0,0.3892383575439453,0
218136485,47,0,0.3837149739265442,0
218138897,47,0,0.10643181949853897,0
218139542,47,0,0.2431304156780243,0
218141918,47,0,0.36562132835388184,0
218142111,47,0,0.6873697638511658,1
218142114,47,0,0.5425946116447449,0
218142122,47,0,0.35783931612968445,0
218143490,47,0,0.4120542109012604,0
218143497,47,0,0.4848715662956238,0
218143502,47,0,0.697848916053772,1
218144435,47,0,0.23762351274490356,0
218145212,47,0,0.38783934712409973,0
218145289,47,0,0.42197754979133606,0
218145290,47,0,0.42048683762550354,0
218145295,47,0,0.39205849170684814,0
218145690,47,0,0.4326777756214142,0
218145693,47,0,0.37987220287323,0
218146157,47,0,0.2950934171676636,0
218147941,47,0,0.41681089997291565,0
218147946,47,0,0.4019377529621124,0
218148723,47,0,0.41301488876342773,0
218149291,47,0,0.2884180247783661,0
218149299,47,0,0.8792084455490112,1
218151235,47,0,0.829764187335968,1
218151306,47,1,0.8320924639701843,1
218152286,47,0,0.6613321900367737,0
218153088,47,0,0.45579805970191956,0
218153089,47,0,0.44993963837623596,0
218153352,47,0,0.6970294117927551,1
218153433,47,0,0.5547347664833069,0
218156731,47,0,0.15714584290981293,0
218156765,47,0,0.2702685296535492,0
218166682,47,1,0.7504838705062866,1
218263214,47,0,0.491978257894516,0
218263226,47,0,0.5184701085090637,0
218263227,47,0,0.623782753944397,0
218263270,47,0,0.41144809126853943,0
218263504,47,0,0.00021591215045191348,0
218263798,47,0,0.23422010242938995,0
218264913,47,0,5.573472208197927e-07,0
218264956,47,0,0.37696072459220886,0
218266389,47,0,0.46817249059677124,0
218266524,47,0,0.41608425974845886,0
218266528,47,0,0.56107097864151,0
218266530,47,0,0.5981788635253906,0
218266535,47,0,0.4746781885623932,0
218266537,47,0,0.6850967407226562,1
218266540,47,0,0.42950019240379333,0
218266543,47,0,0.6539502143859863,0
218266544,47,0,0.42292559146881104,0
218266550,47,0,0.6781315207481384,1
218266551,47,0,0.6125752925872803,0
218266553,47,0,0.45449939370155334,0
218266556,47,0,0.5395732522010803,0
218266570,47,0,0.13142986595630646,0
218267527,47,0,0.6684281826019287,0
218271078,47,0,0.3772091269493103,0
218271506,47,0,0.326892226934433,0
218272481,47,0,0.7338197827339172,1
218274099,47,0,0.6309147477149963,0
218274123,47,0,0.24668867886066437,0
218274259,47,0,0.8080906271934509,1
218274281,47,0,0.791168749332428,1
218274306,47,0,0.8496151566505432,1
218274801,47,0,0.7822017669677734,1
218275067,47,0,0.41392651200294495,0
218275074,47,0,0.3426806926727295,0
218275107,47,0,0.6703513264656067,1
218275113,47,0,0.52615886926651,0
218275119,47,0,0.9106589555740356,1
218275121,47,0,0.3039458394050598,0
218275140,47,0,0.43183308839797974,0
218275223,47,0,0.906641960144043,1
218275609,47,0,0.3757186830043793,0
218276181,47,0,0.30016881227493286,0
218276200,47,0,0.7584136724472046,1
218277365,47,0,0.7341078519821167,1
218277979,47,0,0.8151953816413879,1
218279400,47,0,0.8125417828559875,1
218279406,47,0,0.39273715019226074,0
218279650,47,0,0.26264122128486633,0
218279669,47,0,0.847114086151123,1
218280167,47,0,0.5730202198028564,0
218280797,47,0,0.3676220178604126,0
218281869,47,0,0.26711583137512207,0
218282940,47,0,0.32652658224105835,0
218283396,47,0,0.6541013717651367,0
218283405,47,0,0.3281312584877014,0
218283424,47,0,0.8576733469963074,1
218283428,47,0,0.1739603579044342,0
218283429,47,0,0.39648669958114624,0
218283759,47,0,0.4194929003715515,0
218283762,47,0,0.7707438468933105,1
218283765,47,0,0.5085206627845764,0
218283768,47,0,0.7535419464111328,1
218283769,47,0,0.7531204223632812,1
218283770,47,0,0.33335092663764954,0
218283773,47,0,0.3881721496582031,0
218283788,47,0,0.10476279258728027,0
218283789,47,0,0.5778577923774719,0
218283791,47,0,0.764615535736084,1
218283795,47,0,0.78564453125,1
218283812,47,0,0.28098270297050476,0
218283815,47,0,0.6728449463844299,1
218284846,47,0,0.38302186131477356,0
218284850,47,0,0.36947497725486755,0
218284856,47,0,0.3583143651485443,0
218284858,47,0,0.3892326056957245,0
218285334,47,0,0.7369327545166016,1
218285486,47,0,0.8352198004722595,1
218285493,47,0,0.7423616647720337,1
218285924,47,0,0.20474745333194733,0
218285993,47,0,0.4676355719566345,0
218285997,47,0,0.4974078834056854,0
218286004,47,0,0.7495633959770203,1
218286154,47,0,0.5101491808891296,0
218286163,47,0,0.45821449160575867,0
218286173,47,0,0.596781313419342,0
218286175,47,0,0.5536760091781616,0
218286322,47,0,0.43590861558914185,0
218287846,47,0,0.24016670882701874,0
218287878,47,0,0.6267085671424866,0
218292634,47,0,0.6394273042678833,0
218292796,47,0,0.3779044449329376,0
218292869,47,0,0.38649189472198486,0
218292978,47,0,0.3970598876476288,0
218292987,47,0,0.3864368796348572,0
218292990,47,0,0.3865338861942291,0
218293501,47,0,0.3955825865268707,0
218293503,47,0,0.3281572461128235,0
218293505,47,0,0.3795120418071747,0
218293508,47,0,0.396674245595932,0
218293510,47,0,0.37535473704338074,0
218293512,47,0,0.3867236077785492,0
218293515,47,0,0.3582250773906708,0
218293647,47,0,0.38066092133522034,0
218293648,47,0,0.39263951778411865,0
218294915,47,0,0.12865053117275238,0
218295883,47,0,0.1907721906900406,0
218295886,47,0,0.3749217987060547,0
218295891,47,0,0.9129453301429749,1
218295933,47,0,0.6110621094703674,0
218297456,47,0,0.8715904355049133,1
218298067,47,0,0.20464783906936646,0
218298082,47,0,0.16389694809913635,0
218298206,47,0,0.15893371403217316,0
218298228,47,0,0.3823540210723877,0
218298231,47,0,0.48010116815567017,0
218299454,47,0,0.715656042098999,1
218299889,47,0,0.31438037753105164,0
218303960,47,0,0.7486835718154907,1
218304927,47,0,0.39595502614974976,0
218304932,47,0,0.4082561135292053,0
218304933,47,0,0.39227792620658875,0
218305782,47,0,0.38319048285484314,0
218305784,47,0,0.4091016352176666,0
218305785,47,0,0.4377720057964325,0
218305950,47,0,0.4049564599990845,0
218306660,47,0,0.36418595910072327,0
218306827,47,0,0.30095192790031433,0
218306836,47,0,0.30855029821395874,0
218306858,47,0,0.3989238440990448,0
218306861,47,0,0.38298800587654114,0
218306904,47,0,0.32550251483917236,0
218306919,47,0,0.4143960773944855,0
218306920,47,0,0.3834035098552704,0
218306921,47,0,0.4265497624874115,0
218306923,47,0,0.4050312042236328,0
218306926,47,0,0.459858238697052,0
218306935,47,0,0.3022213280200958,0
218306956,47,0,0.4143345057964325,0
218306958,47,0,0.39985784888267517,0
218306960,47,0,0.4000908434391022,0
218306966,47,0,0.402480810880661,0
218306970,47,0,0.40818068385124207,0
218306973,47,0,0.40817758440971375,0
218306975,47,0,0.42110326886177063,0
218306977,47,0,0.3959561288356781,0
218307597,47,0,0.716643750667572,1
218307600,47,0,0.7702755331993103,1
218307602,47,0,0.7638006806373596,1
218307769,47,0,0.45250362157821655,0
218307774,47,0,0.6825116276741028,1
218307782,47,0,0.4187975227832794,0
218307785,47,0,0.8019030094146729,1
218307786,47,0,0.7754753232002258,1
218307883,47,0,0.8671396374702454,1
218307884,47,0,0.7280600070953369,1
218307902,47,0,0.5926606059074402,0
218308144,47,0,0.1438186913728714,0
218308146,47,0,0.11929529160261154,0
218308519,47,0,0.821280300617218,1
218308521,47,0,0.1926034837961197,0
218308522,47,0,0.7690642476081848,1
218309437,47,0,0.9040288925170898,1
218310568,47,0,0.3188558518886566,0
218312239,47,0,0.3752307593822479,0
218312273,47,0,0.29393136501312256,0
218312399,47,0,0.24533329904079437,0
218314014,47,0,0.5408791899681091,0
218314019,47,0,0.8422313332557678,1
218314022,47,0,0.2901398241519928,0
218314421,47,0,0.27919483184814453,0
218314433,47,0,0.2474731206893921,0
218314448,47,0,0.4369555413722992,0
218314716,47,0,0.09156189858913422,0
218314791,47,0,0.4154731035232544,0
218314801,47,0,0.7507674694061279,1
218314810,47,0,0.27218300104141235,0
218395898,47,0,0.27720391750335693,0
218395925,47,0,0.2848265767097473,0
218395928,47,0,0.6928002238273621,1
218396032,47,0,0.34022077918052673,0
218396254,47,0,0.7623646855354309,1
218396285,47,0,0.5180590748786926,0
218397765,47,0,0.5125135779380798,0
218398208,47,0,0.3301161825656891,0
218398211,47,1,0.7612476348876953,1
218398224,47,1,0.720057487487793,1
218398236,47,0,0.2883962392807007,0
218398240,47,0,0.566299319267273,0
218398749,47,0,0.39920774102211,0
218399031,47,0,0.35186657309532166,0
218399034,47,0,0.22157397866249084,0
218399060,47,0,0.3257748782634735,0
218399064,47,0,0.6761133074760437,1
218399065,47,0,0.20112867653369904,0
218399092,47,0,0.6760658025741577,1
218400093,47,1,0.5917509198188782,0
218400096,47,1,0.744531512260437,1
218400097,47,1,0.7339110374450684,1
218400309,47,0,0.7216346263885498,1
218400313,47,0,0.8353664875030518,1
218400384,47,0,0.3077496886253357,0
218400386,47,0,0.513573408126831,0
218402110,47,0,0.31415295600891113,0
218402305,47,0,0.4827871322631836,0
218402726,47,0,0.30877217650413513,0
218413420,47,0,0.7635742425918579,1
218414030,47,0,0.1297834813594818,0
218423469,47,1,0.2793809771537781,0
218434683,47,0,0.16508883237838745,0
218445832,47,0,0.7960509061813354,1
218468513,47,0,0.5761311054229736,0
218468518,47,0,0.3059754967689514,0
218468774,47,0,0.00022420272580347955,0
218470386,47,0,0.42086368799209595,0
218477279,47,0,0.3771929442882538,0
218477656,47,0,0.9018900394439697,1
218477668,47,0,0.4021272361278534,0
218488643,47,0,0.19392749667167664,0
218545234,47,0,0.16271014511585236,0
218546987,47,0,0.38962364196777344,0
218548416,47,0,0.8386380672454834,1
218550123,47,0,0.7671480178833008,1
218554996,47,0,0.2486264556646347,0
218555885,47,0,0.7353772521018982,1
218555924,47,0,0.7859728336334229,1
218556062,47,0,0.34348514676094055,0
218556959,47,0,0.391478031873703,0
218559028,47,0,0.38767287135124207,0
218562519,47,0,0.3308058977127075,0
218562538,47,0,0.4266769587993622,0
218564021,47,0,0.402308851480484,0
218566611,47,0,0.46244195103645325,0
218570639,47,0,0.4009909927845001,0
218570980,47,0,0.39620935916900635,0
218573173,47,0,0.45221781730651855,0
218573176,47,0,0.38494259119033813,0
218573305,47,0,0.3367302715778351,0
218573519,47,0,0.37772807478904724,0
218574366,47,0,0.4146183729171753,0
218576320,47,0,0.24529458582401276,0
218578063,47,0,0.07716714590787888,0
218584530,47,0,0.480540007352829,0
218584534,47,0,0.3951708674430847,0
218652980,47,0,0.7872388958930969,1
218656365,47,0,0.7045489549636841,1
218658092,47,0,0.33765169978141785,0
218658380,47,0,0.27306610345840454,0
218660876,47,0,0.3306690454483032,0
218660893,47,0,0.27090373635292053,0
218661503,47,0,0.22932519018650055,0
218662075,47,0,0.3836323618888855,0
218680191,47,0,0.7748298048973083,1
218680433,47,0,0.32565608620643616,0
218680450,47,0,0.856602132320404,1
218687649,47,0,0.4118455648422241,0
218687876,47,0,0.3889021873474121,0
218690991,47,0,0.3778492510318756,0
218745506,47,0,0.2869598865509033,0
218756018,47,0,0.40483784675598145,0
218818729,47,0,0.41056177020072937,0
218834300,47,0,0.2780720591545105,0
218846767,47,0,0.4839657247066498,0
218957364,47,0,0.8459810614585876,1
218964646,47,0,0.76871258020401,1
218978318,47,0,0.3688587546348572,0
218985003,47,0,0.40592965483665466,0
218988495,47,0,0.3896176517009735,0
219159262,47,0,0.7947431802749634,1
219163557,47,0,0.16496878862380981,0
219383083,47,0,0.35441622138023376,0
219383124,47,0,0.8968026041984558,1
219383192,47,0,0.37751227617263794,0
219384595,47,0,0.41555196046829224,0
219384809,47,0,0.42946597933769226,0
219384820,47,0,0.6068901419639587,0
219384893,47,0,0.36789998412132263,0
219384896,47,0,0.7669009566307068,1
219394265,47,0,0.39991313219070435,0
219394966,47,0,0.6389375329017639,0
219396923,47,0,0.4481494426727295,0
219396979,47,0,0.7127804160118103,1
219397720,47,0,0.45568031072616577,0
219397937,47,0,0.49570730328559875,0
219398576,47,0,0.5629816651344299,0
219398596,47,0,0.3741466999053955,0
219403068,47,0,0.3793332576751709,0
219403410,47,0,0.8854646682739258,1
219405824,47,0,0.8795726895332336,1
219408232,47,0,0.7061305642127991,1
219409913,47,0,0.3976973593235016,0
219413640,47,0,0.43156471848487854,0
219414384,47,0,0.38789278268814087,0
219414632,47,0,0.3880000710487366,0
219414636,47,0,0.38640516996383667,0
219414645,47,0,0.386080801486969,0
219414648,47,0,0.36449748277664185,0
219415306,47,0,0.3831350803375244,0
219415322,47,0,0.35988134145736694,0
219415325,47,0,0.3862156271934509,0
219415330,47,0,0.37939387559890747,0
219422495,47,0,0.259753942489624,0
219424473,47,0,0.7908694744110107,1
219424475,47,0,0.7504202723503113,1
219425081,47,0,0.6126166582107544,0
219428772,47,0,0.7961984276771545,1
219428783,47,0,0.7039072513580322,1
219428788,47,0,0.7380373477935791,1
219429100,47,0,0.2940528988838196,0
219429606,47,0,0.4801272749900818,0
219436818,47,0,6.261996168177575e-05,0
219541259,47,0,0.39289119839668274,0
219541285,47,0,0.6478679180145264,0
219541344,47,0,0.745263934135437,1
219541363,47,0,0.8782801032066345,1
219541756,47,0,0.8727251291275024,1
219541794,47,0,0.7810813784599304,1
219541823,47,0,0.9155960083007812,1
219541996,47,1,0.733925998210907,1
219542113,47,0,0.6862987875938416,1
219542135,47,0,0.6262504458427429,0
219542313,47,0,0.3486410081386566,0
219542349,47,0,0.7226182818412781,1
219542384,47,0,0.7884738445281982,1
219542405,47,0,0.38300439715385437,0
219542887,47,0,0.9089954495429993,1
219543494,47,1,0.7569481134414673,1
219543499,47,0,0.44861677289009094,0
219543500,47,0,0.7716217041015625,1
219543504,47,0,0.40502503514289856,0
219543605,47,0,0.22155435383319855,0
219543633,47,0,0.6249721646308899,0
219543654,47,0,0.6338977217674255,0
219543900,47,0,0.39961692690849304,0
219543917,47,0,0.4027566909790039,0
219543918,47,0,0.3744068443775177,0
219543921,47,0,0.40420764684677124,0
219543922,47,0,0.39115163683891296,0
219543998,47,0,0.5629737973213196,0
219544001,47,0,0.5122190117835999,0
219544003,47,0,0.7519526481628418,1
219544394,47,0,0.4550478458404541,0
219546222,47,0,0.35948091745376587,0
219548645,47,0,0.7711251378059387,1
219551547,47,0,0.24392442405223846,0
219553260,47,0,0.4122920632362366,0
219554793,47,0,0.43487823009490967,0
219555853,47,0,0.08028323203325272,0
219555904,47,0,0.8056418299674988,1
219556165,47,0,0.9287049174308777,1
219556205,47,0,0.9011304378509521,1
219557083,47,0,0.0005241165054030716,0
219558751,47,0,0.7490864992141724,1
219560312,47,0,0.2962660491466522,0
219562816,47,0,0.4099559187889099,0
219562863,47,0,0.30015113949775696,0
219562969,47,0,0.16034574806690216,0
219565903,47,1,0.4179252088069916,0
219565918,47,1,0.5172498226165771,0
219565927,47,1,0.739115297794342,1
219565930,47,1,0.6306193470954895,0
219565935,47,1,0.7573343515396118,1
219566729,47,0,0.4728095531463623,0
219567373,47,0,0.8097536563873291,1
219567670,47,0,0.28769513964653015,0
219580518,47,0,0.24508057534694672,0
219679807,47,0,0.7414451837539673,1
219688185,47,0,0.35113686323165894,0
219713463,47,0,0.6170389652252197,0
219720174,47,0,0.876347005367279,1
219720175,47,0,0.34348711371421814,0
219752672,47,0,0.33944880962371826,0
219764897,47,0,0.3635269105434418,0
219850349,47,0,0.1862475425004959,0
219915455,47,0,0.8361238241195679,1
219917130,47,0,0.7297611832618713,1
219918390,47,0,0.3964843153953552,0
219922357,47,0,0.36015555262565613,0
219924596,47,0,0.6092320084571838,0
219940486,47,0,0.3616679608821869,0
6418,48,0,0.21332308650016785,0
7952,48,0,0.0017171825747936964,0
9351,48,0,0.3731090724468231,0
9363,48,0,0.5140325427055359,0
9466,48,0,0.18643057346343994,0
9551,48,0,0.4980499744415283,0
10280,48,0,0.29787901043891907,0
10452,48,0,0.4910484254360199,0
13646,48,0,0.2537217438220978,0
17122,48,0,0.6094853281974792,0
28907,48,0,0.5551055669784546,0
39994,48,0,0.3799784481525421,0
44664,48,0,0.3639849126338959,0
44703,48,0,0.5306612849235535,0
45766,48,0,0.19550131261348724,0
72958,48,0,0.1943024843931198,0
183452,48,0,0.6895574331283569,1
362808,48,0,0.6298292279243469,0
401547,48,0,0.3255298435688019,0
424786,48,0,0.32855406403541565,0
464474,48,0,0.7278857231140137,1
549558,48,0,0.23645712435245514,0
549581,48,0,0.5214899182319641,0
563635,48,0,0.15984612703323364,0
593446,48,0,0.3954230844974518,0
597793,48,0,0.6691626310348511,0
692149,48,0,0.2832065224647522,0
705092,48,0,0.40736982226371765,0
723904,48,0,0.39286449551582336,0
724580,48,0,0.46079495549201965,0
725203,48,0,0.314142107963562,0
1435212,48,0,0.2736159563064575,0
1739315,48,0,0.3869594633579254,0
1803867,48,0,0.21869193017482758,0
1848064,48,0,0.41947636008262634,0
1852545,48,0,0.32685911655426025,0
1857358,48,0,0.39609745144844055,0
1857383,48,0,0.4918981194496155,0
1859446,48,0,0.7602164149284363,1
1863668,48,0,0.3826354742050171,0
1865993,48,0,0.5457985401153564,0
1953446,48,0,0.2695307731628418,0
1966100,48,0,0.6779695749282837,1
1981476,48,0,0.34114664793014526,0
1981616,48,0,0.4196104109287262,0
1982287,48,0,0.3682258129119873,0
1986315,48,0,0.3677060008049011,0
2000606,48,0,0.8499475717544556,1
2106136,48,0,0.2857203483581543,0
2106177,48,0,0.49511951208114624,0
2106217,48,0,0.8442656397819519,1
2144054,48,1,0.8318673968315125,1
2149874,48,0,0.423830509185791,0
2206944,48,0,0.25547897815704346,0
2207063,48,0,0.304092675447464,0
2217421,48,0,0.015963653102517128,0
2218496,48,0,0.49559760093688965,0
2218979,48,0,0.3154403269290924,0
2218993,48,0,0.6433361768722534,0
2226590,48,0,0.4133685231208801,0
2226591,48,0,0.592682421207428,0
2232001,48,0,0.10474152863025665,0
2232003,48,0,0.5061850547790527,0
2235715,48,0,0.023732280358672142,0
2244527,48,0,0.3115121126174927,0
2244529,48,0,0.34190309047698975,0
2262862,48,0,0.16500979661941528,0
2263486,48,0,0.31630489230155945,0
2291756,48,0,0.2094728797674179,0
2300731,48,0,0.16145622730255127,0
2304764,48,0,0.07084976881742477,0
2307236,48,0,0.371305376291275,0
2307242,48,0,0.37641653418540955,0
2312675,48,0,0.7138298153877258,1
2312940,48,0,0.3363197147846222,0
2315358,48,1,0.9179717898368835,1
2317702,48,0,0.581981360912323,0
2462027,48,0,0.11132621020078659,0
3033851,48,0,0.4812280833721161,0
3043196,48,0,0.19512401521205902,0
3086047,48,0,0.5949793457984924,0
3096027,48,0,0.5723074674606323,0
3118335,48,0,0.264329731464386,0
3257779,48,0,0.21387574076652527,0
3258340,48,0,0.42540115118026733,0
3274489,48,0,0.3284740149974823,0
3275110,48,0,0.4225187599658966,0
3282970,48,0,0.1672910749912262,0
3283565,48,0,0.47169229388237,0
3283567,48,0,0.0007434020517393947,0
3285911,48,0,0.37594956159591675,0
3286488,48,0,0.37525951862335205,0
3286491,48,0,0.6451055407524109,0
3286498,48,0,0.33116739988327026,0
3287151,48,0,0.3940529227256775,0
3287171,48,0,0.393320232629776,0
3287185,48,0,0.34732329845428467,0
3287365,48,0,0.3482311964035034,0
3287369,48,0,0.38233813643455505,0
3287373,48,0,0.47180458903312683,0
3287409,48,0,0.6445921659469604,0
3287416,48,0,0.5376626253128052,0
3287421,48,0,0.5921183824539185,0
3287458,48,0,0.43344348669052124,0
3287759,48,0,0.8584924340248108,1
3287787,48,0,0.3190416097640991,0
3288448,48,0,0.2575332820415497,0
3288449,48,0,0.7794110178947449,1
3289046,48,0,0.2635880708694458,0
3289053,48,0,0.6458329558372498,0
3289090,48,0,0.7630511522293091,1
3289104,48,0,0.7713947892189026,1
3289906,48,0,0.3594212234020233,0
3289917,48,0,0.38041192293167114,0
3289945,48,0,0.467149019241333,0
3289957,48,0,0.3241718113422394,0
3293433,48,0,0.2991006374359131,0
3294761,48,0,0.35562917590141296,0
3295465,48,0,0.5525979399681091,0
3295466,48,0,0.33055177330970764,0
3295468,48,0,0.6787747740745544,1
3295484,48,0,0.5877094864845276,0
3295486,48,0,0.3590242266654968,0
3295790,48,0,0.7447188496589661,1
3295794,48,0,0.3410223126411438,0
3295818,48,0,0.8955103158950806,1
3295820,48,0,0.6034151911735535,0
3295824,48,0,0.46691200137138367,0
3298220,48,0,0.5903367400169373,0
3298231,48,0,0.7314401268959045,1
3300841,48,0,0.5156943202018738,0
3302055,48,0,0.2511564791202545,0
3302061,48,0,0.6633937954902649,0
3302092,48,0,0.6074375510215759,0
3302197,48,0,0.594337522983551,0
3302240,48,0,0.33959099650382996,0
3302275,48,0,0.5584037899971008,0
3302295,48,0,0.2967163324356079,0
3303220,48,0,0.5087286829948425,0
3304030,48,0,0.5237311720848083,0
3304432,48,0,0.42475780844688416,0
3304679,48,0,0.6034852266311646,0
3304928,48,0,0.4390472173690796,0
3306258,48,0,0.4262502193450928,0
3306401,48,0,0.48974499106407166,0
3306473,48,0,0.40347784757614136,0
3307178,48,0,0.3475807309150696,0
3307215,48,0,0.7676722407341003,1
3308230,48,0,0.6546558141708374,0
3308477,48,0,0.36125653982162476,0
3309701,48,0,0.5451631546020508,0
3310312,48,0,0.5204036831855774,0
3311004,48,0,0.4438020586967468,0
3311772,48,0,0.5402754545211792,0
3311901,48,0,0.6258730888366699,0
3311935,48,0,0.5737225413322449,0
3312784,48,0,0.8052753210067749,1
3313163,48,0,0.7210341691970825,1
3313433,48,0,0.1966964304447174,0
3313464,48,0,0.4107603132724762,0
3315431,48,0,0.5327250361442566,0
3315496,48,0,0.7919169068336487,1
3315597,48,0,0.37404975295066833,0
3315609,48,0,0.5891391038894653,0
3316485,48,0,0.6482383012771606,0
3324306,48,0,0.37546050548553467,0
3326825,48,0,0.6440241932868958,0
3331946,48,0,0.4552229344844818,0
3332354,48,0,0.24231231212615967,0
3332425,48,0,0.3894667625427246,0
3332603,48,0,0.4479003846645355,0
3332614,48,0,0.8048232793807983,1
3334342,48,0,0.5288256406784058,0
3335035,48,0,0.6814650893211365,1
3335041,48,0,0.7096392512321472,1
3335067,48,0,0.3738393187522888,0
3335073,48,0,0.5292747616767883,0
3335092,48,0,0.3996450901031494,0
3335096,48,0,0.62767493724823,0
3336389,48,0,0.41023266315460205,0
3336480,48,0,0.4699086844921112,0
3336484,48,0,0.1886346936225891,0
3340340,48,0,0.6185474991798401,0
3344190,48,0,0.40288636088371277,0
3346043,48,0,0.3672271966934204,0
3346664,48,0,0.5717522501945496,0
3346667,48,0,0.3247901201248169,0
3346671,48,0,0.4232271611690521,0
3346673,48,0,0.43991124629974365,0
3351943,48,0,0.3310016393661499,0
3351965,48,0,5.533895455300808e-05,0
3352598,48,0,0.4135190546512604,0
3352606,48,0,0.42661020159721375,0
3352609,48,0,0.4344831705093384,0
3352697,48,0,0.40908533334732056,0
3353222,48,0,0.2866688370704651,0
3356216,48,0,0.8484202027320862,1
3362199,48,0,0.39816412329673767,0
3362217,48,0,0.4828876256942749,0
3362224,48,0,0.39804571866989136,0
3362468,48,0,0.3968733251094818,0
3362484,48,0,0.39738184213638306,0
3362494,48,0,0.39105573296546936,0
3369601,48,0,0.1830916851758957,0
3372493,48,0,0.11089150607585907,0
3374106,48,0,0.33799058198928833,0
3376204,48,0,0.331779420375824,0
3376359,48,0,0.3097415864467621,0
3378351,48,0,0.4763038456439972,0
3378406,48,0,0.5156676769256592,0
3380930,48,0,0.6462591290473938,0
3381500,48,0,0.3851523697376251,0
3388162,48,0,0.5251350402832031,0
3444154,48,1,0.420091450214386,0
3459544,48,0,0.4032883048057556,0
3519250,48,0,0.39656585454940796,0
3535985,48,1,0.6090612411499023,0
3536436,48,1,0.6197191476821899,0
3646891,48,0,0.16712437570095062,0
4362585,48,0,0.5795397162437439,0
4590261,48,0,0.7831510901451111,1
4590268,48,0,0.6974157094955444,1
4596053,48,0,0.37625330686569214,0
4596055,48,0,0.25907599925994873,0
4596790,48,0,0.33345890045166016,0
4602000,48,0,0.6166021823883057,0
4602013,48,0,0.6034842133522034,0
4604109,48,0,0.3732975721359253,0
4605278,48,0,0.44472232460975647,0
4605287,48,0,0.13570889830589294,0
4605293,48,0,0.3726339042186737,0
4605584,48,0,0.3629031181335449,0
4607636,48,0,0.2938831150531769,0
4607642,48,0,0.33715587854385376,0
4607644,48,0,0.33746033906936646,0
4608037,48,0,0.3871730864048004,0
4608163,48,0,0.38959795236587524,0
4608167,48,0,0.5556381344795227,0
4608182,48,0,0.3886925280094147,0
4609429,48,0,0.31931549310684204,0
4609450,48,0,0.2922164499759674,0
4611382,48,0,0.40475353598594666,0
4620483,48,0,0.5396291017532349,0
4620647,48,0,0.42974963784217834,0
4621507,48,0,0.22560100257396698,0
4625282,48,0,0.7523972392082214,1
4627535,48,0,0.8072834014892578,1
4627543,48,0,0.2379864752292633,0
4628720,48,0,0.445952832698822,0
4632420,48,0,0.368351012468338,0
4632949,48,0,0.6421538591384888,0
4637054,48,0,0.4775954484939575,0
4639341,48,0,0.43448904156684875,0
4639938,48,0,0.39239421486854553,0
4640571,48,0,0.4630178213119507,0
4641296,48,0,0.9585005640983582,1
4642101,48,0,0.6367552876472473,0
4642642,48,0,0.7228773236274719,1
4642650,48,0,0.643238365650177,0
4643617,48,0,0.6712868213653564,1
4644028,48,0,0.36202678084373474,0
4644934,48,0,0.572809100151062,0
4645480,48,0,0.5149341225624084,0
4645539,48,0,0.4334665536880493,0
4646009,48,0,0.37957295775413513,0
4647712,48,0,0.7483567595481873,1
4653923,48,0,0.4252850413322449,0
4654530,48,0,0.41838201880455017,0
4654573,48,0,0.6283398866653442,0
4656370,48,0,0.6069751381874084,0
4656419,48,0,0.5519673228263855,0
4657094,48,0,0.26200416684150696,0
4677904,48,0,0.9284024238586426,1
4688155,48,0,0.6052879095077515,0
4688743,48,0,0.21120567619800568,0
4692401,48,0,0.3915751576423645,0
4707038,48,0,0.4139232337474823,0
4710490,48,0,0.09503379464149475,0
4710507,48,0,0.7097595930099487,1
4711725,48,0,0.5777256488800049,0
4711738,48,0,0.7437876462936401,1
4722739,48,0,0.6126778721809387,0
4723325,48,0,0.3992902636528015,0
4748710,48,0,0.3903570771217346,0
4757290,48,0,0.4178081452846527,0
4774648,48,0,0.41876640915870667,0
4778990,48,0,0.47177237272262573,0
4800310,48,0,0.3720877468585968,0
4802034,48,0,0.43107888102531433,0
4802065,48,0,0.4586412310600281,0
4805770,48,0,0.4804125130176544,0
4827342,48,0,0.290527880191803,0
4852709,48,0,0.6976476907730103,1
4913828,48,0,0.38371628522872925,0
5578471,48,0,0.30201268196105957,0
5793265,48,0,0.4278464913368225,0
6242498,48,0,0.49128419160842896,0
6885282,48,1,0.8243885636329651,1
7061206,48,0,0.3567223846912384,0
7062253,48,0,0.3788152039051056,0
7066736,48,0,0.41585883498191833,0
7071482,48,0,0.3629574775695801,0
7082603,48,0,0.29250168800354004,0
7100844,48,0,0.4017534852027893,0
7171666,48,0,0.48578155040740967,0
7208069,48,0,0.8215563297271729,1
7215225,48,0,0.32389727234840393,0
7218938,48,0,0.019611606374382973,0
7619139,48,0,0.19564756751060486,0
7661940,48,0,0.6992546916007996,1
8899549,48,0,0.40063709020614624,0
9058320,48,0,0.9301547408103943,1
9256309,48,0,0.3859933316707611,0
9259579,48,0,0.3462285101413727,0
9329089,48,0,0.527755618095398,0
9330487,48,0,0.3775981068611145,0
9330904,48,0,0.5914731621742249,0
9335136,48,0,0.6162619590759277,0
9345207,48,0,0.4437737464904785,0
9347223,48,0,0.45080915093421936,0
9349481,48,0,0.4478309452533722,0
9351402,48,0,0.4798421859741211,0
9354066,48,0,0.5166619420051575,0
9358440,48,0,0.4843788743019104,0
9359455,48,0,0.5114055871963501,0
9359473,48,0,0.4789734184741974,0
9362117,48,0,0.6536509990692139,0
9363165,48,0,0.3632219433784485,0
9364173,48,0,0.8186999559402466,1
9387922,48,0,0.40256479382514954,0
9387930,48,0,0.4335436224937439,0
9389902,48,0,0.40153634548187256,0
9389913,48,0,0.4006190896034241,0
9390205,48,0,0.3735826909542084,0
9394161,48,0,0.36203426122665405,0
9409337,48,0,0.40500500798225403,0
9409349,48,0,0.3948628008365631,0
9409956,48,0,0.3983515501022339,0
9448195,48,0,0.6160467863082886,0
9448579,48,0,0.36458727717399597,0
9450321,48,0,0.4051733613014221,0
9454736,48,0,0.18239502608776093,0
9456040,48,0,0.722213625907898,1
9461936,48,0,0.3865109980106354,0
9471318,48,0,0.46096137166023254,0
9472640,48,0,0.000324717431794852,0
9479179,48,0,7.398777961498126e-05,0
9539257,48,0,0.5389106869697571,0
9629830,48,0,0.612056314945221,0
9959617,48,0,0.05389498546719551,0
10270505,48,0,0.36496588587760925,0
10566186,48,0,0.35340815782546997,0
10711115,48,0,0.6656169295310974,0
10845402,48,0,0.33922433853149414,0
10910190,48,0,0.869122326374054,1
11561989,48,1,0.8072594404220581,1
11566029,48,1,0.889592170715332,1
11566998,48,1,0.7816618084907532,1
11567489,48,1,0.7863162159919739,1
11567844,48,1,0.7983441948890686,1
11568832,48,1,0.7868013978004456,1
11568841,48,1,0.880883514881134,1
11569447,48,1,0.5883138179779053,0
11569771,48,1,0.8754077553749084,1
11570254,48,1,0.8644230961799622,1
11570439,48,1,0.6928259134292603,1
11575625,48,1,0.6997473835945129,1
11575639,48,1,0.7287677526473999,1
11576040,48,1,0.9134979844093323,1
11576071,48,1,0.7006104588508606,1
11579855,48,1,0.8586054444313049,1
11579906,48,1,0.8481371402740479,1
11579970,48,1,0.7764719128608704,1
11586864,48,1,0.7509275078773499,1
11587238,48,1,0.6425285935401917,0
11587239,48,1,0.5739629864692688,0
11592499,48,0,0.24017848074436188,0
11698664,48,0,0.718657910823822,1
11933160,48,0,0.5843820571899414,0
13007435,48,0,0.2862696349620819,0
13027062,48,0,0.2569352686405182,0
13035869,48,0,0.40537649393081665,0
13035877,48,0,0.3537951707839966,0
13035881,48,0,0.41754820942878723,0
13036330,48,0,0.7418121695518494,1
13036357,48,0,0.3060591518878937,0
13061704,48,0,0.4119753837585449,0
13140491,48,0,0.7426472902297974,1
13168555,48,0,0.45847374200820923,0
13203919,48,0,0.835391104221344,1
13211265,48,0,0.5105172991752625,0
13224998,48,0,0.5424959063529968,0
13226038,48,0,0.5432024002075195,0
13238065,48,0,0.6850829124450684,1
14141562,48,0,0.4968811571598053,0
14196943,48,0,0.35639363527297974,0
14348310,48,0,0.40855672955513,0
14350591,48,0,0.6462796926498413,0
14351337,48,0,0.6575109362602234,0
14949804,48,1,0.6410530209541321,0
14950644,48,1,0.7493060231208801,1
15225175,48,0,0.22312575578689575,0
15404309,48,0,0.877959132194519,1
15486701,48,0,0.6276585459709167,0
15587899,48,0,0.5419434905052185,0
15588282,48,0,0.3699337840080261,0
15601507,48,0,0.8376683592796326,1
15818749,48,1,0.6916629076004028,1
16056481,48,0,0.42494404315948486,0
16075099,48,0,0.4454636573791504,0
19497952,48,1,0.827667236328125,1
19501341,48,1,0.7636291980743408,1
19502691,48,1,0.697644054889679,1
19544326,48,0,0.3588133454322815,0
21335993,48,0,0.6886509656906128,1
23490117,48,0,0.41369929909706116,0
23785608,48,0,0.4083158075809479,0
24098771,48,0,0.5874167084693909,0
26115433,48,0,0.4304216504096985,0
28736131,48,0,0.37588509917259216,0
32252086,48,0,0.7677204608917236,1
34504653,48,0,0.34376779198646545,0
34514900,48,0,0.5353469252586365,0
36932721,48,0,0.3983616232872009,0
38173991,48,0,0.5006439089775085,0
38731910,48,0,0.27416619658470154,0
45482328,48,1,0.6531460285186768,0
50429923,48,0,0.5602842569351196,0
50430861,48,0,0.36169472336769104,0
56282843,48,0,0.6659570336341858,0
56332416,48,0,0.7898606657981873,1
61809700,48,0,0.799793004989624,1
65233753,48,0,0.43734753131866455,0
75132668,48,0,0.3583785593509674,0
75136455,48,0,0.6382719874382019,0
83767109,48,0,0.40153488516807556,0
99987347,48,0,0.3197232782840729,0
101443442,48,0,0.6242749691009521,0
110842065,48,0,0.5715384483337402,0
114160184,48,0,0.6622995734214783,0
117183505,48,0,0.5270804166793823,0
121546007,48,0,0.46606847643852234,0
155071266,48,0,0.8253991007804871,1
155076784,48,0,0.7239338755607605,1
155083299,48,0,0.40484097599983215,0
155377639,48,0,0.3435680568218231,0
155377785,48,0,0.41098475456237793,0
155377928,48,0,0.4229733943939209,0
155381774,48,0,0.48026058077812195,0
155390099,48,0,0.7682491540908813,1
155460571,48,0,0.7122013568878174,1
155484608,48,0,0.011701652780175209,0
155489162,48,0,0.02415493130683899,0
155553249,48,0,0.4495340883731842,0
155553341,48,0,0.6387147903442383,0
155554019,48,0,0.5419628024101257,0
155554176,48,0,0.5889626741409302,0
155554845,48,0,0.8712630867958069,1
155558177,48,0,0.5248441696166992,0
155668801,48,0,0.5321407914161682,0
155673418,48,0,0.511425793170929,0
155674575,48,1,0.8852881193161011,1
155674580,48,1,0.8826369643211365,1
155674591,48,0,0.742155909538269,1
155675917,48,0,0.6214684844017029,0
155676998,48,0,0.5284401774406433,0
155677280,48,0,0.5646862983703613,0
155681710,48,0,0.48943427205085754,0
155684872,48,0,0.7108443975448608,1
155694140,48,0,0.6963803768157959,1
155787645,48,0,0.2782800793647766,0
709696,49,0,0.047376468777656555,0
1001114,49,0,0.2464141547679901,0
1061125,49,0,0.2822491228580475,0
5313367,49,0,0.23422732949256897,0
9429605,49,0,0.1713961809873581,0
20535678,49,0,0.12225706875324249,0
21644119,49,0,0.4042815566062927,0
26208419,49,0,0.04795932024717331,0
30749704,49,0,0.44642889499664307,0
30751217,49,0,0.15732625126838684,0
36685785,49,0,0.5894506573677063,0
36864715,49,0,0.4760269522666931,0
41402314,49,0,0.3466908931732178,0
47521535,49,0,0.14601008594036102,0
50926361,49,0,0.4321300983428955,0
57345944,49,0,0.21861310303211212,0
59205071,49,0,0.4245609939098358,0
60792816,49,0,0.4115220904350281,0
63160563,49,0,0.4196649193763733,0
65108418,49,0,0.23125380277633667,0
67963170,49,0,0.35557618737220764,0
69828178,49,0,0.2822253406047821,0
70524334,49,0,0.478077232837677,0
71046356,49,0,0.40395480394363403,0
78106386,49,0,0.41878896951675415,0
80329479,49,0,0.35441792011260986,0
82690941,49,0,0.45717933773994446,0
85780276,49,0,0.47378480434417725,0
89749980,49,0,0.43312329053878784,0
92794218,49,0,0.3930893540382385,0
96477709,49,0,0.9302038550376892,1
103206927,49,0,0.1793050616979599,0
104977964,49,0,0.222075954079628,0
105289871,49,0,0.4628278613090515,0
105309415,49,0,0.3656996488571167,0
106877725,49,0,0.15143561363220215,0
109383451,49,0,0.15776324272155762,0
110435615,49,0,0.17818550765514374,0
111526694,49,0,0.49410560727119446,0
113820630,49,0,0.7796050906181335,1
114362759,49,0,0.7089685201644897,1
115309894,49,0,0.804743230342865,1
119820263,49,1,0.7634779214859009,1
121679856,49,0,0.3068910837173462,0
123148866,49,0,0.7409036159515381,1
124241011,49,0,0.17180196940898895,0
124606491,49,0,0.3718632161617279,0
127392097,49,0,0.41203975677490234,0
128417783,49,0,0.4200258255004883,0
143689717,49,0,0.30812767148017883,0
147478192,49,0,0.41852450370788574,0
147587650,49,0,0.3730483949184418,0
148848600,49,0,0.35493943095207214,0
149209137,49,0,0.483593612909317,0
149843562,49,0,0.3744824230670929,0
150391411,49,0,0.6075251698493958,0
151134470,49,0,0.3393925428390503,0
153968113,49,0,0.33750903606414795,0
157574659,49,0,0.8198977112770081,1
157575175,49,0,0.3746233582496643,0
157578987,49,0,0.6222460865974426,0
157579625,49,0,0.8549792170524597,1
157579668,49,0,0.7939509749412537,1
157579674,49,0,0.8785101771354675,1
157579675,49,0,0.6850053071975708,1
157579678,49,0,0.7781922817230225,1
157579684,49,0,0.8538677096366882,1
157579982,49,0,0.7199045419692993,1
157581346,49,0,0.3393944799900055,0
157581347,49,0,0.5633176565170288,0
157581359,49,0,0.3092142641544342,0
157581361,49,0,0.38830962777137756,0
157581524,49,0,0.46749407052993774,0
157581525,49,0,0.3557547628879547,0
157581526,49,0,0.4059349000453949,0
157581531,49,0,0.39909622073173523,0
157581532,49,0,0.7291079759597778,1
157581541,49,0,0.5125205516815186,0
157581542,49,0,0.3737174868583679,0
157581549,49,0,0.4217534065246582,0
157581550,49,0,0.3539673388004303,0
157581561,49,0,0.7706206440925598,1
157581568,49,0,0.3532201051712036,0
157581579,49,0,0.6241922974586487,0
157581582,49,0,0.2675231695175171,0
157581680,49,0,0.4039340317249298,0
157581697,49,0,0.30359846353530884,0
157581699,49,0,0.23763242363929749,0
157581707,49,0,0.223518967628479,0
157581708,49,0,0.9164120554924011,1
157584410,49,0,0.9068254828453064,1
157589239,49,0,0.5261540412902832,0
157589245,49,0,0.7507551312446594,1
157590868,49,0,0.2776132822036743,0
157592200,49,0,0.7902851104736328,1
157592212,49,0,0.771009624004364,1
157594782,49,0,0.5425567626953125,0
157594794,49,0,0.6174700260162354,0
157595699,49,0,0.7412932515144348,1
157595759,49,0,0.7126891613006592,1
157596658,49,0,0.41461181640625,0
157596664,49,0,0.4336228668689728,0
157596720,49,0,0.4017140865325928,0
157596725,49,0,0.39250582456588745,0
157596728,49,0,0.4320501387119293,0
157596730,49,0,0.4361121356487274,0
157596734,49,0,0.40368226170539856,0
157596738,49,0,0.4305588901042938,0
157596907,49,0,0.4021950662136078,0
157597006,49,0,0.40144240856170654,0
157597009,49,0,0.4193311929702759,0
157597769,49,0,0.5017076730728149,0
157597770,49,0,0.3912500739097595,0
157597778,49,0,0.3965509533882141,0
157599321,49,0,0.45591092109680176,0
157599327,49,0,0.420320063829422,0
157599337,49,0,0.40898436307907104,0
157599341,49,0,0.38893023133277893,0
157599342,49,0,0.39266839623451233,0
157600154,49,0,0.7892054915428162,1
157603772,49,0,0.38519883155822754,0
157605352,49,0,0.7982960939407349,1
157605714,49,0,0.2723340392112732,0
157606820,49,0,0.3007393181324005,0
157607141,49,0,0.31385666131973267,0
157607783,49,0,0.4253828823566437,0
157607789,49,0,0.4004400968551636,0
157607791,49,0,0.17038671672344208,0
157607805,49,0,0.39290565252304077,0
157607833,49,0,0.3835309147834778,0
157616121,49,0,0.634360671043396,0
157617732,49,0,0.3782484531402588,0
157617747,49,0,0.2755157947540283,0
157619070,49,0,0.4261375367641449,0
157619071,49,0,0.4193880558013916,0
157621349,49,0,0.647946298122406,0
157621354,49,0,0.8734027147293091,1
157621690,49,0,0.5953170657157898,0
157621696,49,0,0.7662522792816162,1
157622998,49,0,0.7168605923652649,1
157623001,49,0,0.4664616882801056,0
157623004,49,0,0.8159247636795044,1
157623005,49,0,0.5492851138114929,0
157623008,49,0,0.8002844452857971,1
157624987,49,0,0.38525113463401794,0
157626142,49,0,0.4295840561389923,0
157631640,49,0,0.39342567324638367,0
157631642,49,0,0.4020420014858246,0
157631750,49,0,0.3988063633441925,0
157632726,49,0,0.416351318359375,0
157634100,49,0,0.8485568165779114,1
157634641,49,0,0.5374370813369751,0
157634654,49,0,0.3296898305416107,0
157634683,49,0,0.42298176884651184,0
157634688,49,0,0.31553858518600464,0
157636225,49,1,0.656528890132904,0
157636230,49,1,0.5663796663284302,0
157636360,49,0,0.5059621930122375,0
157638186,49,0,0.30473169684410095,0
157638189,49,0,0.8187891840934753,1
157638199,49,0,0.3140700161457062,0
157638295,49,0,0.6525686383247375,0
157639608,49,0,0.35552138090133667,0
157653323,49,0,0.4036504924297333,0
157827208,49,0,0.518225908279419,0
157838888,49,0,0.848113477230072,1
157855335,49,0,0.39493972063064575,0
157855979,49,0,0.522165834903717,0
157856400,49,0,0.3987482190132141,0
157856415,49,0,0.465957373380661,0
157856713,49,0,0.49351173639297485,0
157857384,49,0,0.20367611944675446,0
157857401,49,0,0.49296441674232483,0
157860539,49,0,0.6931241750717163,1
157864782,49,0,0.3925592601299286,0
157864786,49,0,0.38446247577667236,0
157865531,49,0,0.3806397020816803,0
157867980,49,0,0.293805330991745,0
157874159,49,0,0.5691022276878357,0
157884960,49,0,0.49688032269477844,0
157886930,49,0,0.90571528673172,1
157897055,49,0,0.9375076293945312,1
157908358,49,0,0.7861132025718689,1
157908414,49,0,0.41346070170402527,0
157913836,49,0,0.43417641520500183,0
157914141,49,0,0.5330762267112732,0
157929208,49,0,0.14961788058280945,0
157930723,49,0,0.2674553692340851,0
157946384,49,0,0.4377847909927368,0
157946974,49,0,0.4046105742454529,0
157950441,49,0,0.4085982143878937,0
157955769,49,0,0.4253029525279999,0
157966645,49,0,0.4318487346172333,0
157976172,49,0,0.8571811318397522,1
157995493,49,0,0.428037166595459,0
157995799,49,0,0.40079373121261597,0
158269116,49,0,0.824755072593689,1
158269121,49,0,0.7964869737625122,1
158269123,49,0,0.8705037236213684,1
158269124,49,0,0.7749704718589783,1
158269130,49,0,0.86506187915802,1
158269136,49,0,0.8308120369911194,1
158269141,49,0,0.8317780494689941,1
158269145,49,0,0.8040373921394348,1
158269147,49,0,0.8539018630981445,1
158269459,49,0,0.7522823810577393,1
158269461,49,0,0.8137027621269226,1
158269462,49,0,0.7527113556861877,1
158269468,49,0,0.807650625705719,1
158269469,49,0,0.8033536672592163,1
158269480,49,0,0.8997647166252136,1
158269481,49,0,0.9133925437927246,1
158269776,49,0,0.9348856210708618,1
158277093,49,0,0.8211408853530884,1
158277527,49,0,0.7394887208938599,1
158277659,49,0,0.7101467847824097,1
158277669,49,0,0.3766653835773468,0
158280850,49,0,0.5391438603401184,0
158281816,49,0,0.29922792315483093,0
158285738,49,0,0.38874611258506775,0
158287009,49,0,0.7347676753997803,1
158310646,49,0,0.37199676036834717,0
158319076,49,0,0.29578182101249695,0
158337016,49,0,0.5338165760040283,0
158337697,49,0,0.35537317395210266,0
158337784,49,0,0.5518555045127869,0
158345837,49,0,0.36817285418510437,0
158349653,49,0,0.42574480175971985,0
158360758,49,1,0.7151092886924744,1
158360779,49,1,0.4815519452095032,0
158361294,49,1,0.6649301648139954,0
158361339,49,1,0.6372552514076233,0
158361554,49,1,0.5470229387283325,0
158362119,49,1,0.7430499792098999,1
158362959,49,1,0.5597774982452393,0
158365409,49,1,0.7591720223426819,1
158365908,49,1,0.6489191651344299,0
158366067,49,1,0.606465756893158,0
158367221,49,1,0.47796353697776794,0
158367826,49,1,0.5254889130592346,0
158368167,49,1,0.46724945306777954,0
158369508,49,1,0.5729034543037415,0
158371756,49,1,0.5448236465454102,0
158371767,49,1,0.8319584727287292,1
158373268,49,1,0.8014143109321594,1
158373282,49,1,0.6000000238418579,0
158373293,49,1,0.7098619341850281,1
158373296,49,1,0.4458841383457184,0
158373311,49,1,0.5819149613380432,0
158373337,49,1,0.8866472840309143,1
158373606,49,1,0.6837859153747559,1
158374219,49,1,0.5610060691833496,0
158374239,49,1,0.47381749749183655,0
158375075,49,1,0.5197892785072327,0
158375088,49,1,0.5187061429023743,0
158375402,49,1,0.5460478067398071,0
158375408,49,1,0.7652608156204224,1
158375988,49,1,0.5065041780471802,0
158376400,49,1,0.5022233724594116,0
158378208,49,1,0.6862491369247437,1
158378210,49,1,0.7038002610206604,1
158378325,49,1,0.5948734283447266,0
158378328,49,1,0.48545387387275696,0
158378337,49,1,0.6537060141563416,0
158381579,49,0,0.8272292017936707,1
158388394,49,0,0.33376818895339966,0
158388402,49,0,0.4455660581588745,0
158391028,49,0,0.1174837127327919,0
158391434,49,0,0.5173138380050659,0
158391449,49,0,0.29134175181388855,0
158391785,49,0,0.2820490896701813,0
158392339,49,0,0.36923855543136597,0
158394593,49,0,0.353850781917572,0
158397323,49,0,0.2870848476886749,0
158397612,49,0,0.27269014716148376,0
158397925,49,0,0.3251131772994995,0
158398005,49,0,0.4707714021205902,0
158398494,49,0,0.45405977964401245,0
158399717,49,0,0.38172298669815063,0
158400995,49,0,0.3828352987766266,0
158402512,49,0,0.33256253600120544,0
158402581,49,0,0.2949652373790741,0
158402588,49,0,0.3843422532081604,0
158402920,49,0,0.2355155050754547,0
158404015,49,0,0.3087528944015503,0
158404057,49,0,0.3289054036140442,0
158404634,49,0,0.31744781136512756,0
158405236,49,0,0.16419725120067596,0
158405741,49,0,0.15146473050117493,0
158406298,49,0,0.6343098878860474,0
158407939,49,0,0.6442019939422607,0
158573558,49,0,0.8039745688438416,1
158573780,49,0,0.3843650817871094,0
158574146,49,0,0.7497016191482544,1
158574276,49,0,0.32094717025756836,0
158574291,49,0,0.8052332997322083,1
158574304,49,0,0.24339811503887177,0
158574309,49,0,0.48373547196388245,0
158574498,49,0,0.8208568096160889,1
158574502,49,0,0.37696847319602966,0
158574504,49,0,0.3952022194862366,0
158574506,49,0,0.3917738199234009,0
158574513,49,0,0.4617749750614166,0
158574519,49,0,0.808752179145813,1
158574520,49,0,0.39175936579704285,0
158574521,49,0,0.44526228308677673,0
158574901,49,0,0.8272594213485718,1
158574917,49,0,0.8053038716316223,1
158575003,49,0,0.8750148415565491,1
158575145,49,0,0.6165627837181091,0
158575163,49,0,0.853559672832489,1
158577155,49,0,0.5004595518112183,0
158577170,49,0,0.6817978024482727,1
158577513,49,0,0.7201586365699768,1
158578724,49,0,0.7921644449234009,1
158581014,49,0,0.47471895813941956,0
158583653,49,0,0.5416786074638367,0
158585890,49,0,0.8650203347206116,1
158585894,49,0,0.5844414830207825,0
158586297,49,0,0.8387628197669983,1
158589464,49,0,0.4785004258155823,0
158589475,49,0,0.4065452218055725,0
158589488,49,0,0.3919931650161743,0
158589499,49,0,0.5190508365631104,0
158592508,49,0,0.4257017970085144,0
158592510,49,0,0.4952681362628937,0
158594124,49,0,0.4310009777545929,0
158594127,49,0,0.4081575274467468,0
158594129,49,0,0.4231411814689636,0
158596419,49,0,0.4684532880783081,0
158596879,49,0,0.60030597448349,0
158599828,49,0,0.6276288032531738,0
158816890,49,0,0.40028706192970276,0
158921838,49,0,0.9011298418045044,1
159028474,49,1,0.5161921381950378,0
159028476,49,1,0.4796113669872284,0
159032608,49,1,0.5247538089752197,0
159033509,49,1,0.5166006684303284,0
159033510,49,1,0.4788113236427307,0
159033522,49,1,0.7084881663322449,1
159033526,49,1,0.4875355064868927,0
159033864,49,1,0.4960830807685852,0
159034545,49,1,0.5202521681785583,0
159039040,49,1,0.6151963472366333,0
159039422,49,1,0.74062180519104,1
159041022,49,1,0.33000868558883667,0
159041217,49,1,0.5531995296478271,0
159041245,49,1,0.5466143488883972,0
159043651,49,1,0.501341700553894,0
159044411,49,0,0.4028862416744232,0
159049871,49,1,0.45691028237342834,0
159146426,49,0,0.547161877155304,0
159159047,49,0,0.5519444942474365,0
159209006,49,0,0.7284048795700073,1
159445618,49,0,0.4181687831878662,0
159446405,49,0,0.420703649520874,0
159607593,49,0,0.7676753401756287,1
159966577,49,0,0.42089614272117615,0
159967188,49,0,0.3992668390274048,0
160941665,49,0,0.43914446234703064,0
161301419,49,0,0.4381730854511261,0
161418188,49,0,0.37791410088539124,0
161419973,49,0,0.3805483281612396,0
162151384,49,0,0.413670152425766,0
163220740,49,0,0.40431493520736694,0
164169065,49,0,0.4694521129131317,0
164795847,49,0,0.4993777871131897,0
165092713,49,0,0.4128800630569458,0
165093069,49,0,0.3661103844642639,0
166366958,49,0,0.3868468999862671,0
166556233,49,0,0.35691070556640625,0
167586018,49,0,0.525272011756897,0
170913500,49,0,0.4204797148704529,0
171521584,49,0,0.4132808744907379,0
172534038,49,0,0.7393115758895874,1
172568115,49,0,0.30423903465270996,0
173148984,49,0,0.4462589621543884,0
173222908,49,0,0.40427523851394653,0
177602822,49,0,0.44138285517692566,0
177695304,49,0,0.8104676008224487,1
178612336,49,0,0.5772852897644043,0
179125855,49,0,0.4041893184185028,0
180098540,49,0,0.3065393567085266,0
180098541,49,0,0.3534613251686096,0
184411659,49,0,0.6865659356117249,1
184955328,49,0,0.3980615735054016,0
186179334,49,0,0.6645050644874573,0
186369913,49,0,0.8713842630386353,1
187110962,49,0,0.23447665572166443,0
188618549,49,0,0.8596761226654053,1
188619422,49,0,0.31346556544303894,0
188632741,49,0,0.29198160767555237,0
188632772,49,0,0.0007098719943314791,0
188753532,49,0,0.4939301311969757,0
188755263,49,0,0.4030294418334961,0
188759299,49,0,0.7181863784790039,1
188759779,49,0,0.413555771112442,0
188772009,49,0,0.3409811854362488,0
188918286,49,0,0.4023146331310272,0
188961759,49,0,0.4464886486530304,0
189092898,49,0,0.4286693036556244,0
189092998,49,0,0.4251372814178467,0
189132901,49,0,0.3954201638698578,0
189136357,49,0,0.392281174659729,0
189140763,49,0,0.3888210356235504,0
189154265,49,0,0.38600119948387146,0
189189087,49,0,0.3881114423274994,0
189233957,49,0,0.6944946646690369,1
189241730,49,0,0.6676979660987854,0
189680558,49,0,0.39675840735435486,0
189680934,49,0,0.39537686109542847,0
189702177,49,0,0.44085684418678284,0
189713241,49,0,0.44215336441993713,0
189718088,49,0,0.4243805408477783,0
189724493,49,0,0.39034509658813477,0
189727565,49,0,0.3887883424758911,0
189728121,49,0,0.38975629210472107,0
189732109,49,0,0.4458407461643219,0
189739182,49,0,0.4182417690753937,0
189776287,49,0,0.4195671081542969,0
189777417,49,0,0.39671406149864197,0
189778396,49,0,0.412590891122818,0
189778399,49,0,0.46116530895233154,0
189807102,49,0,0.9286180734634399,1
190135471,49,1,0.8078464269638062,1
191863943,49,0,0.6066498160362244,0
192018464,49,0,0.43412357568740845,0
193968898,49,0,0.8497062921524048,1
193978703,49,0,0.7941200137138367,1
193978718,49,0,0.7774487137794495,1
194010390,49,0,0.7489694952964783,1
194015927,49,0,0.5715898275375366,0
194018582,49,0,0.39309802651405334,0
194019720,49,0,0.4415140151977539,0
194020062,49,0,0.384798139333725,0
194027144,49,0,0.39980873465538025,0
194027152,49,0,0.433956116437912,0
194027703,49,0,0.41772258281707764,0
194027717,49,0,0.4171176552772522,0
194027724,49,0,0.41184988617897034,0
194030265,49,0,0.430906742811203,0
194052845,49,0,0.694679319858551,1
194053458,49,0,0.5486592650413513,0
194064275,49,0,0.3992336094379425,0
194064281,49,0,0.3904487192630768,0
194064392,49,0,0.3535011112689972,0
194064396,49,0,0.39572572708129883,0
194064667,49,0,0.4133869409561157,0
194064677,49,0,0.418278306722641,0
194065309,49,0,0.4134010970592499,0
194065318,49,0,0.41901031136512756,0
194065325,49,0,0.40079864859580994,0
194071359,49,0,0.3671080470085144,0
194089125,49,0,0.23903575539588928,0
194089472,49,0,0.24129430949687958,0
194315731,49,0,0.6183631420135498,0
194320795,49,0,0.4521639049053192,0
194321967,49,0,0.7342633008956909,1
194323477,49,0,0.46714693307876587,0
194325790,49,0,0.6264736652374268,0
194326090,49,0,0.4588070213794708,0
194328445,49,0,0.5413999557495117,0
194331394,49,0,0.3558048605918884,0
194331859,49,0,0.4283798635005951,0
194331865,49,0,0.44734862446784973,0
194333989,49,0,0.4130047857761383,0
194334173,49,0,0.3648570775985718,0
194334180,49,0,0.43741917610168457,0
194334187,49,0,0.3940071761608124,0
194334301,49,0,0.42529797554016113,0
194334312,49,0,0.39876264333724976,0
194334585,49,0,0.4110454022884369,0
194334621,49,0,0.39446768164634705,0
194335206,49,0,0.4065302908420563,0
194335216,49,0,0.4150466322898865,0
194345639,49,0,0.37333235144615173,0
67632590,35,0,0.6467351913452148,0
67604352,35,0,0.6598528027534485,0
54852568,35,0,0.7913340926170349,1
64166774,35,0,0.645179808139801,0
67636538,35,0,0.5226601362228394,0
67632593,35,0,0.7088598608970642,1
67648478,35,0,0.5167716145515442,0
64186383,35,0,0.6883708238601685,1
64183303,35,0,0.8687072992324829,1
200636768,36,0,0.3677530884742737,0
216521845,36,0,0.3693220317363739,0
74020470,36,0,0.3521912395954132,0
198814121,36,0,0.40031617879867554,0
200964074,36,0,0.41037318110466003,0
72898028,36,0,0.3506499230861664,0
51968400,36,0,0.3854568600654602,0
200962778,36,0,0.40325602889060974,0
200969687,36,0,0.36610040068626404,0
199321563,36,0,0.3893554210662842,0
200620876,36,0,0.3757019340991974,0
70787113,36,0,0.4030405282974243,0
200979654,36,0,0.4064357578754425,0
200624815,36,0,0.39993587136268616,0
200984698,36,0,0.3684263229370117,0
198829051,36,0,0.33766159415245056,0
200968946,36,0,0.42149707674980164,0
200970408,36,0,0.3765939772129059,0
200028647,36,0,0.5271006226539612,0
200978063,36,0,0.41189736127853394,0
199321560,36,0,0.37958380579948425,0
200634024,36,0,0.3816164433956146,0
73762180,36,0,0.32064545154571533,0
199321551,36,0,0.38644635677337646,0
200979315,36,0,0.3500276207923889,0
72898301,36,0,0.38719630241394043,0
65248246,36,0,0.33666545152664185,0
200966481,36,0,0.37982699275016785,0
200966625,36,0,0.3474804759025574,0
200980514,36,0,0.3867860734462738,0
200981672,36,0,0.4178774356842041,0
74814838,36,0,0.34530892968177795,0
200967019,36,0,0.3844603896141052,0
200975823,36,0,0.4074620306491852,0
200964086,36,0,0.38342201709747314,0
200043601,36,0,0.5525495409965515,0
200970024,36,0,0.3934701085090637,0
200983054,36,0,0.3394632041454315,0
199321362,36,0,0.3538360595703125,0
84942600,36,0,0.39577269554138184,0
39139477,36,0,0.35802286863327026,0
200982478,36,0,0.8503847122192383,1
199321378,36,0,0.37228745222091675,0
78903789,36,0,0.37135714292526245,0
199321359,36,0,0.37368857860565186,0
200638759,36,0,0.3721046447753906,0
202932695,36,0,0.39695054292678833,0
200968752,36,0,0.3979570269584656,0
33426175,36,0,0.4007902145385742,0
201003726,36,0,0.24428340792655945,0
18064411,36,0,0.42868518829345703,0
200984335,36,0,0.3634866178035736,0
201071186,36,0,0.39780303835868835,0
199321380,36,0,0.3961547315120697,0
49692276,36,0,0.38936272263526917,0
9500747,36,0,0.3633963465690613,0
118258721,36,0,0.32805874943733215,0
200978865,36,0,0.31820428371429443,0
72894255,36,0,0.35519519448280334,0
199988983,36,0,0.3646332919597626,0
100457195,36,0,0.34343886375427246,0
200964878,36,0,0.4014287292957306,0
200982516,36,0,0.37534111738204956,0
216521504,36,0,0.3646359145641327,0
199321557,36,0,0.3865462839603424,0
200637376,36,0,0.3995494544506073,0
74814093,36,0,0.33999112248420715,0
200622136,36,0,0.36806437373161316,0
38111789,36,0,0.833158552646637,1
106463807,36,0,0.3422459065914154,0
200983476,36,0,0.35610392689704895,0
198793596,36,0,0.3547695279121399,0
200982528,36,0,0.37830570340156555,0
200980507,36,0,0.3819241523742676,0
200635038,36,0,0.362779825925827,0
200978423,36,0,0.35471516847610474,0
203514078,36,0,0.33703580498695374,0
200963589,36,0,0.41583606600761414,0
200979610,36,0,0.35372886061668396,0
200969572,36,0,0.41454195976257324,0
198814109,36,0,0.3960533142089844,0
132761454,36,0,0.3254939615726471,0
46116600,36,0,0.3269056975841522,0
73187140,36,0,0.376784086227417,0
106025193,36,0,0.354320228099823,0
46201285,36,0,0.3738766014575958,0
57629819,36,0,0.4074694514274597,0
198829052,36,0,0.4079051613807678,0
55903932,36,0,0.3757835626602173,0
216521506,36,0,0.3936786949634552,0
200981216,36,0,0.3952641189098358,0
200982513,36,0,0.4058445990085602,0
72909388,36,0,0.27634623646736145,0
71363968,36,0,0.7477150559425354,1
200978895,36,0,0.3925911486148834,0
200976986,36,0,0.3578610122203827,0
201998234,36,0,0.37776046991348267,0
200984317,36,0,0.3771892189979553,0
200057747,36,0,0.7971276044845581,1
200970414,36,0,0.7866941690444946,1
200978491,36,0,0.3507622480392456,0
200983456,36,0,0.38951340317726135,0
200967213,36,0,0.3778317868709564,0
202010503,36,0,0.37954336404800415,0
74020318,36,0,0.36905816197395325,0
215052628,36,0,0.41858652234077454,0
74020474,36,0,0.348667711019516,0
6727794,36,0,0.417000412940979,0
200979643,36,0,0.41825300455093384,0
52193370,36,0,0.4213360548019409,0
212739621,36,0,0.3738442063331604,0
216559778,36,0,0.4036772847175598,0
29222639,37,0,0.29661858081817627,0
29237239,37,0,0.3778316080570221,0
29240598,37,0,0.3802977502346039,0
30089221,37,0,0.37811341881752014,0
4833857,37,0,0.3969919681549072,0
30095697,37,0,0.48554322123527527,0
29236627,37,0,0.3458991050720215,0
23308178,37,0,0.3764971196651459,0
29236903,37,0,0.3632797598838806,0
19862275,37,0,0.3927728533744812,0
30100202,37,0,0.30029091238975525,0
28802176,37,0,0.31561532616615295,0
10035715,37,0,0.3931930363178253,0
30119104,37,0,0.30744999647140503,0
29240285,37,0,0.40370985865592957,0
30083904,37,0,0.35183295607566833,0
29251176,37,0,0.32529905438423157,0
29107406,37,0,0.364303857088089,0
29251196,37,0,0.35725322365760803,0
29236673,37,0,0.40314409136772156,0
29532367,37,0,0.2999858260154724,0
5714238,37,0,0.315427303314209,0
30118114,37,0,0.3982885181903839,0
29259799,37,0,0.3461211621761322,0
29238214,37,0,0.3767562806606293,0
22076384,37,0,0.29718875885009766,0
29237265,37,0,0.388607919216156,0
29253866,37,0,0.39800772070884705,0
29238776,37,0,0.3354652523994446,0
19862566,37,0,0.39397355914115906,0
30115667,37,0,0.3842041790485382,0
30088118,37,0,0.37299227714538574,0
29513341,37,0,0.27893269062042236,0
9637991,37,0,0.3959609866142273,0
30123670,37,0,0.39615532755851746,0
29211497,37,0,0.39978787302970886,0
38864315,37,0,0.3703042268753052,0
29232206,37,0,0.4069386124610901,0
29257723,37,0,0.3963049054145813,0
23308171,37,0,0.3505201041698456,0
29232119,37,0,0.354361891746521,0
29235148,37,0,0.4266436994075775,0
29703116,37,0,0.36596545577049255,0
29238551,37,0,0.4116215705871582,0
29234700,37,0,0.37526071071624756,0
29264993,37,0,0.4131256937980652,0
18797507,37,0,0.4078230559825897,0
29210136,37,0,0.3856976330280304,0
30121375,37,0,0.3491083085536957,0
29239525,37,0,0.28702011704444885,0
29239520,37,0,0.38941362500190735,0
29232380,37,0,0.3885234296321869,0
114629244,38,0,0.37240153551101685,0
116103139,38,0,0.3488454520702362,0
55534219,38,0,0.3823945224285126,0
114652354,38,0,0.36942386627197266,0
113947689,38,0,0.31607988476753235,0
77118140,38,0,0.38093364238739014,0
28229545,38,0,0.3176349103450775,0
116822460,38,0,0.40198463201522827,0
33057580,38,0,0.3893566429615021,0
9947672,39,0,0.39310184121131897,0
148633702,39,0,0.3625052571296692,0
149570243,39,0,0.35712724924087524,0
149569108,39,0,0.40337520837783813,0
153365280,39,0,0.380306601524353,0
75405043,39,0,0.551755428314209,0
153331582,39,0,0.41070401668548584,0
75404761,39,0,0.7815744876861572,1
149569116,39,0,0.5529265999794006,0
149142484,39,0,0.3521232306957245,0
149569581,39,0,0.35952064394950867,0
149250123,39,0,0.9126452207565308,1
148568433,39,0,0.41904664039611816,0
60731573,39,0,0.8660826683044434,1
153370646,39,0,0.7972952723503113,1
149556728,39,0,0.31668731570243835,0
149569452,39,0,0.41997215151786804,0
44421661,39,0,0.825375497341156,1
152338737,39,0,0.6821125745773315,1
149569579,39,0,0.39428967237472534,0
153371287,39,0,0.7891783118247986,1
148568921,39,0,0.5772097110748291,0
153374395,39,0,0.7266261577606201,1
148568442,39,0,0.4011785387992859,0
148699223,39,0,0.5577465891838074,0
151777042,39,0,0.808792233467102,1
118179866,39,0,0.8087957501411438,1
148652884,39,0,0.5096384882926941,0
152355744,39,0,0.9218006134033203,1
9802715,39,0,0.46264180541038513,0
122251077,39,0,0.8753854036331177,1
148568426,39,0,0.46332865953445435,0
36729550,40,0,0.29750919342041016,0
97830398,40,0,0.35099583864212036,0
96567151,40,0,0.34129467606544495,0
12806658,41,0,0.36595189571380615,0
12978676,41,0,0.8454239964485168,1
12981574,41,0,0.8602304458618164,1
12981956,41,0,0.8028734922409058,1
12806657,41,0,0.3653627932071686,0
71455569,42,0,0.24760903418064117,0
42874117,42,0,0.7771704792976379,1
73248748,42,0,0.8590468764305115,1
72654376,42,0,0.36273831129074097,0
73268173,42,0,0.8323214054107666,1
73250570,42,0,0.7899551391601562,1
73250018,42,0,0.6996240019798279,1
73252045,42,0,0.7526969909667969,1
72681797,42,0,0.47778794169425964,0
3141441,42,0,0.8776642680168152,1
72654611,42,0,0.5163816213607788,0
73267335,42,0,0.8633109927177429,1
98652913,43,0,0.6755505800247192,1
95010512,43,0,0.7140453457832336,1
98652753,43,0,0.30870360136032104,0
98640583,43,0,0.6918479800224304,1
98638916,43,0,0.3772159516811371,0
98651777,43,0,0.6554639339447021,0
91974807,43,0,0.5161151885986328,0
94073046,43,0,0.5816486477851868,0
98652756,43,0,0.478445827960968,0
94942960,43,0,0.32949209213256836,0
98651778,43,0,0.46022260189056396,0
94122042,43,0,0.49787983298301697,0
94282919,43,0,0.455776184797287,0
98652912,43,0,0.7002090215682983,1
94131636,43,0,0.5566251873970032,0
74344109,43,0,0.47424694895744324,0
94300954,43,0,0.47749853134155273,0
27544977,43,0,0.4783300459384918,0
94074607,43,0,0.7362145185470581,1
98663456,43,0,0.3103798031806946,0
90239546,43,0,0.46941009163856506,0
94106222,43,0,0.6758437752723694,1
94076823,43,0,0.5903501510620117,0
98640582,43,0,0.44718098640441895,0
94117759,43,0,0.5708595514297485,0
92041247,43,0,0.6826311945915222,1
94121660,43,0,0.4439553916454315,0
94074322,43,0,0.3208405673503876,0
94119524,43,0,0.6079921722412109,0
49027294,43,0,0.5237099528312683,0
94106235,43,0,0.40683355927467346,0
94105706,43,0,0.5615917444229126,0
94122204,43,0,0.40796542167663574,0
94075210,43,0,0.4066621959209442,0
94129856,43,0,0.605108380317688,0
94120624,43,0,0.5188437700271606,0
94117146,43,0,0.4404585659503937,0
99259921,43,0,0.3295019268989563,0
98652586,43,0,0.413644015789032,0
94280719,43,0,0.6454749703407288,0
94074600,43,0,0.4279327392578125,0
94292248,43,0,0.5982445478439331,0
94075697,43,0,0.33935266733169556,0
105848201,44,0,0.8120440244674683,1
106409581,44,0,0.443710595369339,0
105857991,44,0,0.7262617349624634,1
105848184,44,0,0.7363088130950928,1
105974994,44,0,0.37991979718208313,0
106003750,44,0,0.006166236009448767,0
105788970,44,0,0.8476462364196777,1
106409331,44,0,0.33051061630249023,0
105858206,44,0,0.9987894892692566,1
105858784,44,0,0.7523841261863708,1
105785721,44,0,0.8877072334289551,1
106003753,44,0,0.001983216032385826,0
79587724,44,0,0.6637728810310364,0
78828422,45,0,0.3930710256099701,0
148750534,45,0,0.7886229753494263,1
155720780,45,0,0.853821873664856,1
164756218,45,0,0.8481095433235168,1
121098985,45,0,0.4152122437953949,0
155748671,45,0,0.3987487256526947,0
155661727,45,0,0.3740379810333252,0
156222213,45,0,0.3736089766025543,0
155586758,45,0,0.33498910069465637,0
156289339,45,0,0.40922585129737854,0
155794863,45,0,0.41176941990852356,0
32997128,45,0,0.39509037137031555,0
155655480,45,0,0.3708855211734772,0
164756237,45,0,0.7604637145996094,1
155586757,45,0,0.3709590435028076,0
155720769,45,0,0.3741323947906494,0
155672475,45,0,0.5631946921348572,0
164756230,45,0,0.9016863107681274,1
155586753,45,0,0.3740119934082031,0
155670112,45,0,0.36628663539886475,0
155747593,45,0,0.37145689129829407,0
156289334,45,0,0.4529859721660614,0
155668583,45,0,0.32585784792900085,0
63078865,46,0,0.5439277291297913,0
219399167,47,0,0.38263416290283203,0
218128783,47,0,0.4914562702178955,0
218307607,47,0,0.727605938911438,1
187716426,47,0,0.4028835594654083,0
218128752,47,0,0.48004138469696045,0
218647960,47,0,0.7423998713493347,1
218122643,47,0,0.38957610726356506,0
219394523,47,0,0.3838874399662018,0
218307592,47,0,0.7323722839355469,1
129788216,47,0,0.450103223323822,0
