txId,time_step,y_true,rgcn_score,rgcn_predicted
1813992,35,0,0.07437823,0
2234847,35,0,0.07675076,0
2364754,35,0,0.0,0
2365784,35,0,0.0,0
2503693,35,0,0.002831855,0
3838391,35,0,0.0009127877,0
4387573,35,0,0.0,0
4565154,35,0,0.16889958,0
6722049,35,0,0.013328364,0
7134700,35,1,0.13274442,0
7156740,35,0,0.0,0
7573937,35,0,0.32919362,0
8570131,35,0,0.03186557,0
9009666,35,0,0.115064666,0
9010915,35,0,0.017787136,0
9011388,35,0,0.2406326,0
9012982,35,0,0.03672125,0
9070211,35,0,0.0022137845,0
11908050,35,0,4.659389e-09,0
13489152,35,0,0.37391067,0
13538271,35,0,0.0,0
14051227,35,0,0.0,0
14585134,35,0,0.49677712,0
15158070,35,0,0.2507158,0
15984364,35,0,0.0,0
16058648,35,0,0.23088709,0
16809316,35,0,0.02456726,0
16820321,35,0,0.0,0
16827192,35,0,0.0,0
16922316,35,0,0.4643077,0
17613471,35,0,0.0,0
18458812,35,0,0.100241095,0
22334030,35,0,0.12398827,0
22544783,35,0,1.8237534e-34,0
24547797,35,0,0.020064915,0
26136345,35,0,0.02679504,0
26515239,35,0,0.0,0
27494463,35,0,5.611847e-07,0
27814162,35,0,0.027083118,0
28320734,35,0,0.6517171,0
28883075,35,0,0.0,0
29192598,35,0,0.0,0
32689931,35,0,0.19640122,0
32695528,35,0,0.0,0
34565586,35,0,0.0017474748,0
34890565,35,0,0.0,0
35201427,35,0,0.016273271,0
35201437,35,0,0.0017821573,0
35201438,35,0,0.0014240919,0
36621667,35,0,4.93669e-37,0
37292015,35,0,0.040424835,0
39533205,35,0,0.0,0
39700148,35,0,6.584891e-36,0
41490163,35,0,0.0,0
43081036,35,0,0.0040632277,0
43285945,35,0,1.6651983e-09,0
43396863,35,0,0.0,0
43438823,35,0,4.4338048e-37,0
45367289,35,0,0.026477061,0
45762362,35,0,1.8499432e-36,0
47060129,35,0,0.0,0
47227022,35,0,0.070446976,0
47570116,35,0,0.0034664776,0
48843267,35,0,0.103649065,0
49420740,35,0,0.6448074,0
49909269,35,0,0.12890053,0
51851681,35,0,0.0021101597,0
52931275,35,0,0.034510884,0
53771114,35,0,0.4261444,0
53776304,35,0,0.043402806,0
53777687,35,0,0.19923362,0
53779745,35,0,6.085754e-29,0
53779911,35,0,0.16333196,0
53780299,35,0,0.08843963,0
53780833,35,0,0.25580475,0
53781120,35,0,0.018808514,0
53784210,35,0,0.013484961,0
53784539,35,0,0.17234239,0
53785382,35,0,0.23778169,0
53790648,35,0,0.23834702,0
53858303,35,0,0.08328044,0
53869774,35,0,0.60660136,0
53880956,35,0,2.9215114e-16,0
53881835,35,0,0.0010529121,0
53883844,35,0,3.607449e-15,0
53883877,35,0,0.050199654,0
54196172,35,0,3.1148602e-08,0
54353300,35,0,0.0,0
54388447,35,0,0.05442352,0
54704081,35,0,0.12817581,0
54704834,35,0,0.64426446,0
54704852,35,0,0.42971236,0
54704867,35,0,0.063317865,0
54705516,35,0,8.9849004e-07,0
54708123,35,0,0.0017976818,0
54708146,35,0,4.18342e-08,0
54708178,35,0,0.031121235,0
54708965,35,0,0.21677808,0
54711501,35,0,0.0,0
54712143,35,0,4.493419e-36,0
54712545,35,0,0.025033103,0
54714812,35,0,0.0022573748,0
54715153,35,0,2.1961727e-38,0
54715156,35,0,1.8086007e-35,0
54715734,35,0,0.34589437,0
54716457,35,0,0.85432565,1
54716487,35,0,0.033694044,0
54716899,35,0,0.6116328,0
54717251,35,0,0.57274896,0
54717534,35,0,0.0,0
54717573,35,0,0.0,0
54717633,35,0,0.0,0
54718612,35,0,0.0,0
54719550,35,0,0.0,0
54720900,35,0,0.0,0
54721593,35,0,0.0,0
54723430,35,0,0.27377728,0
54723872,35,0,0.19843975,0
54723880,35,0,0.52639174,0
54723883,35,0,1.9369729e-35,0
54723899,35,0,2.7672922e-35,0
54723920,35,0,0.12691015,0
54723924,35,0,0.6027013,0
54723926,35,0,1.8158395e-34,0
54723938,35,0,1.306464e-34,0
54724510,35,0,0.81282234,1
54724523,35,0,0.7861273,0
54724526,35,0,0.6693423,0
54724844,35,0,0.7603763,0
54724927,35,0,1.8181527e-36,0
54725743,35,0,0.5345202,0
54725746,35,0,0.7182073,0
54725927,35,0,0.09972672,0
54726467,35,0,0.0072485274,0
54726861,35,0,0.12698247,0
54727159,35,0,0.6319789,0
54730919,35,0,0.052495174,0
54731802,35,0,0.33512437,0
54731809,35,0,0.53888345,0
54732569,35,0,0.5889057,0
54732625,35,0,0.58446896,0
54732631,35,0,0.04828202,0
54733451,35,0,0.34565964,0
54733455,35,0,0.31793335,0
54733756,35,0,0.10512845,0
54733759,35,0,0.26958627,0
54733761,35,0,0.3458871,0
54733763,35,0,0.074386895,0
54733770,35,0,0.80411315,1
54733777,35,0,0.114926875,0
54734399,35,0,0.3343976,0
54734409,35,0,0.21702535,0
54734446,35,0,0.1788779,0
54734451,35,0,0.8083273,1
54735821,35,0,3.1812537e-09,0
54736796,35,0,0.00080487516,0
54738990,35,0,0.24839926,0
54745181,35,0,0.19871098,0
54746426,35,0,0.28501615,0
54749029,35,0,1.7868409e-09,0
54749458,35,0,8.23522e-10,0
54749469,35,0,2.553243e-08,0
54749647,35,0,7.9586354e-10,0
54749883,35,0,3.1054935e-08,0
54750086,35,0,2.5660682e-08,0
54751040,35,0,2.7741368e-08,0
54751137,35,0,8.57738e-10,0
54751144,35,0,9.1323854e-10,0
54751363,35,0,1.0968962e-09,0
54752433,35,0,3.951456e-06,0
54752635,35,0,7.365403e-05,0
54752645,35,0,0.020105222,0
54753040,35,0,0.15806332,0
54753410,35,0,0.209962,0
54754128,35,0,2.497803e-10,0
54756362,35,0,0.029908989,0
54757426,35,0,0.07812247,0
54758908,35,0,0.32043004,0
54759620,35,0,0.3624354,0
54759626,35,0,0.2161413,0
54759799,35,1,0.86910826,1
54760548,35,0,3.855093e-16,0
54760551,35,1,0.59646183,0
54762847,35,0,0.04301076,0
54764333,35,0,0.17797583,0
54767813,35,0,0.063749745,0
54768399,35,0,0.0062908833,0
54768400,35,0,0.00039931855,0
54768404,35,0,0.012249229,0
54768598,35,0,0.001959732,0
54768608,35,0,0.0010236508,0
54768930,35,0,0.00038170087,0
54768933,35,0,0.0007342985,0
54769375,35,0,0.0018694282,0
54769378,35,0,0.0060880217,0
54769382,35,0,0.0031623903,0
54769388,35,0,0.00092083414,0
54769550,35,0,0.004391834,0
54769795,35,0,0.0011427152,0
54769801,35,0,0.0031111534,0
54769823,35,0,0.0032570937,0
54770026,35,0,0.002806285,0
54770028,35,0,0.000458053,0
54771037,35,1,0.8961604,1
54771152,35,1,0.7523194,0
54771634,35,0,9.79124e-12,0
54774042,35,0,0.18169244,0
54776346,35,0,1.9483064e-06,0
54776349,35,0,9.4145236e-07,0
54777302,35,0,1.343921e-07,0
54777309,35,0,3.2574428e-07,0
54777326,35,0,0.0020491846,0
54777694,35,0,0.002642384,0
54777895,35,0,0.0022428103,0
54779304,35,0,0.2145022,0
54779337,35,0,0.48129687,0
54783807,35,0,8.2381375e-06,0
54785837,35,1,0.837348,1
54788931,35,1,0.87795895,1
54789177,35,0,0.015464411,0
54790821,35,0,0.009233087,0
54790859,35,0,0.12684676,0
54791816,35,0,0.7440698,0
54793796,35,0,0.00056258467,0
54795004,35,0,0.00084768684,0
54795008,35,0,2.9759633e-05,0
54795283,35,0,0.0011365067,0
54795574,35,0,0.046646014,0
54795999,35,0,0.0011254686,0
54796088,35,0,0.20500705,0
54796364,35,0,0.037589446,0
54796612,35,0,0.22237585,0
54798281,35,0,0.01696953,0
54799858,35,0,0.013823504,0
54801683,35,0,0.016244052,0
54802206,35,0,0.111780144,0
54802909,35,0,0.010045505,0
54803131,35,0,0.179011,0
54803345,35,0,0.002407798,0
54803350,35,0,0.0049025994,0
54803353,35,0,0.04410267,0
54803357,35,0,0.0011015523,0
54804228,35,0,0.006237197,0
54804347,35,0,0.04533381,0
54804627,35,0,0.6157146,0
54804733,35,0,0.06777896,0
54804748,35,0,0.000108480264,0
54805075,35,0,0.0021477032,0
54805330,35,0,0.531328,0
54805361,35,0,0.07155965,0
54805580,35,0,0.1887574,0
54807174,35,0,6.082434e-06,0
54807376,35,0,0.01611431,0
54808415,35,0,1.2785332e-35,0
54808439,35,0,0.013368211,0
54808857,35,0,0.17123885,0
54809575,35,0,2.4961194e-12,0
54810585,35,0,0.038706165,0
54810844,35,0,0.20093313,0
54810848,35,0,0.34297466,0
54810851,35,0,0.2875148,0
54810858,35,0,0.81639874,1
54810865,35,0,0.035187695,0
54810885,35,0,0.0014983225,0
54811017,35,0,9.8440214e-05,0
54811283,35,0,2.1462865e-06,0
54812037,35,0,0.29332682,0
54812078,35,0,0.0020265952,0
54812297,35,0,0.40315217,0
54813115,35,0,0.023775835,0
54813121,35,0,0.57144874,0
54813370,35,0,0.00073524204,0
54813638,35,0,0.79502904,1
54814169,35,0,0.00030148,0
54814303,35,0,0.39618772,0
54814380,35,0,0.0072487984,0
54814416,35,0,0.47449797,0
54815128,35,0,0.018117094,0
54816062,35,0,0.19428141,0
54816605,35,0,0.18925723,0
54818110,35,0,0.51096296,0
54818215,35,0,0.0014499145,0
54821175,35,0,0.4077555,0
54821827,35,0,0.53120124,0
54821835,35,0,0.5603945,0
54821855,35,0,0.39156464,0
54824782,35,0,0.00040797173,0
54824800,35,0,0.049853798,0
54824999,35,0,0.27530995,0
54825497,35,0,0.010372649,0
54826016,35,0,0.42178676,0
54826507,35,0,0.06122027,0
54826797,35,0,0.13911125,0
54826806,35,0,0.6188199,0
54826814,35,0,0.014500111,0
54827393,35,0,0.09803213,0
54828183,35,0,0.00043699562,0
54829893,35,0,0.118511714,0
54830536,35,0,0.1567536,0
54831151,35,0,0.11842823,0
54831431,35,0,0.10767253,0
54831581,35,0,0.6011847,0
54832126,35,0,0.00057477027,0
54832425,35,0,0.0013616916,0
54832573,35,0,0.64673716,0
54832862,35,0,0.01504431,0
54833115,35,0,0.030891256,0
54833461,35,0,0.1262117,0
54833710,35,0,0.008520394,0
54836178,35,0,0.04485383,0
54836677,35,0,0.0012140069,0
54836963,35,0,0.00084674155,0
54837256,35,0,0.027227513,0
54838144,35,0,0.012189595,0
54838172,35,0,0.077384844,0
54838179,35,0,0.08964602,0
54838218,35,0,0.020190833,0
54839841,35,0,0.39971825,0
54840029,35,0,0.037513852,0
54840054,35,0,0.0008555476,0
54840108,35,0,5.8555725e-07,0
54841028,35,0,0.016764468,0
54841397,35,0,0.013000932,0
54842233,35,0,6.5348934e-36,0
54844256,35,0,0.53320724,0
54845178,35,0,0.086155295,0
54845983,35,0,0.018239493,0
54847261,35,0,0.0035062148,0
54847270,35,0,0.038724735,0
54848711,35,0,0.005479095,0
54849148,35,0,0.046449427,0
54851328,35,0,0.08981848,0
54851334,35,0,0.015829524,0
54853134,35,0,1.8225624e-06,0
54853462,35,0,2.7422902e-05,0
54853508,35,0,0.13771491,0
54853520,35,0,0.0003864167,0
54854333,35,0,5.0442326e-05,0
54855612,35,0,0.6415973,0
54855813,35,0,0.06460794,0
54855815,35,0,5.619209e-05,0
54856328,35,0,0.20157133,0
54857201,35,0,0.35680577,0
54859933,35,0,0.3916923,0
54861756,35,0,9.464015e-09,0
54862521,35,0,0.0,0
54865207,35,0,0.03080581,0
54866474,35,0,0.09466778,0
54868919,35,0,0.0014108622,0
54869389,35,0,0.0052441196,0
54871606,35,0,0.050955757,0
54872531,35,0,0.60936075,0
54872625,35,1,0.907671,1
54874060,35,0,0.049380727,0
54878673,35,0,0.09084097,0
54878850,35,1,0.9231562,1
54878851,35,1,0.8958993,1
54878901,35,1,0.46697313,0
54878909,35,1,0.5617591,0
54879764,35,0,1.1784923e-34,0
54879906,35,0,0.15441166,0
54879907,35,1,0.7122157,0
54880124,35,0,3.2549872e-09,0
54885834,35,0,0.0,0
54885855,35,0,0.026903095,0
54885869,35,0,0.0,0
54885872,35,0,0.0,0
54885883,35,0,0.0,0
54885945,35,0,2.4634463e-05,0
54885952,35,0,0.0,0
54886124,35,0,0.015475456,0
54886129,35,0,0.0,0
54886134,35,0,0.0,0
54887066,35,0,0.00036770853,0
54887344,35,0,0.0,0
54888223,35,0,0.10517694,0
54888229,35,0,0.0,0
54893254,35,0,0.05635755,0
54896381,35,0,0.0,0
54896405,35,0,0.0005684881,0
54904991,35,0,0.0051371637,0
54906193,35,0,0.0049268194,0
54906489,35,0,0.14143436,0
54912139,35,1,0.44888458,0
54912141,35,1,0.7439754,0
54912983,35,0,0.5529924,0
54913453,35,0,4.4079874e-07,0
54913455,35,0,0.0,0
54915900,35,0,0.18921584,0
54918482,35,0,0.05852805,0
54918774,35,0,0.10572396,0
54919199,35,0,0.5191262,0
54922172,35,0,0.0020307386,0
54929170,35,0,0.075953774,0
54929556,35,0,0.0065947305,0
54930421,35,0,0.02269651,0
54932909,35,0,0.77808636,0
54934554,35,0,1.5424524e-09,0
54936064,35,0,0.0013612502,0
54948165,35,0,0.0,0
54959120,35,0,0.01771638,0
54959207,35,0,0.32968232,0
54959212,35,0,0.25933838,0
54965024,35,0,2.1063214e-35,0
54965309,35,0,1.11535236e-35,0
54966960,35,0,0.24681328,0
54977212,35,0,0.12218571,0
54977464,35,0,0.000586245,0
55106944,35,0,0.006050283,0
55106947,35,0,0.043495506,0
55109779,35,0,0.45509404,0
55111562,35,1,0.74896944,0
55118035,35,0,0.3830166,0
55118487,35,0,1.4398952e-08,0
55121160,35,0,0.0,0
55121162,35,0,7.078192e-10,0
55121172,35,0,4.9043195e-34,0
55121190,35,0,0.0,0
55121372,35,0,1.4152243e-34,0
55182518,35,0,0.2218884,0
55214893,35,0,0.046307776,0
55239131,35,0,0.0,0
55246666,35,0,2.1595902e-07,0
55246758,35,0,0.052204795,0
55256205,35,0,0.0,0
55257343,35,0,0.1418309,0
55258302,35,0,0.103084214,0
55671198,35,0,0.00010165029,0
55678052,35,0,0.5285262,0
55678053,35,0,0.54326004,0
55690201,35,0,1.4609454e-11,0
55692335,35,0,0.1369691,0
55699103,35,0,1.8497792e-08,0
55705770,35,0,0.20508182,0
55713378,35,0,0.014504779,0
55713620,35,0,0.008242324,0
55732951,35,0,0.0008868673,0
55734283,35,0,0.01595115,0
55734286,35,0,0.1119517,0
55734423,35,0,0.65282875,0
55735923,35,0,0.21384542,0
55768753,35,0,4.1282717e-36,0
55777865,35,0,2.7022598e-35,0
55797479,35,0,0.026340649,0
55799881,35,0,0.08409081,0
55903635,35,0,0.1372597,0
55904589,35,0,0.10154672,0
55917717,35,0,4.824088e-34,0
55919691,35,0,0.0,0
55921395,35,0,0.0052959532,0
55921908,35,0,0.032994058,0
55928256,35,0,0.0016020723,0
55928261,35,0,4.042903e-07,0
55936804,35,0,8.8477565e-05,0
55939055,35,0,0.007363256,0
55951263,35,0,1.263262e-35,0
55954176,35,0,2.2748714e-35,0
55961979,35,0,4.8430794e-34,0
55963670,35,0,0.0013751764,0
55969540,35,0,0.042395543,0
55970009,35,0,0.48616326,0
55970289,35,0,0.0,0
55981433,35,0,0.0053055855,0
55982677,35,0,0.0008889143,0
55987783,35,0,5.396048e-34,0
55989254,35,0,0.023141908,0
55990351,35,0,0.06442651,0
55999645,35,0,0.5631823,0
56001686,35,0,0.029252546,0
56001916,35,0,0.19799489,0
56004984,35,1,0.80414766,1
56032497,35,0,4.496319e-35,0
56038001,35,0,6.0930556e-34,0
56048884,35,0,5.854679e-10,0
56049406,35,0,0.006799502,0
56086604,35,0,0.0054378277,0
56092515,35,0,0.00347011,0
56096954,35,0,0.012250792,0
56110829,35,0,3.7220335e-37,0
56110851,35,0,0.008937101,0
56113863,35,0,0.0070616244,0
56113868,35,0,0.059410427,0
56114940,35,0,6.193687e-05,0
56117902,35,0,0.005728291,0
56117903,35,0,0.08050955,0
56120732,35,0,0.024590226,0
56120733,35,0,0.008901904,0
56121607,35,0,0.13811733,0
56123429,35,0,0.0034661533,0
56123930,35,0,0.00031350224,0
56127938,35,0,0.04553655,0
56128498,35,0,0.026675204,0
56130548,35,0,0.3499013,0
56131331,35,0,0.021155331,0
56165616,35,0,0.500717,0
56199750,35,0,5.4382165e-37,0
56215656,35,0,4.045186e-07,0
56215674,35,0,0.00081210467,0
56234683,35,0,3.7389753e-05,0
56234684,35,0,0.0035602702,0
56234694,35,0,0.17156342,0
56240836,35,0,0.55608386,0
56242196,35,1,0.90263146,1
56255918,35,0,7.331412e-08,0
56264184,35,0,0.0012327008,0
56278048,35,0,0.26247025,0
56278480,35,0,0.50410366,0
56279506,35,0,0.3241432,0
56280192,35,0,0.0064506726,0
56287995,35,0,0.031877805,0
56288197,35,0,1.740856e-33,0
56301128,35,0,0.010877986,0
56329117,35,0,0.0027167327,0
56333891,35,0,0.6359586,0
56336772,35,0,0.046021633,0
56337133,35,0,0.14437068,0
56352710,35,0,0.5245221,0
56369991,35,0,0.82976943,1
56395468,35,0,1.2412228e-07,0
56524758,35,0,0.0,0
56532833,35,0,0.038547214,0
56533444,35,0,0.4750072,0
56539973,35,0,0.0017663898,0
56614050,35,0,0.3202561,0
56614055,35,0,0.19210549,0
56614059,35,0,1.897268e-08,0
56693174,35,0,0.0003365005,0
56707264,35,0,0.72743386,0
56777808,35,0,0.015647387,0
56783023,35,0,0.034888383,0
56784750,35,0,0.0069556595,0
56784754,35,0,0.032003306,0
56784794,35,0,0.004150112,0
56784795,35,0,0.25185278,0
56787106,35,0,4.3135003e-08,0
56859447,35,0,0.43726724,0
56924092,35,0,0.049652815,0
56979223,35,0,1.3770587e-08,0
57014736,35,0,0.054202992,0
57017238,35,1,0.91004515,1
57017683,35,0,0.0025150378,0
57024278,35,0,0.5646913,0
57062175,35,0,1.2865358e-07,0
57074191,35,0,0.04472086,0
57083717,35,0,8.82299e-37,0
57095769,35,0,0.033745997,0
57124631,35,0,0.48698705,0
57132375,35,0,0.048425354,0
58564927,35,0,0.0362525,0
58975531,35,0,0.030714534,0
59488377,35,0,1.31652e-34,0
62035059,35,0,0.0007472585,0
62138030,35,0,0.004322943,0
62154976,35,0,0.030395389,0
62161756,35,0,0.018945243,0
62181130,35,0,0.49456158,0
62237620,35,0,0.00181866,0
62237626,35,0,3.2517502e-07,0
62240726,35,0,0.016152412,0
62240911,35,0,9.4915035e-37,0
62241667,35,0,1.2808981e-13,0
62241682,35,0,0.025209911,0
62243389,35,0,0.0039013694,0
62243420,35,0,6.360595e-35,0
62243731,35,0,0.118091635,0
62257079,35,0,0.07049002,0
62264967,35,0,1.8034139e-34,0
62264968,35,0,1.5469596e-36,0
62337431,35,0,0.39490676,0
62595001,35,0,0.06313721,0
62595438,35,0,0.22830507,0
62595452,35,0,0.07616694,0
62599108,35,0,0.08787061,0
62601402,35,0,0.10468165,0
62601403,35,0,8.026325e-35,0
62668414,35,0,0.2861621,0
62722471,35,0,0.013590324,0
62723195,35,0,0.00046831043,0
63018297,35,0,0.20137309,0
63069519,35,0,0.7976514,1
63108756,35,0,0.054264396,0
63109243,35,0,3.7409981e-35,0
63749433,35,0,0.4782098,0
63819321,35,0,2.6017533e-35,0
64069335,35,0,0.3673972,0
64082788,35,0,0.06617683,0
64181087,35,0,0.02253621,0
64189565,35,0,0.22682258,0
64192203,35,0,0.09162898,0
64194350,35,0,5.29304e-16,0
64198359,35,0,0.0037232293,0
64199616,35,0,0.0015183375,0
64203116,35,0,0.26237667,0
64208517,35,0,0.020362224,0
64211564,35,0,0.04754131,0
64220417,35,0,0.06887462,0
64221694,35,0,0.021134818,0
64271102,35,0,0.0062966356,0
64346631,35,0,0.00038975972,0
64413379,35,0,0.001200548,0
64444224,35,0,0.151533,0
64523668,35,0,0.0059116883,0
64868201,35,0,0.46644944,0
64879504,35,0,0.13248488,0
64879505,35,0,0.058976527,0
64879544,35,0,0.27785528,0
65255986,35,0,0.19203943,0
65271190,35,0,0.0014179662,0
65496695,35,0,2.0669998e-07,0
66443314,35,0,1.5253644e-08,0
67005848,35,0,0.00065969164,0
67546875,35,0,1.4614747e-34,0
67548722,35,0,1.7546482e-09,0
67548736,35,0,0.7652136,0
67548739,35,0,0.008304453,0
67555648,35,0,0.09384498,0
67555862,35,0,0.6678235,0
67556646,35,0,0.88366854,1
67556652,35,0,0.45731258,0
67556667,35,0,0.58100057,0
67556907,35,0,0.25081518,0
67557160,35,0,0.21792424,0
67557168,35,0,0.38326037,0
67557171,35,0,0.45647758,0
67557179,35,0,0.36004975,0
67557268,35,0,0.3573291,0
67557272,35,0,0.26422402,0
67558660,35,0,0.00042047902,0
67562160,35,0,0.040751405,0
67562982,35,0,0.42161632,0
67562983,35,0,0.3448339,0
67562985,35,0,0.7344672,0
67562986,35,0,0.40445262,0
67562987,35,0,0.11658791,0
67562988,35,0,0.059758205,0
67563833,35,0,0.049518697,0
67565986,35,0,0.026781436,0
67565988,35,0,0.00170649,0
67568711,35,0,0.649666,0
67572549,35,0,0.00038662675,0
67572666,35,0,0.21589155,0
67572674,35,1,0.9441223,1
67573113,35,1,0.952711,1
67573534,35,0,0.017312456,0
67573535,35,0,0.01621945,0
67573673,35,0,1.7218955e-09,0
67573682,35,0,0.00013460073,0
67575027,35,0,7.856243e-10,0
67575780,35,1,0.8204775,1
67575821,35,0,0.0017099767,0
67575835,35,1,0.6216336,0
67575965,35,1,0.50859326,0
67576294,35,0,0.070482425,0
67576304,35,1,0.33868438,0
67576436,35,1,0.8352557,1
67576439,35,1,0.7434899,0
67576672,35,0,1.3399029e-33,0
67581732,35,0,3.4087574e-07,0
67582896,35,0,0.0021214536,0
67582897,35,0,0.60718817,0
67583000,35,0,8.1282985e-07,0
67584861,35,1,0.8191844,1
67584867,35,1,0.6641069,0
67585644,35,1,0.91237414,1
67585727,35,1,0.8472427,1
67585812,35,1,0.9027052,1
67586049,35,0,0.49014786,0
67586063,35,1,0.87046874,1
67586067,35,0,9.927858e-16,0
67586146,35,0,2.9735242e-16,0
67594169,35,1,0.6138885,0
67594170,35,0,4.2690881e-16,0
67594178,35,1,0.92963016,1
67594988,35,1,0.92001224,1
67597090,35,0,4.4878124e-08,0
67597117,35,1,0.86869043,1
67597127,35,0,0.0044986424,0
67597195,35,0,0.0004076143,0
67597811,35,0,0.018098239,0
67597991,35,0,0.0012397398,0
67597994,35,0,0.0016824821,0
67597999,35,0,0.0027706204,0
67598003,35,0,0.0048456164,0
67598007,35,0,0.006308366,0
67598679,35,0,0.020550638,0
67600922,35,1,0.95482683,1
67602987,35,0,8.320522e-05,0
67602991,35,0,0.15786575,0
67603015,35,1,0.9318926,1
67603016,35,0,0.0095375,0
67603017,35,1,0.9904461,1
67603018,35,1,0.9285126,1
67603024,35,1,0.74692947,0
67603027,35,0,0.04783175,0
67603033,35,1,0.5454526,0
67603154,35,1,0.6973246,0
67603155,35,1,0.9779018,1
67603196,35,1,0.9526523,1
67604001,35,1,0.56785864,0
67604028,35,0,0.00041741744,0
67604368,35,0,0.06426552,0
67604406,35,0,0.73888683,0
67604409,35,0,0.2709867,0
67604515,35,0,0.00036640908,0
67605068,35,0,0.016978638,0
67605524,35,0,0.002270068,0
67605758,35,0,0.005719772,0
67606194,35,0,1.8691019e-37,0
67607221,35,0,1.0367831e-05,0
67607797,35,0,0.34492368,0
67609337,35,0,0.29741225,0
67609773,35,0,0.1576934,0
67609813,35,0,0.0009178332,0
67611213,35,0,0.10269313,0
67611224,35,0,0.12459567,0
67611417,35,0,0.013169322,0
67611432,35,0,0.050035357,0
67611506,35,0,0.008256938,0
67611688,35,0,0.03954853,0
67612036,35,0,0.32699877,0
67612044,35,0,0.0034949703,0
67612048,35,0,0.1422222,0
67612507,35,0,0.03906694,0
67612509,35,0,0.04135766,0
67612517,35,0,0.6454348,0
67614430,35,0,0.24485628,0
67614542,35,0,0.017016549,0
67615139,35,0,0.10668048,0
67615800,35,0,0.009784763,0
67617138,35,0,0.0213855,0
67617347,35,0,0.00012092007,0
67617348,35,0,0.017062336,0
67617361,35,0,0.0059558153,0
67617547,35,0,2.2774802e-07,0
67622489,35,0,0.046236377,0
67624013,35,0,0.023428693,0
67625970,35,0,0.4443077,0
67626761,35,0,0.00821384,0
67627062,35,0,0.13003421,0
67627099,35,0,0.9256829,1
67627226,35,0,0.09268641,0
67627706,35,0,0.019469164,0
67627710,35,0,8.793143e-05,0
67627719,35,0,0.013804008,0
67628055,35,0,0.9999306,1
67628061,35,0,0.02089066,0
67628070,35,0,0.30099523,0
67628074,35,0,0.017319335,0
67628075,35,0,0.94885665,1
67628078,35,0,2.5550895e-08,0
67628079,35,0,0.16712084,0
67628274,35,0,0.021249112,0
67628277,35,0,0.08816558,0
67628281,35,0,2.8251744e-08,0
67628282,35,0,0.0046364074,0
67628399,35,0,0.038275987,0
67628407,35,0,0.59964454,0
67628428,35,0,0.85942554,1
67628442,35,0,0.0,0
67628472,35,0,0.15498535,0
67628477,35,0,0.020751538,0
67628673,35,0,0.03942064,0
67628742,35,0,0.12128489,0
67629086,35,0,0.0795248,0
67629185,35,0,0.26896247,0
67629192,35,0,0.0002495226,0
67629274,35,0,0.18356116,0
67629541,35,0,0.29604203,0
67629557,35,0,5.620122e-36,0
67630838,35,0,0.08256617,0
67631240,35,0,0.60320634,0
67631244,35,0,0.5654177,0
67632042,35,0,0.007929782,0
67632075,35,0,0.05447933,0
67632396,35,0,0.00015966465,0
67632404,35,0,0.18932179,0
67633244,35,0,0.29230496,0
67633247,35,0,0.06703615,0
67633486,35,1,0.77903306,0
67634508,35,0,0.61151123,0
67634530,35,0,0.4658733,0
67634535,35,0,0.33986014,0
67634539,35,0,0.08838448,0
67634540,35,0,0.099575184,0
67636472,35,0,0.32134604,0
67639053,35,0,0.008095292,0
67639703,35,0,0.06257674,0
67642086,35,0,0.37074918,0
67642643,35,0,0.38585716,0
67642652,35,0,0.0012069644,0
67642950,35,0,0.24656892,0
67642959,35,0,0.0030599777,0
67643195,35,0,1.798352e-14,0
67644958,35,0,0.01970095,0
67645832,35,0,0.052159272,0
67646035,35,0,0.06437028,0
67646735,35,0,0.1205648,0
67648024,35,0,0.033328287,0
67648029,35,0,0.0055419854,0
67648453,35,0,2.5202762e-14,0
67649169,35,0,0.07499639,0
67649196,35,0,0.00041258152,0
67651174,35,0,0.04250055,0
67651501,35,0,0.0035545705,0
67653845,35,0,0.15440081,0
67654240,35,0,0.34000266,0
67654242,35,0,0.77516454,0
67654371,35,0,1.5575834e-20,0
67654461,35,0,0.24839452,0
67654470,35,0,0.018833099,0
67654663,35,0,9.0708e-27,0
67654735,35,0,0.0017260909,0
67655158,35,0,0.00021256767,0
67656079,35,1,0.7653081,0
67656601,35,1,0.821718,1
67656766,35,0,0.44132772,0
67656769,35,0,0.1993988,0
67657161,35,0,0.0056732805,0
67657823,35,1,0.797995,1
67657844,35,1,0.8722664,1
67657849,35,1,0.8583261,1
67658971,35,1,0.7722579,0
67661738,35,1,0.8847678,1
67661739,35,1,0.7031868,0
67665312,35,1,0.76485056,0
67665318,35,1,0.7046026,0
67665408,35,1,0.66034436,0
67668321,35,0,0.33708343,0
67669432,35,1,0.7781365,0
67669603,35,0,0.0032675967,0
67669853,35,0,0.2932132,0
67670413,35,0,0.12155785,0
67670415,35,0,0.0068935663,0
67670596,35,1,0.89871824,1
67670706,35,1,0.7583125,0
67670945,35,1,0.83411866,1
67671212,35,1,0.74298173,0
67671717,35,1,0.9585208,1
67672857,35,0,0.0045581777,0
67672878,35,0,0.9522174,1
67672879,35,0,2.730117e-16,0
67672890,35,0,0.051199123,0
67672891,35,0,0.03135545,0
67672895,35,1,0.7026751,0
67673076,35,1,0.42072302,0
67673399,35,1,0.7839488,0
67673928,35,1,0.821848,1
67674072,35,1,0.8697599,1
67674079,35,1,0.866073,1
67679668,35,1,0.5056968,0
67679673,35,0,0.2103199,0
67681829,35,1,0.61212766,0
67681867,35,0,0.23492517,0
67682157,35,1,0.8307082,1
67682556,35,1,0.9123066,1
67682778,35,1,0.8345152,1
67686377,35,1,0.68864304,0
67686381,35,0,0.2983635,0
67686746,35,0,2.9391896e-35,0
67686748,35,1,6.8412393e-13,0
67687673,35,1,0.20906916,0
68900424,35,0,0.0027320657,0
68936051,35,0,0.061357558,0
68943318,35,1,0.90486395,1
68945302,35,1,0.90232444,1
68945489,35,0,1.9435728e-15,0
68949585,35,1,0.9057368,1
68952830,35,1,0.3543077,0
68953714,35,0,8.242875e-05,0
68953869,35,0,0.00023790686,0
68954616,35,1,0.4055408,0
68954996,35,1,0.9063231,1
68956752,35,1,0.90571284,1
68956910,35,1,0.90602255,1
68957072,35,1,0.9039463,1
68957134,35,0,0.06297699,0
68957502,35,0,0.015223802,0
68958435,35,0,0.2220839,0
68960278,35,0,0.008432045,0
68960287,35,0,0.034946516,0
68960292,35,0,0.001928308,0
68960298,35,0,0.015767444,0
68968804,35,0,0.0014779936,0
68969569,35,0,0.49503163,0
68971841,35,0,0.14868838,0
68976860,35,1,0.8961653,1
68978779,35,0,1.6449882e-06,0
68980397,35,1,0.90503114,1
68980512,35,1,0.9055293,1
68980597,35,1,0.9060796,1
68982016,35,1,0.9086925,1
68984781,35,1,0.9081319,1
68984782,35,0,1.8417277e-08,0
68986317,35,1,0.904975,1
68986786,35,1,0.9028522,1
68986876,35,1,0.9012208,1
68986958,35,0,2.141607e-34,0
68986962,35,0,3.5426776e-34,0
68987712,35,0,1.7575358e-35,0
68988025,35,0,1.580863e-35,0
68988032,35,0,3.4567067e-34,0
68988234,35,0,3.0378053e-34,0
68988443,35,1,0.9053006,1
68988638,35,0,0.10949477,0
68988797,35,1,0.90544546,1
68990207,35,1,0.9054824,1
68992395,35,0,0.6640105,0
68995268,35,1,0.6647854,0
68996231,35,0,0.5372796,0
68997683,35,0,0.3173809,0
69016047,35,0,1.1711763e-07,0
69016574,35,0,9.511486e-08,0
69266648,35,0,0.0007442442,0
69269369,35,0,0.019203331,0
69279489,35,0,0.5559247,0
69280653,35,0,0.32101375,0
69281857,35,0,1.2247136e-08,0
69281981,35,0,0.1772063,0
69282266,35,0,0.07286261,0
69282548,35,0,0.07422178,0
69285652,35,0,0.45457605,0
69287954,35,0,0.5663733,0
69289728,35,0,0.08803345,0
69290000,35,0,0.010337222,0
69290304,35,0,0.08983294,0
69305758,35,0,0.0147198215,0
69315004,35,0,7.875327e-10,0
69315009,35,0,1.9209647e-09,0
69316086,35,0,2.700736e-08,0
69318643,35,1,0.8513503,1
69319474,35,1,0.86886245,1
69320027,35,1,0.79843956,1
69320862,35,1,0.9987344,1
69326133,35,0,0.004380061,0
69328545,35,0,0.17007005,0
69328547,35,0,0.13913149,0
69330912,35,1,4.5428546e-06,0
69330928,35,1,0.59117275,0
69343352,35,1,0.85968083,1
69346273,35,1,0.9530552,1
69349008,35,0,3.6617777e-07,0
69349381,35,0,1.5924519e-07,0
69349487,35,0,0.0036488983,0
69349585,35,0,0.0034973659,0
69349700,35,0,0.00025962119,0
69349828,35,0,0.0013243814,0
69349836,35,0,0.004518368,0
69350154,35,0,0.008774023,0
69350544,35,0,0.0009694462,0
69350697,35,0,0.0018077055,0
69350704,35,0,0.0024833253,0
69350706,35,0,0.0055176066,0
69350713,35,0,0.0006145908,0
69350811,35,0,0.0029034629,0
69350817,35,0,0.004570687,0
69350825,35,0,0.0023109557,0
69350826,35,0,0.0026211417,0
69350929,35,0,0.006697382,0
69350933,35,0,0.0044865934,0
69350938,35,0,0.0034455766,0
69351072,35,1,0.10166922,0
69351361,35,1,0.9535115,1
69351415,35,0,0.00035992,0
69353017,35,1,0.9297598,1
69354395,35,1,0.6696657,0
69356870,35,1,0.09780607,0
69358730,35,1,0.17411385,0
69358807,35,0,0.0032966232,0
69359366,35,0,0.0069111004,0
69365837,35,0,0.15320644,0
69373478,35,0,5.2719837e-08,0
69376681,35,0,0.03509933,0
69378228,35,0,0.01379724,0
69379763,35,0,0.008926731,0
69381533,35,0,0.07369792,0
69383394,35,0,0.058930907,0
69387795,35,0,0.24712111,0
69388442,35,0,0.0136953,0
69390906,35,0,0.0035936367,0
69391326,35,0,0.64987,0
69392542,35,0,0.00012245147,0
69392709,35,0,0.0007154471,0
69392763,35,0,0.0016337422,0
69394343,35,0,0.020185437,0
69395266,35,0,3.6631503e-05,0
69395378,35,0,0.027477577,0
69398136,35,0,0.00197952,0
69399511,35,0,0.05185583,0
69408781,35,0,0.01905683,0
69410407,35,1,0.2960233,0
69414423,35,0,3.220087e-05,0
69517915,35,0,0.09213923,0
69593166,35,0,0.35035408,0
69593714,35,0,1.2043786e-07,0
69593976,35,1,0.8513959,1
69598358,35,1,0.9032026,1
69599040,35,0,0.0070581157,0
69599046,35,0,0.0013373832,0
69599555,35,0,0.0,0
69599641,35,0,9.5260184e-05,0
69599893,35,0,0.007543088,0
69600457,35,0,0.013530583,0
69600560,35,0,0.26602688,0
69601690,35,0,0.003248731,0
69601696,35,0,0.21109787,0
69604327,35,0,0.27724007,0
69605547,35,0,0.00566197,0
69607923,35,0,0.077559486,0
69610588,35,0,0.0017130662,0
69613506,35,0,7.650997e-05,0
69613711,35,0,0.13131575,0
69613971,35,0,0.08959133,0
69615167,35,0,0.017346803,0
69616403,35,0,0.1578801,0
69616964,35,0,0.15071677,0
69624433,35,0,0.32316625,0
69625047,35,0,0.0057047713,0
69628846,35,0,0.14582647,0
69631179,35,0,0.01191957,0
69653120,35,1,0.8631491,1
69660727,35,0,3.995111e-06,0
69662258,35,0,0.00096507894,0
69662492,35,1,0.8555289,1
69680070,35,1,0.099788666,0
69683783,35,1,0.62733275,0
69688672,35,0,0.025571372,0
69690622,35,0,0.09607478,0
69695707,35,1,0.755533,0
69696447,35,0,0.49567598,0
69706912,35,0,0.41145346,0
69713058,35,0,0.026574153,0
69713600,35,1,0.8160657,1
69727711,35,0,0.0,0
69728473,35,1,0.76086277,0
69746416,35,1,0.75236773,0
69749798,35,0,6.599801e-37,0
69749908,35,0,9.91845e-35,0
69750268,35,0,3.3224498e-38,0
69750289,35,0,0.65451866,0
69756172,35,1,0.67591816,0
69759953,35,0,7.89594e-38,0
69760099,35,0,5.8454743e-36,0
69760671,35,0,3.8995607e-35,0
69760673,35,0,6.9977483e-35,0
69760681,35,0,1.2582068e-36,0
69760684,35,0,8.644391e-36,0
69760688,35,0,0.0,0
69760709,35,0,1.8877916e-35,0
69761359,35,0,8.368601e-34,0
69761373,35,0,6.964702e-34,0
69761585,35,0,1.1843692e-34,0
69761602,35,0,5.7608287e-34,0
69762211,35,0,1.1058501e-34,0
69762213,35,0,3.4029412e-37,0
69762363,35,0,1.8941479e-34,0
69762368,35,0,7.177998e-36,0
69762370,35,0,2.7446025e-37,0
69762379,35,0,1.9716295e-36,0
69762383,35,0,9.745616e-37,0
69762389,35,0,9.824278e-34,0
69762396,35,0,3.1841166e-33,0
69762609,35,0,1.8216337e-33,0
69762618,35,0,4.372102e-35,0
69762625,35,0,3.1467397e-36,0
69762959,35,0,1.15561e-34,0
69762964,35,0,9.702194e-34,0
69762969,35,0,7.0288134e-34,0
69763201,35,0,1.3339201e-34,0
69763241,35,0,1.04866415e-35,0
69763468,35,0,4.027475e-36,0
69763472,35,0,3.463476e-35,0
69763489,35,0,5.642832e-35,0
69763511,35,0,6.0877326e-35,0
69763679,35,0,1.6602605e-35,0
69763965,35,0,1.26791055e-36,0
69764186,35,0,3.2118654e-36,0
69764204,35,0,5.0773406e-35,0
69764211,35,0,7.442442e-36,0
69764268,35,0,1.4184224e-36,0
69764425,35,0,2.184368e-37,0
69764427,35,0,2.3817697e-37,0
69764677,35,0,4.44931e-36,0
69764679,35,0,2.5420573e-34,0
69764721,35,0,6.521602e-34,0
69764930,35,0,8.2084746e-38,0
69764973,35,0,2.0048864e-37,0
69764975,35,0,3.436954e-36,0
69764982,35,0,9.902378e-36,0
69765118,35,0,2.5204367e-35,0
69765183,35,0,1.4369345e-35,0
69765192,35,0,7.027465e-36,0
69765197,35,0,8.4976554e-36,0
69765199,35,0,1.3042887e-33,0
69765203,35,0,2.9643927e-33,0
69765312,35,0,8.9733274e-36,0
69765544,35,0,4.639255e-37,0
69765552,35,0,9.010235e-36,0
69765671,35,0,1.0516607e-35,0
69765764,35,0,7.191373e-36,0
69765767,35,0,1.3530728e-33,0
69765772,35,0,3.433745e-35,0
69766228,35,0,1.832287e-36,0
69766440,35,0,1.7357995e-37,0
69766445,35,0,1.072901e-37,0
69766490,35,0,1.6240718e-36,0
69766502,35,0,3.2362413e-36,0
69766666,35,0,5.90426e-35,0
69766775,35,0,3.7814302e-35,0
69766783,35,0,5.5085374e-37,0
69766791,35,0,9.799297e-37,0
69766797,35,0,6.672737e-36,0
69766801,35,0,8.494896e-37,0
69766804,35,0,2.6899272e-36,0
69766815,35,0,2.2065733e-34,0
69766935,35,0,1.40846585e-33,0
69767012,35,0,5.097546e-34,0
69769550,35,1,0.045789555,0
69770247,35,1,0.52561563,0
69771242,35,1,0.25478,0
69771744,35,0,9.27141e-06,0
69774121,35,1,0.9395487,1
69776359,35,0,0.08918078,0
69777286,35,0,0.09719039,0
69785371,35,1,0.7776655,0
69786818,35,0,0.02530492,0
69788018,35,0,0.31804606,0
69788022,35,0,0.61860293,0
69789201,35,1,0.90451735,1
69790299,35,0,0.14545722,0
69969727,35,0,1.6469073e-08,0
69971244,35,0,0.18522118,0
69974712,35,0,2.2327632e-07,0
69978242,35,0,0.0050887205,0
69978247,35,0,0.0033625802,0
69980283,35,0,0.35236815,0
69983656,35,0,0.025897855,0
69983664,35,0,0.011253211,0
69983675,35,0,0.2421898,0
69984099,35,0,0.1517609,0
69984489,35,0,0.00094718527,0
69985783,35,0,0.001500627,0
69989672,35,0,2.7399302e-34,0
69989725,35,0,1.2487881e-34,0
69990281,35,0,1.3509419e-34,0
69991706,35,0,0.00079716963,0
69991710,35,0,9.922557e-05,0
69991725,35,0,0.064250484,0
70005176,35,0,0.06294561,0
70014376,35,0,0.0053570424,0
70023047,35,1,0.9940248,1
70038410,35,1,0.81425846,1
70042737,35,1,0.7577978,0
70046262,35,0,0.083114706,0
70046276,35,1,0.6535041,0
70061225,35,0,5.87879e-11,0
70062248,35,0,0.20486473,0
70062896,35,0,2.474262e-09,0
70063174,35,0,0.9995042,1
70063601,35,0,0.53450817,0
70063849,35,0,0.0039018982,0
70074480,35,0,0.060088,0
70076315,35,0,0.006596555,0
70077225,35,0,0.185637,0
70098166,35,0,0.4131602,0
70098837,35,0,0.46426776,0
70107772,35,1,0.732568,0
70120032,35,0,0.024739273,0
70121924,35,0,0.40159056,0
70125493,35,0,0.5721989,0
70133154,35,0,0.56627375,0
70270159,35,0,0.017990919,0
70296899,35,0,1.4337609e-13,0
70323435,35,0,6.364829e-09,0
70323761,35,0,0.0026090455,0
70324099,35,0,0.79945457,1
70326881,35,0,0.034004282,0
70328737,35,1,0.8166431,1
70328738,35,1,0.8843965,1
70328739,35,1,0.8981177,1
70333393,35,1,0.4623891,0
70335036,35,1,0.9550214,1
70335041,35,1,0.8820741,1
70338412,35,0,0.3316916,0
70340047,35,0,0.35859,0
70342585,35,0,0.28750032,0
70342642,35,0,0.1468086,0
70346036,35,0,0.99996114,1
70346573,35,0,0.8481037,1
70352807,35,0,0.8310673,1
70354122,35,0,0.69868106,0
70361153,35,1,0.6215533,0
70361267,35,1,0.8827565,1
70361268,35,1,0.980531,1
70361269,35,1,0.9798212,1
70361270,35,1,0.21406879,0
70361272,35,1,0.7777101,0
70361273,35,1,0.78317934,0
70365718,35,1,0.8739911,1
70365720,35,1,0.96027654,1
70365734,35,1,0.95430607,1
70367102,35,0,7.0434597e-10,0
70369931,35,0,1.7657575e-09,0
70370656,35,1,0.6407399,0
70371756,35,0,1.012684e-14,0
70372167,35,0,3.2105878e-38,0
70372168,35,0,3.6845294e-36,0
70373989,35,1,0.7976018,1
70374249,35,1,0.95201534,1
70375748,35,0,0.058398787,0
70380892,35,0,0.28363463,0
70382513,35,0,0.006962592,0
70383061,35,0,0.059623063,0
70383876,35,1,0.95872974,1
70383882,35,1,0.9526301,1
70383900,35,1,0.922058,1
70384401,35,1,0.80705917,1
70384537,35,1,0.93244445,1
70388754,35,1,0.90580595,1
70389553,35,1,0.9271465,1
70393167,35,0,0.028794484,0
70400064,35,0,0.04974408,0
70400104,35,0,4.6347064e-05,0
70401397,35,0,0.0017976176,0
70402162,35,0,0.0008177107,0
70402171,35,0,0.0061296187,0
70402175,35,0,0.010002044,0
70402309,35,0,0.00029199853,0
70402311,35,0,0.00020789816,0
70404602,35,1,0.8756672,1
70405972,35,1,0.5228277,0
70406447,35,1,0.63477373,0
70408666,35,1,0.79768145,1
70408671,35,1,0.7896699,0
70409466,35,1,0.07015788,0
70409573,35,1,0.9520539,1
70410578,35,1,0.9339264,1
70410625,35,1,0.8255642,1
70410628,35,1,0.8477703,1
70410630,35,1,0.8998877,1
70410631,35,1,0.83879405,1
70410888,35,1,0.7531998,0
70411208,35,0,0.09200111,0
70411220,35,0,0.2389667,0
70411474,35,0,0.038991913,0
70411516,35,0,0.4327261,0
70412109,35,0,0.06984234,0
70412171,35,0,0.016730696,0
70412698,35,0,0.0926958,0
70416184,35,0,0.0066778194,0
70416560,35,0,0.0725568,0
70418770,35,1,0.9629857,1
70421733,35,0,0.00440856,0
70422098,35,0,0.0015471457,0
70423756,35,0,0.2595491,0
70423765,35,0,9.049567e-15,0
70424581,35,1,0.5587004,0
70428323,35,0,0.10959471,0
70432256,35,0,0.09575413,0
70432262,35,0,0.26130223,0
70432280,35,0,0.036875352,0
70433726,35,0,0.13243489,0
70433741,35,0,6.501405e-07,0
70437152,35,0,0.5022925,0
70439318,35,0,0.07496981,0
70449361,35,0,2.4906628e-36,0
70449773,35,0,1.2413598e-34,0
70449777,35,0,0.0,0
70449784,35,0,3.6325492e-14,0
70450102,35,0,2.9257085e-36,0
70450655,35,0,0.007507663,0
70451888,35,0,5.846774e-34,0
70454015,35,0,6.992175e-34,0
70454020,35,0,1.5530513e-34,0
70454023,35,0,2.8043375e-35,0
70454028,35,0,1.2646313e-35,0
70454035,35,0,3.4194857e-34,0
70454320,35,0,1.4346716e-36,0
70454327,35,0,9.994815e-38,0
70454394,35,0,5.8348056e-35,0
70454722,35,0,2.44222e-35,0
70454912,35,0,2.3195347e-36,0
70454916,35,0,2.8540966e-38,0
70454978,35,0,1.4130865e-36,0
70454989,35,0,1.094143e-34,0
70454997,35,0,2.5946002e-33,0
70455189,35,0,2.5410296e-34,0
70455295,35,0,1.55263e-35,0
70455475,35,0,1.4690301e-36,0
70455488,35,0,1.7603058e-36,0
70455492,35,0,4.882267e-37,0
70455498,35,0,4.638122e-37,0
70455794,35,0,1.1789228e-36,0
70455803,35,0,3.779584e-35,0
70455823,35,0,5.931072e-37,0
70457288,35,0,7.374415e-37,0
70457388,35,0,1.2334285e-36,0
70457391,35,0,5.3459688e-36,0
70457732,35,0,4.1149256e-35,0
70462696,35,0,6.187821e-36,0
70462835,35,0,1.8675562e-36,0
70497257,35,0,0.00949465,0
70514861,35,0,0.5577228,0
70559252,35,0,0.0029286444,0
72963083,35,0,0.02140088,0
73951916,35,0,0.00024418716,0
74565607,35,0,0.11905389,0
79803570,35,0,0.73009473,0
81566771,35,0,0.01727168,0
85408708,35,1,0.904498,1
86875050,35,1,0.7557796,0
87186734,35,0,0.11225582,0
87905851,35,0,0.030962043,0
89223678,35,0,0.7324673,0
94904793,35,0,0.11631724,0
100754045,35,0,0.55551744,0
100754050,35,0,2.3610405e-11,0
100769138,35,0,7.4491024e-10,0
100769282,35,0,3.4524955e-08,0
100791450,35,0,0.00079458504,0
100791505,35,0,0.0030561152,0
100791799,35,0,0.0013741278,0
100795612,35,0,0.007357564,0
100798498,35,0,0.022838375,0
100802655,35,0,0.1294992,0
100803539,35,0,0.008163975,0
100804290,35,0,0.0,0
100808999,35,0,0.08928522,0
100809005,35,0,0.14991601,0
100830973,35,1,0.90189767,1
100848371,35,0,0.048535537,0
100918454,35,0,0.1673303,0
100918469,35,0,0.38007674,0
65879,36,0,5.268745e-16,0
646566,36,0,2.5868133e-10,0
2070455,36,0,0.015720014,0
2503479,36,0,0.0,0
2607210,36,0,0.21012048,0
2692055,36,0,0.0,0
2921806,36,0,0.030518366,0
3132827,36,0,0.06871979,0
3223131,36,0,3.7017278e-06,0
3353060,36,0,0.0,0
3622868,36,0,0.04622108,0
3678760,36,0,0.0,0
3983184,36,0,0.8072959,1
4209720,36,0,2.5879222e-11,0
4264481,36,1,0.037676003,0
4264482,36,1,0.037689082,0
4264483,36,1,0.03767259,0
4599651,36,0,0.0,0
5050216,36,0,0.042934593,0
5229110,36,0,0.074628845,0
5408397,36,0,0.0,0
5651731,36,0,0.0,0
5923264,36,0,0.0,0
6538083,36,0,0.00013127216,0
6541729,36,0,0.1442254,0
6544887,36,0,0.35658622,0
7160465,36,0,0.008424159,0
7291548,36,0,0.63014966,0
7371966,36,0,0.09025249,0
7700342,36,0,0.0369087,0
7794370,36,0,0.091778316,0
7846920,36,0,0.15365261,0
7988208,36,0,0.0,0
8691444,36,0,0.06934962,0
9292788,36,0,0.04645466,0
9463289,36,0,1.4576902e-07,0
9580797,36,1,0.5738531,0
9709745,36,0,7.751156e-05,0
9742529,36,0,0.0012211854,0
9819062,36,0,0.010999852,0
10020863,36,0,1.5046306e-13,0
10043588,36,0,0.031230016,0
10075210,36,0,0.0,0
10174843,36,0,0.017502192,0
10174934,36,0,0.060268227,0
10333291,36,0,0.1399028,0
10773258,36,0,2.5150337e-09,0
10944863,36,0,0.7114956,0
11314537,36,0,0.0,0
11320206,36,0,0.2159341,0
11617562,36,0,0.0,0
11735899,36,0,0.0,0
11748616,36,0,0.016226398,0
11750730,36,0,0.0,0
11780910,36,0,0.019153487,0
12066494,36,0,0.0,0
12067271,36,0,0.06373169,0
12067399,36,0,0.0936922,0
12912741,36,0,3.9060213e-13,0
13257685,36,0,0.014069307,0
13329538,36,0,0.0,0
13338694,36,0,0.0,0
13439827,36,0,0.5424467,0
13827311,36,0,0.0,0
14101385,36,0,0.0,0
14208485,36,0,0.020249577,0
14249153,36,0,0.050998148,0
14476823,36,0,0.10115981,0
14487702,36,0,2.4458094e-20,0
14511457,36,0,1.1095531e-09,0
14636404,36,0,2.9393962e-13,0
14636407,36,0,1.4145754e-13,0
14636411,36,0,1.4651905e-14,0
14915621,36,0,0.0,0
15026863,36,0,0.0024853533,0
15101691,36,0,0.111810155,0
15450988,36,0,0.009322643,0
15456615,36,0,0.022158442,0
15456696,36,0,0.021668121,0
15457176,36,0,0.075758554,0
15575586,36,0,0.052650288,0
15973232,36,0,0.034084726,0
16132110,36,0,0.0,0
16713135,36,0,0.0051696436,0
16713136,36,0,0.018862657,0
16713740,36,0,0.0,0
16767018,36,0,0.08930716,0
17144603,36,0,0.0,0
17746396,36,0,0.6656095,0
17794012,36,0,0.0,0
17825753,36,0,0.022705495,0
17825759,36,0,0.011269904,0
18056041,36,0,0.07802472,0
18447613,36,0,0.0,0
18473563,36,0,0.0012944345,0
18911729,36,0,0.0,0
19097439,36,0,2.1653626e-07,0
20258334,36,0,0.030002326,0
20346661,36,0,0.0017134479,0
21352615,36,0,0.0,0
21632518,36,0,0.12649898,0
22478580,36,0,0.00056227803,0
22845436,36,0,0.31429595,0
22845448,36,0,0.4066916,0
23065358,36,0,0.0,0
23612274,36,0,0.057579063,0
24029780,36,0,0.17823385,0
24238963,36,0,0.6469727,0
24339154,36,0,0.5200922,0
24565114,36,0,0.5294936,0
24640314,36,0,0.03641564,0
24815685,36,0,0.016654143,0
24823000,36,0,0.16595562,0
24916701,36,0,0.31443056,0
25154653,36,0,0.0,0
25183547,36,0,0.08035514,0
25244255,36,0,0.09597051,0
25374129,36,0,1.375066e-09,0
25376709,36,0,7.1124696e-06,0
25380228,36,0,0.0,0
25493733,36,0,0.0,0
25881241,36,0,0.03276287,0
26118294,36,0,2.9838465e-09,0
26229388,36,0,0.0062829764,0
26255407,36,0,0.8352313,1
26255414,36,0,2.7122873e-13,0
26274328,36,0,2.6055471e-09,0
26290746,36,0,0.006130217,0
26344309,36,0,3.3273948e-09,0
26345903,36,0,0.0,0
26352334,36,0,0.0054295612,0
26369473,36,0,0.115452364,0
26386420,36,0,0.00021644971,0
26394081,36,0,0.04819713,0
26416754,36,0,0.008921375,0
26426749,36,0,0.13060737,0
26484117,36,0,0.9177137,1
26560265,36,0,0.035791002,0
26560948,36,0,0.15734369,0
26561062,36,0,0.0,0
26723076,36,0,0.04507134,0
26743269,36,0,0.0,0
27061572,36,0,5.7018654e-11,0
27365482,36,0,9.149781e-06,0
27443500,36,0,0.0031333684,0
27476905,36,0,1.3586452e-15,0
27702383,36,0,0.0,0
27718529,36,0,0.0,0
27862024,36,0,0.14223838,0
27949058,36,0,0.0006000209,0
27950078,36,0,0.035537947,0
28041649,36,0,0.012282117,0
28041676,36,0,0.04472083,0
28244967,36,0,0.05121606,0
28493004,36,0,3.632761e-08,0
28603448,36,0,0.0,0
28947752,36,0,0.0011697687,0
29225466,36,0,0.0,0
29392235,36,0,3.3452925e-06,0
29542388,36,0,0.69745266,0
29638820,36,0,0.3034952,0
31156994,36,0,0.0005464275,0
31171392,36,0,0.0045519373,0
31308955,36,0,0.009616498,0
31344260,36,0,0.0,0
31364369,36,0,0.11132313,0
31406282,36,0,0.16455296,0
31413233,36,0,0.000113200695,0
32293580,36,0,0.019391656,0
33843382,36,0,0.121002,0
34242428,36,0,0.1783821,0
34339939,36,0,0.032313723,0
34410435,36,0,0.0009106616,0
35004666,36,0,0.0025428764,0
35018122,36,0,0.9656672,1
35598976,36,0,0.09730598,0
35621005,36,0,0.001759569,0
36245380,36,0,0.11345157,0
36298639,36,0,0.0050375806,0
36460742,36,0,0.013596833,0
36620223,36,0,0.0432156,0
36910464,36,0,0.018765202,0
38876099,36,0,0.0,0
38930646,36,0,0.39453772,0
39420798,36,0,0.0,0
39911871,36,0,0.0,0
41020170,36,0,0.02570079,0
41124600,36,0,3.4107356e-06,0
41447158,36,0,0.66031545,0
41570941,36,0,1.9677243e-06,0
41983422,36,0,2.472413e-05,0
42079740,36,0,0.0,0
42367646,36,0,0.0,0
42516065,36,0,0.0,0
42694213,36,0,0.6993403,0
42756372,36,0,0.0,0
43153369,36,0,0.0,0
43495620,36,0,0.00019696668,0
43519779,36,0,0.026114289,0
43538180,36,0,0.0,0
43746762,36,0,0.6373141,0
43788807,36,0,0.0,0
43840946,36,0,0.011257434,0
43845271,36,0,0.12355885,0
44175377,36,0,0.06297338,0
44562478,36,1,0.045359273,0
44562982,36,1,0.31268552,0
44674211,36,0,0.029852072,0
45505039,36,0,0.5029833,0
45858651,36,0,0.0076674675,0
46403128,36,0,0.106529616,0
46672640,36,0,0.44788203,0
46743617,36,0,0.0,0
46746122,36,0,0.0,0
46747574,36,0,0.011645073,0
46781613,36,0,0.0,0
46848276,36,0,0.044707023,0
46861644,36,0,0.0129277725,0
46911141,36,0,4.274102e-18,0
47033579,36,0,0.0,0
47049999,36,0,0.0067509213,0
47201034,36,0,0.02906643,0
47253767,36,0,0.061505657,0
47343604,36,0,0.001109438,0
47471554,36,0,0.76647997,0
47885917,36,0,1.5813974e-08,0
48012475,36,0,0.0,0
48536569,36,0,0.07722176,0
48607207,36,0,0.009049922,0
49358314,36,0,0.0,0
49496202,36,0,0.15354373,0
49504861,36,0,7.0370966e-13,0
49751168,36,0,0.02780077,0
49751552,36,0,0.09435242,0
49751554,36,0,0.07228865,0
49751560,36,0,0.009773815,0
50287049,36,0,0.0,0
50299005,36,0,0.02593866,0
50405501,36,0,0.0024256087,0
50480742,36,0,0.20221858,0
50980775,36,0,0.015686648,0
51049869,36,0,0.0051706587,0
51057762,36,0,4.5976657e-07,0
51871690,36,0,0.0,0
52084569,36,0,0.0,0
52085803,36,0,0.012705871,0
52489831,36,0,1.4665566e-08,0
52597830,36,0,8.273671e-06,0
53178126,36,0,0.017543016,0
53680335,36,0,0.00011887386,0
53860629,36,0,0.04986482,0
53862301,36,0,0.0,0
54305138,36,0,1.5968977e-16,0
54317371,36,0,3.1782983e-14,0
55661554,36,0,1.3352528e-13,0
55801092,36,0,0.066217616,0
56274229,36,0,0.012311295,0
58031903,36,0,0.04843509,0
59374847,36,0,0.0246932,0
59374849,36,0,0.007863805,0
59503198,36,0,0.3425855,0
59724632,36,0,0.124865554,0
59724634,36,0,0.26012698,0
59724636,36,0,0.21042526,0
59758492,36,0,0.019491188,0
59760533,36,0,3.5150337e-05,0
59998001,36,0,0.33461514,0
60088432,36,0,0.0,0
60116376,36,0,0.19059713,0
60513732,36,0,5.743596e-14,0
60926373,36,0,0.19497642,0
60969652,36,0,0.023899628,0
61697431,36,0,0.3123488,0
61829955,36,0,1.2757342e-09,0
62175284,36,0,0.13224897,0
62917941,36,0,0.0,0
63422749,36,0,0.1301321,0
63489982,36,0,0.004340106,0
63498194,36,0,0.72386986,0
63848074,36,0,0.0001164528,0
64364849,36,0,0.0,0
64472772,36,1,0.58140266,0
64504124,36,0,0.03703356,0
65555132,36,0,1.3984014e-05,0
65694686,36,0,0.00064487377,0
65838245,36,0,0.01004993,0
66158250,36,0,0.0,0
66403063,36,0,0.69051135,0
66590338,36,0,0.0,0
66609309,36,0,4.401957e-05,0
66610974,36,0,0.0,0
66754395,36,0,0.6156019,0
66866745,36,0,0.4503468,0
67457597,36,0,0.51929915,0
67999086,36,0,0.06656256,0
68580446,36,0,0.0,0
69333842,36,0,1.5353975e-05,0
69490698,36,0,0.015038695,0
69530166,36,0,0.0018894479,0
69807327,36,0,0.00907996,0
69822240,36,0,0.0,0
69911289,36,0,0.0,0
69911290,36,0,0.0,0
70047034,36,0,0.03867581,0
70229149,36,0,0.0329804,0
70819595,36,0,0.00029528406,0
71095725,36,0,0.3617495,0
71306396,36,0,1.4729007e-15,0
71359356,36,0,0.8248813,1
71359771,36,0,0.057216607,0
71360182,36,0,0.04684962,0
71363407,36,0,0.02038805,0
71363970,36,0,0.0,0
71363971,36,0,0.1753413,0
71804992,36,0,0.0,0
71807218,36,0,0.0,0
71885980,36,1,0.22537135,0
72086714,36,0,0.20581873,0
72266983,36,0,0.0,0
72337286,36,0,0.026156688,0
72504994,36,0,0.0,0
72524957,36,0,0.00045037462,0
72537227,36,0,0.0,0
72567022,36,0,0.36666277,0
72897869,36,0,0.024138503,0
72898322,36,0,0.0,0
72902501,36,0,0.014455553,0
72904787,36,0,0.0,0
72906946,36,0,0.00038445828,0
72907855,36,0,0.00094991736,0
73186350,36,0,0.029164672,0
73222775,36,0,0.2580916,0
73452777,36,0,0.0,0
73648802,36,0,5.2648205e-11,0
73668731,36,0,0.0,0
73747118,36,0,0.023919277,0
73862228,36,0,0.22098698,0
74146541,36,0,0.0,0
74216201,36,0,0.2199195,0
74267778,36,0,0.0,0
74345264,36,0,0.5167515,0
74432593,36,0,7.78885e-36,0
74628655,36,0,0.0,0
74657803,36,0,0.009043975,0
74699742,36,0,0.028072244,0
74700264,36,0,0.005861242,0
74766136,36,0,0.028386574,0
74814094,36,0,0.06752159,0
74815309,36,0,2.1423159e-05,0
74815310,36,0,0.022237375,0
74815849,36,0,4.3698434e-05,0
74816160,36,0,0.0,0
75729088,36,0,0.042171184,0
76314771,36,0,6.4683736e-05,0
76402619,36,0,1.2210729e-15,0
76404237,36,0,6.3563324e-14,0
76435940,36,0,1.7474114e-16,0
76605068,36,0,0.0,0
76863021,36,1,0.6876045,0
76863054,36,1,0.89478743,1
76863076,36,1,0.9329391,1
76961964,36,0,0.31882727,0
77058948,36,0,0.0020249758,0
77092696,36,0,7.0909142e-12,0
77100286,36,0,0.028104473,0
77133658,36,0,5.021995e-14,0
77142763,36,0,1.0245542e-15,0
77147400,36,0,1.9848743e-13,0
77148660,36,0,8.8731775e-15,0
77153980,36,0,2.29587e-15,0
77155797,36,0,5.383551e-14,0
77164674,36,0,0.026189296,0
77165567,36,0,3.5256998e-14,0
77170571,36,0,3.5012388e-22,0
77175773,36,0,5.818257e-13,0
77176710,36,0,0.0,0
78111088,36,0,0.0,0
78602033,36,0,0.0032608963,0
78655939,36,0,0.0,0
78777019,36,0,4.207137e-16,0
79470693,36,0,0.047599316,0
79784131,36,0,0.0018930131,0
80196411,36,0,3.4153712e-05,0
80278594,36,0,2.7883285e-05,0
81447983,36,0,0.0,0
81750846,36,0,0.0,0
81948747,36,0,0.26747683,0
82172275,36,0,0.0,0
82412818,36,0,0.3025162,0
82478836,36,0,0.47579345,0
83006156,36,0,0.09978067,0
83047903,36,0,0.6925528,0
83171612,36,0,0.0031181343,0
83201398,36,0,0.31679788,0
83486785,36,0,0.11651686,0
83641975,36,0,0.0023661759,0
83733232,36,0,0.079128206,0
84288626,36,0,0.012794673,0
84362242,36,0,0.3065118,0
85605136,36,0,1.458836e-05,0
85763115,36,0,4.5419135e-36,0
86043782,36,0,0.014385073,0
86143479,36,0,0.00883705,0
86225808,36,0,0.0,0
87302679,36,0,0.4481681,0
87451958,36,0,0.40586764,0
88267744,36,0,0.0,0
88843080,36,0,0.37773916,0
90249287,36,0,0.000428146,0
92530488,36,0,0.017978894,0
93761483,36,0,0.713132,0
94619995,36,0,0.712969,0
94749368,36,0,0.015644237,0
94828134,36,0,5.215238e-11,0
96222292,36,0,0.008073477,0
96222293,36,0,0.003683045,0
96363307,36,0,0.69114023,0
96443703,36,0,0.0036817067,0
96447687,36,0,0.1895533,0
96453477,36,0,0.04521491,0
96574185,36,0,0.0,0
96613640,36,0,0.007231446,0
97150074,36,1,0.889361,1
97150075,36,1,0.10935651,0
97150081,36,1,0.91652936,1
97150082,36,1,0.9965738,1
98089343,36,0,0.19596647,0
98178148,36,1,0.9214514,1
98294704,36,0,0.7487376,0
99189548,36,0,0.17230996,0
99728985,36,0,0.15349393,0
99920376,36,0,0.43078923,0
100458403,36,0,6.131164e-07,0
100811554,36,1,0.69773287,0
100811714,36,1,0.003035045,0
100811720,36,1,0.76744896,0
102312377,36,0,0.0,0
104349929,36,0,0.0,0
106066289,36,0,1.7906508e-05,0
106227662,36,0,0.0,0
106249867,36,0,0.8126331,1
106474160,36,0,0.0,0
107112620,36,0,0.03541418,0
107307791,36,0,0.535186,0
108152450,36,0,0.0,0
108155998,36,0,0.0016158613,0
108156000,36,0,0.72859734,0
108158984,36,0,0.0,0
108558120,36,0,3.937528e-05,0
108623552,36,0,0.17936301,0
108623828,36,0,0.1345044,0
108781464,36,0,0.002492659,0
109163904,36,0,0.3388887,0
110935079,36,0,5.2871597e-05,0
111064425,36,0,0.0,0
111505611,36,0,0.10898891,0
111701814,36,0,1.6648446e-14,0
111816511,36,0,0.0898529,0
112055022,36,0,4.1526863e-38,0
112834095,36,0,0.009362411,0
112841520,36,0,0.48512468,0
113028362,36,0,0.0011321893,0
113573117,36,0,0.085509524,0
114498409,36,0,0.095818505,0
115128842,36,0,0.02276487,0
115610377,36,0,0.20564237,0
115625469,36,0,0.0,0
116903169,36,0,0.036262885,0
117140737,36,1,0.6504929,0
117628526,36,0,0.02198125,0
117722026,36,0,0.05486365,0
117914128,36,0,2.1193467e-08,0
118157074,36,0,0.00016101784,0
118375251,36,0,0.0,0
118382752,36,0,0.18333045,0
118479624,36,0,0.38725194,0
119202474,36,0,0.0,0
119446249,36,0,0.0,0
120019032,36,1,0.975753,1
120019034,36,1,0.9972535,1
120068194,36,0,0.004175517,0
120179148,36,0,0.23785965,0
121874664,36,0,0.0,0
121915821,36,0,0.32044846,0
121978408,36,0,2.5723416e-06,0
121978551,36,0,0.00085430196,0
121978777,36,0,0.00035587483,0
121979121,36,0,0.0,0
122060720,36,0,0.0007495279,0
122148516,36,0,1.4976539e-05,0
122166858,36,0,1.5303074e-06,0
122267457,36,0,0.00045206436,0
122268541,36,0,0.045854423,0
122351378,36,0,0.002223499,0
122701156,36,0,0.36845735,0
122707293,36,0,0.0,0
123108840,36,0,0.14744286,0
123587742,36,0,0.0020890834,0
123665326,36,0,0.17775679,0
124546130,36,0,0.6928266,0
124968331,36,0,0.02029197,0
125057770,36,0,0.0041916003,0
125104979,36,0,0.015768228,0
125133336,36,0,0.0046928073,0
125410588,36,0,0.0698519,0
125579696,36,0,0.15705013,0
125608376,36,0,2.1808257e-06,0
126380404,36,0,0.0071437666,0
126866147,36,0,0.0,0
126969160,36,0,6.632987e-08,0
127430876,36,0,0.0,0
130123636,36,0,0.14693655,0
130576759,36,0,0.00045525233,0
130896132,36,0,0.15941533,0
130917377,36,0,0.00025723613,0
130927055,36,0,0.00023378915,0
132499699,36,0,0.6802411,0
132758264,36,0,0.013637668,0
132859923,36,0,0.20453131,0
134252201,36,0,0.0087756235,0
136314571,36,0,0.05823188,0
138041080,36,0,0.57383305,0
138486890,36,0,0.0,0
142287820,36,0,0.0,0
143269221,36,0,0.0,0
145420201,36,0,0.0,0
146303161,36,0,0.12487397,0
147112358,36,0,4.886827e-05,0
147587975,36,0,2.550628e-09,0
148433399,36,0,5.9080074e-10,0
149638056,36,0,0.003183838,0
149644613,36,0,0.23055315,0
154749916,36,0,1.042377e-06,0
157288049,36,0,0.009379343,0
159141256,36,0,2.5535912e-10,0
159683384,36,0,0.20158662,0
160376254,36,0,0.0,0
163406178,36,0,0.0843501,0
167356788,36,0,0.28346977,0
171180032,36,0,2.8266566e-05,0
173957578,36,0,0.011780768,0
175294105,36,0,0.05637711,0
175662507,36,0,0.008533116,0
176543937,36,0,0.004841838,0
177302802,36,0,7.839755e-08,0
178163570,36,0,0.0012664606,0
182549951,36,0,0.027792957,0
182703317,36,0,2.3355229e-23,0
184107503,36,0,0.05889441,0
184121536,36,0,0.032353744,0
184833091,36,0,0.0,0
186596922,36,0,0.20205677,0
187524527,36,0,0.091971695,0
187549053,36,0,0.6205876,0
190152436,36,0,0.006139119,0
191691627,36,0,0.011889932,0
192139265,36,0,0.43293568,0
192706595,36,0,0.0021892325,0
192729408,36,0,0.15338467,0
193908657,36,0,1.1699273e-09,0
195456317,36,0,0.040587623,0
196128588,36,0,0.0057394984,0
197040242,36,0,0.010888879,0
197655358,36,0,4.0759965e-11,0
198513652,36,0,1.4757117e-09,0
198727492,36,0,6.0123915e-05,0
198745679,36,0,0.5295402,0
198749721,36,0,1.14398725e-11,0
198749732,36,0,0.12989567,0
198751613,36,0,0.0,0
198759651,36,0,0.0,0
198763958,36,0,0.0,0
198766843,36,0,2.0734181e-07,0
198768711,36,0,0.066706076,0
198776290,36,0,0.31146696,0
198777856,36,0,4.5268383e-10,0
198780802,36,0,0.826967,1
198785941,36,0,0.9559616,1
198787816,36,0,0.0,0
198787819,36,0,4.899177e-07,0
198789626,36,0,0.010096404,0
198789634,36,0,0.0,0
198789956,36,0,0.0,0
198790044,36,0,0.0,0
198790046,36,0,0.036075197,0
198791026,36,0,0.006229517,0
198791041,36,0,0.03734117,0
198791666,36,0,0.0055646,0
198791681,36,0,7.453874e-05,0
198791804,36,0,0.0,0
198791989,36,0,5.7007596e-06,0
198791991,36,0,0.0,0
198792214,36,0,0.0,0
198792215,36,0,0.08367863,0
198793579,36,0,0.0,0
198793583,36,0,2.8135726e-05,0
198793586,36,0,0.0,0
198793587,36,0,0.0,0
198793589,36,0,3.1012056e-05,0
198793594,36,0,0.19367501,0
198793602,36,0,0.0,0
198797078,36,0,0.0006297991,0
198799339,36,0,0.02549623,0
198800162,36,0,0.0,0
198800166,36,0,0.0,0
198800687,36,0,4.1068697e-06,0
198800691,36,0,0.0,0
198800707,36,0,0.43230024,0
198800739,36,0,1.6799445e-06,0
198800793,36,0,0.0,0
198800811,36,0,0.0,0
198800988,36,0,0.0,0
198801308,36,0,0.0,0
198801313,36,0,0.048147,0
198801599,36,0,0.0,0
198801683,36,0,5.166533e-06,0
198801841,36,0,0.0,0
198801918,36,0,0.0,0
198801919,36,0,0.0,0
198802015,36,0,0.0,0
198802021,36,0,0.0,0
198802582,36,0,0.0,0
198802733,36,0,1.7184502e-17,0
198802739,36,0,0.0,0
198803096,36,0,0.0,0
198803598,36,0,0.0,0
198803599,36,0,0.006539333,0
198803626,36,0,4.5659526e-06,0
198805681,36,0,0.0,0
198805849,36,0,0.0,0
198805853,36,0,2.5623362e-05,0
198805855,36,0,0.0,0
198810098,36,0,0.028693706,0
198810823,36,0,0.0,0
198810833,36,0,0.0,0
198810834,36,0,0.0,0
198810836,36,0,0.0,0
198811356,36,0,0.06680012,0
198812380,36,0,0.0007912261,0
198814102,36,0,0.0,0
198814103,36,0,0.0,0
198814108,36,0,0.017540198,0
198814111,36,0,0.0,0
198814113,36,0,0.0,0
198814117,36,0,0.0,0
198814120,36,0,8.9630206e-23,0
198826861,36,0,0.0022609269,0
198827173,36,0,0.000516976,0
198827545,36,0,0.0,0
198828204,36,0,0.0,0
198828206,36,0,0.00011084072,0
198828207,36,0,0.0,0
198828632,36,0,2.6695781e-11,0
198829043,36,0,7.656675e-05,0
198829044,36,0,0.0,0
198830119,36,0,0.24257343,0
198833165,36,0,0.00015228867,0
198846485,36,0,0.03794912,0
198851715,36,0,0.09183086,0
198851754,36,0,0.0348799,0
198851848,36,0,0.0006540618,0
198855413,36,0,0.000104204984,0
198862743,36,0,1.1629547e-05,0
199305906,36,0,0.69340736,0
199308438,36,0,0.08047382,0
199310352,36,0,0.0,0
199310359,36,0,0.024381598,0
199310811,36,0,0.016203746,0
199312098,36,0,0.0021537296,0
199314572,36,0,0.03415392,0
199321355,36,0,0.011182707,0
199321357,36,0,0.0,0
199321367,36,0,0.0050832867,0
199321376,36,0,0.0,0
199321379,36,0,0.0,0
199321388,36,0,0.0,0
199321392,36,0,0.0,0
199321544,36,0,0.15516417,0
199321554,36,0,0.050883494,0
199321565,36,0,0.008973292,0
199321574,36,0,0.04440912,0
199322846,36,0,0.009853145,0
199323080,36,0,0.021302765,0
199323884,36,0,0.00089492556,0
199336962,36,0,0.00016362907,0
199337975,36,0,0.0001695578,0
199347872,36,0,0.0021369786,0
199358336,36,0,1.02555e-05,0
199362648,36,0,0.009982298,0
199365528,36,0,0.0002523818,0
199381173,36,0,0.12299113,0
199393791,36,0,0.0064428505,0
199402381,36,0,3.5820045e-05,0
199404537,36,0,0.10302038,0
199404540,36,0,0.18585572,0
199404549,36,0,0.070287086,0
199408076,36,0,0.018239513,0
199408246,36,0,0.01615821,0
199408495,36,0,0.16767713,0
199416010,36,0,0.127735,0
199542101,36,0,0.19299729,0
199932860,36,0,0.0,0
199933971,36,0,0.7841795,0
199934365,36,0,0.42678353,0
199934729,36,0,1.1915543e-15,0
199934775,36,0,2.3217613e-17,0
199934828,36,0,0.50086486,0
199935124,36,0,0.20550461,0
199937031,36,0,0.8930111,1
199937366,36,0,3.8162143e-06,0
199937804,36,0,0.0069643822,0
199938132,36,0,0.0055753156,0
199938558,36,0,6.283668e-05,0
199938565,36,0,0.09914481,0
199939481,36,0,0.0009572799,0
199939839,36,0,0.007141027,0
199940244,36,0,0.0003726871,0
199940257,36,0,0.021442613,0
199940269,36,0,0.17254579,0
199941533,36,0,0.15550213,0
199941768,36,0,0.0036612446,0
199941804,36,0,0.5303177,0
199941968,36,0,0.043229725,0
199941994,36,0,0.11837466,0
199942007,36,0,0.007425719,0
199942851,36,0,0.038156603,0
199942854,36,0,5.5288757e-10,0
199942855,36,0,0.5221519,0
199942857,36,0,0.8563865,1
199942869,36,0,4.787532e-06,0
199942873,36,0,0.05377694,0
199942876,36,0,0.0001753161,0
199943644,36,0,0.0065062116,0
199944363,36,0,2.1222934e-06,0
199944365,36,0,6.9453034e-09,0
199944366,36,0,2.8218474e-11,0
199944367,36,0,0.14250882,0
199944374,36,0,0.30298167,0
199944376,36,0,1.4595081e-05,0
199944394,36,0,0.0097678825,0
199944769,36,0,0.015690418,0
199945050,36,0,0.050135747,0
199945121,36,0,2.0637313e-05,0
199945130,36,0,7.804552e-06,0
199945134,36,0,0.0017537278,0
199945135,36,0,0.0,0
199945141,36,0,0.13321017,0
199945951,36,0,0.012206165,0
199946705,36,0,0.0012383827,0
199947498,36,0,0.0050910073,0
199948988,36,0,0.016701259,0
199949041,36,0,7.944891e-22,0
199950597,36,0,0.022122767,0
199951045,36,0,0.000100555844,0
199951054,36,0,0.54555804,0
199955006,36,0,0.23876736,0
199956747,36,0,0.08125699,0
199956760,36,0,0.26074174,0
199958894,36,0,0.07625448,0
199959457,36,0,0.0,0
199963475,36,0,0.08286183,0
199966802,36,0,0.17056407,0
199967131,36,0,0.45506164,0
199979709,36,0,0.5659293,0
199979754,36,0,0.67924434,0
199981276,36,0,2.4988289e-05,0
199987555,36,0,0.442831,0
199987644,36,0,0.39965704,0
199988638,36,0,0.010038238,0
199988989,36,0,0.19036414,0
199989335,36,0,0.5504309,0
199991289,36,0,0.0,0
199991671,36,0,0.0023873593,0
199992494,36,0,6.4306114e-05,0
199994110,36,0,0.36331365,0
199994120,36,0,3.6391883e-09,0
199996026,36,0,0.051826283,0
199997388,36,0,7.2806987e-09,0
200001458,36,0,0.00016288948,0
200002294,36,0,3.327492e-19,0
200005376,36,0,0.22534403,0
200006157,36,0,0.0,0
200016689,36,0,4.4199263e-05,0
200017681,36,0,0.0002895537,0
200019324,36,0,0.0,0
200020510,36,0,0.010322145,0
200022074,36,0,0.057541564,0
200022532,36,0,0.0,0
200023141,36,0,0.18051252,0
200023153,36,0,0.14592008,0
200023179,36,0,0.0002300915,0
200024397,36,0,0.7634333,0
200024875,36,0,0.2538417,0
200025279,36,0,0.004911813,0
200032559,36,0,1.199684e-34,0
200032635,36,0,3.2543696e-05,0
200032976,36,0,8.748856e-06,0
200032985,36,0,2.5159899e-08,0
200032992,36,0,0.0,0
200032993,36,0,0.0,0
200033067,36,0,0.21481451,0
200040099,36,0,0.01110236,0
200041934,36,0,0.07227035,0
200046204,36,0,0.039545912,0
200047753,36,0,0.23559578,0
200048339,36,0,0.12263495,0
200048385,36,0,0.6068854,0
200048388,36,0,0.30811572,0
200048398,36,0,0.40920067,0
200048413,36,0,0.27832767,0
200048728,36,0,0.016687881,0
200049093,36,0,0.07989386,0
200049384,36,0,0.6867982,0
200050566,36,0,2.6088968e-22,0
200051516,36,0,0.32728854,0
200051543,36,0,0.4252276,0
200051546,36,0,0.0029915925,0
200052146,36,0,0.4904913,0
200052174,36,0,2.0139863e-21,0
200052323,36,0,2.7483334e-21,0
200052760,36,0,0.093605116,0
200052775,36,0,0.08764708,0
200052857,36,0,0.610473,0
200054513,36,0,0.013499,0
200055834,36,0,0.84784454,1
200055840,36,0,0.7946047,0
200057362,36,0,0.76104337,0
200057744,36,0,0.08204067,0
200059005,36,0,1.797747e-08,0
200059007,36,0,0.0,0
200059513,36,0,0.9764688,1
200061043,36,0,8.235463e-12,0
200061851,36,0,0.01699203,0
200062477,36,0,0.22352591,0
200062510,36,0,0.009554836,0
200062534,36,0,0.0076493593,0
200064568,36,0,0.12764128,0
200067272,36,0,0.017069118,0
200072369,36,0,0.03675687,0
200072389,36,0,0.38235706,0
200126121,36,0,0.5821253,0
200438684,36,0,3.8722338e-24,0
200439780,36,0,0.02826243,0
200445863,36,0,1.4070977e-16,0
200446402,36,0,0.6267462,0
200453211,36,0,0.29874748,0
200453737,36,0,0.008865939,0
200454702,36,0,0.32178116,0
200456497,36,0,0.26626754,0
200456866,36,0,0.016428623,0
200457195,36,0,0.00019113693,0
200457256,36,0,0.2046525,0
200458469,36,0,0.23844068,0
200458940,36,0,0.4776141,0
200459281,36,0,0.0014968257,0
200459299,36,0,0.005649034,0
200459331,36,0,0.12614799,0
200464814,36,0,0.042654026,0
200465307,36,0,0.30904853,0
200465331,36,0,0.27674583,0
200469204,36,0,0.030513672,0
200469605,36,0,0.15845425,0
200469620,36,0,0.31080717,0
200470103,36,0,0.00072083797,0
200470127,36,0,0.031646125,0
200470656,36,0,0.64869213,0
200470900,36,0,0.029352456,0
200472743,36,0,0.43484396,0
200476030,36,0,0.39144972,0
200484358,36,0,8.285669e-10,0
200484774,36,0,0.048122365,0
200484816,36,0,0.044221725,0
200489567,36,0,0.036043692,0
200498737,36,0,0.21975918,0
200499666,36,0,0.7127949,0
200501540,36,0,0.45683685,0
200501946,36,0,0.19844182,0
200505748,36,0,0.99324846,1
200505755,36,0,0.5018786,0
200505759,36,0,0.4473615,0
200505768,36,0,0.017095635,0
200505773,36,0,0.048379764,0
200505775,36,0,0.033643514,0
200507394,36,0,0.83550227,1
200507615,36,0,0.5737802,0
200508991,36,0,0.004361895,0
200508995,36,0,7.296989e-36,0
200509432,36,0,0.06337541,0
200509865,36,0,0.6049229,0
200509897,36,0,0.040585738,0
200517143,36,0,0.24749011,0
200518105,36,0,0.30675307,0
200520046,36,0,0.009296274,0
200521999,36,0,4.2871693e-09,0
200523049,36,0,0.18509066,0
200524878,36,0,5.6850204e-06,0
200526957,36,0,0.2933291,0
200528352,36,0,0.16244347,0
200528363,36,0,0.012427665,0
200529140,36,0,0.0,0
200529143,36,0,0.0,0
200529472,36,0,0.10497574,0
200529476,36,0,0.82237506,1
200530201,36,0,0.022984978,0
200532514,36,0,0.011175432,0
200543666,36,0,2.3111961e-14,0
200543668,36,0,1.670868e-16,0
200544004,36,0,2.3819873e-15,0
200544012,36,0,4.742927e-14,0
200544019,36,0,3.6002987e-16,0
200544024,36,0,3.2404018e-15,0
200544034,36,0,3.319499e-15,0
200544377,36,0,1.0618623e-15,0
200544793,36,0,7.2680885e-16,0
200544799,36,0,4.551345e-15,0
200544803,36,0,1.8627496e-14,0
200545112,36,0,3.5425906e-15,0
200545151,36,0,1.2251274e-15,0
200545451,36,0,6.4068543e-15,0
200545458,36,0,7.3880935e-16,0
200565506,36,0,0.7567023,0
200565606,36,0,5.3300075e-05,0
200565611,36,0,7.5629896e-36,0
200565615,36,0,1.1984741e-38,0
200565617,36,0,4.6997258e-38,0
200565624,36,0,2.8079465e-34,0
200565627,36,0,2.022671e-36,0
200568200,36,0,0.0007296121,0
200569926,36,0,0.47093675,0
200569927,36,0,1.3958019e-05,0
200575744,36,0,0.13753732,0
200576139,36,0,0.5939811,0
200583082,36,0,0.12004505,0
200583424,36,0,0.13027716,0
200593594,36,0,2.5192965e-05,0
200594293,36,0,0.26822135,0
200595876,36,0,2.093802e-05,0
200595877,36,0,0.0,0
200595880,36,0,0.0,0
200595885,36,0,4.8269354e-05,0
200596723,36,0,3.4214047e-26,0
200596727,36,0,0.0,0
200596729,36,0,0.45334986,0
200597835,36,1,0.98718935,1
200601473,36,0,0.46963274,0
200606547,36,0,0.0016273553,0
200607300,36,0,0.0065344092,0
200608590,36,0,3.4054683e-05,0
200613731,36,0,0.0,0
200613889,36,0,0.09951518,0
200616032,36,0,8.8402685e-38,0
200616109,36,0,3.1030603e-38,0
200616710,36,0,8.407786e-37,0
200617038,36,0,1.956973e-36,0
200617459,36,0,4.17198e-37,0
200617679,36,0,0.9990393,1
200617681,36,0,0.15720876,0
200618246,36,0,1.1992853e-35,0
200618249,36,0,3.7226588e-37,0
200618680,36,0,0.2839768,0
200618684,36,0,0.0,0
200619436,36,0,8.611678e-13,0
200620170,36,0,0.0,0
200620180,36,0,0.4603642,0
200620183,36,0,0.0,0
200620368,36,0,0.0,0
200620377,36,0,0.0,0
200620419,36,0,0.0,0
200620429,36,0,0.0,0
200620433,36,0,0.0,0
200620490,36,0,0.8763033,1
200620692,36,0,0.0,0
200620701,36,0,0.0,0
200620737,36,0,0.0,0
200620846,36,0,8.830048e-05,0
200621070,36,0,0.22155973,0
200621299,36,0,0.0,0
200621417,36,0,0.0,0
200621439,36,0,0.0,0
200621643,36,0,0.00024551552,0
200621644,36,0,0.0,0
200621661,36,0,0.63195217,0
200621664,36,0,0.06527501,0
200621673,36,0,0.0,0
200621676,36,0,0.0,0
200621681,36,0,0.2942065,0
200621686,36,0,0.73608464,0
200621700,36,0,0.0,0
200621998,36,0,0.0,0
200622100,36,0,0.0,0
200622108,36,0,0.0,0
200622727,36,0,0.0,0
200622734,36,0,0.0,0
200622929,36,0,0.0,0
200622946,36,0,0.79783183,1
200622949,36,0,2.3511101e-10,0
200623366,36,0,0.031221911,0
200623373,36,0,0.0,0
200623452,36,0,0.0,0
200623470,36,0,0.0,0
200624336,36,0,0.0,0
200624339,36,0,3.0144533e-11,0
200624424,36,0,0.0,0
200624439,36,0,3.2553157e-17,0
200624455,36,0,0.0,0
200624474,36,0,0.0,0
200624658,36,0,0.0,0
200624969,36,0,3.797667e-11,0
200624971,36,0,0.0,0
200625109,36,0,0.0,0
200625122,36,0,0.017590912,0
200625132,36,0,0.0,0
200625166,36,0,0.0,0
200625438,36,0,0.0,0
200625442,36,0,0.0,0
200625825,36,0,0.0,0
200625841,36,0,0.0,0
200625847,36,0,6.082485e-13,0
200625854,36,0,0.0,0
200625918,36,0,0.0,0
200626321,36,0,0.7137184,0
200627453,36,0,0.40107986,0
200627914,36,0,0.0,0
200628383,36,0,0.0,0
200628393,36,0,0.0,0
200628433,36,0,0.0031977105,0
200628441,36,0,0.1728762,0
200628452,36,0,1.4868716e-09,0
200628921,36,0,1.0461113e-27,0
200629155,36,0,0.3929767,0
200629160,36,0,1.87756e-05,0
200629170,36,0,0.35595995,0
200629269,36,0,0.10071353,0
200629302,36,0,0.75256556,0
200629304,36,0,0.28693587,0
200629536,36,0,0.00013230766,0
200629551,36,0,0.27064314,0
200631491,36,0,0.14143956,0
200631494,36,0,0.0064855684,0
200631523,36,0,0.00014121758,0
200631542,36,0,7.235304e-32,0
200631547,36,0,0.0,0
200631553,36,0,0.0,0
200632121,36,0,0.0,0
200632283,36,0,0.0,0
200632286,36,0,0.0,0
200632302,36,0,0.0,0
200632861,36,0,0.0,0
200633621,36,0,0.0,0
200633975,36,0,0.0,0
200633982,36,0,0.5837773,0
200633985,36,0,0.0,0
200634059,36,0,7.7092774e-20,0
200634410,36,0,0.0,0
200634414,36,0,0.0,0
200634664,36,0,0.5873463,0
200634668,36,0,0.0,0
200634679,36,0,0.0,0
200634784,36,0,0.0073403316,0
200634789,36,0,0.0,0
200634801,36,0,0.0,0
200635458,36,0,6.382606e-08,0
200635469,36,0,0.0,0
200635499,36,0,0.0,0
200635506,36,0,0.0,0
200635514,36,0,0.0,0
200635548,36,0,0.0,0
200635908,36,0,0.0,0
200635931,36,0,0.0,0
200635935,36,0,0.0,0
200636236,36,0,0.0,0
200636252,36,0,0.0,0
200636263,36,0,0.0,0
200636269,36,0,0.6839409,0
200636740,36,0,0.0,0
200636760,36,0,0.0,0
200636763,36,0,0.0,0
200636776,36,0,0.6700884,0
200636780,36,0,0.0,0
200636788,36,0,0.44938612,0
200636790,36,0,0.59481645,0
200636970,36,0,0.4046108,0
200637380,36,0,0.0,0
200637385,36,0,0.0,0
200637623,36,0,0.0,0
200637635,36,0,0.0,0
200637638,36,0,0.0,0
200637644,36,0,0.0,0
200637657,36,0,0.0,0
200637782,36,0,0.7821801,0
200637797,36,0,0.0,0
200637802,36,0,0.0,0
200637965,36,0,0.0,0
200637978,36,0,0.2727228,0
200637988,36,0,0.0,0
200638417,36,0,0.0026511045,0
200638608,36,0,0.0,0
200638622,36,0,0.0,0
200638626,36,0,0.0,0
200638629,36,0,0.0,0
200638732,36,0,0.05295192,0
200638745,36,0,0.43221623,0
200638898,36,0,0.0,0
200639284,36,0,0.0,0
200639293,36,0,0.0,0
200639301,36,0,0.0,0
200639306,36,0,0.0,0
200639310,36,0,0.090115786,0
200641856,36,0,0.0075524612,0
200642268,36,0,0.6838257,0
200643820,36,0,6.2443267e-10,0
200645694,36,0,1.3725645e-15,0
200647127,36,0,0.0054799165,0
200647128,36,0,0.0007049923,0
200649629,36,0,2.150504e-07,0
200649631,36,0,0.013201349,0
200649636,36,0,2.2553746e-08,0
200650489,36,0,0.0020189667,0
200650649,36,0,0.006098377,0
200650652,36,0,0.0034530282,0
200650970,36,0,9.608364e-06,0
200651616,36,0,1.8587482e-08,0
200653397,36,0,0.3175341,0
200653992,36,0,0.014353684,0
200654768,36,0,0.32584578,0
200654769,36,0,8.601292e-06,0
200656543,36,0,0.15808602,0
200656551,36,0,0.5274179,0
200656553,36,0,0.011718683,0
200657269,36,0,0.005466645,0
200657605,36,0,0.2773446,0
200657607,36,0,0.0036061497,0
200657616,36,0,0.5528716,0
200657617,36,0,0.2847633,0
200657619,36,0,0.04842018,0
200657624,36,0,0.40634137,0
200657635,36,0,0.7853622,0
200657637,36,0,0.2143724,0
200657649,36,0,0.27545235,0
200659646,36,0,0.5971955,0
200659991,36,0,0.43534613,0
200660001,36,0,0.36261103,0
200661541,36,0,0.6954515,0
200666341,36,0,0.41010097,0
200666346,36,0,0.42149878,0
200668469,36,0,0.23410371,0
200668488,36,0,0.01983236,0
200670032,36,0,0.7230344,0
200671734,36,0,0.12202364,0
200672478,36,0,0.003865849,0
200675377,36,0,0.10776156,0
200675390,36,0,0.80586857,1
200679030,36,0,0.4347389,0
200680523,36,0,0.3283623,0
200680529,36,0,0.4167486,0
200681750,36,0,0.018770145,0
200683436,36,0,4.751442e-09,0
200695257,36,0,0.12275641,0
200699531,36,0,2.5086527e-16,0
200699903,36,0,0.041729506,0
200699911,36,0,0.0025155295,0
200701406,36,0,0.5561329,0
200701533,36,0,0.5211642,0
200701769,36,0,0.3957069,0
200701898,36,0,0.52037805,0
200702141,36,0,0.789631,0
200702144,36,0,0.39813894,0
200703151,36,0,6.120876e-10,0
200711159,36,0,0.19499004,0
200711944,36,0,0.22724482,0
200714931,36,0,3.7603927e-16,0
200715960,36,0,0.05734629,0
200718750,36,1,0.4879261,0
200725884,36,0,3.4003823e-16,0
200725891,36,0,3.1003117e-14,0
200726247,36,0,8.557803e-14,0
200726256,36,0,5.5707077e-14,0
200726261,36,0,7.1699813e-13,0
200726278,36,0,3.5569749e-13,0
200726279,36,0,1.0895569e-12,0
200726566,36,0,3.0090044e-13,0
200726571,36,0,8.0390664e-14,0
200726913,36,0,2.5177536e-14,0
200729972,36,0,2.9441113e-23,0
200732641,36,1,0.9494858,1
200738248,36,0,0.4040649,0
200738264,36,1,0.9496045,1
200739618,36,0,3.8504973e-14,0
200739622,36,0,9.516141e-14,0
200739625,36,0,1.893034e-13,0
200739627,36,0,7.7345796e-13,0
200742133,36,0,0.0003113529,0
200748600,36,0,0.0020565358,0
200748602,36,0,0.0032215961,0
200749138,36,0,2.977054e-16,0
200757149,36,0,9.132881e-05,0
200757155,36,0,6.091694e-05,0
200758287,36,0,2.5899443e-13,0
200758291,36,0,2.089965e-13,0
200758995,36,0,2.1035826e-13,0
200759035,36,0,0.0004876449,0
200759308,36,0,0.005773884,0
200759315,36,0,0.021377228,0
200759319,36,0,0.002195204,0
200762536,36,0,0.16527653,0
200774461,36,0,0.00062619714,0
200774465,36,0,0.0039150617,0
200774471,36,0,0.0025051832,0
200774495,36,0,0.004538675,0
200774934,36,0,0.0014938854,0
200949987,36,0,0.012337274,0
200949999,36,0,0.62602377,0
200950000,36,0,0.0668543,0
200950004,36,0,0.780957,0
200960497,36,0,1.1782913e-17,0
200960522,36,0,0.0,0
200961472,36,0,0.52409315,0
200961978,36,0,0.0,0
200962780,36,0,1.0038881e-13,0
200963552,36,0,1.1948397e-24,0
200963581,36,0,2.129433e-11,0
200963849,36,0,2.1811767e-24,0
200963850,36,0,0.0,0
200964038,36,0,5.0129455e-20,0
200964045,36,0,0.003421042,0
200964059,36,0,2.0072644e-09,0
200967006,36,0,0.20173314,0
200967011,36,0,0.14179529,0
200967215,36,0,0.0,0
200967961,36,0,0.00020823244,0
200967969,36,0,9.290881e-05,0
200968142,36,0,0.0013643203,0
200968748,36,0,0.0,0
200969391,36,0,2.0595002e-05,0
200969594,36,0,0.0,0
200969707,36,0,0.0016958282,0
200970411,36,0,0.000735501,0
200970416,36,0,0.0,0
200970594,36,0,0.7858953,0
200970629,36,0,0.0,0
200970830,36,0,4.4675694e-24,0
200970835,36,0,0.65422064,0
200971020,36,0,0.0005035827,0
200971455,36,0,0.0,0
200972495,36,0,9.133449e-10,0
200972506,36,0,0.0,0
200972983,36,0,0.7212526,0
200973003,36,0,0.0006297136,0
200973023,36,0,0.0,0
200973054,36,0,0.0,0
200973062,36,0,0.0,0
200973068,36,0,0.0,0
200973088,36,0,0.0,0
200973495,36,0,0.0,0
200973551,36,0,0.1226512,0
200973560,36,0,0.0,0
200973871,36,0,0.57097197,0
200974374,36,0,3.7345268e-07,0
200974754,36,0,1.9673594e-09,0
200974757,36,0,0.014476853,0
200974803,36,0,0.0,0
200975838,36,0,0.0,0
200976642,36,0,0.065661505,0
200976649,36,0,0.13124253,0
200976652,36,0,0.08512908,0
200976659,36,0,0.024891552,0
200976671,36,0,0.005539135,0
200976706,36,0,0.0,0
200976710,36,0,0.0,0
200976730,36,0,0.0,0
200977021,36,0,2.0765606e-15,0
200977055,36,0,0.0,0
200977063,36,0,0.007060916,0
200977184,36,0,3.7379126e-05,0
200977588,36,0,0.0,0
200978069,36,0,0.0,0
200978413,36,0,0.0,0
200978441,36,0,0.07404677,0
200978447,36,0,2.215296e-25,0
200979248,36,0,0.7219642,0
200979648,36,0,0.0,0
200981209,36,0,0.0,0
200981699,36,0,0.5220135,0
200983773,36,0,0.29031697,0
200983939,36,0,0.0,0
200984150,36,0,0.02083704,0
200984494,36,0,7.293196e-07,0
200984871,36,0,0.0,0
200984879,36,0,0.0,0
200984882,36,0,0.0,0
200985088,36,0,0.00028533372,0
200986283,36,0,1.1016844e-37,0
200987157,36,0,3.0597128e-06,0
200987571,36,0,0.026012613,0
200990304,36,0,5.1284948e-21,0
200992452,36,0,0.19459303,0
200992457,36,0,0.0026134804,0
200992461,36,0,0.006401234,0
200992466,36,0,1.3418963e-05,0
200992468,36,0,0.0002707746,0
200993368,36,0,0.0,0
200993389,36,0,0.0,0
200993394,36,0,0.0,0
200993832,36,0,2.7534102e-07,0
200996856,36,0,0.12499741,0
200997190,36,0,0.014101198,0
200997195,36,0,0.07409473,0
200997199,36,0,0.11585449,0
201000131,36,0,0.32127357,0
201000132,36,0,0.45978197,0
201000368,36,0,0.12970597,0
201002436,36,0,3.0476633e-13,0
201002440,36,0,1.0864483e-12,0
201002441,36,0,1.1726683e-13,0
201002448,36,0,5.0022063e-14,0
201002450,36,0,2.3798053e-13,0
201002456,36,0,7.3682347e-13,0
201002459,36,0,2.2148533e-13,0
201002561,36,0,1.5747774e-13,0
201002580,36,0,7.121701e-14,0
201002586,36,0,4.286243e-14,0
201002590,36,0,4.216138e-14,0
201002594,36,0,4.242624e-13,0
201002597,36,0,6.098237e-13,0
201002601,36,0,2.1738874e-13,0
201002621,36,0,8.086663e-14,0
201002875,36,0,1.17034e-13,0
201002880,36,0,4.689405e-14,0
201002883,36,0,7.478869e-14,0
201003675,36,0,0.27952647,0
201003677,36,0,0.64408845,0
201003678,36,0,0.42830163,0
201003681,36,0,0.43329364,0
201003685,36,0,0.5256173,0
201003687,36,0,0.021047844,0
201003689,36,0,0.10393765,0
201003706,36,0,0.01950768,0
201003711,36,0,0.11456768,0
201003719,36,0,0.7033673,0
201003724,36,0,0.7587394,0
201003735,36,0,0.8490179,1
201003738,36,0,0.21524617,0
201003740,36,0,0.8132834,1
201003741,36,0,0.7507847,0
201003748,36,0,0.70932835,0
201003749,36,0,0.53762126,0
201003752,36,0,0.10024383,0
201003757,36,0,0.036309,0
201003762,36,0,0.11255849,0
201003765,36,0,0.07042043,0
201003773,36,0,0.70464075,0
201004044,36,0,0.54961693,0
201004046,36,0,0.083046824,0
201004048,36,0,0.23328848,0
201006709,36,0,0.35953915,0
201006731,36,0,0.4711621,0
201006734,36,0,0.077410266,0
201007085,36,0,0.0051344642,0
201007087,36,0,0.010350949,0
201007133,36,0,0.0018797294,0
201007520,36,0,0.0025796583,0
201007910,36,0,0.0029742024,0
201007915,36,0,0.002312556,0
201007941,36,0,0.00015975037,0
201008293,36,0,0.010968368,0
201008307,36,0,0.03384338,0
201008310,36,0,0.0020052905,0
201008314,36,0,0.0030641889,0
201008318,36,0,0.000959156,0
201008323,36,0,0.011336216,0
201008326,36,0,0.0039023405,0
201008328,36,0,0.011808139,0
201008331,36,0,0.007950963,0
201008614,36,0,0.009214619,0
201008617,36,0,0.00038976007,0
201008700,36,0,0.1454898,0
201008705,36,0,0.0034123035,0
201013284,36,0,7.629896e-37,0
201054667,36,0,0.0034357049,0
201055674,36,0,0.0,0
201064312,36,0,0.0,0
201065557,36,0,0.012482034,0
201389001,36,0,0.07815732,0
201419733,36,0,0.043133248,0
201419737,36,0,9.656568e-13,0
201420445,36,0,0.071237266,0
201420450,36,0,0.6533506,0
201432010,36,0,0.008795598,0
201432023,36,0,2.2003308e-13,0
201433814,36,0,0.2203475,0
201433815,36,0,0.3888851,0
201433819,36,0,0.034382667,0
201434285,36,0,0.0,0
201436329,36,0,6.9143964e-14,0
201449662,36,0,0.0,0
201449665,36,0,4.458384e-13,0
201449673,36,0,0.010772259,0
201452245,36,0,0.0,0
201456338,36,0,0.0063797547,0
201456554,36,0,5.432651e-10,0
201468723,36,0,0.27531302,0
201494647,36,0,0.027962964,0
201525671,36,0,0.0,0
201749887,36,0,0.2843599,0
201857236,36,0,0.19698568,0
201862388,36,0,7.319761e-30,0
201880384,36,0,1.4019186e-36,0
201942372,36,0,1.7919674e-09,0
201993522,36,0,4.674375e-05,0
201995858,36,0,0.048794653,0
202039596,36,0,0.0,0
202051764,36,0,0.3254953,0
202064266,36,0,8.925599e-14,0
202093295,36,0,0.35845938,0
202093981,36,0,9.5655105e-14,0
202510861,36,1,0.94500476,1
202510866,36,1,0.9284749,1
202546669,36,0,1.0037452e-05,0
202552696,36,0,0.004315661,0
202553626,36,0,0.014512005,0
202570152,36,0,5.7256768e-15,0
202602092,36,0,7.321475e-05,0
202631323,36,0,0.04552557,0
202674571,36,0,0.13730255,0
202721511,36,0,0.0,0
202828590,36,1,0.79871255,1
202828595,36,1,0.8241944,1
202838791,36,0,0.4167609,0
202840409,36,0,0.51766896,0
202846602,36,0,0.23180251,0
202878199,36,1,0.31874192,0
202914789,36,0,0.0,0
202936901,36,0,0.0,0
203157232,36,0,0.0,0
203169641,36,0,0.00720436,0
203174429,36,0,0.0046141604,0
203177072,36,0,0.012736469,0
203802251,36,0,0.0021787696,0
203802264,36,0,8.897807e-06,0
204001124,36,0,2.9611856e-05,0
204189178,36,0,0.662781,0
204394667,36,0,0.11666278,0
204798813,36,0,5.7230907e-05,0
204918142,36,0,0.0018058135,0
204964548,36,0,6.4933236e-05,0
205337465,36,0,1.3775055e-05,0
205337466,36,0,4.0960695e-05,0
205765035,36,0,5.5250485e-14,0
205765038,36,0,1.369697e-13,0
205768407,36,0,0.19746932,0
206369782,36,0,1.5038697e-05,0
206369833,36,0,0.16898288,0
206376233,36,0,2.9797855e-13,0
206378921,36,0,0.0045480733,0
206462722,36,0,0.008733586,0
206939495,36,0,0.66706103,0
206939723,36,0,1.4890805e-05,0
207037694,36,0,2.599538e-15,0
207061251,36,0,0.43167654,0
207070139,36,0,0.17144147,0
207362772,36,0,0.019136967,0
207363644,36,0,0.59570855,0
207727189,36,0,0.0,0
207926816,36,0,3.0888287e-08,0
207926824,36,0,5.911246e-09,0
207930774,36,0,0.05887574,0
207934076,36,0,3.3154825e-05,0
207939801,36,0,1.9548916e-05,0
207948568,36,0,0.0,0
207948577,36,0,0.12878743,0
207951676,36,0,0.0004866862,0
207956674,36,0,0.00071805133,0
207961196,36,0,0.0048516146,0
207968518,36,0,0.0,0
207987493,36,0,0.053709928,0
208002291,36,0,0.0,0
208003277,36,0,0.032644738,0
208005440,36,0,0.0,0
208006193,36,0,0.0,0
208006569,36,0,0.0,0
208007181,36,0,0.0,0
208009073,36,0,0.0,0
208041590,36,0,0.003568021,0
209129579,36,0,1.5494271e-15,0
209179808,36,0,0.012698581,0
210019069,36,0,0.0,0
210056488,36,0,0.7460965,0
210610779,36,0,2.6276795e-14,0
211804130,36,0,0.04219485,0
211945731,36,0,0.028567225,0
212500432,36,0,2.654324e-05,0
213127158,36,0,7.2329146e-14,0
213127175,36,0,2.3014712e-13,0
213726951,36,0,0.9293417,1
214413398,36,0,3.339014e-14,0
215052635,36,0,6.765641e-05,0
215052636,36,0,0.02715251,0
215860446,36,0,0.6919226,0
216354897,36,0,7.726369e-16,0
216518429,36,0,0.0018824474,0
216521282,36,0,0.0,0
216521291,36,0,4.511333e-05,0
216521847,36,0,6.4426116e-05,0
216521848,36,0,0.0,0
216523168,36,0,0.0,0
216523194,36,0,3.249138e-05,0
216523199,36,0,3.3220147e-06,0
216523765,36,0,0.029419623,0
216524470,36,0,0.0,0
216524840,36,0,0.0,0
216525352,36,0,5.180469e-05,0
216525647,36,0,1.506082e-15,0
216526565,36,0,0.014977228,0
216527230,36,0,0.68255377,0
216528012,36,0,0.0,0
216542850,36,0,0.0,0
216543839,36,0,0.04436197,0
216549134,36,0,0.006160377,0
216554848,36,0,1.50014685e-05,0
216559772,36,0,2.8464821e-05,0
216559774,36,0,0.019780166,0
216559776,36,0,8.562374e-05,0
216559780,36,0,0.0,0
216559781,36,0,8.543769e-05,0
216559783,36,0,0.028542452,0
216559787,36,0,0.0044242702,0
216559788,36,0,5.986097e-06,0
216559791,36,0,0.0,0
216559792,36,0,4.315761e-05,0
216559794,36,0,5.510146e-05,0
216559803,36,0,0.0,0
216559809,36,0,1.8010052e-05,0
216562926,36,0,0.0,0
216562928,36,0,0.0,0
216562929,36,0,0.0,0
216563621,36,0,9.500083e-05,0
216563632,36,0,0.00010474964,0
216568516,36,0,0.0,0
216568517,36,0,0.0,0
216568518,36,0,0.012953677,0
216572145,36,0,1.0184002e-06,0
216572650,36,0,1.3133983e-05,0
216573014,36,0,0.0,0
216574260,36,0,0.0,0
216576290,36,0,0.04451229,0
216577575,36,0,0.0,0
216578762,36,0,9.457228e-06,0
216581048,36,0,1.5212077e-05,0
216585659,36,0,0.17085887,0
216593390,36,0,0.32677725,0
216593392,36,0,2.0860517e-08,0
216593393,36,0,6.409749e-12,0
216600670,36,0,0.22561938,0
216635789,36,0,0.00058354426,0
216807497,36,0,0.0018500068,0
216811524,36,0,0.6234892,0
216811703,36,0,0.49003738,0
216812226,36,0,0.08850678,0
216812228,36,0,0.5489365,0
216813441,36,0,0.21593724,0
216813442,36,0,0.61137325,0
217583370,36,0,0.009277603,0
217586908,36,0,0.0023235902,0
217604757,36,0,2.871987e-15,0
217605178,36,0,9.302807e-15,0
217605290,36,0,1.1039262e-15,0
217605292,36,0,5.4479952e-15,0
217605300,36,0,7.352388e-16,0
217610708,36,0,0.0037071032,0
217614129,36,1,0.89889187,1
217630336,36,0,0.12930231,0
217633500,36,1,0.5274168,0
217634767,36,0,1.4370049e-36,0
217654794,36,0,0.32583016,0
217655635,36,0,0.0041925493,0
217658502,36,0,0.47386926,0
217661179,36,0,0.5483695,0
217663350,36,0,0.0005841074,0
217678280,36,0,0.017390408,0
217678717,36,0,0.3077826,0
217701123,36,0,0.7859068,0
218217012,36,0,1.4694408e-05,0
219057662,36,0,0.12681848,0
219348593,36,0,0.0,0
219353245,36,0,0.00080184516,0
219371979,36,0,0.0034248892,0
219577010,36,0,0.05008961,0
219600551,36,0,4.618977e-06,0
219605774,36,0,2.9606888e-16,0
219622938,36,0,9.903188e-14,0
219623122,36,0,2.6953344e-14,0
219623306,36,0,5.6239173e-14,0
219623378,36,0,5.836805e-14,0
219628409,36,0,0.0038731094,0
219628416,36,0,0.0039184475,0
219635740,36,0,0.0061135725,0
658042,37,0,0.006606834,0
1360579,37,0,0.0077601653,0
2213779,37,0,2.2251646e-16,0
2594742,37,0,0.0046248464,0
5613071,37,0,7.6834457e-34,0
5658535,37,0,0.009937671,0
5734936,37,0,7.533267e-23,0
6127258,37,0,0.10743622,0
6201592,37,0,0.022205815,0
6893365,37,0,0.013829401,0
8395924,37,0,0.0033075255,0
8715514,37,0,0.04351985,0
8893820,37,0,0.0,0
8894834,37,0,0.0,0
9291658,37,0,0.17888491,0
11106276,37,0,0.0,0
11109429,37,0,0.0029509272,0
11156016,37,0,0.08997486,0
12885908,37,0,0.071184546,0
12891978,37,0,0.050146837,0
13088597,37,0,1.4910145e-36,0
13089146,37,0,1.5452022e-36,0
13735016,37,1,0.45068613,0
13739107,37,0,2.423702e-22,0
14835628,37,0,0.061591715,0
16441435,37,0,1.3801584e-35,0
16441436,37,0,0.0,0
19129652,37,0,0.02729653,0
19333117,37,0,0.108437546,0
20219855,37,0,1.8455817e-27,0
20219860,37,0,1.780805e-13,0
20219881,37,0,0.0059163445,0
21420923,37,0,0.0,0
21498012,37,0,0.0,0
22044483,37,0,2.6360747e-09,0
22063301,37,0,0.0,0
22063303,37,0,0.0,0
22063305,37,0,0.0,0
22075265,37,0,0.0,0
22075591,37,0,1.3013098e-36,0
22075593,37,0,0.0,0
22075800,37,0,1.1853989e-13,0
22111383,37,0,0.0,0
23135269,37,0,0.0,0
23332951,37,0,4.5860435e-23,0
24092310,37,0,0.0,0
24118138,37,0,0.0030937218,0
24839921,37,0,0.009097052,0
25101142,37,0,1.05367855e-16,0
26936052,37,0,0.064209595,0
27811117,37,0,1.7658178e-06,0
28807533,37,0,0.040601943,0
28809387,37,0,0.006147192,0
28809392,37,0,0.0030577835,0
28811595,37,0,3.5421185e-22,0
28842051,37,0,1.8532055e-22,0
28845506,37,0,0.16997603,0
28858062,37,0,1.6499927e-22,0
28858195,37,0,0.33957395,0
28862543,37,1,0.5401132,0
28863327,37,0,2.7446965e-22,0
28865573,37,0,7.986002e-22,0
28866150,37,0,2.0170605e-22,0
28877539,37,1,0.3041347,0
28878820,37,1,0.6221851,0
28879339,37,1,0.5671375,0
28890210,37,0,0.103639364,0
28891484,37,0,0.06687416,0
28894475,37,0,0.67830867,0
28895712,37,0,0.1379405,0
28898351,37,1,0.42412144,0
28898970,37,1,0.8635241,1
28900174,37,1,0.19663712,0
28900605,37,1,0.31754613,0
28902002,37,0,0.6153244,0
28902293,37,0,0.4992228,0
28902538,37,0,0.54562443,0
28903935,37,1,0.17370465,0
28907492,37,1,0.42538083,0
28910148,37,0,0.77492714,0
28910727,37,0,0.6466051,0
28910748,37,0,0.78188366,0
28910883,37,0,0.7393364,0
28913542,37,0,0.02361661,0
28916430,37,0,0.010885578,0
28919343,37,0,0.62055373,0
28953279,37,1,0.9802797,1
28961012,37,0,2.3237249e-06,0
28978090,37,0,0.0104955565,0
28991126,37,0,0.0027684276,0
28997148,37,1,0.8985868,1
28998355,37,0,6.497804e-29,0
29000647,37,0,0.27262372,0
29007692,37,0,0.010314855,0
29012168,37,0,6.6285195e-09,0
29012183,37,0,0.23503016,0
29018863,37,0,0.08849608,0
29034434,37,0,0.42440403,0
29035758,37,1,0.38826942,0
29038601,37,0,0.4651418,0
29039759,37,0,0.0038959216,0
29065198,37,0,1.9302707e-10,0
29065203,37,0,4.5175533e-08,0
29077889,37,0,0.0,0
29079220,37,0,0.0,0
29131565,37,0,0.20748127,0
29132309,37,0,0.49252465,0
29132572,37,1,0.41840273,0
29132574,37,0,0.027176209,0
29132576,37,0,0.018105557,0
29132578,37,0,0.061443884,0
29132580,37,0,2.8048082e-35,0
29132730,37,0,2.4836143e-06,0
29133201,37,0,0.01862691,0
29133205,37,1,0.97613734,1
29133218,37,1,0.5882049,0
29140182,37,0,0.0,0
29147342,37,0,0.0,0
29147628,37,0,0.0,0
29148599,37,0,0.017607555,0
29153607,37,0,0.0,0
29154944,37,0,0.026511641,0
29157617,37,0,2.1011254e-31,0
29157700,37,0,0.20225358,0
29157703,37,0,0.98186034,1
29157706,37,0,0.028320203,0
29158039,37,0,0.0,0
29158041,37,0,0.93942153,1
29158820,37,0,0.30749846,0
29158821,37,0,0.24623708,0
29158822,37,0,0.34231192,0
29158824,37,0,0.39239448,0
29158849,37,0,0.020819498,0
29159333,37,0,0.26368055,0
29159669,37,0,0.07428222,0
29159676,37,0,0.27364713,0
29161611,37,1,0.8607917,1
29197257,37,0,0.00014601299,0
29197703,37,0,0.0,0
29197707,37,0,0.0,0
29198297,37,0,1.5275228e-33,0
29198315,37,0,2.0899478e-33,0
29198322,37,0,2.0312182e-33,0
29198328,37,0,2.2384265e-33,0
29198339,37,0,1.07869665e-35,0
29198348,37,0,8.5356674e-36,0
29200748,37,0,1.2083336e-17,0
29200752,37,0,2.3860658e-19,0
29200754,37,0,5.1853476e-13,0
29200761,37,0,3.83666e-12,0
29201120,37,0,0.007153117,0
29201217,37,0,5.725464e-13,0
29201671,37,0,3.9794996e-13,0
29201674,37,0,8.359832e-14,0
29201677,37,0,1.9053717e-13,0
29201784,37,0,1.0797344e-12,0
29202270,37,0,5.5868037e-19,0
29202274,37,0,4.203663e-20,0
29202276,37,0,2.2760728e-17,0
29202282,37,0,4.986022e-18,0
29207064,37,0,0.38391703,0
29207925,37,0,0.23321345,0
29208718,37,0,0.60100275,0
29211512,37,0,0.122733615,0
29211516,37,0,0.005312755,0
29216827,37,0,0.0,0
29217943,37,0,0.5001524,0
29223839,37,0,4.2853933e-36,0
29224329,37,0,0.035327487,0
29225467,37,0,0.78462017,0
29226430,37,0,0.0,0
29226839,37,0,0.020836141,0
29230449,37,0,0.0,0
29234681,37,0,0.0,0
29235826,37,0,0.32891354,0
29239488,37,0,0.9031271,1
29239643,37,0,0.0,0
29239676,37,0,0.0,0
29240276,37,0,0.813198,1
29250236,37,0,0.33445832,0
29256869,37,0,0.0,0
29258261,37,0,0.0,0
29260338,37,0,3.354598e-13,0
29262533,37,0,0.0,0
29263104,37,0,2.5688928e-35,0
29265718,37,0,0.24188516,0
29265730,37,0,0.8140708,1
29300677,37,1,0.99191177,1
29303151,37,0,0.0,0
29427579,37,0,2.0685874e-26,0
29433668,37,0,0.046140403,0
29441006,37,0,0.0003799088,0
29484596,37,0,0.04141177,0
29487690,37,0,0.5806307,0
29489272,37,0,1.4591351e-05,0
29490461,37,0,0.1617162,0
29491928,37,0,5.3193037e-27,0
29491994,37,0,7.153056e-17,0
29496153,37,0,2.820608e-16,0
29498692,37,0,0.020874497,0
29499895,37,0,1.3841505e-34,0
29500517,37,0,1.3531367e-15,0
29501882,37,0,2.8255644e-14,0
29502018,37,0,1.2727788e-24,0
29507998,37,0,1.8390802e-20,0
29508038,37,0,2.7944347e-15,0
29509489,37,0,0.015829679,0
29514101,37,0,0.0,0
29520081,37,0,1.727051e-06,0
29525354,37,0,0.21453145,0
29531000,37,0,0.0,0
29531724,37,0,4.1876983e-06,0
29537395,37,0,0.41405857,0
29537769,37,0,0.4787653,0
29541260,37,0,0.015513833,0
29568489,37,0,1.4874647e-35,0
29568513,37,0,0.0,0
29569824,37,0,1.9881549e-36,0
29569841,37,0,3.0225475e-34,0
29571342,37,0,2.2566946e-09,0
29576079,37,0,0.000203187,0
29576091,37,0,4.922612e-05,0
29576108,37,0,0.0022435146,0
29576771,37,0,9.7593465e-06,0
29576784,37,0,0.023470841,0
29577198,37,0,0.0009846912,0
29577804,37,0,0.0025036894,0
29578030,37,0,0.001266778,0
29578035,37,0,0.00144203,0
29579038,37,0,0.0008271639,0
29579043,37,0,0.10137409,0
29581775,37,1,0.89656144,1
29607229,37,0,4.5712034e-28,0
29611862,37,1,0.98118925,1
29613853,37,0,0.19803141,0
29615095,37,1,0.50918865,0
29615279,37,0,0.0044841887,0
29617354,37,0,0.00015075144,0
29617384,37,0,0.12519214,0
29621967,37,0,0.21654686,0
29642182,37,0,0.2567783,0
29650728,37,0,2.038114e-22,0
29650831,37,0,0.008626898,0
29653130,37,0,0.3814706,0
29653132,37,0,0.54729056,0
29654784,37,0,0.3485797,0
29702068,37,0,0.06878143,0
29703671,37,0,3.8790275e-35,0
29708059,37,0,0.10277836,0
29732317,37,0,0.003396701,0
29735405,37,0,9.267111e-21,0
29745091,37,0,2.21492e-36,0
29752841,37,0,1.60457e-35,0
29754622,37,0,0.00376085,0
29803506,37,0,1.1503878e-14,0
29820678,37,0,0.004218023,0
29848936,37,0,3.7855002e-35,0
29850436,37,0,3.190804e-18,0
29850440,37,0,0.2963153,0
29851848,37,0,0.00024460006,0
29851856,37,0,0.008893192,0
29852791,37,0,0.005083347,0
29854235,37,0,0.020634066,0
29866188,37,0,0.0025881268,0
29868010,37,0,0.202198,0
29869285,37,0,0.72540563,0
29870304,37,0,0.36743852,0
29870940,37,0,0.8226796,1
29962122,37,1,0.76686186,0
29965901,37,0,0.16324215,0
29986693,37,0,1.33876465e-05,0
29986772,37,0,0.0027778773,0
29991566,37,0,0.0,0
29994924,37,0,0.97858363,1
29996898,37,0,1.2394685e-09,0
29999304,37,0,0.24799795,0
30002374,37,0,0.011654895,0
30002389,37,0,1.5244265e-17,0
30002391,37,0,0.11428683,0
30002397,37,0,0.5311845,0
30002603,37,0,1.7133007e-07,0
30003202,37,0,0.085728526,0
30003766,37,0,0.20569173,0
30060590,37,0,0.29206488,0
30060601,37,0,0.9582469,1
30060606,37,0,8.137321e-10,0
30061037,37,0,0.21596001,0
30061066,37,1,0.50611615,0
30061071,37,0,2.901792e-34,0
30068694,37,0,9.2087525e-14,0
30068696,37,0,3.606144e-14,0
30072068,37,0,0.2011542,0
30072090,37,0,6.723741e-20,0
30072092,37,0,1.0296609e-20,0
30072104,37,0,2.2073554e-20,0
30082772,37,0,4.154467e-20,0
30083182,37,0,1.1427576e-18,0
30083187,37,0,1.5746868e-14,0
30083195,37,0,8.969663e-14,0
30085664,37,0,0.0012005583,0
30088616,37,0,0.00060982263,0
30094922,37,0,0.019549757,0
30095211,37,0,0.019159177,0
30113950,37,0,0.015115943,0
30113955,37,0,0.037903342,0
30115034,37,0,0.027608989,0
30115063,37,0,0.18603082,0
30116076,37,0,0.08729861,0
30118068,37,0,0.08755953,0
30120627,37,0,0.024465635,0
30126876,37,0,0.3840323,0
30133493,37,0,0.79981434,1
30151745,37,0,1.2321115e-14,0
30152588,37,0,0.017006215,0
30152597,37,0,0.0037054128,0
30158167,37,0,1.1032243e-28,0
30164112,37,0,2.0449638e-33,0
30165215,37,0,0.01924836,0
30166073,37,0,7.287889e-37,0
30166084,37,0,4.6532105e-34,0
30166094,37,0,5.2918e-34,0
30166097,37,0,4.423065e-35,0
30166102,37,0,6.505019e-37,0
30166109,37,0,3.3652465e-37,0
30166709,37,0,1.008972e-34,0
30166717,37,0,1.722727e-35,0
30166724,37,0,1.7832859e-36,0
30166728,37,0,4.263572e-38,0
30166731,37,0,1.1696629e-37,0
30166744,37,0,4.34412e-36,0
30166755,37,0,1.4544321e-36,0
30167453,37,0,3.2028708e-37,0
30167458,37,0,6.99678e-37,0
30167462,37,0,3.8180728e-35,0
30167470,37,0,3.5935167e-33,0
30167815,37,0,5.6091005e-33,0
30167824,37,0,2.1094985e-34,0
30167830,37,0,3.076262e-36,0
30167841,37,0,1.4947554e-37,0
30171477,37,0,0.0046702647,0
30171560,37,0,0.0015837831,0
30172054,37,0,0.023288336,0
30172062,37,0,0.0034435028,0
30172094,37,0,0.040302407,0
30172105,37,0,0.052266654,0
30172114,37,0,0.00033747312,0
30173115,37,0,0.0069267605,0
30173122,37,0,0.0013730499,0
30173547,37,0,0.0014928905,0
30173550,37,0,0.00013448039,0
30179316,37,1,0.9958198,1
30179829,37,0,0.07808875,0
30179874,37,0,0.0062739267,0
30185168,37,0,0.042924393,0
30191354,37,0,0.40357924,0
30204549,37,1,0.832033,1
30204891,37,1,0.59933984,0
30217241,37,0,0.052528597,0
30276715,37,0,1.3539788e-22,0
30299014,37,0,2.497864e-37,0
30585806,37,1,0.10213768,0
30585811,37,1,0.9713968,1
30585812,37,1,0.9740292,1
30659979,37,0,0.50171643,0
30699343,37,0,0.003172339,0
30712080,37,0,0.87594205,1
30839686,37,0,0.38636398,0
30840634,37,0,0.4484841,0
30846014,37,0,0.006212893,0
30861039,37,0,0.80131036,1
30900997,37,0,9.246665e-36,0
30921441,37,0,0.013601507,0
30971775,37,0,0.001250817,0
30998360,37,0,0.013928033,0
31014962,37,0,0.020968802,0
31020045,37,0,0.005435015,0
31730726,37,1,0.1723645,0
31779594,37,0,1.0533261e-29,0
33503835,37,0,1.10804955e-20,0
33917980,37,0,4.735525e-21,0
35335659,37,0,0.09529629,0
35793819,37,0,0.0011186538,0
36584676,37,0,0.22878316,0
36742734,37,1,0.9854689,1
38396553,37,0,3.8977763e-35,0
38396555,37,0,9.669965e-36,0
38406946,37,0,2.711181e-35,0
38859272,37,0,0.033071138,0
38860323,37,0,1.1438302e-11,0
38860328,37,0,0.0,0
38861661,37,0,0.09512537,0
38863760,37,0,0.34042245,0
38881714,37,0,0.0,0
38882098,37,0,5.3316313e-36,0
38882122,37,0,2.0981027e-34,0
38882130,37,0,4.3267734e-35,0
38882139,37,0,1.611614e-33,0
38882145,37,0,4.994207e-33,0
38882277,37,0,0.0,0
38882284,37,0,4.544919e-33,0
38882290,37,0,5.673661e-33,0
38882296,37,0,4.6482632e-33,0
38886817,37,0,0.0036621005,0
38886822,37,0,0.00068820524,0
38886849,37,0,0.0031239232,0
38895342,37,0,0.00033146213,0
38915630,37,0,0.277447,0
38963348,37,0,0.0062693795,0
38963435,37,0,8.7884264e-29,0
39055134,37,0,4.5975526e-06,0
39055136,37,0,1.1236964e-10,0
39634992,37,1,0.9692337,1
39645446,37,0,0.12595294,0
39660882,37,0,7.953204e-36,0
39661038,37,0,2.0540845e-36,0
39661046,37,0,2.7832451e-36,0
39661890,37,0,9.226924e-38,0
39662525,37,0,7.759804e-39,0
39662693,37,0,6.0058604e-38,0
39662729,37,0,1.6060137e-37,0
39662735,37,0,1.718695e-37,0
39663342,37,0,2.3193578e-36,0
39663353,37,0,2.8851128e-35,0
39663531,37,0,1.0160236e-36,0
39667347,37,0,0.10092875,0
39673149,37,0,0.013593193,0
39675637,37,0,0.00059878634,0
39676134,37,0,0.0012751593,0
39676162,37,0,0.0037455363,0
39676169,37,0,0.0039715245,0
39676971,37,1,0.97568107,1
39680719,37,0,0.10010106,0
39684200,37,1,0.0,0
39686670,37,0,6.371967e-05,0
39686681,37,0,0.0010834495,0
39687372,37,0,0.0029044156,0
39687411,37,1,0.97332406,1
39692773,37,0,0.0,0
39693929,37,0,0.014155321,0
39718260,37,0,0.95864546,1
39724214,37,1,0.98186857,1
39728377,37,1,0.9818749,1
39747107,37,1,0.71276337,0
39766837,37,1,0.22276026,0
40853357,37,0,0.0,0
46264848,37,0,0.21420673,0
332928,38,0,0.6987644,0
344903,38,0,0.082476385,0
1061971,38,0,0.0,0
1119474,38,0,0.00022348175,0
1386485,38,0,0.00017619743,0
1396330,38,0,0.0042603584,0
2089013,38,0,0.040198676,0
2343907,38,0,0.005677736,0
3000362,38,0,0.06413167,0
3884437,38,0,0.33111188,0
3955089,38,0,0.0,0
4384743,38,0,0.2647273,0
4450188,38,0,1.3400651e-35,0
4781655,38,0,0.007951362,0
5687299,38,0,1.0083818e-37,0
6060482,38,0,0.0,0
6135217,38,0,4.1083784e-38,0
6239780,38,0,1.2127255e-09,0
6368275,38,0,0.016801395,0
7128970,38,0,5.0115173e-06,0
7404129,38,0,0.00053111184,0
8127357,38,0,0.0030035533,0
8149444,38,0,0.5335163,0
8281289,38,0,0.0,0
8845038,38,0,5.428476e-05,0
9186862,38,0,0.004376652,0
9376210,38,0,0.0,0
11866994,38,0,4.0305963e-28,0
12829371,38,1,0.97615224,1
12829644,38,1,0.98665535,1
12829702,38,1,0.9895229,1
12829709,38,1,0.9552031,1
12830001,38,1,0.98782337,1
12830002,38,1,0.9551996,1
12830011,38,1,0.9763415,1
12830017,38,1,0.9846331,1
12830020,38,1,0.95532984,1
12830021,38,1,0.0,0
12830057,38,1,0.9553496,1
12830061,38,1,0.99104965,1
12830069,38,1,0.9871889,1
12830383,38,1,0.976443,1
12830385,38,1,0.97639686,1
12830801,38,1,0.96710056,1
13227997,38,0,0.02108617,0
13785728,38,0,0.0,0
15122642,38,0,1.6006966e-17,0
15183331,38,0,1.10815095e-35,0
17753526,38,0,1.890679e-38,0
17887663,38,0,0.0,0
18289552,38,0,0.15746579,0
19601398,38,0,0.0,0
20406025,38,0,0.6432286,0
20678458,38,0,0.0,0
21677972,38,1,0.9201088,1
21677974,38,1,0.80648565,1
22156511,38,0,0.10800815,0
24452622,38,0,0.792091,0
24466467,38,0,1.1606119e-06,0
24663119,38,0,0.2178054,0
25451187,38,0,0.72259647,0
26135292,38,0,5.787304e-34,0
26539290,38,0,0.0,0
27677611,38,0,0.00012158443,0
27677612,38,0,0.00080634176,0
28201734,38,0,0.00407981,0
28203115,38,0,7.7850804e-35,0
28226984,38,0,0.9032791,1
28227172,38,0,6.6140195e-28,0
28228628,38,0,0.011488664,0
28228835,38,0,2.743233e-07,0
28228839,38,0,8.161808e-35,0
28229177,38,0,0.0007716351,0
28493495,38,0,0.016934605,0
28669491,38,0,2.460932e-36,0
29626166,38,0,1.1562243e-09,0
30448826,38,0,0.0004241171,0
30720338,38,0,0.84106725,1
30720340,38,0,0.553164,0
30755419,38,0,0.002561531,0
30897741,38,0,1.3191927e-05,0
31000876,38,0,0.018150719,0
31319565,38,1,0.799303,1
31319567,38,1,0.9682177,1
31319568,38,1,0.39564562,0
31837161,38,0,0.033737283,0
32075968,38,0,0.27573296,0
32942675,38,0,0.0025775984,0
32964065,38,0,0.0013415797,0
33557201,38,0,0.0,0
33570524,38,0,0.01627672,0
36686206,38,0,0.0,0
37013075,38,0,1.1008824e-36,0
37045557,38,0,0.0,0
38996039,38,0,0.23761258,0
39012183,38,0,0.024640063,0
39029147,38,0,0.077669956,0
39039425,38,0,0.0008823633,0
39432930,38,0,0.0020238564,0
39652286,38,0,0.01840421,0
39997296,38,0,0.0014362015,0
40022007,38,0,0.13735463,0
40467476,38,1,0.015319124,0
40467477,38,1,0.8943181,1
40467480,38,1,0.8455271,1
40467486,38,1,0.016757544,0
40467487,38,1,0.015301453,0
40467495,38,1,0.0152611,0
40467500,38,1,0.73356926,0
40467520,38,1,0.015307642,0
40467521,38,1,0.01528386,0
40722900,38,0,0.0,0
40813849,38,0,0.013026692,0
42363278,38,0,0.0016050014,0
42641146,38,0,0.031460237,0
42789519,38,0,0.1958408,0
43103633,38,0,0.0,0
44515832,38,0,0.0033314403,0
44570397,38,0,0.2116628,0
44914114,38,0,0.004755008,0
46544927,38,0,2.8856914e-38,0
46544929,38,0,7.1866866e-35,0
46544936,38,0,0.1459067,0
46544950,38,0,0.002659359,0
47224248,38,1,0.8999776,1
47224250,38,1,0.91371965,1
47667791,38,0,0.0047674356,0
48547471,38,0,0.1015005,0
49146255,38,0,0.27995008,0
53136217,38,0,1.4941394e-07,0
53362505,38,0,2.068772e-38,0
54066382,38,0,0.2267301,0
54066383,38,0,0.052227978,0
55274937,38,0,0.047004484,0
55274950,38,0,0.003935783,0
55275135,38,0,0.0037104315,0
56383979,38,0,0.06376694,0
56571507,38,0,0.042565368,0
56638263,38,0,0.0027492165,0
57342969,38,0,0.5839774,0
57658988,38,0,0.55920917,0
58590872,38,0,0.0023146085,0
58738358,38,0,1.6186484e-35,0
59322728,38,0,7.380945e-37,0
60277582,38,0,0.009194832,0
60710228,38,0,0.006877407,0
60980911,38,0,0.0149861565,0
61317530,38,1,0.010909699,0
61775673,38,0,0.00027014667,0
62097591,38,0,0.20054802,0
62134772,38,0,2.0054151e-36,0
62156759,38,0,0.019314088,0
62229594,38,0,0.0047180355,0
62302746,38,0,0.20778456,0
63407348,38,0,0.0035497467,0
63501805,38,0,0.0,0
64405787,38,0,0.37416685,0
65733573,38,0,0.012149116,0
66750274,38,0,0.048505563,0
67790675,38,0,0.00073196983,0
67791283,38,0,2.195012e-35,0
68471582,38,0,2.0554737e-06,0
68527875,38,0,0.005402742,0
68821525,38,0,0.0034460514,0
69476252,38,0,0.0,0
70263261,38,0,2.4816176e-34,0
70368598,38,0,0.34298992,0
70899975,38,0,0.0010647963,0
74054280,38,0,0.0,0
74816463,38,1,0.91039795,1
74816464,38,1,0.8453636,1
76126924,38,0,1.5787347e-05,0
76178842,38,0,0.002422765,0
76469733,38,0,0.22629578,0
77531247,38,0,1.3206748e-34,0
78115825,38,0,0.31687343,0
79143470,38,0,0.0004576589,0
81117054,38,0,0.048600953,0
82002608,38,0,5.9068294e-05,0
84944159,38,0,0.013782707,0
85734196,38,0,0.0024715213,0
86275329,38,0,0.0038271446,0
86347642,38,0,0.025179602,0
86954963,38,0,1.3464588e-37,0
88151584,38,0,0.008254698,0
88261666,38,1,0.56834704,0
88288504,38,0,0.26730576,0
88288539,38,0,0.038395084,0
88290986,38,0,0.00096089387,0
88303648,38,0,0.0035785288,0
88433177,38,0,0.045550812,0
88451222,38,0,0.23820382,0
88469321,38,0,1.7118785e-35,0
88822941,38,0,3.4592999e-37,0
91060355,38,0,0.016007591,0
92554092,38,0,0.03503153,0
96508393,38,0,0.15568589,0
97592518,38,0,0.0,0
97660090,38,0,0.0,0
98887628,38,0,1.2689233e-05,0
98980159,38,0,0.3410924,0
100252268,38,0,0.09468825,0
100474142,38,0,0.0,0
100648437,38,0,0.2863307,0
100724438,38,0,0.0040076845,0
104313316,38,0,0.32887888,0
110026126,38,0,1.3526128e-34,0
112694396,38,0,0.011652375,0
112920133,38,0,0.8473204,1
112967869,38,0,0.0,0
112997653,38,0,0.011192381,0
113003834,38,0,0.004020236,0
113054794,38,0,2.6041453e-21,0
113055065,38,0,1.4305886e-05,0
114005569,38,0,0.4847632,0
114088682,38,0,0.08378102,0
114436378,38,0,0.013058991,0
114447297,38,0,0.0,0
114464849,38,0,1.1463052e-06,0
114465984,38,0,0.5530159,0
114468688,38,0,7.934585e-09,0
114469775,38,0,0.26440057,0
114471864,38,0,1.1142769e-34,0
114472095,38,0,2.1106899e-34,0
114472101,38,0,2.042538e-34,0
114472735,38,0,1.1759814e-35,0
114476019,38,0,0.10291809,0
114479506,38,0,0.6791929,0
114481812,38,0,0.07922227,0
114488187,38,1,0.1228687,0
114488570,38,0,4.1409793e-31,0
114497010,38,0,0.00021166183,0
114497093,38,0,0.00012738402,0
114497355,38,0,0.00066362775,0
114497358,38,0,0.012923502,0
114497371,38,0,0.00049594237,0
114497377,38,0,0.00954005,0
114497382,38,0,0.0040892367,0
114497389,38,0,0.0023040695,0
114497394,38,0,0.003920059,0
114497399,38,0,0.006587987,0
114497403,38,0,0.000790262,0
114497406,38,0,0.0027880406,0
114497412,38,0,0.004120613,0
114497427,38,0,0.006977748,0
114497431,38,0,0.005366576,0
114497436,38,0,0.0056132716,0
114497438,38,0,0.0016891089,0
114497442,38,0,0.006091101,0
114497450,38,0,0.004518621,0
114497721,38,0,0.0011024101,0
114497725,38,0,0.0042960863,0
114499205,38,1,0.9344046,1
114507940,38,1,0.7461683,0
114514658,38,0,0.011615216,0
114521942,38,0,4.8454226e-28,0
114528470,38,0,1.7719448e-07,0
114538747,38,0,0.082966685,0
114548633,38,0,0.09098236,0
114549683,38,0,0.18270701,0
114558980,38,0,0.21355988,0
114559941,38,0,0.5921229,0
114560432,38,0,0.2597462,0
114565898,38,0,0.10248751,0
114571127,38,0,0.09236722,0
114598077,38,0,0.13802907,0
114600470,38,0,0.046587385,0
114602932,38,0,0.9929161,1
114603374,38,0,0.132678,0
114603376,38,0,4.758588e-09,0
114603391,38,0,2.5908425e-10,0
114603911,38,0,0.1434119,0
114603961,38,0,0.00031463467,0
114604129,38,0,0.015037289,0
114604155,38,0,0.010769104,0
114604546,38,0,7.539527e-10,0
114604557,38,0,4.256718e-05,0
114604561,38,0,0.11840594,0
114604822,38,0,0.010791538,0
114619004,38,0,0.43698496,0
114619014,38,0,0.05258136,0
114619016,38,0,0.040662173,0
114621255,38,0,0.18659127,0
114621768,38,0,0.120782845,0
114622685,38,0,0.40744516,0
114626665,38,0,0.0053399014,0
114626822,38,1,0.47230133,0
114629224,38,0,0.13621138,0
114629242,38,0,2.3184211e-06,0
114633474,38,0,0.0,0
114635233,38,0,0.0022314833,0
114635481,38,0,1.34851e-06,0
114637435,38,0,1.1910265e-31,0
114638312,38,0,0.41621527,0
114638316,38,0,0.4756054,0
114638388,38,0,0.36714563,0
114638390,38,0,0.051020324,0
114638671,38,0,0.027116474,0
114638673,38,0,0.32320544,0
114640040,38,0,4.697607e-07,0
114641619,38,0,9.816583e-37,0
114641963,38,0,1.9099424e-35,0
114641966,38,0,7.7197506e-36,0
114641985,38,0,3.964287e-39,0
114642158,38,0,3.912806e-36,0
114642160,38,0,6.7048935e-34,0
114642262,38,0,3.082491e-34,0
114642279,38,0,6.0493706e-36,0
114642288,38,0,2.3765344e-36,0
114642450,38,0,1.059342e-37,0
114648386,38,1,0.9296003,1
114651822,38,0,9.458358e-05,0
114651826,38,0,0.008838666,0
114652567,38,0,0.0,0
114653338,38,0,8.139597e-05,0
114653503,38,0,1.3327216e-16,0
114655562,38,0,4.399013e-38,0
114655823,38,1,0.46007216,0
114656125,38,1,0.9354654,1
114656654,38,0,0.0,0
114656657,38,0,1.7546481e-13,0
114657228,38,0,0.06922974,0
114657233,38,0,0.051200815,0
114657834,38,0,0.5614508,0
114657835,38,0,0.13791186,0
114657864,38,0,0.89541715,1
114658129,38,0,0.0038554168,0
114658606,38,0,0.84577084,1
114658610,38,0,0.728441,0
114659528,38,0,0.71792316,0
114664262,38,0,0.005278774,0
114664264,38,0,0.0016740827,0
114664272,38,0,0.00039975828,0
114664363,38,0,0.0016696109,0
114664366,38,0,0.016782532,0
114664367,38,0,0.011097177,0
114664545,38,0,0.008838386,0
114664778,38,0,0.0069282367,0
114665016,38,1,0.012093256,0
114675613,38,1,0.674357,0
114682049,38,0,0.291934,0
114682162,38,0,7.9915e-08,0
114683130,38,0,0.00760872,0
114689047,38,0,0.00018387397,0
114689180,38,0,0.74699295,0
114689730,38,0,0.12798563,0
114690327,38,0,0.6220368,0
114690946,38,0,0.7025398,0
114690948,38,0,0.43695045,0
114707588,38,0,0.014896466,0
114714504,38,0,0.0030656955,0
114714715,38,0,0.026190627,0
114714721,38,0,0.017392516,0
114714727,38,0,0.029288808,0
114714734,38,0,0.012666362,0
114714743,38,0,0.015583275,0
114714780,38,0,0.002325956,0
114715015,38,0,0.083098486,0
114715022,38,0,0.083293125,0
114715291,38,0,0.004969757,0
114715546,38,0,0.047802772,0
114715547,38,0,0.02048653,0
114715754,38,0,0.02115583,0
114715759,38,0,0.014578825,0
114737654,38,0,0.108453065,0
114742232,38,0,0.0032506215,0
114743251,38,0,0.0012180506,0
114743268,38,0,0.0,0
114743500,38,0,0.00054475066,0
114749815,38,1,0.6727178,0
114753292,38,0,0.3314083,0
114754008,38,0,0.11398234,0
114755343,38,0,0.08367919,0
114969113,38,0,0.1483044,0
114969923,38,0,3.826553e-08,0
114971129,38,0,0.13780382,0
114971133,38,0,0.051987983,0
114971381,38,0,3.0149736e-09,0
114971634,38,0,2.8983424e-10,0
115007767,38,0,2.6312577e-35,0
115022389,38,0,0.08221674,0
115023272,38,0,0.09386069,0
115023740,38,0,8.141977e-07,0
115029548,38,0,0.029620985,0
115029580,38,0,0.45804432,0
115029843,38,0,0.0,0
115032320,38,0,0.12203151,0
115033057,38,0,0.0,0
115038303,38,0,0.17679645,0
115039060,38,0,0.029968835,0
115039451,38,0,0.734035,0
115041996,38,0,0.0013008231,0
115043748,38,0,1.7208221e-35,0
115043988,38,0,1.2680998e-35,0
115044377,38,0,1.1958761e-37,0
115046811,38,0,2.8934201e-37,0
115046822,38,0,5.040339e-38,0
115046915,38,0,3.8584633e-38,0
115047046,38,0,2.954162e-35,0
115047048,38,0,2.1958756e-34,0
115047280,38,0,6.104636e-36,0
115047601,38,0,5.5765986e-36,0
115047732,38,0,1.5158471e-36,0
115047896,38,0,4.674087e-38,0
115047910,38,0,4.8395656e-36,0
115047921,38,0,5.0286675e-36,0
115047927,38,0,7.515389e-37,0
115047933,38,0,1.8437095e-35,0
115065290,38,1,0.7210924,0
115076686,38,0,0.4688269,0
115080200,38,0,1.0593816e-12,0
115087591,38,0,0.005786536,0
115089336,38,1,0.11323447,0
115090672,38,0,0.79265743,0
115091598,38,0,0.7118818,0
115097174,38,0,0.75005203,0
115098616,38,0,0.0012857151,0
115106112,38,0,0.0035892685,0
115106125,38,0,0.013537757,0
115107039,38,0,0.0060981256,0
115107166,38,0,0.0046724146,0
115107426,38,0,0.0043896325,0
115107502,38,0,0.004458049,0
115107506,38,0,0.0037617597,0
115107509,38,0,0.0008682196,0
115107512,38,0,0.0006343198,0
115107784,38,0,0.0056456765,0
115107880,38,0,0.003619953,0
115108021,38,0,0.010984166,0
115108118,38,0,0.004454032,0
115108121,38,0,0.0033905664,0
115108123,38,0,0.003613528,0
115108127,38,0,0.001334959,0
115108221,38,0,0.0016482499,0
115108224,38,0,0.0020790673,0
115108227,38,0,0.0070889397,0
115108234,38,0,0.0020090626,0
115108241,38,0,0.0031807355,0
115114921,38,0,2.8488806e-27,0
115121140,38,0,1.4944079e-29,0
115122271,38,0,0.15042591,0
115126716,38,0,0.31029993,0
115129346,38,0,0.013049065,0
115138120,38,0,0.40811136,0
115145490,38,0,1.6426822e-07,0
115148343,38,0,0.0154161835,0
115148874,38,0,0.0035079077,0
115150849,38,0,0.0054262867,0
115170044,38,0,0.0,0
115170982,38,0,0.19470073,0
115180884,38,0,0.048525322,0
115180918,38,0,0.038207237,0
115186990,38,0,3.7406908e-13,0
115187045,38,0,0.062205754,0
115187055,38,0,0.1960863,0
115187058,38,0,0.13805042,0
115187059,38,0,0.00443342,0
115187255,38,0,0.16921568,0
115187876,38,0,0.0193066,0
115193071,38,0,0.036800943,0
115193078,38,0,2.164975e-35,0
115193081,38,0,3.7726822e-36,0
115193083,38,0,3.9941255e-34,0
115193133,38,0,5.449602e-35,0
115193767,38,0,5.1349742e-36,0
115193770,38,0,4.4227085e-36,0
115193788,38,0,4.3779865e-38,0
115193791,38,0,2.48731e-37,0
115193797,38,0,6.724171e-37,0
115193801,38,0,7.421795e-38,0
115193972,38,0,2.1143141e-36,0
115193976,38,0,9.2987733e-35,0
115194165,38,0,7.4253783e-34,0
115194169,38,0,5.098869e-34,0
115194643,38,0,0.0,0
115197289,38,0,3.2984137e-06,0
115202299,38,0,0.039996445,0
115204727,38,0,0.41292617,0
115209397,38,0,0.38249528,0
115209597,38,0,0.090679914,0
115209651,38,0,0.22805949,0
115209664,38,0,0.28536424,0
115213278,38,0,0.5157154,0
115213281,38,0,0.31184554,0
115213392,38,0,0.47432852,0
115213540,38,0,0.21390273,0
115214695,38,0,0.960949,1
115220831,38,0,0.0013771659,0
115221333,38,0,0.015667738,0
115221484,38,0,0.039121047,0
115228596,38,0,0.0,0
115229005,38,0,0.0,0
115231587,38,0,1.8934831e-34,0
115231864,38,0,3.517243e-33,0
115232202,38,0,3.137096e-33,0
115239651,38,0,0.0,0
115242044,38,0,0.011269027,0
115261388,38,0,0.0,0
115266588,38,0,0.4030129,0
115268291,38,0,0.07497611,0
115270578,38,0,0.0792465,0
115274072,38,1,0.09986839,0
115275152,38,1,0.14790425,0
115276738,38,0,0.13387708,0
115278581,38,0,0.65649337,0
115279312,38,0,0.7590478,0
115279602,38,0,0.20509718,0
115281323,38,0,1.8145193e-09,0
115285564,38,0,0.013232419,0
115285570,38,0,0.0027657645,0
115285582,38,0,0.013869646,0
115285591,38,0,0.01192213,0
115286209,38,0,0.00043328045,0
115286481,38,0,0.028126804,0
115293869,38,0,1.166092e-26,0
115294137,38,0,6.161763e-23,0
115294952,38,0,7.9714606e-28,0
115298687,38,0,0.16276279,0
115299847,38,0,0.0001156901,0
115324291,38,0,0.14096615,0
115394915,38,0,0.0,0
115500189,38,0,0.10004303,0
115523071,38,0,2.2869135e-35,0
115529485,38,0,0.0,0
115533534,38,0,0.029751547,0
115533535,38,0,0.02456002,0
115533793,38,0,0.02570964,0
115534029,38,0,0.035250798,0
115534697,38,0,0.003355714,0
115534702,38,0,0.0011704911,0
115534770,38,0,0.0012946096,0
115534952,38,0,0.0796272,0
115534959,38,0,0.051619455,0
115606048,38,0,0.34514764,0
115607282,38,0,0.05498905,0
115608090,38,0,0.21243255,0
115635730,38,0,0.42505017,0
115688802,38,0,0.04804751,0
115706480,38,0,0.024535628,0
115708945,38,0,0.021634059,0
115708965,38,0,0.41487586,0
115709632,38,0,2.6981808e-35,0
115709635,38,0,3.7971406e-36,0
115711293,38,0,0.0,0
115711296,38,0,1.750041e-37,0
115711513,38,0,1.0774429e-34,0
115711514,38,0,3.1822434e-35,0
115718351,38,0,4.6343875e-08,0
115718605,38,0,0.83181316,1
115722990,38,0,1.4806241e-30,0
115722999,38,1,0.9496603,1
115723002,38,1,0.939036,1
115723004,38,1,0.76464915,0
115723006,38,1,0.764353,0
115723008,38,1,0.88476485,1
115723010,38,1,0.9416577,1
115723011,38,1,0.76480234,0
115723118,38,1,0.79567873,1
115723119,38,1,0.95595366,1
115723125,38,1,0.88375515,1
115723127,38,1,0.93367857,1
115723274,38,1,0.9243952,1
115723277,38,1,0.94763905,1
115723278,38,1,0.79397196,0
115723279,38,1,0.9887804,1
115723284,38,1,0.9159059,1
115723285,38,0,0.0,0
115723287,38,0,2.711739e-28,0
115723389,38,1,0.87785107,1
115723393,38,0,0.6771763,0
115723395,38,0,0.022186516,0
115723397,38,0,0.0,0
115723399,38,0,2.2543657e-10,0
115723400,38,0,6.234526e-12,0
115723402,38,1,0.7958535,1
115723954,38,0,0.64756936,0
115723984,38,0,0.0,0
115724242,38,0,0.7941158,0
115724248,38,0,0.903756,1
115726098,38,0,0.008017134,0
115726274,38,0,0.0028004583,0
115726373,38,1,0.15490569,0
115728003,38,0,0.010492922,0
115728011,38,0,0.02323569,0
115728012,38,0,0.0036064342,0
115892435,38,0,0.5149228,0
115901833,38,0,0.17317264,0
115911613,38,0,0.49930164,0
115911726,38,0,0.0,0
115912314,38,0,0.0,0
115912650,38,0,0.00055221515,0
115916138,38,0,0.0,0
115918983,38,0,0.54220176,0
115919375,38,0,0.08357491,0
115920425,38,0,0.00055036054,0
115920677,38,0,0.03829226,0
115922609,38,0,0.0,0
115922729,38,0,4.6136844e-36,0
115922894,38,0,2.0710276e-33,0
115923487,38,0,0.06626438,0
115924670,38,1,0.79743236,1
115943062,38,0,0.00886522,0
115944090,38,0,0.08650818,0
115945205,38,0,0.23024361,0
115946082,38,1,0.80245143,1
115946101,38,0,0.009931453,0
115947349,38,0,0.60180336,0
115947357,38,0,0.21643238,0
115949445,38,1,0.99989414,1
115952203,38,0,0.12889396,0
115952438,38,0,0.015539782,0
115959240,38,0,0.04512791,0
115959733,38,0,0.0015850314,0
115960307,38,0,6.2068255e-05,0
115967728,38,0,0.9888615,1
116010228,38,0,6.695397e-08,0
116052901,38,1,0.79907876,1
116053428,38,1,0.9630441,1
116054103,38,1,0.78935117,0
116054110,38,1,0.7982325,1
116055498,38,1,0.889574,1
116055520,38,1,0.57462955,0
116055665,38,1,0.677677,0
116055667,38,1,0.9086614,1
116058585,38,1,0.79910046,1
116058901,38,1,0.90578675,1
116060279,38,1,0.96557724,1
116061812,38,1,0.8218985,1
116064774,38,1,0.95347625,1
116069421,38,1,0.8895453,1
116072231,38,1,0.96639776,1
116073592,38,0,4.975079e-10,0
116075693,38,1,0.982199,1
116081878,38,1,0.565695,0
116083308,38,0,0.7613611,0
116085643,38,0,0.0,0
116086353,38,0,0.0,0
116087383,38,0,0.00057709287,0
116088068,38,0,0.0,0
116092892,38,0,2.6859549e-05,0
116093362,38,0,0.0,0
116100971,38,0,0.0,0
116101613,38,0,0.0,0
116103484,38,0,0.0,0
116107028,38,1,0.9519517,1
116107405,38,1,0.870002,1
116107409,38,1,0.88927937,1
116107565,38,0,0.21443254,0
116107573,38,0,0.0480094,0
116107587,38,0,0.85648197,1
116107831,38,0,0.056079846,0
116107977,38,0,0.6535527,0
116109093,38,0,0.43300775,0
116110039,38,1,0.5061731,0
116110047,38,0,0.75184184,0
116110341,38,0,0.28186947,0
116110485,38,0,0.55037284,0
116112202,38,1,0.69039637,0
116115792,38,1,0.8886516,1
116116290,38,0,0.0001592699,0
116117825,38,1,0.9741135,1
116119540,38,0,2.0769453e-33,0
116125864,38,1,0.9328804,1
116126365,38,0,0.23075084,0
116128557,38,0,1.4906911e-35,0
116128866,38,0,1.4255685e-33,0
116129206,38,0,4.4081414e-35,0
116129214,38,0,1.1519558e-36,0
116129222,38,0,2.50448e-34,0
116129229,38,0,2.1167927e-35,0
116129238,38,0,3.7325553e-37,0
116129479,38,0,4.1192424e-36,0
116129483,38,0,5.7634413e-35,0
116129487,38,0,2.0593435e-34,0
116129489,38,0,2.9046365e-35,0
116129494,38,0,4.6584833e-35,0
116129496,38,0,2.7731467e-35,0
116129500,38,0,6.420928e-36,0
116129502,38,0,9.102445e-35,0
116129504,38,0,1.5433422e-34,0
116135416,38,1,0.90526265,1
116162492,38,1,0.88931227,1
116162711,38,1,0.94233114,1
116173763,38,1,0.73274815,0
116178462,38,0,0.09298899,0
116178975,38,0,0.31789753,0
116179559,38,0,0.80224437,1
116179605,38,0,2.0994584e-09,0
116183359,38,0,0.30144012,0
116184011,38,0,0.13501795,0
116185674,38,0,0.0003063047,0
116186242,38,0,0.15995942,0
116189189,38,1,0.31600362,0
116193002,38,0,0.23010531,0
116193317,38,0,0.36293915,0
116193739,38,0,0.655248,0
116203361,38,0,0.00090837065,0
116203637,38,0,0.09184234,0
116203732,38,0,0.3951573,0
116205436,38,0,0.007505905,0
116205444,38,0,0.0017326435,0
116205731,38,0,0.0048716734,0
116205737,38,0,0.0027133515,0
116206284,38,0,0.002093382,0
116206510,38,0,0.0068611396,0
116206771,38,0,0.0138613535,0
116206777,38,0,0.0063465186,0
116206785,38,0,0.002098167,0
116207101,38,0,0.0058822343,0
116208111,38,1,0.9661166,1
116217174,38,1,0.96018684,1
116217308,38,1,0.8900954,1
116611781,38,0,9.967912e-35,0
116630616,38,0,0.012796728,0
116631597,38,1,0.44398805,0
116636762,38,0,0.0,0
116645837,38,0,0.15781063,0
116678494,38,0,0.73805434,0
116679831,38,0,0.1434832,0
116726225,38,0,0.06395188,0
116743527,38,0,0.8148078,1
116746285,38,1,0.13009161,0
116747257,38,0,0.069947004,0
116747423,38,0,0.010131742,0
116749414,38,0,0.055550475,0
116759257,38,0,0.28086227,0
116822093,38,0,0.68247324,0
116822292,38,1,0.9847875,1
116823108,38,0,0.0,0
116823132,38,0,0.0,0
116823189,38,0,0.0,0
116830045,38,0,0.028098816,0
116839462,38,1,2.2667201e-20,0
116841218,38,0,3.6099044e-20,0
116845555,38,0,0.0,0
116874855,38,0,0.052520238,0
116882540,38,0,0.02436746,0
116883110,38,0,0.00346463,0
116883461,38,0,0.0037556994,0
116884797,38,0,0.08360068,0
116884909,38,0,0.04782495,0
116898498,38,0,2.2547267e-06,0
116902242,38,1,0.9128607,1
116905764,38,0,4.705431e-06,0
116906461,38,0,0.000977045,0
116914127,38,1,0.4245987,0
116914752,38,0,0.0,0
2067048,39,0,7.609831e-39,0
2067049,39,0,0.0,0
2864655,39,0,0.0,0
3133285,39,0,0.0,0
3245282,39,0,6.4576708e-15,0
3270847,39,0,2.3700315e-38,0
3469647,39,0,0.03014141,0
3905058,39,0,0.84904045,1
4213625,39,0,1.302134e-36,0
5275627,39,0,0.004492767,0
5836681,39,0,0.0048713014,0
5928715,39,0,0.0,0
6818420,39,0,0.4021908,0
7014841,39,0,0.0,0
7014913,39,0,0.0,0
7015277,39,0,0.0,0
7965704,39,0,0.0,0
8378346,39,0,0.004498057,0
8908091,39,0,4.799857e-34,0
9095322,39,0,6.67831e-37,0
9156373,39,0,2.7226737e-36,0
9517432,39,0,0.0,0
9829411,39,0,0.4465505,0
9833495,39,0,0.014647142,0
9899666,39,0,0.0005432361,0
9942589,39,0,2.8828317e-15,0
10619588,39,0,5.9218677e-38,0
10775210,39,0,0.2037579,0
10835543,39,0,0.47966456,0
10846099,39,0,0.13857125,0
10940853,39,0,7.520553e-05,0
11172561,39,0,0.0,0
12061834,39,0,0.4257644,0
12061835,39,0,0.2377054,0
12061836,39,0,0.028266411,0
12061837,39,0,0.13474044,0
12062164,39,0,0.09001051,0
12062166,39,0,0.4132044,0
12062173,39,0,0.036741138,0
12102720,39,0,2.9430362e-36,0
12154231,39,0,0.0,0
12284459,39,0,0.0,0
12401126,39,0,0.04266038,0
12972869,39,0,2.644094e-37,0
13161496,39,1,0.34583262,0
13623410,39,0,0.045998685,0
13676664,39,0,5.116973e-33,0
13906899,39,1,0.33700725,0
13983579,39,0,0.0,0
14182114,39,0,0.0,0
14367822,39,0,0.17582129,0
14583722,39,0,2.8462923e-14,0
15341623,39,0,4.5455143e-38,0
17345754,39,0,9.32189e-36,0
17996561,39,0,1.8659264e-35,0
17996566,39,0,0.0002279231,0
17996606,39,0,1.3233069e-12,0
17997502,39,0,0.0,0
18277003,39,0,8.390621e-35,0
18426017,39,0,0.4761868,0
19559683,39,0,4.0706162e-13,0
19559928,39,0,0.00827692,0
20032383,39,0,0.40829578,0
20194738,39,1,0.9960224,1
20194762,39,1,0.9231232,1
21092110,39,0,0.0,0
21940716,39,0,0.024057325,0
22283488,39,0,0.05674286,0
22891722,39,0,0.0,0
24775820,39,0,0.0,0
25235188,39,0,0.006934907,0
26329248,39,0,0.20263816,0
26481699,39,0,3.2505934e-36,0
27085149,39,1,0.8977079,1
27896017,39,0,1.695196e-36,0
28352314,39,0,6.3824864e-06,0
28594082,39,0,0.0014398476,0
29614073,39,0,0.0,0
30336367,39,0,0.008845197,0
30427669,39,0,0.00024416344,0
30459894,39,0,0.016504118,0
30461668,39,0,0.0034605148,0
30700346,39,0,0.19460799,0
30700348,39,0,0.5226047,0
30799508,39,0,0.0,0
30820604,39,0,1.0580102e-05,0
31614040,39,0,0.0,0
31769818,39,0,0.0,0
31859229,39,0,0.026935585,0
32228077,39,0,0.013356297,0
32228844,39,0,7.868793e-37,0
32228862,39,0,1.3883416e-37,0
32228877,39,0,9.821977e-37,0
34265456,39,0,9.314043e-05,0
34535373,39,1,0.3806033,0
34535382,39,1,0.38217932,0
34584290,39,0,7.827479e-14,0
34662595,39,0,4.9070855e-13,0
35145056,39,0,4.9974585e-36,0
35990816,39,0,2.6522228e-13,0
36544488,39,0,0.0044530365,0
36807555,39,0,9.886239e-14,0
37530007,39,0,0.26325107,0
38072014,39,0,1.994086e-37,0
38107881,39,0,2.3515287e-35,0
38111661,39,0,0.054866824,0
38182292,39,0,7.447799e-39,0
38246399,39,0,0.0,0
38892588,39,0,0.03704535,0
40201044,39,0,1.6834107e-35,0
40304221,39,0,1.0186895e-14,0
40497229,39,0,4.4079158e-38,0
40879076,39,0,6.44493e-13,0
43881377,39,0,1.4505929e-35,0
44595504,39,0,0.61713433,0
45350873,39,1,0.92223775,1
45444755,39,0,5.734055e-05,0
45809670,39,1,0.43839246,0
46753747,39,0,0.0,0
47622350,39,0,0.0050258646,0
47662188,39,0,0.2425222,0
47683327,39,0,2.197693e-05,0
47987646,39,0,4.282816e-34,0
47987650,39,0,2.5058427e-37,0
48051143,39,0,0.44516084,0
48051399,39,0,0.31922,0
49040928,39,0,0.11409958,0
49188193,39,0,0.0,0
49299982,39,0,0.42460817,0
49375401,39,0,1.1391595e-38,0
51082607,39,0,1.5077616e-36,0
51085248,39,0,1.3402696e-35,0
51113603,39,0,9.009155e-39,0
51113675,39,0,0.0,0
51113964,39,0,2.813519e-36,0
55607420,39,0,2.4013833e-08,0
57770370,39,0,0.58023393,0
58866785,39,0,1.0757262e-34,0
59090978,39,0,1.400947e-34,0
59857852,39,0,0.085760444,0
60158347,39,0,0.0,0
62019611,39,0,0.13536069,0
62484751,39,0,1.3304582e-13,0
62823600,39,0,0.65540045,0
62890179,39,0,0.014279075,0
63614102,39,0,0.88811153,1
64188232,39,0,0.08535007,0
64188626,39,0,2.315213e-35,0
64781880,39,0,1.8458267e-36,0
66990867,39,0,4.0507857e-37,0
67014644,39,0,9.0862317e-38,0
67160405,39,0,0.002980239,0
67160406,39,0,1.5153795e-35,0
67160407,39,0,5.2333144e-37,0
67621910,39,0,6.117271e-36,0
70190658,39,0,0.8523915,1
71202689,39,0,3.1509643e-12,0
72361976,39,0,0.5348842,0
72777111,39,0,9.725339e-37,0
74169594,39,0,0.034142952,0
74957737,39,0,0.0191011,0
75406099,39,0,3.2652442e-37,0
75995640,39,0,1.2700641e-37,0
76406659,39,0,1.3390432e-35,0
76847998,39,0,1.1196651e-07,0
77957091,39,0,8.465625e-36,0
78079432,39,0,0.57934177,0
78121217,39,0,6.211507e-17,0
78789157,39,0,0.790071,0
78814858,39,0,0.75136214,0
79074357,39,0,0.41047946,0
80547925,39,1,0.08146686,0
82161051,39,1,0.45161462,0
84102301,39,0,3.746421e-37,0
84812755,39,0,1.6199036e-06,0
85337146,39,0,0.002148846,0
85621251,39,0,0.0,0
85917130,39,0,0.0,0
86331399,39,0,0.9677977,1
86783496,39,0,0.0,0
86803299,39,0,4.270394e-37,0
86903877,39,0,3.4397983e-37,0
86904181,39,0,1.347755e-35,0
86904183,39,0,0.0,0
86904184,39,0,0.015202658,0
87771179,39,0,2.3839462e-34,0
88857068,39,0,0.7230859,0
88963958,39,0,2.173669e-38,0
89841044,39,0,0.10973459,0
90448287,39,0,0.03134302,0
91400373,39,0,0.0,0
92198600,39,0,1.5775565e-34,0
92204257,39,0,0.012374009,0
93136339,39,0,0.4660573,0
94150387,39,0,2.1763739e-38,0
94757746,39,0,0.0,0
94931566,39,0,0.78668857,0
95850377,39,0,0.0,0
99352394,39,0,0.62091446,0
99616497,39,0,0.020155016,0
100356049,39,0,0.3183305,0
101783430,39,0,0.7495542,0
102226108,39,1,0.37774128,0
103063599,39,0,1.5951523e-36,0
103948477,39,0,7.5343887e-06,0
104097172,39,0,2.0489924e-07,0
104703549,39,0,3.0059177e-36,0
105268480,39,0,0.0,0
107473362,39,0,0.0,0
108961020,39,0,0.3525128,0
109171776,39,0,0.0,0
110273405,39,0,7.156855e-12,0
111235406,39,1,0.10849369,0
112285660,39,0,0.18531653,0
112928975,39,1,0.42598656,0
113649806,39,0,0.17036958,0
114364497,39,0,1.2444876e-14,0
114462489,39,0,6.004865e-34,0
114710797,39,0,0.5313051,0
114898290,39,0,0.5007397,0
114916139,39,0,0.06335907,0
114922700,39,0,0.2558838,0
115950776,39,0,3.4268063e-37,0
116139224,39,0,7.47128e-15,0
117109705,39,0,2.7419115e-38,0
118638871,39,0,0.343517,0
118639527,39,0,0.1830498,0
119043284,39,0,0.26821783,0
119075718,39,0,0.027323049,0
120319794,39,0,7.9139786e-14,0
121778585,39,0,1.7004238e-35,0
121987738,39,0,1.2278463e-14,0
122371039,39,1,0.0676289,0
122371040,39,1,0.061574142,0
123244307,39,0,0.0,0
123449676,39,0,0.0,0
124305697,39,0,0.42793947,0
124414895,39,0,4.0780783e-06,0
124944070,39,0,4.0583156e-38,0
125618369,39,0,0.0,0
126015984,39,0,1.0702929e-37,0
126048495,39,0,2.3240493e-38,0
126436479,39,0,5.241403e-38,0
127010216,39,0,0.053293876,0
127887721,39,0,3.3826588e-38,0
127887726,39,0,6.516256e-05,0
129841251,39,0,0.33520713,0
129946705,39,0,0.52807134,0
130369271,39,0,0.0,0
133751539,39,0,1.8479965e-36,0
135246316,39,0,1.8043813e-37,0
136562137,39,0,5.074877e-06,0
136768718,39,0,9.95371e-33,0
137164629,39,0,0.50109714,0
137732505,39,0,0.0,0
137906514,39,0,0.3935883,0
138422168,39,0,0.0,0
140870196,39,0,3.0164193e-34,0
141251903,39,0,1.3554522e-36,0
143310472,39,0,0.14289597,0
143317555,39,0,7.5260865e-38,0
146479398,39,0,0.0,0
148533307,39,0,0.58357054,0
148533415,39,0,0.33827093,0
148533591,39,0,0.6534501,0
148535049,39,0,0.014695256,0
148536037,39,0,0.072570324,0
148536076,39,0,0.01019115,0
148536080,39,0,0.00013702588,0
148536082,39,0,0.31089717,0
148537619,39,0,0.055011883,0
148537640,39,0,0.0911856,0
148537909,39,0,0.19245854,0
148537911,39,0,0.35971445,0
148541127,39,0,0.5735902,0
148541145,39,0,0.49578923,0
148542030,39,0,0.28213742,0
148542035,39,0,0.78535575,0
148542990,39,0,0.036877453,0
148544557,39,0,0.6950357,0
148545820,39,0,0.652924,0
148545840,39,0,0.5715759,0
148545913,39,0,0.40543026,0
148546137,39,0,0.6534917,0
148546162,39,0,0.676685,0
148546170,39,0,0.051770087,0
148546189,39,0,0.13174535,0
148546191,39,0,0.6900139,0
148546194,39,0,0.6406138,0
148546492,39,0,0.115202434,0
148546503,39,0,0.652894,0
148546506,39,0,0.36810166,0
148546520,39,0,0.692626,0
148546524,39,0,0.636754,0
148546526,39,0,0.06812643,0
148546733,39,0,0.23546109,0
148546734,39,0,0.68144727,0
148546737,39,0,0.90050185,1
148546738,39,0,0.6439413,0
148546740,39,0,0.6702471,0
148546741,39,0,0.34010735,0
148546746,39,0,0.53831524,0
148546937,39,0,0.63850325,0
148546939,39,0,0.19298066,0
148549025,39,0,0.5025688,0
148549034,39,0,0.18956557,0
148549351,39,0,0.0024498177,0
148549354,39,0,6.0438637e-05,0
148549365,39,0,0.013320345,0
148549369,39,0,0.007977584,0
148558116,39,0,0.67178196,0
148558173,39,0,0.06188636,0
148558252,39,0,0.108133346,0
148561156,39,0,0.618913,0
148561385,39,0,0.0068309708,0
148562098,39,0,0.11967882,0
148562398,39,0,7.334835e-06,0
148563652,39,0,0.002654482,0
148563757,39,0,0.679803,0
148563818,39,0,0.5820273,0
148566614,39,0,5.7108733e-05,0
148568416,39,0,9.58764e-12,0
148568937,39,0,0.053290464,0
148568939,39,1,0.99711215,1
148568948,39,0,0.08082386,0
148568959,39,0,0.20362757,0
148568966,39,0,0.026858563,0
148569208,39,0,0.12857063,0
148569249,39,0,0.14307463,0
148569253,39,0,0.2247109,0
148569487,39,1,0.9971252,1
148569497,39,0,0.020444134,0
148569555,39,0,0.0,0
148569565,39,1,0.99520856,1
148577362,39,0,7.470709e-08,0
148587956,39,0,7.897913e-08,0
148608910,39,0,6.9191635e-09,0
148608917,39,0,6.47812e-09,0
148608921,39,0,0.0001515457,0
148609062,39,0,0.002359773,0
148609616,39,0,0.0008004073,0
148612058,39,0,0.00090508774,0
148612068,39,1,0.955829,1
148612071,39,1,0.38896278,0
148612078,39,1,0.92030627,1
148612086,39,1,0.9573995,1
148612093,39,1,0.92410344,1
148612097,39,0,0.07511955,0
148612337,39,1,0.92386985,1
148612343,39,1,0.93939286,1
148612415,39,1,0.9241009,1
148640119,39,0,0.13930817,0
148651062,39,0,0.18698545,0
148651128,39,0,0.1514411,0
148651749,39,0,0.36485654,0
148652034,39,0,0.080222234,0
148652660,39,0,0.32593408,0
148659689,39,0,0.06531021,0
148663563,39,0,0.0977695,0
148666022,39,0,0.49004844,0
148670107,39,0,0.30528784,0
148670312,39,0,0.12673122,0
148671662,39,0,7.729828e-36,0
148671674,39,0,3.1590589e-34,0
148672286,39,0,2.8422908e-35,0
148672512,39,0,6.8373674e-35,0
148672524,39,0,3.1480842e-36,0
148673762,39,0,5.2766764e-36,0
148674452,39,0,0.0,0
148674765,39,0,3.261698e-36,0
148674769,39,0,0.0,0
148674996,39,0,5.6766175e-36,0
148675003,39,0,2.1393165e-38,0
148675735,39,0,1.0424446e-38,0
148681100,39,0,0.07048233,0
148684827,39,0,0.08386422,0
148685585,39,0,3.5297335e-16,0
148689046,39,0,3.2697542e-16,0
148694324,39,0,0.06511456,0
148695422,39,0,2.564696e-10,0
148696571,39,0,0.055323076,0
148696813,39,0,0.57715034,0
148697637,39,0,0.99423546,1
148702402,39,0,0.9997274,1
148710753,39,0,1.3616021e-12,0
148775335,39,0,0.14610359,0
148775791,39,0,0.5480455,0
148775793,39,0,0.13688634,0
148776563,39,0,0.3402054,0
148779157,39,0,0.53145915,0
148779342,39,0,0.5773181,0
148779345,39,0,0.22424605,0
148779591,39,0,0.8899676,1
148784981,39,0,1.0033051e-15,0
148785271,39,0,1.135601e-13,0
148785280,39,0,5.631809e-13,0
148785284,39,0,4.4478323e-14,0
148785476,39,0,9.515506e-14,0
148785723,39,0,9.942844e-13,0
148785957,39,0,3.7306082e-13,0
148786236,39,0,5.796955e-13,0
148786424,39,0,3.854072e-12,0
148786662,39,0,2.4149467e-12,0
148786672,39,0,1.3985166e-13,0
148786683,39,0,1.7330155e-13,0
148786686,39,0,2.2332849e-13,0
148786690,39,0,7.0128717e-13,0
148786696,39,0,3.5923334e-13,0
148786700,39,0,2.1916814e-13,0
148788387,39,0,4.534201e-05,0
148789748,39,0,0.076377705,0
148790971,39,0,1.2335216e-15,0
148790983,39,0,1.39058144e-14,0
148791084,39,0,1.4168706e-13,0
148791090,39,0,2.6922105e-14,0
148791095,39,0,8.0502526e-14,0
148791392,39,0,4.9407848e-12,0
148791514,39,0,1.5369027e-12,0
148791595,39,0,7.956721e-14,0
148791597,39,0,2.2138225e-13,0
148791604,39,0,5.575327e-12,0
148792328,39,0,1.8321657e-16,0
148792567,39,0,2.8979458e-13,0
148792573,39,0,1.1906581e-13,0
148792825,39,0,2.7575795e-14,0
148793347,39,0,4.1804406e-14,0
148793351,39,0,3.6067788e-13,0
148793541,39,0,6.636324e-13,0
148793555,39,0,1.0008311e-13,0
148793597,39,0,2.742625e-14,0
148793781,39,0,1.6639684e-14,0
148809528,39,0,8.17623e-14,0
148809531,39,0,9.394664e-13,0
148809535,39,0,1.2523466e-12,0
148814510,39,0,3.957459e-39,0
148814550,39,0,3.3569896e-37,0
148814754,39,0,6.4010636e-38,0
148814755,39,0,0.0,0
148814759,39,0,0.0,0
148814762,39,0,2.0561295e-37,0
148814767,39,0,8.5368313e-38,0
148814770,39,0,3.006055e-36,0
148815038,39,0,2.4823913e-36,0
148815040,39,0,2.0475755e-36,0
148815051,39,0,2.2740263e-38,0
148820482,39,0,0.16517964,0
148827018,39,0,1.0135881e-37,0
148827021,39,0,9.955242e-38,0
148827025,39,0,4.130932e-37,0
148827030,39,0,1.0834877e-37,0
148827410,39,0,3.5979383e-38,0
148827417,39,0,1.7145973e-35,0
148827422,39,0,3.1019276e-36,0
148827426,39,0,5.852321e-37,0
148827442,39,0,3.5271133e-36,0
148827447,39,0,2.1594394e-36,0
148827450,39,0,4.999653e-35,0
148827455,39,0,4.840895e-36,0
148827469,39,0,8.12161e-37,0
148827476,39,0,2.774816e-37,0
148835281,39,0,1.8395005e-36,0
148835283,39,0,9.300183e-37,0
148836219,39,0,2.6544629e-37,0
148836221,39,0,1.0684817e-37,0
148836228,39,0,4.8619552e-36,0
148836707,39,0,4.9526316e-36,0
148836714,39,0,2.2125989e-35,0
148836717,39,0,2.1705507e-33,0
148836720,39,0,2.6758217e-38,0
148836725,39,0,1.6487343e-37,0
148836731,39,0,3.2606248e-38,0
148836915,39,0,5.0599503e-38,0
148836921,39,0,3.5190075e-37,0
148836935,39,0,1.7451478e-37,0
148837139,39,0,2.4275815e-35,0
148837140,39,0,8.361664e-37,0
148837143,39,0,6.2781176e-38,0
148837147,39,0,2.4308515e-36,0
148837342,39,0,1.0011997e-35,0
148837538,39,0,3.963367e-38,0
148837544,39,0,0.0,0
148837760,39,0,3.2771097e-38,0
148837780,39,0,4.98418e-39,0
148837784,39,0,1.1312003e-38,0
148838180,39,0,2.0971034e-33,0
148838411,39,0,9.4224955e-36,0
148838603,39,0,1.418764e-35,0
148838698,39,0,1.1009496e-36,0
148838708,39,0,1.3516842e-34,0
148838850,39,0,3.8211455e-36,0
148838857,39,0,1.6385283e-35,0
148838967,39,0,5.7537757e-35,0
148838970,39,0,8.679425e-34,0
148838976,39,0,2.59662e-33,0
148838983,39,0,2.290418e-32,0
148839108,39,0,2.8067256e-34,0
148839226,39,0,6.0624523e-34,0
148839525,39,0,1.5016787e-34,0
148839528,39,0,4.9416645e-37,0
148839597,39,0,1.235005e-37,0
148839603,39,0,9.026671e-38,0
148839671,39,0,3.1567775e-37,0
148839682,39,0,7.295288e-37,0
148839691,39,0,3.363427e-35,0
148840585,39,0,7.605428e-37,0
148840593,39,0,1.3272492e-36,0
148841333,39,0,9.9015475e-36,0
148841337,39,0,1.9535401e-38,0
148841438,39,0,2.825584e-38,0
148841441,39,0,4.3344154e-38,0
148841669,39,0,2.5971042e-34,0
148841677,39,0,8.778185e-34,0
148841686,39,0,4.939823e-35,0
148841737,39,0,3.501149e-35,0
148841741,39,0,6.561122e-36,0
148841744,39,0,1.3444687e-35,0
148841749,39,0,4.8221166e-35,0
148841754,39,0,1.686279e-33,0
148841758,39,0,9.082061e-33,0
148841911,39,0,7.531846e-34,0
148841925,39,0,6.269194e-37,0
148841982,39,0,9.451069e-38,0
148841987,39,0,9.879428e-38,0
148841991,39,0,5.2489266e-38,0
148841996,39,0,3.5991737e-38,0
148842013,39,0,9.635091e-37,0
148842019,39,0,6.186708e-37,0
148842091,39,0,7.761029e-36,0
148842226,39,0,1.2196446e-36,0
148842230,39,0,3.3780202e-36,0
148842316,39,0,2.171682e-36,0
148842318,39,0,2.9363528e-36,0
148842322,39,0,5.4521575e-36,0
148843157,39,0,2.3595645e-33,0
148843334,39,0,1.277398e-34,0
148843537,39,0,6.898086e-37,0
148843735,39,0,6.483021e-37,0
148843954,39,0,3.5516747e-35,0
148844172,39,0,1.824531e-36,0
148844409,39,0,1.1788559e-35,0
148844412,39,0,2.7499496e-35,0
148844421,39,0,5.0656334e-36,0
148844425,39,0,1.5786385e-36,0
148844431,39,0,1.0263109e-37,0
148844437,39,0,1.4762416e-38,0
148844753,39,0,4.00798e-36,0
148844984,39,0,3.4623628e-37,0
148844993,39,0,1.2687441e-34,0
148845257,39,0,7.857907e-36,0
148845306,39,0,8.048181e-36,0
148845311,39,0,1.8011237e-35,0
148845451,39,0,3.045251e-36,0
148845459,39,0,6.029801e-39,0
148845467,39,0,5.6792353e-37,0
148845495,39,0,2.1121465e-35,0
148845691,39,0,1.3292628e-33,0
148845696,39,0,1.0855952e-34,0
148845907,39,0,1.834063e-36,0
148845909,39,0,2.5592682e-35,0
148847277,39,0,8.62996e-36,0
148847495,39,0,4.591083e-39,0
148847511,39,0,1.0041439e-37,0
148847516,39,0,1.4898091e-36,0
148847719,39,0,4.6503464e-37,0
148847729,39,0,8.537966e-39,0
148847738,39,0,4.9207468e-37,0
148847746,39,0,9.476484e-38,0
148847751,39,0,2.2133397e-37,0
148847757,39,0,1.4551742e-38,0
148847760,39,0,1.0713668e-38,0
148847766,39,0,2.0348659e-38,0
148847772,39,0,6.4751123e-37,0
148847776,39,0,2.600611e-36,0
148847783,39,0,1.5370958e-35,0
148847791,39,0,1.6615094e-34,0
148847797,39,0,1.2168272e-38,0
148847802,39,0,5.31418e-39,0
148849217,39,0,5.691262e-33,0
148849226,39,0,1.5009701e-32,0
148849253,39,0,5.605454e-05,0
148849276,39,0,6.3707867e-37,0
148849528,39,0,3.5654273e-34,0
148849532,39,0,3.8740628e-33,0
148849789,39,0,3.3912964e-34,0
148849989,39,0,3.4897994e-36,0
148850207,39,0,3.887645e-37,0
148850213,39,0,6.241222e-39,0
148850220,39,0,2.423978e-38,0
148850403,39,0,2.4840289e-37,0
148850410,39,0,4.1317872e-35,0
148850425,39,0,8.085354e-36,0
148850433,39,0,7.5904224e-35,0
148850625,39,0,5.0555234e-34,0
148850662,39,0,1.006481e-34,0
148850670,39,0,3.1635796e-35,0
148850890,39,0,3.3640544e-36,0
148850893,39,0,1.6366652e-37,0
148851798,39,0,4.72462e-39,0
148851806,39,0,8.051859e-38,0
148852054,39,0,2.897131e-37,0
148852182,39,0,2.2264239e-36,0
148852286,39,0,1.2596186e-36,0
148852292,39,0,1.881904e-34,0
148852394,39,0,2.3999114e-36,0
148852400,39,0,1.050617e-37,0
148852478,39,0,1.095845e-38,0
148852485,39,0,2.5223852e-38,0
148852579,39,0,6.660443e-39,0
148854300,39,0,4.741576e-38,0
148854456,39,0,4.37906e-36,0
148854538,39,0,7.2762223e-37,0
148854546,39,0,2.3016693e-35,0
148854549,39,0,9.214793e-37,0
148854554,39,0,1.703956e-35,0
148854559,39,0,3.0626228e-35,0
148857514,39,0,0.118217476,0
148857937,39,0,3.22019e-39,0
148857948,39,0,2.2527445e-37,0
148857969,39,0,2.7071802e-36,0
148859827,39,0,1.173198e-14,0
148860009,39,0,8.966816e-16,0
148860038,39,0,0.008015519,0
148860424,39,0,3.957144e-15,0
148861092,39,0,1.9395227e-10,0
148861809,39,0,2.757183e-38,0
148863481,39,0,2.3060008e-36,0
148863745,39,0,4.792398e-32,0
148863756,39,0,4.3226535e-33,0
148863771,39,0,3.9795475e-38,0
148863776,39,0,4.3059096e-36,0
148864043,39,0,1.5057119e-33,0
148864243,39,0,3.1824837e-14,0
148864245,39,0,5.891021e-16,0
148864796,39,0,1.8335437e-38,0
148864800,39,0,4.913652e-39,0
148864802,39,0,2.7361822e-33,0
148867642,39,0,3.422288e-21,0
148870987,39,0,1.6696893e-16,0
148881439,39,1,0.095038824,0
148886495,39,0,0.81270164,1
148887174,39,0,0.8055673,1
148892351,39,0,0.012451464,0
149127367,39,1,0.02225163,0
149127368,39,1,0.74711215,0
149129137,39,1,0.9911447,1
149129504,39,1,0.45800444,0
149130813,39,1,0.7219444,0
149133653,39,1,0.76214004,0
149134780,39,0,0.5352465,0
149134785,39,0,0.37064803,0
149134786,39,1,0.7213744,0
149136914,39,1,0.042367518,0
149137272,39,0,0.18372805,0
149138176,39,1,0.8584086,1
149141236,39,0,0.0,0
149141241,39,0,0.0,0
149141685,39,0,0.0,0
149141687,39,0,0.0,0
149142368,39,0,3.7644715e-37,0
149143123,39,0,1.7122368e-36,0
149143543,39,0,0.0,0
149144099,39,0,0.0,0
149144836,39,0,4.2020953e-11,0
149144930,39,0,1.8297365e-37,0
149145257,39,0,0.0,0
149145534,39,0,0.9996132,1
149145544,39,0,0.0,0
149145644,39,0,1.3081526e-37,0
149145660,39,0,0.0,0
149146581,39,0,5.386543e-06,0
149146859,39,0,0.0020864378,0
149147165,39,0,0.07079898,0
149147366,39,0,0.0,0
149148222,39,0,0.0,0
149149225,39,0,3.011151e-36,0
149149252,39,0,3.2961415e-38,0
149149308,39,0,0.0,0
149149499,39,0,7.56065e-37,0
149152472,39,0,0.0,0
149153021,39,0,0.0,0
149153540,39,0,0.001084654,0
149153543,39,0,0.0,0
149154428,39,0,0.02003397,0
149154533,39,0,0.50950015,0
149154713,39,0,0.055777356,0
149154717,39,0,1.365824e-34,0
149154721,39,0,0.7919874,0
149154841,39,0,0.4940637,0
149156610,39,0,6.346224e-12,0
149156780,39,0,3.1945754e-13,0
149157468,39,0,1.6659826e-13,0
149157473,39,0,4.1559676e-15,0
149157475,39,0,6.601842e-14,0
149157549,39,0,0.6880595,0
149157885,39,0,0.6851263,0
149157890,39,0,0.16468626,0
149157913,39,0,0.057329822,0
149157916,39,0,0.316823,0
149158077,39,0,0.039796717,0
149158079,39,0,0.3213431,0
149158419,39,0,8.418352e-05,0
149158704,39,0,0.25056568,0
149158766,39,0,1.816175e-12,0
149158775,39,0,1.865489e-12,0
149158779,39,0,0.21928917,0
149158782,39,0,2.342744e-36,0
149159027,39,0,3.3848702e-13,0
149159034,39,0,0.023862423,0
149159040,39,0,2.942212e-39,0
149159056,39,0,0.0580102,0
149159379,39,0,0.00040250903,0
149159400,39,0,2.1781624e-13,0
149159419,39,0,3.0571333e-37,0
149159420,39,0,5.740213e-10,0
149159427,39,0,2.5533672e-36,0
149159429,39,0,2.8899305e-17,0
149159646,39,0,0.015717942,0
149159892,39,0,0.00027236852,0
149159898,39,0,2.9641703e-06,0
149159900,39,0,6.4600905e-36,0
149159922,39,0,0.17664047,0
149160215,39,0,0.067962915,0
149160216,39,0,0.042596094,0
149160223,39,0,0.048094325,0
149160225,39,0,0.13131984,0
149160231,39,0,0.0016907081,0
149160551,39,0,0.22384377,0
149160552,39,0,5.378516e-35,0
149160558,39,0,0.020305416,0
149161130,39,0,0.51139706,0
149161343,39,0,0.99919695,1
149161349,39,0,0.044027667,0
149161606,39,0,0.18375745,0
149161627,39,0,0.13186528,0
149161642,39,1,0.99944395,1
149161646,39,0,0.40710434,0
149161656,39,0,0.30798855,0
149161658,39,0,0.008279264,0
149161668,39,0,0.40412638,0
149161688,39,0,0.6341536,0
149161853,39,0,0.4196255,0
149161859,39,0,0.133605,0
149161874,39,0,0.027551739,0
149161879,39,0,0.07955972,0
149161925,39,0,0.121370524,0
149162144,39,0,5.8279205e-05,0
149162476,39,0,0.016039824,0
149162480,39,0,0.007271839,0
149163057,39,1,0.92551583,1
149167406,39,0,0.0049675456,0
149167747,39,0,0.02242992,0
149167759,39,0,1.5591217e-37,0
149168096,39,0,0.13285589,0
149168097,39,0,0.003175012,0
149168099,39,0,0.00067206577,0
149180560,39,0,1.0396752e-05,0
149182410,39,0,2.3697526e-37,0
149182416,39,0,1.1836802e-38,0
149182418,39,0,6.2560275e-38,0
149182610,39,0,5.3030303e-36,0
149182616,39,0,2.0201572e-36,0
149182868,39,0,1.2626218e-34,0
149182874,39,0,3.6981564e-38,0
149182998,39,0,6.093913e-35,0
149184521,39,0,9.905358e-37,0
149184527,39,0,1.1599698e-33,0
149184531,39,0,1.1999379e-38,0
149184534,39,0,0.0,0
149184536,39,0,2.0890869e-33,0
149184543,39,0,1.4546951e-33,0
149184852,39,0,2.2705638e-34,0
149184853,39,0,1.5441481e-35,0
149184867,39,0,2.7967525e-35,0
149185296,39,0,1.3993219e-36,0
149185303,39,0,2.4087796e-37,0
149185308,39,0,3.2649954e-37,0
149185311,39,0,5.811115e-39,0
149185574,39,0,1.7379064e-37,0
149186550,39,0,5.6110537e-05,0
149186557,39,0,0.13881816,0
149194772,39,0,6.9250856e-37,0
149194782,39,0,2.2403427e-38,0
149194813,39,0,2.6711328e-36,0
149206109,39,0,4.502385e-39,0
149206442,39,0,2.0135956e-35,0
149235590,39,0,0.0,0
149239379,39,0,2.8571618e-35,0
149247215,39,0,6.996086e-37,0
149545531,39,0,0.25066003,0
149547729,39,0,0.45705205,0
149550709,39,0,0.0,0
149554273,39,0,0.52968,0
149554286,39,0,0.41563255,0
149554287,39,0,0.074651346,0
149554553,39,0,0.5655495,0
149554557,39,0,0.32691327,0
149554720,39,0,0.53593576,0
149555693,39,0,0.027587816,0
149556040,39,0,0.0,0
149556734,39,0,0.0,0
149556776,39,0,0.0,0
149556924,39,0,0.0,0
149556981,39,0,0.0,0
149560434,39,0,0.47376478,0
149566791,39,0,0.8019657,1
149566798,39,0,0.10257469,0
149566960,39,0,0.21566519,0
149566964,39,0,0.29767174,0
149567145,39,0,0.5059765,0
149567146,39,0,0.2743236,0
149567173,39,0,0.6704387,0
149567175,39,0,0.2921334,0
149567177,39,0,0.681732,0
149567178,39,0,0.58035034,0
149567348,39,0,0.026368357,0
149567349,39,0,0.80779105,1
149567350,39,0,0.5990102,0
149567351,39,0,0.53410375,0
149567352,39,0,0.8701815,1
149567353,39,0,0.32075825,0
149567355,39,0,0.7305898,0
149567357,39,0,0.71019983,0
149567358,39,0,0.48842406,0
149567360,39,0,0.0026081249,0
149567361,39,0,0.68112695,0
149567365,39,0,0.20346396,0
149567366,39,0,0.49860913,0
149567368,39,0,0.8716268,1
149567373,39,0,0.34910083,0
149567381,39,0,0.5585997,0
149567382,39,0,0.24496503,0
149567385,39,0,0.80162454,1
149567605,39,0,0.36328977,0
149567836,39,0,0.00084224815,0
149567839,39,0,0.11083708,0
149567862,39,0,0.0935456,0
149568051,39,0,0.005651274,0
149568452,39,0,0.034324784,0
149568664,39,0,0.7574095,0
149569098,39,0,8.322985e-14,0
149569105,39,0,0.11882484,0
149569112,39,0,0.26245594,0
149569356,39,0,0.07628772,0
149569363,39,0,0.0693168,0
149569447,39,0,0.016718322,0
149569449,39,0,0.08942014,0
149569586,39,0,5.903666e-08,0
149569587,39,0,0.06980236,0
149569589,39,0,0.023222784,0
149570217,39,0,3.4706373e-09,0
149570228,39,0,1.6352348e-16,0
149570245,39,0,0.06735413,0
149570295,39,0,0.021611024,0
149570718,39,0,0.10103785,0
149570732,39,0,0.7180926,0
149570733,39,0,0.18907844,0
149570735,39,0,0.023233969,0
149570736,39,0,0.02840004,0
149570739,39,0,0.5667306,0
149570741,39,0,0.11567647,0
149570742,39,0,0.60106444,0
149570743,39,0,0.35731736,0
149571659,39,0,0.019886497,0
149571669,39,0,0.004161647,0
149572322,39,0,0.12323949,0
149574863,39,0,0.0,0
149575082,39,0,2.6229478e-14,0
149575269,39,0,5.4619996e-15,0
149575523,39,0,1.7360327e-13,0
149575529,39,0,1.3973069e-12,0
149575708,39,0,5.046742e-13,0
149575718,39,0,5.6663745e-13,0
149576538,39,0,0.0,0
149576866,39,0,0.5706899,0
149577477,39,0,0.035334326,0
149578568,39,0,2.6114895e-34,0
149579623,39,0,0.0049836836,0
149581022,39,0,0.0,0
149581500,39,0,0.0,0
149582234,39,0,0.0,0
149583032,39,0,0.0,0
149583447,39,0,3.4955483e-05,0
149583464,39,0,5.9442023e-05,0
149583508,39,0,0.0,0
149583899,39,0,0.0,0
149585277,39,0,0.6821202,0
149585998,39,0,0.0,0
149587469,39,0,0.0,0
149588181,39,0,6.9388684e-13,0
149590943,39,0,0.7671645,0
149596030,39,0,1.68853e-35,0
149596203,39,0,8.758881e-35,0
149596405,39,0,2.5456673e-34,0
149596407,39,0,1.1360671e-35,0
149596410,39,0,3.0607772e-35,0
149596415,39,0,7.1629e-36,0
149596432,39,0,1.675357e-36,0
149605448,39,0,2.7380136e-06,0
149605643,39,0,0.037613537,0
149605800,39,0,1.022157e-08,0
149605802,39,0,0.39124328,0
149605861,39,0,0.4365361,0
149605863,39,1,0.36934593,0
149605864,39,0,0.6288416,0
149627692,39,0,2.9455493e-38,0
149627694,39,0,1.6001971e-38,0
149627699,39,0,1.4441034e-38,0
149627773,39,0,4.5187164e-38,0
149627922,39,0,4.0114064e-36,0
149627934,39,0,4.3715685e-35,0
149627944,39,0,4.4881765e-36,0
149628144,39,0,1.8837139e-34,0
149628196,39,0,5.2208204e-34,0
149628339,39,0,2.3709407e-34,0
149635859,39,0,0.62819016,0
149636003,39,0,0.72875684,0
149642525,39,0,2.1705793e-37,0
149662178,39,1,0.039688077,0
149686262,39,0,0.6297315,0
149687787,39,0,0.5196629,0
149691707,39,0,0.0,0
149691712,39,0,2.4423742e-12,0
149697841,39,0,3.0569368e-36,0
149697870,39,0,2.0638801e-35,0
149698018,39,0,3.8744683e-37,0
149698020,39,0,1.1092882e-36,0
149698196,39,0,3.4320914e-37,0
149698204,39,0,0.0,0
149698379,39,0,1.0183673e-36,0
149698578,39,0,6.7468844e-37,0
149698582,39,0,9.903837e-39,0
149698741,39,0,7.936648e-38,0
149698759,39,0,5.1481715e-37,0
149699871,39,0,8.6887075e-10,0
149701842,39,0,9.434899e-37,0
149701845,39,0,1.4461335e-36,0
149702077,39,0,2.2460173e-37,0
149702534,39,0,6.0051794e-36,0
149702721,39,0,4.9728014e-33,0
149702838,39,0,3.0853983e-33,0
149704411,39,0,0.0,0
149704414,39,0,1.3331034e-38,0
149704419,39,0,1.4406445e-35,0
149704421,39,0,2.990921e-37,0
149704787,39,0,2.9123687e-36,0
149704952,39,0,7.5563325e-35,0
149705064,39,0,7.2406456e-36,0
149705190,39,0,1.0295936e-36,0
149705268,39,0,2.8462591e-37,0
149705272,39,0,1.2188394e-37,0
149705279,39,0,2.0533706e-37,0
149705288,39,0,1.379447e-36,0
149705536,39,0,3.2376595e-37,0
149705540,39,0,6.7435903e-37,0
149705552,39,0,2.2342101e-35,0
149705556,39,0,1.508217e-35,0
149705600,39,0,7.982557e-38,0
149705605,39,0,9.537265e-38,0
149705613,39,0,2.6337794e-34,0
149705617,39,0,1.7630901e-34,0
149705621,39,0,9.740636e-37,0
149707492,39,0,0.0,0
149707497,39,0,1.5879398e-36,0
149707545,39,0,0.0,0
149707731,39,0,1.6954215e-37,0
149707987,39,0,3.177111e-36,0
149708968,39,0,1.65551e-36,0
149709242,39,0,1.727676e-35,0
149709253,39,0,6.829361e-36,0
149709788,39,0,1.2858633e-38,0
149709792,39,0,3.250243e-38,0
149709793,39,0,1.2765394e-36,0
149709797,39,0,2.6329531e-36,0
149709818,39,0,7.364688e-37,0
149710201,39,0,8.830898e-38,0
149710202,39,0,1.6969431e-36,0
149710296,39,0,4.5880804e-35,0
149710436,39,0,2.1083793e-35,0
149710438,39,0,4.2715717e-35,0
149710443,39,0,4.2954055e-38,0
149710449,39,0,3.5450805e-36,0
149712634,39,0,3.8251542e-37,0
149714324,39,0,3.27481e-38,0
149751920,39,0,1.5218708e-16,0
149751923,39,0,3.8034168e-14,0
149753094,39,0,1.1447417e-12,0
149753097,39,0,3.8507413e-13,0
149753103,39,0,3.5879286e-14,0
149753105,39,0,2.0361642e-14,0
149753108,39,0,4.062379e-13,0
149753117,39,0,2.006907e-14,0
149753120,39,0,1.37656085e-14,0
149753123,39,0,3.6991392e-14,0
149753125,39,0,2.7466351e-14,0
149753128,39,0,1.1308776e-14,0
149753132,39,0,7.062396e-15,0
149753138,39,0,5.0034748e-14,0
149753139,39,0,8.670744e-14,0
149753141,39,0,1.7888733e-13,0
149753145,39,0,2.2877856e-13,0
149753147,39,0,4.4771912e-13,0
149753151,39,0,3.80791e-14,0
149762345,39,0,3.772535e-07,0
149762982,39,1,0.44880888,0
149763077,39,0,0.31816283,0
149763387,39,0,0.3301567,0
149774188,39,0,0.74773246,0
149774409,39,0,0.06867055,0
149785207,39,0,0.67924047,0
149785359,39,0,0.401891,0
149785404,39,0,0.30005878,0
149796884,39,0,0.11551626,0
149798110,39,0,0.10888138,0
149798246,39,0,0.73822767,0
149798422,39,0,0.4203401,0
149798584,39,1,0.071045086,0
149823959,39,0,0.0066546183,0
149833120,39,0,2.546755e-34,0
149833420,39,0,0.018128319,0
150020105,39,0,0.46953988,0
150020258,39,0,0.0015481367,0
150020701,39,0,4.260123e-13,0
150020806,39,0,0.35394916,0
150280422,39,0,0.06746101,0
150403732,39,0,0.6956715,0
150413125,39,1,0.8140235,1
150413127,39,1,0.7030231,0
150413143,39,1,0.061000768,0
150413145,39,1,0.05807883,0
150434526,39,0,0.012561008,0
150839443,39,0,0.4286681,0
150866550,39,0,0.70345193,0
151183340,39,0,0.52369195,0
151187053,39,1,0.8915948,1
151187057,39,1,0.8233937,1
151190824,39,0,0.04413876,0
151190965,39,1,0.6580012,0
151192199,39,0,0.22147693,0
151192648,39,1,0.18799101,0
151192988,39,0,0.28284466,0
151193187,39,0,0.4110519,0
151193455,39,1,0.350741,0
151193805,39,0,5.3322852e-05,0
151195593,39,1,0.7134681,0
151200839,39,0,0.50114244,0
151200842,39,0,0.4091781,0
151200845,39,0,0.026178494,0
151200949,39,0,0.65253645,0
151200952,39,0,0.1555865,0
151200956,39,0,0.43019173,0
151202385,39,0,0.08726693,0
151202411,39,0,0.0024574823,0
151203481,39,0,0.082627304,0
151203489,39,0,0.51970786,0
151203504,39,0,0.5728052,0
151206980,39,1,0.30191636,0
151210131,39,0,0.011745464,0
151211046,39,1,0.99480045,1
151211053,39,0,0.395033,0
151217551,39,0,0.68878466,0
151217554,39,0,0.82118136,1
151222468,39,0,3.1191513e-13,0
151222478,39,0,0.74470097,0
151223098,39,0,0.34709567,0
151223380,39,0,0.19765806,0
151223769,39,0,0.48477867,0
151223773,39,0,0.6008388,0
151224076,39,0,0.35826075,0
151224724,39,0,0.4847596,0
151224732,39,0,0.2815527,0
151227267,39,1,0.99911374,1
151227324,39,0,0.12336554,0
151227879,39,0,5.3041966e-09,0
151227881,39,0,0.05409417,0
151228201,39,0,0.013675185,0
151229968,39,0,0.6178221,0
151229972,39,0,0.49167448,0
151229975,39,0,0.51790744,0
151230204,39,0,0.3677473,0
151235261,39,0,0.8872088,1
151237618,39,0,0.0015500461,0
151238012,39,0,0.0169747,0
151249246,39,0,0.64900917,0
151249253,39,0,0.13911171,0
151249264,39,0,0.0089291055,0
151249353,39,0,0.14845647,0
151249374,39,0,0.42981797,0
151258418,39,0,0.2502726,0
151259051,39,0,0.0037804348,0
151264192,39,0,0.52595836,0
151264194,39,0,0.4870087,0
151564883,39,0,0.29197916,0
151599761,39,1,0.07971862,0
151752242,39,1,0.76905125,0
151769971,39,0,0.06478239,0
151776575,39,0,0.0033018119,0
152162148,39,0,0.31358775,0
152340559,39,0,0.034299504,0
152342510,39,0,0.14468314,0
152359024,39,1,0.94003844,1
152359025,39,1,0.08742315,0
152361795,39,0,0.07099177,0
152616724,39,0,0.15869403,0
152650997,39,0,0.17066437,0
152702148,39,0,0.0025732731,0
153191075,39,0,0.041730657,0
153487492,39,0,0.526672,0
154678900,39,0,3.7772555e-13,0
155508771,39,0,0.00015755159,0
156747392,39,0,0.44115147,0
157183994,39,0,0.46693012,0
158222858,39,0,0.62704754,0
160054606,39,0,0.4930627,0
161393791,39,1,0.92358017,1
161397347,39,1,0.8930005,1
161397569,39,1,0.89348525,1
161398548,39,1,0.8837958,1
161399330,39,1,0.928649,1
161400021,39,1,0.85923374,1
161400964,39,1,0.8977999,1
161406701,39,1,0.9266271,1
161409781,39,0,0.77043116,0
161412045,39,1,0.92739093,1
161414170,39,1,0.88389426,1
161424042,39,1,0.9306763,1
161441715,39,0,0.0005845764,0
161475428,39,0,0.4562163,0
161486159,39,0,0.7514702,0
161490270,39,0,0.5463292,0
161583948,39,0,0.39221653,0
161584194,39,0,0.26077008,0
162419259,39,1,0.15650152,0
162421885,39,1,0.116584964,0
162424040,39,1,0.79619116,1
162424200,39,1,0.9260436,1
162424247,39,1,0.42798418,0
162425208,39,0,0.90776235,1
162428632,39,1,0.048910953,0
162433829,39,1,0.8143477,1
162434060,39,0,0.15061484,0
162434525,39,0,0.015623588,0
162434531,39,0,0.10916391,0
162434599,39,0,0.78072387,0
162435482,39,1,0.96296525,1
162435501,39,0,0.24018337,0
162435684,39,0,0.42323247,0
162437519,39,1,0.96293354,1
162438319,39,1,0.9478665,1
162438330,39,0,0.0015140445,0
162451117,39,0,9.545431e-13,0
162514393,39,0,0.011858477,0
172562,40,0,0.00049705995,0
797419,40,0,0.0,0
880825,40,0,0.06019451,0
886996,40,0,0.6094556,0
905123,40,0,0.0,0
924065,40,0,0.0,0
1255894,40,0,0.046347164,0
1255910,40,0,1.0028309e-07,0
1261936,40,0,5.1580372e-08,0
1338889,40,0,0.0,0
1342246,40,0,0.0,0
1343295,40,0,0.19612138,0
1347516,40,0,9.980879e-14,0
1351021,40,0,0.0,0
1351110,40,0,3.118799e-05,0
2393072,40,1,0.7552463,0
3279974,40,0,0.0,0
3426501,40,0,0.0,0
3814678,40,0,0.12860832,0
3814868,40,0,0.0,0
3814914,40,0,0.006502702,0
4105224,40,0,4.704539e-05,0
4261635,40,0,0.2033613,0
4669579,40,0,0.0,0
4823515,40,0,5.527853e-25,0
4860461,40,0,0.0020058297,0
6046631,40,0,4.5272838e-05,0
6076330,40,0,1.1124507e-34,0
6245395,40,1,1.0,1
6266706,40,0,1.2815399e-07,0
6851025,40,0,0.46367717,0
6951204,40,0,0.092654556,0
6960653,40,0,0.15513165,0
6975200,40,0,0.026011718,0
6978169,40,0,0.20760566,0
6978671,40,0,0.30107412,0
6978672,40,0,0.16188633,0
6978676,40,0,2.3726947e-20,0
6978680,40,0,0.0,0
6979086,40,0,3.7237773e-05,0
6979416,40,0,0.0,0
6979648,40,0,0.016259512,0
6979658,40,0,0.0,0
6979659,40,0,7.644196e-08,0
6989909,40,0,0.0,0
7244429,40,0,0.22642715,0
7590514,40,0,3.7285684e-08,0
7658107,40,0,0.0,0
7817123,40,0,7.286181e-07,0
7951563,40,0,0.0,0
7951587,40,0,0.0,0
7952088,40,0,0.017068526,0
7952092,40,0,0.0003390303,0
7952270,40,0,0.0,0
7952321,40,0,0.0,0
7952333,40,0,0.0,0
7952929,40,0,7.5281347e-28,0
7952945,40,0,0.002126272,0
7971077,40,0,0.0010613909,0
9014737,40,0,0.19542517,0
9015009,40,0,0.011174912,0
9015011,40,0,0.0011515246,0
9138283,40,0,0.08111059,0
9534486,40,0,0.0,0
9904238,40,0,0.017965252,0
9969789,40,0,0.0,0
10178929,40,0,1.1136408e-13,0
10178973,40,0,0.004613398,0
10247466,40,0,0.0014986992,0
12117243,40,0,0.00016463084,0
12462446,40,0,7.918865e-08,0
12843031,40,0,0.029325848,0
13344762,40,0,0.0,0
13425690,40,0,0.258989,0
13909471,40,0,3.1677133e-10,0
13916444,40,0,0.11606754,0
14193907,40,0,0.0,0
14393317,40,0,0.0,0
14544722,40,0,3.5828594e-30,0
15689800,40,0,3.1033298e-05,0
16812328,40,0,0.03344443,0
16838611,40,0,0.021314733,0
17290276,40,0,1.8986297e-11,0
17290351,40,0,4.3633272e-10,0
17890509,40,0,0.0,0
17932049,40,0,4.8841696e-07,0
18018237,40,0,0.0031637694,0
18864639,40,0,0.0023212975,0
19229484,40,0,0.013317815,0
19263569,40,0,0.30588925,0
19357391,40,0,0.15107521,0
19603231,40,0,0.053702075,0
19675050,40,0,6.565952e-07,0
19754896,40,0,0.08555876,0
19801917,40,0,0.04517811,0
21004667,40,0,0.013517541,0
21021259,40,0,0.25051636,0
22502070,40,0,1.1627558e-34,0
22649404,40,0,0.0,0
23344692,40,0,0.28864604,0
24704981,40,0,0.0,0
26240495,40,0,0.43272448,0
27282455,40,0,5.0855536e-15,0
27331982,40,0,0.0,0
27558167,40,0,0.24999005,0
27558169,40,0,0.024994848,0
27558289,40,0,0.23287168,0
27558298,40,0,0.34834856,0
27558306,40,0,0.011122343,0
27558494,40,0,6.593679e-05,0
27559060,40,0,0.045310892,0
27607815,40,0,0.00017190215,0
27765489,40,0,0.007633496,0
27973222,40,0,0.014251522,0
27998088,40,0,6.7568375e-11,0
28021032,40,0,0.1314931,0
28476932,40,0,0.15246135,0
28547465,40,0,0.0011247306,0
28951670,40,0,0.0057529756,0
29185909,40,0,0.009801058,0
29316477,40,0,9.223029e-28,0
30075078,40,0,0.0,0
31168385,40,1,0.99695456,1
31466191,40,0,0.011554865,0
32498112,40,1,0.99996686,1
32498113,40,1,0.95333105,1
32910001,40,0,3.9793694e-36,0
34234759,40,0,0.1325084,0
34331034,40,0,3.9496447e-07,0
34500205,40,0,0.024390003,0
34751094,40,0,0.71641886,0
34879458,40,0,0.0005114692,0
36095108,40,0,0.16203208,0
36284710,40,0,7.2866493e-34,0
36338162,40,0,0.058414493,0
36717437,40,0,1.3982083e-19,0
36725599,40,0,0.06459624,0
36729548,40,0,3.5785903e-34,0
36838022,40,0,0.017581413,0
36866037,40,0,0.51963353,0
36901000,40,0,0.29866517,0
36901002,40,0,0.045419373,0
36971478,40,0,8.476994e-15,0
37520166,40,0,0.0,0
37704327,40,0,0.099288896,0
37791816,40,0,0.16995457,0
38821430,40,0,7.2048257e-29,0
39954788,40,0,0.0004136117,0
40709181,40,0,0.0,0
41846555,40,0,0.0,0
44940541,40,0,0.2566367,0
45002057,40,1,0.1816588,0
45430166,40,0,0.22504099,0
45431903,40,0,0.0018989596,0
45432364,40,0,1.4775449e-28,0
45432747,40,1,0.5233978,0
45476204,40,0,9.9910224e-08,0
46162256,40,0,0.22166121,0
46230282,40,0,1.1420424e-07,0
46319000,40,0,0.102537856,0
46325611,40,0,0.08267819,0
46328058,40,0,0.64782584,0
46329512,40,0,0.05774635,0
46329514,40,0,0.015880981,0
47367360,40,0,0.009299402,0
47590952,40,1,0.9933569,1
47755806,40,0,0.0017199257,0
47777535,40,0,0.0,0
47929412,40,0,0.0051791426,0
47930947,40,0,0.100993596,0
47931493,40,0,0.0049411515,0
48010230,40,0,0.3771157,0
48670415,40,0,0.0013071663,0
49432738,40,0,0.07386344,0
49505906,40,0,0.06253848,0
49505954,40,0,0.10949457,0
49506981,40,0,0.03172859,0
49508518,40,0,1.6117382e-07,0
49717542,40,0,7.5230775e-05,0
51621542,40,0,5.6143257e-10,0
52291382,40,0,0.02600966,0
52293551,40,0,0.0,0
52307362,40,0,0.025885949,0
52309847,40,0,2.9275892e-05,0
52311679,40,0,0.0,0
53252875,40,0,0.0,0
53406347,40,0,0.0,0
53862689,40,0,2.6356106e-10,0
54141153,40,0,0.0,0
55137075,40,0,0.011883285,0
56719909,40,0,0.24743849,0
56781540,40,0,0.05080142,0
57091000,40,0,0.00026126902,0
57228978,40,0,1.4848645e-25,0
59376666,40,0,1.6335806e-11,0
59376668,40,0,0.40211523,0
59998756,40,0,0.0077372114,0
60985498,40,0,0.02651504,0
61189627,40,0,0.0004926339,0
62458720,40,0,3.5604375e-35,0
62898276,40,0,0.13398525,0
63071445,40,1,0.73468345,0
63683376,40,0,0.29639718,0
64400854,40,0,0.0,0
66411922,40,0,0.027202379,0
67195920,40,0,0.0,0
67196010,40,0,0.44262782,0
67196205,40,0,0.0,0
67196725,40,0,0.0,0
67390627,40,0,0.43976644,0
67533631,40,0,0.0,0
67774824,40,0,0.0,0
68337049,40,0,0.03428932,0
70364893,40,0,0.0,0
72246251,40,0,0.6161237,0
74105751,40,0,1.0864613e-11,0
74108125,40,0,0.12748748,0
75723181,40,0,0.026449556,0
76202814,40,0,0.0,0
76257189,40,0,0.00026021595,0
76258823,40,0,0.032660868,0
77194240,40,0,0.020606797,0
77485715,40,0,1.8665452e-13,0
77997482,40,0,0.010025466,0
78065983,40,1,0.004958917,0
78551177,40,0,0.008676727,0
79269156,40,0,0.62297255,0
80579048,40,0,0.0,0
80587765,40,0,0.0,0
80598123,40,0,0.0,0
80609980,40,0,0.0,0
80664766,40,0,0.14804028,0
80666995,40,0,4.3923414e-05,0
80668138,40,0,9.303311e-05,0
80668142,40,0,0.0020978695,0
80972279,40,0,0.0,0
81025289,40,0,0.0,0
81332231,40,0,0.0,0
81352829,40,0,5.2670493e-19,0
81353312,40,0,8.798722e-05,0
81394448,40,0,0.0,0
81396275,40,0,0.0,0
81401933,40,0,0.0,0
83029144,40,0,4.750109e-28,0
84045292,40,0,1.1877127e-19,0
84169886,40,0,0.0004040545,0
84626897,40,0,0.50221115,0
84823318,40,0,0.028895209,0
84887530,40,0,0.015238529,0
85001791,40,1,0.7033465,0
85777812,40,0,0.0,0
86045485,40,0,0.0,0
86462407,40,0,2.7048494e-27,0
86500037,40,0,4.327052e-36,0
86656021,40,1,0.7515372,0
87031793,40,0,0.01883363,0
87034564,40,0,0.5111383,0
87185274,40,0,0.0,0
87189033,40,0,5.0195587e-05,0
87189041,40,0,0.03738614,0
87192208,40,0,0.27694994,0
87253392,40,0,6.7232946e-08,0
87265797,40,0,3.0183393e-28,0
87579114,40,0,0.19203113,0
88047464,40,0,3.3806856e-07,0
88100245,40,0,2.0318664e-28,0
88628542,40,0,0.2714728,0
88642839,40,0,0.044442445,0
89034204,40,0,0.2541571,0
90548787,40,0,0.34671852,0
90639662,40,0,0.4449732,0
90640249,40,0,0.0,0
90640293,40,0,2.4404028e-36,0
91179671,40,0,2.476307e-16,0
91454748,40,0,3.4244007e-07,0
91766194,40,0,2.6738918e-09,0
92734991,40,0,0.36749315,0
93331428,40,0,0.1155297,0
94542699,40,0,0.006575484,0
94636584,40,0,0.0048207366,0
95047190,40,0,0.0010126921,0
95143863,40,0,1.3806702e-07,0
95793133,40,0,0.0,0
95960009,40,0,0.0,0
96056238,40,0,2.371125e-06,0
96057658,40,0,1.1104986e-22,0
96242910,40,0,0.36291865,0
96254943,40,0,0.054792833,0
96254996,40,0,7.873571e-36,0
96255480,40,0,0.0,0
96255506,40,0,0.0,0
96256375,40,0,1.1478987e-35,0
96256414,40,0,5.336515e-36,0
96256421,40,0,1.2537741e-07,0
96256777,40,0,1.8192074e-36,0
96256781,40,0,7.553475e-36,0
96256789,40,0,0.00016797165,0
96257955,40,0,7.828892e-08,0
96258274,40,0,0.0,0
96258738,40,0,0.0,0
96259706,40,0,0.049713925,0
96260067,40,0,0.7887041,0
96260827,40,0,4.450799e-08,0
96261183,40,1,0.52083457,0
96261185,40,0,0.23553845,0
96261189,40,1,0.9754318,1
96261194,40,1,0.98509467,1
96261684,40,1,0.9816976,1
96262516,40,0,0.23424187,0
96264624,40,0,3.1259523e-17,0
96295586,40,0,0.055220626,0
96295947,40,1,0.4529435,0
96297994,40,0,0.026333665,0
96298259,40,0,0.00010275447,0
96300185,40,0,0.06694004,0
96300732,40,0,0.16741236,0
96301468,40,1,0.38560492,0
96301553,40,0,0.5832601,0
96301558,40,0,0.2022495,0
96301561,40,0,0.6003955,0
96301568,40,0,0.58093745,0
96301773,40,0,0.123074494,0
96301783,40,0,0.39189577,0
96301969,40,0,1.4034199e-13,0
96301970,40,0,0.029496815,0
96301988,40,0,0.4675872,0
96302406,40,0,0.008162837,0
96302407,40,0,0.011756971,0
96302410,40,0,0.816491,1
96302536,40,0,0.5500666,0
96302544,40,0,0.1374012,0
96302545,40,0,0.33917865,0
96302549,40,0,0.415567,0
96304661,40,0,5.0607884e-35,0
96304812,40,0,0.00013527044,0
96304815,40,0,2.1776506e-10,0
96305134,40,0,0.07697535,0
96311795,40,0,1.809912e-35,0
96311806,40,0,2.1533398e-05,0
96312180,40,0,1.0272099e-18,0
96312183,40,0,1.3940554e-17,0
96317642,40,0,0.01980871,0
96318703,40,0,1.5037307e-27,0
96318989,40,0,0.3446984,0
96319696,40,0,6.3973938e-18,0
96319936,40,0,0.1349762,0
96320585,40,0,7.761669e-09,0
96558348,40,0,2.7126173e-14,0
96558511,40,0,0.02104467,0
96558514,40,0,0.067246914,0
96558885,40,0,0.0,0
96558934,40,0,2.0657679e-15,0
96558938,40,0,0.28609717,0
96558942,40,0,0.00052690005,0
96558945,40,0,0.0,0
96559214,40,0,0.0,0
96562112,40,0,8.931264e-19,0
96562675,40,0,0.0,0
96562963,40,0,0.0,0
96562968,40,0,2.6587104e-36,0
96563306,40,0,0.0,0
96563984,40,0,0.0,0
96563988,40,0,0.0,0
96564437,40,0,4.5739075e-20,0
96564667,40,0,1.7759889e-35,0
96564682,40,0,0.0038543527,0
96564952,40,0,1.4283106e-35,0
96564983,40,0,6.1175505e-36,0
96564990,40,0,4.997422e-09,0
96565250,40,0,0.0,0
96565582,40,0,1.6009734e-37,0
96565661,40,0,0.0,0
96565685,40,0,0.043082297,0
96565689,40,0,6.07504e-36,0
96565828,40,0,0.00085842685,0
96565839,40,0,0.07057428,0
96566387,40,0,0.0,0
96566391,40,0,0.0,0
96566398,40,0,0.0,0
96566499,40,0,9.877705e-36,0
96567159,40,0,1.4778875e-07,0
96567170,40,0,1.2705402e-35,0
96567176,40,0,0.0129913045,0
96567189,40,0,0.0,0
96567464,40,0,3.623741e-07,0
96567719,40,0,0.06757346,0
96567720,40,0,0.017715659,0
96568211,40,0,2.047638e-36,0
96568341,40,0,9.5327e-08,0
96568345,40,0,0.12993412,0
96568492,40,0,0.014645595,0
96568656,40,0,0.0,0
96568911,40,0,0.0,0
96568915,40,0,0.0,0
96569043,40,0,0.0,0
96569050,40,0,0.0036285354,0
96569163,40,0,9.372737e-36,0
96569266,40,0,0.0,0
96569403,40,0,0.0,0
96569544,40,1,0.7149195,0
96569547,40,1,0.8876394,1
96569550,40,1,0.8748336,1
96569551,40,1,0.87943345,1
96569553,40,1,0.8760856,1
96570110,40,0,2.5310747e-19,0
96570116,40,0,0.0017065419,0
96570123,40,0,0.07146703,0
96570124,40,0,0.33908337,0
96570527,40,1,0.94454736,1
96570531,40,0,4.755064e-18,0
96571178,40,0,1.4414744e-07,0
96571183,40,0,0.18145919,0
96571185,40,0,0.53608054,0
96571186,40,0,0.08874761,0
96571497,40,0,8.786038e-16,0
96571507,40,0,0.35745364,0
96571509,40,0,4.0312833e-07,0
96571518,40,0,0.44437543,0
96574884,40,0,3.516103e-14,0
96576022,40,0,5.205524e-09,0
96577132,40,0,0.41024116,0
96577996,40,0,1.2856808e-17,0
96578001,40,0,8.289623e-17,0
96578042,40,0,0.48823804,0
96578048,40,0,0.35120472,0
96578733,40,0,0.0012089878,0
96578735,40,0,0.0051778676,0
96579303,40,0,0.4842256,0
96579449,40,0,0.00035176458,0
96580204,40,1,0.1533431,0
96580278,40,0,0.20978767,0
96580289,40,0,0.14598112,0
96580297,40,1,0.07366252,0
96580298,40,1,0.39756942,0
96580300,40,0,0.52053183,0
96580305,40,0,0.82918227,1
96580987,40,0,0.061133493,0
96580998,40,0,2.9820625e-11,0
96581586,40,1,0.36845747,0
96581589,40,1,0.82235765,1
96582546,40,0,0.25005907,0
96582588,40,0,0.08353553,0
96582865,40,0,0.6758408,0
96582924,40,0,0.4085168,0
96583455,40,0,0.090664245,0
96583653,40,0,0.09148931,0
96583654,40,0,0.6428297,0
96583770,40,0,0.7103704,0
96583785,40,0,0.46934423,0
96583997,40,0,0.01573949,0
96584148,40,0,0.32257935,0
96584303,40,0,0.72948635,0
96584663,40,0,0.006170983,0
96584824,40,0,0.02494341,0
96584826,40,0,0.28276113,0
96584828,40,0,0.04121042,0
96584834,40,0,0.02242461,0
96584835,40,0,0.13983782,0
96584836,40,0,0.07418646,0
96584837,40,0,0.49091458,0
96584844,40,0,0.124118865,0
96584846,40,0,0.6125129,0
96584847,40,0,0.0522128,0
96584848,40,0,0.358141,0
96584852,40,0,0.3037235,0
96584896,40,0,0.0316621,0
96584900,40,0,0.009795529,0
96585090,40,0,0.32739434,0
96585092,40,0,0.99843484,1
96589021,40,0,0.000119857046,0
96591382,40,0,8.746524e-28,0
96592211,40,0,0.00010213104,0
96592855,40,0,6.8913596e-28,0
96594944,40,0,0.53373647,0
96594947,40,0,0.4859731,0
96594954,40,0,0.80603635,1
96595215,40,0,0.7933113,0
96595239,40,0,0.21296196,0
96595496,40,0,5.7096327e-27,0
96595589,40,0,0.44589573,0
96595711,40,0,0.03873014,0
96596603,40,0,4.0270717e-08,0
96596928,40,0,1.9154702e-06,0
96596931,40,0,0.051460903,0
96610478,40,0,0.09026164,0
96615220,40,0,0.7488018,0
96617062,40,0,0.40433267,0
96621541,40,0,0.055889614,0
96642764,40,0,0.23484468,0
96645694,40,0,0.005228988,0
96646659,40,0,0.5050509,0
96651531,40,0,0.00012503382,0
96653243,40,0,0.0005023937,0
96653769,40,0,0.41714734,0
96654838,40,0,3.3565054e-28,0
96654950,40,0,1.7553509e-28,0
96655080,40,0,2.6345913e-28,0
96655169,40,0,4.3113184e-28,0
96655943,40,0,2.1250307e-26,0
96656242,40,0,5.507178e-27,0
96658368,40,0,6.344765e-29,0
96658618,40,0,2.4856637e-26,0
96658650,40,0,1.438845e-10,0
96661157,40,0,6.499043e-29,0
96664519,40,0,1.6708142e-08,0
96666459,40,0,0.17791612,0
96674330,40,0,0.14659524,0
96674597,40,0,0.5938496,0
96674599,40,0,0.08320069,0
96674605,40,0,0.49833047,0
96675147,40,0,1.2223284e-06,0
96681128,40,0,0.014606937,0
96681131,40,0,0.00016716268,0
96681142,40,0,0.60583955,0
96690352,40,0,4.589602e-13,0
96703683,40,0,0.08152229,0
96704304,40,0,0.31790423,0
96704448,40,0,0.005999693,0
96705380,40,0,0.6241533,0
96705793,40,0,1.088752e-25,0
96706402,40,0,1.75972e-08,0
96923963,40,0,6.217963e-05,0
96924240,40,1,0.98228824,1
96924242,40,1,0.009063749,0
96924252,40,1,0.95853657,1
96925114,40,1,0.89178324,1
96925121,40,1,0.85945594,1
96925332,40,1,0.8955005,1
96925342,40,1,0.9628427,1
96925593,40,1,0.17451009,0
96926546,40,1,0.32294235,0
96927272,40,1,0.17432776,0
96928060,40,0,0.03278095,0
96928334,40,1,0.8749798,1
96928352,40,1,0.6232105,0
96928354,40,0,0.46761316,0
96929263,40,1,0.99951875,1
96929269,40,0,0.0,0
96929850,40,1,0.6309785,0
96930118,40,1,0.9635317,1
96930221,40,0,0.0,0
96930234,40,0,0.0,0
96930818,40,0,0.17445013,0
96930820,40,0,0.027762512,0
96930821,40,0,0.11179223,0
96930825,40,0,1.9304845e-17,0
96930826,40,0,0.4304554,0
96930827,40,0,0.043675665,0
96930828,40,0,2.233522e-06,0
96930864,40,0,0.39526373,0
96930873,40,0,0.24235184,0
96931071,40,0,0.048438914,0
96931073,40,0,2.1868021e-07,0
96931078,40,0,8.9469605e-09,0
96931079,40,0,0.2744569,0
96931088,40,0,0.8771904,1
96931098,40,0,0.05630711,0
96931670,40,0,0.043068517,0
96931897,40,0,0.09009301,0
96931899,40,0,0.5603993,0
96932182,40,0,0.0,0
96932184,40,0,0.0060369233,0
96932187,40,0,0.8057124,1
96932189,40,0,0.00065292855,0
96932437,40,0,0.03351049,0
96932440,40,0,0.0006765756,0
96932441,40,0,2.0394955e-25,0
96932442,40,0,0.0,0
96932445,40,0,8.525889e-06,0
96932447,40,0,1.4055875e-35,0
96932449,40,0,0.0,0
96932456,40,0,0.0,0
96932460,40,0,2.057979e-32,0
96932462,40,0,0.02373253,0
96932471,40,0,3.2186179e-13,0
96932479,40,0,0.0,0
96932674,40,0,1.9192243e-36,0
96933301,40,0,0.06299411,0
96933830,40,0,1.7785725e-08,0
96934139,40,0,5.294139e-06,0
96934403,40,0,0.9462634,1
96934681,40,1,0.8460943,1
96936902,40,0,1.4799306e-21,0
96938644,40,0,0.44017902,0
96939140,40,1,0.0037351022,0
96939408,40,1,0.6064518,0
96939427,40,1,0.9999932,1
96939966,40,1,0.9996283,1
96940886,40,0,0.0,0
96941147,40,0,2.16174e-35,0
96942259,40,0,0.0,0
96942810,40,0,2.6385032e-36,0
96943473,40,0,0.571865,0
96944071,40,0,0.22878747,0
96944106,40,0,4.2896457e-36,0
96944115,40,0,0.0,0
96945447,40,0,0.053972572,0
96946114,40,0,2.2829924e-19,0
96947649,40,0,0.0,0
96948070,40,0,0.29076162,0
96948080,40,0,0.2615955,0
96948089,40,0,1.3320314e-07,0
96948093,40,0,3.3516397e-07,0
96948103,40,0,0.0,0
96948361,40,0,0.0,0
96948889,40,0,2.5269694e-08,0
96949700,40,0,9.061274e-08,0
96949768,40,0,0.38370028,0
96949997,40,0,0.34086737,0
96950018,40,0,2.2809425e-07,0
96950113,40,0,0.008404076,0
96950252,40,0,0.0,0
96950545,40,0,1.8764126e-08,0
96950550,40,0,0.0040576817,0
96950560,40,0,0.0,0
96950566,40,0,0.0,0
96950572,40,0,0.0,0
96950584,40,0,0.0,0
96950625,40,0,2.0308062e-06,0
96951086,40,0,0.9996873,1
96951304,40,0,0.0001964702,0
96951550,40,0,2.4123893e-14,0
96951800,40,0,0.5536285,0
96952671,40,0,0.0427819,0
96952919,40,0,0.31632614,0
96953111,40,0,0.00039522178,0
96953133,40,0,0.021654934,0
96953674,40,0,2.0284041e-36,0
96953903,40,0,0.0,0
96953921,40,0,0.7381975,0
96954175,40,0,0.0,0
96954444,40,0,0.39453077,0
96954594,40,0,0.0,0
96954603,40,0,5.6325837e-09,0
96954607,40,0,2.4573085e-08,0
96955560,40,0,3.0404357e-35,0
96955866,40,0,0.0073491237,0
96956127,40,0,0.14879079,0
96956384,40,0,1.9258803e-07,0
96956708,40,0,0.0,0
96957287,40,0,0.022701105,0
96957299,40,0,0.0,0
96957326,40,1,0.687973,0
96957328,40,1,0.3830693,0
96957336,40,1,0.96911824,1
96958759,40,0,0.07445743,0
96958874,40,1,0.70912874,0
96959542,40,1,0.9739696,1
96959547,40,0,0.02994518,0
96959863,40,1,0.18815702,0
96960021,40,0,0.3166368,0
96960278,40,0,0.29477054,0
96960281,40,0,0.48864183,0
96961445,40,0,0.0,0
96961708,40,0,2.6853259e-27,0
96961846,40,0,9.783549e-08,0
96962483,40,0,0.0026474784,0
96963043,40,0,0.18577883,0
96963337,40,0,0.34434015,0
96963538,40,0,2.5682205e-25,0
96966495,40,0,0.00025542738,0
96966752,40,0,0.68804044,0
96967821,40,0,0.20295753,0
96969003,40,0,0.14977773,0
96969543,40,0,0.44375962,0
96969757,40,0,0.5585701,0
96972133,40,0,3.6409725e-05,0
96972846,40,0,6.106421e-16,0
96973727,40,0,0.38458607,0
96973980,40,0,0.4037755,0
96973987,40,0,0.11529154,0
96975033,40,1,0.25743788,0
96976090,40,0,0.046502385,0
96976740,40,0,0.07337991,0
96979667,40,0,0.15774958,0
96982052,40,0,9.920118e-08,0
96982775,40,0,0.6346922,0
96983187,40,0,1.0978099e-26,0
96984383,40,0,0.0,0
96985766,40,0,0.9571202,1
96985951,40,0,0.67512906,0
96988124,40,0,9.339825e-07,0
96990197,40,1,0.8640536,1
96992804,40,1,0.2792593,0
96995131,40,0,0.0010274206,0
96995426,40,1,0.008806155,0
96995895,40,0,0.6770673,0
96995902,40,0,0.00506808,0
96996773,40,0,0.08964829,0
96996777,40,0,0.020754982,0
96996789,40,0,0.55650616,0
96997093,40,0,7.260911e-16,0
96997102,40,0,6.334598e-13,0
96998407,40,0,0.2953925,0
96998626,40,0,0.21298204,0
97002531,40,0,0.13442999,0
97002533,40,0,0.004214537,0
97002535,40,0,0.024786148,0
97002542,40,0,0.03711665,0
97002808,40,0,3.8975969e-28,0
97003361,40,0,0.0,0
97003366,40,0,0.7076713,0
97003450,40,0,0.030755203,0
97004022,40,0,0.49292898,0
97004064,40,0,1.35500795e-05,0
97004104,40,0,0.2833974,0
97004112,40,0,0.056105457,0
97004399,40,0,4.1636813e-06,0
97004775,40,0,0.0003064122,0
97011545,40,1,1.1774843e-14,0
97011985,40,0,0.14709735,0
97013836,40,1,0.31991503,0
97013839,40,0,0.5334213,0
97014328,40,0,0.0370751,0
97015625,40,0,0.13744389,0
97015630,40,0,7.8899214e-11,0
97018898,40,0,0.0057528447,0
97018904,40,0,0.0022282137,0
97018930,40,0,0.092141256,0
97018952,40,0,0.22462375,0
97019089,40,0,0.7834667,0
97019093,40,0,0.018999271,0
97019109,40,0,0.0025840178,0
97020043,40,1,0.059061494,0
97021355,40,1,0.26775888,0
97021579,40,1,0.4857785,0
97022739,40,0,0.76134795,0
97022757,40,0,0.20119472,0
97022760,40,0,0.24451964,0
97022904,40,0,0.7987267,1
97023225,40,0,0.6794937,0
97023499,40,0,0.57519245,0
97023505,40,0,0.01485417,0
97023790,40,0,8.803e-34,0
97024065,40,0,0.039585806,0
97024067,40,0,0.19161028,0
97024228,40,0,0.22618672,0
97024232,40,0,0.64582723,0
97024529,40,0,0.000120671386,0
97024534,40,0,0.2703455,0
97024542,40,0,0.024776138,0
97024543,40,0,0.39904234,0
97024544,40,0,0.5560017,0
97024546,40,0,0.018385177,0
97025225,40,0,0.5944991,0
97025233,40,0,0.00022156633,0
97025238,40,0,0.15623699,0
97025241,40,0,4.7573407e-22,0
97025312,40,0,1.201446e-05,0
97025320,40,0,3.2485716e-06,0
97025470,40,0,0.18103102,0
97025490,40,0,0.22941065,0
97025799,40,0,0.2030068,0
97025802,40,0,0.06752114,0
97025823,40,0,0.002981319,0
97025844,40,0,0.003954175,0
97026873,40,0,0.30757877,0
97027134,40,0,0.7743421,0
97027340,40,0,0.07320116,0
97027342,40,0,0.042483855,0
97027381,40,0,0.045996863,0
97027622,40,0,0.6991235,0
97027625,40,0,0.28281987,0
97027631,40,0,0.26451325,0
97027788,40,0,0.27104595,0
97027795,40,0,0.16785662,0
97027797,40,0,0.15993614,0
97027985,40,0,0.30018052,0
97051125,40,0,1.7761061e-14,0
97051255,40,0,0.038622536,0
97051907,40,0,2.820203e-36,0
97051909,40,0,0.00011616079,0
97051927,40,0,0.0025024642,0
97055913,40,0,2.4576428e-33,0
97055918,40,0,0.0,0
97061709,40,0,8.5434004e-33,0
97061718,40,0,1.6700686e-27,0
97062198,40,0,0.5897209,0
97062431,40,0,6.275511e-37,0
97062436,40,0,5.1664033e-13,0
97066702,40,1,0.68207186,0
97066713,40,0,0.0,0
97066970,40,0,0.066821314,0
97068677,40,1,0.3412016,0
97069017,40,1,0.36669645,0
97069571,40,1,0.00025699468,0
97074096,40,0,1.02827805e-07,0
97076225,40,0,2.4636682e-07,0
97078552,40,0,5.5901734e-26,0
97081237,40,0,0.5897792,0
97081246,40,0,0.024999298,0
97081257,40,0,0.44448283,0
97081261,40,0,0.0045882566,0
97081513,40,0,0.041103695,0
97081539,40,0,0.022111556,0
97081546,40,0,0.006250781,0
97081550,40,0,0.021830594,0
97081919,40,0,0.03260686,0
97082697,40,0,0.21184751,0
97087594,40,0,0.0023078509,0
97087598,40,0,0.6341921,0
97088337,40,0,0.6471342,0
97089155,40,0,0.5338108,0
97089156,40,0,0.15659091,0
97089162,40,0,1.18973546e-07,0
97089300,40,0,0.3329629,0
97095252,40,0,0.00029261498,0
97100221,40,0,0.18270159,0
97100230,40,0,0.15457262,0
97101991,40,0,0.033426825,0
97103615,40,0,0.034206513,0
97103628,40,0,1.9732572e-07,0
97103630,40,0,1.2415401e-07,0
97105496,40,0,3.128809e-36,0
97105755,40,0,0.04493285,0
97106399,40,0,0.02431861,0
97107285,40,0,7.753738e-24,0
97110883,40,0,0.09481566,0
97111900,40,0,0.11763299,0
97114782,40,0,0.089488775,0
97122951,40,0,0.0001287946,0
97123266,40,0,6.278653e-28,0
97126633,40,0,2.2389115e-27,0
97127163,40,0,0.0006372453,0
97127168,40,0,3.560464e-28,0
97132844,40,1,0.94621557,1
97133123,40,1,0.95544136,1
97133127,40,0,0.37764204,0
97133836,40,1,0.9460588,1
97134087,40,1,0.9460952,1
97141211,40,1,0.55128515,0
97141252,40,1,0.95531523,1
97145620,40,0,1.30567175e-08,0
97150814,40,0,0.025089486,0
97184396,40,1,0.2769517,0
97184411,40,0,0.6032623,0
97184596,40,0,0.3680216,0
97184869,40,0,0.17363146,0
97185724,40,0,0.27211636,0
97185809,40,0,0.8334229,1
97185956,40,0,0.0030294606,0
97185966,40,0,0.21000381,0
97186266,40,0,0.1316515,0
97186283,40,0,0.12936296,0
97186543,40,0,0.31260976,0
97188340,40,0,0.040831752,0
97188343,40,0,0.018488236,0
97188646,40,0,2.5726646e-08,0
97199833,40,0,2.8012548e-07,0
97206553,40,0,4.6976143e-29,0
97244271,40,1,0.054086618,0
97387423,40,1,0.9645586,1
97387433,40,1,0.8611419,1
97388582,40,1,0.8273241,1
97388607,40,0,0.010586729,0
97389359,40,0,2.1530212e-08,0
97390415,40,0,0.035398744,0
97390676,40,0,0.0,0
97390680,40,0,0.729189,0
97391458,40,0,0.6290737,0
97391785,40,0,0.0,0
97391808,40,0,0.049323212,0
97392467,40,0,0.013338796,0
97392828,40,0,0.008554265,0
97393096,40,0,2.3913983e-25,0
97393220,40,0,5.542063e-07,0
97393315,40,0,0.0,0
97393541,40,0,0.00011463325,0
97395586,40,0,1.9366523e-08,0
97395877,40,0,1.7986806e-11,0
97396335,40,0,0.8858341,1
97396614,40,0,2.0087276e-05,0
97397223,40,0,3.0850674e-07,0
97400869,40,0,3.1897733e-12,0
97401884,40,0,2.171897e-05,0
97402313,40,0,0.0047938316,0
97403097,40,0,0.012784579,0
97403284,40,0,0.06383021,0
97403381,40,0,0.009557693,0
97403688,40,0,0.50975657,0
97403694,40,0,0.38971,0
97403881,40,0,0.5977842,0
97404074,40,0,0.058889326,0
97404081,40,1,2.2842109e-05,0
97404552,40,0,0.45200908,0
97404610,40,0,0.35789207,0
97405418,40,0,0.29625553,0
97405579,40,0,0.61502117,0
97405719,40,0,0.29551452,0
97406092,40,0,0.024293967,0
97407738,40,0,7.458972e-13,0
97408808,40,0,0.21383563,0
97408827,40,1,0.23360896,0
97408977,40,1,0.33373457,0
97409997,40,0,4.3076874e-08,0
97421253,40,0,2.5132235e-06,0
97424124,40,0,0.29228863,0
97424359,40,0,0.77205944,0
97424365,40,0,0.069529325,0
97424376,40,0,0.009807623,0
97425476,40,0,0.024233084,0
97430019,40,0,0.35740128,0
97430122,40,0,0.07367101,0
97430363,40,0,0.0020889174,0
97431326,40,0,0.03624657,0
97439283,40,0,1.2560593e-27,0
97445088,40,0,0.23424312,0
97481182,40,0,0.000114753115,0
97481191,40,0,0.11488235,0
97485697,40,0,2.4487184e-08,0
97487318,40,0,0.03105193,0
97488487,40,0,3.7496278e-20,0
97499027,40,0,1.0206092e-05,0
97500891,40,0,1.1934618e-35,0
97501177,40,0,0.14933,0
97502122,40,0,0.42351678,0
97506379,40,0,1.0301858e-06,0
97678626,40,0,2.8099788e-14,0
97702028,40,1,0.88158894,1
97702225,40,1,0.94687843,1
97702228,40,1,0.9369269,1
97702373,40,1,0.821604,1
97702586,40,0,0.33537602,0
97702600,40,0,0.0014318001,0
97702602,40,0,5.0965e-07,0
97707107,40,0,0.011286978,0
97707448,40,0,0.03304807,0
97708835,40,0,0.6150792,0
97709964,40,0,3.8931234e-36,0
97710531,40,0,0.009287825,0
97712499,40,0,5.5322694e-11,0
97712844,40,0,0.018261971,0
97713596,40,0,0.0,0
97713612,40,0,0.0,0
97714239,40,0,0.0,0
97714242,40,0,0.0,0
97714492,40,0,0.016330443,0
97714505,40,0,3.9422002e-06,0
97714855,40,0,0.049467284,0
97714860,40,0,0.3959711,0
97715914,40,0,1.3630553e-07,0
97716158,40,1,0.54675704,0
97716762,40,0,0.02945673,0
97717236,40,1,0.5851195,0
97718352,40,0,6.5761334e-09,0
97718359,40,0,0.0026479154,0
97718816,40,0,0.013690688,0
97718831,40,0,0.0015299683,0
97718848,40,0,6.863633e-19,0
97722486,40,0,0.4635427,0
97724167,40,0,0.3299315,0
97724668,40,0,0.8024505,1
97724772,40,0,2.2816157e-05,0
97727467,40,0,2.1347902e-17,0
97727554,40,0,0.0046072975,0
97727557,40,0,0.005420189,0
97727559,40,0,0.0061743497,0
97728947,40,0,4.740671e-05,0
97729143,40,1,0.0019223475,0
97730088,40,0,3.852706e-19,0
97731146,40,1,2.7096706e-07,0
97731388,40,0,0.69278663,0
97732071,40,0,0.6749076,0
97732178,40,0,0.1345384,0
97732181,40,0,0.65271366,0
97732183,40,0,0.37763357,0
97732189,40,0,0.029553076,0
97732192,40,0,4.1680828e-22,0
97732194,40,0,0.0054673217,0
97732197,40,0,0.16433255,0
97732254,40,0,0.103036635,0
97732260,40,0,0.10452693,0
97732600,40,0,0.32388777,0
97732728,40,0,0.88455963,1
97732737,40,0,0.0010302637,0
97732739,40,0,0.052118473,0
97732977,40,0,0.003339461,0
97733166,40,0,0.11391076,0
97733169,40,0,0.71790904,0
97733170,40,0,0.9370625,1
97733182,40,0,0.27171105,0
97733185,40,0,2.7697283e-07,0
97733193,40,0,0.0014365572,0
97733199,40,0,0.6507046,0
97733201,40,0,0.16241112,0
97735311,40,0,3.0232639e-18,0
97736494,40,0,4.322676e-07,0
97737113,40,0,0.4939003,0
97738117,40,0,1.9659592e-05,0
97741696,40,0,0.020410908,0
97741703,40,0,0.012688696,0
97745607,40,0,0.0010720933,0
97751106,40,0,3.2259966e-11,0
97751140,40,0,0.2780174,0
97751141,40,0,0.040225375,0
97753556,40,0,0.02045899,0
97756937,40,0,2.4147995e-27,0
97757487,40,0,6.5365376e-29,0
97758241,40,0,1.8395293e-20,0
97758253,40,0,0.16623043,0
97760414,40,0,0.022842962,0
97760586,40,0,0.6137834,0
97760589,40,0,0.80911535,1
97763578,40,0,0.09259786,0
97764020,40,0,8.482198e-08,0
97764023,40,0,0.043485653,0
97764305,40,0,9.91206e-12,0
97764394,40,0,0.2379222,0
97764397,40,0,0.0,0
97804176,40,1,0.013664622,0
97804239,40,1,0.26062527,0
97804696,40,1,0.01364178,0
97820647,40,1,0.9702911,1
97822688,40,0,1.7367816e-35,0
97822909,40,0,0.0,0
97824053,40,0,0.04605885,0
97824492,40,0,4.1304776e-36,0
97824971,40,0,0.0,0
97826173,40,0,0.0,0
97826638,40,0,2.0361826e-05,0
97826912,40,0,0.0,0
97827293,40,0,1.741731e-35,0
97828035,40,0,0.0,0
97828549,40,0,5.7157138e-08,0
97828838,40,0,0.0,0
97830403,40,0,0.0,0
97830644,40,0,4.584887e-05,0
97833109,40,0,0.0,0
97833121,40,0,2.0530368e-05,0
97833420,40,0,0.0,0
97833534,40,0,3.6059936e-36,0
97833814,40,0,0.0,0
97833839,40,0,7.5982193e-06,0
97834420,40,0,0.0,0
97834868,40,0,2.908979e-06,0
97836072,40,0,0.1587545,0
97836462,40,0,0.0,0
97849403,40,0,0.40244606,0
97858320,40,0,3.2260604e-07,0
97887859,40,0,0.8693539,1
97888626,40,0,0.7866747,0
97907377,40,0,0.6669653,0
97907385,40,0,0.26136082,0
97916516,40,0,2.2678135e-32,0
97916717,40,0,0.37147275,0
97916907,40,0,0.037794244,0
97918106,40,0,1.8416929e-06,0
97920432,40,0,0.23989157,0
97930500,40,0,0.4933874,0
97930510,40,0,0.8940935,1
97930880,40,0,0.5076842,0
97931083,40,0,0.22615075,0
97933782,40,0,0.14631538,0
97938155,40,0,0.44928783,0
97939634,40,0,0.25261667,0
97976919,40,1,0.2791477,0
97991428,40,0,0.03624484,0
98031863,40,0,0.0,0
98032245,40,1,6.158296e-07,0
98032819,40,1,0.5316428,0
98032886,40,1,0.5313164,0
98033663,40,1,0.8122456,1
98033945,40,1,0.66124785,0
98034161,40,0,0.020363938,0
98035241,40,0,0.30544448,0
98035246,40,0,0.07747925,0
98037436,40,0,8.908724e-22,0
98037917,40,0,0.03654826,0
98038140,40,0,0.13253994,0
98038334,40,0,5.547233e-29,0
98038348,40,0,0.051644027,0
98039539,40,0,0.0063314596,0
98039709,40,0,7.867706e-16,0
98039713,40,0,0.025864366,0
98039721,40,1,0.9805062,1
98041728,40,0,0.017559616,0
98042002,40,0,0.0302816,0
98043019,40,0,0.05045369,0
98043517,40,0,3.1530625e-08,0
98044503,40,0,0.013302316,0
98044863,40,0,0.08159703,0
98045668,40,0,0.0,0
98046936,40,0,0.7241762,0
98047174,40,0,6.457311e-05,0
98048827,40,0,0.0010182337,0
98054714,40,0,7.377362e-09,0
98056376,40,0,0.38750505,0
98056569,40,0,0.12733476,0
98056823,40,0,0.00011245456,0
98056863,40,0,0.40418673,0
98059174,40,0,0.0068595633,0
98059197,40,1,0.9924735,1
98059757,40,0,1.2092937e-08,0
98059762,40,0,0.013829867,0
98061737,40,0,2.0641194e-17,0
98062024,40,0,0.0037909946,0
98062436,40,1,0.6740445,0
98062661,40,0,0.02272878,0
98062684,40,0,0.007897396,0
98062691,40,0,0.0024297857,0
98063047,40,0,0.016919196,0
98065046,40,0,0.00343189,0
98066463,40,0,0.0027621395,0
98066484,40,1,0.3720781,0
98067916,40,0,0.009777595,0
98068542,40,1,0.057110105,0
98070095,40,0,0.97863984,1
98070867,40,0,0.1650389,0
98070870,40,0,0.32114658,0
98070881,40,0,0.5098344,0
98070965,40,0,0.53140235,0
98071166,40,0,0.03184628,0
98071508,40,0,0.07876931,0
98072232,40,0,2.0855623e-08,0
98072243,40,0,0.30408466,0
98072844,40,0,0.014173851,0
98073165,40,0,0.001341816,0
98073174,40,0,0.98929405,1
98073347,40,0,0.16228326,0
98073507,40,0,0.30948877,0
98073789,40,0,0.54621536,0
98074770,40,0,0.5552598,0
98074776,40,0,0.6828733,0
98074796,40,0,0.2242962,0
98076773,40,0,4.8126366e-19,0
98077839,40,0,0.0018105074,0
98079142,40,1,0.02401222,0
98079154,40,1,0.16754045,0
98081886,40,0,0.1703903,0
98083968,40,0,0.0010009812,0
98093140,40,0,0.0063402974,0
98097703,40,0,0.0007597024,0
98106756,40,0,5.890617e-06,0
98107357,40,0,0.0007843957,0
98108469,40,0,6.479812e-28,0
98109542,40,0,6.1216283e-16,0
98112023,40,0,0.0028321499,0
98112106,40,0,0.0006190452,0
98125789,40,0,2.720728e-24,0
98143753,40,0,6.2808476e-07,0
98144008,40,0,1.4818357e-08,0
98161481,40,0,0.0,0
98162429,40,0,4.021635e-09,0
98195222,40,0,2.1147748e-20,0
98221840,40,0,4.052882e-32,0
98230927,40,0,2.3274703e-11,0
98236765,40,0,1.8784223e-07,0
98252967,40,0,1.4204674e-16,0
98273924,40,0,2.5491703e-23,0
98281471,40,0,3.0028952e-05,0
98419647,40,0,2.6706434e-29,0
98421333,40,0,2.0077084e-24,0
98544621,40,0,0.45169643,0
98550982,40,0,0.0,0
98551169,40,0,1.2552591e-35,0
98551628,40,0,0.036434308,0
98551632,40,0,0.03474769,0
98551851,40,0,0.0,0
98552571,40,0,0.014024005,0
98553668,40,0,3.5499554e-08,0
98568148,40,0,0.09035879,0
98571753,40,0,0.036486734,0
98588441,40,1,0.07793783,0
98588512,40,0,2.893226e-07,0
98592205,40,0,1.1381728e-07,0
98605556,40,0,9.2722814e-08,0
98605819,40,0,1.15825e-10,0
98610045,40,0,4.8498225e-21,0
99018629,40,0,0.0,0
99018664,40,0,5.1441942e-34,0
99053483,40,0,0.5257171,0
99053493,40,0,0.06225899,0
99053496,40,0,0.6694259,0
99053539,40,0,0.04391706,0
99115235,40,0,3.9548555e-20,0
99409352,40,0,0.009599872,0
99654887,40,0,9.099976e-36,0
99659463,40,0,0.3535508,0
99673993,40,0,0.18853095,0
99680113,40,0,0.003339904,0
99690451,40,0,0.11637262,0
99695619,40,0,0.052262083,0
99697838,40,0,0.20354968,0
99699200,40,0,0.003737346,0
99702469,40,0,0.13019498,0
99709782,40,0,0.046543654,0
99710431,40,0,0.045197252,0
99712026,40,0,0.16137983,0
99732822,40,0,0.31207055,0
99738580,40,0,0.223503,0
100135607,40,1,0.97613007,1
100156998,40,0,0.9999989,1
100297870,40,0,0.018195203,0
100678028,40,0,0.9463992,1
101689297,40,0,1.077882e-28,0
104077589,40,0,0.68159294,0
104758336,40,0,2.3411316e-05,0
107782289,40,1,0.025370238,0
107782865,40,1,0.8527405,1
107782882,40,1,0.025318637,0
107782941,40,0,0.0,0
107784772,40,0,0.09320063,0
107785982,40,0,0.049284972,0
107787065,40,0,1.2431688e-36,0
107789140,40,0,0.0,0
107797582,40,0,0.08480275,0
107797828,40,0,0.3863872,0
107797867,40,0,0.1608972,0
1813316,41,0,0.0031823367,0
4013194,41,0,1.1640441e-17,0
4298902,41,0,0.736325,0
4893367,41,0,0.0,0
4893369,41,0,0.0,0
5070714,41,0,0.112445585,0
5663491,41,0,0.0,0
7007638,41,0,3.3203314e-17,0
7262578,41,0,5.735161e-16,0
8823943,41,0,0.0,0
9426022,41,0,3.7114965e-05,0
9550052,41,0,0.013347146,0
9804891,41,0,0.007016827,0
9874094,41,0,0.0,0
10177639,41,0,1.1481574e-12,0
10695436,41,0,0.0,0
11102652,41,0,6.8649984e-05,0
12077122,41,0,0.0,0
12526269,41,0,0.1844028,0
12655979,41,0,0.31919223,0
12660505,41,0,0.62922627,0
12660521,41,0,0.2602126,0
12660542,41,0,0.17540336,0
12660552,41,0,0.46335593,0
12660562,41,0,0.0076947436,0
12660569,41,0,0.5685162,0
12660594,41,0,0.36648902,0
12660686,41,0,1.9002548e-09,0
12661060,41,1,0.7831968,0
12661066,41,1,0.84613603,1
12661075,41,1,4.6645434e-14,0
12661079,41,0,0.0,0
12661081,41,1,0.06295248,0
12661088,41,1,0.08420593,0
12661090,41,1,0.6621421,0
12661197,41,1,0.8342353,1
12661223,41,1,0.9677172,1
12661226,41,1,0.840957,1
12661305,41,1,0.8962734,1
12661353,41,1,0.00016163208,0
12661360,41,1,0.80213684,1
12661384,41,1,0.7823323,0
12661582,41,0,6.081027e-08,0
12661589,41,0,1.5576113e-07,0
12661656,41,1,0.9210614,1
12661741,41,0,0.2695483,0
12661812,41,1,0.95021915,1
12662223,41,1,0.89630556,1
12662264,41,1,0.97591996,1
12662269,41,1,0.028488789,0
12662305,41,1,0.81498224,1
12662327,41,1,0.7544783,0
12662336,41,1,0.4053742,0
12662481,41,0,8.227884e-06,0
12662545,41,1,0.8464878,1
12662607,41,1,0.9172532,1
12662937,41,1,0.16299833,0
12662961,41,0,6.9382486e-06,0
12662969,41,0,7.110898e-10,0
12663023,41,1,0.44828454,0
12663049,41,0,2.9274968e-05,0
12663055,41,0,1.8783198e-06,0
12663564,41,1,0.11805467,0
12663585,41,0,0.050729,0
12663782,41,1,0.8088302,1
12663785,41,0,0.0,0
12663816,41,0,0.0,0
12663820,41,0,0.0,0
12664247,41,1,0.7925368,0
12664249,41,1,0.40841654,0
12664310,41,0,0.0021623797,0
12664370,41,1,0.94937855,1
12664435,41,0,0.0046747467,0
12664436,41,0,0.0,0
12664440,41,0,0.20473567,0
12664483,41,1,0.9257908,1
12665008,41,0,0.14252299,0
12665048,41,0,0.31820786,0
12665053,41,0,0.46130347,0
12665054,41,0,0.0,0
12665057,41,0,0.008527244,0
12665059,41,0,0.0,0
12665068,41,0,3.0435896e-14,0
12665070,41,0,0.0,0
12665078,41,0,0.0,0
12665079,41,0,0.19557326,0
12665084,41,1,0.088618636,0
12665085,41,0,0.04557216,0
12665092,41,0,0.057401504,0
12665096,41,0,1.2603194e-15,0
12665102,41,0,0.39032736,0
12665108,41,0,0.008106365,0
12665109,41,0,0.040577453,0
12665114,41,0,0.0916857,0
12665116,41,0,0.02958678,0
12665120,41,0,0.0,0
12665121,41,0,0.0,0
12665123,41,0,3.4210816e-09,0
12665126,41,0,0.30200732,0
12665137,41,0,0.00010632063,0
12665139,41,0,0.5237033,0
12665141,41,0,0.0,0
12665145,41,0,1.1666893e-05,0
12665166,41,0,0.0,0
12665168,41,0,0.06739506,0
12665180,41,0,4.5739473e-18,0
12665239,41,1,0.88229114,1
12665273,41,0,0.007785361,0
12666158,41,1,0.71055216,0
12666348,41,0,0.15516189,0
12666353,41,0,0.003410068,0
12666420,41,1,0.7282675,0
12666461,41,0,4.397344e-07,0
12666469,41,0,9.775356e-07,0
12666840,41,0,0.87756336,1
12667003,41,0,4.0686822e-07,0
12667009,41,0,7.414281e-07,0
12667011,41,0,1.6571723e-06,0
12667014,41,0,7.445826e-07,0
12667587,41,0,0.12776923,0
12667591,41,0,0.6349689,0
12667813,41,0,0.6068833,0
12667822,41,0,0.047500018,0
12668872,41,0,2.1408963e-05,0
12668877,41,0,1.2085481e-13,0
12668878,41,0,0.017006995,0
12669334,41,0,6.613383e-05,0
12670946,41,0,6.4289296e-10,0
12671002,41,0,0.05546669,0
12672146,41,0,0.0009138703,0
12672200,41,0,4.1564767e-06,0
12672535,41,0,0.019170927,0
12672817,41,0,0.12759404,0
12672832,41,0,0.029356815,0
12672833,41,0,0.001083562,0
12672834,41,0,0.027311552,0
12672854,41,0,0.043606695,0
12672857,41,0,0.05477894,0
12672859,41,0,0.11468259,0
12672860,41,0,0.022397464,0
12673136,41,1,0.817489,1
12673142,41,0,0.034082204,0
12673168,41,0,1.8843838e-25,0
12673904,41,0,2.1353555e-06,0
12673975,41,0,3.512423e-05,0
12674090,41,1,0.9650987,1
12674681,41,0,0.0074563297,0
12674993,41,0,0.56408674,0
12675011,41,0,0.0026499801,0
12675145,41,0,0.0010946222,0
12675153,41,0,0.00055663456,0
12676236,41,0,0.0006636341,0
12676336,41,0,2.2026825e-09,0
12676353,41,0,0.041681174,0
12676355,41,0,0.19103114,0
12676520,41,0,0.28024158,0
12676677,41,0,3.9619805e-05,0
12676879,41,0,3.1758045e-06,0
12676885,41,0,3.893876e-05,0
12676914,41,0,0.4877564,0
12677032,41,0,0.51403034,0
12677046,41,0,0.19626354,0
12677058,41,0,0.12975731,0
12677089,41,0,0.23311536,0
12677096,41,0,1.0322805e-08,0
12677105,41,0,0.9999802,1
12677107,41,0,0.00012411868,0
12677115,41,0,0.0027468838,0
12677126,41,0,0.051932205,0
12677134,41,0,0.23270361,0
12677176,41,0,0.5056818,0
12677199,41,0,0.39441347,0
12677208,41,0,0.14032872,0
12677425,41,0,0.29819322,0
12677438,41,0,0.14248219,0
12677442,41,0,0.46386793,0
12677477,41,0,0.6332573,0
12677516,41,0,3.7644131e-06,0
12677556,41,0,0.08549235,0
12678078,41,0,0.1655744,0
12678082,41,0,0.220474,0
12678083,41,0,0.08169065,0
12678089,41,0,0.30164024,0
12678093,41,0,0.45945853,0
12678241,41,0,0.05152469,0
12678247,41,0,0.5196564,0
12678295,41,0,0.9261056,1
12678303,41,0,1.6043967e-15,0
12678323,41,0,1.349296e-16,0
12678376,41,0,0.001087085,0
12678396,41,0,0.440428,0
12678407,41,0,0.0,0
12678438,41,0,0.2599343,0
12678444,41,0,0.103079036,0
12678451,41,0,0.00011626428,0
12678491,41,0,0.004432412,0
12678503,41,0,0.5754256,0
12678509,41,0,0.67673343,0
12678558,41,0,0.025061743,0
12678590,41,0,5.1012744e-29,0
12678621,41,0,0.077338286,0
12678651,41,0,0.4740199,0
12679222,41,0,2.430572e-06,0
12679238,41,0,0.6411455,0
12679250,41,0,0.31225586,0
12679263,41,0,0.086345784,0
12679274,41,0,0.064781725,0
12679472,41,0,4.7411189e-07,0
12680193,41,0,0.49870855,0
12680258,41,0,0.0037227834,0
12680754,41,0,9.52552e-16,0
12681657,41,0,0.0031754242,0
12682010,41,0,0.3078491,0
12682099,41,0,0.017432682,0
12682410,41,0,0.0015830331,0
12682818,41,0,0.0010140177,0
12682884,41,0,5.12346e-17,0
12683134,41,0,0.012923113,0
12683189,41,0,3.2870246e-06,0
12683561,41,0,0.23587804,0
12683566,41,0,0.008411235,0
12683567,41,0,0.11079216,0
12683568,41,0,0.067222334,0
12683571,41,0,0.010658644,0
12683573,41,0,0.032935996,0
12683574,41,0,0.010434707,0
12683575,41,0,0.32346618,0
12683689,41,0,0.20621361,0
12683692,41,0,0.16232066,0
12683695,41,0,0.03979496,0
12683696,41,0,0.18315849,0
12683698,41,0,0.37505555,0
12683699,41,0,0.70493317,0
12683743,41,0,0.1338378,0
12683752,41,0,0.5973899,0
12683756,41,0,0.0,0
12683760,41,0,0.53896415,0
12683767,41,0,0.28385794,0
12683768,41,0,0.7576787,0
12683771,41,0,3.0850646e-05,0
12683774,41,0,0.0010958575,0
12683864,41,0,2.7229648e-06,0
12683921,41,0,0.048912022,0
12684002,41,0,0.195846,0
12684008,41,0,0.032301486,0
12684017,41,0,0.15945435,0
12684118,41,0,0.028288059,0
12684127,41,0,0.0688067,0
12684255,41,0,8.926048e-07,0
12684816,41,0,0.0009640681,0
12685250,41,0,0.0014018834,0
12685641,41,0,3.419742e-05,0
12685812,41,0,0.0034997512,0
12685822,41,0,0.0005673614,0
12685827,41,0,2.7101075e-06,0
12685855,41,0,0.29919744,0
12685942,41,0,0.0007246082,0
12686058,41,0,2.8373142e-06,0
12686376,41,0,0.0032849775,0
12686407,41,0,0.08777461,0
12686445,41,0,6.420715e-05,0
12686811,41,0,6.245537e-05,0
12686813,41,0,0.40980643,0
12686823,41,0,3.745398e-06,0
12686885,41,0,0.19334094,0
12687037,41,0,0.11077226,0
12687044,41,0,0.28822017,0
12687470,41,0,0.5667156,0
12687951,41,0,9.668284e-14,0
12688410,41,0,0.0046165567,0
12688415,41,0,0.43449855,0
12688503,41,0,0.50266045,0
12688530,41,0,0.0051688734,0
12688580,41,0,0.050753403,0
12688624,41,0,0.062161252,0
12688669,41,0,3.6378847e-12,0
12688678,41,0,0.015413983,0
12688728,41,0,0.016464917,0
12688733,41,0,0.01681967,0
12688758,41,0,0.45224136,0
12689232,41,0,0.18777259,0
12689252,41,0,3.9106115e-14,0
12689558,41,0,0.05177925,0
12689609,41,0,0.15979615,0
12689615,41,0,0.4138983,0
12689616,41,0,0.7636596,0
12689618,41,0,0.19024317,0
12689621,41,0,0.057498652,0
12689789,41,0,0.5308051,0
12689991,41,0,0.7558699,0
12690034,41,0,0.63744175,0
12690040,41,0,0.8087095,1
12690201,41,0,0.28765923,0
12690607,41,0,0.1990137,0
12691078,41,0,0.00018144473,0
12691111,41,0,0.0,0
12691943,41,0,0.0,0
12692249,41,0,0.0,0
12692685,41,0,0.12063012,0
12692697,41,0,0.014078081,0
12692727,41,0,2.631537e-05,0
12693105,41,0,0.00031841852,0
12693126,41,0,0.0003090388,0
12694404,41,0,8.1902236e-08,0
12694629,41,0,0.006301516,0
12695472,41,0,6.256388e-06,0
12695480,41,0,0.023454187,0
12696075,41,0,9.2667655e-08,0
12696109,41,0,0.045377392,0
12698857,41,0,0.0043792585,0
12699200,41,0,0.0020881451,0
12701847,41,0,0.0,0
12701981,41,0,0.0,0
12702064,41,0,0.0,0
12703125,41,0,0.0,0
12703489,41,0,0.0019892014,0
12703967,41,1,0.9389667,1
12705568,41,0,0.0,0
12705634,41,0,0.0,0
12705766,41,0,0.0,0
12706454,41,0,0.0,0
12709005,41,0,0.18712382,0
12709010,41,0,0.027181093,0
12709011,41,0,0.34683964,0
12709014,41,0,0.26924664,0
12709018,41,0,0.17197971,0
12709727,41,0,2.5807745e-15,0
12709951,41,0,1.5750105e-06,0
12709962,41,0,1.7361467e-06,0
12710328,41,0,4.1648818e-10,0
12711452,41,0,4.37751e-05,0
12711626,41,0,0.026560707,0
12713058,41,0,1.0326805e-15,0
12713111,41,0,2.2875302e-15,0
12713303,41,0,4.9372197e-06,0
12714218,41,0,0.14621596,0
12776709,41,0,0.04871227,0
12776839,41,1,0.884678,1
12776854,41,1,0.009602571,0
12776875,41,1,0.18478106,0
12777192,41,1,0.90779316,1
12777205,41,1,0.34257543,0
12777209,41,1,0.70893353,0
12777291,41,1,0.40731046,0
12777292,41,0,0.005403506,0
12777328,41,1,0.18465257,0
12777720,41,1,0.9713842,1
12778411,41,1,0.045152385,0
12778423,41,1,0.12684624,0
12778427,41,0,0.05100087,0
12778447,41,0,0.09345398,0
12778479,41,1,0.7197008,0
12778488,41,1,0.36493877,0
12778492,41,1,0.9941116,1
12778505,41,1,0.6509702,0
12778510,41,1,0.61197054,0
12778524,41,1,0.98107404,1
12778533,41,1,0.98162776,1
12778573,41,1,0.06505339,0
12778668,41,1,0.99605477,1
12778745,41,1,0.1929529,0
12778754,41,1,0.67386925,0
12778760,41,1,0.28485602,0
12779316,41,1,0.83307576,1
12779380,41,1,0.9671245,1
12779384,41,1,0.9244603,1
12779397,41,1,0.87589806,1
12779404,41,0,0.0059344773,0
12779542,41,1,0.017153317,0
12779550,41,1,0.98161215,1
12779611,41,1,0.48763216,0
12779622,41,1,0.98702544,1
12779661,41,1,0.93865263,1
12779907,41,0,0.41781762,0
12779915,41,0,0.00013263583,0
12779937,41,1,0.41619626,0
12779969,41,1,0.9251383,1
12779971,41,0,0.0034361945,0
12779996,41,1,0.105023935,0
12780009,41,0,0.007599789,0
12780013,41,1,0.06028368,0
12780031,41,1,0.5862334,0
12780033,41,0,0.01247527,0
12780036,41,1,0.33100194,0
12780047,41,1,0.54434425,0
12780122,41,1,0.55534655,0
12780125,41,1,0.26920554,0
12780133,41,0,0.0,0
12780176,41,0,3.4748375e-16,0
12780216,41,1,0.88114613,1
12780252,41,1,0.9749726,1
12780327,41,1,0.99815,1
12780332,41,1,0.7362868,0
12780335,41,1,0.39826152,0
12780339,41,1,0.017503595,0
12780343,41,1,0.958689,1
12780345,41,1,0.069679916,0
12780368,41,1,0.76666874,0
12780376,41,1,0.96499777,1
12780436,41,1,0.19329116,0
12780444,41,1,0.1933076,0
12780483,41,1,0.71109945,0
12780496,41,1,0.99760455,1
12780542,41,0,0.026348691,0
12780546,41,0,0.025226029,0
12780552,41,0,0.0063051833,0
12780602,41,0,0.45560884,0
12780603,41,0,0.8872152,1
12780604,41,0,0.4078975,0
12780610,41,0,0.14014603,0
12780618,41,0,0.0066338633,0
12780624,41,0,1.3741624e-15,0
12780628,41,0,0.0,0
12780631,41,0,0.19479018,0
12780634,41,0,0.0064715696,0
12780647,41,0,6.382586e-05,0
12780664,41,0,0.24803022,0
12780665,41,0,2.1170023e-05,0
12780684,41,0,0.010225797,0
12780702,41,0,2.2687385e-10,0
12780715,41,0,0.21154235,0
12780717,41,1,0.20548895,0
12781015,41,0,1.0766159e-10,0
12781016,41,0,0.0,0
12781030,41,1,0.42368034,0
12781074,41,0,0.005962414,0
12781679,41,0,8.7510833e-16,0
12781680,41,0,0.0,0
12781697,41,0,0.00024555484,0
12781712,41,0,0.039864894,0
12781713,41,0,0.02972612,0
12781714,41,0,0.0017918004,0
12781717,41,0,0.04087285,0
12781723,41,0,0.0325273,0
12781727,41,0,0.0001597324,0
12781731,41,0,0.0020953075,0
12781748,41,0,0.27174452,0
12781760,41,0,0.016987866,0
12781773,41,0,0.9176273,1
12781782,41,0,0.006026686,0
12781783,41,0,0.07641248,0
12781784,41,0,0.09199277,0
12781845,41,1,0.19327074,0
12782051,41,1,0.98216313,1
12782435,41,1,0.5371836,0
12782462,41,1,0.89666146,1
12782787,41,0,0.192002,0
12782835,41,1,0.8601137,1
12783910,41,0,0.0027212726,0
12784805,41,0,0.19540092,0
12785090,41,0,0.30061173,0
12785129,41,0,0.335829,0
12785436,41,0,0.25268787,0
12785603,41,0,0.09756999,0
12785621,41,0,0.047689542,0
12785627,41,0,0.7965828,1
12786043,41,0,0.26903006,0
12786068,41,0,2.282182e-08,0
12786110,41,0,0.11427381,0
12786119,41,0,0.072901174,0
12786144,41,0,0.50003755,0
12786151,41,0,0.2682236,0
12786167,41,0,0.021926574,0
12786170,41,0,9.011828e-11,0
12786201,41,0,0.030718105,0
12786327,41,0,0.33552572,0
12786338,41,0,0.0020073855,0
12786344,41,0,1.0564323e-05,0
12786355,41,0,0.0052400343,0
12786498,41,0,0.4994636,0
12786511,41,0,0.7320111,0
12786880,41,0,0.06530487,0
12786886,41,0,0.00034802264,0
12786892,41,0,0.021608023,0
12786914,41,0,0.040926028,0
12786944,41,0,0.84078157,1
12786950,41,0,0.32495946,0
12787231,41,0,0.2153989,0
12787243,41,0,0.015967563,0
12787255,41,0,7.726428e-07,0
12787653,41,0,0.060536496,0
12787687,41,0,0.20961621,0
12787874,41,0,0.15535256,0
12787889,41,0,0.26941836,0
12787949,41,0,0.8748667,1
12787951,41,0,0.0005678564,0
12788021,41,0,8.0201804e-05,0
12788063,41,0,0.014936641,0
12788078,41,0,0.42487794,0
12788192,41,0,0.0023154952,0
12788223,41,0,0.0397782,0
12788383,41,0,4.7278223e-05,0
12788387,41,0,4.9057795e-05,0
12788388,41,0,2.4644958e-06,0
12788389,41,0,0.41662374,0
12788418,41,0,0.083779335,0
12788428,41,0,0.0018306908,0
12788435,41,0,0.00020073143,0
12788449,41,0,0.009631923,0
12788522,41,0,0.005138536,0
12788854,41,0,0.4472063,0
12788884,41,0,0.6627305,0
12788890,41,0,0.016533084,0
12789074,41,0,0.008023557,0
12789081,41,0,0.71169585,0
12789341,41,0,0.35710838,0
12789351,41,0,0.00021628282,0
12789376,41,0,0.0036984924,0
12790096,41,0,0.00016304471,0
12790636,41,0,0.80327666,1
12790720,41,0,0.31200287,0
12790759,41,0,6.019929e-28,0
12790850,41,0,0.11124363,0
12791279,41,0,0.46160576,0
12791286,41,0,0.00039914955,0
12791293,41,0,1.5487522e-05,0
12791305,41,0,0.58623946,0
12791315,41,0,0.25720108,0
12791620,41,0,0.6560478,0
12791622,41,0,0.36407524,0
12791630,41,0,5.498373e-07,0
12791649,41,0,0.33134392,0
12791670,41,0,0.048626274,0
12791925,41,0,0.07783298,0
12792292,41,0,6.205602e-07,0
12792319,41,0,0.48688704,0
12792330,41,0,0.34445384,0
12792344,41,0,0.007735615,0
12792462,41,0,0.055066913,0
12792799,41,0,0.38278404,0
12792806,41,0,0.016674249,0
12792832,41,0,0.0009154981,0
12792880,41,0,0.89132357,1
12793271,41,0,0.12567362,0
12793277,41,0,4.3618496e-05,0
12794041,41,0,0.12876007,0
12794050,41,0,0.05178492,0
12794101,41,0,0.6572,0
12794203,41,0,0.93079203,1
12794352,41,0,0.16513959,0
12794359,41,0,0.036942337,0
12794499,41,0,0.041379783,0
12794507,41,0,0.039066043,0
12795391,41,1,0.8150391,1
12795837,41,0,0.46202484,0
12795923,41,0,2.1970173e-17,0
12795929,41,0,1.1304365e-16,0
12796149,41,0,3.3701094e-18,0
12797069,41,0,0.003031988,0
12797083,41,0,6.081995e-07,0
12797685,41,0,0.0112209665,0
12797689,41,0,0.008307486,0
12797690,41,0,0.010842745,0
12797692,41,0,0.03509042,0
12798723,41,0,0.24612874,0
12798747,41,0,0.1630718,0
12798757,41,0,0.025463758,0
12798766,41,0,0.00014753724,0
12798767,41,0,0.15961714,0
12798772,41,0,0.9955889,1
12798787,41,0,0.12476465,0
12799167,41,0,0.18544348,0
12799490,41,0,0.0010138777,0
12800106,41,0,0.16518328,0
12800479,41,0,0.00031696048,0
12800953,41,0,0.39010388,0
12801016,41,0,0.13245092,0
12801028,41,0,0.731837,0
12801242,41,0,0.6884556,0
12801252,41,0,0.75505894,0
12801264,41,0,0.11748914,0
12801271,41,0,0.076316155,0
12801563,41,0,0.010932336,0
12801567,41,0,0.003725331,0
12801569,41,0,0.0050521544,0
12801574,41,0,0.007698389,0
12801779,41,0,5.313635e-05,0
12802078,41,0,2.4529892e-17,0
12802086,41,0,8.859007e-11,0
12802102,41,0,1.5113308e-15,0
12802118,41,0,2.4181945e-17,0
12803302,41,0,2.3205117e-18,0
12803306,41,0,3.1136925e-18,0
12803308,41,0,5.939895e-17,0
12803321,41,0,4.4060007e-15,0
12803329,41,0,1.9691008e-17,0
12803578,41,0,0.39694,0
12803597,41,0,0.35767826,0
12803602,41,0,0.57255685,0
12804287,41,0,7.697262e-06,0
12804295,41,0,0.16514772,0
12804309,41,0,0.016324524,0
12804355,41,0,4.3086224e-05,0
12804366,41,0,0.4542896,0
12804386,41,0,1.0357948e-05,0
12804393,41,0,0.00035567489,0
12804394,41,0,0.0373414,0
12805117,41,0,0.103857905,0
12805564,41,0,0.38541037,0
12805689,41,0,0.021428479,0
12805698,41,0,2.0240164e-11,0
12805703,41,0,0.0437983,0
12805706,41,0,3.2652419e-16,0
12805710,41,0,0.057881504,0
12805711,41,0,0.042220846,0
12805805,41,0,0.29007396,0
12806013,41,0,0.0449147,0
12806030,41,0,4.4338212e-06,0
12806039,41,0,0.025895635,0
12806113,41,0,1.6901124e-16,0
12806122,41,0,2.065039e-34,0
12806127,41,0,0.03316621,0
12806146,41,0,0.15146744,0
12806147,41,0,0.07062687,0
12806155,41,0,0.9871373,1
12806159,41,0,0.1509855,0
12806175,41,0,0.63946176,0
12806177,41,0,0.17825769,0
12806178,41,0,9.1318274e-05,0
12806181,41,0,0.32933354,0
12806507,41,0,0.014800412,0
12806510,41,0,0.10537007,0
12806511,41,0,0.25589472,0
12806516,41,0,0.003258007,0
12806527,41,0,2.1737328e-06,0
12806606,41,0,2.9153006e-15,0
12806614,41,0,1.750416e-06,0
12806638,41,0,8.464182e-11,0
12806653,41,0,0.060204078,0
12806660,41,0,0.17749278,0
12806663,41,0,0.38622317,0
12806667,41,0,0.9814966,1
12806676,41,0,0.0026952724,0
12806677,41,0,1.2941665e-28,0
12806690,41,0,0.04092379,0
12806697,41,0,0.002680626,0
12806699,41,0,0.30778778,0
12806701,41,0,0.0026220235,0
12806706,41,0,5.159413e-16,0
12806708,41,0,7.315674e-18,0
12806717,41,0,1.4692248e-08,0
12806718,41,0,2.4844477e-28,0
12806720,41,0,0.1495311,0
12806739,41,0,0.49380052,0
12806740,41,0,4.8455817e-16,0
12806746,41,0,0.061327133,0
12806755,41,0,0.9775628,1
12807013,41,0,0.42318532,0
12807023,41,0,0.5250089,0
12807026,41,0,0.44122434,0
12807027,41,0,0.23656633,0
12807028,41,0,0.49799392,0
12807038,41,0,0.6630079,0
12807048,41,0,0.37518737,0
12807050,41,0,0.38900355,0
12807051,41,0,0.9529126,1
12807189,41,0,0.28229126,0
12807191,41,0,0.7480263,0
12807194,41,0,0.41387054,0
12807201,41,0,0.012671684,0
12807539,41,0,2.292373e-12,0
12808041,41,0,0.046047933,0
12808647,41,0,6.8756145e-07,0
12808657,41,0,0.0016814602,0
12808740,41,0,0.07429759,0
12810084,41,0,0.13957475,0
12810831,41,0,0.008623831,0
12810836,41,0,0.27905172,0
12810837,41,0,4.641466e-06,0
12810838,41,0,1.8286434e-12,0
12810839,41,0,0.00086141477,0
12811004,41,0,0.032301955,0
12811037,41,0,3.293809e-06,0
12811298,41,0,0.0003945098,0
12811317,41,0,0.0014951548,0
12811706,41,0,0.6645588,0
12811717,41,0,0.39896646,0
12811802,41,0,0.0017271118,0
12812389,41,0,0.016276415,0
12812759,41,0,1.5205854e-05,0
12813119,41,0,0.8514941,1
12813420,41,0,0.8568962,1
12814076,41,0,0.4395233,0
12814581,41,0,0.06174376,0
12819840,41,0,0.009485753,0
12820106,41,0,5.8113787e-06,0
12820841,41,0,0.0010660224,0
12821134,41,0,0.008391564,0
12821176,41,0,0.036891535,0
12822546,41,0,0.010003158,0
12822962,41,0,0.08709059,0
12823981,41,0,0.014573002,0
12825135,41,0,0.08225395,0
12826849,41,0,8.312357e-10,0
12826917,41,0,1.8218004e-18,0
12976982,41,0,0.0005433824,0
12977309,41,0,0.004969337,0
12977369,41,0,0.024058614,0
12977734,41,0,0.0,0
12977735,41,0,0.0026106366,0
12978123,41,0,0.47978836,0
12978252,41,0,0.6645533,0
12978622,41,0,0.27017018,0
12979084,41,0,0.12289161,0
12979105,41,0,0.719174,0
12979124,41,0,0.28011408,0
12979253,41,0,0.12895152,0
12979325,41,0,0.0755353,0
12980315,41,0,0.2183315,0
12980342,41,0,0.23528942,0
12980388,41,0,0.5904854,0
12980465,41,0,0.6132181,0
12980513,41,0,0.055363543,0
12980533,41,0,0.050048698,0
12980609,41,0,0.5822713,0
12980624,41,0,0.024123905,0
12981375,41,0,0.6524716,0
12981435,41,0,0.49184182,0
12981600,41,0,0.69753504,0
12981985,41,0,0.9145689,1
12982085,41,0,0.0028252471,0
12982338,41,0,0.009388575,0
12982603,41,0,0.010860762,0
12982967,41,0,0.11127841,0
12983005,41,0,0.78910923,0
12983773,41,0,0.7283042,0
12983924,41,0,0.15098971,0
12984017,41,0,0.38273904,0
12984062,41,0,0.13974711,0
12984620,41,0,0.6205344,0
12984651,41,0,0.05940381,0
12984683,41,0,0.37393114,0
12984768,41,0,0.1708896,0
12984797,41,0,2.3022707e-05,0
12984892,41,0,0.4775827,0
12987068,41,0,0.042741682,0
12987200,41,0,0.0090478435,0
12988751,41,0,0.5384343,0
12988764,41,0,0.19191231,0
12989571,41,0,0.0029236847,0
12990251,41,0,0.034691054,0
12990632,41,0,0.067797646,0
12992332,41,0,0.0013407117,0
12992769,41,0,0.0030240805,0
12998526,41,0,0.08750461,0
12998527,41,0,0.02143583,0
12999576,41,1,0.060927138,0
13012882,41,0,2.1723527e-06,0
13024915,41,0,0.17159022,0
13029248,41,0,2.3097145e-05,0
13031317,41,0,0.0038909027,0
13031319,41,0,0.00010739851,0
13035448,41,0,1.4596556e-05,0
13150785,41,0,0.0061419476,0
13153403,41,0,2.6117971e-20,0
13172236,41,0,0.36197916,0
13182191,41,0,0.0056773163,0
13186666,41,0,0.00064977905,0
13205600,41,0,0.063496426,0
13205607,41,0,0.1688209,0
13205661,41,0,0.0015260472,0
13205998,41,0,0.103653,0
13206361,41,0,0.4471939,0
13207839,41,0,0.6740445,0
13210404,41,0,0.38005605,0
13210433,41,0,0.010352674,0
13210898,41,0,4.4854023e-05,0
13211070,41,0,4.5371467e-05,0
13213985,41,0,0.27689773,0
13214945,41,0,0.008718279,0
13216778,41,0,0.015850464,0
13216886,41,0,0.077167526,0
13217563,41,0,1.900871e-09,0
13218603,41,0,0.29721954,0
13218967,41,0,0.00031742282,0
13219110,41,0,1.2591081e-38,0
13219218,41,0,0.49303675,0
13219548,41,0,0.032599594,0
13219809,41,0,0.47558054,0
13219858,41,0,0.2880173,0
13221279,41,0,0.0028308912,0
13221311,41,0,0.35931954,0
13221816,41,0,0.35422403,0
13221892,41,0,0.13107511,0
13222199,41,0,0.5879133,0
13222290,41,0,0.00083566504,0
13222735,41,0,0.1213974,0
13223062,41,0,0.041721374,0
13223140,41,0,0.057317387,0
13223487,41,0,0.7068898,0
13224278,41,0,0.17019671,0
13224893,41,0,0.083852485,0
13226099,41,0,0.4726781,0
13226207,41,0,0.72878593,0
13226239,41,0,0.10715902,0
13226747,41,0,0.379556,0
13227356,41,0,0.5363511,0
13227819,41,0,0.6238608,0
13227825,41,0,0.45415697,0
13241375,41,0,0.59736735,0
13242340,41,0,1.391155e-17,0
13242793,41,0,1.7368902e-17,0
13251558,41,0,0.00066822773,0
13251586,41,0,0.2929324,0
13251835,41,0,0.0010822198,0
13252256,41,0,0.45045447,0
13252285,41,1,0.4686911,0
13252299,41,0,0.05611983,0
13252389,41,0,0.0061799437,0
13252401,41,0,0.26110396,0
13252436,41,1,0.5317003,0
13252442,41,0,0.08204136,0
13252812,41,0,0.085978255,0
13252885,41,0,0.027783802,0
13252972,41,0,0.10446796,0
13253160,41,0,0.000116233365,0
13254247,41,0,0.99999595,1
13254276,41,1,0.046331715,0
13256087,41,0,0.16634779,0
13256110,41,0,0.10510867,0
13256178,41,0,0.00028491832,0
13256365,41,0,0.15507862,0
13260012,41,0,0.050972976,0
13260026,41,0,0.07713489,0
13264701,41,0,1.5936863e-05,0
13264763,41,0,0.00059712137,0
13264769,41,0,0.028210685,0
13264777,41,0,0.0031219565,0
13266589,41,0,0.08800957,0
13266655,41,0,0.2753284,0
13266690,41,0,0.00051426864,0
13266708,41,0,0.69487166,0
13266725,41,0,0.0024613675,0
13266736,41,0,0.12650792,0
13267225,41,0,0.045647535,0
13267233,41,0,0.3424699,0
13267246,41,0,0.31301346,0
13268159,41,0,0.7259392,0
13268173,41,0,0.37299213,0
13268197,41,0,0.04342832,0
13268557,41,0,0.4716102,0
13268562,41,0,0.25881785,0
13268568,41,0,0.19419396,0
13268760,41,0,1.3147177e-06,0
13277208,41,0,1.2769093e-14,0
13278239,41,0,4.890969e-16,0
13279830,41,0,0.0032252762,0
13279837,41,0,0.0056365794,0
13279849,41,0,5.218922e-05,0
13279862,41,0,0.010107257,0
13279865,41,0,0.08685766,0
13279878,41,0,0.003225307,0
13279883,41,0,0.0025774573,0
13279896,41,0,0.007988364,0
13279899,41,0,0.029841408,0
13279932,41,0,0.009240453,0
13279939,41,0,0.026008235,0
13279944,41,0,0.004161345,0
13280701,41,0,0.089215174,0
13284222,41,0,0.078814164,0
13284261,41,0,0.03387436,0
13284323,41,0,0.012854329,0
13284351,41,0,0.053491827,0
13284366,41,0,0.41278258,0
13332792,41,0,0.13235012,0
13333059,41,0,6.83853e-06,0
13333148,41,0,0.11764393,0
13335842,41,0,0.0004858074,0
13339840,41,0,0.71393806,0
13348260,41,0,0.003662751,0
13354030,41,0,3.8152903e-06,0
13354045,41,0,7.4781733e-06,0
13356981,41,0,0.0001265746,0
13357036,41,0,0.00053514255,0
13357635,41,0,5.326208e-07,0
13358381,41,0,1.5976832e-07,0
13361143,41,0,1.9922292e-05,0
13361176,41,0,0.027041316,0
13361495,41,0,8.2296117e-07,0
13363661,41,0,0.0009219992,0
13363680,41,0,0.005670107,0
13364776,41,0,0.018093865,0
13364789,41,0,0.04548448,0
13364810,41,0,0.0014840312,0
13364848,41,0,2.8171062e-06,0
13365126,41,0,0.00043396975,0
13365201,41,0,0.0011056224,0
13365429,41,0,0.030954266,0
13366051,41,0,0.00044353332,0
13366159,41,0,0.00059113564,0
13366609,41,0,2.09065e-06,0
13367066,41,0,2.4233017e-07,0
13367078,41,0,0.0004342503,0
13367108,41,0,0.08138491,0
13367307,41,0,7.52481e-06,0
13368096,41,0,0.4458343,0
13368520,41,0,4.2430278e-05,0
13368582,41,0,2.8747431e-06,0
13368624,41,0,0.063203126,0
13368647,41,0,0.005623918,0
13369311,41,0,2.955675e-11,0
13370027,41,0,0.25902644,0
13372008,41,0,4.7142424e-27,0
13373158,41,0,0.032296065,0
13373792,41,0,3.3529793e-17,0
13373801,41,0,0.026929654,0
13375264,41,0,2.4209545e-05,0
13378698,41,0,2.338143e-16,0
13378759,41,0,9.162e-16,0
13380545,41,0,0.31420642,0
13380558,41,0,0.1430288,0
13382595,41,0,0.43995002,0
13382612,41,0,0.545705,0
13384789,41,0,0.3600817,0
13386556,41,0,0.03643698,0
13386671,41,0,8.434312e-09,0
13387369,41,0,0.025787205,0
13388720,41,0,5.429983e-16,0
13388747,41,0,2.903322e-10,0
13396508,41,0,0.019078601,0
13401021,41,0,0.064653866,0
13401072,41,0,5.1511524e-09,0
13401786,41,0,5.6626356e-17,0
13401793,41,0,2.656992e-17,0
13401794,41,0,2.050385e-18,0
13401798,41,0,1.4526107e-17,0
13401807,41,0,9.347471e-18,0
13401811,41,0,3.8268547e-18,0
13401815,41,0,1.0210496e-17,0
13402022,41,0,7.594307e-19,0
13402028,41,0,2.0943067e-17,0
13402032,41,0,3.181156e-17,0
13402041,41,0,1.2484905e-15,0
13402051,41,0,1.5416968e-16,0
13402057,41,0,2.551143e-17,0
13402063,41,0,4.697802e-18,0
13402068,41,0,6.330513e-18,0
13402073,41,0,3.0902427e-16,0
13402083,41,0,2.6752188e-16,0
13402090,41,0,1.2740712e-16,0
13402096,41,0,6.5312217e-16,0
13402146,41,0,1.3021815e-17,0
13402149,41,0,9.2045184e-18,0
13402155,41,0,2.6939711e-15,0
13403010,41,0,0.7601871,0
13404700,41,0,0.09580595,0
13405587,41,0,0.0027658567,0
13405589,41,0,0.007946898,0
13405591,41,0,0.019678539,0
13407465,41,1,0.36903024,0
13407894,41,0,0.010416205,0
13408367,41,0,0.2745413,0
13409524,41,0,0.4605624,0
13409536,41,0,9.456618e-09,0
13410860,41,0,0.18788193,0
13410863,41,0,0.6681969,0
13410866,41,0,0.04104858,0
13410871,41,0,0.0075926036,0
13411064,41,0,0.030306568,0
13411078,41,0,0.0029579732,0
13411566,41,0,0.26738676,0
13411574,41,0,0.003030983,0
13411585,41,0,0.010335345,0
13411590,41,0,0.0043887952,0
13413503,41,0,0.0054400694,0
13413508,41,0,0.007688393,0
13413509,41,0,0.0086622415,0
13413513,41,0,0.016239528,0
13413518,41,0,0.010982747,0
13413524,41,0,0.02025383,0
13413534,41,0,0.01248352,0
13413541,41,0,0.023783714,0
13413546,41,0,0.017655674,0
13413553,41,0,0.0013565011,0
13413558,41,0,0.0969022,0
13413579,41,0,0.2435622,0
13413586,41,0,0.009476364,0
13413630,41,0,1.834868e-21,0
13413671,41,0,0.6595311,0
13413673,41,0,0.18193965,0
13413872,41,0,0.18745907,0
13418634,41,0,1.9341944e-07,0
13418756,41,0,0.23595269,0
13418762,41,0,3.3604963e-05,0
13418781,41,0,0.025163405,0
13418804,41,0,0.26911697,0
13418808,41,0,6.2402175e-18,0
13418824,41,0,1.591818e-10,0
13418870,41,0,0.61550653,0
13418935,41,0,0.12373588,0
13418941,41,0,0.13336498,0
13418954,41,0,0.44619653,0
13418978,41,0,0.06633935,0
13419522,41,0,0.5737828,0
13420201,41,0,0.0061728116,0
13420206,41,0,0.0002877196,0
13420431,41,0,0.00094327226,0
13420439,41,0,0.5953992,0
13424967,41,0,0.012898197,0
13425163,41,0,0.50352436,0
13425191,41,0,0.37559012,0
13425193,41,0,0.30210513,0
13425518,41,0,0.059454866,0
13425520,41,0,0.35015917,0
13425873,41,0,0.19855772,0
13425879,41,0,0.14952062,0
13426232,41,0,2.1260782e-17,0
13426677,41,0,0.0014770059,0
13430881,41,0,0.6172934,0
13431195,41,0,0.021822628,0
13431907,41,0,0.40850604,0
13431994,41,0,0.055666994,0
13432011,41,0,2.8069317e-05,0
13432090,41,0,0.44979396,0
13432097,41,0,0.101809256,0
13514512,41,0,0.094942845,0
13539803,41,0,0.07559505,0
13566157,41,0,0.38005653,0
13578982,41,0,0.033856995,0
13581151,41,0,0.0074361083,0
13581987,41,0,5.1415293e-14,0
13582030,41,0,0.054679792,0
13582032,41,0,0.5136275,0
13582046,41,0,0.02415766,0
13582047,41,0,0.088784255,0
13582080,41,0,9.91555e-10,0
13582264,41,0,1.4947125e-06,0
13582271,41,0,6.6441026e-16,0
13582276,41,0,0.09879534,0
13582285,41,0,0.51252353,0
13582316,41,0,0.36552268,0
13582972,41,0,0.0009787336,0
13585060,41,0,0.53749216,0
13587791,41,0,0.04297673,0
13588511,41,0,0.064308055,0
13589003,41,0,0.42470852,0
13591191,41,0,0.001454655,0
13593543,41,0,0.0059965774,0
13598193,41,0,0.18195818,0
13599617,41,0,0.013254791,0
13600587,41,0,0.00014587857,0
13602359,41,0,1.1836442e-05,0
13602643,41,0,0.860126,1
13602646,41,0,0.8893763,1
13602655,41,0,0.3127153,0
13625972,41,0,7.031857e-15,0
13626812,41,0,0.7918106,0
13626847,41,0,0.17290762,0
13627122,41,0,0.017777326,0
13627138,41,0,0.044601385,0
13627167,41,0,0.0400861,0
13627212,41,0,0.0020794333,0
13627238,41,0,0.00073380396,0
13627279,41,0,0.0012916758,0
13627324,41,0,9.038264e-05,0
13627443,41,0,2.071236e-07,0
13745157,41,0,0.07613587,0
13756924,41,0,0.055788215,0
13848837,41,0,2.9355412e-17,0
13848844,41,0,3.265215e-17,0
13880880,41,0,0.2816005,0
13901270,41,0,0.006803123,0
13901314,41,0,2.4529265e-06,0
13908024,41,0,0.25283337,0
14044635,41,0,0.001288504,0
14110544,41,1,0.20603168,0
14110546,41,0,3.868349e-06,0
14230893,41,0,0.012928338,0
15153222,41,0,0.026906254,0
15297968,41,0,0.113731824,0
16228638,41,0,0.10563538,0
16240863,41,0,1.2365916e-18,0
16416656,41,0,1.0903769e-18,0
16422000,41,0,1.3965512e-18,0
16798077,41,0,0.47896245,0
17303565,41,0,9.348678e-19,0
17439885,41,0,4.0368914e-06,0
18018335,41,0,4.514096e-17,0
18282809,41,0,0.042971965,0
18303235,41,0,0.42656705,0
18342630,41,0,2.9641312e-19,0
19021065,41,0,0.011242324,0
19990058,41,0,3.0206698e-18,0
20050561,41,0,0.34411496,0
22776993,41,0,0.00077073596,0
23633693,41,0,0.037302412,0
24096394,41,0,1.3133712e-17,0
26644547,41,0,0.013691833,0
27064182,41,0,0.012517649,0
29050729,41,0,0.18558234,0
29878339,41,0,0.5421711,0
30918912,41,0,0.100849,0
32230092,41,0,0.0005776002,0
34119607,41,0,1.1247494e-17,0
38365030,41,1,0.6688121,0
38365693,41,1,0.088531576,0
38369663,41,1,0.8994082,1
38370042,41,1,0.63238513,0
38374234,41,1,0.9239245,1
38374920,41,1,0.03291258,0
38374963,41,1,0.9078906,1
38375016,41,1,0.8282014,1
38391951,41,1,0.93260825,1
38409253,41,0,0.098348275,0
38432801,41,0,0.007332272,0
38469024,41,0,0.33304995,0
38473129,41,0,1.4085524e-17,0
38473139,41,0,9.297917e-21,0
38473149,41,0,3.2003873e-17,0
38473514,41,0,2.2138594e-18,0
38477383,41,0,2.8881658e-18,0
38482727,41,0,0.0029521426,0
38482748,41,0,0.0012259727,0
38482761,41,0,0.0019302681,0
38484089,41,0,2.9304935e-18,0
38484117,41,0,0.025602847,0
38484120,41,0,0.0011940167,0
38484124,41,0,0.014622478,0
38570057,41,0,0.4716302,0
38570071,41,0,0.49752644,0
38570081,41,0,0.0055841333,0
38570712,41,0,0.14354523,0
39003091,41,0,0.06350196,0
39010623,41,0,0.2802888,0
39015472,41,0,0.10040624,0
39015483,41,0,0.0038692567,0
39124482,41,0,0.71473473,0
268186,42,0,0.62629116,0
295623,42,0,5.1179175e-15,0
971497,42,0,0.0,0
992596,42,0,0.0,0
1153751,42,0,0.0,0
1154526,42,0,0.0,0
1720404,42,0,7.30573e-11,0
1744093,42,0,8.164936e-06,0
1876609,42,0,0.0017587083,0
1876617,42,0,0.12603052,0
1876620,42,0,0.29628146,0
1876630,42,0,1.5347002e-34,0
1877925,42,0,0.0028821537,0
1879066,42,1,0.42959583,0
1879697,42,0,0.03361055,0
1880111,42,0,2.008549e-07,0
1885253,42,0,3.3063893e-10,0
2376671,42,1,0.8067162,1
2800428,42,0,2.9109717e-06,0
3104636,42,0,0.007320948,0
3129300,42,0,4.7472416e-30,0
3141442,42,0,0.0,0
3182916,42,0,0.0,0
3676053,42,0,1.5418037e-07,0
3762827,42,0,0.08285276,0
3783494,42,0,0.00046548966,0
3951773,42,0,0.92851627,1
3993302,42,0,0.0033151882,0
4493605,42,0,0.07033512,0
4774203,42,0,0.0,0
5274025,42,0,1.5236733e-29,0
5427127,42,0,0.0,0
7251952,42,0,0.0,0
7586795,42,0,2.8024515e-05,0
7636537,42,0,0.0,0
7642403,42,0,0.04435267,0
7642410,42,0,0.18098846,0
7917625,42,0,2.5497155e-15,0
8005107,42,0,0.0,0
8593470,42,0,4.492417e-17,0
8993505,42,0,0.0,0
10403056,42,0,0.0,0
10942226,42,0,0.0,0
11057227,42,0,2.6847472e-12,0
11494449,42,0,0.697274,0
11604903,42,0,0.0,0
12364143,42,0,0.0,0
12649359,42,0,0.363614,0
13339218,42,0,0.006756368,0
14782227,42,0,0.7852771,0
15108363,42,0,0.0,0
16294668,42,0,0.00038925378,0
16303980,42,0,1.2902938e-06,0
16304794,42,0,0.061998095,0
16543315,42,0,0.33361644,0
17223629,42,0,4.862709e-05,0
18245985,42,0,0.0014328122,0
18927690,42,0,6.054974e-07,0
18933084,42,0,1.3384504e-28,0
19270209,42,1,0.016249096,0
19468516,42,0,0.0049634227,0
19893937,42,0,0.2417884,0
20245713,42,0,1.178012e-33,0
21159145,42,0,0.015130607,0
21257238,42,0,1.0792196e-27,0
21358177,42,0,0.0701469,0
21456350,42,0,0.07037503,0
21635707,42,0,0.00048485785,0
21727261,42,0,0.048204437,0
21937120,42,0,1.8246796e-05,0
22021840,42,1,0.26766664,0
22583076,42,0,0.0,0
22808307,42,0,0.9275619,1
23576717,42,0,6.492771e-15,0
24106832,42,0,1.7564942e-08,0
24106905,42,0,1.1938175e-08,0
24107324,42,0,5.702673e-10,0
24107716,42,0,4.7652023e-08,0
24108173,42,0,1.5717658e-08,0
24108594,42,0,1.8832889e-09,0
24108824,42,0,3.3099876e-09,0
24450719,42,0,0.00047945997,0
24786018,42,0,0.014717912,0
25023305,42,0,0.15172324,0
25234455,42,0,4.753388e-06,0
25943399,42,0,6.3877444e-08,0
26015423,42,0,0.028060753,0
26151176,42,0,0.027927304,0
26483212,42,0,0.0067909835,0
26514157,42,0,0.000103601196,0
26551908,42,0,0.019644096,0
26889508,42,0,0.006398556,0
27443088,42,0,0.023795458,0
27529041,42,0,0.178208,0
27529043,42,0,2.3632265e-05,0
27529051,42,0,0.025863845,0
27529059,42,0,4.9637933e-05,0
27529062,42,0,0.0,0
27542773,42,0,3.0222065e-08,0
27575460,42,0,1.40402165e-14,0
27655201,42,0,0.0,0
27770741,42,0,0.1447276,0
28052583,42,0,0.010990985,0
28277820,42,0,0.002738822,0
28387471,42,0,0.0,0
28476094,42,0,1.8696774e-07,0
28488738,42,0,0.1545524,0
29123695,42,0,0.004683838,0
29359565,42,0,0.007123843,0
29766506,42,0,8.9602004e-08,0
29925279,42,0,1.846105e-06,0
29945232,42,0,4.2078386e-06,0
30442365,42,0,0.42653823,0
30826956,42,0,0.0018750026,0
30908208,42,0,0.0013685998,0
31051102,42,0,5.7203815e-06,0
31240896,42,0,0.0,0
31284001,42,0,0.00026904582,0
31379458,42,0,0.029488353,0
31379782,42,0,6.746847e-05,0
31423635,42,0,3.818017e-07,0
31838835,42,0,0.001651309,0
31892272,42,0,1.3559514e-32,0
32025116,42,0,2.6436145e-11,0
32469094,42,0,0.00037334175,0
32844990,42,0,0.010501025,0
33056743,42,0,0.32397443,0
33643200,42,0,0.4139077,0
33688530,42,0,0.33688805,0
33688852,42,0,0.3370391,0
33888861,42,0,0.011718578,0
34196609,42,0,1.8059046e-07,0
34260059,42,0,0.012103994,0
34268149,42,0,0.19570792,0
34672686,42,0,0.26265582,0
34717366,42,0,0.0,0
34907021,42,0,1.5734565e-06,0
34924148,42,0,0.0065403064,0
34956275,42,0,3.7961524e-07,0
34978872,42,0,0.0,0
35202200,42,0,0.0024690104,0
35423135,42,0,0.99506027,1
35476088,42,0,0.011721229,0
35933803,42,0,0.00011632838,0
35960886,42,0,0.10498715,0
36786002,42,0,0.22127363,0
36942064,42,0,0.00015534367,0
37085642,42,0,0.42919704,0
37546662,42,0,0.02743335,0
38538087,42,0,0.0033276617,0
38791763,42,0,0.0,0
39146480,42,1,0.7603706,0
39377905,42,0,0.0036157279,0
39389635,42,0,0.20722657,0
39457631,42,0,0.021943972,0
39579579,42,0,0.0340024,0
39871686,42,0,0.0029288435,0
39871706,42,0,0.016726185,0
40151889,42,0,1.5511647e-06,0
40344642,42,0,0.032928154,0
40441436,42,1,0.99083066,1
40441445,42,1,0.85481733,1
41261572,42,1,0.9351971,1
41319424,42,0,0.0025889508,0
41342269,42,0,0.0,0
41782771,42,0,0.17540109,0
41990214,42,0,0.0013439762,0
42071940,42,0,5.485906e-16,0
42303725,42,0,0.3928074,0
42549756,42,0,0.0007211139,0
43160006,42,0,1.4866163e-07,0
43161721,42,0,0.00013750915,0
43662693,42,1,0.9345828,1
43695214,42,0,0.00021882236,0
43998636,42,0,0.00023070042,0
44252097,42,0,2.2977677e-18,0
44771645,42,0,0.040856197,0
45031995,42,0,0.0017114051,0
45739524,42,0,0.016331745,0
46070912,42,0,0.7564291,0
46244487,42,0,0.28712147,0
46879105,42,0,0.061679106,0
47066538,42,0,0.0063630366,0
47994516,42,1,0.017105293,0
48259567,42,0,0.0001435143,0
48471275,42,0,0.028253943,0
48473207,42,0,0.10696087,0
49381958,42,0,0.02967739,0
50009130,42,0,0.23988605,0
50157027,42,0,0.036261227,0
50157029,42,0,0.6855551,0
50322472,42,0,0.0036502124,0
50409049,42,0,0.0031556785,0
51481472,42,0,1.3598848e-22,0
51481941,42,0,0.0037732369,0
52056969,42,0,0.000103284954,0
52056970,42,0,0.03260096,0
52629852,42,0,0.0045160847,0
53714703,42,0,0.013541458,0
55023383,42,0,3.2329647e-10,0
55483333,42,0,0.07792902,0
55684000,42,0,6.973792e-07,0
55698383,42,0,2.3645664e-17,0
55872688,42,0,0.0140251005,0
56301929,42,0,0.011716601,0
56359303,42,0,0.009439922,0
57176813,42,0,0.9934475,1
57675516,42,0,2.5584834e-08,0
57677306,42,0,0.021136854,0
57976911,42,0,0.774857,0
58210472,42,0,0.19451343,0
59026069,42,0,1.7535623e-06,0
59026409,42,0,2.5920126e-05,0
59614985,42,0,3.5501688e-10,0
59650535,42,0,3.140979e-05,0
59899347,42,0,0.09338502,0
60329468,42,0,0.0025978598,0
60368512,42,0,2.6843439e-11,0
60428676,42,0,9.976976e-33,0
60514648,42,0,3.234878e-17,0
61300418,42,0,0.002408954,0
61381087,42,0,0.0,0
61722446,42,0,3.4198823e-16,0
61775653,42,0,0.00035356262,0
61969385,42,0,0.08520993,0
62131751,42,0,4.365035e-28,0
62182419,42,0,0.3792619,0
62465661,42,0,0.8489901,1
62852272,42,0,0.11200418,0
62852492,42,0,0.4654618,0
62852493,42,0,0.00031344366,0
62852495,42,0,0.0172858,0
62853032,42,0,2.1728665e-14,0
62853047,42,0,1.4227559e-05,0
63082185,42,0,0.03361431,0
63276814,42,0,0.052074865,0
63315682,42,0,0.017130034,0
63315686,42,0,2.482999e-05,0
63352329,42,0,0.4501933,0
64876822,42,0,0.0014909138,0
64988710,42,0,0.0034356199,0
65200348,42,0,5.9489714e-05,0
65381198,42,0,0.0,0
65496453,42,0,3.0034266e-16,0
65747870,42,0,1.362382e-05,0
65845951,42,0,0.00036118072,0
66706302,42,0,0.010842703,0
66789172,42,0,0.0009940483,0
67190834,42,0,0.03830999,0
67270653,42,0,0.0068636676,0
67424137,42,0,0.28357884,0
67427588,42,0,0.000257218,0
67434053,42,0,0.8297278,1
67879137,42,0,0.023151265,0
67905856,42,0,0.003688028,0
68685137,42,0,2.7616108e-05,0
69094840,42,1,0.38624114,0
69352049,42,0,1.9638228e-05,0
69403436,42,0,0.023398524,0
69627900,42,0,0.03232375,0
70261846,42,1,0.616267,0
70262115,42,0,0.013679495,0
70262116,42,0,0.027630523,0
70262121,42,1,0.18730782,0
70400566,42,0,0.0039260257,0
70581915,42,0,0.0664555,0
70746361,42,0,0.027487405,0
70750616,42,0,0.29654837,0
70757092,42,0,0.023833232,0
70758328,42,0,9.551943e-22,0
70760439,42,0,0.48916322,0
70762528,42,0,0.2537289,0
70765090,42,0,0.08842476,0
70766136,42,0,0.0074125994,0
70767502,42,0,0.33942103,0
70770310,42,0,1.2436273e-16,0
70773176,42,0,0.83820045,1
70773204,42,0,0.082426295,0
70774887,42,0,2.127672e-06,0
70777472,42,0,6.6525227e-16,0
70778108,42,0,0.3883169,0
70780721,42,0,4.115593e-16,0
70782670,42,0,0.22412913,0
70782891,42,0,8.4071755e-15,0
70784303,42,0,0.42151356,0
70786440,42,0,0.2613685,0
70788119,42,0,0.31609967,0
70788132,42,1,0.4639605,0
70788140,42,0,0.44622728,0
70788384,42,1,0.06851906,0
70788587,42,0,0.75953656,0
70788772,42,0,0.956751,1
70789650,42,0,0.014897195,0
70789667,42,0,0.034442525,0
70790107,42,0,0.0157589,0
70790368,42,0,0.4633672,0
70790524,42,0,0.11930339,0
70790532,42,0,0.1405275,0
70791195,42,0,0.4038215,0
70791449,42,0,0.82948613,1
70791531,42,0,3.253804e-07,0
70791691,42,0,0.13459407,0
70791700,42,0,0.46068957,0
70793843,42,0,0.33668992,0
70794158,42,0,0.0003139491,0
70794181,42,0,0.29137918,0
70794433,42,0,0.13169418,0
70794785,42,0,0.2549479,0
70794794,42,0,0.38954586,0
70794805,42,0,0.24433424,0
70794859,42,0,3.137155e-11,0
70795227,42,0,2.4906109e-17,0
70795614,42,0,7.840334e-05,0
70801059,42,0,0.00021162227,0
70801166,42,0,0.16537638,0
70801372,42,0,0.00068204344,0
70802464,42,0,0.018257597,0
70803595,42,0,1.0715797e-07,0
70803810,42,0,0.5538264,0
70804141,42,0,0.7420664,0
70804514,42,0,0.7499703,0
70804747,42,0,0.18041803,0
70805017,42,0,0.07836645,0
70805026,42,0,0.00028624156,0
70805415,42,0,7.5356934e-07,0
70806806,42,0,0.91427773,1
70806814,42,0,0.17625193,0
70806946,42,0,0.45282248,0
70807051,42,0,0.08461516,0
70807119,42,0,0.006333218,0
70807168,42,0,0.0021030866,0
70807402,42,0,0.020905243,0
70808149,42,0,0.016839672,0
70808529,42,0,0.076433375,0
70809047,42,0,0.004582537,0
70809206,42,0,0.3330141,0
70813735,42,0,7.8017614e-08,0
70816180,42,0,0.4745129,0
70816873,42,0,1.3398105e-07,0
70817010,42,0,1.250266e-07,0
70818430,42,0,0.00060735625,0
70818590,42,0,0.29191878,0
70819260,42,0,0.0011956932,0
70820915,42,0,0.0070316833,0
70821374,42,0,0.00042117762,0
70821619,42,0,0.0011635221,0
70822477,42,0,0.087774634,0
70822741,42,0,0.00016792504,0
70823472,42,0,3.904996e-06,0
70823507,42,0,0.0005920601,0
70823638,42,0,0.014210376,0
70823960,42,0,0.0038919505,0
70835180,42,0,0.0597454,0
70836611,42,0,0.00021236305,0
70836619,42,0,0.0001912177,0
70859287,42,0,0.0009620998,0
70891176,42,0,0.018990802,0
70891960,42,0,0.00024968252,0
70892401,42,0,0.3412986,0
70893337,42,0,0.0026539832,0
70893497,42,0,5.6342046e-06,0
71019954,42,0,6.2506523e-18,0
71145869,42,0,0.06547342,0
71146233,42,0,0.31513512,0
71146392,42,0,4.8159145e-05,0
71146401,42,0,0.44711977,0
71150530,42,0,0.028863808,0
71150965,42,0,0.004707557,0
71152837,42,0,0.01337279,0
71153565,42,0,0.043421496,0
71153737,42,0,0.00041966612,0
71154436,42,0,0.041759554,0
71154828,42,0,0.013652648,0
71154927,42,0,0.005188745,0
71155941,42,0,0.002285559,0
71197629,42,0,1.5010225e-16,0
71211332,42,0,0.00016407012,0
71228503,42,0,0.014294331,0
71238929,42,0,7.43243e-28,0
71239258,42,0,2.5189556e-28,0
71239286,42,0,2.477747e-28,0
71239472,42,0,3.0627114e-23,0
71239759,42,0,7.779158e-24,0
71239798,42,0,8.9124665e-29,0
71239816,42,0,2.2470475e-28,0
71240298,42,0,1.6109235e-28,0
71240307,42,0,5.746504e-24,0
71240322,42,0,3.5663088e-28,0
71240615,42,0,1.375837e-28,0
71240860,42,0,9.608817e-28,0
71241136,42,0,7.808303e-29,0
71241657,42,0,3.749026e-28,0
71241666,42,0,5.0613043e-22,0
71241702,42,0,1.2407102e-28,0
71242234,42,0,1.0792726e-28,0
71242487,42,0,3.585187e-28,0
71242657,42,0,2.2519236e-26,0
71242667,42,0,1.9287294e-28,0
71242676,42,0,1.8466935e-28,0
71242885,42,0,1.0360197e-28,0
71242945,42,0,1.0352488e-29,0
71243082,42,0,8.0676056e-29,0
71243105,42,0,3.6680297e-25,0
71243133,42,0,8.9461485e-30,0
71243167,42,0,1.3471276e-28,0
71243171,42,0,1.00590396e-29,0
71243372,42,0,1.3953879e-29,0
71243443,42,0,1.4518707e-29,0
71449174,42,1,0.875446,1
71449573,42,1,0.8614402,1
71450190,42,1,0.8499911,1
71450194,42,1,0.6468393,0
71450339,42,1,0.8408078,1
71450359,42,0,0.7934786,0
71450516,42,1,0.8263334,1
71450526,42,1,0.7396177,0
71450697,42,1,0.6156262,0
71450704,42,1,0.72931075,0
71450731,42,1,0.89590913,1
71450904,42,1,0.7543285,0
71450921,42,1,0.90664804,1
71451283,42,1,0.7179704,0
71451628,42,1,0.8522626,1
71451632,42,1,0.01475647,0
71451667,42,1,0.8640744,1
71451822,42,1,0.6972089,0
71452206,42,0,0.8455021,1
71452486,42,0,0.76988184,0
71452487,42,0,0.12266524,0
71453835,42,0,0.41344643,0
71453850,42,0,0.71941864,0
71456493,42,0,0.679989,0
71456857,42,0,0.3632814,0
71457236,42,0,0.4855165,0
71457494,42,0,0.0059979446,0
71457961,42,0,0.7210984,0
71458178,42,0,0.08264756,0
71459046,42,0,0.7154735,0
71460296,42,1,0.74889034,0
71460678,42,0,7.6915654e-07,0
71460914,42,0,1.5323197e-07,0
71461143,42,0,0.9546158,1
71462032,42,0,0.0009588521,0
71463388,42,0,0.6444442,0
71464491,42,0,0.29275787,0
71464875,42,0,0.013118505,0
71465425,42,0,0.09402822,0
71465572,42,0,0.6631472,0
71465577,42,0,0.12573777,0
71465621,42,0,0.52275807,0
71465831,42,0,0.015077648,0
71465949,42,0,0.09345406,0
71466671,42,0,0.0042918297,0
71466686,42,0,0.18683672,0
71466699,42,0,0.56115746,0
71469019,42,0,0.8299695,1
71469233,42,0,0.6252107,0
71469450,42,0,0.0015758182,0
71469770,42,0,0.5998578,0
71469947,42,0,0.1674689,0
71470051,42,0,0.09077458,0
71470056,42,0,0.010875575,0
71470269,42,0,3.7305438e-06,0
71470682,42,0,0.67211294,0
71471219,42,0,0.4585343,0
71471977,42,0,0.04369408,0
71472038,42,0,7.093115e-17,0
71472208,42,0,0.0005962592,0
71472455,42,0,0.75904274,0
71472472,42,0,3.2214444e-16,0
71473508,42,0,0.24315663,0
71473944,42,1,0.612508,0
71474544,42,0,0.01500681,0
71474778,42,0,0.732633,0
71475230,42,0,0.5751959,0
71475838,42,0,0.018904854,0
71479939,42,0,8.0953754e-08,0
71480706,42,0,1.3498726e-16,0
71481196,42,0,1.2875342e-06,0
71484551,42,0,3.1695366e-05,0
71484566,42,0,0.2769348,0
71488778,42,0,0.0046513863,0
71492105,42,0,0.009189134,0
71493745,42,0,4.2190295e-06,0
71493868,42,0,0.23354356,0
71539583,42,0,0.028151363,0
71539918,42,0,6.6880266e-06,0
71540013,42,0,0.1736091,0
71659400,42,0,0.010548528,0
71748299,42,1,0.8554903,1
71748300,42,1,0.9023362,1
71748458,42,1,0.33164042,0
71748770,42,1,0.57109916,0
71749633,42,1,0.789232,0
71756544,42,0,0.02039486,0
71758069,42,0,8.316366e-22,0
71759106,42,0,0.0035213232,0
71759111,42,0,0.2116161,0
71759938,42,0,0.013553502,0
71760351,42,0,0.000730036,0
71760568,42,0,0.38473508,0
71761861,42,0,0.0046211365,0
71762262,42,0,0.010747825,0
71762296,42,0,0.77556527,0
71763617,42,0,0.06244199,0
71763830,42,0,5.6259895e-17,0
71765028,42,0,0.11146377,0
71765185,42,0,4.573082e-06,0
71769536,42,0,0.19933975,0
71769835,42,0,0.53654927,0
71770124,42,0,0.09201601,0
71770132,42,1,0.23737499,0
71770457,42,0,0.017976578,0
71771201,42,0,0.68305725,0
71771911,42,0,0.015027058,0
71772140,42,0,0.07779206,0
71773389,42,1,0.07886634,0
71773399,42,0,0.4600295,0
71773755,42,0,0.38888237,0
71774000,42,0,0.007322099,0
71774214,42,1,0.3442508,0
71774443,42,0,0.77993095,0
71774454,42,0,0.5167572,0
71774573,42,0,0.08621905,0
71774870,42,0,1.4096168e-17,0
71780531,42,0,0.0015801062,0
71781221,42,0,0.33945727,0
71781238,42,0,0.057757463,0
71781383,42,0,0.0550561,0
71781603,42,0,3.186161e-06,0
71782193,42,0,0.06861811,0
71782454,42,0,1.9988303e-07,0
71783466,42,0,0.001087173,0
71783665,42,0,0.035064977,0
71784334,42,0,0.0002257086,0
71784347,42,0,0.20187055,0
71785237,42,0,0.02128377,0
71785244,42,1,0.24576297,0
71785486,42,0,0.0013267929,0
71785941,42,0,0.25785783,0
71787142,42,0,0.20112866,0
71792058,42,0,2.7216207e-09,0
71803875,42,0,0.31039613,0
71817211,42,0,0.02461524,0
71820973,42,0,0.0003544585,0
71822491,42,0,1.6713042e-28,0
71822684,42,0,1.4497365e-26,0
71822765,42,0,6.273505e-28,0
71822772,42,0,7.4827506e-29,0
71822782,42,0,5.3953704e-26,0
71822792,42,0,4.377689e-29,0
71822801,42,0,2.651024e-28,0
71822809,42,0,1.0890863e-29,0
71822812,42,0,6.459104e-29,0
71823695,42,0,1.0105576e-29,0
71852969,42,0,0.0,0
71987809,42,1,0.918908,1
71987847,42,1,0.85558456,1
71987983,42,1,0.98885614,1
71987987,42,1,0.9246558,1
71988265,42,1,0.9703188,1
71988421,42,1,0.9075544,1
71988422,42,1,0.88289267,1
71988426,42,1,0.9883426,1
71988430,42,1,0.9448533,1
71988433,42,1,0.9681045,1
71988438,42,1,0.9418477,1
71988444,42,1,0.8264167,1
71988450,42,1,3.6124617e-15,0
71988707,42,1,0.91885483,1
71988716,42,1,0.7669588,0
71988749,42,1,0.91719145,1
71988753,42,1,0.9085834,1
71988756,42,1,0.9261171,1
71988771,42,1,0.946666,1
71988781,42,1,0.93029463,1
71988920,42,1,0.82408834,1
71988925,42,1,0.54111135,0
71988968,42,1,0.722124,0
71989154,42,1,0.007847308,0
71989158,42,1,0.68837,0
71989168,42,1,0.97879606,1
71989346,42,1,0.92046744,1
71989358,42,1,0.9510876,1
71989369,42,1,0.9550728,1
71989375,42,1,0.9644667,1
71989382,42,1,0.96360177,1
71989395,42,1,0.74391556,0
71989402,42,1,0.97889256,1
71989670,42,1,0.92797035,1
71989674,42,1,0.9722865,1
71989678,42,1,0.96245086,1
71989681,42,1,0.9253635,1
71989683,42,1,0.9198565,1
71989973,42,1,0.9278863,1
71989979,42,1,0.9194581,1
71989982,42,1,0.94685715,1
71989984,42,1,0.90306395,1
71989985,42,1,0.92826927,1
71989992,42,1,0.94884783,1
71990001,42,1,0.91142756,1
71990017,42,1,0.7404944,0
71990171,42,1,0.9660664,1
71990384,42,1,0.965761,1
71990565,42,1,0.9715688,1
71990611,42,1,0.924706,1
71990615,42,1,0.9094082,1
71990813,42,1,0.9673062,1
71990821,42,1,0.96826303,1
71992246,42,0,0.0009164019,0
71992858,42,1,0.90802664,1
71993480,42,1,0.05032539,0
71994046,42,1,0.9297269,1
71994055,42,1,0.92747575,1
71994276,42,0,0.094414815,0
71996752,42,0,0.1631244,0
71997284,42,0,0.11327569,0
71997478,42,0,0.7236328,0
71998553,42,0,0.5951537,0
72000063,42,0,0.5308419,0
72000748,42,0,0.19939035,0
72001817,42,0,0.6703932,0
72003442,42,0,0.69328785,0
72004593,42,1,0.7066559,0
72004790,42,0,0.015612488,0
72007135,42,0,0.78981453,0
72007399,42,0,1.5631915e-05,0
72008272,42,0,0.8101943,1
72008416,42,0,0.7090318,0
72012406,42,1,0.60808355,0
72012766,42,0,0.14484024,0
72013370,42,0,0.020596892,0
72013409,42,0,0.05906246,0
72013556,42,1,0.5962508,0
72013644,42,0,7.4565065e-07,0
72014021,42,0,0.084197976,0
72014983,42,0,0.24209052,0
72014986,42,0,0.1175774,0
72015069,42,1,0.07353077,0
72015079,42,0,0.49642655,0
72015084,42,1,0.83155334,1
72015519,42,0,5.5557703e-06,0
72015787,42,0,0.29924706,0
72015797,42,0,0.23797475,0
72015849,42,0,0.45212686,0
72016026,42,0,0.54947454,0
72016412,42,0,0.38420162,0
72019319,42,0,0.120967045,0
72020860,42,0,0.30063772,0
72021738,42,0,0.4842223,0
72023648,42,0,0.0018474171,0
72026789,42,0,0.3870333,0
72027347,42,0,0.0029180674,0
72027559,42,0,0.07895245,0
72027726,42,0,0.08573781,0
72027995,42,0,8.284624e-05,0
72029050,42,0,1.3294668e-05,0
72029285,42,0,0.014952142,0
72029786,42,0,0.24070826,0
72030404,42,0,0.04746646,0
72031891,42,0,5.3791806e-05,0
72034735,42,1,0.044622015,0
72035146,42,0,0.00012237302,0
72035782,42,0,0.6052758,0
72037984,42,0,1.05542526e-07,0
72038038,42,0,2.1613724e-07,0
72038081,42,0,5.9575086e-08,0
72039705,42,0,8.9633545e-10,0
72039808,42,0,0.70070606,0
72040005,42,0,3.9593114e-11,0
72040579,42,0,0.00025996947,0
72040841,42,0,0.6242074,0
72047881,42,0,1.57434e-08,0
72048321,42,0,2.9824025e-06,0
72048340,42,0,0.5577499,0
72049494,42,0,2.5216189e-06,0
72052004,42,0,0.15362656,0
72066483,42,0,0.023311855,0
72097077,42,0,0.010761944,0
72097671,42,0,0.0068247174,0
72098166,42,0,0.01374457,0
72099728,42,0,0.09293063,0
72291259,42,0,0.013032898,0
72292001,42,0,4.059941e-08,0
72292510,42,0,0.0023049365,0
72292587,42,1,0.4870146,0
72293189,42,0,0.34261665,0
72294238,42,1,0.8388545,1
72294265,42,1,0.9816379,1
72294566,42,0,0.32588184,0
72294609,42,1,0.94375956,1
72294986,42,0,0.7972376,1
72295072,42,1,0.7021037,0
72295214,42,1,0.7421805,0
72295228,42,1,0.049314972,0
72295260,42,1,0.56197923,0
72295265,42,1,0.66263354,0
72295285,42,0,0.8506903,1
72296563,42,1,0.5139315,0
72297314,42,1,0.8175673,1
72297799,42,0,0.008160454,0
72297803,42,1,0.78594005,0
72298296,42,0,0.025324598,0
72299900,42,0,0.23149632,0
72299921,42,0,0.71043456,0
72300741,42,0,0.11902076,0
72301118,42,1,0.8455969,1
72301127,42,0,0.0,0
72301311,42,0,0.30640307,0
72301537,42,0,0.06402757,0
72301539,42,0,0.4014564,0
72302236,42,1,0.95010024,1
72303983,42,0,1.0369914e-07,0
72304469,42,0,1.3354054e-21,0
72304550,42,0,2.7923057e-21,0
72305744,42,0,0.35078835,0
72306197,42,0,1.3031477e-21,0
72306537,42,0,0.51840514,0
72306725,42,0,0.22100176,0
72306791,42,0,0.43685699,0
72306803,42,0,0.051033318,0
72307355,42,0,0.8002046,1
72307356,42,0,0.82432854,1
72307609,42,0,0.016127165,0
72307784,42,0,3.1642504e-08,0
72307823,42,0,0.3032134,0
72307975,42,0,0.7116631,0
72308400,42,0,0.31417432,0
72309889,42,0,0.05741364,0
72309891,42,0,0.657795,0
72310080,42,0,0.7502676,0
72310282,42,0,4.034552e-08,0
72310288,42,0,0.1916027,0
72310912,42,0,6.8335204e-09,0
72310963,42,0,0.28908497,0
72311131,42,0,0.15824199,0
72311922,42,0,2.065623e-18,0
72312160,42,0,0.60265726,0
72312179,42,0,0.60970986,0
72312181,42,0,0.00059071666,0
72312259,42,0,0.030598748,0
72312912,42,0,0.8962331,1
72313140,42,0,0.53725773,0
72313143,42,0,0.03166982,0
72313155,42,0,0.42451864,0
72313159,42,0,0.40066922,0
72313164,42,0,0.018364303,0
72313178,42,0,2.1877365e-07,0
72313182,42,0,0.007167619,0
72313330,42,0,0.89920443,1
72313640,42,0,0.0020024278,0
72313653,42,0,0.13766766,0
72313845,42,0,0.044835914,0
72313847,42,0,0.049026616,0
72313850,42,0,0.5814976,0
72314131,42,0,0.00017410469,0
72314623,42,0,0.12882845,0
72314903,42,0,0.15263271,0
72315120,42,0,0.6534002,0
72315122,42,0,0.32138935,0
72315168,42,0,0.22414877,0
72315761,42,0,1.208441e-07,0
72319808,42,0,0.50992996,0
72320393,42,0,8.873969e-06,0
72321939,42,0,0.12128834,0
72322745,42,0,0.17162001,0
72322753,42,0,0.6314964,0
72322933,42,0,0.019495044,0
72323161,42,0,0.03247418,0
72324511,42,0,0.1243713,0
72324936,42,0,0.36079338,0
72325120,42,0,4.671983e-16,0
72326551,42,0,0.79153043,0
72326805,42,0,0.59242964,0
72331196,42,0,0.21461684,0
72331198,42,0,0.9999999,1
72331203,42,0,0.09335579,0
72332073,42,0,0.03908318,0
72336579,42,0,0.16965106,0
72336581,42,0,0.07113393,0
72336793,42,0,0.00067629776,0
72337013,42,0,0.5630624,0
72337228,42,0,0.0431811,0
72337299,42,0,0.8032315,1
72337608,42,1,0.023974346,0
72338353,42,1,0.6629601,0
72339826,42,0,0.41307434,0
72339830,42,0,0.3660054,0
72340896,42,0,0.07050267,0
72341023,42,0,0.03499061,0
72341034,42,0,0.012824781,0
72341278,42,1,0.085857704,0
72341286,42,0,0.26008812,0
72341693,42,0,0.22097437,0
72341732,42,0,0.13572022,0
72341904,42,0,0.00220337,0
72341911,42,0,0.0034867264,0
72342357,42,0,0.00027907838,0
72342563,42,0,0.19838275,0
72342571,42,0,0.8930349,1
72342800,42,1,0.06375995,0
72343824,42,0,0.7891858,0
72343867,42,0,0.19279961,0
72343965,42,0,0.036694244,0
72344271,42,0,0.3230495,0
72344466,42,0,0.01552538,0
72344713,42,0,0.09810961,0
72344729,42,0,0.059626058,0
72345006,42,0,0.010608769,0
72345473,42,0,5.417448e-15,0
72345714,42,0,1.9333461e-07,0
72345721,42,0,0.62671727,0
72356893,42,0,0.6237489,0
72357295,42,0,0.011869267,0
72357297,42,0,0.015230702,0
72357299,42,0,0.0020476915,0
72358846,42,0,9.405902e-29,0
72360035,42,0,0.018602222,0
72360350,42,0,0.8351817,1
72360542,42,0,0.49934468,0
72360797,42,0,0.030633053,0
72361914,42,0,1.5666645e-05,0
72363609,42,0,1.9860531e-06,0
72363969,42,0,3.508339e-05,0
72365292,42,0,7.8866964e-07,0
72366178,42,0,0.11061443,0
72366187,42,0,0.01565167,0
72366190,42,0,0.8529598,1
72366200,42,0,0.12852792,0
72366373,42,0,0.7233427,0
72366379,42,0,0.80027485,1
72366603,42,0,0.021889612,0
72367456,42,0,0.003179322,0
72369621,42,0,0.005088088,0
72370201,42,0,0.046326514,0
72370495,42,0,0.0054249335,0
72372624,42,0,0.00016459095,0
72373063,42,0,9.468249e-15,0
72373071,42,0,4.3905458e-16,0
72373093,42,0,6.0227907e-16,0
72376585,42,0,0.25107956,0
72376589,42,0,0.0010233617,0
72376666,42,0,0.8046802,1
72376896,42,1,0.12395737,0
72376933,42,1,0.6570155,0
72391022,42,0,5.7579166e-07,0
72394107,42,0,0.30961987,0
72394110,42,0,0.3287136,0
72395378,42,0,9.949606e-19,0
72396367,42,0,0.08894477,0
72397090,42,0,0.11677577,0
72399707,42,0,0.027014151,0
72399758,42,0,0.001686924,0
72401814,42,0,0.29193422,0
72404137,42,0,5.9045778e-08,0
72405382,42,0,0.006881815,0
72406025,42,0,6.2465695e-09,0
72406245,42,0,2.6376826e-10,0
72461221,42,0,0.57962203,0
72601480,42,1,0.9785418,1
72601509,42,1,0.7860927,0
72601861,42,1,0.986561,1
72601867,42,1,0.88336176,1
72601922,42,1,0.87070274,1
72603109,42,1,0.9705649,1
72604100,42,1,0.64622045,0
72628651,42,1,0.93024397,1
72628700,42,1,0.91192824,1
72628936,42,1,0.9875945,1
72629365,42,1,0.9440948,1
72629506,42,1,0.68793684,0
72629711,42,1,0.9461185,1
72629836,42,1,0.9880832,1
72629939,42,0,0.30235338,0
72629945,42,1,0.9437565,1
72630340,42,1,0.7604696,0
72630544,42,0,0.8415426,1
72630995,42,1,0.99827313,1
72631002,42,1,0.9630189,1
72631010,42,1,0.970633,1
72631015,42,1,0.92715824,1
72631022,42,1,0.93365467,1
72631257,42,1,0.98868936,1
72631469,42,1,0.9827728,1
72631632,42,1,0.98014545,1
72632574,42,1,0.97066003,1
72632811,42,1,0.5688619,0
72637933,42,1,0.62223154,0
72639720,42,0,0.15207444,0
72639751,42,0,0.5563973,0
72640196,42,0,0.64247274,0
72640345,42,1,0.6659433,0
72640759,42,0,1.913656e-07,0
72641071,42,1,0.9562872,1
72641085,42,0,0.0,0
72642610,42,1,0.3570185,0
72644357,42,0,1.9836779e-21,0
72644638,42,0,0.15425108,0
72645140,42,0,0.021120578,0
72645876,42,0,0.094134204,0
72646376,42,0,1.011526e-21,0
72646662,42,0,7.7170975e-05,0
72646907,42,0,0.00014194187,0
72647033,42,0,9.359733e-06,0
72647164,42,0,0.22431698,0
72647737,42,0,0.010530487,0
72648570,42,0,4.358755e-16,0
72649775,42,0,0.016293984,0
72649786,42,0,0.19811808,0
72650058,42,0,0.41229478,0
72651643,42,0,0.8315015,1
72651665,42,0,6.5221247e-06,0
72651673,42,0,9.8209226e-23,0
72652189,42,0,0.15231776,0
72652439,42,0,0.6479587,0
72653185,42,0,0.5053938,0
72653817,42,0,0.9267739,1
72653864,42,0,0.003572486,0
72654319,42,0,0.4396931,0
72654382,42,0,0.012114478,0
72654942,42,0,0.9335305,1
72655069,42,0,0.103718944,0
72655345,42,0,0.6667768,0
72656691,42,0,0.006784236,0
72656758,42,0,0.0009980131,0
72659140,42,0,0.14815983,0
72661085,42,0,0.2365632,0
72663059,42,0,0.0022864323,0
72663371,42,0,0.46678072,0
72663385,42,0,0.202044,0
72664211,42,0,0.0002307156,0
72665149,42,0,0.0046835584,0
72666357,42,0,0.27591503,0
72667271,42,0,0.05502574,0
72668235,42,0,0.0012664276,0
72668944,42,0,0.005131961,0
72669691,42,0,0.0005433226,0
72670152,42,0,0.033860613,0
72670860,42,0,0.15743323,0
72672420,42,0,7.235714e-05,0
72673452,42,0,0.0003261384,0
72673478,42,0,0.0133843385,0
72674702,42,0,0.4118579,0
72675132,42,0,0.33170557,0
72675576,42,0,0.38029826,0
72675584,42,0,0.15230021,0
72676192,42,0,0.21494305,0
72676611,42,0,0.02840526,0
72676869,42,0,0.27084446,0
72678124,42,0,0.07628848,0
72678310,42,0,0.23553486,0
72679040,42,0,0.003956978,0
72679147,42,0,0.74260646,0
72679225,42,0,0.048647817,0
72681803,42,0,0.001751341,0
72683236,42,0,0.45347342,0
72683820,42,0,0.008965061,0
72684331,42,0,0.010945073,0
72685157,42,0,0.30237845,0
72686846,42,0,0.014989283,0
72687354,42,0,0.5942871,0
72689494,42,0,0.39140877,0
72689707,42,0,0.34058896,0
72693336,42,0,0.9973157,1
72705215,42,0,7.782484e-16,0
72705395,42,0,7.2494254e-07,0
72705659,42,0,0.0022977085,0
72709712,42,0,0.0022823005,0
72709717,42,0,3.7763204e-16,0
72710228,42,0,6.8156104e-16,0
72712942,42,0,0.00040874296,0
72713030,42,0,0.18244651,0
72713730,42,0,1.23413e-28,0
72715474,42,0,0.29829478,0
72716416,42,0,0.22197351,0
72716970,42,0,0.62814623,0
72719465,42,0,0.030483995,0
72720221,42,0,0.9980804,1
72728376,42,0,0.42363402,0
72729837,42,0,0.96910816,1
72734757,42,0,0.10777547,0
72734954,42,0,0.2292865,0
72737084,42,0,2.1400945e-07,0
72737121,42,0,0.87927926,1
72737134,42,0,0.0551854,0
72738051,42,0,0.0035302406,0
72738461,42,0,0.51800734,0
72739291,42,0,0.28253335,0
72739775,42,0,0.0059826067,0
72740797,42,0,0.032218907,0
72740996,42,0,0.027315635,0
72741006,42,0,0.14906374,0
72741245,42,0,0.08528667,0
72741461,42,0,0.14975086,0
72741476,42,0,0.0012483711,0
72741488,42,0,0.00152475,0
72741780,42,0,0.0001359182,0
72745149,42,0,0.017901074,0
72745393,42,0,3.0362185e-07,0
72745983,42,1,0.15119542,0
72746733,42,0,0.047219083,0
72748868,42,0,5.6336195e-15,0
72753731,42,0,4.193723e-17,0
72754308,42,0,0.36059612,0
72754576,42,0,1.2915577e-07,0
72755708,42,0,2.2331247e-05,0
72755861,42,0,0.036654897,0
72755954,42,0,0.2937051,0
72755962,42,0,0.0018065134,0
72756285,42,0,0.011129279,0
72758083,42,0,0.09061557,0
72758664,42,0,0.0037467696,0
72759066,42,0,0.008598959,0
72759134,42,0,0.13785045,0
72761431,42,0,0.00089443155,0
72763583,42,0,0.47009793,0
72838962,42,0,0.05867089,0
72999519,42,0,0.00080922595,0
73000085,42,1,0.952711,1
73000655,42,1,0.89309907,1
73000659,42,1,0.9146227,1
73000832,42,1,0.74813944,0
73000840,42,1,0.7608857,0
73000845,42,1,0.82684344,1
73000853,42,1,0.8686848,1
73001042,42,1,0.8789381,1
73001046,42,1,0.8777539,1
73001401,42,1,0.95496124,1
73001461,42,1,0.95283544,1
73001620,42,1,0.9074153,1
73001623,42,1,0.8494724,1
73001655,42,1,0.89927834,1
73002101,42,0,0.10048958,0
73002476,42,1,0.90000844,1
73002538,42,1,0.95726925,1
73002816,42,1,0.9174782,1
73002915,42,1,0.9428763,1
73003335,42,1,0.8984698,1
73003343,42,1,0.95675296,1
73003348,42,1,0.93195105,1
73003525,42,1,0.88287663,1
73003591,42,1,0.93401915,1
73003879,42,1,0.35942897,0
73003883,42,1,0.9030867,1
73003888,42,1,0.9036042,1
73004404,42,1,0.9535271,1
73005229,42,0,0.001152728,0
73005552,42,0,0.91008484,1
73005569,42,0,2.268389e-28,0
73007033,42,1,0.48135257,0
73008504,42,0,7.919959e-29,0
73008506,42,0,1.3924302e-05,0
73008508,42,0,1.4080235e-28,0
73008812,42,0,0.0513476,0
73010759,42,1,0.025917018,0
73010956,42,0,0.92829734,1
73011011,42,0,0.27946112,0
73014320,42,0,0.0028715353,0
73014329,42,0,0.00038365647,0
73014363,42,0,0.0827347,0
73014398,42,0,0.011122962,0
73014404,42,0,0.0009029605,0
73014822,42,0,5.2693412e-11,0
73014934,42,0,0.004432694,0
73015021,42,0,0.00011917532,0
73015146,42,0,9.122167e-05,0
73015230,42,0,0.007146151,0
73015320,42,0,0.002455072,0
73015430,42,0,0.019903397,0
73015442,42,0,0.008414748,0
73015447,42,0,0.0013187678,0
73015688,42,0,2.1762382e-33,0
73015875,42,0,0.043389276,0
73015884,42,0,0.12204901,0
73016077,42,0,0.012748134,0
73016086,42,0,5.3476535e-05,0
73016471,42,0,1.983693e-21,0
73018491,42,0,0.023013623,0
73018737,42,0,0.09190034,0
73018738,42,0,0.01702735,0
73018941,42,0,0.002716278,0
73018948,42,0,0.01516991,0
73019070,42,0,0.02210167,0
73019084,42,0,0.0037414355,0
73019102,42,0,0.015950736,0
73019109,42,0,0.0071531036,0
73019135,42,0,2.4825818e-05,0
73019144,42,0,0.00059626915,0
73019292,42,0,0.0018601877,0
73019377,42,0,6.227478e-07,0
73019493,42,0,0.00011565965,0
73019502,42,0,0.007890147,0
73019567,42,0,0.001989063,0
73019577,42,0,0.018762253,0
73019690,42,0,0.01566276,0
73019920,42,0,0.00015113717,0
73019923,42,0,6.0199945e-06,0
73019926,42,0,0.010504896,0
73019984,42,0,0.01802075,0
73020281,42,0,3.7150727e-05,0
73020431,42,0,0.03161312,0
73020435,42,0,1.6139462e-10,0
73020472,42,0,0.0016708903,0
73020636,42,0,0.035860997,0
73020810,42,0,0.75427455,0
73021044,42,0,0.0050454377,0
73021066,42,0,0.024955183,0
73021266,42,0,0.00021128658,0
73021459,42,0,0.061202783,0
73021471,42,0,0.027413359,0
73021481,42,0,0.02881342,0
73021894,42,0,0.09918334,0
73021908,42,0,6.1670393e-09,0
73021915,42,0,0.010117223,0
73021919,42,0,0.00023328015,0
73021926,42,0,0.036435094,0
73022213,42,0,0.01794961,0
73022404,42,0,2.0454192e-05,0
73022417,42,0,0.0005311823,0
73022550,42,0,0.0012629216,0
73022640,42,0,0.00052197475,0
73023004,42,0,0.00074758934,0
73023010,42,0,0.0016275608,0
73023074,42,0,0.075546384,0
73023264,42,0,5.697574e-07,0
73023461,42,0,0.0037700639,0
73023585,42,0,1.8425279e-09,0
73023591,42,0,0.0032388037,0
73023605,42,0,0.00780199,0
73023663,42,0,6.432505e-08,0
73023669,42,0,1.6940762e-08,0
73023889,42,0,0.0053875227,0
73024100,42,0,0.011817608,0
73024104,42,0,0.11637063,0
73024110,42,0,0.00018652181,0
73024332,42,0,0.00024082053,0
73024374,42,0,0.051808767,0
73024518,42,0,0.08646627,0
73024526,42,0,1.754708e-06,0
73024528,42,0,1.6111802e-07,0
73024534,42,0,0.049348854,0
73024717,42,0,2.750145e-08,0
73024935,42,0,0.0004999461,0
73024948,42,0,1.6822563e-07,0
73024950,42,0,0.017528055,0
73024953,42,0,0.0063341,0
73024958,42,0,1.2913828e-09,0
73025156,42,0,0.0075968443,0
73025563,42,0,0.004026402,0
73025576,42,0,0.00032511362,0
73025586,42,0,2.0565329e-05,0
73025596,42,0,0.030818796,0
73025604,42,0,0.0023660068,0
73025671,42,0,0.12322255,0
73025810,42,0,0.00014281645,0
73025819,42,0,0.17110439,0
73025997,42,0,0.42110056,0
73026007,42,0,0.09540204,0
73026024,42,0,0.080924965,0
73026031,42,0,2.4673403e-08,0
73026118,42,0,0.028999068,0
73026129,42,0,4.3024178e-05,0
73026178,42,0,2.8728466e-06,0
73026182,42,0,5.6655637e-05,0
73026189,42,0,2.0851146e-06,0
73026249,42,0,0.021836272,0
73026253,42,0,0.006535134,0
73026359,42,0,0.0023393421,0
73026449,42,0,0.018836258,0
73026544,42,0,5.1249486e-12,0
73026728,42,0,1.9626584e-10,0
73026785,42,0,0.045699105,0
73026786,42,0,1.1696116e-07,0
73026897,42,0,0.021145534,0
73026898,42,0,0.00022265081,0
73026903,42,0,0.0039687417,0
73026941,42,0,0.00081182265,0
73027117,42,0,1.6122768e-12,0
73027128,42,0,0.00948071,0
73027133,42,0,0.021921385,0
73027305,42,0,0.017076464,0
73027470,42,0,0.0042350288,0
73027475,42,0,9.676199e-06,0
73027480,42,0,2.4154216e-08,0
73027652,42,0,0.00010816037,0
73027656,42,0,5.778576e-09,0
73027823,42,0,0.053656727,0
73027839,42,0,8.5408675e-07,0
73027845,42,0,0.03111307,0
73027868,42,0,9.874178e-06,0
73027872,42,0,4.8469816e-33,0
73027878,42,0,3.3907207e-07,0
73027886,42,0,5.9987095e-05,0
73027901,42,0,2.8134605e-06,0
73027909,42,0,0.018527318,0
73028219,42,0,0.057603735,0
73028355,42,0,1.9094616e-05,0
73028551,42,0,0.0034402348,0
73028563,42,0,1.1426102e-09,0
73028570,42,0,0.0062862374,0
73028575,42,0,0.005379154,0
73029338,42,0,0.0003596072,0
73029640,42,0,0.20564936,0
73029817,42,0,0.001238739,0
73030622,42,0,1.5276652e-06,0
73031052,42,0,0.11325156,0
73040798,42,0,0.0049810074,0
73040985,42,0,0.11361717,0
73041100,42,0,0.18723445,0
73041603,42,0,0.020150738,0
73042467,42,1,0.07168789,0
73043032,42,0,0.07697317,0
73044247,42,0,1.0380121e-08,0
73045845,42,0,0.7269039,0
73046246,42,0,0.14974038,0
73046407,42,0,0.28713828,0
73047642,42,0,0.052222285,0
73077092,42,0,0.6169488,0
73077620,42,0,8.293984e-18,0
73078614,42,0,0.029307539,0
73078843,42,0,1.9872796e-17,0
73079192,42,0,0.043606337,0
73079635,42,0,1.375787e-17,0
73079735,42,0,1.5384673e-14,0
73080342,42,0,1.2536866e-17,0
73080384,42,0,0.10475879,0
73080824,42,0,0.04490516,0
73080834,42,0,0.024311746,0
73081948,42,0,0.05269859,0
73093640,42,0,0.0064498745,0
73093645,42,0,0.0054209135,0
73093651,42,0,0.016850427,0
73093655,42,0,0.030358328,0
73093659,42,0,0.020955572,0
73093813,42,0,0.016844472,0
73093815,42,0,0.001395693,0
73093992,42,0,0.00835864,0
73095809,42,0,0.04210663,0
73101812,42,0,0.0024972898,0
73102693,42,0,0.1875386,0
73104113,42,0,0.09550689,0
73109960,42,0,0.0033147468,0
73111780,42,0,0.0123368325,0
73111809,42,0,0.03280595,0
73114036,42,0,0.26571998,0
73114041,42,0,0.75280327,0
73114078,42,0,0.049739826,0
73115165,42,0,0.015808543,0
73118516,42,0,1.3003859e-11,0
73124684,42,0,0.26583454,0
73125005,42,0,0.12646164,0
73125362,42,0,2.2619029e-06,0
73126242,42,0,6.3723905e-06,0
73126392,42,0,5.4310945e-06,0
73126421,42,0,1.0699127e-06,0
73126722,42,0,5.5860147e-07,0
73127308,42,0,0.10518944,0
73127320,42,0,0.07223543,0
73127326,42,0,0.005849179,0
73127721,42,0,0.49371552,0
73127726,42,0,0.027993385,0
73127901,42,0,0.66229934,0
73128058,42,0,0.0036363548,0
73128068,42,0,0.2896303,0
73128790,42,0,0.5781541,0
73128797,42,0,0.49073818,0
73128988,42,0,0.20152882,0
73129197,42,0,0.9674865,1
73129219,42,0,6.383929e-09,0
73130944,42,0,0.0028942227,0
73131169,42,0,0.37933782,0
73131230,42,0,0.39337885,0
73131240,42,0,0.9838172,1
73131471,42,0,0.23874803,0
73132134,42,0,0.14829527,0
73132953,42,0,0.48199332,0
73134945,42,0,0.36003458,0
73138429,42,0,0.020905565,0
73138856,42,0,0.032124426,0
73140150,42,0,0.004249915,0
73140646,42,0,0.1427663,0
73141558,42,0,1.1273211e-06,0
73142649,42,0,0.13269286,0
73142922,42,0,0.24059628,0
73143399,42,0,1.4819688e-15,0
73143850,42,0,5.2711952e-17,0
73143856,42,0,2.7695487e-15,0
73144076,42,0,1.9148178e-14,0
73144105,42,0,5.847276e-15,0
73144109,42,0,2.6965813e-16,0
73144111,42,0,7.346164e-16,0
73150583,42,0,0.043071114,0
73150943,42,0,0.055488866,0
73150971,42,0,0.0059026433,0
73152219,42,0,0.18367185,0
73154554,42,1,0.09602054,0
73154819,42,1,0.99166965,1
73154970,42,1,0.7557095,0
73155019,42,1,0.24237348,0
73155254,42,1,0.18824169,0
73155263,42,1,0.18302186,0
73155312,42,0,0.0058142818,0
73155694,42,0,2.719158e-19,0
73156131,42,0,0.058533702,0
73156778,42,0,2.1725598e-06,0
73160604,42,0,0.24770035,0
73160817,42,0,0.6363273,0
73161180,42,1,0.9660235,1
73161944,42,0,0.1243763,0
73162050,42,0,0.0365097,0
73163734,42,0,2.6237363e-05,0
73164816,42,0,0.012108398,0
73167593,42,0,0.3041886,0
73172753,42,0,0.36294928,0
73178055,42,0,2.8457528e-06,0
73181397,42,1,0.039132483,0
73187401,42,0,0.0026938964,0
73187943,42,0,0.011280711,0
73187952,42,0,0.1474705,0
73187971,42,0,0.055386793,0
73188287,42,0,1.1660247e-27,0
73191568,42,0,0.024282807,0
73195119,42,0,0.0004331163,0
73195156,42,0,3.353461e-08,0
73195991,42,0,0.00021445565,0
73206905,42,0,7.705681e-15,0
73207645,42,0,7.0074876e-08,0
73207648,42,0,3.7029245e-06,0
73211242,42,0,0.10127269,0
73218473,42,0,0.026537212,0
73218502,42,0,5.3593363e-16,0
73218878,42,1,0.97474104,1
73218886,42,1,0.7439174,0
73218902,42,0,1.6897611e-05,0
73218903,42,1,0.77548295,0
73218909,42,0,0.005646517,0
73218914,42,1,0.43436015,0
73218919,42,1,0.6660752,0
73218920,42,0,0.00028707404,0
73218944,42,1,0.9828708,1
73218946,42,0,0.14508305,0
73218947,42,1,0.6693491,0
73218974,42,1,0.96954757,1
73218990,42,1,0.9570929,1
73219228,42,1,0.9738558,1
73219265,42,1,0.041536763,0
73219267,42,0,0.08723123,0
73219430,42,1,0.71989673,0
73219643,42,1,0.96322984,1
73219647,42,1,0.9812913,1
73219655,42,0,0.0075370474,0
73219656,42,1,0.32272112,0
73219836,42,1,0.99220395,1
73220317,42,1,0.8936248,1
73220428,42,1,0.9704475,1
73220440,42,1,0.6462223,0
73220479,42,0,0.38572946,0
73220620,42,1,0.82746047,1
73220626,42,1,0.72061914,0
73221193,42,1,0.118644975,0
73221486,42,0,0.122170806,0
73221729,42,0,0.7132361,0
73221980,42,0,0.017219223,0
73222345,42,1,0.9750529,1
73222473,42,0,0.026977059,0
73223771,42,0,0.0044417074,0
73223960,42,1,0.02050211,0
73223969,42,0,2.0318718e-38,0
73223970,42,1,0.9924965,1
73223972,42,0,0.25661007,0
73223974,42,1,0.9582223,1
73224126,42,0,0.30078495,0
73224129,42,0,0.78407145,0
73224146,42,0,7.308264e-05,0
73224307,42,1,0.9904302,1
73224423,42,0,0.7147045,0
73224667,42,0,0.00013690078,0
73227485,42,0,0.01679692,0
73229857,42,0,6.510539e-07,0
73229871,42,0,3.361737e-05,0
73229875,42,0,4.44918e-06,0
73230083,42,0,0.0064876177,0
73230086,42,0,3.2927517e-05,0
73230250,42,0,3.3068596e-07,0
73230449,42,0,0.0007325895,0
73230565,42,0,0.052851737,0
73230569,42,0,0.2022232,0
73230570,42,0,0.0063816058,0
73230571,42,0,0.03377672,0
73230576,42,0,0.3272079,0
73230578,42,0,0.2449055,0
73230579,42,0,0.2888745,0
73230612,42,0,0.9976821,1
73230613,42,0,0.0033826786,0
73230783,42,0,0.38991067,0
73230985,42,0,0.18652497,0
73230989,42,0,0.35180768,0
73231155,42,1,0.9852814,1
73231161,42,0,0.1774783,0
73231321,42,0,0.039017204,0
73231469,42,0,0.18631902,0
73231484,42,0,0.33593613,0
73231487,42,0,0.3157329,0
73231609,42,0,0.6836931,0
73232400,42,0,0.0,0
73236121,42,1,0.80863404,1
73236946,42,1,0.96044004,1
73236954,42,0,0.0018096719,0
73240092,42,0,0.1627469,0
73241068,42,0,8.245941e-17,0
73241096,42,0,8.708542e-06,0
73241100,42,0,0.016133297,0
73241295,42,0,2.3545763e-06,0
73241559,42,0,0.020709187,0
73241936,42,0,0.3779178,0
73241949,42,0,0.7370114,0
73241951,42,0,0.0041044056,0
73241954,42,0,0.0047967737,0
73242185,42,0,0.0077015334,0
73242208,42,0,0.035963263,0
73242219,42,0,0.06205326,0
73242221,42,0,0.5277845,0
73242226,42,0,0.00031215957,0
73242240,42,0,0.44036758,0
73242518,42,0,1.6532761e-21,0
73242916,42,0,1.9895055e-21,0
73243047,42,0,0.011586134,0
73243066,42,0,2.8201732e-05,0
73243091,42,0,0.059997708,0
73243306,42,0,0.14498533,0
73243473,42,0,1.2232321e-14,0
73243480,42,0,0.0001697173,0
73243487,42,0,1.0799932e-05,0
73243673,42,0,0.022812722,0
73243681,42,0,0.07284161,0
73243718,42,0,1.8404737e-16,0
73243721,42,0,1.1436359e-07,0
73243944,42,0,0.007538863,0
73243959,42,0,0.040640105,0
73244143,42,0,0.03658734,0
73244156,42,0,0.00014417048,0
73244349,42,0,5.150583e-05,0
73244557,42,0,0.08993455,0
73244732,42,0,1.1562165e-15,0
73244914,42,0,0.0024350514,0
73245006,42,0,0.07507889,0
73245075,42,0,0.0015731526,0
73245181,42,0,0.00028158535,0
73245369,42,0,0.026023906,0
73245554,42,0,0.0012597854,0
73245563,42,0,0.00014910099,0
73245593,42,0,0.0014590952,0
73245876,42,0,0.030171564,0
73245933,42,0,0.006554083,0
73245940,42,0,5.3354335e-05,0
73245961,42,0,0.016505945,0
73245966,42,0,0.0036540087,0
73245979,42,0,0.011558171,0
73246013,42,0,0.46087456,0
73246162,42,0,0.0045901863,0
73246501,42,0,0.028713008,0
73246782,42,0,0.050219867,0
73246788,42,0,2.5253343e-07,0
73246897,42,0,0.0021954756,0
73247127,42,0,0.07720858,0
73247219,42,0,0.0014737711,0
73247232,42,0,5.4103725e-07,0
73247244,42,0,0.002621558,0
73247246,42,0,3.4176092e-06,0
73247328,42,0,5.1959223e-06,0
73247338,42,0,2.3448763e-05,0
73247340,42,0,2.2981903e-09,0
73247446,42,0,0.00017511663,0
73247452,42,0,0.0071473015,0
73247461,42,0,0.013006722,0
73247464,42,0,0.042395815,0
73247524,42,0,0.7138709,0
73247526,42,0,0.14251144,0
73247529,42,0,0.003834379,0
73247597,42,0,0.003969688,0
73247777,42,0,0.0051957206,0
73248004,42,0,5.8295773e-05,0
73248066,42,0,5.8395506e-07,0
73248072,42,0,0.009326414,0
73248085,42,0,0.00011051292,0
73248373,42,0,0.06511168,0
73248377,42,0,0.09326011,0
73248571,42,0,0.47607917,0
73248732,42,0,0.36823964,0
73248741,42,0,0.022819642,0
73249150,42,0,0.0069015236,0
73249304,42,0,0.083679356,0
73249494,42,0,0.14630991,0
73249501,42,0,0.038498417,0
73249514,42,0,0.0030851276,0
73249635,42,0,0.00035758916,0
73249700,42,0,0.28693017,0
73249706,42,0,0.00249721,0
73249713,42,0,0.00016198447,0
73249935,42,0,5.6003468e-05,0
73249949,42,0,0.002780905,0
73250174,42,0,0.69742966,0
73250180,42,0,0.19085617,0
73250183,42,0,0.0012725766,0
73250751,42,0,0.0056420583,0
73250896,42,0,0.60314083,0
73250917,42,0,0.00017894007,0
73250933,42,0,0.016407087,0
73251215,42,0,0.010155747,0
73251612,42,0,4.0938326e-06,0
73251623,42,0,5.8717166e-07,0
73251637,42,0,9.65133e-05,0
73251655,42,0,0.32403654,0
73251825,42,0,0.04116274,0
73251847,42,0,0.12873425,0
73252048,42,0,1.0241653e-06,0
73252058,42,0,0.05417236,0
73252107,42,0,0.00051610795,0
73252118,42,0,0.21054213,0
73252123,42,0,0.91914266,1
73252215,42,0,7.1938435e-13,0
73252338,42,0,0.0017435332,0
73252400,42,0,0.0020264254,0
73252408,42,0,3.096445e-05,0
73252409,42,0,0.0011073105,0
73252415,42,0,0.011716761,0
73252418,42,0,0.0018048907,0
73252481,42,0,0.021254195,0
73252672,42,0,1.8902918e-07,0
73252675,42,0,3.2052942e-06,0
73252737,42,0,0.034420356,0
73252976,42,0,0.00013084152,0
73252984,42,0,0.05308659,0
73253055,42,0,0.29801205,0
73253059,42,0,0.1071956,0
73253065,42,0,0.0074735433,0
73253484,42,0,0.00092038285,0
73253494,42,0,6.218982e-05,0
73253674,42,0,1.8409592e-05,0
73254599,42,0,0.0006280096,0
73254708,42,0,0.00082371297,0
73254900,42,0,0.0018537325,0
73255288,42,0,0.015364777,0
73255316,42,0,0.0029814863,0
73255751,42,0,0.05216088,0
73255755,42,0,0.00811137,0
73256631,42,0,0.009192416,0
73256985,42,0,0.14787006,0
73256995,42,0,2.7981354e-08,0
73257007,42,0,0.0136461975,0
73257202,42,0,0.0052774376,0
73259492,42,0,0.0068339803,0
73259705,42,0,0.0006773778,0
73259893,42,0,7.249901e-05,0
73259937,42,0,0.002117056,0
73260284,42,0,0.0011659263,0
73260532,42,0,0.0066743824,0
73260875,42,0,0.013544413,0
73261127,42,0,8.3945466e-08,0
73261270,42,0,0.008518375,0
73261465,42,0,0.0015741909,0
73261640,42,0,0.0003246125,0
73261651,42,0,0.15087631,0
73261866,42,0,1.1311741e-05,0
73262069,42,0,0.0003124391,0
73262071,42,0,0.0012277828,0
73262259,42,0,9.2992883e-07,0
73262266,42,0,3.1313632e-14,0
73262274,42,0,0.001376121,0
73262279,42,0,3.076223e-06,0
73262434,42,0,0.060767863,0
73262568,42,0,0.013787595,0
73262813,42,0,0.021667853,0
73262962,42,0,0.31643867,0
73262997,42,0,0.0032509582,0
73263003,42,0,0.0043975087,0
73263010,42,0,0.0023885895,0
73263012,42,0,9.91083e-05,0
73263102,42,0,0.000356092,0
73263114,42,0,0.00025102255,0
73263115,42,0,0.00045589267,0
73263126,42,0,2.6460446e-05,0
73263426,42,0,0.06682634,0
73263428,42,0,0.098742664,0
73263431,42,0,0.0026938473,0
73263447,42,0,0.0037478998,0
73263600,42,0,0.011123382,0
73263638,42,0,0.4332226,0
73263640,42,0,0.0033237988,0
73263821,42,0,0.014129149,0
73263824,42,0,0.15768251,0
73264041,42,0,1.9672273e-06,0
73264058,42,0,5.7283295e-08,0
73264067,42,0,0.00033624584,0
73264259,42,0,0.00069614936,0
73264268,42,0,0.025161374,0
73264627,42,0,5.074324e-05,0
73264777,42,0,0.0016243877,0
73264784,42,0,0.00017638232,0
73265029,42,0,2.7297627e-16,0
73265046,42,0,0.067819454,0
73265338,42,0,7.3223937e-06,0
73265345,42,0,0.00014708086,0
73265411,42,0,0.010609834,0
73265609,42,0,0.02488668,0
73265734,42,0,0.07507197,0
73265737,42,0,3.7376413e-15,0
73265892,42,0,0.0008205112,0
73265902,42,0,1.83263e-05,0
73266276,42,0,0.23194523,0
73266479,42,0,0.0005084351,0
73266489,42,0,0.11537081,0
73266501,42,0,1.097031e-05,0
73266534,42,0,0.03336194,0
73266854,42,0,0.2743654,0
73266875,42,0,2.2050994e-05,0
73266917,42,0,7.741926e-06,0
73267134,42,0,0.0016736215,0
73267336,42,0,3.862963e-05,0
73267361,42,0,0.019911952,0
73267500,42,0,3.1091062e-05,0
73267557,42,0,0.00015579537,0
73267674,42,0,0.023690894,0
73268098,42,0,5.231385e-07,0
73268422,42,0,0.014342833,0
73268451,42,0,0.0028745227,0
73268455,42,0,0.00029249617,0
73268483,42,0,1.2115851e-05,0
73268490,42,0,2.465718e-07,0
73268495,42,0,0.035495855,0
73268599,42,0,5.5679488e-05,0
73268676,42,0,0.00010663112,0
73268684,42,0,0.00019893982,0
73268870,42,0,0.0022951749,0
73268963,42,0,3.7907512e-07,0
73269091,42,0,8.4760366e-08,0
73269095,42,0,8.032032e-10,0
73269193,42,0,9.879284e-06,0
73269198,42,0,0.02841487,0
73269204,42,0,4.343627e-05,0
73269208,42,0,7.2085622e-06,0
73269213,42,0,3.4618233e-07,0
73269414,42,0,0.03269991,0
73269416,42,0,0.022844857,0
73269449,42,0,0.00013444194,0
73269596,42,0,0.265979,0
73269600,42,0,0.08764106,0
73269611,42,0,0.1101433,0
73269773,42,0,0.065664634,0
73269984,42,0,0.016402049,0
73270000,42,0,4.3053325e-05,0
73270169,42,0,0.0021555217,0
73270170,42,0,0.13617644,0
73270183,42,0,0.00023072836,0
73270301,42,0,8.6346186e-10,0
73270508,42,0,8.006054e-08,0
73270517,42,0,0.00024304763,0
73270743,42,0,0.39440176,0
73270746,42,0,0.0004949794,0
73270926,42,0,0.00015001009,0
73271137,42,0,5.8806996e-05,0
73271144,42,0,0.003002267,0
73271334,42,0,0.009374881,0
73271339,42,0,0.09532858,0
73271342,42,0,0.0019416728,0
73271398,42,0,0.028737154,0
73271504,42,0,2.7342761e-08,0
73271519,42,0,0.025488496,0
73271568,42,0,0.00983983,0
73271744,42,0,0.11164726,0
73271752,42,0,0.34834316,0
73271754,42,0,0.02875253,0
73271950,42,0,0.0062880367,0
73271954,42,0,9.522933e-06,0
73276871,42,0,0.03004822,0
73278957,42,0,2.8949715e-33,0
73279924,42,0,0.021907281,0
73279925,42,0,0.011336419,0
73280082,42,0,0.026283294,0
73280777,42,1,0.9499349,1
73280908,42,0,3.755653e-06,0
73293386,42,0,0.0068278923,0
73296520,42,0,0.09736062,0
73298097,42,0,0.015519858,0
73298530,42,0,0.3092016,0
73299404,42,0,0.46789643,0
73299762,42,0,0.021604758,0
73300151,42,0,0.0015286752,0
73302443,42,0,0.53197986,0
73303312,42,0,9.839892e-05,0
73303326,42,0,0.0068851076,0
73303336,42,0,0.07082703,0
73303338,42,0,0.046167176,0
73303526,42,0,0.11214851,0
73303527,42,0,0.0011241994,0
73303752,42,0,0.0044161575,0
73304111,42,0,0.0070975237,0
73304355,42,0,0.07768728,0
73304706,42,0,8.904824e-28,0
73306046,42,0,0.17230228,0
73306145,42,0,0.059902634,0
73310931,42,0,0.00032069822,0
73312126,42,0,0.10850528,0
73312891,42,0,0.1738196,0
73313820,42,0,9.810836e-07,0
73314498,42,0,0.98832744,1
73314772,42,0,0.0011004825,0
73316302,42,0,0.011205471,0
73316972,42,0,0.00056736544,0
73317163,42,0,0.017770583,0
73319073,42,0,0.6727209,0
73319075,42,0,0.41986886,0
73319255,42,0,0.027020952,0
73319273,42,0,3.006253e-08,0
73319912,42,1,0.36900622,0
73319967,42,0,0.13830955,0
73320484,42,0,0.0017005872,0
73320942,42,0,0.0006522009,0
73322253,42,0,0.0034357503,0
73322396,42,0,0.010491041,0
73322404,42,0,0.00057812367,0
73322410,42,0,0.0038749084,0
73322415,42,0,0.0038249902,0
73323200,42,0,3.134387e-14,0
73323370,42,0,0.02175003,0
73323911,42,0,0.0020828429,0
73324446,42,0,0.41274625,0
73324449,42,0,0.018473614,0
73324460,42,0,0.3428082,0
73325011,42,0,0.46703672,0
73325126,42,0,0.5168194,0
73325136,42,0,0.000104995146,0
73325497,42,0,0.000119972545,0
73327121,42,0,1.1006089e-22,0
73328197,42,0,0.0002381808,0
73328200,42,0,0.022276638,0
73328203,42,0,0.00034945394,0
73329082,42,0,2.7367378e-16,0
73330801,42,0,4.1825735e-16,0
73331130,42,0,0.78974766,0
73331596,42,0,0.09773862,0
73331605,42,0,0.029687392,0
73331607,42,0,0.4168849,0
73331609,42,0,0.0014743451,0
73331610,42,0,0.00097427634,0
73331663,42,0,0.0,0
73332826,42,0,0.00074137794,0
73333415,42,0,0.86647797,1
73333592,42,0,0.026006334,0
73333765,42,0,0.0011340799,0
73333903,42,0,0.00020670451,0
73336710,42,0,0.05105903,0
73337711,42,0,5.8048e-13,0
73338129,42,0,1.0483916e-10,0
73338317,42,0,2.2895357e-17,0
73340863,42,0,0.007079995,0
73340987,42,0,0.008288399,0
73340989,42,0,3.5825488e-13,0
73341034,42,0,0.6727447,0
73347193,42,0,0.3173745,0
73347204,42,0,1.9059714e-17,0
73350397,42,0,9.860609e-29,0
73350547,42,0,1.0288308e-08,0
73358001,42,0,9.758454e-29,0
73359560,42,0,5.6346325e-29,0
73360513,42,0,3.3099495e-24,0
73361115,42,0,1.3955156e-29,0
73361869,42,0,1.3435865e-28,0
73363132,42,0,6.370764e-29,0
73366930,42,0,1.5552074e-29,0
73376533,42,0,0.30498713,0
73376536,42,0,0.00022838645,0
73376933,42,0,0.34471253,0
73381044,42,0,0.03211159,0
73381219,42,0,0.024398562,0
73381223,42,0,2.6655855e-21,0
73381464,42,0,0.06363361,0
73382392,42,0,0.013280535,0
73382493,42,0,0.25770992,0
73382850,42,0,1.4520788e-17,0
73386944,42,0,0.0011831163,0
73387117,42,0,0.60134643,0
73388897,42,0,0.013142794,0
73390103,42,0,1.0408397e-07,0
73390285,42,0,0.0011731667,0
73390286,42,0,0.0013707457,0
73390287,42,0,0.023219975,0
73390289,42,0,1.0669924e-06,0
73390299,42,0,4.2499727e-07,0
73390305,42,0,0.00041649153,0
73390311,42,0,0.25048485,0
73390318,42,0,4.4185443e-05,0
73390319,42,0,0.57600325,0
73390320,42,0,0.0019459779,0
73390415,42,0,0.0021713718,0
73390481,42,0,0.0023726353,0
73390485,42,0,2.8112424e-07,0
73390487,42,0,0.013599864,0
73390493,42,0,0.0009829487,0
73390499,42,0,0.0101185655,0
73390501,42,0,0.06241555,0
73390502,42,0,0.14203353,0
73390503,42,0,0.014763356,0
73390508,42,0,4.6559573e-10,0
73390509,42,0,0.017790893,0
73390514,42,0,0.0055314153,0
73390517,42,0,0.0045350916,0
73390521,42,0,0.0031428854,0
73390525,42,0,2.9952273e-05,0
73390527,42,0,2.7979788e-05,0
73390529,42,0,7.93822e-06,0
73390532,42,0,0.0046797497,0
73390907,42,0,0.19535121,0
73391148,42,0,0.11719169,0
73392005,42,0,3.7412246e-06,0
73393385,42,0,0.0020939421,0
73393419,42,0,4.4444857e-09,0
73393731,42,0,2.3105075e-15,0
73393884,42,0,0.00026899014,0
73393892,42,0,0.022384332,0
73394077,42,0,0.019841723,0
73394080,42,0,0.0010748841,0
73394099,42,0,0.004924723,0
73395909,42,0,0.0021313021,0
73395924,42,0,0.00028182226,0
73396520,42,0,0.20013052,0
73396733,42,0,1.9259954e-08,0
73396778,42,0,0.6808262,0
73397635,42,0,8.375825e-05,0
73397764,42,0,0.46184006,0
73398136,42,0,0.010072403,0
73404024,42,0,0.004153217,0
73404067,42,1,0.5296323,0
73405590,42,0,0.007837379,0
73405613,42,1,0.0057649426,0
73405770,42,0,0.42504257,0
73405797,42,0,0.0016935435,0
73406118,42,0,0.5699914,0
73406158,42,0,0.49029568,0
73406391,42,1,0.9380074,1
73406957,42,1,0.80078745,1
73407499,42,0,9.4978364e-05,0
73408462,42,0,1.18440195e-17,0
73408533,42,0,1.2986273e-09,0
73410170,42,0,0.24735172,0
73410174,42,0,0.025309077,0
73410256,42,1,0.060713653,0
73411468,42,0,0.12409871,0
73411472,42,0,0.00207765,0
73411488,42,0,0.010306806,0
73411530,42,0,0.0049567763,0
73412119,42,0,0.0055056172,0
73412155,42,0,0.018650644,0
73414710,42,0,0.054362204,0
73414884,42,0,0.07842094,0
73415178,42,0,0.014617654,0
73419453,42,0,1.5591986e-07,0
73421688,42,0,0.065410055,0
73422960,42,0,0.15958038,0
73422968,42,0,1.1305895e-05,0
73422970,42,0,4.2520223e-06,0
73423179,42,0,0.02166991,0
73423187,42,0,0.13608964,0
73423191,42,0,0.03192465,0
73423198,42,0,0.20292898,0
73423220,42,0,0.12216669,0
73424756,42,0,0.114158556,0
73424761,42,0,0.72192794,0
73424764,42,0,0.11805303,0
73425645,42,0,0.9957722,1
73425825,42,0,0.943589,1
73426870,42,0,2.2405672e-10,0
73427052,42,0,6.871556e-16,0
73427253,42,0,4.227877e-15,0
73427257,42,0,3.3086878e-16,0
73427476,42,0,2.6619422e-14,0
73427480,42,0,2.5445173e-15,0
73427492,42,0,9.86233e-16,0
73427496,42,0,8.296271e-16,0
73427674,42,0,3.2058893e-15,0
73427680,42,0,1.6305445e-16,0
73427683,42,0,6.937477e-17,0
73427689,42,0,3.659968e-16,0
73427693,42,0,2.4238316e-06,0
73428077,42,0,8.844048e-15,0
73428094,42,0,2.1939471e-14,0
73428439,42,0,0.0010081528,0
73428447,42,0,3.57282e-08,0
73428449,42,0,0.052040588,0
73428868,42,0,0.63237655,0
73429057,42,0,0.7456612,0
73429588,42,0,0.022326889,0
73430399,42,0,3.2361597e-05,0
73430678,42,0,0.0010545951,0
73430891,42,0,0.0005245129,0
73431167,42,0,0.00028004166,0
73433264,42,0,0.007053759,0
73433608,42,0,0.14635797,0
73433610,42,0,0.75332266,0
73433657,42,0,0.19058551,0
73433658,42,0,0.0036879617,0
73433659,42,0,0.3714785,0
73433755,42,0,0.17740795,0
73433855,42,0,0.7063945,0
73433856,42,0,0.065225035,0
73435743,42,0,0.031888742,0
73435939,42,1,0.50884473,0
73435969,42,1,0.62686074,0
73436475,42,1,0.61166245,0
73436673,42,1,0.41638455,0
73436861,42,1,0.06070795,0
73436880,42,1,0.3880426,0
73438773,42,0,0.00056793407,0
73438990,42,0,0.15742083,0
73439093,42,0,0.012182766,0
73439102,42,0,0.019956771,0
73439105,42,0,0.035620976,0
73440312,42,0,0.16184849,0
73440629,42,0,0.090323,0
73440697,42,0,0.2592406,0
73444220,42,0,0.000117024516,0
73444832,42,0,0.6624127,0
73444976,42,0,0.0040596365,0
73444981,42,0,0.15194954,0
73448313,42,0,3.711638e-16,0
73448434,42,0,5.831475e-14,0
73448438,42,0,3.270957e-13,0
73449392,42,0,0.00064189156,0
73449630,42,0,1.7700831e-05,0
73452770,42,0,0.60170263,0
73452772,42,0,0.47456878,0
73454601,42,0,1.7611966e-09,0
73454638,42,0,3.346502e-06,0
73480304,42,0,1.2397348e-05,0
73486609,42,0,7.603879e-05,0
73489471,42,0,6.741406e-05,0
73489481,42,0,0.016552035,0
73489849,42,0,4.22922e-05,0
73489855,42,0,0.063526645,0
73490218,42,0,5.5600798e-05,0
73490430,42,0,0.01732328,0
73490448,42,0,0.019355629,0
73493146,42,0,0.04960723,0
73512090,42,0,0.18591309,0
73588400,42,0,0.033387523,0
73600954,42,0,0.059053093,0
73717173,42,0,0.332774,0
73884175,42,0,5.8653928e-05,0
73884417,42,0,0.0023581234,0
73884474,42,0,0.029790116,0
73884486,42,0,4.6907342e-08,0
73891549,42,0,6.7706045e-05,0
73956280,42,0,0.013007376,0
74045630,42,0,0.1147772,0
74061330,42,0,0.07838092,0
74061546,42,0,0.027050752,0
74076761,42,0,9.2810717e-07,0
74076784,42,0,0.094537936,0
74123971,42,0,0.14286296,0
74164177,42,0,0.059828524,0
74314540,42,0,0.004538951,0
74314568,42,1,0.038199764,0
74322033,42,0,2.64777e-13,0
74322036,42,0,0.020100376,0
74335754,42,0,0.1360177,0
74336435,42,0,0.00011656024,0
74437816,42,0,0.24813,0
74461509,42,0,0.07171001,0
74472701,42,0,0.048500687,0
74490011,42,0,0.560036,0
74565001,42,0,7.112933e-05,0
74617716,42,0,7.080865e-07,0
74664021,42,0,1.1137205e-07,0
74763136,42,0,0.14473441,0
74765936,42,0,0.0015174762,0
74822753,42,0,0.019521462,0
74827777,42,0,0.03180751,0
75938895,42,0,0.0042924182,0
75953504,42,0,0.001193439,0
76287146,42,0,1.5131354e-05,0
76551638,42,0,0.0010258313,0
76716146,42,0,3.666163e-07,0
76716422,42,0,1.0563496e-07,0
76818334,42,0,0.0008147505,0
77210005,42,0,0.006319797,0
77249874,42,0,0.02447839,0
77249918,42,0,1.10692136e-13,0
77251424,42,0,7.6301234e-07,0
77298087,42,0,0.0013037625,0
77325653,42,0,3.6525598e-06,0
77383222,42,0,0.04896345,0
77415708,42,0,0.015092731,0
77527374,42,0,0.00011755511,0
77619123,42,0,0.0069588344,0
77632905,42,0,0.027215373,0
77640930,42,0,0.046319462,0
77642614,42,0,0.011240426,0
77646290,42,0,0.00049539004,0
77646859,42,0,0.0011582413,0
77709553,42,0,0.014951853,0
77737020,42,0,5.4460605e-07,0
77786057,42,0,1.6197569e-06,0
78702116,42,0,6.357164e-08,0
78899356,42,0,2.7831666e-09,0
79428037,42,0,3.077069e-07,0
80078879,42,0,0.0517797,0
80079873,42,0,0.00060608843,0
80387837,42,0,0.00043062054,0
80394331,42,0,0.00031424884,0
80484889,42,0,0.007798661,0
80484892,42,0,1.3856757e-05,0
80486330,42,0,0.11138489,0
80497586,42,0,1.7046256e-09,0
80499418,42,0,0.022954067,0
80913859,42,0,0.013937914,0
81117116,42,0,0.002322526,0
81125507,42,0,0.0008511883,0
81362014,42,0,0.14058562,0
83039412,42,0,0.0005951103,0
83041060,42,0,0.0049523823,0
83886798,42,0,0.16442335,0
84008856,42,0,0.023653781,0
85230605,42,0,7.613016e-06,0
86183499,42,0,0.019331697,0
86403626,42,0,0.007183755,0
86476861,42,0,0.0011377892,0
86533589,42,0,0.0030197676,0
86533821,42,0,9.337605e-06,0
86533823,42,0,0.0042629684,0
86542051,42,0,8.25217e-25,0
86921992,42,0,0.0027444307,0
87356856,42,0,0.062357765,0
89786824,42,0,0.0005026085,0
91387977,42,0,0.011424902,0
91865170,42,0,0.06110468,0
92257266,42,0,0.017354542,0
92387260,42,0,0.00014481666,0
92405454,42,0,0.1936429,0
92405467,42,0,9.752151e-05,0
93632400,42,0,0.16228294,0
94321913,42,0,6.9076276e-07,0
94750360,42,0,0.021285936,0
94812234,42,0,0.006282631,0
94835342,42,0,3.9257125e-07,0
94874374,42,0,1.0711086e-09,0
95171121,42,0,0.00067661074,0
95403699,42,0,0.007224896,0
96174416,42,0,1.6136646e-08,0
96188861,42,0,1.2391364e-07,0
96759246,42,0,8.9172945e-06,0
96930140,42,0,0.02115418,0
96935756,42,0,0.00077273074,0
97139546,42,0,0.02005251,0
99009927,42,0,0.021596106,0
99100800,42,0,4.6174958e-10,0
99102662,42,0,0.0100028375,0
99103157,42,0,0.010646426,0
99106835,42,0,4.725001e-06,0
99139094,42,0,0.056162253,0
99175682,42,0,0.47580954,0
99176243,42,0,7.336677e-05,0
99198428,42,0,0.0010429061,0
99262327,42,0,2.8263362e-06,0
99264388,42,0,4.5739332e-09,0
99286970,42,0,0.0055221557,0
99300566,42,0,0.00065843354,0
99391004,42,0,0.031296372,0
99391006,42,0,0.0069896723,0
99391008,42,0,3.340228e-08,0
99396703,42,0,0.2556241,0
99456465,42,0,2.6155755e-09,0
99465870,42,0,0.00012178726,0
99465871,42,0,0.00010588698,0
99466677,42,0,6.5118926e-12,0
99473609,42,0,0.07107184,0
99632862,42,0,0.023006918,0
99633103,42,0,0.018552745,0
99634446,42,0,0.00045611503,0
99637643,42,0,1.9185322e-14,0
99930816,42,0,2.9998203e-06,0
99934725,42,0,0.065936856,0
99936152,42,0,0.017700082,0
99936160,42,0,0.0032091772,0
99936595,42,0,3.9268429e-07,0
99945301,42,0,0.007977531,0
99945306,42,0,0.00023829484,0
99945367,42,0,0.004546295,0
99945370,42,0,0.000102992846,0
99946712,42,0,2.9929563e-08,0
99946821,42,0,0.012702893,0
99946827,42,0,0.04679796,0
99946861,42,0,1.874497e-05,0
99947036,42,0,0.035487458,0
99947064,42,0,2.7126544e-07,0
99947084,42,0,0.0021808883,0
99947115,42,0,0.1192896,0
99947174,42,0,0.055139422,0
99947184,42,0,0.008079364,0
99947482,42,0,0.013988636,0
99947513,42,0,0.0034417117,0
99948033,42,0,0.006826741,0
99948477,42,0,0.036549892,0
99948479,42,0,0.0010440313,0
99948553,42,0,0.026551396,0
99948623,42,0,0.031480577,0
99948842,42,0,0.0109001165,0
99949088,42,0,0.9345887,1
99949697,42,0,0.09323295,0
99949905,42,0,0.00042694245,0
99950077,42,0,0.038129084,0
99950113,42,0,0.0005112189,0
99950277,42,0,0.010501882,0
99950301,42,0,0.00791432,0
99950744,42,0,0.00044304924,0
99950788,42,0,0.0006471549,0
99950803,42,0,0.036561906,0
99950830,42,0,0.104144536,0
99950847,42,0,0.050801497,0
99951080,42,0,0.0014076165,0
99951267,42,0,0.0045152847,0
99951282,42,0,2.69857e-14,0
99951544,42,0,0.013754612,0
99951659,42,0,0.00038752364,0
99951863,42,0,0.00025955238,0
99951993,42,0,0.003066389,0
99952317,42,0,0.00030803573,0
99952350,42,0,0.0030234207,0
99952365,42,0,2.7829754e-05,0
99952386,42,0,0.0012272332,0
99952530,42,0,1.3080521e-05,0
99952738,42,0,1.6624095e-12,0
99952981,42,0,0.0062820925,0
99952995,42,0,0.008563118,0
99953082,42,0,1.6137164e-05,0
99953087,42,0,0.0027829753,0
99953114,42,0,1.2991562e-15,0
99953137,42,0,2.3860433e-15,0
99953155,42,0,0.0038071824,0
99953487,42,0,0.14287736,0
99953493,42,0,1.0851768e-06,0
99971494,42,0,0.0022233159,0
99971537,42,0,0.0070589837,0
312601,43,0,5.7827187e-05,0
1454780,43,0,0.0013978793,0
1456687,43,0,0.0,0
1605113,43,0,0.0703466,0
1867423,43,0,3.2214386e-05,0
3233255,43,0,0.0,0
3763823,43,0,0.07554986,0
4298337,43,0,0.0,0
4705214,43,0,0.26390404,0
4999191,43,0,0.0071436036,0
5003060,43,0,0.0016443547,0
5855219,43,0,0.0010903816,0
6113865,43,0,9.0953645e-06,0
6146862,43,0,7.3944663e-16,0
6391693,43,0,4.44693e-38,0
6565130,43,0,0.042940006,0
6887417,43,0,4.5561396e-06,0
7385878,43,0,0.00010260016,0
7462686,43,0,4.9886063e-07,0
7555869,43,0,8.731642e-07,0
11387794,43,0,0.0,0
11624795,43,0,8.768896e-08,0
12043617,43,0,0.0045405994,0
15972798,43,0,0.07782888,0
16060143,43,0,0.0,0
16288983,43,0,0.04589894,0
16312785,43,0,0.019316254,0
16315018,43,0,6.910912e-05,0
20108068,43,0,0.0,0
20573536,43,0,4.7543044e-06,0
20573777,43,0,0.08591067,0
21527727,43,0,0.0066252556,0
21981979,43,0,0.0066019753,0
22019452,43,0,0.042180005,0
22410266,43,0,0.00087331905,0
23092303,43,0,0.38092768,0
23858982,43,0,3.1921296e-05,0
25363446,43,0,0.008146271,0
26714642,43,0,0.0006384453,0
27301985,43,0,2.6890253e-05,0
27314475,43,0,0.052779205,0
29543162,43,0,0.122259416,0
30589350,43,0,1.0735127e-05,0
30589352,43,0,2.6557824e-05,0
33295931,43,0,7.518831e-05,0
33344164,43,0,0.080553025,0
33826042,43,0,0.6945625,0
33885859,43,0,0.00024040417,0
33966030,43,0,9.893661e-09,0
34335946,43,0,0.0017335543,0
35555334,43,0,0.0,0
38054506,43,0,0.035505846,0
39429114,43,0,0.0,0
41211720,43,0,0.0,0
47061231,43,0,3.2511732e-08,0
47792655,43,0,0.018162291,0
47792658,43,0,0.13099645,0
47987875,43,0,0.0,0
48095303,43,0,0.3163331,0
48190238,43,0,0.07769041,0
48191989,43,0,1.3297357e-05,0
48742524,43,0,0.064556755,0
48858967,43,0,0.041816436,0
48941569,43,0,0.20415981,0
48969106,43,0,0.25421834,0
48996896,43,0,0.31005052,0
48996911,43,0,1.2327254e-17,0
48996912,43,0,0.0,0
49209691,43,0,0.0,0
49477908,43,0,0.11517439,0
49502819,43,0,0.0100232,0
49516773,43,0,2.0375635e-05,0
50543318,43,0,0.019192243,0
51780793,43,0,3.071842e-05,0
53450313,43,0,0.0,0
53550780,43,0,2.91532e-07,0
54546688,43,0,0.0,0
55527576,43,0,1.4209543e-17,0
56128690,43,0,4.8350444e-06,0
57342656,43,0,0.05802114,0
57741388,43,0,7.821134e-11,0
59287789,43,0,0.07526155,0
60598126,43,0,0.0043624174,0
63860808,43,0,0.0031838922,0
67893664,43,0,0.00024441915,0
70593771,43,0,5.259317e-06,0
73077442,43,0,3.940347e-06,0
74848928,43,0,0.1525148,0
75170513,43,0,0.032134652,0
75679851,43,0,3.2340829e-35,0
77024744,43,0,0.06554777,0
79868501,43,0,0.012829804,0
80508811,43,0,0.00017131603,0
90233834,43,0,3.716838e-05,0
90239532,43,0,0.00019685195,0
90311123,43,0,1.34999905e-08,0
91235255,43,1,0.3353621,0
91857277,43,1,0.28298625,0
91861116,43,0,6.9682993e-09,0
91861504,43,0,1.7040898e-08,0
91861799,43,0,0.0,0
91863197,43,0,9.285874e-08,0
91863302,43,0,0.9064192,1
91865234,43,0,0.66610235,0
91866704,43,0,7.8172656e-05,0
91866791,43,0,0.0505747,0
91867011,43,0,0.42149532,0
91867056,43,0,4.429426e-06,0
91867614,43,0,0.0,0
91870461,43,0,0.03174321,0
91870745,43,0,0.15880384,0
91881918,43,0,0.00058249576,0
91881919,43,0,0.0031000609,0
91881921,43,0,0.15605308,0
91881933,43,0,0.00023866954,0
91881937,43,0,7.7661614e-05,0
91882005,43,0,0.005691749,0
91882349,43,0,0.0022460523,0
91882364,43,0,0.018572696,0
91882365,43,0,0.0,0
91887648,43,0,0.6603605,0
91887651,43,0,0.0015110917,0
91887652,43,0,0.07612159,0
91889000,43,0,0.556239,0
91889296,43,0,0.00011659069,0
91894074,43,0,0.0031106493,0
91894677,43,0,0.19245787,0
91903259,43,0,0.98976,1
91903266,43,0,0.029664813,0
91906536,43,0,0.0066330647,0
91907343,43,0,0.018201021,0
91907424,43,0,0.29696643,0
91914098,43,0,5.0712762e-05,0
91914100,43,0,5.298102e-05,0
91914101,43,0,2.1336871e-05,0
91914103,43,0,1.2558891e-06,0
91914133,43,0,0.33485192,0
91914135,43,0,0.2624039,0
91914138,43,0,0.0028141083,0
91914143,43,0,0.0033555352,0
91914163,43,0,0.73658407,0
91914164,43,0,4.8074944e-05,0
91914182,43,0,0.00013191512,0
91929747,43,0,0.48481217,0
91934616,43,0,0.00040374996,0
91934748,43,0,5.9668723e-18,0
91935145,43,0,4.562559e-05,0
91935149,43,0,0.46106687,0
91935167,43,0,0.5876334,0
91935930,43,0,3.9493174e-05,0
91936193,43,0,4.29777e-07,0
91936215,43,0,2.269486e-07,0
91938681,43,0,0.0,0
91939330,43,0,0.23877664,0
91941001,43,0,2.9577578e-36,0
91943699,43,0,2.6161698e-16,0
91945137,43,0,2.0546881e-10,0
91949576,43,0,0.04760407,0
91952717,43,0,0.0,0
91952719,43,0,0.5075448,0
91952735,43,0,0.009488155,0
91952736,43,0,0.07533831,0
91952737,43,0,0.3655377,0
91952738,43,0,0.063315414,0
91952812,43,0,0.2915125,0
91958233,43,0,0.0,0
91959893,43,0,0.056225162,0
91959894,43,0,0.11566989,0
91959896,43,0,0.0058465176,0
91959897,43,0,0.0013547067,0
91960684,43,0,0.001242895,0
91960794,43,0,0.05707604,0
91960797,43,0,0.20267099,0
91960800,43,0,0.14728071,0
91960831,43,0,0.13758829,0
91961247,43,0,0.32853663,0
91961253,43,0,0.008357955,0
91961255,43,0,0.04058349,0
91961263,43,0,0.26901716,0
91961268,43,0,0.06216321,0
91961269,43,0,7.0043875e-08,0
91961272,43,0,0.028167525,0
91961288,43,0,5.22775e-07,0
91961881,43,0,1.0210901e-05,0
91961896,43,0,0.0026710199,0
91961924,43,0,0.00669874,0
91961940,43,0,0.080400005,0
91962563,43,0,0.28798607,0
91963172,43,0,2.8050881e-05,0
91963793,43,0,0.0035610655,0
91963824,43,0,0.3517121,0
91971335,43,0,9.5257725e-05,0
91973223,43,0,0.02739629,0
91973590,43,0,0.0059809308,0
91973591,43,0,0.31468457,0
91973605,43,0,0.89360386,1
91973607,43,0,0.0760659,0
91975356,43,0,0.0019000798,0
91975422,43,0,5.6546876e-05,0
91975520,43,0,0.7513238,0
91975641,43,0,0.0003396199,0
91976646,43,0,0.0006398524,0
91978501,43,0,0.000243483,0
91979998,43,0,0.00029172862,0
91981434,43,0,0.45896003,0
91981440,43,0,0.42252764,0
91982893,43,0,4.1386713e-07,0
91982897,43,0,6.6432894e-13,0
91995426,43,1,0.1923101,0
91995480,43,0,4.2374188e-05,0
92000571,43,0,0.00044606015,0
92009548,43,0,0.06637256,0
92011643,43,0,0.9779351,1
92014432,43,0,0.047407426,0
92019988,43,0,0.12044767,0
92019998,43,0,0.011885316,0
92020975,43,0,0.28306225,0
92021033,43,0,0.48283103,0
92021035,43,0,0.7780491,0
92021036,43,0,8.223107e-09,0
92021053,43,1,0.06885126,0
92037810,43,0,1.05515444e-32,0
92037830,43,0,0.019362751,0
92048876,43,0,0.04328898,0
92048878,43,0,0.12514988,0
92056010,43,0,5.279904e-05,0
92056896,43,0,0.24717851,0
92057479,43,0,0.009804608,0
92057519,43,0,0.0062444247,0
92058125,43,0,0.058430422,0
92063314,43,0,0.21726295,0
92065256,43,0,2.2084014e-05,0
92065257,43,0,0.00014956876,0
92074742,43,0,1.9021414e-06,0
92077422,43,0,1.2403322e-06,0
92078509,43,0,3.057674e-06,0
92120624,43,0,0.0018736306,0
92120629,43,0,0.021480035,0
92120632,43,0,0.05955593,0
92120638,43,0,8.477958e-05,0
92120886,43,0,0.00010133024,0
92120887,43,0,1.4900129e-06,0
92120888,43,0,2.6521216e-06,0
92120898,43,0,6.158168e-05,0
92167519,43,0,4.006373e-05,0
92173231,43,0,0.5669447,0
92192415,43,0,0.00021722999,0
92196028,43,0,5.3467156e-05,0
92205026,43,0,7.8597644e-14,0
92704283,43,0,1.3351468e-08,0
92735262,43,1,0.014360984,0
92738855,43,0,0.0,0
92756954,43,0,0.00015398645,0
92764874,43,0,0.08533125,0
92771503,43,0,0.18011108,0
92835147,43,0,0.11187651,0
93084002,43,0,7.251825e-14,0
93094521,43,0,0.056907196,0
93120910,43,0,0.16378526,0
93187192,43,0,1.9661316e-05,0
93823732,43,0,4.766762e-06,0
93846181,43,0,7.220571e-27,0
93869651,43,0,0.0352255,0
93872347,43,0,1.2565404e-09,0
93872450,43,0,0.0,0
93872789,43,0,0.014549896,0
93917254,43,0,0.45125273,0
93937909,43,0,3.9723434e-07,0
93937912,43,0,6.249276e-07,0
93937920,43,0,2.2335605e-06,0
93937921,43,0,9.586439e-07,0
93965072,43,0,4.1642175e-16,0
93968491,43,0,5.3394855e-05,0
94014291,43,0,0.4425205,0
94014618,43,0,0.15781058,0
94065659,43,0,0.4524548,0
94065921,43,0,0.9365979,1
94065993,43,0,0.70140654,0
94065998,43,0,0.21161076,0
94066000,43,0,0.37822038,0
94066595,43,0,0.9312431,1
94066654,43,0,0.33065552,0
94066662,43,0,0.12988973,0
94066944,43,0,0.763764,0
94067445,43,0,0.1311815,0
94067451,43,0,0.6193825,0
94067879,43,0,0.39717337,0
94067886,43,0,0.5019779,0
94068200,43,0,0.102753215,0
94068380,43,0,0.43999794,0
94068432,43,0,0.32285178,0
94068442,43,0,0.019181192,0
94068517,43,0,0.32155848,0
94069132,43,0,0.45754775,0
94069136,43,0,0.03636064,0
94069140,43,0,0.11661539,0
94069147,43,0,0.098629445,0
94069432,43,0,0.00812175,0
94069434,43,0,0.3473218,0
94069708,43,0,0.15373945,0
94070143,43,0,0.38813937,0
94070432,43,0,0.9219694,1
94070707,43,0,0.068008766,0
94070711,43,0,0.024288462,0
94071142,43,0,0.72921336,0
94071143,43,0,0.3028352,0
94071380,43,0,0.031751454,0
94071387,43,0,0.12043923,0
94071395,43,0,0.09982629,0
94071450,43,0,0.12992208,0
94071615,43,0,0.089797,0
94071888,43,0,0.33055273,0
94071903,43,0,0.1562082,0
94071918,43,0,0.31787667,0
94072362,43,0,0.34000772,0
94072370,43,0,0.1469088,0
94072380,43,0,0.28497383,0
94072391,43,0,0.0694001,0
94072663,43,0,0.05195003,0
94072840,43,0,0.0506846,0
94072844,43,0,0.40877149,0
94073078,43,0,0.07457053,0
94073643,43,0,0.16653734,0
94073649,43,0,0.2890761,0
94074570,43,0,0.040088873,0
94075022,43,0,0.4673349,0
94075025,43,0,0.13270468,0
94075079,43,0,0.34642386,0
94075195,43,0,0.08554551,0
94075201,43,0,0.046245184,0
94075446,43,0,0.38748783,0
94075451,43,0,0.16887705,0
94075708,43,0,0.0047507696,0
94075926,43,0,0.045211546,0
94076089,43,0,0.380349,0
94076100,43,0,0.08016543,0
94076380,43,0,0.109758906,0
94076384,43,0,0.059467174,0
94076394,43,0,0.050717358,0
94076804,43,0,0.21835016,0
94076813,43,0,0.18495388,0
94076816,43,0,0.13678165,0
94076854,43,0,0.23808758,0
94077038,43,0,0.11586055,0
94077067,43,0,0.23363681,0
94077072,43,0,0.43504995,0
94077264,43,0,0.09709084,0
94077528,43,0,0.014275128,0
94077533,43,0,0.11055885,0
94077550,43,0,0.20603569,0
94077560,43,0,0.31562167,0
94077564,43,0,0.26227084,0
94077746,43,0,0.12953049,0
94077976,43,0,0.0018012697,0
94077982,43,0,0.26100317,0
94078007,43,0,0.006997401,0
94078150,43,0,0.41922808,0
94078170,43,0,0.36457118,0
94078422,43,0,0.3349424,0
94078563,43,0,0.10515782,0
94078570,43,0,0.028190795,0
94078576,43,0,0.023148928,0
94078584,43,0,0.48612422,0
94078591,43,0,0.45143265,0
94078626,43,0,0.37615767,0
94078636,43,0,0.0021084633,0
94078822,43,0,0.11070481,0
94078937,43,0,0.0074228793,0
94078950,43,0,0.023796376,0
94079171,43,0,0.08834674,0
94079187,43,0,0.12107545,0
94079198,43,0,0.18774572,0
94079208,43,0,0.0763626,0
94079221,43,0,0.120955326,0
94079229,43,0,0.030374117,0
94079241,43,0,0.031137064,0
94079248,43,0,0.07745359,0
94079333,43,0,0.5657931,0
94079339,43,0,0.47904932,0
94079348,43,0,0.004592723,0
94079887,43,0,0.14387237,0
94079899,43,0,0.09266569,0
94079905,43,0,0.016014647,0
94081982,43,0,0.42298302,0
94082286,43,0,2.5036616e-05,0
94082473,43,0,0.15792449,0
94084547,43,0,0.111581974,0
94085336,43,0,0.02105298,0
94086570,43,0,0.109581135,0
94093555,43,0,0.9063496,1
94093732,43,0,0.09852682,0
94093757,43,0,0.7560048,0
94099462,43,0,0.051313687,0
94101123,43,0,0.17243011,0
94101176,43,0,0.283637,0
94101389,43,0,0.28537887,0
94101676,43,0,0.8706059,1
94101750,43,0,0.57902986,0
94102299,43,0,0.04230606,0
94102352,43,0,0.26473868,0
94102584,43,0,0.6448876,0
94103281,43,0,0.8283587,1
94103313,43,0,1.428401e-08,0
94103851,43,0,0.070700176,0
94103859,43,0,0.44384694,0
94104154,43,0,0.15153591,0
94104170,43,0,0.0063072178,0
94104463,43,0,0.034725185,0
94104615,43,0,0.1459281,0
94104620,43,0,0.13190949,0
94104685,43,0,0.36653456,0
94104894,43,0,0.07954505,0
94104921,43,0,0.11669009,0
94104933,43,0,0.052569285,0
94104942,43,0,0.12710287,0
94104949,43,0,0.02082592,0
94105003,43,0,0.015127069,0
94105190,43,0,0.012837333,0
94105238,43,0,0.027161285,0
94105695,43,0,0.10217361,0
94105713,43,0,0.15585041,0
94105926,43,0,0.020123499,0
94105934,43,0,0.039387763,0
94105938,43,0,0.079524346,0
94106229,43,0,0.08235416,0
94106429,43,0,0.15135878,0
94106434,43,0,0.07394406,0
94106439,43,0,0.006328889,0
94106442,43,0,0.8565471,1
94106446,43,0,0.0019113217,0
94107013,43,0,1.0540473e-05,0
94107580,43,0,0.1387199,0
94107945,43,0,0.03112272,0
94110184,43,0,0.067768924,0
94110477,43,0,0.017170036,0
94112031,43,0,0.042411633,0
94112138,43,0,0.1897532,0
94112253,43,0,0.649688,0
94113066,43,0,0.05934309,0
94114765,43,0,0.027752373,0
94115916,43,0,0.12447077,0
94116114,43,0,0.049540885,0
94116119,43,0,7.933911e-05,0
94116124,43,0,0.118138745,0
94116376,43,0,0.009248969,0
94116711,43,0,0.005105434,0
94116721,43,0,0.023733797,0
94117136,43,0,0.55243546,0
94117139,43,0,0.04274137,0
94117141,43,0,0.22615656,0
94117439,43,0,0.009125102,0
94117443,43,0,0.0014047575,0
94117456,43,0,0.05646485,0
94117472,43,0,0.029829836,0
94118020,43,0,0.3448092,0
94118027,43,0,0.18932419,0
94118276,43,0,0.065155946,0
94118537,43,0,0.31046474,0
94118551,43,0,0.023608364,0
94118562,43,0,0.076242454,0
94118571,43,0,0.4490424,0
94118581,43,0,0.08694198,0
94118589,43,0,0.043890066,0
94118596,43,0,0.22542532,0
94118602,43,0,0.37789923,0
94118608,43,0,0.009172478,0
94119474,43,0,0.013316454,0
94119486,43,0,0.015455816,0
94119493,43,0,0.07804644,0
94119502,43,0,0.010118847,0
94119508,43,0,0.079477206,0
94120313,43,0,0.14983727,0
94120330,43,0,0.012437577,0
94122007,43,0,3.4039754e-32,0
94122027,43,0,0.03716201,0
94122035,43,0,0.09609824,0
94122054,43,0,0.010765711,0
94122061,43,0,0.031322494,0
94122209,43,0,0.07571042,0
94122218,43,0,0.62290514,0
94122522,43,0,0.047636867,0
94123144,43,0,0.08280775,0
94123860,43,0,0.0012835634,0
94124548,43,0,0.06345171,0
94125198,43,0,0.0838634,0
94125826,43,0,0.10860741,0
94126162,43,0,0.056374952,0
94126792,43,0,0.24639606,0
94127065,43,0,0.11684742,0
94127777,43,0,0.10123007,0
94128086,43,0,0.033502217,0
94128094,43,0,0.050568525,0
94128375,43,0,0.041010477,0
94128968,43,0,0.49194726,0
94129191,43,0,0.08340384,0
94129193,43,0,0.10848085,0
94129869,43,0,0.10942886,0
94130185,43,0,0.009167413,0
94130506,43,0,0.007815408,0
94130523,43,0,0.055955097,0
94130525,43,0,0.040904798,0
94130878,43,0,0.17867967,0
94130886,43,0,0.11064065,0
94130892,43,0,0.24464618,0
94130896,43,0,0.001840793,0
94130911,43,0,0.005696155,0
94131288,43,0,0.15812244,0
94131606,43,0,0.0043094386,0
94131615,43,0,0.021867821,0
94131623,43,0,0.31571454,0
94131693,43,0,0.013748591,0
94132299,43,0,0.49793538,0
94132916,43,0,0.34342664,0
94133258,43,0,0.838483,1
94133499,43,0,0.81469333,1
94134304,43,0,0.0063702464,0
94134994,43,0,0.0027615065,0
94136580,43,0,0.39098725,0
94136587,43,0,0.00013944022,0
94139156,43,0,0.4716471,0
94141642,43,0,0.035375006,0
94145770,43,0,0.006476198,0
94146823,43,0,0.087714896,0
94147086,43,0,0.19178113,0
94147197,43,0,0.26142275,0
94147407,43,0,0.2854376,0
94148515,43,0,0.64943373,0
94149412,43,0,1.2493802e-13,0
94150348,43,1,0.02447357,0
94151590,43,1,0.12825789,0
94152411,43,0,0.0033110315,0
94152708,43,1,0.55905205,0
94153016,43,1,0.7716104,0
94153268,43,1,0.40305915,0
94153275,43,1,0.0587402,0
94185062,43,0,0.00070986076,0
94187346,43,0,0.15995905,0
94188519,43,0,0.12493685,0
94190966,43,0,2.8350205e-06,0
94191802,43,0,0.36934415,0
94192833,43,0,2.6948796e-27,0
94194298,43,0,1.8619158e-28,0
94198574,43,0,0.110500045,0
94198963,43,0,0.0045543234,0
94199703,43,0,0.030406192,0
94200503,43,0,0.6318081,0
94205142,43,0,6.282866e-05,0
94205434,43,0,1.9638071e-22,0
94205443,43,0,0.054407142,0
94205523,43,0,1.358771e-13,0
94213214,43,0,7.771683e-24,0
94234353,43,0,1.224936e-07,0
94236504,43,0,7.7239765e-06,0
94243061,43,0,0.9989492,1
94243119,43,0,5.615435e-06,0
94243668,43,0,0.44876015,0
94243672,43,0,0.5877819,0
94243975,43,0,0.00042264926,0
94244152,43,0,0.011180266,0
94244157,43,0,5.2785617e-06,0
94244220,43,0,0.026320638,0
94245058,43,0,3.8086375e-07,0
94245078,43,0,0.9744873,1
94245083,43,0,5.987542e-06,0
94245170,43,0,2.7380544e-05,0
94245175,43,0,0.28068504,0
94245185,43,0,1.3818666e-06,0
94245201,43,0,0.4176714,0
94245377,43,0,1.4467105e-07,0
94245382,43,0,0.94359356,1
94245517,43,0,0.011491724,0
94245520,43,0,3.4320356e-06,0
94246325,43,0,8.924431e-06,0
94246470,43,0,0.7345069,0
94247545,43,0,0.00024706227,0
94248074,43,0,0.0030592722,0
94248910,43,0,5.3645665e-18,0
94249100,43,0,0.82746106,1
94249104,43,0,0.072938554,0
94249141,43,0,0.1092996,0
94249153,43,0,0.13150074,0
94251591,43,0,0.64008456,0
94252041,43,0,0.44929135,0
94252574,43,0,0.6657595,0
94253075,43,0,0.039250866,0
94253094,43,0,0.07990399,0
94253097,43,0,0.0034261683,0
94253262,43,0,0.15051475,0
94253265,43,0,0.017596325,0
94253272,43,0,0.11506236,0
94253273,43,0,0.09614313,0
94253277,43,0,0.3090009,0
94253279,43,0,0.13571347,0
94253572,43,0,0.14167304,0
94253576,43,0,0.21314053,0
94253693,43,0,0.67898196,0
94253794,43,0,0.010753008,0
94253797,43,0,0.56841576,0
94254140,43,0,0.020228714,0
94254215,43,0,0.727406,0
94254412,43,0,0.450415,0
94254432,43,0,0.58615077,0
94254433,43,0,0.6768953,0
94254496,43,0,0.7492769,0
94255281,43,0,0.016799118,0
94255487,43,0,0.026556164,0
94255489,43,0,0.00025450534,0
94255570,43,1,0.117829725,0
94255777,43,0,0.0,0
94255780,43,0,0.09118944,0
94255934,43,1,0.37446317,0
94255937,43,0,5.873066e-06,0
94256093,43,0,0.030280547,0
94256327,43,0,0.057091944,0
94256388,43,0,0.0021886316,0
94256550,43,0,4.873533e-06,0
94256551,43,0,3.5891375e-05,0
94256552,43,0,3.2756827e-05,0
94256553,43,0,2.847781e-06,0
94256556,43,0,0.13938652,0
94256557,43,0,4.7865065e-05,0
94256559,43,0,7.390999e-08,0
94256600,43,0,4.1919814e-16,0
94256605,43,0,3.391801e-07,0
94256610,43,0,4.452149e-05,0
94256617,43,0,0.3605811,0
94256623,43,0,0.39308515,0
94256627,43,0,0.21680178,0
94256632,43,0,0.15220353,0
94256635,43,0,1.8816459e-07,0
94256636,43,0,0.040644497,0
94256642,43,0,0.11104472,0
94256646,43,0,4.122064e-07,0
94256654,43,0,0.0017817442,0
94256655,43,0,0.0,0
94256657,43,0,3.313093e-05,0
94256658,43,0,0.20592062,0
94258780,43,0,0.009313285,0
94260854,43,0,6.625021e-08,0
94261335,43,0,7.1703546e-08,0
94261699,43,0,0.0012984489,0
94264510,43,0,3.301992e-39,0
94265792,43,0,0.0,0
94266065,43,0,0.0,0
94266583,43,0,0.2105625,0
94267139,43,0,4.169988e-16,0
94267362,43,0,7.18072e-18,0
94268582,43,0,0.389081,0
94268795,43,0,9.997833e-06,0
94269040,43,0,1.659209e-05,0
94269447,43,0,0.15657233,0
94269451,43,0,0.2896881,0
94269750,43,0,0.918757,1
94269812,43,0,2.1143278e-06,0
94269837,43,0,0.08274749,0
94270129,43,0,0.0065454873,0
94270318,43,0,0.004465267,0
94270524,43,0,0.005719786,0
94270858,43,0,0.99856335,1
94270859,43,0,1.0627342e-06,0
94271180,43,0,0.06541267,0
94271458,43,0,0.59428096,0
94271461,43,0,0.6023712,0
94272060,43,0,0.6539041,0
94273108,43,0,0.7457162,0
94273170,43,0,2.9345536e-11,0
94274509,43,0,0.0058163907,0
94274783,43,0,0.5695387,0
94275195,43,0,0.36736938,0
94275579,43,0,0.11132375,0
94275584,43,0,0.00018996777,0
94275585,43,0,0.1450833,0
94275586,43,0,0.20025149,0
94275589,43,0,0.013904601,0
94276389,43,0,0.20408149,0
94276525,43,0,0.7203886,0
94276942,43,0,0.23577568,0
94276951,43,0,0.029781537,0
94276956,43,0,0.2761712,0
94280363,43,0,0.22768101,0
94281312,43,0,3.7875816e-06,0
94281315,43,0,6.448409e-06,0
94281640,43,0,3.4101063e-08,0
94281647,43,0,4.0932256e-13,0
94281648,43,0,0.70488113,0
94282163,43,0,0.16249333,0
94282190,43,0,0.0001495542,0
94282207,43,0,0.0068161804,0
94282211,43,0,0.0073886765,0
94282402,43,0,0.00042104514,0
94282405,43,0,0.97674894,1
94282408,43,0,0.9874276,1
94282416,43,0,8.912425e-23,0
94282453,43,0,0.0002840125,0
94282454,43,0,0.0011986649,0
94282616,43,0,0.49784455,0
94282690,43,0,0.0006206384,0
94282691,43,0,0.017337896,0
94282700,43,0,0.048032813,0
94282887,43,0,5.696542e-25,0
94282888,43,0,6.6019743e-07,0
94282895,43,0,2.9385054e-09,0
94282897,43,0,0.025508163,0
94282898,43,0,0.011614449,0
94282906,43,0,0.00010290254,0
94282907,43,0,0.0030169268,0
94283253,43,0,0.13115314,0
94283255,43,0,7.38604e-15,0
94283257,43,0,0.5488002,0
94283258,43,0,0.09598233,0
94283260,43,0,0.006979463,0
94283264,43,0,0.0007171455,0
94283265,43,0,3.1505817e-05,0
94283280,43,0,0.00030694169,0
94283843,43,0,2.7465037e-05,0
94284114,43,0,0.015083952,0
94284118,43,0,4.6883193e-07,0
94284143,43,0,6.6008624e-06,0
94284156,43,0,0.00039856497,0
94284172,43,0,5.097002e-05,0
94284179,43,0,1.1816875e-05,0
94284366,43,0,0.3510561,0
94284374,43,0,0.023827402,0
94284375,43,0,2.331082e-07,0
94284377,43,0,0.0020580834,0
94284378,43,0,0.0014919916,0
94284380,43,0,0.0017492673,0
94284382,43,0,0.00016572497,0
94284728,43,0,0.19208993,0
94284729,43,0,0.0050667627,0
94284732,43,0,0.002044521,0
94284736,43,0,8.092134e-08,0
94284738,43,0,4.620624e-05,0
94284744,43,0,0.007679928,0
94284745,43,0,0.00013525136,0
94284748,43,0,0.044934224,0
94284749,43,0,0.00020845552,0
94284753,43,0,8.2916506e-07,0
94284757,43,0,0.006052242,0
94284768,43,0,4.38126e-05,0
94284782,43,0,9.186844e-05,0
94285093,43,0,2.1693631e-06,0
94285364,43,0,0.0121325655,0
94285380,43,0,0.62957346,0
94285381,43,0,0.18846887,0
94285385,43,0,0.00046553777,0
94285389,43,0,1.0021001e-05,0
94285395,43,0,4.8734517e-05,0
94285398,43,0,5.8823516e-24,0
94285411,43,0,0.00011808506,0
94285973,43,0,5.9467798e-06,0
94286057,43,0,1.1076633e-05,0
94286214,43,0,0.00090413995,0
94286461,43,0,3.6949405e-05,0
94286464,43,0,0.0014517799,0
94286465,43,0,6.652195e-06,0
94286468,43,0,1.7754424e-05,0
94286781,43,0,9.5565796e-05,0
94286792,43,0,0.055084497,0
94286797,43,0,7.28459e-07,0
94286800,43,0,0.33556706,0
94286801,43,0,5.88415e-05,0
94287105,43,0,4.5794597e-05,0
94288267,43,0,0.07142432,0
94288270,43,0,1.2106477e-07,0
94288272,43,0,1.2817928e-09,0
94288274,43,0,0.018398626,0
94288275,43,0,0.87002724,1
94288276,43,0,0.006765725,0
94288934,43,0,0.017682051,0
94288940,43,0,4.5691035e-05,0
94288947,43,0,3.1376498e-05,0
94289205,43,0,0.0001001844,0
94289527,43,0,6.0999948e-05,0
94290267,43,0,0.3237914,0
94290690,43,0,3.6074546e-08,0
94290692,43,0,6.172765e-06,0
94290693,43,0,0.000100894045,0
94290694,43,0,1.9775281e-07,0
94290695,43,0,9.119384e-05,0
94291798,43,0,6.4044357e-06,0
94291809,43,0,1.8833758e-05,0
94292225,43,0,0.32187614,0
94292239,43,0,0.0015477438,0
94295641,43,0,3.327227e-05,0
94295667,43,0,0.13176185,0
94295934,43,0,0.00057241047,0
94295941,43,0,4.509045e-05,0
94296220,43,0,3.2762637e-05,0
94296230,43,0,3.1111534e-07,0
94296240,43,0,8.936696e-06,0
94296244,43,0,0.10551892,0
94296267,43,0,0.11936126,0
94296275,43,0,0.0003782937,0
94296278,43,0,2.7473423e-05,0
94296299,43,0,7.9287674e-11,0
94296304,43,0,7.0918605e-07,0
94296314,43,0,0.061381888,0
94296317,43,0,0.024456412,0
94296491,43,0,5.9062208e-05,0
94296492,43,0,6.430532e-05,0
94296577,43,0,4.4998295e-08,0
94296584,43,0,0.03227728,0
94296751,43,0,0.0071710777,0
94296758,43,0,7.276709e-07,0
94296759,43,0,0.9999882,1
94296760,43,0,0.23939832,0
94296767,43,0,0.0001616196,0
94296781,43,0,6.3986486e-06,0
94296853,43,0,1.860075e-05,0
94296854,43,0,0.0010594685,0
94297036,43,0,0.00024998406,0
94297042,43,0,0.007577302,0
94297166,43,0,0.28659093,0
94297171,43,0,0.0323191,0
94297505,43,0,0.0073776264,0
94297712,43,0,5.910205e-06,0
94298024,43,0,0.00015388487,0
94298331,43,0,3.218015e-05,0
94299343,43,0,3.995678e-05,0
94299368,43,0,0.00046026774,0
94299379,43,0,0.00012614348,0
94299388,43,0,6.274477e-05,0
94299929,43,0,0.00016870454,0
94300504,43,0,6.345747e-05,0
94300901,43,0,0.0034864447,0
94300935,43,0,1.97712e-05,0
94300947,43,0,1.2652222e-05,0
94300960,43,0,0.020959299,0
94301568,43,0,3.5294266e-05,0
94301671,43,0,4.8964393e-06,0
94301800,43,0,6.065573e-06,0
94301805,43,0,0.00021494039,0
94301809,43,0,0.01740738,0
94301930,43,0,4.5742574e-05,0
94302230,43,0,0.698575,0
94302232,43,0,0.0046497663,0
94302233,43,0,0.051153556,0
94302234,43,0,4.975046e-08,0
94302235,43,0,5.5715645e-08,0
94302237,43,0,1.1829581e-08,0
94302240,43,0,0.22320528,0
94302241,43,0,1.0787938e-08,0
94302243,43,0,2.4621019e-09,0
94302380,43,0,2.5423891e-05,0
94302383,43,0,0.00015833382,0
94302390,43,0,5.4140826e-05,0
94302400,43,0,2.6740883e-05,0
94302401,43,0,2.8558e-05,0
94302405,43,0,0.078109525,0
94302734,43,0,2.5443646e-06,0
94302747,43,0,1.3411468e-05,0
94302750,43,0,0.6219912,0
94302751,43,0,0.043686807,0
94302754,43,0,0.054218974,0
94302779,43,0,0.30732608,0
94302783,43,0,0.21158645,0
94302784,43,0,0.55411744,0
94302788,43,0,8.745112e-05,0
94302793,43,0,1.5527274e-07,0
94303089,43,0,0.00024347231,0
94303106,43,0,3.7093386e-08,0
94303115,43,0,0.001030116,0
94303119,43,0,0.101907365,0
94303123,43,0,2.5778452e-28,0
94303130,43,0,0.008580559,0
94303462,43,0,8.5680345e-05,0
94306036,43,0,5.8964226e-05,0
94307473,43,0,5.6181063e-14,0
94311363,43,0,5.219324e-06,0
94311945,43,0,0.0007640288,0
94312679,43,0,1.9760628e-06,0
94312926,43,0,1.0789833e-15,0
94312930,43,0,0.39332664,0
94313554,43,0,3.263125e-16,0
94313794,43,0,0.59048384,0
94313965,43,0,0.0,0
94314218,43,0,0.026312903,0
94314224,43,0,0.23547845,0
94314789,43,0,0.037570443,0
94314792,43,0,0.03102291,0
94314799,43,0,0.9037682,1
94316199,43,0,0.34591085,0
94316203,43,0,0.5536543,0
94317624,43,0,0.049525127,0
94318047,43,0,0.07285354,0
94318731,43,0,0.06361219,0
94319918,43,0,0.032703184,0
94320505,43,0,0.00076675153,0
94321025,43,0,1.15223635e-07,0
94321026,43,0,0.054081634,0
94322583,43,0,0.026155988,0
94322870,43,0,0.06483831,0
94322882,43,0,0.33948863,0
94322886,43,0,0.5292941,0
94322889,43,0,0.24895653,0
94322890,43,0,0.07562917,0
94325110,43,0,2.4746613e-18,0
94325168,43,0,4.65916e-12,0
94327304,43,0,0.08098741,0
94327952,43,0,0.6851757,0
94333210,43,0,3.3871527e-07,0
94333339,43,0,0.0025229214,0
94333342,43,0,1.5710052e-07,0
94333343,43,0,1.5881932e-07,0
94333591,43,0,0.00999352,0
94336035,43,1,0.4067685,0
94336306,43,1,0.00024100543,0
94336308,43,1,0.008559464,0
94336448,43,0,0.00074162317,0
94336461,43,0,0.7027171,0
94337633,43,1,0.7485558,0
94338514,43,0,0.0005276889,0
94338645,43,0,0.085963845,0
94339989,43,0,1.4085748e-05,0
94340195,43,0,0.112008624,0
94340892,43,0,0.26467872,0
94340900,43,0,0.026348058,0
94340906,43,1,0.14311644,0
94340970,43,0,0.20631537,0
94341464,43,1,0.050419882,0
94341503,43,1,0.043349896,0
94352484,43,0,0.054345,0
94352497,43,0,0.000167292,0
94353890,43,0,0.041946683,0
94360288,43,0,0.22198614,0
94360375,43,0,0.07697905,0
94360376,43,0,0.052605443,0
94360384,43,0,0.0074620526,0
94360388,43,0,1.2152783e-07,0
94360794,43,0,0.14620565,0
94362297,43,0,2.566831e-24,0
94362345,43,0,1.4645299e-23,0
94362824,43,0,1.5497065e-28,0
94366286,43,0,9.375957e-06,0
94367111,43,0,0.42878538,0
94369573,43,0,0.0001849425,0
94369736,43,0,0.0011717578,0
94369751,43,0,0.7751793,0
94369754,43,0,0.022156162,0
94369759,43,0,0.21198125,0
94369781,43,0,0.35867986,0
94371981,43,0,0.3134181,0
94372364,43,0,0.015053731,0
94375195,43,0,8.0518825e-05,0
94379983,43,0,0.055841878,0
94381801,43,0,9.0074765e-38,0
94382517,43,0,3.0925996e-32,0
94384396,43,0,1.2098441e-21,0
94384614,43,0,0.0,0
94522171,43,0,0.98384684,1
94525461,43,0,0.18781897,0
94532741,43,0,0.14397633,0
94532744,43,0,0.65013546,0
94533523,43,0,0.21435198,0
94534184,43,0,0.00017434057,0
94535593,43,0,1.3339017e-05,0
94547034,43,0,3.9723505e-05,0
94549932,43,0,0.0021691746,0
94551364,43,0,0.032877043,0
94551837,43,0,2.550636e-05,0
94552774,43,0,5.4745986e-05,0
94554289,43,0,0.3173036,0
94554775,43,0,0.9937342,1
94555238,43,0,0.12357922,0
94555249,43,0,0.20136611,0
94555254,43,0,0.6057291,0
94555665,43,0,0.01003876,0
94557511,43,0,0.0,0
94557892,43,0,0.6627877,0
94558090,43,0,0.23208658,0
94558123,43,0,2.6089808e-06,0
94562923,43,0,0.4217462,0
94563333,43,0,0.06771858,0
94574594,43,0,6.978456e-06,0
94574595,43,0,1.6192286e-28,0
94574599,43,0,0.06459801,0
94574601,43,0,0.035457037,0
94574609,43,0,0.0023068585,0
94574802,43,0,7.572517e-06,0
94574810,43,0,1.0317995e-28,0
94574811,43,0,0.9999516,1
94574819,43,0,0.032082748,0
94574820,43,0,4.5734445e-13,0
94574824,43,0,1.550972e-05,0
94574827,43,0,0.35447875,0
94574829,43,0,6.834833e-05,0
94576816,43,0,0.030620987,0
94579627,43,0,0.04840633,0
94580503,43,0,0.99928373,1
94581107,43,0,0.00086450437,0
94581117,43,0,0.5689244,0
94583001,43,0,0.5420141,0
94583836,43,0,0.45933354,0
94583999,43,0,0.5243539,0
94584000,43,0,0.8791296,1
94584149,43,0,0.47076392,0
94586501,43,0,0.28176636,0
94588060,43,0,0.1926566,0
94588332,43,0,0.36397082,0
94590220,43,0,0.038188793,0
94590557,43,0,0.0019792572,0
94590638,43,0,0.65025955,0
94590651,43,0,2.437819e-07,0
94590655,43,0,1.1563368e-28,0
94590670,43,0,0.1460754,0
94590915,43,0,2.3903367e-28,0
94590926,43,0,0.009546244,0
94590977,43,0,0.004630307,0
94590978,43,0,0.00925975,0
94591102,43,0,0.82147765,1
94591117,43,0,5.1667434e-05,0
94591818,43,0,0.22757387,0
94591834,43,0,0.119815744,0
94592663,43,0,2.5454992e-05,0
94592906,43,0,0.027759152,0
94592932,43,0,0.19296926,0
94592936,43,0,0.01376817,0
94593149,43,0,0.43723518,0
94593153,43,0,0.6156824,0
94593159,43,0,0.0017254945,0
94593391,43,0,0.00038793072,0
94593394,43,0,3.2615368e-28,0
94593939,43,0,0.37905434,0
94593948,43,0,0.025072765,0
94594146,43,0,0.021705544,0
94594604,43,0,6.379297e-30,0
94595077,43,0,0.2408742,0
94596056,43,0,0.0020780843,0
94596465,43,0,0.6088808,0
94596675,43,0,0.19403942,0
94596679,43,0,0.2149471,0
94596868,43,0,0.8051817,1
94597302,43,0,0.023541395,0
94597549,43,0,3.3265107e-29,0
94599580,43,0,0.74549633,0
94599773,43,0,0.8894483,1
94600269,43,0,0.0075024995,0
94608891,43,0,0.5027487,0
94609115,43,0,0.048741475,0
94609611,43,0,0.021264186,0
94611184,43,0,0.118296616,0
94611187,43,0,0.062334877,0
94613058,43,0,0.03864693,0
94618821,43,0,0.0038083077,0
94618829,43,0,0.07968299,0
94623588,43,1,0.20543113,0
94625621,43,0,8.4079374e-13,0
94626460,43,1,0.119109586,0
94626483,43,1,0.6033254,0
94636673,43,0,0.036343724,0
94639862,43,0,0.71501553,0
94640777,43,0,7.9650776e-28,0
94641099,43,0,6.6201796e-28,0
94645488,43,0,0.025478138,0
94645492,43,0,0.06370575,0
94645773,43,0,0.025231043,0
94645781,43,0,0.0023299074,0
94650084,43,0,0.082899585,0
94652304,43,0,0.0006398668,0
94655204,43,0,8.140802e-09,0
94655217,43,0,1.784268e-11,0
94655625,43,0,0.06770333,0
94662651,43,0,1.2222614e-07,0
94819521,43,0,3.8149465e-05,0
94819538,43,0,0.0019582037,0
94887108,43,0,0.14870653,0
94887348,43,0,3.6729134e-07,0
94887682,43,0,0.09011517,0
94888545,43,0,0.41048503,0
94889310,43,0,0.08554262,0
94890401,43,0,1.1701415e-09,0
94890405,43,0,1.231068e-07,0
94891079,43,0,0.02814126,0
94891307,43,0,1.3912918e-07,0
94893486,43,0,0.03344296,0
94893501,43,0,0.37621686,0
94906238,43,0,0.20637193,0
94906481,43,0,1.8028899e-07,0
94906493,43,0,2.1389009e-07,0
94907230,43,0,0.013486294,0
94907237,43,0,0.020071073,0
94911539,43,0,0.078716524,0
94911603,43,0,0.22132942,0
94911621,43,0,0.4632393,0
94912121,43,0,0.9862504,1
94912336,43,0,0.07789178,0
94912423,43,0,0.89166903,1
94912936,43,0,0.54107326,0
94913085,43,0,0.11044011,0
94913436,43,0,0.89285636,1
94913439,43,0,0.0543792,0
94914090,43,0,0.07084451,0
94914102,43,0,0.51734394,0
94939763,43,0,0.11138906,0
94940171,43,0,0.0023296392,0
94940323,43,0,0.003934473,0
94940926,43,0,0.10407198,0
94940927,43,1,0.23409775,0
94941140,43,0,4.251055e-07,0
94941157,43,0,0.032632615,0
94941158,43,0,4.162431e-06,0
94952041,43,0,0.80478185,1
94953856,43,0,0.00013270591,0
94953860,43,0,0.05789879,0
94954366,43,0,0.028536715,0
94954369,43,0,0.4872675,0
94954676,43,0,0.0005077452,0
94961251,43,0,0.0024041196,0
94961504,43,0,0.049544264,0
94964017,43,0,0.007508662,0
94964022,43,0,0.116733626,0
94971592,43,0,0.018924145,0
94971615,43,0,0.043851856,0
94971831,43,0,0.15820535,0
94971834,43,0,0.65597695,0
94974524,43,0,0.0055438993,0
94982592,43,0,0.03734497,0
94990802,43,0,0.00017116319,0
94991421,43,0,2.1095151e-07,0
94991713,43,0,0.0058104238,0
94992007,43,0,0.002684014,0
94992011,43,0,0.030212672,0
94992016,43,0,0.89708656,1
95000420,43,0,0.3899485,0
95000609,43,0,0.061612647,0
95001263,43,0,0.27795047,0
95001492,43,0,0.25748113,0
95001501,43,0,7.082129e-08,0
95002005,43,0,0.0055525387,0
95009059,43,0,0.030187288,0
95010521,43,0,0.0043262076,0
95011528,43,0,0.26615533,0
95012935,43,0,0.04712677,0
95012943,43,0,0.0004738489,0
95040262,43,0,0.0029807547,0
95040285,43,0,7.391881e-05,0
95040297,43,0,0.00017453318,0
95206874,43,0,0.35667726,0
95312174,43,0,4.915112e-07,0
95329588,43,0,0.67100704,0
95339081,43,0,0.23920022,0
95378175,43,0,0.00025457158,0
95531166,43,0,7.946707e-05,0
95531167,43,0,3.6871403e-05,0
95566581,43,0,4.688156e-09,0
95582551,43,0,0.005569011,0
95611894,43,0,0.00031209228,0
95780172,43,0,0.0037360715,0
96003165,43,0,0.0021992621,0
96015851,43,0,0.00012118603,0
96024656,43,0,0.71698976,0
96310009,43,0,0.0005523494,0
97045597,43,0,4.0289746e-05,0
97737731,43,0,0.13792516,0
98637214,43,0,0.51953846,0
98637531,43,0,8.948379e-06,0
98638702,43,0,1.5574024e-16,0
98639218,43,0,0.0011343268,0
98639538,43,0,0.017459868,0
98643342,43,0,0.38201794,0
98643368,43,0,0.10329905,0
98643640,43,0,0.00048235245,0
98645297,43,0,0.396355,0
98646283,43,0,0.20259891,0
98647549,43,0,2.1951601e-07,0
98647575,43,0,0.6333817,0
98648145,43,0,2.8623928e-05,0
98648192,43,0,0.00011326515,0
98648193,43,0,0.0006212951,0
98648209,43,0,0.0004356017,0
98649026,43,0,0.14245568,0
98649035,43,0,0.000554099,0
98649036,43,0,0.00022601399,0
98649295,43,0,4.7085236e-06,0
98649307,43,0,0.00035587483,0
98649353,43,0,0.0009922684,0
98649357,43,0,3.5950745e-07,0
98649358,43,0,0.40468428,0
98649366,43,0,8.680562e-05,0
98649367,43,0,8.103043e-06,0
98649729,43,0,0.0003083022,0
98649732,43,0,0.00022828826,0
98649736,43,0,0.032686677,0
98649743,43,0,0.017570494,0
98649752,43,0,1.4545617e-06,0
98649753,43,0,0.00010834515,0
98649891,43,0,0.0005814734,0
98649892,43,0,2.6550406e-05,0
98649981,43,0,0.00017492537,0
98649988,43,0,6.153627e-06,0
98649993,43,0,6.5904765e-06,0
98650151,43,0,7.070936e-05,0
98650162,43,0,1.4393631e-05,0
98650163,43,0,0.000104211045,0
98650263,43,0,7.8660776e-07,0
98650433,43,0,1.13828055e-05,0
98650767,43,0,2.8611648e-05,0
98651116,43,0,3.520232e-06,0
98651472,43,0,0.00014644775,0
98651473,43,0,0.0006702588,0
98651474,43,0,0.00018017723,0
98651475,43,0,1.9241896e-05,0
98651476,43,0,0.00033718545,0
98651477,43,0,0.08942002,0
98651479,43,0,0.00032531362,0
98651481,43,0,1.451546e-05,0
98651780,43,0,2.7222013e-05,0
98651788,43,0,0.001546946,0
98652418,43,0,0.17138515,0
98652420,43,0,0.0022641001,0
98652723,43,0,1.718739e-05,0
98652725,43,0,3.6072e-05,0
98652728,43,0,0.058626533,0
98652730,43,0,2.3246437e-05,0
98652731,43,0,8.064285e-05,0
98652740,43,0,0.008955619,0
98652748,43,0,0.0,0
98652750,43,0,0.00016938894,0
98652751,43,0,0.0010856284,0
98652752,43,0,3.8071143e-05,0
98652755,43,0,4.4628225e-05,0
98652880,43,0,0.00089737365,0
98652897,43,0,1.0050632e-05,0
98652900,43,0,0.049546354,0
98652906,43,0,7.7415236e-05,0
98652919,43,0,0.00022594699,0
98653018,43,0,1.5189594e-05,0
98653019,43,0,9.4202807e-07,0
98653312,43,0,1.4061294e-05,0
98653614,43,0,0.019179689,0
98653617,43,0,0.00020762578,0
98653910,43,0,2.586903e-06,0
98654206,43,0,1.7244362e-05,0
98654342,43,0,0.0001758438,0
98654348,43,0,0.01636646,0
98654668,43,0,7.993174e-05,0
98654682,43,0,1.7619741e-06,0
98654828,43,0,2.9387284e-06,0
98654829,43,0,0.0058480473,0
98654986,43,0,0.00018295756,0
98655328,43,0,0.00028938093,0
98655545,43,0,7.878459e-06,0
98655566,43,0,0.00017655968,0
98655797,43,0,0.00010469182,0
98655798,43,0,7.177459e-05,0
98655818,43,0,4.198383e-05,0
98655828,43,0,0.00039183296,0
98655831,43,0,2.0077575e-06,0
98655869,43,0,0.00021904256,0
98656284,43,0,0.00022540365,0
98656285,43,0,1.2953206e-05,0
98656512,43,0,0.00013014543,0
98656773,43,0,0.00037709504,0
98656774,43,0,0.37728387,0
98656788,43,0,0.0,0
98656894,43,0,1.419759e-05,0
98656898,43,0,8.02997e-06,0
98657144,43,0,0.0002683257,0
98657151,43,0,2.0219147e-06,0
98657161,43,0,0.00010318661,0
98658080,43,0,4.282344e-05,0
98658517,43,0,0.03234443,0
98658846,43,0,0.00010882881,0
98659414,43,0,8.682173e-06,0
98659418,43,0,5.6715366e-05,0
98659423,43,0,0.12501964,0
98659506,43,0,0.00048610085,0
98659657,43,0,4.4509095e-05,0
98659659,43,0,0.00021212427,0
98660029,43,0,3.5435503e-06,0
98660034,43,0,6.412944e-05,0
98660055,43,0,0.013503586,0
98660198,43,0,1.7433324e-05,0
98660822,43,0,0.0002550249,0
98660823,43,0,0.00044471683,0
98660984,43,0,0.000119268305,0
98661120,43,0,0.00035878434,0
98661124,43,0,2.1364278e-05,0
98661480,43,0,1.4332227e-05,0
98661481,43,0,0.0018669829,0
98661495,43,0,0.6597471,0
98662025,43,0,0.00023244623,0
98662083,43,0,0.00025867784,0
98662085,43,0,0.0008998621,0
98662742,43,0,7.145301e-05,0
98663193,43,0,0.010083764,0
98663300,43,0,0.00064469984,0
98663302,43,0,0.00034518115,0
98663455,43,0,8.0192935e-05,0
98663543,43,0,1.0810557e-05,0
98663647,43,0,3.4218162e-06,0
98663817,43,0,5.59559e-08,0
98663961,43,0,8.685241e-05,0
98663964,43,0,1.990676e-08,0
98664194,43,0,1.4041156e-05,0
98664317,43,0,4.5222528e-06,0
98664666,43,0,0.031049717,0
98688026,43,0,0.052947327,0
98785176,43,0,0.9693754,1
99098561,43,0,0.029247435,0
99108938,43,0,0.9857034,1
99109668,43,0,0.7561881,0
99118726,43,0,6.6241153e-22,0
99146992,43,0,1.7862035e-06,0
99147023,43,0,3.7840178e-10,0
99147036,43,0,0.005640785,0
99147040,43,0,2.8204257e-08,0
99254983,43,0,0.061881773,0
99261277,43,0,0.00024827104,0
99261293,43,0,0.377005,0
99261445,43,0,0.016946096,0
99261455,43,0,0.13592096,0
99262806,43,0,0.98949194,1
99262859,43,0,0.013926062,0
99262894,43,0,0.12511648,0
99262903,43,0,0.002205837,0
99262904,43,0,0.0026563597,0
99262930,43,0,0.0030195708,0
99262938,43,0,0.013602673,0
99262941,43,0,0.077630356,0
99262958,43,0,0.015289517,0
99273045,43,0,7.0813435e-06,0
99279947,43,0,0.029948471,0
99313535,43,0,5.8686205e-06,0
99554925,43,0,0.021249568,0
107412752,43,0,0.099272415,0
1050841,44,0,1.2919835e-05,0
1052068,44,0,0.0025060163,0
1054055,44,0,0.0,0
2346844,44,0,3.2441147e-07,0
2346845,44,0,0.004017228,0
3623302,44,0,4.4640339e-13,0
7292993,44,0,0.6396679,0
7962124,44,0,0.009222432,0
12607017,44,0,0.16088556,0
14323677,44,0,0.09999101,0
15106066,44,0,0.6268124,0
16811974,44,0,0.0,0
17500202,44,0,4.0385748e-10,0
21494739,44,0,0.00048006815,0
21811538,44,0,0.12571888,0
21852040,44,0,0.56478477,0
23229087,44,0,0.6637868,0
23477159,44,0,0.0,0
23477169,44,0,0.0,0
23592023,44,0,0.0,0
26424364,44,0,0.70488197,0
28468985,44,0,0.0,0
30836183,44,0,0.40175956,0
31086091,44,0,0.01663748,0
32168716,44,0,0.00022825866,0
32476507,44,0,0.0046610925,0
33353684,44,0,0.5530316,0
36381365,44,0,0.020110095,0
37263284,44,0,0.0,0
37291743,44,0,0.032313522,0
37548797,44,0,0.10123514,0
37655657,44,0,0.0,0
37962202,44,0,3.753284e-09,0
38342253,44,0,0.15011278,0
39165300,44,0,0.0002396999,0
39292646,44,0,0.7842295,0
39801485,44,0,0.0,0
39957418,44,0,0.0,0
40505604,44,0,2.958672e-07,0
41642834,44,0,0.0,0
41927883,44,0,0.009570304,0
46893559,44,0,9.605579e-06,0
49177809,44,0,0.84592783,1
50495320,44,0,0.0005517953,0
50510807,44,0,0.005014522,0
50510808,44,0,0.1199491,0
51674926,44,0,0.0,0
52787341,44,0,0.018988786,0
52793909,44,0,0.22788554,0
53353907,44,0,0.30122644,0
53424985,44,0,0.43852502,0
53797073,44,0,1.4339594e-07,0
55000576,44,0,8.7580474e-08,0
55049307,44,0,0.0,0
56542767,44,0,0.009690449,0
58091074,44,0,0.16839427,0
60954387,44,0,0.0,0
61031389,44,0,0.74503946,0
63691475,44,0,0.0,0
67341780,44,0,4.2737767e-05,0
67341782,44,0,0.7041757,0
68254937,44,0,0.37543312,0
68382061,44,0,0.65178686,0
68595814,44,0,0.23033921,0
68907229,44,0,0.26473582,0
69492493,44,0,0.47018784,0
72351285,44,0,0.0032545188,0
75764180,44,0,0.0,0
76509860,44,0,0.00017447062,0
78837451,44,0,0.00016332325,0
80514799,44,0,0.07855787,0
80520189,44,0,0.63313574,0
80610820,44,0,0.0073707113,0
80790788,44,0,0.0,0
83269505,44,0,0.20932001,0
84195808,44,0,0.0647778,0
85805647,44,0,0.0,0
87102547,44,0,0.0,0
90467048,44,0,0.14920653,0
91396411,44,0,1.3906632e-07,0
92627965,44,0,0.3568703,0
99836847,44,0,0.0018790273,0
100265259,44,0,0.0,0
100435124,44,0,0.0,0
102383130,44,0,0.00567043,0
105411194,44,0,0.0042577432,0
105413220,44,0,2.44324e-09,0
105418918,44,0,0.27341253,0
105419478,44,0,0.28511354,0
105419926,44,0,0.44873342,0
105419942,44,0,0.44102854,0
105419960,44,0,0.47148338,0
105419976,44,0,0.68147993,0
105419988,44,0,0.80779886,1
105420014,44,0,0.09417683,0
105420019,44,0,0.09229612,0
105420207,44,0,0.7259894,0
105420214,44,0,0.39229643,0
105420224,44,0,0.3571003,0
105420240,44,0,0.19336061,0
105420247,44,0,0.7893173,0
105420251,44,0,0.189992,0
105420273,44,0,0.75263995,0
105420286,44,0,0.76516753,0
105420302,44,0,0.82481915,1
105420320,44,0,0.63907826,0
105420324,44,0,0.3638394,0
105420434,44,0,0.8235038,1
105420832,44,0,0.016942332,0
105421617,44,0,0.014730586,0
105421700,44,0,0.5205976,0
105422234,44,0,0.20607157,0
105422239,44,0,0.18914208,0
105422342,44,0,0.0017812372,0
105422778,44,0,0.05905691,0
105422813,44,0,0.32815698,0
105423532,44,0,1.7410158e-10,0
105423550,44,0,0.05790712,0
105423585,44,0,0.64105046,0
105424599,44,0,5.7530358e-18,0
105424603,44,0,0.66837656,0
105424606,44,0,0.25817114,0
105424613,44,0,7.29072e-16,0
105425074,44,0,0.73283464,0
105425109,44,0,0.44175726,0
105425125,44,0,0.7235808,0
105425143,44,0,0.29055122,0
105425151,44,0,0.5874374,0
105425158,44,0,0.33387217,0
105425313,44,0,0.43837,0
105425363,44,0,0.41685408,0
105425490,44,0,1.6569998e-15,0
105425528,44,0,0.30417046,0
105425540,44,0,0.67871445,0
105425545,44,0,0.75567603,0
105425562,44,0,0.60618055,0
105425566,44,0,0.42308885,0
105425580,44,0,0.6764157,0
105425756,44,0,0.28999725,0
105425768,44,0,0.37704742,0
105426009,44,0,0.18222858,0
105426029,44,0,0.1601405,0
105426254,44,0,0.8971587,1
105426282,44,0,0.8736466,1
105426601,44,0,0.77004284,0
105426607,44,0,0.74683917,0
105426622,44,0,0.018484771,0
105426643,44,0,0.5604956,0
105426666,44,0,0.07103472,0
105426678,44,0,0.12907417,0
105426706,44,0,0.07651285,0
105426713,44,0,0.4705174,0
105426732,44,0,0.20120762,0
105426745,44,0,0.046715412,0
105426757,44,0,0.17597182,0
105427123,44,0,1.0885256e-14,0
105427128,44,0,0.42508367,0
105427137,44,0,0.45900553,0
105427150,44,0,0.8048245,1
105427190,44,0,0.12987795,0
105428065,44,0,0.05737133,0
105428244,44,0,0.45295104,0
105428263,44,0,0.2366352,0
105428281,44,0,0.7829593,0
105428296,44,0,0.56782335,0
105428331,44,0,0.8133999,1
105428362,44,0,0.7717204,0
105428370,44,0,0.67806125,0
105428418,44,0,0.5108748,0
105428434,44,0,0.6838518,0
105428461,44,0,0.6756886,0
105428618,44,0,0.48486117,0
105428626,44,0,0.19349368,0
105428667,44,0,0.45140797,0
105428682,44,0,0.32031158,0
105428697,44,0,0.70839244,0
105428704,44,0,0.3824482,0
105429233,44,0,0.7206079,0
105429245,44,0,0.45981747,0
105429256,44,0,0.5327581,0
105429263,44,0,0.35948387,0
105429280,44,0,0.46207115,0
105429354,44,0,0.00039488194,0
105432643,44,0,6.7081526e-16,0
105433236,44,0,7.4233e-22,0
105434864,44,1,0.24187963,0
105434883,44,1,0.71129566,0
105434888,44,0,0.25913373,0
105434910,44,0,0.08451343,0
105434922,44,1,0.06496372,0
105435337,44,0,0.06354645,0
105435372,44,1,0.07479167,0
105435837,44,0,0.03705969,0
105435872,44,0,0.33322564,0
105436390,44,0,0.003688701,0
105436877,44,0,0.3815895,0
105437305,44,0,0.23597656,0
105443089,44,0,0.3438939,0
105443450,44,0,5.4123617e-09,0
105443967,44,0,8.791037e-15,0
105444916,44,0,0.04471154,0
105460621,44,0,0.21970865,0
105460670,44,0,0.13650708,0
105461722,44,0,0.09308093,0
105461736,44,0,0.0017774572,0
105461747,44,0,0.28196308,0
105461823,44,0,0.32136,0
105462052,44,0,0.28483963,0
105464314,44,0,0.5282246,0
105578797,44,0,3.6946158e-16,0
105587181,44,0,0.3272668,0
105587216,44,0,0.20853369,0
105587485,44,0,0.1135326,0
105587493,44,0,0.32320875,0
105587499,44,0,0.38694218,0
105587504,44,0,0.6826484,0
105587508,44,0,0.6755103,0
105587520,44,0,0.092081964,0
105587537,44,0,0.039925277,0
105587543,44,0,0.18420257,0
105587546,44,0,0.35830456,0
105587561,44,0,0.1821627,0
105587567,44,0,0.09273246,0
105587570,44,0,0.58400285,0
105588128,44,0,0.062241383,0
105588181,44,0,0.00012492372,0
105588194,44,0,1.4172127e-07,0
105588410,44,0,8.7574124e-05,0
105588420,44,0,0.00052145513,0
105588425,44,0,0.09933493,0
105588431,44,0,0.09142614,0
105588434,44,0,0.41238204,0
105588438,44,1,0.588139,0
105588440,44,0,0.0003394352,0
105588442,44,0,0.16597354,0
105588463,44,0,9.531718e-08,0
105588481,44,0,0.23860906,0
105588491,44,0,3.2464254e-06,0
105588501,44,0,4.269946e-11,0
105589708,44,0,0.29945025,0
105590000,44,0,0.512874,0
105590005,44,0,0.30472836,0
105590062,44,0,0.01572036,0
105590143,44,0,0.10069403,0
105590208,44,0,0.34652814,0
105590215,44,0,0.20943439,0
105590218,44,0,0.3262781,0
105590228,44,0,0.017358594,0
105590238,44,0,0.17962688,0
105590245,44,0,0.35546172,0
105590252,44,0,0.1552423,0
105590257,44,0,6.889875e-09,0
105590271,44,0,0.20428044,0
105590274,44,0,0.25163302,0
105590287,44,0,0.3910694,0
105590289,44,0,0.4511548,0
105590298,44,0,0.60652894,0
105590303,44,0,6.347783e-09,0
105590778,44,0,0.040133,0
105590782,44,0,0.10986529,0
105590822,44,0,0.101527795,0
105590824,44,0,0.24079013,0
105590928,44,0,0.77229756,0
105590934,44,0,0.2839849,0
105591335,44,0,4.8540354e-09,0
105591340,44,0,0.7312838,0
105591343,44,0,0.48577234,0
105591395,44,0,2.6966386e-08,0
105591776,44,0,0.42385426,0
105592208,44,0,0.0067177056,0
105592223,44,0,0.008093833,0
105592224,44,0,0.22947688,0
105592227,44,0,0.3600865,0
105592228,44,0,5.8479232e-05,0
105592237,44,0,0.122559905,0
105592250,44,0,0.070147865,0
105592254,44,0,0.004091997,0
105592260,44,0,0.00014319719,0
105592559,44,0,0.00034325416,0
105592562,44,0,0.4687077,0
105592564,44,0,0.4499407,0
105592567,44,0,0.49848387,0
105592569,44,0,0.3427625,0
105592572,44,0,0.22088315,0
105592573,44,0,0.10325714,0
105592577,44,0,0.74592125,0
105592593,44,0,0.11748306,0
105592594,44,0,1.005466e-06,0
105592654,44,0,0.8642447,1
105592661,44,0,0.42262417,0
105592663,44,0,5.3060174e-09,0
105592671,44,0,0.4388786,0
105592673,44,0,1.3332047e-05,0
105592697,44,0,0.36736926,0
105592702,44,0,0.9148586,1
105593085,44,0,0.5727435,0
105593091,44,0,0.83648396,1
105593094,44,0,0.5816338,0
105593124,44,0,0.18681802,0
105593129,44,0,0.639756,0
105593662,44,0,2.1076069e-13,0
105593668,44,0,0.04106233,0
105593684,44,0,0.0028847682,0
105594237,44,0,0.27658382,0
105594243,44,0,0.57645607,0
105594251,44,0,9.363019e-06,0
105594259,44,0,0.004216773,0
105594262,44,0,0.40903902,0
105594264,44,0,1.9667224e-12,0
105594270,44,0,0.04833014,0
105594282,44,0,0.0043112906,0
105594283,44,0,1.2958001e-05,0
105594286,44,0,0.046730332,0
105594287,44,0,0.43497014,0
105594296,44,0,0.0,0
105594792,44,0,2.8032959e-08,0
105594823,44,0,0.326516,0
105594835,44,0,0.253769,0
105594840,44,0,0.4121024,0
105594841,44,0,0.83650714,1
105594849,44,0,0.005929062,0
105594874,44,1,0.62452304,0
105594876,44,0,0.124865085,0
105594883,44,0,0.07195927,0
105594885,44,0,0.0014279458,0
105594890,44,0,0.16718337,0
105594900,44,0,0.33616894,0
105594901,44,0,0.33767965,0
105594904,44,0,0.10579021,0
105594906,44,0,0.63645154,0
105594910,44,0,0.3189676,0
105594911,44,0,0.45662835,0
105594916,44,0,0.14069913,0
105595336,44,0,0.022961112,0
105595347,44,0,0.83853966,1
105595354,44,0,0.47304478,0
105595645,44,0,0.2940566,0
105595864,44,0,0.39276826,0
105595867,44,0,0.27445745,0
105595870,44,0,0.2119707,0
105595874,44,0,0.30917326,0
105596135,44,0,0.028802399,0
105596140,44,0,0.19415253,0
105596293,44,0,0.0647382,0
105596296,44,0,0.17813483,0
105596298,44,0,0.39115158,0
105596304,44,0,0.050536063,0
105596310,44,0,2.1542401e-09,0
105596311,44,0,3.96917e-05,0
105596629,44,0,0.67692155,0
105596632,44,0,0.68570435,0
105596633,44,0,0.302773,0
105596779,44,0,0.58491313,0
105596789,44,0,0.5621312,0
105596797,44,0,0.67474335,0
105596799,44,0,0.24362028,0
105596805,44,0,0.15518819,0
105597612,44,0,0.6321716,0
105597619,44,0,5.8772403e-06,0
105597642,44,0,0.046318162,0
105597646,44,0,0.15606238,0
105597655,44,0,0.062847346,0
105597656,44,0,0.09592017,0
105597658,44,0,0.0005507644,0
105597815,44,0,0.49335536,0
105597817,44,0,0.12651126,0
105597837,44,0,0.28015533,0
105597843,44,0,0.63352996,0
105603035,44,0,0.0637856,0
105605197,44,1,0.47336942,0
105605755,44,0,0.031159477,0
105605779,44,1,0.018374221,0
105608848,44,0,5.5174615e-07,0
105608852,44,0,0.08015655,0
105608997,44,0,0.0,0
105609360,44,0,1.5366063e-31,0
105610353,44,0,0.07058521,0
105610357,44,0,2.7751676e-05,0
105612039,44,0,0.0056634382,0
105612362,44,0,0.1596759,0
105769648,44,0,0.0,0
105770302,44,0,0.7908618,0
105770309,44,0,0.12516335,0
105770328,44,0,0.44972298,0
105770718,44,0,0.04022348,0
105770732,44,0,0.54250026,0
105771360,44,0,0.64633703,0
105771387,44,0,0.050794747,0
105773798,44,0,0.1953784,0
105774326,44,0,0.6699198,0
105774331,44,0,0.7475146,0
105774341,44,0,0.3364282,0
105774511,44,0,0.7454706,0
105774514,44,0,0.0012611655,0
105774519,44,0,0.014439509,0
105774834,44,0,2.7414979e-05,0
105776158,44,0,0.6139978,0
105776174,44,0,0.46,0
105776186,44,0,0.46930903,0
105776222,44,0,0.2953651,0
105776226,44,0,0.45085102,0
105778673,44,0,0.27305323,0
105779109,44,0,0.07156213,0
105779191,44,0,2.0624354e-13,0
105781322,44,0,1.2971898e-08,0
105782782,44,0,0.03412121,0
105782789,44,0,0.3925143,0
105784109,44,0,0.17251237,0
105784398,44,0,0.19474657,0
105784404,44,0,0.75420207,0
105784409,44,0,0.7013391,0
105784417,44,0,0.7430716,0
105784425,44,0,0.39481547,0
105784602,44,0,0.36469692,0
105784608,44,0,0.41002434,0
105784611,44,0,0.5549169,0
105784918,44,0,0.7693982,0
105785066,44,0,0.87540275,1
105785072,44,0,0.0394303,0
105785078,44,0,0.1445568,0
105785079,44,0,0.32628936,0
105785088,44,0,0.79143786,0
105785092,44,0,0.39046672,0
105785561,44,0,0.42987454,0
105785726,44,0,0.7316873,0
105786164,44,0,0.5229178,0
105786312,44,0,0.80939144,1
105786320,44,0,0.48138586,0
105786554,44,0,0.6210247,0
105786561,44,0,0.62606514,0
105786765,44,0,0.62507,0
105786767,44,0,0.791267,0
105786769,44,0,0.3688072,0
105786771,44,0,0.49610028,0
105786789,44,0,0.0065861824,0
105786794,44,0,0.04510689,0
105786795,44,0,0.053499386,0
105786801,44,0,0.23618293,0
105786816,44,0,0.23558883,0
105786843,44,0,0.4546458,0
105786853,44,0,0.098473154,0
105786856,44,0,0.5229359,0
105786885,44,0,0.5863326,0
105786979,44,0,0.59461135,0
105786983,44,0,0.42478526,0
105787023,44,0,0.08629662,0
105787037,44,0,0.4126158,0
105787042,44,0,0.5260119,0
105787051,44,0,0.63092667,0
105787054,44,0,0.09432644,0
105787063,44,0,0.6539427,0
105787067,44,0,0.68094516,0
105787081,44,0,0.3616048,0
105787235,44,0,0.4483304,0
105787545,44,0,0.12166925,0
105787550,44,0,0.6437612,0
105787565,44,0,0.24210078,0
105787575,44,0,0.3972486,0
105787582,44,0,0.66735315,0
105787594,44,0,0.12284488,0
105787603,44,0,0.7215169,0
105787719,44,0,0.7863825,0
105787723,44,0,0.70599616,0
105787729,44,0,0.21533103,0
105788047,44,0,0.7338274,0
105788050,44,0,0.1296374,0
105788054,44,0,0.28212255,0
105788056,44,0,0.05623617,0
105788059,44,0,0.5772723,0
105788576,44,0,0.58487636,0
105788585,44,0,0.3896015,0
105788593,44,0,0.83406603,1
105788931,44,0,0.5615939,0
105788938,44,0,0.48082557,0
105788948,44,0,0.07544293,0
105788963,44,0,0.61034185,0
105788965,44,0,0.116313204,0
105788972,44,0,0.012533714,0
105790811,44,0,0.658319,0
105793572,44,0,0.7503271,0
105794231,44,0,0.15107358,0
105794579,44,0,0.0043943534,0
105794582,44,0,0.18650602,0
105794583,44,0,0.17473076,0
105795576,44,0,0.05646165,0
105795590,44,0,0.19431399,0
105795962,44,0,0.05183486,0
105795977,44,0,0.717279,0
105796768,44,0,0.7755786,0
105797625,44,0,0.7199972,0
105798658,44,0,0.69881606,0
105799448,44,0,0.0016738446,0
105801886,44,0,0.60770595,0
105801889,44,0,0.65801334,0
105802057,44,0,0.0,0
105803995,44,0,3.5088763e-06,0
105804005,44,0,0.00026161352,0
105804672,44,0,0.0,0
105805015,44,0,0.0,0
105805447,44,0,0.0,0
105809533,44,0,0.27672032,0
105809538,44,0,0.6856912,0
105811798,44,0,0.1837664,0
105812373,44,0,0.013862161,0
105816932,44,0,0.025024049,0
105816948,44,0,0.38253826,0
105817364,44,0,0.01620919,0
105820844,44,0,0.4936035,0
105822834,44,0,8.785626e-05,0
105822838,44,0,0.002355827,0
105822842,44,0,0.13012972,0
105822891,44,0,6.1653185e-07,0
105823844,44,0,3.713141e-07,0
105826991,44,0,0.010452496,0
105826996,44,0,0.049979575,0
105826998,44,0,0.0016369256,0
105827008,44,0,0.28735954,0
105830299,44,0,0.00025922246,0
105831634,44,0,0.50831497,0
105833469,44,0,0.11176825,0
105835589,44,0,2.3074885e-07,0
105836929,44,0,0.002386971,0
105836986,44,0,0.044968244,0
105840706,44,0,0.6499604,0
105842012,44,0,1.126071e-07,0
105842871,44,0,0.015861759,0
105843171,44,0,0.04778995,0
105843304,44,0,2.444771e-07,0
105843700,44,0,0.39020327,0
105843745,44,0,0.98871684,1
105843907,44,0,0.024421005,0
105845351,44,0,0.24551854,0
105845356,44,0,0.71622014,0
105845371,44,0,0.02176013,0
105845377,44,0,0.20149429,0
105845380,44,0,0.08253984,0
105845807,44,0,8.993583e-05,0
105845808,44,0,0.44245967,0
105845811,44,0,0.5797064,0
105846195,44,0,0.05554217,0
105846200,44,0,0.004613494,0
105846208,44,0,7.2115705e-05,0
105846234,44,0,2.9790526e-09,0
105847255,44,0,0.22413592,0
105847359,44,0,0.00092281745,0
105847360,44,0,0.19953927,0
105847366,44,0,0.3811004,0
105847374,44,0,0.26892957,0
105847379,44,0,0.2953877,0
105847380,44,0,0.16803943,0
105847384,44,0,8.496886e-06,0
105847385,44,0,0.30174544,0
105847388,44,0,0.0031374968,0
105847392,44,0,6.5965173e-07,0
105847397,44,0,0.011227524,0
105847402,44,0,0.15282217,0
105847407,44,0,0.3028762,0
105847456,44,0,1.142461e-05,0
105847558,44,0,0.39372945,0
105847566,44,0,0.15715632,0
105847568,44,0,0.06566461,0
105847569,44,0,0.7491219,0
105847570,44,0,1.2291199e-06,0
105847699,44,0,0.32551497,0
105847701,44,0,0.48839727,0
105847859,44,0,0.10763673,0
105847861,44,0,0.1419245,0
105847862,44,0,0.1837937,0
105847863,44,0,0.25319567,0
105847885,44,0,0.09544423,0
105847888,44,0,0.08851121,0
105847997,44,0,0.7024318,0
105848005,44,0,0.13049735,0
105848011,44,0,0.00726632,0
105848016,44,0,0.45111257,0
105848018,44,0,0.54985344,0
105848028,44,0,0.00055002753,0
105848040,44,0,1.4605206e-06,0
105848061,44,0,0.0405959,0
105848195,44,0,0.24825315,0
105848213,44,0,0.8301088,1
105848216,44,0,0.6569337,0
105848344,44,0,0.05561223,0
105848346,44,0,0.24083498,0
105848348,44,0,0.22295648,0
105848351,44,0,0.032581147,0
105848559,44,0,0.0001687882,0
105848571,44,0,0.008235997,0
105848574,44,0,0.0006720927,0
105848582,44,0,0.05530651,0
105848588,44,0,0.2654201,0
105848600,44,0,0.071188,0
105848603,44,0,0.017433375,0
105848606,44,0,0.40254197,0
105848607,44,0,0.39282337,0
105848609,44,0,0.14852676,0
105848904,44,0,0.027308132,0
105848906,44,0,0.06678597,0
105848910,44,0,0.24266762,0
105848940,44,0,0.00014961312,0
105848951,44,0,0.16464622,0
105848960,44,0,0.123689294,0
105849400,44,0,0.18312131,0
105849817,44,0,0.8247345,1
105849820,44,0,0.35120243,0
105849821,44,0,0.21168478,0
105849822,44,0,0.6209387,0
105849824,44,0,0.28090158,0
105849826,44,0,0.06303885,0
105849829,44,0,0.042416897,0
105849832,44,0,0.22203936,0
105850635,44,0,0.26659098,0
105850639,44,0,0.1022002,0
105853145,44,0,0.47132906,0
105853154,44,0,8.553828e-07,0
105853155,44,0,3.1937285e-17,0
105853157,44,0,0.00010315011,0
105853204,44,0,0.5826178,0
105853910,44,0,0.014228229,0
105853914,44,0,0.008064783,0
105853923,44,0,3.6215513e-13,0
105853924,44,0,0.0006713684,0
105853927,44,0,2.3957324e-05,0
105853980,44,0,0.35120365,0
105854897,44,0,0.3527842,0
105854903,44,0,0.0068674716,0
105854904,44,0,0.24124423,0
105856912,44,0,0.2357762,0
105856925,44,0,0.112153836,0
105856930,44,0,2.6930002e-07,0
105856938,44,0,0.29185063,0
105856967,44,0,0.05795485,0
105857305,44,0,0.14490047,0
105857310,44,0,0.40977636,0
105857335,44,0,0.060793385,0
105857346,44,0,0.00024364576,0
105857348,44,0,0.18676417,0
105857355,44,0,0.110227406,0
105857357,44,0,0.16629058,0
105857363,44,0,0.40458378,0
105857365,44,0,0.63322663,0
105857371,44,0,0.22301842,0
105857379,44,0,0.11776439,0
105857383,44,0,0.912405,1
105857393,44,0,0.2203247,0
105857415,44,0,0.44804344,0
105857417,44,0,0.39333984,0
105857434,44,0,0.052649613,0
105857507,44,0,0.03820745,0
105857510,44,0,0.5319951,0
105857511,44,0,0.26796082,0
105857516,44,0,0.17614023,0
105857523,44,0,0.42863587,0
105857525,44,0,0.30797985,0
105857555,44,0,0.37216362,0
105857972,44,0,0.58105135,0
105857976,44,0,0.16436106,0
105857977,44,0,0.6127923,0
105857979,44,0,0.8016169,1
105857982,44,0,0.23725435,0
105857989,44,0,0.1120675,0
105858001,44,0,0.3701086,0
105858005,44,0,0.13798544,0
105858007,44,0,0.16778001,0
105858022,44,0,0.5859273,0
105858024,44,0,0.6844156,0
105858026,44,0,0.19071259,0
105858029,44,0,0.36173928,0
105858037,44,0,0.58212817,0
105858040,44,0,0.1987503,0
105858047,44,0,0.049305532,0
105858057,44,0,0.07027579,0
105858069,44,0,0.15711874,0
105858077,44,0,0.46630004,0
105858110,44,0,0.003894945,0
105858118,44,0,0.020828476,0
105858126,44,0,0.34974808,0
105858174,44,0,0.64305615,0
105858181,44,0,0.25420597,0
105858510,44,0,0.09124521,0
105858515,44,0,0.6976214,0
105858525,44,0,0.5641143,0
105858531,44,0,0.39329696,0
105858545,44,0,0.6718596,0
105858748,44,0,0.013070095,0
105858763,44,0,0.5165144,0
105858770,44,0,0.22994111,0
105858772,44,0,0.23605789,0
105858774,44,0,0.06320274,0
105858961,44,0,0.09910304,0
105858968,44,0,0.31884727,0
105858970,44,0,0.011015857,0
105858988,44,0,0.15324493,0
105858997,44,0,0.06401307,0
105859007,44,0,3.9709903e-06,0
105859012,44,0,8.6792556e-05,0
105859017,44,0,0.11386138,0
105859019,44,0,3.211726e-06,0
105859023,44,0,0.16524126,0
105859028,44,0,0.23951146,0
105859030,44,0,0.7303645,0
105859033,44,0,0.31648445,0
105859039,44,0,1.0332997e-14,0
105859114,44,0,1.1257513e-14,0
105859122,44,0,1.4221645e-16,0
105859128,44,0,9.8266496e-17,0
105859497,44,0,4.6019522e-17,0
105859504,44,0,3.2919814e-16,0
105859508,44,0,1.1569048e-15,0
105859509,44,0,1.11018176e-13,0
105859510,44,0,1.9028296e-13,0
105859516,44,0,1.3005904e-13,0
105859521,44,0,1.9163313e-13,0
105859662,44,0,7.168692e-14,0
105859665,44,0,3.9836382e-13,0
105859670,44,0,3.067654e-14,0
105859675,44,0,5.2305987e-15,0
105859984,44,0,2.8337763e-16,0
105859990,44,0,1.3973166e-13,0
105860663,44,0,1.1047651e-14,0
105863950,44,0,0.07091867,0
105863955,44,0,0.6352528,0
105869870,44,0,0.47173533,0
105869875,44,0,0.3567302,0
105870722,44,0,0.025893169,0
105872529,44,0,8.350379e-15,0
105872536,44,0,6.8037544e-19,0
105872541,44,0,1.947001e-15,0
105876162,44,0,0.830543,1
105880084,44,0,0.17581727,0
105881008,44,0,3.973519e-11,0
105881066,44,0,0.5647156,0
105883533,44,0,0.0200971,0
105889570,44,0,0.046688948,0
105970310,44,0,2.5967557e-09,0
105971540,44,0,0.051123884,0
105972046,44,0,0.04297593,0
105974179,44,0,7.035739e-10,0
105974934,44,0,0.38408068,0
105974940,44,0,0.13237847,0
105974981,44,0,0.06007313,0
105974983,44,0,0.50128686,0
105975005,44,0,0.6429142,0
105975011,44,0,0.6829442,0
105975022,44,0,0.49006677,0
105975030,44,0,0.12383066,0
105975036,44,0,0.09695821,0
105975043,44,0,0.47625533,0
105975051,44,0,0.0,0
105975729,44,0,0.0020512727,0
105975757,44,0,0.3445924,0
105975772,44,0,0.060655955,0
105975780,44,0,0.17541313,0
105975793,44,0,0.51097393,0
105975798,44,0,0.5681993,0
105975809,44,0,4.1869434e-06,0
105975819,44,0,0.56402135,0
105975823,44,0,0.3189606,0
105975837,44,0,0.045852005,0
105976245,44,0,0.44307333,0
105976249,44,0,0.057808276,0
105976265,44,0,0.09692421,0
105976278,44,0,0.39216658,0
105976285,44,0,0.0819499,0
105976288,44,0,0.32913417,0
105976291,44,0,0.4752999,0
105976320,44,0,0.12172166,0
105976663,44,0,0.04264459,0
105976679,44,0,0.43008375,0
105976681,44,0,0.3558523,0
105976690,44,0,0.40440965,0
105976714,44,0,0.5480851,0
105976727,44,0,0.42653224,0
105976742,44,0,0.6413802,0
105976778,44,0,0.30975074,0
105976796,44,0,0.5570278,0
105977106,44,0,0.5739137,0
105977332,44,0,0.15353915,0
105977359,44,0,0.4533676,0
105977405,44,0,0.38636732,0
105978049,44,0,0.5855257,0
105978908,44,0,0.30798164,0
105978919,44,0,0.29242274,0
105978945,44,0,0.44785944,0
105978993,44,0,0.22816603,0
105979018,44,0,0.46585804,0
105979024,44,0,0.5173354,0
105979059,44,0,0.38661256,0
105979074,44,0,0.04508007,0
105979273,44,0,0.14426692,0
105979312,44,0,0.00054286164,0
105979446,44,0,0.25744712,0
105979462,44,0,0.07309877,0
105979502,44,0,0.5588513,0
105979509,44,0,0.61874026,0
105979512,44,0,0.35324988,0
105979515,44,0,0.36786732,0
105979518,44,0,0.5713606,0
105979533,44,0,0.30357766,0
105979565,44,0,0.077200904,0
105979574,44,0,0.50183266,0
105980044,44,0,0.26818103,0
105980184,44,0,0.41417813,0
105980207,44,0,0.75829184,0
105980399,44,0,0.49719262,0
105980689,44,0,0.029087774,0
105980724,44,0,0.25958884,0
105980769,44,0,0.4523076,0
105981223,44,0,0.2609689,0
105983580,44,1,0.06591432,0
105984764,44,1,0.009353481,0
105984775,44,1,0.050412804,0
105984953,44,0,0.14191952,0
105984960,44,0,0.6603983,0
105985052,44,1,0.44773084,0
105985420,44,1,0.59165037,0
105985877,44,0,3.4498804e-05,0
105986274,44,0,0.021752467,0
105987885,44,0,0.1538257,0
105988422,44,0,0.07641559,0
105991496,44,1,0.21831784,0
105991979,44,0,0.35557985,0
105992553,44,1,0.5163948,0
105993456,44,0,0.0047411704,0
105994274,44,0,0.02384839,0
105995251,44,0,3.5614216e-06,0
105995296,44,0,0.0011223712,0
105995342,44,0,0.018387029,0
105995393,44,0,0.057328496,0
105996180,44,0,0.077330545,0
105997028,44,0,0.02652438,0
105997712,44,0,0.11801828,0
106000000,44,0,0.6136281,0
106000120,44,0,0.57575864,0
106001186,44,1,0.86609733,1
106001737,44,0,0.0705139,0
106001826,44,0,0.79800624,1
106002141,44,0,9.12785e-23,0
106003332,44,0,0.005070569,0
106003336,44,0,0.0060629016,0
106003747,44,0,0.9991454,1
106009210,44,0,0.05098999,0
106009303,44,1,0.3557403,0
106012025,44,0,1.236197e-08,0
106017092,44,0,0.00012353939,0
106019639,44,0,2.798257e-09,0
106019788,44,0,0.688828,0
106019798,44,0,1.1182296e-17,0
106020755,44,0,5.7588037e-09,0
106020764,44,0,2.2125668e-07,0
106020955,44,0,1.6641263e-07,0
106021879,44,0,4.630987e-19,0
106021888,44,0,0.004158976,0
106022453,44,0,0.0020677752,0
106043150,44,0,0.004526188,0
106043152,44,0,2.5017569e-05,0
106292661,44,0,0.3186128,0
106293478,44,0,0.2775737,0
106293481,44,0,0.5425274,0
106293487,44,0,0.5912349,0
106293493,44,0,0.047838006,0
106294004,44,0,0.2686377,0
106294472,44,0,0.12243246,0
106295448,44,0,0.12018697,0
106295450,44,0,0.001567518,0
106297576,44,0,0.0068610124,0
106298195,44,0,0.11125921,0
106299311,44,0,0.13022695,0
106300092,44,0,0.07859651,0
106300458,44,0,1.4824173e-09,0
106301191,44,0,1.210739e-07,0
106301199,44,0,0.026450137,0
106302011,44,0,3.674166e-16,0
106302016,44,0,0.0,0
106302508,44,0,0.0,0
106302519,44,0,0.0,0
106302521,44,0,0.0,0
106303457,44,0,5.3840677e-06,0
106303787,44,0,1.2158261e-05,0
106304168,44,0,0.9448945,1
106304171,44,0,0.6389288,0
106304526,44,0,0.1727464,0
106304530,44,0,0.07521797,0
106304533,44,0,0.39043817,0
106304961,44,0,0.022885079,0
106305307,44,0,0.26965603,0
106305311,44,0,0.27351707,0
106305313,44,0,0.19492449,0
106305473,44,0,0.32506445,0
106305476,44,0,0.21170972,0
106305484,44,0,0.32115832,0
106305949,44,0,0.023154056,0
106306179,44,0,0.36973667,0
106306403,44,0,0.34428394,0
106306407,44,0,0.69973904,0
106306410,44,0,0.5314962,0
106306420,44,0,0.10040085,0
106306421,44,0,0.1260072,0
106306441,44,0,0.04573523,0
106306459,44,0,0.113360845,0
106306769,44,0,0.058736924,0
106306778,44,0,0.7413117,0
106307051,44,0,0.1795542,0
106307084,44,0,0.58378947,0
106307095,44,0,0.18296036,0
106307173,44,0,0.58283645,0
106307211,44,0,0.25271064,0
106307213,44,0,0.18894172,0
106307477,44,0,0.0,0
106307481,44,0,0.76838076,0
106307652,44,0,0.58019686,0
106308231,44,0,0.572946,0
106308615,44,0,0.33514428,0
106309219,44,0,0.60841805,0
106309227,44,0,0.83227575,1
106309530,44,0,0.10755853,0
106309532,44,0,0.5311808,0
106309535,44,0,0.034654327,0
106309678,44,0,0.027989326,0
106309997,44,0,0.06197467,0
106310004,44,0,0.15041976,0
106310007,44,0,0.03695586,0
106310561,44,0,0.28266397,0
106310566,44,0,0.7684979,0
106310568,44,0,0.11601008,0
106310572,44,0,0.29218525,0
106310573,44,0,0.031338498,0
106310574,44,0,0.045499448,0
106310652,44,0,0.05487302,0
106310669,44,0,0.68647283,0
106310679,44,0,0.5384698,0
106310687,44,0,0.38745698,0
106310699,44,0,0.7184789,0
106311163,44,0,0.014982484,0
106311172,44,0,0.6607023,0
106311181,44,0,0.7911171,0
106311426,44,0,0.2909543,0
106311436,44,0,0.0043947455,0
106311440,44,0,0.41237736,0
106311921,44,0,0.06318718,0
106311926,44,0,0.040542223,0
106311927,44,0,0.66157544,0
106311933,44,0,0.11662266,0
106311942,44,0,0.0910232,0
106311948,44,0,0.0068222675,0
106311950,44,0,0.041798234,0
106311953,44,0,0.54063374,0
106311963,44,0,0.6979567,0
106311964,44,0,0.27583504,0
106311965,44,0,0.0109577365,0
106311970,44,0,0.050194845,0
106311971,44,0,0.34371743,0
106311975,44,0,0.25987685,0
106312186,44,0,0.30220953,0
106312433,44,0,0.014897333,0
106312648,44,0,0.6964688,0
106312649,44,0,0.6818096,0
106312654,44,0,0.8852186,1
106312809,44,0,0.2564316,0
106313047,44,0,0.64850247,0
106313283,44,0,0.37639546,0
106313302,44,0,0.44450027,0
106313316,44,0,0.13284455,0
106313324,44,0,0.51525515,0
106313325,44,0,0.018406227,0
106313327,44,0,0.06742484,0
106313330,44,0,0.039301936,0
106313491,44,0,0.40713018,0
106314062,44,0,0.121950656,0
106314065,44,0,0.7477568,0
106314066,44,0,0.13026103,0
106314067,44,0,0.57459724,0
106314068,44,0,0.5271712,0
106314179,44,0,0.01889274,0
106314180,44,0,0.003971279,0
106314181,44,0,0.41877905,0
106314182,44,0,0.4149849,0
106314186,44,0,0.07871421,0
106314364,44,0,0.49823314,0
106314544,44,0,0.06622902,0
106314555,44,0,0.24078391,0
106314557,44,0,0.14070101,0
106314563,44,0,0.6520279,0
106314567,44,0,0.70994234,0
106314572,44,0,0.6522951,0
106314576,44,0,0.834941,1
106314762,44,0,0.10802689,0
106314771,44,0,0.033984706,0
106314781,44,0,0.0009739863,0
106314993,44,0,0.14702335,0
106315203,44,0,0.6398322,0
106315204,44,0,0.054053612,0
106315209,44,0,0.49359554,0
106315211,44,0,0.68712574,0
106315214,44,0,0.45398158,0
106315226,44,0,0.031631924,0
106315240,44,0,0.34650666,0
106315705,44,0,0.42945668,0
106315862,44,0,0.4566538,0
106316732,44,0,0.22854699,0
106317037,44,0,0.6043302,0
106317210,44,0,0.0970659,0
106317215,44,0,0.04251545,0
106317574,44,0,0.03376858,0
106317580,44,0,0.04616988,0
106317581,44,0,0.25256926,0
106317601,44,0,0.15637435,0
106317602,44,0,0.014809383,0
106317727,44,0,0.5097294,0
106318007,44,0,0.45951736,0
106318154,44,0,0.16078743,0
106318883,44,0,0.019721944,0
106318945,44,0,0.31950352,0
106318951,44,0,0.65071654,0
106318955,44,0,0.39918706,0
106318958,44,0,0.06957917,0
106318963,44,0,0.11401004,0
106319718,44,0,0.38820454,0
106319719,44,0,0.18032947,0
106319720,44,0,0.7043651,0
106319726,44,0,0.12589347,0
106319728,44,0,0.5338731,0
106319731,44,0,0.01032827,0
106319919,44,0,0.0,0
106320422,44,0,7.193351e-20,0
106320643,44,0,0.0,0
106321019,44,0,0.0,0
106321169,44,0,0.55175585,0
106321173,44,0,0.25516617,0
106322161,44,0,0.00013718526,0
106323309,44,0,0.0738579,0
106323319,44,0,0.00431786,0
106323743,44,0,0.08211484,0
106323756,44,0,0.71907705,0
106325400,44,0,0.4814909,0
106325406,44,0,0.09710689,0
106325771,44,0,0.020794448,0
106326100,44,0,0.5990186,0
106328862,44,0,0.55412334,0
106330472,44,0,0.15184048,0
106330476,44,0,0.0004971317,0
106330478,44,0,0.0007984137,0
106330481,44,0,0.06661631,0
106330487,44,0,0.0043598744,0
106330496,44,0,0.0038028555,0
106335701,44,0,3.073371e-07,0
106339363,44,0,0.79906267,1
106339460,44,0,0.014768198,0
106339810,44,0,0.0076428284,0
106339814,44,0,0.0019954266,0
106342427,44,1,0.4656476,0
106342670,44,0,0.20997532,0
106343043,44,0,0.03372292,0
106343046,44,0,3.3722729e-06,0
106344760,44,0,5.330753e-11,0
106345267,44,0,7.235763e-07,0
106345268,44,0,1.4147179e-10,0
106345274,44,0,1.3052252e-07,0
106347785,44,0,0.00074200175,0
106350685,44,0,2.1717465e-15,0
106352563,44,0,0.013557531,0
106353589,44,0,1.7981965e-06,0
106353923,44,0,1.9770887e-07,0
106358134,44,0,0.23226231,0
106358137,44,0,0.26453808,0
106359119,44,0,0.4382946,0
106359123,44,0,0.61857945,0
106360449,44,0,0.18275665,0
106360467,44,0,2.1236632e-09,0
106360479,44,0,0.030257396,0
106360921,44,0,0.0,0
106363051,44,0,0.053043354,0
106364654,44,0,0.007905088,0
106364657,44,0,0.0001725788,0
106364665,44,0,0.14026505,0
106364886,44,0,0.0031815625,0
106364914,44,0,0.28095245,0
106364923,44,0,0.7036138,0
106366227,44,0,0.00062402117,0
106366575,44,0,0.34363857,0
106366578,44,0,0.010190771,0
106366586,44,0,0.0025041157,0
106366590,44,0,0.005397451,0
106366595,44,0,0.03679742,0
106368295,44,0,0.0,0
106368711,44,0,1.3094406e-07,0
106370308,44,0,0.0005271347,0
106372021,44,0,0.04093006,0
106375667,44,0,2.346583e-12,0
106376436,44,0,0.0,0
106376443,44,0,0.01350358,0
106376532,44,0,0.69299674,0
106376535,44,0,0.008054025,0
106379869,44,0,1.5830818e-15,0
106379873,44,0,2.5281462e-15,0
106380383,44,0,0.06634746,0
106380387,44,0,0.209253,0
106380398,44,0,0.16557176,0
106380409,44,0,0.29585665,0
106380411,44,0,0.36965,0
106380422,44,0,0.14250956,0
106380424,44,0,0.712268,0
106381045,44,0,0.18464398,0
106381047,44,0,0.3161216,0
106386378,44,0,0.0010087942,0
106386385,44,0,0.045033585,0
106386386,44,0,0.038638137,0
106387795,44,0,7.746881e-16,0
106388151,44,0,0.27722472,0
106388155,44,0,0.17214894,0
106388477,44,0,1.4823066e-05,0
106388485,44,0,0.05061533,0
106388488,44,0,0.6246302,0
106388531,44,0,0.23628141,0
106388533,44,0,0.16630833,0
106388538,44,0,0.020446807,0
106388541,44,0,0.03382862,0
106388579,44,0,0.03498508,0
106388793,44,0,0.08299609,0
106388886,44,0,0.6228385,0
106388887,44,0,0.46387333,0
106388897,44,0,0.052384526,0
106388899,44,0,0.28128305,0
106389304,44,0,0.32386664,0
106389311,44,0,0.31862855,0
106390056,44,0,0.00024616058,0
106390064,44,0,0.35366404,0
106390068,44,0,0.35581678,0
106390184,44,0,0.53445363,0
106390194,44,0,4.5626534e-06,0
106390578,44,0,9.8114484e-08,0
106390783,44,0,0.06304172,0
106390786,44,0,0.4244517,0
106390804,44,0,0.6305751,0
106390808,44,0,0.4056995,0
106391268,44,0,1.1337571e-13,0
106391278,44,0,0.05391608,0
106391289,44,0,0.10600561,0
106391932,44,0,0.05057971,0
106391950,44,0,0.12000014,0
106391956,44,0,0.09560262,0
106391960,44,0,0.3537432,0
106391967,44,0,0.47363403,0
106392554,44,0,0.5444511,0
106393044,44,0,0.30819815,0
106393045,44,0,0.39837724,0
106393052,44,0,0.479336,0
106393280,44,0,0.20741694,0
106393296,44,0,0.33982545,0
106393301,44,0,0.27436763,0
106393325,44,0,1.1851235e-12,0
106393330,44,0,0.2301361,0
106393334,44,0,0.49622574,0
106393474,44,0,0.38912186,0
106393478,44,0,0.30474043,0
106393479,44,0,0.68397933,0
106393714,44,0,0.28574932,0
106393924,44,0,0.41747677,0
106393926,44,0,0.024255611,0
106396805,44,0,0.11436214,0
106397435,44,0,6.257991e-05,0
106397441,44,0,0.0,0
106398163,44,0,0.011425349,0
106400431,44,0,0.0026808481,0
106400435,44,0,0.6498372,0
106400561,44,0,0.0005867869,0
106401457,44,0,0.0009264753,0
106401474,44,0,0.02820709,0
106401837,44,0,0.14812312,0
106402217,44,0,0.00028299433,0
106402446,44,0,0.19361418,0
106402454,44,0,0.7897273,0
106402458,44,0,0.0064943773,0
106402463,44,0,0.3044579,0
106402470,44,0,0.10427286,0
106402482,44,0,0.00046280143,0
106403370,44,0,2.1475015e-15,0
106403375,44,0,9.470663e-16,0
106403381,44,0,2.93709e-15,0
106406022,44,0,0.017405462,0
106406046,44,0,0.004783501,0
106406854,44,0,0.3833226,0
106411213,44,0,1.3607043e-15,0
106411215,44,0,1.8456835e-16,0
106411216,44,0,1.6738481e-15,0
106411222,44,0,2.1059731e-15,0
106411254,44,0,0.0,0
106413261,44,0,0.19105633,0
106413265,44,0,0.72377616,0
106413267,44,0,0.092256345,0
106413466,44,0,0.12706059,0
106413470,44,0,0.05061249,0
106413598,44,0,0.0427212,0
106413601,44,0,0.23922428,0
106413758,44,0,4.838097e-05,0
106413774,44,0,0.0011739945,0
106413922,44,0,0.27479425,0
106414086,44,0,0.33410895,0
106414113,44,0,0.27853125,0
106414116,44,0,0.5158145,0
106414122,44,0,0.009869067,0
106414126,44,0,0.039768998,0
106414143,44,0,0.20270994,0
106414252,44,0,0.21174781,0
106414664,44,0,0.46455854,0
106414666,44,0,0.031696007,0
106414667,44,0,0.03667648,0
106414670,44,0,0.00013297496,0
106414899,44,0,0.3508927,0
106414917,44,0,1.7934195e-14,0
106415246,44,0,0.2814709,0
106415248,44,0,0.21259083,0
106415653,44,0,0.27852106,0
106415654,44,0,0.26727885,0
106415655,44,0,0.04269773,0
106415656,44,0,0.15362634,0
106415657,44,0,0.04797252,0
106415661,44,0,0.37687558,0
106415662,44,0,0.36994448,0
106415665,44,0,0.27945518,0
106415760,44,0,0.5698103,0
106415987,44,0,0.44286102,0
106416051,44,0,0.57655215,0
106416065,44,0,0.34256867,0
106416066,44,0,1.9292407e-13,0
106416290,44,0,0.11076036,0
106416442,44,0,0.18433565,0
106416449,44,0,0.5356273,0
106416690,44,0,0.28124323,0
106416831,44,0,0.0064803385,0
106416833,44,0,0.000584358,0
106417087,44,0,0.00088301057,0
106417106,44,0,0.27256218,0
106417109,44,0,0.28933737,0
106417238,44,0,0.55939364,0
106417251,44,0,0.141482,0
106417541,44,0,0.042339988,0
106417542,44,0,0.7637069,0
106417543,44,0,0.033014055,0
106417545,44,0,0.12391252,0
106417596,44,0,0.59838724,0
106417612,44,0,0.2846772,0
106417618,44,0,0.09021618,0
106417628,44,0,0.48600677,0
106418366,44,0,2.582757e-13,0
106418668,44,0,1.9383991e-13,0
106418672,44,0,1.12304905e-14,0
106426575,44,0,0.00017983498,0
106427696,44,0,0.075089924,0
106436626,44,0,0.03227159,0
106438780,44,0,0.00043653056,0
106445703,44,0,1.2666852e-17,0
106446312,44,0,8.251857e-17,0
106446315,44,0,2.5530367e-13,0
106446349,44,0,5.006575e-15,0
106446357,44,0,3.506661e-17,0
106451980,44,0,0.20176113,0
106456521,44,0,7.853966e-10,0
106490549,44,0,0.366752,0
106500745,44,0,0.047019288,0
106506098,44,0,0.1491699,0
106703678,44,0,6.791381e-13,0
106708266,44,0,3.8693565e-07,0
106708277,44,0,0.023564674,0
106708597,44,0,0.43561637,0
106709271,44,0,0.014454487,0
106709573,44,0,0.070742205,0
106709992,44,0,0.594554,0
106710020,44,0,0.06335321,0
106712340,44,0,0.3869308,0
106712364,44,0,3.9983863e-07,0
106712617,44,0,0.048526112,0
106713427,44,0,1.36111415e-08,0
106713531,44,0,2.1405764e-09,0
106713535,44,0,3.8700979e-10,0
106713551,44,0,0.12848362,0
106713554,44,0,0.6168739,0
106713558,44,0,0.0118858535,0
106713561,44,0,0.38432172,0
106713565,44,0,0.026628062,0
106713598,44,0,2.4870346e-06,0
106713640,44,0,0.19068913,0
106713643,44,0,0.7045487,0
106713844,44,0,4.4292395e-15,0
106714924,44,0,2.2609715e-05,0
106717907,44,0,0.046786048,0
106718344,44,0,0.13523687,0
106718595,44,0,0.08700103,0
106718650,44,0,0.5012787,0
106720346,44,0,0.20928045,0
106720358,44,0,0.2160682,0
106720807,44,0,0.35650226,0
106721585,44,0,0.58057547,0
106722371,44,0,0.77877766,0
106722384,44,0,0.095711514,0
106722389,44,0,0.07091573,0
106722397,44,0,0.36533484,0
106722979,44,0,0.15745266,0
106723407,44,0,0.22061422,0
106723410,44,0,0.56338674,0
106723412,44,0,0.045033727,0
106723890,44,0,0.09855319,0
106724411,44,0,0.16225907,0
106724417,44,0,0.33123693,0
106724860,44,0,0.098531775,0
106728267,44,0,0.33671117,0
106728691,44,0,0.04402124,0
106729589,44,0,0.097693875,0
106731467,44,0,0.0,0
106732211,44,0,0.0,0
106732910,44,0,0.0,0
106734429,44,0,0.026913641,0
106734819,44,0,0.013524679,0
106735343,44,0,0.17801863,0
106735346,44,0,0.015940195,0
106737698,44,0,0.009619023,0
106738265,44,0,0.0023243232,0
106742137,44,0,0.3140765,0
106742188,44,0,0.6206631,0
106742192,44,0,0.096346736,0
106747707,44,0,0.14229605,0
106747709,44,0,0.031380214,0
106748672,44,0,0.16695476,0
106756614,44,0,0.0006883027,0
106757918,44,0,0.05763263,0
106759912,44,0,0.00926199,0
106760314,44,0,0.00084625476,0
106761396,44,0,0.0486092,0
106761612,44,0,6.3020434e-06,0
106761614,44,0,0.122652404,0
106761616,44,0,0.09011795,0
106763379,44,0,0.0,0
106764741,44,0,0.0,0
106764771,44,0,0.0,0
106766282,44,0,0.2208126,0
106766286,44,0,0.4798045,0
106766292,44,0,0.37622455,0
106767220,44,0,0.43929493,0
106770255,44,0,3.7663352e-09,0
106770264,44,0,3.2418273e-09,0
106775444,44,0,9.877503e-16,0
106779683,44,0,2.7373135e-06,0
106779685,44,0,8.0640285e-07,0
106785169,44,0,0.018405825,0
106789142,44,0,2.911446e-10,0
106789165,44,0,6.687362e-14,0
106790558,44,0,6.1548295e-09,0
106790814,44,0,0.010060932,0
106792699,44,0,4.3563134e-07,0
106793932,44,0,4.6211218e-07,0
106798419,44,0,0.015005456,0
106801211,44,0,7.489846e-18,0
106801876,44,0,0.6186489,0
106802152,44,0,0.13871129,0
106802280,44,0,0.27332067,0
106802601,44,0,0.3473764,0
106802620,44,0,0.22005442,0
106803456,44,0,0.36817756,0
106803465,44,0,0.09892465,0
106803466,44,0,0.6749487,0
106803469,44,0,0.34914377,0
106803479,44,0,1.0726101e-15,0
106804491,44,0,3.6415297e-08,0
106805385,44,0,0.3744692,0
106813377,44,0,0.01401891,0
106814413,44,0,0.17063756,0
106814414,44,0,0.2383883,0
106814423,44,0,0.003198323,0
106814429,44,0,0.0,0
106814461,44,0,5.363842e-07,0
106814727,44,0,0.35267103,0
106814876,44,0,0.7047027,0
106814883,44,0,0.17556365,0
106814886,44,0,0.14162971,0
106814889,44,0,0.3562351,0
106814893,44,0,0.33319864,0
106814903,44,0,1.1404744e-05,0
106814904,44,0,8.945471e-05,0
106814905,44,0,0.38039082,0
106814909,44,0,0.48091787,0
106814911,44,0,0.6669344,0
106814914,44,0,0.32368842,0
106815168,44,0,1.9502054e-22,0
106815179,44,0,0.68823576,0
106815186,44,0,0.40463766,0
106815188,44,0,6.7663194e-07,0
106815647,44,0,0.80483234,1
106815649,44,0,0.62849706,0
106815650,44,0,1.1786898e-06,0
106815670,44,0,0.37402564,0
106815678,44,0,0.17380029,0
106815681,44,0,0.022425195,0
106815684,44,0,0.31986642,0
106815685,44,0,0.11586593,0
106815694,44,0,0.8017048,1
106815698,44,0,0.0360051,0
106815720,44,0,0.75176454,0
106815723,44,0,0.48408845,0
106815727,44,0,1.9594947e-07,0
106816120,44,0,0.000857316,0
106816122,44,0,0.028795287,0
106816389,44,0,1.6081486e-09,0
106816403,44,0,0.042037234,0
106816407,44,0,0.16336021,0
106816409,44,0,0.100372724,0
106816412,44,0,0.43922973,0
106816546,44,0,2.9151483e-09,0
106816567,44,0,0.4235664,0
106816572,44,0,0.13974074,0
106816574,44,0,0.3457629,0
106816578,44,0,0.42252758,0
106816622,44,0,0.5589167,0
106816626,44,0,0.35157904,0
106816817,44,0,0.00075393316,0
106816819,44,0,0.0028065399,0
106821568,44,0,0.6181242,0
106821926,44,0,0.21646121,0
106821929,44,0,0.27547336,0
106832865,44,0,0.00034237356,0
106832866,44,0,0.0043002004,0
106832873,44,0,1.6008586e-07,0
106832875,44,0,2.046611e-10,0
106832877,44,0,7.704561e-08,0
106832879,44,0,0.0006327985,0
106832882,44,0,9.5877866e-08,0
106835394,44,0,3.6220232e-08,0
106835395,44,0,4.416871e-07,0
106841518,44,0,1.7170758e-07,0
106841885,44,0,8.944764e-08,0
106841892,44,0,4.8359754e-05,0
106841897,44,0,4.066203e-08,0
106841898,44,0,2.6001224e-08,0
106841903,44,0,6.327417e-08,0
106841904,44,0,1.8418548e-07,0
106841905,44,0,9.0395055e-08,0
106841906,44,0,6.9683416e-08,0
106841909,44,0,6.6023404e-08,0
106841937,44,0,4.9320015e-08,0
106841938,44,0,3.4054718e-08,0
106841947,44,0,1.5891507e-06,0
106841954,44,0,2.928053e-06,0
106842395,44,0,0.02135827,0
106844593,44,0,5.734079e-08,0
106846941,44,0,0.00013936657,0
106846949,44,0,1.6484573e-07,0
106846950,44,0,5.4672306e-08,0
106846953,44,0,2.7732858e-07,0
106846959,44,0,4.5917325e-08,0
106847281,44,0,0.0001291292,0
106849230,44,0,1.1067009e-07,0
106849236,44,0,0.010367154,0
106849239,44,0,3.3167373e-06,0
106851997,44,0,0.0686113,0
106854410,44,0,0.44142568,0
106854417,44,0,2.479645e-07,0
106854901,44,0,3.8646352e-08,0
106854916,44,0,0.03698102,0
106855390,44,0,0.275506,0
106855396,44,0,2.8914002e-07,0
106855417,44,0,0.75663644,0
106855735,44,0,3.147997e-08,0
106855739,44,0,0.28786647,0
106855851,44,0,1.2464064e-07,0
106856152,44,0,0.44056222,0
106856158,44,0,0.1308067,0
106856176,44,0,0.31951097,0
106856225,44,0,2.366413e-05,0
106856753,44,0,0.34629244,0
106856770,44,0,0.008647905,0
106856776,44,0,0.34827548,0
106857117,44,0,0.3742393,0
106857647,44,0,0.27786794,0
106857655,44,0,0.2767959,0
106857686,44,0,0.032722995,0
107083982,44,1,0.13495506,0
107083983,44,1,0.20726947,0
107090648,44,0,1.9459285e-11,0
107095395,44,0,0.041302375,0
107096488,44,0,2.6147267e-05,0
107099177,44,0,7.4113956e-07,0
107152411,44,0,1.4380566e-15,0
107152811,44,0,1.3112112e-13,0
107153626,44,0,0.00017054121,0
107189098,44,1,0.2911899,0
107203747,44,0,0.0015379926,0
107203756,44,1,0.02321544,0
107207779,44,0,6.506828e-08,0
107208682,44,0,0.053075306,0
107209112,44,0,1.11654135e-05,0
107210875,44,0,0.019230932,0
107215283,44,0,0.04025394,0
107215353,44,0,0.0012274004,0
107241062,44,0,4.6254865e-08,0
107624551,44,0,0.0012492816,0
107667368,44,0,0.00030185934,0
107730071,44,1,0.0032313433,0
107984774,44,0,0.07091974,0
108020351,44,0,0.16753033,0
108052314,44,0,0.0067560733,0
108061129,44,0,3.0907308e-13,0
108061969,44,0,4.810802e-11,0
108079275,44,0,0.17680047,0
108348142,44,0,0.00037289943,0
108374456,44,0,2.5300222e-08,0
108625810,44,0,0.00048126926,0
108642902,44,0,0.28762397,0
108668266,44,0,0.5213475,0
108834888,44,0,0.0005243729,0
108958300,44,0,0.03374762,0
110277049,44,0,0.21286608,0
110613202,44,0,3.9337595e-13,0
110615385,44,0,0.012354245,0
111350697,44,0,3.317053e-13,0
111691229,44,0,0.2580629,0
112066522,44,0,1.9655758e-11,0
112066529,44,0,1.625812e-12,0
112128404,44,0,1.7647138e-09,0
112155595,44,0,3.139487e-09,0
112165914,44,0,2.9805873e-09,0
112169131,44,0,2.8471572e-13,0
112180376,44,0,1.2269798e-07,0
112989226,44,0,0.040555123,0
113621810,44,1,0.047189053,0
114145013,44,0,5.522479e-17,0
116404205,44,0,1.2867556e-09,0
117528489,44,0,1.932361e-12,0
125586867,44,0,0.21747014,0
137195720,44,0,3.5752127e-08,0
146765860,44,0,4.503504e-08,0
152162426,44,0,2.8243025e-07,0
171946550,44,0,1.1753515e-06,0
176542167,44,0,5.312009e-05,0
184258756,44,0,1.2410145e-07,0
189431228,44,0,0.0005216967,0
192036634,44,0,0.19894022,0
194762319,44,0,1.8115676e-07,0
195971645,44,0,2.409126e-09,0
195994689,44,0,0.013393769,0
195998740,44,0,1.2243486e-07,0
204431163,44,0,6.457534e-08,0
205173027,44,0,5.1166815e-10,0
205617051,44,0,4.1495434e-05,0
206400080,44,0,4.5618947e-08,0
212417056,44,0,3.657112e-05,0
216053734,44,0,0.018783491,0
223196221,44,0,3.4614342e-05,0
226581611,44,0,3.6468546e-08,0
227122956,44,0,0.25303876,0
231335117,44,0,1.6193583e-07,0
238457456,44,0,9.6083085e-08,0
247943534,44,0,0.0029132583,0
256730850,44,0,0.44969732,0
258878816,44,0,4.103022e-08,0
259974893,44,0,6.8753683e-13,0
260380323,44,0,2.1952765e-08,0
261272976,44,0,0.165735,0
261276912,44,0,7.1477655e-13,0
261279960,44,0,0.00012744477,0
261281884,44,0,0.82508326,1
261379273,44,0,3.0656042e-06,0
261381528,44,0,6.1559e-07,0
261387986,44,0,0.09495009,0
261445904,44,0,0.35673553,0
261461032,44,0,0.70772743,0
261461040,44,0,0.0248248,0
261461741,44,0,0.00090826076,0
261465111,44,0,0.10490831,0
261465230,44,0,0.042742018,0
261469380,44,0,0.58078086,0
261472203,44,0,5.83439e-14,0
261493471,44,0,0.00044084323,0
261622438,44,0,1.8377107e-11,0
261625437,44,0,4.071301e-12,0
261625895,44,0,2.770922e-08,0
261628687,44,0,5.9147336e-08,0
261629017,44,0,2.2444402e-08,0
261629021,44,0,6.6336886e-10,0
261635589,44,0,8.4149615e-10,0
4613408,45,0,0.0,0
5582638,45,0,0.00020034691,0
6763282,45,0,0.021445308,0
7556199,45,0,1.182879e-08,0
8930897,45,0,8.156892e-12,0
9995261,45,0,0.3692745,0
9995263,45,0,0.0,0
10001510,45,0,0.12817357,0
10501149,45,0,0.048968725,0
11193869,45,0,1.0336821e-05,0
12172125,45,0,0.0018053219,0
12299920,45,0,0.0,0
12897892,45,0,0.0,0
14553162,45,0,2.8682705e-05,0
15345702,45,0,0.037638687,0
15984816,45,0,5.1344202e-08,0
18432712,45,0,0.18644077,0
18740931,45,0,0.010181943,0
19670253,45,0,2.2180523e-06,0
20521889,45,0,0.0013077336,0
21236531,45,0,0.52246016,0
21961961,45,0,4.878911e-09,0
23960543,45,0,0.010988688,0
24492393,45,0,0.0,0
24974748,45,0,0.0,0
25820894,45,0,6.8125115e-07,0
27384053,45,0,0.013687431,0
28027132,45,0,0.00057885813,0
28769946,45,0,0.0076174675,0
29410189,45,0,0.0,0
30341039,45,0,0.0,0
32454472,45,0,0.0,0
32915977,45,0,0.0,0
32997125,45,0,9.493758e-35,0
33454081,45,0,0.0,0
33596051,45,0,0.11558992,0
33678975,45,0,1.0732522e-16,0
34378032,45,0,0.005555634,0
34579078,45,0,1.2313612e-34,0
34758937,45,0,0.0075960467,0
34763699,45,0,0.0,0
35617620,45,0,0.0006219729,0
35712479,45,0,0.012636088,0
35712480,45,0,0.0045029772,0
35776348,45,0,0.019416915,0
35776357,45,0,0.0125391865,0
37554474,45,0,0.16266307,0
39877439,45,0,3.4840417e-09,0
40917947,45,0,0.0,0
41847079,45,0,1.5060805e-17,0
43063865,45,0,0.678191,0
44496706,45,0,0.004080046,0
45656066,45,0,0.010930969,0
45664854,45,0,4.8934985e-06,0
45768270,45,0,0.0,0
47050542,45,0,0.006484244,0
48838141,45,0,0.621732,0
49107501,45,0,7.27782e-07,0
49365699,45,0,0.0,0
50257327,45,0,0.3782122,0
50979127,45,0,0.78626937,0
52631434,45,0,0.0,0
53063584,45,0,7.77337e-05,0
54092562,45,0,0.04648296,0
55650952,45,0,4.141541e-12,0
55650955,45,0,6.3439504e-05,0
55850467,45,0,0.16522333,0
56567194,45,0,0.0,0
58661827,45,0,9.8466226e-05,0
59510262,45,0,3.953274e-07,0
60687058,45,0,0.21123831,0
60687059,45,0,0.6979968,0
62023289,45,0,0.002049448,0
62049573,45,0,0.464359,0
62388992,45,0,0.25351393,0
64114945,45,0,0.0013211633,0
64852016,45,0,0.011675091,0
66349722,45,0,0.0,0
67711755,45,0,0.4083763,0
68583113,45,0,0.0,0
69976194,45,0,0.22733568,0
73643913,45,0,8.501732e-08,0
76941945,45,0,7.4911936e-06,0
78133064,45,0,1.3654219e-28,0
78835248,45,0,0.032582168,0
79102171,45,0,0.0014530738,0
79559309,45,0,0.0,0
80385909,45,0,0.0018603366,0
80908580,45,0,0.0,0
81789779,45,0,0.0,0
84828471,45,0,0.68081605,0
89015028,45,0,0.00024769886,0
90534834,45,0,0.0,0
91123970,45,0,0.42770687,0
91315285,45,0,0.80318296,1
93185574,45,0,0.039949566,0
94407800,45,0,1.5080676e-05,0
94407808,45,0,0.01324876,0
94407937,45,0,0.0,0
94407939,45,0,0.0,0
94408143,45,0,0.0,0
94408148,45,0,0.0059839427,0
94408152,45,0,1.8383221e-06,0
94408153,45,0,0.0,0
94408156,45,0,5.0309878e-05,0
94408157,45,0,0.21956891,0
94408164,45,0,0.2583854,0
94408269,45,0,0.0015557582,0
94408492,45,0,0.0,0
101028778,45,0,9.818612e-28,0
101122466,45,0,0.03568974,0
102771113,45,0,9.425646e-07,0
106168352,45,0,0.029702872,0
106638561,45,0,1.4498469e-34,0
108224316,45,0,0.07163525,0
108292235,45,0,0.004215976,0
108353956,45,0,0.0,0
111575373,45,0,0.00035403532,0
111837671,45,0,0.0059408243,0
111837672,45,0,1.088822e-05,0
112875791,45,0,0.0,0
115642542,45,0,7.786374e-16,0
117341490,45,0,0.013330039,0
121078260,45,0,5.230911e-10,0
121078569,45,0,0.0,0
121078671,45,0,0.0,0
121078673,45,0,0.0,0
121090421,45,0,0.0022239073,0
121225693,45,0,0.0005319179,0
123264446,45,0,1.0377119e-05,0
124653602,45,0,2.5269702e-07,0
125428309,45,0,4.5772504e-05,0
125610459,45,0,0.6933317,0
125820268,45,0,0.036288805,0
125820277,45,0,0.004189069,0
125820279,45,0,1.4843404e-14,0
126209282,45,0,0.0205046,0
126333831,45,0,0.14348333,0
126611034,45,0,0.020999385,0
126622996,45,0,0.00023035775,0
126623902,45,0,4.8089184e-16,0
126802668,45,0,0.0,0
127012530,45,0,0.0,0
127585200,45,0,0.35471588,0
128246621,45,0,6.5003e-05,0
128924055,45,0,9.6097984e-11,0
129860762,45,0,0.009739093,0
131552098,45,0,0.55987334,0
131552811,45,0,3.0323077e-05,0
132035006,45,0,4.6461904e-05,0
133371293,45,0,0.0011848374,0
133499548,45,0,0.0,0
134747239,45,0,0.0,0
135011010,45,0,0.0,0
135011015,45,0,0.01727427,0
135102681,45,0,0.03649073,0
135102855,45,0,0.08540882,0
135973640,45,0,0.0,0
137055550,45,0,0.030456206,0
137056982,45,0,3.231987e-05,0
138798125,45,0,0.02008055,0
138798141,45,0,6.081802e-06,0
139420869,45,0,0.046122104,0
140419612,45,0,0.013566335,0
141831682,45,0,0.7779318,0
142553578,45,0,0.6669165,0
142712353,45,0,2.9236997e-05,0
143615853,45,0,0.26201612,0
145836951,45,0,0.48039314,0
145836954,45,0,0.47107264,0
148252407,45,0,0.003070568,0
151742640,45,0,0.0,0
152612253,45,0,0.11886625,0
155522138,45,0,0.07087435,0
155522533,45,0,0.2662155,0
155526443,45,0,0.0001916004,0
155526483,45,0,0.07853095,0
155526486,45,0,0.46074483,0
155527878,45,0,6.2174915e-10,0
155527880,45,0,0.6276614,0
155528008,45,0,0.24387264,0
155529076,45,0,5.6319793e-10,0
155530287,45,0,3.4508042e-07,0
155532990,45,0,0.0061209626,0
155533543,45,0,5.468358e-05,0
155535023,45,0,0.0002190593,0
155535099,45,0,0.00010870009,0
155535104,45,0,0.4931369,0
155535108,45,0,0.24154337,0
155535430,45,0,0.00048720418,0
155535840,45,0,0.00092228386,0
155538164,45,0,0.000504567,0
155538999,45,0,0.00012183848,0
155539978,45,0,0.43049648,0
155549608,45,0,1.4207935e-22,0
155550930,45,0,5.16217e-16,0
155550933,45,0,9.639567e-16,0
155550968,45,0,1.7462382e-09,0
155551658,45,0,0.5955484,0
155551688,45,0,0.0012186309,0
155559568,45,0,0.5656357,0
155561664,45,0,0.010101103,0
155561975,45,0,0.17978427,0
155562331,45,0,0.39457005,0
155562349,45,0,0.20202872,0
155570487,45,0,0.0018585693,0
155570490,45,0,0.0070829685,0
155570492,45,0,0.0052551758,0
155570503,45,0,0.007329617,0
155573361,45,0,0.0,0
155573381,45,0,0.0,0
155573753,45,0,0.0,0
155573986,45,0,0.0,0
155574391,45,0,2.103384e-26,0
155575982,45,0,0.0,0
155576355,45,0,0.0,0
155578198,45,0,3.6995114e-06,0
155578200,45,0,0.0,0
155578201,45,0,0.0037507105,0
155578207,45,0,0.024669966,0
155578507,45,0,2.0544095e-25,0
155581166,45,0,6.9044625e-05,0
155581536,45,0,1.0838669e-09,0
155582549,45,0,3.277187e-14,0
155582930,45,0,0.43088132,0
155582931,45,0,2.1176135e-23,0
155582943,45,0,0.0,0
155583234,45,0,6.846464e-05,0
155583240,45,0,0.059959676,0
155583242,45,0,0.0064838203,0
155583306,45,0,5.603276e-06,0
155583308,45,0,5.7817484e-05,0
155583314,45,0,0.0027202128,0
155583326,45,0,0.015725562,0
155583327,45,0,0.036700614,0
155583328,45,0,2.332205e-13,0
155583708,45,0,0.605268,0
155583714,45,0,0.1197974,0
155583796,45,0,0.11251051,0
155583801,45,0,0.0034491052,0
155585216,45,0,0.13084437,0
155586203,45,0,1.4761464e-07,0
155586204,45,0,7.027825e-14,0
155586210,45,0,1.3270537e-18,0
155586218,45,0,3.2545126e-05,0
155586224,45,0,2.6916347e-05,0
155586228,45,0,2.1529694e-18,0
155586284,45,0,4.3264768e-20,0
155586287,45,0,1.3009698e-17,0
155586752,45,0,1.6324223e-18,0
155586764,45,0,0.00013409088,0
155586773,45,0,2.9042777e-08,0
155586775,45,0,0.075526185,0
155587208,45,0,9.37415e-17,0
155587538,45,0,6.942578e-06,0
155587549,45,0,0.04578919,0
155587790,45,0,0.021367546,0
155587791,45,0,0.6128661,0
155587794,45,0,0.07660241,0
155587798,45,0,0.57767427,0
155587804,45,0,0.6234117,0
155587806,45,0,0.47572774,0
155587814,45,0,0.6478707,0
155587840,45,0,0.2025772,0
155587889,45,0,0.63856894,0
155587890,45,0,0.8476614,1
155588044,45,0,0.6895748,0
155588324,45,0,0.36311808,0
155589860,45,0,0.03331363,0
155589863,45,0,0.028664855,0
155590708,45,0,2.1056829e-16,0
155590997,45,0,5.65648e-18,0
155591704,45,0,0.0,0
155593271,45,0,0.027841931,0
155593277,45,0,0.099960305,0
155595345,45,0,0.010755924,0
155596887,45,0,0.011882147,0
155597098,45,0,2.2084547e-16,0
155597102,45,0,1.5186588e-15,0
155597293,45,0,1.380599e-15,0
155597300,45,0,1.3335311e-15,0
155597308,45,0,6.6002706e-17,0
155601022,45,0,0.00027293726,0
155603394,45,0,1.1981347e-05,0
155606147,45,0,0.01110538,0
155610359,45,0,0.0,0
155612291,45,0,0.0,0
155613680,45,0,0.05084766,0
155617030,45,0,0.006177406,0
155621616,45,0,0.011706358,0
155621619,45,0,0.004231053,0
155621630,45,0,0.00022856465,0
155621632,45,0,8.838068e-05,0
155622858,45,0,0.0005913464,0
155622859,45,0,0.00021937363,0
155622861,45,0,0.0005704829,0
155623923,45,0,0.0070647052,0
155623945,45,0,0.009458396,0
155624287,45,0,0.002735102,0
155624292,45,0,0.006566516,0
155624606,45,0,0.0037250922,0
155624613,45,0,0.0051600905,0
155627624,45,0,0.005116447,0
155627660,45,0,0.0029059001,0
155627664,45,0,0.0022767987,0
155629079,45,0,5.4375585e-35,0
155630888,45,0,2.0290685e-05,0
155631607,45,0,2.1271533e-05,0
155633813,45,0,7.5227397e-35,0
155637545,45,0,2.7134408e-17,0
155637724,45,0,0.99400043,1
155640788,45,0,0.0667117,0
155644840,45,0,0.060010627,0
155645185,45,0,0.14752875,0
155645481,45,0,0.14671806,0
155645937,45,0,4.847385e-12,0
155646219,45,0,1.4638404e-34,0
155646443,45,0,7.111038e-35,0
155646869,45,0,1.3640076e-33,0
155647158,45,0,6.217059e-08,0
155647173,45,0,1.1252421e-07,0
155647805,45,0,0.00013674331,0
155647986,45,0,0.17946333,0
155648144,45,0,0.0011653445,0
155648173,45,0,6.500417e-05,0
155648175,45,0,1.3276901e-28,0
155648844,45,0,0.17528722,0
155651496,45,0,0.00032547925,0
155651533,45,0,0.006591832,0
155652210,45,0,0.68152606,0
155652972,45,0,0.0011357333,0
155653347,45,0,1.7044447e-34,0
155653783,45,0,0.005030368,0
155653798,45,0,0.77349275,0
155653799,45,0,0.0,0
155654111,45,0,0.08690873,0
155654504,45,0,4.7267178e-05,0
155654510,45,0,0.095314525,0
155654911,45,0,0.0006189971,0
155655310,45,0,4.783993e-18,0
155655673,45,0,0.0001120365,0
155655694,45,0,0.0057100314,0
155655701,45,0,0.0,0
155655878,45,0,2.3978878e-06,0
155655884,45,0,0.5556989,0
155655944,45,0,0.47397774,0
155656464,45,0,4.2219384e-05,0
155657232,45,0,7.6203625e-35,0
155657565,45,0,0.19370072,0
155658088,45,0,7.534425e-06,0
155658137,45,0,0.03207914,0
155658214,45,0,9.445938e-05,0
155658216,45,0,0.0,0
155658820,45,0,1.9270543e-11,0
155658834,45,0,3.1825997e-25,0
155659199,45,0,6.3480124e-06,0
155659777,45,0,0.018661646,0
155660445,45,0,2.0910561e-18,0
155661549,45,0,0.28608927,0
155662417,45,0,5.7631696e-05,0
155663799,45,0,4.2181268e-17,0
155664047,45,0,0.55232924,0
155664125,45,0,6.250249e-05,0
155664132,45,0,1.08146045e-29,0
155664412,45,0,0.66346973,0
155666115,45,0,6.2782515e-11,0
155666122,45,0,0.0,0
155666630,45,0,8.6944185e-23,0
155666684,45,0,0.0,0
155666717,45,0,3.0148289e-05,0
155667139,45,0,0.0028968316,0
155667184,45,0,0.0068940795,0
155669504,45,0,0.0070459414,0
155669683,45,0,1.3409914e-34,0
155669815,45,0,2.077345e-15,0
155669824,45,0,8.917514e-18,0
155670116,45,0,0.0035156924,0
155670282,45,0,2.1777734e-34,0
155670970,45,0,6.8949437e-18,0
155671237,45,0,0.0,0
155671469,45,0,2.350348e-05,0
155671780,45,0,8.7463934e-07,0
155671785,45,0,0.25350386,0
155672449,45,0,0.06508903,0
155672469,45,0,0.003739438,0
155675211,45,0,0.3386532,0
155675527,45,0,0.025071764,0
155675530,45,0,0.012935948,0
155675570,45,0,8.680646e-35,0
155676042,45,0,6.218752e-06,0
155676058,45,0,7.361662e-35,0
155676363,45,0,1.6251389e-12,0
155676366,45,0,0.0019572265,0
155676683,45,0,0.038480375,0
155677010,45,0,9.502076e-05,0
155677035,45,0,7.312571e-07,0
155686193,45,0,0.037251055,0
155687112,45,0,0.022058092,0
155687119,45,0,0.11619892,0
155690140,45,0,0.079240255,0
155690172,45,0,0.13779528,0
155691392,45,0,0.12323885,0
155691393,45,0,2.731279e-05,0
155691683,45,0,0.0037825222,0
155694465,45,0,0.0010933543,0
155694755,45,0,0.045662973,0
155694944,45,0,0.016958786,0
155694958,45,0,0.0024772095,0
155695053,45,0,0.07755328,0
155696818,45,0,0.10873963,0
155697070,45,0,0.037464134,0
155697884,45,0,0.0048815846,0
155699346,45,0,3.5457308e-06,0
155703469,45,0,1.5317029e-15,0
155706106,45,0,0.005210999,0
155707564,45,0,0.0019390999,0
155708971,45,0,0.014073951,0
155709783,45,0,0.65465915,0
155709876,45,0,6.761024e-07,0
155712049,45,0,0.05128166,0
155713958,45,0,0.0,0
155715769,45,0,0.6268866,0
155716860,45,0,0.34251335,0
155718192,45,0,0.12355731,0
155718395,45,0,4.1210435e-09,0
155718398,45,0,1.3253095e-09,0
155719727,45,0,4.9829074e-09,0
155720728,45,0,0.026881222,0
155720730,45,0,0.008080147,0
155720735,45,0,0.00045791376,0
155720736,45,0,1.4314415e-35,0
155720738,45,0,8.767305e-35,0
155720740,45,0,1.5726945e-07,0
155720741,45,0,0.034757648,0
155720744,45,0,0.0087431315,0
155720745,45,0,1.6030056e-18,0
155720747,45,0,5.5727886e-15,0
155720749,45,0,4.7240724e-06,0
155720750,45,0,5.254228e-06,0
155720751,45,0,6.221285e-06,0
155720754,45,0,3.8109707e-28,0
155720756,45,0,2.6466125e-05,0
155720758,45,0,3.3181366e-27,0
155720760,45,0,1.7267749e-18,0
155720761,45,0,1.2311928e-18,0
155720763,45,0,4.3337015e-05,0
155720764,45,0,7.1732725e-06,0
155720765,45,0,1.7454238e-07,0
155720771,45,0,1.763596e-05,0
155720775,45,0,3.719284e-05,0
155720782,45,0,2.7161668e-05,0
155720788,45,0,0.3274585,0
155720789,45,0,7.117695e-06,0
155720792,45,0,7.644109e-06,0
155720794,45,0,0.00017262652,0
155720796,45,0,3.954401e-05,0
155720797,45,0,3.7436206e-05,0
155720798,45,0,8.964334e-20,0
155720800,45,0,9.338244e-25,0
155720803,45,0,0.10289788,0
155720804,45,0,3.9682993e-05,0
155720806,45,0,1.3786988e-05,0
155720808,45,0,2.9654413e-05,0
155720885,45,0,0.0050965142,0
155721093,45,0,0.012722458,0
155721099,45,0,3.45767e-05,0
155721440,45,0,0.02690655,0
155722084,45,0,0.78394276,0
155724033,45,0,0.05887963,0
155731488,45,0,0.010987295,0
155731493,45,0,0.1532251,0
155732260,45,0,0.0005424036,0
155732262,45,0,0.0007883463,0
155732268,45,0,6.278695e-06,0
155732269,45,0,5.7828125e-08,0
155732978,45,0,0.0006131712,0
155733002,45,0,0.01994866,0
155733087,45,0,0.07769317,0
155733692,45,0,0.011126477,0
155733930,45,0,0.005621859,0
155734883,45,0,9.9510325e-37,0
155737388,45,0,4.9530363e-18,0
155737402,45,0,0.2807397,0
155737641,45,0,0.1303115,0
155737649,45,0,0.07838137,0
155737652,45,0,0.4592522,0
155738598,45,0,0.060985107,0
155738604,45,0,0.009073124,0
155739098,45,0,1.2879708e-28,0
155742319,45,0,0.0,0
155742345,45,0,0.02831557,0
155743352,45,0,0.0,0
155743373,45,0,0.0,0
155744676,45,0,3.850179e-34,0
155744686,45,0,0.0,0
155747227,45,0,0.0,0
155747700,45,0,8.32985e-06,0
155748707,45,0,0.8453269,1
155748985,45,0,3.4633754e-17,0
155749095,45,0,2.3384182e-05,0
155749840,45,0,0.0,0
155753781,45,0,0.033470392,0
155755021,45,0,0.03274711,0
155756787,45,0,2.2914581e-07,0
155757374,45,0,0.060272735,0
155759301,45,0,0.00049961027,0
155759664,45,0,0.06327451,0
155759667,45,0,0.010684555,0
155759670,45,0,0.61152905,0
155760010,45,0,0.42359778,0
155760037,45,0,0.62621695,0
155766769,45,0,0.45847842,0
155768281,45,0,0.056029975,0
155771442,45,0,0.20373575,0
155771964,45,0,4.6747712e-09,0
155779446,45,0,0.87650317,1
155780427,45,0,0.01699152,0
155783466,45,0,4.0987564e-28,0
155784952,45,0,9.336378e-09,0
155787237,45,0,0.05522716,0
155787285,45,0,0.06071005,0
155787653,45,0,0.00071038393,0
155787676,45,0,0.009451428,0
155788829,45,0,1.02145e-07,0
155791506,45,0,0.12738957,0
155793314,45,0,0.04186773,0
155793644,45,0,2.5449097e-08,0
155794856,45,0,1.219059e-07,0
155795122,45,0,0.000753695,0
155796287,45,0,0.05883121,0
155797923,45,0,3.772455e-27,0
155800513,45,0,1.7728121e-15,0
155802381,45,0,0.0065825116,0
155802446,45,0,1.2965948e-10,0
155802889,45,0,3.353635e-07,0
155802898,45,0,6.8203315e-07,0
155803876,45,0,4.7379635e-14,0
155803971,45,0,7.931283e-10,0
155805529,45,0,9.3005005e-15,0
155805532,45,0,7.6471114e-16,0
155806952,45,0,1.5549383e-06,0
155807238,45,0,4.573287e-06,0
155809126,45,0,0.75829744,0
155809660,45,0,3.958647e-11,0
155810823,45,0,0.3789553,0
155810825,45,0,0.47379154,0
155810828,45,0,0.004092955,0
155810831,45,0,0.36101457,0
155810896,45,0,0.60197526,0
155810916,45,0,0.0022934142,0
155810949,45,0,0.18783143,0
155811227,45,0,0.5347651,0
155811705,45,0,0.06907213,0
155812060,45,0,0.15322389,0
155812224,45,0,0.8476422,1
155812856,45,0,0.07594997,0
155812860,45,0,0.020901712,0
155813445,45,0,0.05273037,0
155813476,45,0,9.21052e-19,0
155813480,45,0,2.6587997e-11,0
155813484,45,0,4.9587506e-16,0
155813492,45,0,1.8737141e-14,0
155813493,45,0,2.0228374e-17,0
155815739,45,0,0.015429137,0
155815752,45,0,0.02768776,0
155815753,45,0,8.301018e-05,0
155815754,45,0,0.6092598,0
155815756,45,0,0.00787243,0
155815761,45,0,0.40629563,0
155815779,45,0,0.0024573465,0
155815784,45,0,0.00072804827,0
155815790,45,0,0.0008018918,0
155816178,45,0,6.258835e-11,0
155816192,45,0,3.050318e-15,0
155816195,45,0,3.0830986e-14,0
155816196,45,0,2.212074e-14,0
155816197,45,0,3.3683538e-15,0
155816199,45,0,1.2897396e-15,0
155816200,45,0,2.9103405e-18,0
155816203,45,0,8.409861e-17,0
155816205,45,0,2.2563722e-16,0
155816207,45,0,2.3193562e-11,0
155816211,45,0,5.6231426e-11,0
155818415,45,0,0.0008783164,0
155818798,45,0,0.0003027046,0
155818799,45,0,0.0003919568,0
155821091,45,0,0.008445579,0
155821276,45,0,0.00041688516,0
155821401,45,0,0.047373045,0
155821405,45,0,7.8028765e-16,0
155821947,45,0,2.0140233e-07,0
155821951,45,0,2.1028065e-07,0
155821960,45,0,1.0210138e-07,0
155821972,45,0,1.5892048e-23,0
155821979,45,0,1.7543118e-07,0
155821981,45,0,2.3534598e-07,0
155822522,45,0,2.2924439e-07,0
155822523,45,0,2.6382645e-07,0
155822532,45,0,1.6066477e-07,0
155822639,45,0,1.4865469e-26,0
155822905,45,0,2.6783854e-07,0
155822906,45,0,6.6914396e-08,0
155825285,45,0,4.0158636e-20,0
155825502,45,0,0.00019950834,0
155826522,45,0,6.1553146e-05,0
155827051,45,0,0.36790308,0
155827334,45,0,4.1365286e-07,0
155829800,45,0,0.21322852,0
155829806,45,0,3.0825895e-16,0
155829808,45,0,1.6980157e-16,0
155829810,45,0,1.0535048e-18,0
155829812,45,0,1.4074075e-11,0
155829833,45,0,3.3561393e-10,0
155829839,45,0,1.0698499e-11,0
155829843,45,0,6.615143e-17,0
155837337,45,0,0.5168364,0
155837569,45,0,0.70125556,0
155837578,45,0,0.0017380408,0
155837816,45,0,0.0015089156,0
155838059,45,0,0.00024178153,0
155838065,45,0,0.06742659,0
155838096,45,0,0.59888375,0
155838136,45,0,0.15634464,0
155838757,45,0,0.012975185,0
155839033,45,0,0.3006353,0
155839296,45,0,0.5629088,0
155839305,45,0,0.00016849731,0
155839776,45,0,0.098360494,0
155839784,45,0,8.003402e-06,0
155839792,45,0,0.30067727,0
155839924,45,0,0.047204122,0
155840928,45,0,2.0630143e-20,0
155840940,45,0,2.1592343e-09,0
155841569,45,0,8.7948116e-05,0
155841579,45,0,1.3923839e-05,0
155841585,45,0,3.1638346e-34,0
155841637,45,0,0.019378254,0
155843452,45,0,0.0009849684,0
155844331,45,0,1.2044451e-07,0
155846111,45,0,0.025884282,0
155846439,45,0,0.007372153,0
155846718,45,0,0.013677153,0
155847762,45,0,0.070877396,0
156006577,45,0,2.4832993e-06,0
156012877,45,0,0.3222079,0
156016426,45,0,0.038707104,0
156017039,45,0,8.917136e-05,0
156017377,45,0,0.07829991,0
156017380,45,0,0.86684597,1
156029378,45,0,0.007051258,0
156032172,45,0,1.9359604e-07,0
156038802,45,0,0.056361556,0
156043138,45,0,0.0,0
156043682,45,0,2.0349004e-27,0
156044096,45,0,0.020327048,0
156045204,45,0,0.09673504,0
156045694,45,0,1.9600143e-28,0
156046083,45,0,1.7002934e-28,0
156046263,45,0,7.424123e-29,0
156046273,45,0,8.338672e-28,0
156046286,45,0,1.1078259e-27,0
156047575,45,0,0.3169189,0
156047577,45,0,0.59851724,0
156047693,45,0,0.48712075,0
156047939,45,0,0.13733587,0
156048060,45,0,0.0688307,0
156049909,45,0,0.9324683,1
156055015,45,0,0.0,0
156055502,45,0,0.0,0
156056294,45,0,0.0055351513,0
156056739,45,0,0.02677522,0
156058472,45,0,0.35920864,0
156058477,45,0,0.07204306,0
156058484,45,0,0.55426824,0
156058489,45,0,0.030089479,0
156058497,45,0,0.020597136,0
156061271,45,0,0.08990416,0
156061441,45,0,0.019084593,0
156061887,45,0,0.00015499567,0
156061888,45,0,0.23330216,0
156061891,45,0,7.333606e-05,0
156061901,45,0,5.4904314e-11,0
156062272,45,0,0.21805234,0
156062609,45,0,0.030906297,0
156062954,45,0,0.34284857,0
156063345,45,0,1.7230551e-06,0
156065491,45,0,4.2672668e-30,0
156065783,45,0,0.124709286,0
156065788,45,0,0.002827478,0
156065791,45,0,0.006173192,0
156066467,45,0,0.00074135355,0
156068000,45,0,0.20284119,0
156068607,45,0,0.09701541,0
156074235,45,0,0.0023273074,0
156074278,45,0,0.025471767,0
156076560,45,0,0.3013277,0
156076675,45,0,1.7884416e-07,0
156077583,45,0,0.14433238,0
156078089,45,0,0.00023299053,0
156080080,45,0,0.4592934,0
156080344,45,0,0.19143756,0
156080353,45,0,2.8517518e-34,0
156080655,45,0,0.017093174,0
156081041,45,0,1.4390001e-08,0
156082481,45,0,4.211497e-12,0
156082918,45,0,0.082990214,0
156088151,45,0,0.30245826,0
156088154,45,0,0.9556835,1
156098289,45,0,0.379695,0
156100022,45,0,3.235103e-07,0
156101666,45,0,0.0005162573,0
156103984,45,0,0.004225307,0
156104943,45,0,0.0,0
156106259,45,0,2.165666e-07,0
156106498,45,0,1.1633219e-07,0
156106772,45,0,2.1449881e-07,0
156110781,45,0,0.0,0
156112934,45,0,0.060860824,0
156115112,45,0,0.001782277,0
156116311,45,0,0.16443956,0
156116440,45,0,0.0,0
156120830,45,0,7.050426e-35,0
156122025,45,0,0.17526598,0
156126098,45,0,0.048817102,0
156126106,45,0,0.0069882553,0
156126129,45,0,0.008518786,0
156126488,45,0,0.007552411,0
156126494,45,0,0.0042692013,0
156126503,45,0,0.0048599374,0
156126511,45,0,0.0058300444,0
156126515,45,0,0.0042348355,0
156126516,45,0,0.0071253,0
156132178,45,0,0.013602749,0
156138154,45,0,3.3459146e-05,0
156140081,45,0,0.0006787844,0
156140152,45,0,0.0002237293,0
156141603,45,0,3.0114634e-06,0
156141938,45,0,9.365895e-06,0
156141979,45,0,9.3207926e-35,0
156142328,45,0,3.380044e-05,0
156142358,45,0,1.2599893e-35,0
156142375,45,0,2.7825161e-05,0
156143463,45,0,5.925227e-18,0
156143950,45,0,4.470497e-06,0
156143966,45,0,6.803336e-35,0
156144098,45,0,1.4100579e-17,0
156144440,45,0,0.0068678097,0
156145203,45,0,0.0,0
156145620,45,0,2.4908062e-05,0
156145679,45,0,0.0,0
156145708,45,0,0.08889964,0
156145942,45,0,0.07635776,0
156150196,45,0,0.08295384,0
156150996,45,0,6.4586175e-08,0
156152340,45,0,0.8983873,1
156156054,45,0,0.0,0
156157692,45,0,0.0,0
156160423,45,0,0.060441937,0
156160565,45,0,0.0125235785,0
156160849,45,0,1.255071e-22,0
156163071,45,0,0.83385515,1
156164972,45,0,6.261363e-07,0
156166434,45,0,0.00091992517,0
156168415,45,0,0.0032301378,0
156168420,45,0,0.002979681,0
156168424,45,0,0.0024254264,0
156172217,45,0,0.0001357673,0
156172447,45,0,4.608676e-06,0
156174496,45,0,0.0,0
156174834,45,0,1.4057393e-05,0
156175593,45,0,0.0,0
156177833,45,0,0.0,0
156182164,45,0,0.059192047,0
156186228,45,0,0.43562397,0
156187320,45,0,0.030580208,0
156189835,45,0,2.8513765e-07,0
156189849,45,0,5.039242e-05,0
156189859,45,0,0.051465407,0
156191956,45,0,0.0010358731,0
156191960,45,0,0.013019718,0
156191963,45,0,0.004576368,0
156191968,45,0,0.00064894353,0
156191973,45,0,0.003953944,0
156192686,45,0,0.0020675596,0
156198655,45,0,0.7293188,0
156200127,45,0,0.0016512594,0
156200358,45,0,4.075643e-09,0
156200969,45,0,0.003163601,0
156200979,45,0,0.18409908,0
156202773,45,0,0.15352362,0
156202786,45,0,0.1496198,0
156203384,45,0,1.1775101e-31,0
156204946,45,0,0.0,0
156206766,45,0,0.509898,0
156208282,45,0,0.002652561,0
156209245,45,0,0.4965239,0
156209749,45,0,0.019981617,0
156209757,45,0,0.0042659673,0
156213093,45,0,7.725079e-05,0
156213135,45,0,0.012572204,0
156213143,45,0,0.7498047,0
156213728,45,0,0.0036795207,0
156216298,45,0,0.0013535564,0
156217698,45,0,0.0,0
156218109,45,0,0.006305109,0
156218280,45,0,3.4951172e-35,0
156219832,45,0,7.783021e-38,0
156220923,45,0,0.10593683,0
156221780,45,0,1.4728247e-34,0
156223466,45,0,0.0,0
156224738,45,0,2.239527e-34,0
156224740,45,0,1.3208965e-34,0
156224818,45,0,0.009033716,0
156225054,45,0,7.2702904e-05,0
156225072,45,0,0.040130254,0
156226084,45,0,1.2613124e-34,0
156227730,45,0,0.0018053725,0
156244580,45,0,3.014792e-07,0
156254003,45,0,0.021572577,0
156281859,45,0,0.00030089676,0
156281965,45,0,0.4512877,0
156281968,45,0,0.5160769,0
156281975,45,0,0.73832095,0
156282377,45,0,3.257965e-07,0
156282380,45,0,2.103007e-07,0
156284724,45,0,3.0076183e-07,0
156284727,45,0,1.1024351e-06,0
156288061,45,0,1.930186e-06,0
156289332,45,0,8.54279e-07,0
156289343,45,0,2.4396144e-07,0
156289346,45,0,1.892202e-07,0
156290676,45,0,9.582753e-28,0
156290748,45,0,8.425519e-07,0
156297113,45,0,1.0451312e-06,0
156297169,45,0,1.4433315e-09,0
156299661,45,0,3.289571e-16,0
156299668,45,0,3.0428084e-16,0
156302066,45,0,2.694156e-15,0
156302378,45,0,7.929595e-16,0
156302447,45,0,4.8200507e-15,0
156302765,45,0,1.916491e-18,0
156303533,45,0,5.9753943e-13,0
156305556,45,0,1.9292845e-17,0
156306821,45,0,7.902108e-18,0
156307149,45,0,1.329772e-15,0
156307163,45,0,3.8118755e-19,0
156307254,45,0,1.745194e-07,0
156307670,45,0,2.4639818e-16,0
156307674,45,0,1.2692202e-16,0
156309777,45,0,0.021445265,0
156313764,45,0,0.21418634,0
156313815,45,0,2.0520191e-19,0
156314754,45,0,0.13131236,0
156315082,45,0,1.7559895e-18,0
156315105,45,0,3.8381473e-15,0
156316756,45,0,3.7501914e-17,0
156316759,45,0,1.4414975e-34,0
156316761,45,0,0.00078611297,0
156317171,45,0,0.078695394,0
156317175,45,0,6.0364746e-05,0
156317359,45,0,3.0316369e-05,0
156317549,45,0,0.12500241,0
156328432,45,0,1.1636525e-05,0
156330701,45,0,0.0,0
156341160,45,0,0.0,0
156381357,45,0,0.30587438,0
156416966,45,0,2.1263025e-27,0
156417274,45,0,2.6990863e-28,0
156421113,45,0,0.23889594,0
156421150,45,0,0.044246845,0
157195066,45,0,5.151156e-15,0
157200932,45,0,0.03006537,0
157226362,45,0,0.3391341,0
157237317,45,0,0.0680431,0
157239536,45,0,0.020754905,0
157243941,45,0,6.864355e-11,0
157252863,45,0,0.26212505,0
157296544,45,0,0.13493428,0
157296706,45,0,0.05877434,0
157296708,45,0,0.26441452,0
157299461,45,0,0.7928424,0
157301501,45,0,7.291074e-18,0
157320937,45,0,0.17677243,0
159788486,45,0,0.79718024,1
159789061,45,0,0.8028231,1
160011420,45,0,0.6663327,0
160105308,45,0,0.35729665,0
160357717,45,0,2.820648e-18,0
160498020,45,0,0.07747348,0
160794607,45,0,0.0,0
160799142,45,0,7.7607805e-09,0
160799511,45,0,2.7444077e-07,0
162147759,45,0,9.676575e-35,0
162258255,45,0,0.046087548,0
162500985,45,0,8.946577e-11,0
162789184,45,0,0.34031975,0
162896859,45,0,0.054819196,0
162970612,45,0,0.0001271868,0
163047206,45,0,0.36236513,0
163111740,45,0,0.24404158,0
163173241,45,0,1.3626406e-05,0
163178977,45,0,0.0,0
163181801,45,0,0.0030359726,0
163287839,45,0,3.2261865e-34,0
163389503,45,0,0.00020046024,0
163403633,45,0,0.13746,0
163403634,45,0,0.31714803,0
164253290,45,0,0.024857651,0
164516009,45,0,0.009765903,0
164649961,45,1,0.3153118,0
164650348,45,0,0.0055369153,0
164653024,45,0,0.015010221,0
164653786,45,0,0.0042905947,0
164656998,45,0,5.7220103e-22,0
164659365,45,0,0.07934565,0
164662728,45,0,0.24201825,0
164662731,45,0,0.58854395,0
164662760,45,0,0.38043538,0
164664036,45,0,8.433956e-17,0
164672372,45,0,0.3806274,0
164672681,45,0,0.12897491,0
164675944,45,0,0.53288335,0
164676899,45,0,0.18572031,0
164676983,45,0,0.049455095,0
164681084,45,0,1.5872513e-07,0
164682526,45,0,0.74002033,0
164686466,45,0,7.099828e-17,0
164686469,45,0,4.431483e-13,0
164686471,45,0,1.093365e-15,0
164687321,45,0,2.996416e-13,0
164687325,45,0,1.4368155e-10,0
164687670,45,0,8.152948e-18,0
164687671,45,0,6.5656846e-19,0
164687672,45,0,2.2383769e-13,0
164687757,45,0,0.13949955,0
164687876,45,0,1.9083728e-09,0
164688873,45,0,3.2219572e-18,0
164690577,45,0,0.0033111037,0
164695065,45,0,2.7586397e-12,0
164709792,45,0,0.0010079896,0
164710454,45,1,0.8053635,1
164710455,45,1,0.0009042071,0
164710543,45,1,0.3697515,0
164713969,45,1,0.2003946,0
164714477,45,0,0.09779657,0
164714573,45,0,0.19578958,0
164714577,45,0,0.0061590513,0
164714657,45,0,0.045701962,0
164716813,45,0,0.35623133,0
164750924,45,0,0.14069185,0
164752998,45,0,0.9049995,1
164753010,45,0,0.08688293,0
164753015,45,0,0.028710427,0
164753016,45,0,0.66427773,0
164753018,45,0,0.31007692,0
164753019,45,0,0.109050654,0
164753022,45,0,0.6044976,0
164753025,45,0,0.33766726,0
164753185,45,0,0.23420358,0
164753191,45,0,0.15319327,0
164753193,45,0,0.09670431,0
164753456,45,0,0.09493192,0
164754320,45,0,0.25362292,0
164754558,45,0,0.42881694,0
164754574,45,0,0.17442493,0
164755142,45,0,0.16007107,0
164755143,45,0,0.6534242,0
164756127,45,0,0.0029716257,0
164756189,45,0,0.3326601,0
164756190,45,0,0.6329934,0
164756191,45,0,0.16966994,0
164756194,45,0,0.5273066,0
164756195,45,0,0.84392893,1
164756207,45,0,0.71375376,0
164756209,45,0,0.7232788,0
164756212,45,0,0.24658655,0
164756216,45,0,0.7246659,0
164756219,45,0,0.47701123,0
164756221,45,0,0.5512997,0
164756222,45,0,0.29587337,0
164756224,45,0,0.66123784,0
164756226,45,0,0.70795065,0
164756227,45,0,0.6676403,0
164756228,45,0,0.35219705,0
164756229,45,0,0.16503611,0
164756231,45,0,0.73473024,0
164756234,45,0,0.10239905,0
164756236,45,0,0.17909843,0
164756239,45,0,0.0276648,0
164757545,45,0,0.004949465,0
164757690,45,0,0.6305976,0
164757817,45,0,0.3609607,0
164757818,45,0,0.5899931,0
164757821,45,0,0.6007978,0
164757822,45,0,0.546729,0
164758016,45,0,0.31282508,0
164758019,45,0,0.0041249357,0
164758026,45,0,0.446942,0
164758027,45,0,0.30637205,0
164758029,45,0,0.33170772,0
164758030,45,0,0.5473148,0
164758031,45,0,0.3056174,0
164758033,45,0,0.41606465,0
164801474,45,0,0.20531143,0
164812762,45,0,0.86672676,1
164839778,45,0,0.5160938,0
164839927,45,0,9.2640215e-09,0
164849067,45,0,0.11119051,0
164849069,45,0,1.5838098e-11,0
164849071,45,0,0.34172177,0
164849083,45,0,0.36923525,0
164849086,45,0,0.9775448,1
164849570,45,0,0.2958946,0
164849578,45,0,0.3944395,0
164857952,45,0,0.26128343,0
164857966,45,0,0.043527395,0
164857971,45,0,1.4728366e-18,0
164858025,45,0,8.0919127e-32,0
164858029,45,0,0.34896994,0
164858033,45,0,4.2817155e-05,0
164858197,45,0,0.058592495,0
164858248,45,0,0.026030526,0
164858710,45,0,0.039198842,0
164858717,45,0,0.031109683,0
164861122,45,0,0.000113517635,0
164862487,45,0,0.32917294,0
164877489,45,0,7.1957207e-10,0
164878929,45,0,1.8417565e-07,0
164879629,45,0,1.807753e-34,0
164882344,45,0,0.0,0
164885071,45,0,1.1109154e-34,0
164891783,45,0,0.0008651529,0
164891981,45,0,0.000378919,0
164894136,45,0,9.2515475e-05,0
164895870,45,0,1.1127477e-34,0
164897012,45,0,2.2068787e-17,0
164898803,45,0,9.1249046e-35,0
164899719,45,0,9.241345e-35,0
164905484,45,0,0.0,0
164905487,45,0,3.8144553e-05,0
164905771,45,0,1.4498248e-34,0
164913439,45,0,6.8465226e-14,0
164914807,45,0,0.0012631731,0
164916959,45,0,0.0,0
164920594,45,0,0.48344913,0
164946541,45,0,0.1831076,0
164949646,45,0,0.32399654,0
164958702,45,0,4.7642443e-06,0
164964361,45,0,5.313348e-17,0
164964365,45,0,5.587439e-13,0
164982939,45,0,0.8130316,1
165400002,45,0,0.037409063,0
166327344,45,0,0.30457774,0
168235520,45,0,0.2453187,0
168661811,45,0,4.2345485e-35,0
168666127,45,0,0.00016443033,0
169360875,45,0,0.0037965905,0
169360876,45,0,0.0027232012,0
169360877,45,0,0.011134942,0
170455058,45,0,0.38399947,0
170455064,45,0,0.10353375,0
171533940,45,0,0.29718998,0
171566060,45,0,0.41854024,0
171576743,45,0,0.53082013,0
171980295,45,0,0.15846187,0
172032800,45,0,0.6541022,0
172173383,45,0,0.4525993,0
172876581,45,0,0.754424,0
173302584,45,0,0.7046211,0
173302585,45,0,0.7070499,0
173502051,45,0,0.12458963,0
173517961,45,0,0.4113555,0
173567448,45,0,0.07543626,0
173664982,45,0,4.726407e-06,0
173754103,45,0,0.018377155,0
174135366,45,0,0.010222144,0
174191727,45,0,0.53957576,0
174229825,45,0,0.009761597,0
174257020,45,0,0.75839365,0
174257021,45,0,0.769968,0
174776383,45,0,1.722143e-34,0
175057040,45,0,0.002689787,0
175889036,45,0,0.6049191,0
178061036,45,0,0.70617574,0
178061037,45,0,0.5653923,0
179024802,45,0,0.33084774,0
179994406,45,0,0.0033252365,0
180015515,45,0,0.049626227,0
180288353,45,0,0.19683054,0
180297331,45,0,0.36183476,0
180807508,45,0,0.64418894,0
180939319,45,0,0.10835091,0
180939321,45,0,0.67997247,0
181152908,45,0,0.6365593,0
181152918,45,0,0.74154806,0
181166458,45,0,0.046795584,0
181178950,45,0,4.2924813e-12,0
181187132,45,0,8.3933746e-35,0
181189087,45,0,0.0,0
181190171,45,0,0.99841845,1
181202082,45,0,0.012926022,0
181202361,45,0,0.023848766,0
181202368,45,0,0.011577308,0
181203538,45,0,4.557993e-18,0
181206807,45,0,0.013441811,0
181210107,45,0,6.415285e-17,0
181210125,45,0,0.37241033,0
181320779,45,0,0.5399355,0
181327301,45,0,0.76232034,0
181454789,45,0,0.405127,0
181470963,45,0,0.2820542,0
181510819,45,0,0.75874263,0
181605844,45,0,0.5989948,0
181883690,45,0,0.35482702,0
181949645,45,0,0.70307803,0
181971595,45,0,0.16890581,0
181971723,45,0,0.26817948,0
181971989,45,0,0.69034296,0
181972318,45,0,0.054755114,0
181973011,45,0,0.43720216,0
181973018,45,0,0.0097018825,0
181974491,45,0,0.048138507,0
181975028,45,0,0.5487141,0
181977175,45,0,0.8055918,1
181978012,45,0,0.2571165,0
181978351,45,0,0.24047372,0
181978358,45,0,0.60980904,0
181978385,45,0,0.1444274,0
181978788,45,0,0.11746479,0
181979139,45,0,0.67623127,0
181979460,45,0,0.26783428,0
181979463,45,0,0.5644065,0
181980438,45,0,0.06309376,0
181980445,45,0,0.9041099,1
181980967,45,0,0.035641305,0
181981262,45,0,0.6891874,0
181981283,45,0,0.4073744,0
181981290,45,0,0.541186,0
181981305,45,0,0.5182637,0
181981499,45,0,0.6429294,0
181981518,45,0,0.04692619,0
181981520,45,0,0.2996982,0
181982228,45,0,0.73023957,0
181982550,45,0,0.5306376,0
181982568,45,0,0.34179506,0
181982571,45,0,0.11148472,0
181982828,45,0,0.7544968,0
181982834,45,0,0.81364083,1
181982846,45,0,0.8532012,1
181983550,45,0,0.3159623,0
181983566,45,0,0.4673036,0
181983870,45,0,0.09808846,0
181984853,45,0,0.21988787,0
181985259,45,0,0.5730252,0
181985624,45,0,0.1245833,0
181986329,45,0,0.54411614,0
181986652,45,0,0.51124024,0
181988302,45,0,0.6955731,0
181988315,45,0,0.24998909,0
181988804,45,0,0.68272936,0
181988893,45,0,0.005020814,0
181988914,45,0,0.0019686653,0
181990740,45,0,0.43090948,0
181991817,45,0,0.19226639,0
181994695,45,0,0.13782549,0
181995815,45,0,0.6687586,0
181995819,45,0,0.44385183,0
181995824,45,0,0.11942055,0
181995828,45,0,0.27474242,0
181995843,45,0,0.5813477,0
181997193,45,0,0.27879924,0
181997920,45,0,0.6029169,0
181998588,45,0,0.57716864,0
181999820,45,0,0.2662118,0
182000101,45,0,0.11887808,0
182000112,45,0,0.43102995,0
182000392,45,0,0.6454414,0
182000458,45,0,0.59955037,0
182000469,45,0,0.65548176,0
182000683,45,0,0.89830476,1
182001085,45,0,0.0022059106,0
182001086,45,0,0.0016084037,0
182001350,45,0,0.40756765,0
182001839,45,0,0.7119961,0
182002396,45,0,0.71687996,0
182002409,45,0,0.42574435,0
182002411,45,0,0.5096775,0
182002419,45,0,0.37994197,0
182002456,45,0,0.59313196,0
182002459,45,0,0.22790156,0
182002736,45,0,0.697587,0
182002742,45,0,0.51053554,0
182002751,45,0,0.25449365,0
182003162,45,0,0.27845585,0
182004205,45,0,0.0056609497,0
182004632,45,0,0.021722717,0
182004653,45,0,0.7428863,0
182006745,45,0,0.3533138,0
113780,46,0,0.0,0
642998,46,0,8.5706733e-07,0
860310,46,0,0.010720314,0
862692,46,0,0.25005472,0
1314792,46,0,0.050059896,0
1314835,46,0,6.5400614e-05,0
1314836,46,0,3.6851194e-05,0
1315478,46,0,0.0053984593,0
1315771,46,0,0.14516628,0
2256959,46,0,0.00016801186,0
2947436,46,0,0.0011710029,0
3509407,46,0,0.06910542,0
3586915,46,0,8.523198e-05,0
3607094,46,0,7.0984504e-07,0
3641234,46,0,0.00048133582,0
3990007,46,0,0.00060110615,0
4992401,46,0,0.0017872559,0
5162648,46,0,0.0,0
5581060,46,0,0.0167139,0
5616306,46,0,1.0713018e-07,0
5944784,46,0,0.00018454985,0
6013421,46,0,0.02945378,0
6243943,46,0,0.06377976,0
6243976,46,0,0.0,0
6244017,46,0,0.018324208,0
6244808,46,0,0.00022813748,0
6245237,46,0,0.0043754675,0
6341153,46,0,0.04903561,0
6417015,46,0,3.826519e-18,0
6629462,46,0,0.009267492,0
7218008,46,0,0.0,0
7578699,46,0,0.0003046865,0
7591549,46,0,1.1055791e-05,0
7592802,46,0,0.00035349742,0
7592815,46,0,0.00031819483,0
7597019,46,0,0.0041353777,0
7597463,46,0,0.006333428,0
7877502,46,0,0.00974408,0
7981490,46,0,0.0033908691,0
7984087,46,0,0.00024864817,0
7984089,46,0,0.00042021673,0
7984090,46,0,9.784421e-07,0
7984091,46,0,5.191223e-14,0
8007690,46,0,0.00046528826,0
8159507,46,0,0.013888567,0
8180021,46,0,0.00055879116,0
9822768,46,0,0.0002839497,0
10350720,46,0,0.007058389,0
10825262,46,0,1.0811359e-06,0
12537161,46,0,0.0030373412,0
12959844,46,0,3.9688895e-12,0
13472060,46,0,0.00041487277,0
13526993,46,0,0.0028827416,0
13636442,46,0,1.7955969e-06,0
13678523,46,0,1.0152054e-15,0
13679280,46,0,0.003056516,0
13835610,46,0,0.0010774513,0
14090138,46,0,5.5568813e-07,0
14096109,46,0,0.0010219231,0
14112275,46,0,0.002720165,0
14913694,46,0,0.0007049177,0
14950377,46,0,0.00033324797,0
14950809,46,0,0.0,0
14952201,46,0,0.0017541418,0
14952222,46,0,0.004770382,0
14972558,46,0,0.04078154,0
14993946,46,0,0.052449312,0
15365487,46,0,0.0007148297,0
15629037,46,0,0.00011998455,0
15629510,46,0,0.032279983,0
15667547,46,0,0.120593496,0
15814250,46,0,1.0476475e-05,0
15913585,46,0,0.00034700855,0
15984207,46,0,0.09584397,0
16478142,46,0,0.006312746,0
16542124,46,0,0.54717976,0
16913271,46,0,1.7271057e-05,0
16915265,46,0,0.0028579184,0
16915664,46,0,2.2923265e-05,0
16916395,46,0,4.5365798e-07,0
16916513,46,0,0.004971575,0
16993937,46,0,0.0013753296,0
19210463,46,0,3.2670472e-05,0
20006516,46,0,3.2389726e-05,0
21541678,46,0,0.0058566257,0
21542091,46,0,1.8212546e-05,0
21783643,46,0,0.021440266,0
21785013,46,0,0.6134106,0
21785855,46,0,1.4807945e-05,0
21911936,46,0,6.7111415e-07,0
22203150,46,0,0.00013123987,0
22203381,46,0,0.047571227,0
22204803,46,0,9.33646e-05,0
22205367,46,0,1.3086373e-05,0
22650864,46,0,5.555786e-15,0
24453586,46,0,3.778385e-14,0
24522913,46,0,0.0010006622,0
25456425,46,0,0.039424907,0
25634495,46,0,0.41673818,0
27031253,46,0,1.0831411e-21,0
29243157,46,0,0.008725181,0
29454726,46,0,0.0007047948,0
30348305,46,0,0.4451126,0
30526323,46,0,0.5224935,0
31273765,46,0,0.019064637,0
31409359,46,0,0.002038459,0
31557301,46,0,2.7551188e-05,0
31580372,46,0,2.1944743e-06,0
32330985,46,0,0.0005474096,0
32998848,46,0,0.0008772643,0
33446037,46,0,0.05776965,0
34137293,46,0,0.644822,0
34786829,46,0,0.00047171774,0
35628304,46,0,0.023417514,0
35650042,46,0,4.033163e-06,0
36709781,46,0,0.00011217194,0
36882666,46,0,0.00020649571,0
37710737,46,0,0.028683752,0
37967815,46,0,0.5307853,0
38200326,46,0,0.011458347,0
38741913,46,0,0.0012044917,0
39220656,46,0,2.0934309e-05,0
39422017,46,0,0.43146294,0
40387777,46,0,0.000124845,0
40734618,46,0,0.0027339982,0
40906110,46,0,0.038396895,0
41187779,46,0,0.15250045,0
43351875,46,0,0.20067157,0
43649029,46,0,0.008385875,0
44118784,46,0,0.10364789,0
44517537,46,0,0.000378377,0
44780814,46,0,0.009018813,0
45521355,46,0,9.964889e-16,0
45521358,46,0,1.2023208e-15,0
45956936,46,0,0.31126767,0
46047725,46,0,0.18186155,0
46950741,46,0,6.1484517e-15,0
46950744,46,0,2.803478e-15,0
48285886,46,0,6.0249284e-16,0
48342473,46,0,0.04921201,0
48346142,46,0,2.0740007e-10,0
48350949,46,0,0.1226267,0
48428950,46,0,0.05528725,0
48535465,46,0,0.573631,0
48593138,46,0,3.874581e-05,0
48811587,46,0,0.42641786,0
49315950,46,0,0.003997644,0
49940238,46,0,0.0016667347,0
49970556,46,0,5.611809e-05,0
50383542,46,0,0.09818818,0
50434018,46,0,0.3054262,0
52811306,46,0,0.001393919,0
53738696,46,0,0.056774065,0
55601897,46,0,3.1577706e-11,0
56147299,46,0,0.5664561,0
58191203,46,0,0.052128777,0
59080968,46,0,6.744532e-05,0
59080978,46,0,2.1517119e-05,0
59086131,46,0,2.4745244e-14,0
59215037,46,0,0.028428117,0
60617667,46,0,9.45135e-06,0
60768955,46,0,0.0057695415,0
61304091,46,0,0.021498242,0
65000360,46,0,0.06599171,0
66418607,46,0,2.6747857e-08,0
66418610,46,0,0.016774988,0
66418611,46,0,0.012825747,0
66418612,46,0,0.018148001,0
66418920,46,0,1.0604588e-28,0
66418992,46,0,7.475209e-09,0
66419090,46,0,5.9407773e-10,0
66419091,46,0,0.009317205,0
66419170,46,0,2.1196263e-15,0
66419172,46,0,0.00016694811,0
66419173,46,0,5.6143804e-06,0
66419194,46,0,2.7220155e-09,0
66419199,46,0,8.141517e-09,0
66419260,46,0,1.03884686e-10,0
66420365,46,0,0.06312909,0
66420374,46,0,0.05749608,0
66420538,46,0,0.40225434,0
66420548,46,0,0.02038352,0
66420562,46,0,0.10933887,0
66420571,46,0,0.14891687,0
66420576,46,0,1.9097928e-09,0
66420588,46,0,0.008217846,0
66420801,46,0,0.052319802,0
66420805,46,0,4.2434647e-07,0
66420812,46,0,1.0463652e-15,0
66420814,46,0,1.6372068e-24,0
66420815,46,0,0.08746712,0
66420816,46,0,5.8423457e-16,0
66420824,46,0,0.0025767058,0
66420987,46,0,2.3791134e-07,0
66421580,46,0,0.015131503,0
66421736,46,0,1.3321115e-09,0
66421741,46,0,0.011556961,0
66421744,46,0,0.0013782404,0
66421745,46,0,5.4723836e-07,0
66421754,46,0,1.1990358e-09,0
66421761,46,0,6.440491e-10,0
66421915,46,0,6.958467e-10,0
66421930,46,0,3.7236918e-09,0
66421959,46,0,0.03541762,0
66421968,46,0,1.643176e-09,0
66421983,46,0,0.000512709,0
66421987,46,0,1.5634756e-29,0
66422101,46,0,4.781919e-08,0
66422104,46,0,6.922236e-05,0
66422110,46,0,4.210676e-05,0
66422365,46,0,0.00090507173,0
66422371,46,0,0.00034526488,0
66422375,46,0,0.013101853,0
66422391,46,0,0.00013597797,0
66422823,46,0,0.00023723459,0
66422866,46,0,7.472948e-05,0
66422868,46,0,4.4505912e-05,0
66423013,46,0,4.4069843e-06,0
66423022,46,0,0.0002098679,0
66423046,46,0,0.0005593368,0
66423057,46,0,0.0024737664,0
66423059,46,0,0.00020027148,0
66423232,46,0,0.001688522,0
66423427,46,0,1.6531076e-05,0
66423630,46,0,3.4368048e-05,0
66423833,46,0,1.2556636e-09,0
66424056,46,0,0.0035477087,0
66424061,46,0,0.00030281287,0
66424100,46,0,1.552295e-05,0
66424105,46,0,0.00047459133,0
66424296,46,0,0.000107753236,0
66424503,46,0,0.0011142476,0
66425212,46,0,1.1195108e-05,0
66426338,46,0,4.38783e-10,0
66426364,46,0,0.009692198,0
66426611,46,0,0.046751495,0
66426847,46,0,4.6975227e-05,0
66426860,46,0,9.4021816e-05,0
66427066,46,0,2.3359032e-06,0
66427086,46,0,0.13415694,0
66427463,46,0,9.864473e-07,0
66427513,46,0,6.216418e-08,0
66427664,46,0,5.982907e-06,0
66427749,46,0,0.000110493944,0
66427878,46,0,1.2529971e-05,0
66427930,46,0,1.6506061e-06,0
66428401,46,0,9.775673e-07,0
66428705,46,0,2.6167193e-08,0
66428717,46,0,2.7554738e-12,0
66428738,46,0,0.028447272,0
66428743,46,0,0.000829469,0
66428911,46,0,0.0016196166,0
66428942,46,0,6.849406e-11,0
66429160,46,0,3.0961487e-06,0
66429167,46,0,0.00014325221,0
66429170,46,0,0.00018698853,0
66429648,46,0,1.14823956e-10,0
66429650,46,0,0.0019475558,0
66429916,46,0,0.009578294,0
66429923,46,0,0.003393603,0
66430526,46,0,0.013984289,0
66430527,46,0,8.843681e-07,0
66430701,46,0,0.0016327626,0
66430704,46,0,0.0002512759,0
66430709,46,0,2.5123365e-05,0
66432746,46,0,0.022257103,0
66435532,46,0,8.664025e-08,0
66435614,46,0,4.140332e-08,0
66436274,46,0,3.253324e-05,0
66437434,46,0,0.11602827,0
66437606,46,0,2.2644163e-07,0
66437629,46,0,1.1872884e-09,0
66437630,46,0,0.41379598,0
66437997,46,0,0.007051448,0
66438003,46,0,4.399216e-06,0
66438007,46,0,0.1556769,0
66438008,46,0,0.571967,0
66438035,46,0,0.046131887,0
66438045,46,0,1.8780046e-06,0
66438047,46,0,0.036914017,0
66438048,46,0,0.14977072,0
66438255,46,0,0.0030722513,0
66438398,46,0,0.0016352074,0
66438399,46,0,0.08385011,0
66438401,46,0,6.34669e-07,0
66439429,46,0,0.441373,0
66439433,46,0,0.5758869,0
66440734,46,0,5.3086386e-28,0
66440913,46,0,7.4136723e-16,0
66441566,46,0,2.4061763e-14,0
66441574,46,0,4.4330234e-16,0
66442559,46,0,1.915148e-05,0
66447544,46,0,0.35780787,0
66447548,46,0,0.6631655,0
66447754,46,0,4.0552706e-10,0
66447964,46,0,0.00012665863,0
66447967,46,0,0.029902251,0
66448112,46,0,0.02407235,0
66457149,46,0,3.384193e-09,0
66457389,46,0,0.03662076,0
66464301,46,0,0.026832426,0
66465234,46,0,1.0502279e-06,0
66474773,46,0,0.00014308022,0
66520942,46,0,0.5055687,0
66522249,46,0,0.0281954,0
66522453,46,0,0.006671791,0
66525811,46,0,0.038262,0
66525815,46,0,7.661416e-09,0
66565043,46,0,0.059398267,0
67001612,46,0,0.0004623001,0
67749446,46,0,0.29061434,0
70672702,46,0,0.008503765,0
72570642,46,0,0.33440793,0
72869460,46,0,0.20029485,0
72869690,46,0,0.0017319442,0
74195778,46,0,0.5446799,0
75078587,46,1,0.9999684,1
75419743,46,0,5.8071024e-17,0
78087451,46,0,0.33747017,0
78882623,46,0,0.029122591,0
79244550,46,0,0.001933488,0
79365126,46,0,0.001262577,0
79393396,46,0,0.0539395,0
80119141,46,0,0.035037134,0
80119175,46,0,0.04264241,0
80406543,46,0,0.060942385,0
80728293,46,0,0.014076215,0
81026701,46,0,0.26359102,0
81726621,46,0,0.02073665,0
82296271,46,0,1.4398695e-13,0
83399487,46,0,0.058374505,0
84256457,46,0,1.1308135e-13,0
84371036,46,0,8.1331265e-05,0
85079055,46,0,0.14297912,0
87021023,46,0,0.0040350948,0
87172265,46,0,0.60299385,0
87732051,46,0,0.6755008,0
87766870,46,0,0.7431931,0
88021508,46,0,0.0555188,0
89376781,46,0,0.2198786,0
95641017,46,0,6.346584e-28,0
97280909,46,0,0.0002895794,0
99887258,46,0,1.3048651e-05,0
104000053,46,0,0.07683215,0
105097056,46,0,0.0007978798,0
109165316,46,0,0.0040103714,0
109179805,46,0,0.008207031,0
110963409,46,0,0.00022380886,0
111171925,46,0,0.043048367,0
111690202,46,0,0.16173463,0
115786408,46,0,0.00020441433,0
116476641,46,0,0.18016534,0
116511766,46,0,0.3092804,0
118535800,46,0,0.035453387,0
118874815,46,0,5.199703e-15,0
120324917,46,0,0.0,0
120480994,46,0,0.008005989,0
120609415,46,0,0.51727754,0
121739591,46,0,0.01709953,0
123149957,46,0,1.911024e-06,0
125969180,46,0,0.24924868,0
126819049,46,0,9.96948e-06,0
133876531,46,0,4.2178743e-37,0
138297866,46,0,2.5282238e-06,0
139157675,46,0,2.1341139e-10,0
141223547,46,0,0.0008255446,0
146898750,46,0,0.017679403,0
170773113,46,0,0.00029213305,0
172563851,46,0,0.14390396,0
174906625,46,0,3.1987703e-28,0
175460621,46,0,5.8896174e-05,0
177966468,46,0,0.0062756184,0
187254716,46,0,0.017297948,0
187407716,46,0,9.880761e-07,0
191828721,46,0,0.035229728,0
191870464,46,0,6.6773254e-08,0
192718359,46,0,4.4102428e-05,0
194332374,46,0,0.21532768,0
194332599,46,0,0.06555685,0
194333181,46,0,0.57372737,0
194333523,46,0,0.03319149,0
194333604,46,0,0.74828196,0
194334240,46,0,0.0140149165,0
194335151,46,0,0.07821051,0
194335254,46,0,0.03418217,0
194336453,46,0,4.44422e-29,0
194336486,46,0,1.1188152e-15,0
194336530,46,0,0.4189864,0
194336630,46,0,7.828816e-16,0
194337647,46,0,0.76566976,0
194337658,46,0,3.542452e-17,0
194338137,46,0,0.0001321711,0
194341512,46,0,0.2286112,0
194341524,46,0,0.0018164495,0
194341864,46,0,0.0003739104,0
194342024,46,0,0.55333185,0
194342201,46,0,0.40926644,0
194342266,46,0,1.6291419e-28,0
194342283,46,0,1.2681382e-28,0
194342287,46,0,2.2205995e-26,0
194342423,46,0,3.5229354e-26,0
194343372,46,0,0.056839596,0
194343386,46,0,1.7663132e-28,0
194343641,46,0,1.9437547e-26,0
194343771,46,0,1.719667e-28,0
194343789,46,0,2.5477735e-28,0
194343804,46,0,1.451877e-28,0
194343808,46,0,1.5338738e-28,0
194343823,46,0,3.6903396e-28,0
194343827,46,0,3.8529603e-24,0
194344198,46,0,8.223784e-27,0
194344206,46,0,2.5453836e-28,0
194344215,46,0,2.658223e-29,0
194344401,46,0,0.05074055,0
194344660,46,0,1.2951105e-27,0
194344741,46,0,2.0209055e-28,0
194346782,46,0,0.774721,0
194347194,46,0,0.18871558,0
194347223,46,0,0.05904338,0
194348576,46,0,0.17639193,0
194349647,46,0,0.09715054,0
194350837,46,0,0.083514445,0
194375596,46,0,0.5272298,0
194375616,46,0,0.02510324,0
194375634,46,0,0.24292837,0
194375950,46,0,3.6809044e-05,0
194376081,46,0,0.00034062218,0
194376117,46,0,0.017165339,0
194376455,46,0,1.0793909e-15,0
194376478,46,0,0.17258519,0
194376485,46,0,1.3448978e-15,0
194376501,46,0,0.038627725,0
194376506,46,0,4.712309e-16,0
194378081,46,0,3.6546373e-09,0
194378535,46,0,0.22777236,0
194378698,46,0,0.04628128,0
194381494,46,0,0.8181926,1
195419049,46,0,0.0063199955,0
195419053,46,0,3.2867857e-09,0
195419435,46,0,3.9268518e-05,0
195419474,46,0,5.2490662e-08,0
195419479,46,0,0.065019846,0
195419512,46,0,3.280616e-07,0
195419540,46,0,0.00014186163,0
195419583,46,0,0.021684593,0
195419589,46,0,1.6127929e-06,0
195419596,46,0,0.0026872326,0
195419599,46,0,1.14902896e-07,0
195419622,46,0,0.0003455797,0
195419623,46,0,2.1169297e-05,0
195419629,46,0,1.1138453e-06,0
195419643,46,0,0.00014592252,0
195419659,46,0,6.851958e-06,0
195419662,46,0,1.36450615e-27,0
195419665,46,0,0.001132535,0
195419687,46,0,9.4967865e-05,0
195419750,46,0,2.218505e-14,0
195419751,46,0,2.3735867e-16,0
195420415,46,0,9.209063e-15,0
195420417,46,0,5.8030317e-16,0
195421106,46,0,0.0043707485,0
195421116,46,0,1.1707129e-05,0
195421119,46,0,0.00017792743,0
195421130,46,0,0.008817948,0
195421132,46,0,7.805592e-07,0
195421134,46,0,0.02513765,0
195421152,46,0,0.3900882,0
195421162,46,0,7.321874e-10,0
195421707,46,0,0.41138622,0
195421718,46,0,3.0132593e-05,0
195422373,46,0,0.23480445,0
195422450,46,0,1.9468341e-07,0
195424038,46,0,0.02311214,0
195426630,46,0,0.24712096,0
195426635,46,0,0.13078637,0
195426636,46,0,0.26647046,0
195426637,46,0,0.7242679,0
195426929,46,0,0.17361754,0
195426930,46,0,0.5730669,0
195427104,46,0,8.2605635e-05,0
195428168,46,0,0.924234,1
195428179,46,0,0.38573363,0
195428305,46,0,0.13879256,0
195428306,46,0,0.42512718,0
195428309,46,0,0.26997933,0
195428311,46,0,0.54012376,0
195428316,46,0,0.3230169,0
195428317,46,0,0.015050558,0
195428318,46,0,0.24755979,0
195428319,46,0,0.9038306,1
195428900,46,0,0.53118455,0
195428902,46,0,0.28730673,0
195428903,46,0,0.5264994,0
195428904,46,0,0.7127399,0
195429515,46,0,0.56876487,0
195429518,46,0,0.0014911324,0
195429521,46,0,4.930346e-08,0
195429583,46,0,0.011108192,0
195429584,46,0,0.3546134,0
195429588,46,0,0.15348594,0
195429592,46,0,0.19377296,0
195429817,46,0,0.72450334,0
195429883,46,0,0.32164887,0
195429885,46,0,0.85420555,1
195429886,46,0,0.10939748,0
195429936,46,0,0.31516013,0
195436530,46,0,6.756949e-05,0
195436739,46,0,0.020364678,0
195436746,46,0,0.415613,0
195436769,46,0,0.07399875,0
195436934,46,0,0.031994987,0
195437077,46,0,0.07491569,0
195437101,46,0,0.0070645814,0
195437269,46,0,0.0006761421,0
195437272,46,0,4.841258e-05,0
195437280,46,0,0.006802826,0
195437282,46,0,3.713427e-36,0
195437283,46,0,0.0007059422,0
195437286,46,0,1.811629e-12,0
195437297,46,0,0.0004989478,0
195437303,46,0,8.720116e-07,0
195437311,46,0,1.3751578e-09,0
195437318,46,0,0.0065162145,0
195437322,46,0,2.1221135e-08,0
195437332,46,0,1.9068253e-14,0
195437391,46,0,1.58472e-14,0
195437399,46,0,0.022779083,0
195437423,46,0,0.20031731,0
195438424,46,0,0.019668138,0
195438513,46,0,0.0953473,0
195438810,46,0,6.485446e-05,0
195439221,46,0,0.0009288118,0
195440360,46,0,0.039108016,0
195440365,46,0,4.029501e-05,0
195440366,46,0,6.7643495e-09,0
195440367,46,0,0.011723168,0
195440415,46,0,5.010429e-05,0
195440419,46,0,0.018386826,0
195440440,46,0,4.5380816e-08,0
195440489,46,0,0.056906037,0
195440506,46,0,1.6641915e-06,0
195440515,46,0,0.0012124723,0
195440729,46,0,3.7980342e-05,0
195440736,46,0,3.856948e-08,0
195440751,46,0,0.0007074852,0
195440754,46,0,0.002395926,0
195440756,46,0,4.6595738e-07,0
195440805,46,0,0.00030569086,0
195440807,46,0,0.00015859069,0
195440832,46,0,8.002754e-05,0
195440849,46,0,8.2187023e-07,0
195440861,46,0,0.00031062178,0
195440862,46,0,0.028345807,0
195440866,46,0,0.0049413247,0
195440903,46,0,0.095201805,0
195441370,46,0,0.008976121,0
195441679,46,0,0.32382223,0
195441720,46,0,0.06206458,0
195441763,46,0,0.14438535,0
195441980,46,0,0.20230518,0
195442209,46,0,2.6321217e-05,0
195449419,46,0,0.06854606,0
195449994,46,0,1.4592436e-15,0
195451220,46,0,1.8309098e-14,0
195451869,46,0,0.14747691,0
195451909,46,0,0.08516698,0
195452151,46,0,1.0534386e-14,0
195452570,46,0,0.60922426,0
195490427,46,0,0.011767525,0
195490638,46,0,0.018335521,0
195498014,46,0,0.1547633,0
195498457,46,0,1.2724132e-05,0
195498690,46,0,6.835256e-12,0
195500413,46,0,7.7775474e-11,0
195503362,46,0,0.1717779,0
195503827,46,0,0.013558487,0
195535414,46,0,0.022496238,0
195543816,46,0,2.3282262e-10,0
195543834,46,0,1.8046892e-07,0
195545072,46,0,6.2579966e-05,0
195545082,46,0,5.6749336e-08,0
195566114,46,0,1.38690375e-08,0
195569080,46,0,0.00023890565,0
195569888,46,0,4.1650637e-06,0
195576419,46,0,0.1664843,0
195576681,46,0,0.0040554935,0
195576683,46,0,0.19421297,0
195576685,46,0,0.11365431,0
195583206,46,0,0.13689822,0
195583664,46,0,0.5534175,0
195599243,46,0,3.873357e-16,0
195622265,46,0,0.002862255,0
195626745,46,0,5.3083813e-06,0
195640626,46,0,0.00017044286,0
195648047,46,0,0.0012060934,0
195654304,46,0,6.569371e-05,0
195654305,46,0,0.046013698,0
195777697,46,0,0.035095297,0
195784816,46,0,0.00013921024,0
196088629,46,0,0.13469878,0
196089039,46,0,2.0847228e-06,0
196089283,46,0,3.8923373e-13,0
196089284,46,0,2.105475e-15,0
196089385,46,0,0.045633413,0
196089403,46,0,0.95167774,1
196089649,46,0,0.51980656,0
196089650,46,0,0.12217483,0
196089710,46,0,2.4310493e-11,0
196089787,46,0,2.7956176e-08,0
196089923,46,0,0.00014785877,0
196089959,46,0,0.6965984,0
196090052,46,0,0.018264193,0
196090350,46,0,0.2875948,0
196090511,46,0,0.38841924,0
196090570,46,0,2.1192615e-16,0
196090624,46,0,1.2182095e-07,0
196090749,46,0,5.4718585e-05,0
196090876,46,0,0.123265795,0
196091186,46,0,0.3815739,0
196091211,46,0,0.79122263,0
196091433,46,0,0.6123956,0
196091453,46,0,0.00086655095,0
196091565,46,0,2.3935201e-14,0
196091566,46,0,8.634617e-14,0
196091571,46,0,1.5108688e-16,0
196092009,46,0,0.43724737,0
196092023,46,0,0.0867556,0
196092384,46,0,0.27278185,0
196092389,46,0,0.06568399,0
196092403,46,0,0.10918912,0
196092691,46,0,0.5414484,0
196093530,46,0,2.8388508e-16,0
196093896,46,0,0.27265376,0
196094555,46,0,0.01754784,0
196104081,46,0,0.7488178,0
196104130,46,0,0.067984894,0
196104258,46,0,0.0025150797,0
196104303,46,0,0.019904386,0
196104318,46,0,0.02092045,0
196104353,46,0,0.10578756,0
196104399,46,0,0.060354255,0
196104560,46,0,4.7714775e-12,0
196104671,46,0,0.027438926,0
196104686,46,0,0.016219731,0
196104721,46,0,0.3200028,0
196105090,46,0,0.13908431,0
196105093,46,0,1.4670704e-07,0
196105115,46,0,0.01184243,0
196105139,46,0,0.016815705,0
196105263,46,0,0.0678392,0
196105355,46,0,0.054427657,0
196105366,46,0,0.035142124,0
196105522,46,0,1.4730906e-09,0
196105554,46,0,0.54292274,0
196105600,46,0,0.0418483,0
196105613,46,0,0.16516359,0
196105664,46,0,0.058817048,0
196105849,46,0,0.0003283785,0
196105861,46,0,0.0003137549,0
196105891,46,0,3.4457626e-21,0
196106160,46,0,0.16173908,0
196106415,46,0,0.03586915,0
196106480,46,0,0.101309925,0
196107025,46,0,0.14409162,0
196107057,46,0,6.427267e-16,0
196107124,46,0,5.6377444e-16,0
196107869,46,0,0.79236066,0
196111623,46,0,0.022030374,0
196115726,46,0,0.73308486,0
196122645,46,1,0.4059809,0
196255567,46,0,0.0049948897,0
196255569,46,0,4.274547e-16,0
196255579,46,0,0.0167738,0
196255607,46,0,3.6028816e-16,0
196255739,46,0,0.00050515,0
196255772,46,0,0.00012722936,0
196255787,46,0,4.946443e-06,0
196255811,46,0,0.0010279376,0
196255830,46,0,0.00030704,0
196255846,46,0,1.864337e-05,0
196255854,46,0,0.06843255,0
196255892,46,0,0.01725217,0
196255930,46,0,0.0021740226,0
196256022,46,0,0.06775484,0
196256051,46,0,2.8417926e-12,0
196256088,46,0,0.0011836839,0
196256248,46,0,0.00010708609,0
196256253,46,0,0.00073793647,0
196256872,46,0,0.00023230401,0
196256884,46,0,1.1943977e-09,0
196257164,46,0,0.00040761332,0
196257183,46,0,0.0003054089,0
196257230,46,0,0.00047438714,0
196257497,46,0,1.6124324e-10,0
196257515,46,0,0.11193694,0
196257549,46,0,2.2873165e-07,0
196257565,46,0,0.00086112344,0
196257589,46,0,1.3091965e-05,0
196257689,46,0,0.00012955458,0
196257703,46,0,0.03526498,0
196257710,46,0,1.5737726e-08,0
196257743,46,0,0.05052229,0
196257764,46,0,0.22005935,0
196257791,46,0,0.03120077,0
196257796,46,0,0.00037750188,0
196257961,46,0,0.010220231,0
196258345,46,0,2.8176837e-08,0
196260600,46,0,0.00037685645,0
196269119,46,0,0.7904168,0
196398158,46,0,0.21635157,0
196399472,46,0,0.3440964,0
235586,47,0,0.0,0
1754564,47,0,0.0005502952,0
1785264,47,0,3.5054726e-16,0
1787201,47,0,2.4342086e-07,0
1854409,47,0,2.4355197e-14,0
1877747,47,0,3.2793652e-13,0
2191929,47,0,0.035488117,0
2577047,47,0,0.52606547,0
3098169,47,0,0.0,0
3510576,47,0,0.0027617535,0
3623625,47,0,0.0056188265,0
4374894,47,0,0.9972626,1
4547997,47,0,1.2093811e-16,0
4992641,47,0,4.5303423e-06,0
4998737,47,0,0.33112484,0
6138366,47,0,0.19501899,0
7491822,47,0,0.00063836924,0
7491830,47,0,0.00052416226,0
7491836,47,0,1.5446082e-08,0
7491846,47,0,0.0,0
7491851,47,0,2.260886e-17,0
7506925,47,0,0.004160841,0
7564652,47,0,5.0285293e-15,0
7834222,47,0,0.022245368,0
9273158,47,0,0.1298401,0
11268149,47,0,0.0009934282,0
12081598,47,0,0.0032547524,0
12455512,47,0,0.00047296713,0
13269003,47,0,0.0,0
13309176,47,0,0.076081246,0
14737240,47,0,0.12784672,0
14803706,47,1,0.30620626,0
15944534,47,0,0.048999127,0
17294880,47,0,0.01980124,0
18918220,47,0,0.0,0
19170155,47,0,0.016117886,0
19254321,47,0,8.0588e-06,0
22314581,47,0,4.425188e-14,0
24459104,47,0,0.040760793,0
26047332,47,0,1.91218e-13,0
26181447,47,0,0.0014966049,0
26945566,47,0,0.0013122227,0
27128073,47,0,0.6141444,0
27496465,47,0,1.0732614e-14,0
28185424,47,0,0.010136181,0
28967218,47,0,0.16013047,0
29141337,47,0,0.034237467,0
29646430,47,0,5.4274355e-05,0
29812110,47,0,3.2241603e-09,0
30084029,47,0,0.0,0
30938661,47,0,7.9557e-05,0
31139903,47,0,0.005721335,0
31580387,47,0,0.0,0
31582491,47,0,0.0035861197,0
31646401,47,0,2.6535387e-09,0
31945218,47,0,0.0,0
32054179,47,1,0.6572475,0
34649858,47,0,0.305148,0
34893448,47,0,0.0,0
35631809,47,0,0.01544814,0
35654921,47,0,0.16302575,0
36362457,47,0,0.40327922,0
36364435,47,0,0.00076418096,0
37366569,47,0,0.07022037,0
38615823,47,0,0.022833427,0
38688623,47,0,0.00014275438,0
39307276,47,0,0.005894745,0
39393441,47,0,4.247218e-19,0
40190602,47,0,0.0156296,0
40619612,47,0,0.024607455,0
41070254,47,0,0.0030503352,0
41070601,47,0,0.006188452,0
41070604,47,0,0.000286454,0
41070608,47,0,0.0038048194,0
41070611,47,0,0.00037004176,0
42348879,47,0,0.050274696,0
42785015,47,0,4.575844e-13,0
43703461,47,0,0.0,0
43965576,47,0,3.908211e-06,0
44348901,47,0,0.10818095,0
47945520,47,0,0.39539915,0
50081278,47,0,0.0,0
50732436,47,0,0.0,0
50908945,47,0,0.9985764,1
51241093,47,0,5.3558064e-10,0
51241159,47,0,0.06262294,0
52178783,47,0,0.22998507,0
52223144,47,0,0.44985157,0
52455532,47,0,6.461814e-29,0
53845870,47,0,1.3932535e-16,0
54095065,47,0,0.0029560975,0
56323413,47,0,0.0015906654,0
56615777,47,0,0.0017247292,0
57836170,47,0,0.59319025,0
59500658,47,0,1.2459213e-15,0
60359459,47,0,0.009720789,0
60660610,47,0,0.021761816,0
60673519,47,0,0.0073838024,0
61067675,47,0,0.49486646,0
61158159,47,0,0.07749885,0
62658387,47,0,0.004835691,0
62673760,47,0,0.017661927,0
62752980,47,0,1.1128128e-09,0
63080024,47,0,1.5199886e-08,0
63254396,47,0,8.504452e-05,0
64174053,47,0,1.1854016e-16,0
64495168,47,0,0.24847828,0
65393287,47,0,0.025662871,0
65406297,47,0,0.03689706,0
65470419,47,0,0.5571854,0
67319243,47,0,9.9425604e-05,0
69071909,47,0,1.2899775e-06,0
70311541,47,0,0.069560885,0
70607352,47,0,6.576103e-05,0
70669824,47,0,0.033877697,0
70958108,47,0,0.065572746,0
71382683,47,0,0.00027520958,0
71382685,47,0,0.009587531,0
71606734,47,0,5.5692817e-06,0
73145456,47,0,0.0035397206,0
73148377,47,0,2.4562033e-15,0
74456968,47,0,0.0059983763,0
75730460,47,0,0.0,0
75788193,47,0,0.036566023,0
75789567,47,0,0.0029036438,0
75791665,47,0,7.180711e-13,0
75792565,47,0,0.5652949,0
77724398,47,0,0.08521921,0
83121915,47,0,4.6684657e-19,0
90578545,47,0,4.6639057e-09,0
92257112,47,0,0.47430632,0
92692345,47,0,4.3532428e-14,0
93063701,47,0,0.004252955,0
93662855,47,0,0.0192363,0
94227091,47,0,0.0,0
95277643,47,0,0.0,0
96027603,47,0,2.1187522e-12,0
97155673,47,0,3.0426418e-07,0
101211541,47,0,0.014830778,0
101692510,47,0,0.007579149,0
102343697,47,0,0.0,0
102436731,47,0,0.02221148,0
102932673,47,0,0.02292873,0
103136115,47,0,0.0097160805,0
103136708,47,0,0.0036697325,0
103139209,47,0,1.9873453e-06,0
104004398,47,0,0.0067690103,0
104845273,47,0,0.042911284,0
105490236,47,0,1.9691886e-06,0
108707984,47,0,0.012351064,0
112511172,47,0,0.032247175,0
113903860,47,0,1.5573241e-10,0
113974818,47,0,0.0010277751,0
121513111,47,0,2.2466383e-11,0
121714948,47,0,0.011102531,0
123428355,47,0,2.021675e-37,0
124922317,47,0,0.059037015,0
125857230,47,0,7.86759e-15,0
133130343,47,0,0.04637828,0
135805287,47,0,6.109837e-19,0
140144678,47,0,0.1926911,0
140964844,47,0,0.031180225,0
146581674,47,0,5.095131e-13,0
148114185,47,0,0.742397,0
161157730,47,0,0.020971483,0
162395844,47,0,0.08828044,0
163427085,47,0,0.04905583,0
164028697,47,0,0.010161798,0
164594703,47,0,0.0071110176,0
168276620,47,0,0.08821853,0
176334020,47,0,0.06762494,0
178102917,47,0,0.06910288,0
178991272,47,0,0.017016126,0
178998421,47,0,0.00053040363,0
181403739,47,0,8.1756916e-05,0
183046403,47,0,0.051803432,0
183288709,47,0,0.026656847,0
189578548,47,0,0.0024566946,0
192839947,47,0,0.40498152,0
201067742,47,0,4.5396387e-16,0
208130329,47,0,0.002951761,0
212010797,47,0,0.0017779936,0
212255388,47,0,2.2024633e-17,0
212259150,47,0,0.034873728,0
212722108,47,1,0.014791069,0
212756739,47,0,0.14486222,0
213767301,47,0,4.1412637e-16,0
213777237,47,0,6.8646425e-30,0
218010378,47,0,0.6894937,0
218010555,47,0,0.08286322,0
218011087,47,0,0.47929567,0
218011208,47,0,0.45758045,0
218011322,47,0,0.3537024,0
218011326,47,0,0.0035369804,0
218011762,47,0,0.13643754,0
218011771,47,0,5.4976754e-05,0
218015597,47,0,0.029469369,0
218015604,47,0,0.4605718,0
218016024,47,0,0.49888068,0
218016770,47,0,0.66436505,0
218016775,47,0,0.010481992,0
218016806,47,0,0.28617713,0
218016819,47,0,0.8491803,1
218016822,47,0,0.19059841,0
218019741,47,0,0.10974848,0
218021673,47,0,0.38721707,0
218022446,47,0,0.027681094,0
218022450,47,0,0.009334705,0
218023183,47,0,0.49620333,0
218023850,47,0,5.8764726e-06,0
218023867,47,0,0.32289886,0
218023874,47,0,0.14121091,0
218024190,47,0,6.4397746e-06,0
218024205,47,0,0.7428481,0
218024376,47,0,0.0966172,0
218024707,47,0,0.0044133454,0
218024709,47,0,3.581079e-05,0
218025376,47,0,0.20240888,0
218027164,47,0,1.1066263e-06,0
218028288,47,0,0.5850107,0
218028677,47,0,0.09663045,0
218028684,47,0,0.039914977,0
218028865,47,0,1.7944021e-06,0
218028873,47,0,0.29398894,0
218029198,47,0,0.005996259,0
218030084,47,0,5.2777297e-05,0
218030526,47,0,2.975656e-07,0
218030893,47,0,0.04659911,0
218031007,47,0,2.966389e-05,0
218031021,47,0,0.10218651,0
218031494,47,0,0.35451686,0
218031549,47,0,0.0015231131,0
218031926,47,0,4.3934724e-06,0
218032370,47,0,4.572489e-06,0
218032409,47,0,0.49318168,0
218032449,47,0,4.271242e-06,0
218032470,47,0,0.0003938218,0
218032639,47,0,0.06801104,0
218032917,47,0,0.0465863,0
218032920,47,0,0.008273272,0
218032934,47,0,1.0846577e-05,0
218033063,47,0,1.8529492e-09,0
218033192,47,0,4.1475388e-09,0
218033571,47,0,7.127797e-05,0
218035272,47,0,0.012540916,0
218035934,47,0,0.049336158,0
218037378,47,0,3.004067e-17,0
218039478,47,0,4.4728363e-10,0
218039532,47,0,8.2673884e-10,0
218039695,47,0,1.0201266e-10,0
218039702,47,0,3.5385984e-08,0
218039707,47,0,0.03776177,0
218039901,47,0,3.1435265e-12,0
218039927,47,0,0.30077222,0
218039931,47,0,1.3781441e-05,0
218039936,47,0,0.4797619,0
218040017,47,0,6.136899e-05,0
218040068,47,0,0.022251645,0
218040083,47,0,1.51109225e-05,0
218040097,47,0,0.17500335,0
218040123,47,0,0.13622926,0
218040246,47,0,0.35850376,0
218043852,47,0,0.38373217,0
218043862,47,0,0.0003712145,0
218045454,47,0,0.15865438,0
218045659,47,0,0.16451456,0
218045663,47,0,0.5548975,0
218045666,47,0,0.115309395,0
218047016,47,0,0.817661,1
218047554,47,0,0.02996436,0
218047558,47,0,0.4942678,0
218047748,47,0,2.7763463e-18,0
218047757,47,0,1.0295995e-17,0
218047773,47,0,4.42972e-19,0
218047781,47,0,0.000105104635,0
218047784,47,0,1.770852e-07,0
218050039,47,0,1.20753e-35,0
218050775,47,0,0.9654517,1
218051244,47,0,0.95842814,1
218051282,47,0,2.846327e-35,0
218051628,47,0,0.013872954,0
218053345,47,0,1.3742927e-16,0
218053350,47,0,6.068936e-05,0
218053353,47,0,1.8914502e-16,0
218053488,47,0,0.0071190963,0
218053492,47,0,0.01465736,0
218053497,47,0,0.033581913,0
218053503,47,0,1.6601435e-16,0
218053505,47,0,2.8915863e-16,0
218053511,47,0,0.0561008,0
218053666,47,0,9.248347e-16,0
218053670,47,0,2.1189148e-15,0
218053690,47,0,2.5090453e-16,0
218054027,47,0,6.5553336e-16,0
218058339,47,0,0.1167775,0
218059723,47,0,2.660078e-07,0
218059737,47,0,1.09101535e-07,0
218061378,47,0,0.43311867,0
218061381,47,0,0.4770955,0
218061386,47,0,0.4323041,0
218061421,47,0,9.434951e-06,0
218061465,47,0,0.00040591494,0
218061480,47,0,4.8895912e-05,0
218062869,47,0,0.060189214,0
218062873,47,0,2.9146057e-07,0
218062887,47,0,1.7899431e-07,0
218062890,47,0,0.00044432952,0
218062893,47,0,2.1962697e-07,0
218064267,47,0,0.15213765,0
218064695,47,0,0.098144114,0
218064707,47,0,1.3354223e-07,0
218064717,47,0,1.9145467e-07,0
218065115,47,0,2.5922768e-07,0
218065494,47,0,3.3570714e-07,0
218066217,47,0,3.3076986e-07,0
218068135,47,0,0.64183927,0
218068197,47,0,0.039971597,0
218068208,47,0,0.6129223,0
218068433,47,0,0.26040682,0
218068532,47,0,0.14136814,0
218068549,47,0,0.7724157,0
218068850,47,0,0.017188562,0
218068854,47,0,0.09027369,0
218069252,47,0,0.21495458,0
218069948,47,0,0.16690288,0
218070352,47,0,0.056845028,0
218071878,47,0,6.3992964e-05,0
218072598,47,0,2.7902406e-05,0
218072619,47,0,0.31351054,0
218072630,47,0,0.022993961,0
218073111,47,0,0.00028957688,0
218073389,47,0,5.5442446e-16,0
218073419,47,0,3.6081219e-16,0
218073424,47,0,8.865329e-15,0
218073427,47,0,5.9469074e-15,0
218073432,47,0,1.8442928e-13,0
218073440,47,0,3.9383142e-14,0
218073784,47,0,2.1613496e-15,0
218075150,47,0,2.4200304e-14,0
218075696,47,0,1.6826406e-12,0
218075700,47,0,5.12964e-13,0
218075956,47,0,5.987111e-13,0
218075961,47,0,1.3808539e-12,0
218076473,47,0,0.023887506,0
218077113,47,0,0.05041619,0
218077477,47,0,0.01976196,0
218079023,47,0,4.190997e-28,0
218079030,47,0,4.641752e-29,0
218079137,47,0,2.2755654e-28,0
218079297,47,0,6.299356e-28,0
218079318,47,0,3.17835e-27,0
218079391,47,0,2.809005e-28,0
218079405,47,0,3.6990499e-28,0
218079641,47,0,8.3714006e-29,0
218080593,47,0,2.0508313e-10,0
218080601,47,0,2.6279015e-06,0
218080613,47,0,3.623056e-10,0
218080969,47,0,1.2570199e-09,0
218080974,47,0,2.8957579e-09,0
218080978,47,0,5.0157734e-10,0
218080986,47,0,2.5209892e-09,0
218080997,47,0,1.0989941e-10,0
218081001,47,0,9.6056565e-11,0
218081006,47,0,2.773635e-07,0
218081008,47,0,6.1049726e-10,0
218084627,47,0,0.19469133,0
218086718,47,0,0.0013030266,0
218089074,47,0,0.1599325,0
218089235,47,0,0.3570454,0
218089321,47,0,0.0021862553,0
218089571,47,0,0.44305244,0
218090483,47,0,0.0035918136,0
218091566,47,1,0.036217533,0
218091572,47,1,0.14049204,0
218091573,47,1,0.1924829,0
218091577,47,1,0.53198886,0
218091648,47,0,1.0761282e-12,0
218092606,47,0,0.02340601,0
218093920,47,0,6.73944e-05,0
218094265,47,0,0.59058005,0
218094616,47,0,0.56052107,0
218094668,47,0,7.0335654e-10,0
218095274,47,0,0.004910706,0
218096188,47,0,1.794866e-15,0
218096291,47,0,0.23132259,0
218099150,47,0,1.1737491e-28,0
218099154,47,0,3.5416285e-24,0
218099484,47,0,5.324892e-10,0
218099491,47,0,1.862694e-09,0
218100966,47,0,7.185492e-05,0
218102606,47,0,3.7384883e-08,0
218103291,47,0,0.000696853,0
218116829,47,0,0.0025274518,0
218116989,47,0,0.0814603,0
218117022,47,0,0.0016234338,0
218117899,47,0,0.00020005257,0
218118793,47,0,2.1692794e-07,0
218119412,47,0,0.24574392,0
218121498,47,0,0.25700408,0
218121514,47,0,0.2706646,0
218121518,47,0,0.3221589,0
218121521,47,0,0.036929462,0
218121627,47,0,0.080873966,0
218122248,47,0,0.1592719,0
218124060,47,0,0.0,0
218124798,47,0,0.028734652,0
218124812,47,0,0.0,0
218125499,47,0,0.003782788,0
218125812,47,0,0.027100088,0
218127603,47,0,0.023800882,0
218128373,47,0,0.0,0
218128759,47,0,0.48862815,0
218128787,47,0,7.51134e-09,0
218130196,47,0,0.086604506,0
218131048,47,0,4.3706397e-05,0
218131051,47,0,0.18584748,0
218133800,47,0,2.952612e-17,0
218133812,47,0,4.392233e-18,0
218133814,47,0,0.04175924,0
218135117,47,0,0.49013203,0
218135731,47,0,7.4828e-16,0
218135738,47,0,1.2363764e-15,0
218135759,47,0,2.7147843e-07,0
218136481,47,0,1.5214189e-15,0
218136485,47,0,1.0285682e-15,0
218138897,47,0,1.2974682e-05,0
218139542,47,0,2.1645874e-05,0
218141918,47,0,0.00505081,0
218142111,47,0,0.3392782,0
218142114,47,0,0.16139947,0
218142122,47,0,0.27748913,0
218143490,47,0,0.07642237,0
218143497,47,0,0.10347955,0
218143502,47,0,0.88966596,1
218144435,47,0,1.8408834e-06,0
218145212,47,0,8.937166e-14,0
218145289,47,0,6.2281126e-14,0
218145290,47,0,1.2876104e-12,0
218145295,47,0,4.3575627e-14,0
218145690,47,0,1.69846e-12,0
218145693,47,0,3.1978814e-12,0
218146157,47,0,1.4293858e-05,0
218147941,47,0,3.3427847e-07,0
218147946,47,0,2.76171e-07,0
218148723,47,0,3.160222e-07,0
218149291,47,0,3.053806e-05,0
218149299,47,0,0.5665175,0
218151235,47,0,0.24504392,0
218151306,47,1,0.74425757,0
218152286,47,0,0.10787501,0
218153088,47,0,0.08633119,0
218153089,47,0,0.056102816,0
218153352,47,0,0.12863475,0
218153433,47,0,0.09657504,0
218156731,47,0,4.304796e-08,0
218156765,47,0,5.5029733e-07,0
218166682,47,1,0.52551645,0
218263214,47,0,0.08786394,0
218263226,47,0,0.12647252,0
218263227,47,0,0.41764402,0
218263270,47,0,0.16353321,0
218263504,47,0,1.8561677e-17,0
218263798,47,0,7.081942e-05,0
218264913,47,0,5.5981207e-38,0
218264956,47,0,1.2611551e-13,0
218266389,47,0,8.179888e-05,0
218266524,47,0,0.013187027,0
218266528,47,0,0.06713551,0
218266530,47,0,0.2400872,0
218266535,47,0,0.17279889,0
218266537,47,0,0.097337425,0
218266540,47,0,0.04488081,0
218266543,47,0,0.109578885,0
218266544,47,0,0.057331905,0
218266550,47,0,0.1764751,0
218266551,47,0,0.10049995,0
218266553,47,0,0.10127577,0
218266556,47,0,0.042218562,0
218266570,47,0,0.0009997569,0
218267527,47,0,0.348029,0
218271078,47,0,0.06634186,0
218271506,47,0,0.0030791645,0
218272481,47,0,0.34887835,0
218274099,47,0,0.17710865,0
218274123,47,0,0.00060589757,0
218274259,47,0,0.14681968,0
218274281,47,0,0.3005972,0
218274306,47,0,0.8224914,1
218274801,47,0,0.08245326,0
218275067,47,0,0.03331629,0
218275074,47,0,0.023747401,0
218275107,47,0,0.031099563,0
218275113,47,0,2.8494662e-09,0
218275119,47,0,0.52540606,0
218275121,47,0,0.0021881482,0
218275140,47,0,0.023232087,0
218275223,47,0,0.7631326,0
218275609,47,0,1.4340905e-15,0
218276181,47,0,0.026803166,0
218276200,47,0,0.08348195,0
218277365,47,0,0.20582494,0
218277979,47,0,0.33653685,0
218279400,47,0,0.09575732,0
218279406,47,0,0.010250169,0
218279650,47,0,1.1507021e-13,0
218279669,47,0,0.17690776,0
218280167,47,0,0.314673,0
218280797,47,0,0.00967345,0
218281869,47,0,3.9213326e-09,0
218282940,47,0,4.634545e-09,0
218283396,47,0,0.3888267,0
218283405,47,0,0.04967016,0
218283424,47,0,0.19758439,0
218283428,47,0,5.8139933e-05,0
218283429,47,0,0.052500837,0
218283759,47,0,0.04721305,0
218283762,47,0,0.34415323,0
218283765,47,0,0.027788267,0
218283768,47,0,0.0844947,0
218283769,47,0,0.4844557,0
218283770,47,0,4.269087e-06,0
218283773,47,0,0.068027705,0
218283788,47,0,1.5234053e-06,0
218283789,47,0,0.09508269,0
218283791,47,0,0.58661604,0
218283795,47,0,0.30985823,0
218283812,47,0,0.00032489054,0
218283815,47,0,0.09034495,0
218284846,47,0,6.910955e-06,0
218284850,47,0,0.056271635,0
218284856,47,0,0.08586975,0
218284858,47,0,1.786145e-05,0
218285334,47,0,0.43768558,0
218285486,47,0,0.38472503,0
218285493,47,0,0.35660556,0
218285924,47,0,4.3704396e-05,0
218285993,47,0,1.6688814e-15,0
218285997,47,0,1.8827283e-13,0
218286004,47,0,0.23128024,0
218286154,47,0,0.14435817,0
218286163,47,0,1.682553e-17,0
218286173,47,0,2.7668427e-17,0
218286175,47,0,1.7215404e-17,0
218286322,47,0,1.9046103e-06,0
218287846,47,0,7.749091e-06,0
218287878,47,0,0.6310011,0
218292634,47,0,0.14251977,0
218292796,47,0,1.1560671e-14,0
218292869,47,0,8.8643094e-16,0
218292978,47,0,2.7013494e-15,0
218292987,47,0,9.02116e-16,0
218292990,47,0,1.3407231e-15,0
218293501,47,0,1.213592e-15,0
218293503,47,0,1.1213291e-20,0
218293505,47,0,0.09221977,0
218293508,47,0,4.4322303e-15,0
218293510,47,0,1.2371266e-15,0
218293512,47,0,1.763135e-14,0
218293515,47,0,0.0028594937,0
218293647,47,0,1.7408397e-14,0
218293648,47,0,4.5187114e-14,0
218294915,47,0,3.0279676e-05,0
218295883,47,0,9.716461e-06,0
218295886,47,0,1.4027093e-15,0
218295891,47,0,0.65358317,0
218295933,47,0,0.09258637,0
218297456,47,0,0.43286765,0
218298067,47,0,1.0083736e-08,0
218298082,47,0,9.034564e-07,0
218298206,47,0,1.2799537e-08,0
218298228,47,0,0.06547714,0
218298231,47,0,0.030525392,0
218299454,47,0,0.061436467,0
218299889,47,0,0.0004874253,0
218303960,47,0,0.6615538,0
218304927,47,0,9.946656e-13,0
218304932,47,0,1.7516528e-12,0
218304933,47,0,1.9124836e-12,0
218305782,47,0,8.106264e-13,0
218305784,47,0,6.880245e-14,0
218305785,47,0,3.8826854e-12,0
218305950,47,0,7.4032273e-13,0
218306660,47,0,0.0004332439,0
218306827,47,0,5.261865e-06,0
218306836,47,0,1.45051645e-05,0
218306858,47,0,1.4988706e-06,0
218306861,47,0,5.9072414e-07,0
218306904,47,0,0.0055476543,0
218306919,47,0,1.2982639e-12,0
218306920,47,0,3.20511e-13,0
218306921,47,0,2.3850813e-13,0
218306923,47,0,3.8553787e-13,0
218306926,47,0,2.7047602e-06,0
218306935,47,0,4.699378e-05,0
218306956,47,0,5.484133e-14,0
218306958,47,0,9.815499e-14,0
218306960,47,0,5.8895637e-15,0
218306966,47,0,7.174816e-15,0
218306970,47,0,1.6561973e-15,0
218306973,47,0,2.6304411e-15,0
218306975,47,0,6.202445e-15,0
218306977,47,0,1.402752e-15,0
218307597,47,0,0.46769127,0
218307600,47,0,0.33476174,0
218307602,47,0,0.364255,0
218307769,47,0,0.008877067,0
218307774,47,0,0.21773098,0
218307782,47,0,0.0129757775,0
218307785,47,0,0.2696072,0
218307786,47,0,0.47173458,0
218307883,47,0,0.4636787,0
218307884,47,0,0.37580007,0
218307902,47,0,0.28761414,0
218308144,47,0,9.056985e-06,0
218308146,47,0,1.8292927e-06,0
218308519,47,0,0.5694246,0
218308521,47,0,7.8900455e-05,0
218308522,47,0,0.33411333,0
218309437,47,0,0.7941629,0
218310568,47,0,7.006499e-05,0
218312239,47,0,5.816439e-16,0
218312273,47,0,0.081483856,0
218312399,47,0,3.223341e-05,0
218314014,47,0,0.036213007,0
218314019,47,0,0.9430644,1
218314022,47,0,0.00053129724,0
218314421,47,0,0.00043066422,0
218314433,47,0,4.1813146e-07,0
218314448,47,0,0.1410478,0
218314716,47,0,1.0660841e-21,0
218314791,47,0,0.014481914,0
218314801,47,0,0.23648015,0
218314810,47,0,1.9392603e-06,0
218395898,47,0,2.5033324e-20,0
218395925,47,0,4.2304307e-09,0
218395928,47,0,0.12858096,0
218396032,47,0,1.1360897e-07,0
218396254,47,0,0.14352714,0
218396285,47,0,0.050786294,0
218397765,47,0,0.0036893634,0
218398208,47,0,0.013489098,0
218398211,47,1,0.38811916,0
218398224,47,1,0.17414041,0
218398236,47,0,5.3269483e-05,0
218398240,47,0,0.00035876108,0
218398749,47,0,2.0855083e-14,0
218399031,47,0,0.002657238,0
218399034,47,0,2.7682978e-05,0
218399060,47,0,0.005086167,0
218399064,47,0,0.0017338232,0
218399065,47,0,3.9161258e-11,0
218399092,47,0,0.67607963,0
218400093,47,1,0.3634029,0
218400096,47,1,0.39766327,0
218400097,47,1,0.08484097,0
218400309,47,0,0.14712118,0
218400313,47,0,0.23364052,0
218400384,47,0,1.0126871e-05,0
218400386,47,0,0.0425546,0
218402110,47,0,0.001274722,0
218402305,47,0,4.7200152e-05,0
218402726,47,0,0.0004183675,0
218413420,47,0,0.014605441,0
218414030,47,0,0.037942596,0
218423469,47,1,0.0010267593,0
218434683,47,0,0.0030249145,0
218445832,47,0,0.9497558,1
218468513,47,0,0.0025805924,0
218468518,47,0,0.0070872554,0
218468774,47,0,1.0488778e-17,0
218470386,47,0,1.0539457e-13,0
218477279,47,0,6.3909376e-08,0
218477656,47,0,0.13754061,0
218477668,47,0,1.923057e-06,0
218488643,47,0,1.869949e-16,0
218545234,47,0,3.808135e-14,0
218546987,47,0,3.0389025e-14,0
218548416,47,0,0.1860753,0
218550123,47,0,5.546864e-07,0
218554996,47,0,5.9109716e-06,0
218555885,47,0,0.007102499,0
218555924,47,0,0.083752826,0
218556062,47,0,0.021274177,0
218556959,47,0,0.09543785,0
218559028,47,0,2.2688887e-15,0
218562519,47,0,0.017471412,0
218562538,47,0,6.52974e-27,0
218564021,47,0,1.9049523e-07,0
218566611,47,0,0.04028461,0
218570639,47,0,1.4555988e-27,0
218570980,47,0,5.640721e-28,0
218573173,47,0,1.3613513e-06,0
218573176,47,0,2.9475902e-07,0
218573305,47,0,9.687312e-11,0
218573519,47,0,1.2598605e-07,0
218574366,47,0,1.0499315e-06,0
218576320,47,0,7.567103e-05,0
218578063,47,0,1.812073e-14,0
218584530,47,0,0.00011375657,0
218584534,47,0,8.155395e-28,0
218652980,47,0,0.16960625,0
218656365,47,0,0.0051414645,0
218658092,47,0,1.3222473e-08,0
218658380,47,0,4.974406e-07,0
218660876,47,0,0.004099063,0
218660893,47,0,0.0005516247,0
218661503,47,0,1.3822422e-06,0
218662075,47,0,8.1187693e-07,0
218680191,47,0,0.0036164273,0
218680433,47,0,0.008242176,0
218680450,47,0,0.03707654,0
218687649,47,0,3.8592487e-28,0
218687876,47,0,2.5832595e-28,0
218690991,47,0,1.2643228e-06,0
218745506,47,0,7.342208e-10,0
218756018,47,0,2.5043687e-09,0
218818729,47,0,3.2437392e-06,0
218834300,47,0,1.7412372e-05,0
218846767,47,0,1.7953833e-11,0
218957364,47,0,6.3708314e-12,0
218964646,47,0,0.24421345,0
218978318,47,0,0.0055937083,0
218985003,47,0,2.59453e-07,0
218988495,47,0,0.08399751,0
219159262,47,0,0.5548506,0
219163557,47,0,9.331107e-06,0
219383083,47,0,0.009886678,0
219383124,47,0,0.6248197,0
219383192,47,0,0.00043483666,0
219384595,47,0,0.015703857,0
219384809,47,0,9.169288e-05,0
219384820,47,0,0.02234662,0
219384893,47,0,0.00035472214,0
219384896,47,0,0.47419307,0
219394265,47,0,0.0022189303,0
219394966,47,0,0.1515767,0
219396923,47,0,0.018033693,0
219396979,47,0,0.002358976,0
219397720,47,0,0.007953709,0
219397937,47,0,7.548628e-08,0
219398576,47,0,0.12656401,0
219398596,47,0,3.703539e-06,0
219403068,47,0,0.05535361,0
219403410,47,0,0.42388427,0
219405824,47,0,0.61418796,0
219408232,47,0,0.08446113,0
219409913,47,0,0.0005054913,0
219413640,47,0,0.006673352,0
219414384,47,0,2.1386887e-15,0
219414632,47,0,2.0991717e-15,0
219414636,47,0,1.5080999e-15,0
219414645,47,0,1.5878962e-15,0
219414648,47,0,0.004026603,0
219415306,47,0,1.2329947e-15,0
219415322,47,0,0.032216504,0
219415325,47,0,1.5556043e-15,0
219415330,47,0,1.17224955e-14,0
219422495,47,0,7.230824e-07,0
219424473,47,0,0.38393486,0
219424475,47,0,0.2909365,0
219425081,47,0,0.26905036,0
219428772,47,0,0.38420728,0
219428783,47,0,0.9393049,1
219428788,47,0,0.95197755,1
219429100,47,0,0.00012362175,0
219429606,47,0,2.3007843e-07,0
219436818,47,0,1.7926728e-19,0
219541259,47,0,4.601084e-28,0
219541285,47,0,0.32477856,0
219541344,47,0,0.35331824,0
219541363,47,0,0.67930925,0
219541756,47,0,0.13092199,0
219541794,47,0,0.47806105,0
219541823,47,0,0.7307869,0
219541996,47,1,0.19146124,0
219542113,47,0,0.051668707,0
219542135,47,0,3.2108165e-18,0
219542313,47,0,0.041140098,0
219542349,47,0,0.14350173,0
219542384,47,0,0.11364024,0
219542405,47,0,1.3207215e-17,0
219542887,47,0,0.29019943,0
219543494,47,1,0.17378746,0
219543499,47,0,0.038956527,0
219543500,47,0,0.24644445,0
219543504,47,0,2.173983e-09,0
219543605,47,0,2.808935e-07,0
219543633,47,0,0.012180901,0
219543654,47,0,0.06475639,0
219543900,47,0,2.1452193e-07,0
219543917,47,0,5.517848e-24,0
219543918,47,0,0.08760442,0
219543921,47,0,1.079895e-27,0
219543922,47,0,2.135941e-07,0
219543998,47,0,4.0376573e-14,0
219544001,47,0,0.0947154,0
219544003,47,0,0.3930301,0
219544394,47,0,8.193815e-07,0
219546222,47,0,1.5214335e-11,0
219548645,47,0,0.68964803,0
219551547,47,0,0.95183593,1
219553260,47,0,2.541664e-12,0
219554793,47,0,5.91189e-08,0
219555853,47,0,0.0,0
219555904,47,0,0.3054661,0
219556165,47,0,0.21387236,0
219556205,47,0,0.5954055,0
219557083,47,0,4.7982357e-16,0
219558751,47,0,0.017043088,0
219560312,47,0,2.932681e-06,0
219562816,47,0,1.926224e-11,0
219562863,47,0,1.7376219e-14,0
219562969,47,0,1.407338e-14,0
219565903,47,1,0.0044297995,0
219565918,47,1,0.10701146,0
219565927,47,1,0.26827025,0
219565930,47,1,0.4763125,0
219565935,47,1,0.1924472,0
219566729,47,0,0.03429822,0
219567373,47,0,0.3484326,0
219567670,47,0,0.0004712761,0
219580518,47,0,5.556224e-10,0
219679807,47,0,0.4371833,0
219688185,47,0,1.1503717e-19,0
219713463,47,0,0.11766054,0
219720174,47,0,0.2403611,0
219720175,47,0,0.014971032,0
219752672,47,0,3.987643e-10,0
219764897,47,0,3.2553021e-10,0
219850349,47,0,3.565945e-11,0
219915455,47,0,0.32192436,0
219917130,47,0,0.00024983325,0
219918390,47,0,2.4049603e-14,0
219922357,47,0,2.2258702e-15,0
219924596,47,0,0.099063344,0
219940486,47,0,3.8362953e-07,0
6418,48,0,3.1302257e-05,0
7952,48,0,0.0,0
9351,48,0,5.61206e-08,0
9363,48,0,0.0,0
9466,48,0,7.03054e-05,0
9551,48,0,1.3613946e-08,0
10280,48,0,4.9297814e-38,0
10452,48,0,0.0,0
13646,48,0,0.00015666624,0
17122,48,0,1.0751316e-11,0
28907,48,0,0.0,0
39994,48,0,0.0050309026,0
44664,48,0,0.0,0
44703,48,0,0.04607192,0
45766,48,0,0.008004278,0
72958,48,0,5.2453615e-06,0
183452,48,0,4.9437996e-09,0
362808,48,0,0.03201797,0
401547,48,0,0.0,0
424786,48,0,0.0,0
464474,48,0,0.34515452,0
549558,48,0,0.0014898281,0
549581,48,0,0.0,0
563635,48,0,0.012417586,0
593446,48,0,2.186484e-16,0
597793,48,0,0.19546553,0
692149,48,0,0.0037427333,0
705092,48,0,1.0979926e-06,0
723904,48,0,3.8716675e-07,0
724580,48,0,2.364797e-09,0
725203,48,0,0.0590873,0
1435212,48,0,4.5671447e-07,0
1739315,48,0,0.028152393,0
1803867,48,0,0.046543054,0
1848064,48,0,0.0040943744,0
1852545,48,0,1.5784088e-06,0
1857358,48,0,1.2933214e-15,0
1857383,48,0,0.0,0
1859446,48,0,0.2929943,0
1863668,48,0,1.4568241e-15,0
1865993,48,0,3.8031644e-17,0
1953446,48,0,0.0051596574,0
1966100,48,0,0.370625,0
1981476,48,0,5.702553e-10,0
1981616,48,0,1.6309182e-08,0
1982287,48,0,7.967171e-10,0
1986315,48,0,3.0036256e-07,0
2000606,48,0,0.12031353,0
2106136,48,0,7.1479604e-08,0
2106177,48,0,0.00019202215,0
2106217,48,0,1.3787528e-05,0
2144054,48,1,0.63505626,0
2149874,48,0,0.02160882,0
2206944,48,0,7.507275e-05,0
2207063,48,0,0.00024300243,0
2217421,48,0,0.0,0
2218496,48,0,0.0,0
2218979,48,0,0.0,0
2218993,48,0,6.3079634e-21,0
2226590,48,0,0.08203983,0
2226591,48,0,7.402787e-05,0
2232001,48,0,0.0,0
2232003,48,0,0.0,0
2235715,48,0,0.0,0
2244527,48,0,0.0,0
2244529,48,0,6.4851293e-09,0
2262862,48,0,9.665839e-20,0
2263486,48,0,0.0,0
2291756,48,0,0.00355804,0
2300731,48,0,0.00052467064,0
2304764,48,0,4.0724672e-07,0
2307236,48,0,1.0198566e-09,0
2307242,48,0,1.5223872e-09,0
2312675,48,0,0.39045712,0
2312940,48,0,0.0,0
2315358,48,1,0.5927394,0
2317702,48,0,0.0,0
2462027,48,0,0.0,0
3033851,48,0,0.0,0
3043196,48,0,8.940105e-07,0
3086047,48,0,0.0011608298,0
3096027,48,0,4.3856145e-09,0
3118335,48,0,8.2990255e-08,0
3257779,48,0,0.00070089044,0
3258340,48,0,0.01628244,0
3274489,48,0,6.3628085e-18,0
3275110,48,0,2.9739788e-08,0
3282970,48,0,0.0,0
3283565,48,0,0.0,0
3283567,48,0,1.25135015e-17,0
3285911,48,0,0.04319281,0
3286488,48,0,1.8403038e-25,0
3286491,48,0,0.27278507,0
3286498,48,0,0.008721816,0
3287151,48,0,1.423172e-07,0
3287171,48,0,0.015436984,0
3287185,48,0,0.00060147233,0
3287365,48,0,0.0029187181,0
3287369,48,0,7.680931e-10,0
3287373,48,0,0.024607414,0
3287409,48,0,5.8062626e-09,0
3287416,48,0,0.21258678,0
3287421,48,0,0.14095806,0
3287458,48,0,0.05694738,0
3287759,48,0,0.52685404,0
3287787,48,0,0.0018821851,0
3288448,48,0,4.532848e-07,0
3288449,48,0,0.74835575,0
3289046,48,0,3.8775273e-08,0
3289053,48,0,0.010541991,0
3289090,48,0,0.12494951,0
3289104,48,0,0.13539155,0
3289906,48,0,0.0002999985,0
3289917,48,0,7.8489403e-16,0
3289945,48,0,0.007966289,0
3289957,48,0,1.3964164e-09,0
3293433,48,0,2.4533244e-06,0
3294761,48,0,1.1469844e-08,0
3295465,48,0,0.03426263,0
3295466,48,0,0.02020739,0
3295468,48,0,0.4397833,0
3295484,48,0,0.09955933,0
3295486,48,0,0.0063477037,0
3295790,48,0,0.06268315,0
3295794,48,0,9.4849247e-07,0
3295818,48,0,0.83253074,1
3295820,48,0,0.36684847,0
3295824,48,0,0.08214015,0
3298220,48,0,0.0,0
3298231,48,0,8.69672e-09,0
3300841,48,0,0.0,0
3302055,48,0,0.0057293824,0
3302061,48,0,0.0,0
3302092,48,0,0.0,0
3302197,48,0,0.0,0
3302240,48,0,0.0,0
3302275,48,0,9.02853e-23,0
3302295,48,0,0.0,0
3303220,48,0,0.0,0
3304030,48,0,1.840344e-12,0
3304432,48,0,0.0,0
3304679,48,0,2.8740232e-09,0
3304928,48,0,0.00655858,0
3306258,48,0,2.0670844e-07,0
3306401,48,0,0.0,0
3306473,48,0,0.0,0
3307178,48,0,0.0,0
3307215,48,0,0.06088858,0
3308230,48,0,1.3081045e-05,0
3308477,48,0,1.3883167e-06,0
3309701,48,0,1.9636425e-22,0
3310312,48,0,2.9516471e-22,0
3311004,48,0,0.0,0
3311772,48,0,0.0,0
3311901,48,0,0.2326366,0
3311935,48,0,0.0,0
3312784,48,0,0.28462437,0
3313163,48,0,0.06163636,0
3313433,48,0,0.0012636647,0
3313464,48,0,5.263549e-21,0
3315431,48,0,5.3502613e-18,0
3315496,48,0,0.29573354,0
3315597,48,0,0.0,0
3315609,48,0,2.0235417e-07,0
3316485,48,0,0.0,0
3324306,48,0,0.0011405357,0
3326825,48,0,0.16956173,0
3331946,48,0,5.081019e-07,0
3332354,48,0,0.00046520995,0
3332425,48,0,1.501281e-15,0
3332603,48,0,0.10707285,0
3332614,48,0,0.31713864,0
3334342,48,0,0.045577615,0
3335035,48,0,0.2502796,0
3335041,48,0,0.70529085,0
3335067,48,0,4.9941747e-08,0
3335073,48,0,8.3981595e-32,0
3335092,48,0,1.6826961e-07,0
3335096,48,0,0.018855717,0
3336389,48,0,3.0763826e-07,0
3336480,48,0,0.15583205,0
3336484,48,0,0.0023651628,0
3340340,48,0,0.08362748,0
3344190,48,0,0.03701084,0
3346043,48,0,0.0049499795,0
3346664,48,0,0.06741457,0
3346667,48,0,0.021113176,0
3346671,48,0,1.1153058e-12,0
3346673,48,0,5.4168643e-13,0
3351943,48,0,1.387586e-20,0
3351965,48,0,0.0,0
3352598,48,0,3.5604365e-13,0
3352606,48,0,6.731092e-13,0
3352609,48,0,5.573528e-13,0
3352697,48,0,5.621006e-12,0
3353222,48,0,0.0043686745,0
3356216,48,0,0.172372,0
3362199,48,0,5.4806566e-07,0
3362217,48,0,5.9194616e-07,0
3362224,48,0,9.547439e-08,0
3362468,48,0,3.0220835e-07,0
3362484,48,0,1.2472874e-07,0
3362494,48,0,7.2181344e-08,0
3369601,48,0,0.00020244035,0
3372493,48,0,0.0,0
3374106,48,0,0.0,0
3376204,48,0,0.0,0
3376359,48,0,0.0,0
3378351,48,0,0.25690675,0
3378406,48,0,0.16205497,0
3380930,48,0,1.8489064e-06,0
3381500,48,0,0.0013583066,0
3388162,48,0,3.2790347e-06,0
3444154,48,1,0.17146587,0
3459544,48,0,0.036457986,0
3519250,48,0,0.025098385,0
3535985,48,1,0.2803824,0
3536436,48,1,0.32682398,0
3646891,48,0,0.0005159292,0
4362585,48,0,0.0,0
4590261,48,0,0.016315253,0
4590268,48,0,0.009434729,0
4596053,48,0,0.079691365,0
4596055,48,0,0.011996794,0
4596790,48,0,2.7262789e-37,0
4602000,48,0,0.0,0
4602013,48,0,0.0,0
4604109,48,0,2.249119e-09,0
4605278,48,0,0.020484677,0
4605287,48,0,4.255123e-05,0
4605293,48,0,6.7786104e-16,0
4605584,48,0,0.0014112009,0
4607636,48,0,0.0105323,0
4607642,48,0,0.011236033,0
4607644,48,0,0.8280704,1
4608037,48,0,7.6944356e-10,0
4608163,48,0,8.956385e-13,0
4608167,48,0,0.36428076,0
4608182,48,0,5.4003893e-13,0
4609429,48,0,4.2157676e-06,0
4609450,48,0,0.0030006918,0
4611382,48,0,4.7212524e-08,0
4620483,48,0,3.8467455e-18,0
4620647,48,0,0.0,0
4621507,48,0,7.5015695e-18,0
4625282,48,0,6.278019e-09,0
4627535,48,0,0.00024964823,0
4627543,48,0,5.128499e-07,0
4628720,48,0,0.0,0
4632420,48,0,0.0070104613,0
4632949,48,0,0.0,0
4637054,48,0,0.0,0
4639341,48,0,0.0,0
4639938,48,0,3.74849e-09,0
4640571,48,0,0.0,0
4641296,48,0,0.95377135,1
4642101,48,0,0.0,0
4642642,48,0,0.047837615,0
4642650,48,0,0.112297945,0
4643617,48,0,0.0,0
4644028,48,0,0.0,0
4644934,48,0,0.0,0
4645480,48,0,0.0,0
4645539,48,0,0.0,0
4646009,48,0,1.4952336e-23,0
4647712,48,0,0.2555189,0
4653923,48,0,0.0,0
4654530,48,0,1.0712088e-09,0
4654573,48,0,0.0,0
4656370,48,0,0.0,0
4656419,48,0,6.185392e-09,0
4657094,48,0,2.7224553e-10,0
4677904,48,0,0.3958442,0
4688155,48,0,0.070362404,0
4688743,48,0,9.858439e-12,0
4692401,48,0,0.00056755176,0
4707038,48,0,0.00317452,0
4710490,48,0,0.092495576,0
4710507,48,0,5.250686e-09,0
4711725,48,0,1.1431453e-07,0
4711738,48,0,0.89593107,1
4722739,48,0,0.087874085,0
4723325,48,0,1.2833173e-12,0
4748710,48,0,3.395274e-13,0
4757290,48,0,7.184406e-14,0
4774648,48,0,3.2411346e-13,0
4778990,48,0,8.037129e-08,0
4800310,48,0,1.0903438e-25,0
4802034,48,0,1.3596791e-12,0
4802065,48,0,3.0062904e-07,0
4805770,48,0,1.01986695e-08,0
4827342,48,0,0.026436832,0
4852709,48,0,0.0008230687,0
4913828,48,0,0.0,0
5578471,48,0,0.0015271229,0
5793265,48,0,2.866802e-05,0
6242498,48,0,0.0,0
6885282,48,1,0.5804365,0
7061206,48,0,0.0,0
7062253,48,0,2.6899813e-19,0
7066736,48,0,9.757617e-10,0
7071482,48,0,0.021810655,0
7082603,48,0,0.0019005483,0
7100844,48,0,1.5327895e-12,0
7171666,48,0,0.0,0
7208069,48,0,0.63595843,0
7215225,48,0,0.0,0
7218938,48,0,5.2008286e-17,0
7619139,48,0,1.2486396e-05,0
7661940,48,0,0.25560385,0
8899549,48,0,0.12686747,0
9058320,48,0,0.54159963,0
9256309,48,0,1.09759426e-07,0
9259579,48,0,1.0037471e-06,0
9329089,48,0,2.6917323e-05,0
9330487,48,0,3.3205155e-13,0
9330904,48,0,1.2296012e-11,0
9335136,48,0,1.1888869e-11,0
9345207,48,0,1.925873e-07,0
9347223,48,0,0.026343033,0
9349481,48,0,2.3681548e-07,0
9351402,48,0,6.945101e-10,0
9354066,48,0,1.0563416e-11,0
9358440,48,0,0.007258186,0
9359455,48,0,8.5435636e-07,0
9359473,48,0,0.032912273,0
9362117,48,0,1.8055418e-05,0
9363165,48,0,3.5927053e-12,0
9364173,48,0,0.061972298,0
9387922,48,0,1.0778521e-15,0
9387930,48,0,4.1603395e-14,0
9389902,48,0,1.5805054e-15,0
9389913,48,0,6.42089e-14,0
9390205,48,0,4.317177e-13,0
9394161,48,0,0.037313342,0
9409337,48,0,2.5990597e-13,0
9409349,48,0,1.5170748e-12,0
9409956,48,0,1.06429466e-13,0
9448195,48,0,0.13940614,0
9448579,48,0,2.9692655e-29,0
9450321,48,0,1.5485975e-18,0
9454736,48,0,0.0005049213,0
9456040,48,0,0.1641058,0
9461936,48,0,1.638961e-07,0
9471318,48,0,0.11391349,0
9472640,48,0,1.7312336e-18,0
9479179,48,0,3.071307e-18,0
9539257,48,0,0.00017161669,0
9629830,48,0,0.30506313,0
9959617,48,0,5.5849964e-14,0
10270505,48,0,0.0,0
10566186,48,0,0.0012636611,0
10711115,48,0,3.390492e-09,0
10845402,48,0,0.0,0
10910190,48,0,0.9111943,1
11561989,48,1,0.4081911,0
11566029,48,1,0.7894898,0
11566998,48,1,0.20243044,0
11567489,48,1,0.4338039,0
11567844,48,1,0.16789742,0
11568832,48,1,0.30649808,0
11568841,48,1,0.43751755,0
11569447,48,1,0.11548845,0
11569771,48,1,0.6911941,0
11570254,48,1,0.62106776,0
11570439,48,1,0.00014946041,0
11575625,48,1,0.5518307,0
11575639,48,1,0.37230685,0
11576040,48,1,0.58130604,0
11576071,48,1,0.33068997,0
11579855,48,1,0.5916447,0
11579906,48,1,0.7627398,0
11579970,48,1,0.4705992,0
11586864,48,1,0.38174534,0
11587238,48,1,0.29984552,0
11587239,48,1,0.17388073,0
11592499,48,0,0.00045685866,0
11698664,48,0,5.563937e-09,0
11933160,48,0,4.364486e-09,0
13007435,48,0,0.0006699025,0
13027062,48,0,0.00037890548,0
13035869,48,0,1.8033418e-15,0
13035877,48,0,0.0,0
13035881,48,0,0.0,0
13036330,48,0,0.15855975,0
13036357,48,0,2.1942434e-11,0
13061704,48,0,0.0,0
13140491,48,0,0.09493038,0
13168555,48,0,3.7705712e-07,0
13203919,48,0,0.8293297,1
13211265,48,0,0.0231798,0
13224998,48,0,1.6911212e-09,0
13226038,48,0,4.9423887e-19,0
13238065,48,0,0.24858099,0
14141562,48,0,0.024739787,0
14196943,48,0,0.04299099,0
14348310,48,0,0.0,0
14350591,48,0,5.270604e-09,0
14351337,48,0,0.060129426,0
14949804,48,1,0.09820678,0
14950644,48,1,0.14105639,0
15225175,48,0,0.00046406014,0
15404309,48,0,0.3086319,0
15486701,48,0,0.013922567,0
15587899,48,0,0.0,0
15588282,48,0,0.0,0
15601507,48,0,0.09314731,0
15818749,48,1,0.42874086,0
16056481,48,0,3.5767862e-13,0
16075099,48,0,0.043331735,0
19497952,48,1,0.21928053,0
19501341,48,1,0.3242692,0
19502691,48,1,0.38276538,0
19544326,48,0,0.0,0
21335993,48,0,6.144765e-09,0
23490117,48,0,3.2831596e-12,0
23785608,48,0,0.0,0
24098771,48,0,0.0,0
26115433,48,0,3.3513316e-16,0
28736131,48,0,0.0,0
32252086,48,0,0.16175199,0
34504653,48,0,0.0,0
34514900,48,0,0.0,0
36932721,48,0,0.03135849,0
38173991,48,0,2.5383298e-09,0
38731910,48,0,0.0,0
45482328,48,1,0.37000382,0
50429923,48,0,2.3717623e-09,0
50430861,48,0,1.9200575e-15,0
56282843,48,0,0.047595132,0
56332416,48,0,0.08067692,0
61809700,48,0,0.4603312,0
65233753,48,0,0.0,0
75132668,48,0,0.0,0
75136455,48,0,3.5358507e-09,0
83767109,48,0,0.0,0
99987347,48,0,0.0,0
101443442,48,0,1.6603783e-08,0
110842065,48,0,4.083317e-08,0
114160184,48,0,1.0731301e-07,0
117183505,48,0,0.0,0
121546007,48,0,0.0,0
155071266,48,0,3.5878912e-08,0
155076784,48,0,0.22498202,0
155083299,48,0,0.0003690965,0
155377639,48,0,0.0,0
155377785,48,0,0.0,0
155377928,48,0,9.988556e-10,0
155381774,48,0,4.7649715e-07,0
155390099,48,0,1.3504995e-18,0
155460571,48,0,0.28683716,0
155484608,48,0,8.1263764e-16,0
155489162,48,0,3.5263374e-26,0
155553249,48,0,9.438442e-19,0
155553341,48,0,0.7640739,0
155554019,48,0,3.3648198e-09,0
155554176,48,0,3.16101e-20,0
155554845,48,0,0.22667105,0
155558177,48,0,6.453962e-05,0
155668801,48,0,0.0,0
155673418,48,0,0.0,0
155674575,48,1,0.8425978,1
155674580,48,1,0.83922684,1
155674591,48,0,0.20751457,0
155675917,48,0,4.4003668e-18,0
155676998,48,0,0.0,0
155677280,48,0,0.0,0
155681710,48,0,1.6668487e-07,0
155684872,48,0,0.027379619,0
155694140,48,0,0.00046778956,0
155787645,48,0,1.4994601e-16,0
709696,49,0,2.6710163e-07,0
1001114,49,0,1.5641e-06,0
1061125,49,0,0.004097806,0
5313367,49,0,1.3331625e-07,0
9429605,49,0,0.0038855062,0
20535678,49,0,0.0005951849,0
21644119,49,0,3.4177582e-15,0
26208419,49,0,8.0385973e-07,0
30749704,49,0,0.0,0
30751217,49,0,0.0035013051,0
36685785,49,0,0.07268477,0
36864715,49,0,0.0,0
41402314,49,0,0.030478679,0
47521535,49,0,0.0001935471,0
50926361,49,0,0.08446605,0
57345944,49,0,4.2872266e-06,0
59205071,49,0,1.0094991e-12,0
60792816,49,0,3.1993318e-13,0
63160563,49,0,5.595048e-15,0
65108418,49,0,0.0005094153,0
67963170,49,0,0.021134319,0
69828178,49,0,1.2235058e-07,0
70524334,49,0,0.0,0
71046356,49,0,5.762209e-13,0
78106386,49,0,9.474364e-13,0
80329479,49,0,6.410933e-24,0
82690941,49,0,0.0004520307,0
85780276,49,0,1.2113285e-06,0
89749980,49,0,3.7546884e-12,0
92794218,49,0,1.1083939e-13,0
96477709,49,0,1.17263956e-35,0
103206927,49,0,0.0107744485,0
104977964,49,0,0.0006418472,0
105289871,49,0,0.0,0
105309415,49,0,1.305143e-13,0
106877725,49,0,0.00029003306,0
109383451,49,0,0.00038875444,0
110435615,49,0,0.0021614754,0
111526694,49,0,0.062980786,0
113820630,49,0,0.00019703204,0
114362759,49,0,9.272339e-22,0
115309894,49,0,0.6649541,0
119820263,49,1,0.058482256,0
121679856,49,0,0.0004049823,0
123148866,49,0,0.0066554975,0
124241011,49,0,2.7030144e-06,0
124606491,49,0,0.00928632,0
127392097,49,0,5.434094e-13,0
128417783,49,0,6.372927e-14,0
143689717,49,0,0.0008642808,0
147478192,49,0,2.1339784e-15,0
147587650,49,0,0.10547911,0
148848600,49,0,1.7775667e-14,0
149209137,49,0,0.0,0
149843562,49,0,0.0,0
150391411,49,0,0.0010646335,0
151134470,49,0,0.0001292593,0
153968113,49,0,0.020770421,0
157574659,49,0,0.0045820647,0
157575175,49,0,0.0001306707,0
157578987,49,0,0.012911628,0
157579625,49,0,0.35394982,0
157579668,49,0,0.43685362,0
157579674,49,0,0.6379394,0
157579675,49,0,0.11462904,0
157579678,49,0,0.33085474,0
157579684,49,0,0.2836434,0
157579982,49,0,0.08336298,0
157581346,49,0,0.0438782,0
157581347,49,0,0.05831567,0
157581359,49,0,0.03254512,0
157581361,49,0,4.4215624e-13,0
157581524,49,0,0.26141796,0
157581525,49,0,0.011401488,0
157581526,49,0,0.024805374,0
157581531,49,0,3.8116104e-28,0
157581532,49,0,0.38164863,0
157581541,49,0,0.079941384,0
157581542,49,0,0.020702548,0
157581549,49,0,1.5591342e-21,0
157581550,49,0,0.007279719,0
157581561,49,0,0.33512,0
157581568,49,0,0.03520333,0
157581579,49,0,0.21979338,0
157581582,49,0,3.6368144e-06,0
157581680,49,0,0.029704329,0
157581697,49,0,9.618932e-07,0
157581699,49,0,0.00010505474,0
157581707,49,0,0.0017302847,0
157581708,49,0,0.35377732,0
157584410,49,0,0.6829021,0
157589239,49,0,0.061397128,0
157589245,49,0,0.7889437,0
157590868,49,0,0.011625183,0
157592200,49,0,0.26390806,0
157592212,49,0,1.8413419e-05,0
157594782,49,0,1.9469546e-05,0
157594794,49,0,2.6794912e-21,0
157595699,49,0,1.724005e-07,0
157595759,49,0,0.003476836,0
157596658,49,0,4.2807216e-13,0
157596664,49,0,3.024333e-13,0
157596720,49,0,4.6392854e-13,0
157596725,49,0,3.3773426e-14,0
157596728,49,0,9.03178e-13,0
157596730,49,0,1.0009576e-12,0
157596734,49,0,3.031656e-13,0
157596738,49,0,2.3267722e-12,0
157596907,49,0,3.4309897e-12,0
157597006,49,0,9.0372935e-13,0
157597009,49,0,5.3880047e-12,0
157597769,49,0,0.002807106,0
157597770,49,0,0.0005300458,0
157597778,49,0,1.509213e-12,0
157599321,49,0,2.1548863e-12,0
157599327,49,0,2.8522828e-13,0
157599337,49,0,1.449594e-13,0
157599341,49,0,4.781889e-13,0
157599342,49,0,8.437851e-13,0
157600154,49,0,0.12445891,0
157603772,49,0,2.556077e-13,0
157605352,49,0,0.007343741,0
157605714,49,0,7.379459e-09,0
157606820,49,0,0.0014549376,0
157607141,49,0,0.0034673458,0
157607783,49,0,0.04988561,0
157607789,49,0,0.0030766507,0
157607791,49,0,7.2004203e-09,0
157607805,49,0,5.3713787e-28,0
157607833,49,0,1.6090135e-13,0
157616121,49,0,0.109780945,0
157617732,49,0,0.0023826985,0
157617747,49,0,0.00015086848,0
157619070,49,0,2.9151574e-14,0
157619071,49,0,1.8774094e-14,0
157621349,49,0,0.14375429,0
157621354,49,0,0.7905448,0
157621690,49,0,0.15526076,0
157621696,49,0,0.0074711167,0
157622998,49,0,0.024745556,0
157623001,49,0,0.10427402,0
157623004,49,0,0.4512936,0
157623005,49,0,2.0096345e-06,0
157623008,49,0,9.112347e-06,0
157624987,49,0,0.05860392,0
157626142,49,0,2.8510427e-13,0
157631640,49,0,6.1794188e-15,0
157631642,49,0,3.551616e-15,0
157631750,49,0,9.56587e-15,0
157632726,49,0,3.1686557e-14,0
157634100,49,0,0.048776384,0
157634641,49,0,0.009321776,0
157634654,49,0,0.00076918193,0
157634683,49,0,8.623567e-06,0
157634688,49,0,0.000395457,0
157636225,49,1,0.03602194,0
157636230,49,1,0.011632747,0
157636360,49,0,0.097402364,0
157638186,49,0,0.025414543,0
157638189,49,0,0.06345257,0
157638199,49,0,0.007088248,0
157638295,49,0,0.22988486,0
157639608,49,0,0.019351214,0
157653323,49,0,1.2683607e-13,0
157827208,49,0,0.0011251823,0
157838888,49,0,0.10653884,0
157855335,49,0,5.258746e-12,0
157855979,49,0,0.0,0
157856400,49,0,1.0893901e-13,0
157856415,49,0,0.014723937,0
157856713,49,0,0.0,0
157857384,49,0,0.0016454322,0
157857401,49,0,0.0,0
157860539,49,0,0.022432383,0
157864782,49,0,8.240128e-16,0
157864786,49,0,2.6798561e-12,0
157865531,49,0,2.432239e-13,0
157867980,49,0,0.0013065683,0
157874159,49,0,3.769701e-05,0
157884960,49,0,0.0,0
157886930,49,0,0.027670283,0
157897055,49,0,0.84409773,1
157908358,49,0,0.19052456,0
157908414,49,0,4.8232924e-13,0
157913836,49,0,5.9922666e-12,0
157914141,49,0,0.051311262,0
157929208,49,0,0.026225585,0
157930723,49,0,0.011935103,0
157946384,49,0,2.4450452e-05,0
157946974,49,0,3.736074e-05,0
157950441,49,0,4.782801e-13,0
157955769,49,0,3.8661423e-14,0
157966645,49,0,6.323432e-13,0
157976172,49,0,0.3852716,0
157995493,49,0,6.595741e-13,0
157995799,49,0,5.344721e-15,0
158269116,49,0,0.23754142,0
158269121,49,0,0.49602747,0
158269123,49,0,0.36037868,0
158269124,49,0,0.46577016,0
158269130,49,0,0.26987594,0
158269136,49,0,0.24983013,0
158269141,49,0,0.67699605,0
158269145,49,0,0.29965067,0
158269147,49,0,0.20556127,0
158269459,49,0,0.46172974,0
158269461,49,0,0.6505722,0
158269462,49,0,0.12837051,0
158269468,49,0,0.4315757,0
158269469,49,0,0.49173284,0
158269480,49,0,0.762413,0
158269481,49,0,0.7249426,0
158269776,49,0,0.8469149,1
158277093,49,0,0.46434593,0
158277527,49,0,0.018220281,0
158277659,49,0,0.06473742,0
158277669,49,0,0.029891763,0
158280850,49,0,2.5885567e-09,0
158281816,49,0,0.00011512511,0
158285738,49,0,0.0021753625,0
158287009,49,0,0.4337216,0
158310646,49,0,0.020840457,0
158319076,49,0,0.003644326,0
158337016,49,0,3.4862553e-09,0
158337697,49,0,1.1166698e-09,0
158337784,49,0,0.55319923,0
158345837,49,0,2.6620154e-16,0
158349653,49,0,0.066921756,0
158360758,49,1,0.4182631,0
158360779,49,1,0.07747871,0
158361294,49,1,0.056648996,0
158361339,49,1,0.7540497,0
158361554,49,1,0.1334805,0
158362119,49,1,0.68486905,0
158362959,49,1,0.1509707,0
158365409,49,1,0.3313038,0
158365908,49,1,0.1967298,0
158366067,49,1,0.07528705,0
158367221,49,1,0.045051586,0
158367826,49,1,0.12682,0
158368167,49,1,0.19257352,0
158369508,49,1,0.32653847,0
158371756,49,1,0.10104337,0
158371767,49,1,0.40258226,0
158373268,49,1,0.45136842,0
158373282,49,1,0.072362795,0
158373293,49,1,0.41387275,0
158373296,49,1,0.029139686,0
158373311,49,1,0.03799875,0
158373337,49,1,0.7295984,0
158373606,49,1,0.49002564,0
158374219,49,1,0.233564,0
158374239,49,1,0.082675226,0
158375075,49,1,0.04681696,0
158375088,49,1,0.021052191,0
158375402,49,1,0.46347922,0
158375408,49,1,0.59297705,0
158375988,49,1,0.09345984,0
158376400,49,1,0.06159458,0
158378208,49,1,0.2500204,0
158378210,49,1,0.055009246,0
158378325,49,1,0.13125151,0
158378328,49,1,0.2540929,0
158378337,49,1,0.26778996,0
158381579,49,0,0.71662134,0
158388394,49,0,7.9542093e-07,0
158388402,49,0,9.490747e-06,0
158391028,49,0,6.173096e-05,0
158391434,49,0,2.4534305e-12,0
158391449,49,0,2.676418e-20,0
158391785,49,0,1.4579712e-06,0
158392339,49,0,9.5353835e-06,0
158394593,49,0,1.1868624e-05,0
158397323,49,0,5.057027e-07,0
158397612,49,0,6.450215e-07,0
158397925,49,0,6.149012e-07,0
158398005,49,0,9.172287e-06,0
158398494,49,0,0.0080279,0
158399717,49,0,1.0154424e-05,0
158400995,49,0,1.5031436e-06,0
158402512,49,0,4.8414536e-06,0
158402581,49,0,1.9715993e-05,0
158402588,49,0,9.175936e-05,0
158402920,49,0,7.949631e-08,0
158404015,49,0,1.1937376e-06,0
158404057,49,0,2.1231597e-06,0
158404634,49,0,5.0426606e-06,0
158405236,49,0,1.6686616e-05,0
158405741,49,0,2.2633884e-07,0
158406298,49,0,0.08483662,0
158407939,49,0,0.68332666,0
158573558,49,0,0.384666,0
158573780,49,0,0.0069728037,0
158574146,49,0,0.30343604,0
158574276,49,0,4.4972472e-07,0
158574291,49,0,0.018251125,0
158574304,49,0,0.0015556057,0
158574309,49,0,0.0,0
158574498,49,0,0.3582874,0
158574502,49,0,3.918193e-16,0
158574504,49,0,3.405554e-13,0
158574506,49,0,1.0866515e-12,0
158574513,49,0,0.09388184,0
158574519,49,0,0.7038384,0
158574520,49,0,4.13521e-12,0
158574521,49,0,0.012040544,0
158574901,49,0,0.21982236,0
158574917,49,0,0.5501912,0
158575003,49,0,0.34937692,0
158575145,49,0,0.10396971,0
158575163,49,0,0.051111326,0
158577155,49,0,0.0006100889,0
158577170,49,0,0.0037020785,0
158577513,49,0,0.020248119,0
158578724,49,0,0.0069436277,0
158581014,49,0,0.00096401566,0
158583653,49,0,0.008662295,0
158585890,49,0,0.7456856,0
158585894,49,0,2.9020597e-10,0
158586297,49,0,0.11233736,0
158589464,49,0,0.0056304815,0
158589475,49,0,4.0127644e-23,0
158589488,49,0,4.0777657e-28,0
158589499,49,0,0.15018833,0
158592508,49,0,1.1190292e-14,0
158592510,49,0,5.0911847e-14,0
158594124,49,0,2.0841005e-14,0
158594127,49,0,5.1414412e-14,0
158594129,49,0,1.5759004e-14,0
158596419,49,0,0.09417611,0
158596879,49,0,0.11195196,0
158599828,49,0,0.0047739036,0
158816890,49,0,4.8891734e-14,0
158921838,49,0,0.0018099163,0
159028474,49,1,0.09964289,0
159028476,49,1,0.032184362,0
159032608,49,1,0.13203207,0
159033509,49,1,0.08232746,0
159033510,49,1,0.08436697,0
159033522,49,1,0.43806708,0
159033526,49,1,0.12048089,0
159033864,49,1,0.12477038,0
159034545,49,1,0.1344919,0
159039040,49,1,0.31652015,0
159039422,49,1,0.35435632,0
159041022,49,1,0.005214389,0
159041217,49,1,0.10728617,0
159041245,49,1,0.19774254,0
159043651,49,1,0.025043875,0
159044411,49,0,0.056411933,0
159049871,49,1,0.09850802,0
159146426,49,0,0.0020629535,0
159159047,49,0,0.09466138,0
159209006,49,0,0.017287841,0
159445618,49,0,1.5495064e-12,0
159446405,49,0,2.0241902e-11,0
159607593,49,0,0.09551735,0
159966577,49,0,5.5675245e-13,0
159967188,49,0,1.6246663e-14,0
160941665,49,0,5.4541788e-12,0
161301419,49,0,0.07127386,0
161418188,49,0,1.0980145e-12,0
161419973,49,0,1.3179944e-12,0
162151384,49,0,5.7302305e-12,0
163220740,49,0,4.106574e-13,0
164169065,49,0,0.0,0
164795847,49,0,0.17213807,0
165092713,49,0,5.7429745e-13,0
165093069,49,0,0.037566986,0
166366958,49,0,0.028742155,0
166556233,49,0,1.1922966e-13,0
167586018,49,0,0.04490984,0
170913500,49,0,3.5292407e-13,0
171521584,49,0,6.590472e-13,0
172534038,49,0,0.0016939281,0
172568115,49,0,0.0008806352,0
173148984,49,0,0.08132472,0
173222908,49,0,2.0467327e-13,0
177602822,49,0,2.3944917e-11,0
177695304,49,0,0.5597224,0
178612336,49,0,0.00025787164,0
179125855,49,0,1.7232597e-12,0
180098540,49,0,0.014086622,0
180098541,49,0,0.011876741,0
184411659,49,0,0.32600263,0
184955328,49,0,1.7319935e-14,0
186179334,49,0,9.383272e-25,0
186369913,49,0,0.42945844,0
187110962,49,0,9.234666e-09,0
188618549,49,0,0.014532752,0
188619422,49,0,0.02892292,0
188632741,49,0,6.223845e-08,0
188632772,49,0,9.863491e-17,0
188753532,49,0,0.009770571,0
188755263,49,0,7.293766e-12,0
188759299,49,0,0.0059396727,0
188759779,49,0,5.0654516e-13,0
188772009,49,0,2.152395e-10,0
188918286,49,0,5.2428725e-12,0
188961759,49,0,2.850504e-13,0
189092898,49,0,5.593922e-13,0
189092998,49,0,8.2044625e-13,0
189132901,49,0,4.6982443e-13,0
189136357,49,0,1.6590636e-13,0
189140763,49,0,9.394109e-13,0
189154265,49,0,5.681407e-13,0
189189087,49,0,1.4646023e-16,0
189233957,49,0,0.0013814685,0
189241730,49,0,0.24141596,0
189680558,49,0,1.711837e-15,0
189680934,49,0,5.888581e-13,0
189702177,49,0,1.4791536e-11,0
189713241,49,0,3.390608e-13,0
189718088,49,0,7.662599e-13,0
189724493,49,0,5.117288e-13,0
189727565,49,0,1.2644869e-12,0
189728121,49,0,1.0075659e-12,0
189732109,49,0,6.660836e-13,0
189739182,49,0,5.684225e-13,0
189776287,49,0,3.5754765e-13,0
189777417,49,0,1.1174137e-12,0
189778396,49,0,1.5327339e-12,0
189778399,49,0,0.0005752189,0
189807102,49,0,0.6628746,0
190135471,49,1,0.78054005,0
191863943,49,0,0.0028290583,0
192018464,49,0,4.578622e-12,0
193968898,49,0,0.61335754,0
193978703,49,0,0.31514367,0
193978718,49,0,0.6772726,0
194010390,49,0,0.31542253,0
194015927,49,0,0.015515945,0
194018582,49,0,1.4242491e-16,0
194019720,49,0,5.5153087e-14,0
194020062,49,0,1.2714289e-14,0
194027144,49,0,3.7159737e-12,0
194027152,49,0,5.874158e-12,0
194027703,49,0,1.2132488e-12,0
194027717,49,0,1.684683e-12,0
194027724,49,0,9.936702e-13,0
194030265,49,0,4.2750097e-13,0
194052845,49,0,0.14983472,0
194053458,49,0,0.29616642,0
194064275,49,0,2.7037132e-13,0
194064281,49,0,1.38445485e-14,0
194064392,49,0,6.53287e-15,0
194064396,49,0,6.9240604e-13,0
194064667,49,0,1.966186e-12,0
194064677,49,0,2.6923816e-13,0
194065309,49,0,6.2793954e-13,0
194065318,49,0,1.1330097e-12,0
194065325,49,0,1.3988108e-12,0
194071359,49,0,7.437502e-29,0
194089125,49,0,0.003326738,0
194089472,49,0,0.0007120421,0
194315731,49,0,0.0011450644,0
194320795,49,0,0.017482549,0
194321967,49,0,1.9775708e-08,0
194323477,49,0,0.00060807506,0
194325790,49,0,0.074027255,0
194326090,49,0,0.00051702873,0
194328445,49,0,0.0039156717,0
194331394,49,0,2.0748036e-14,0
194331859,49,0,9.93043e-13,0
194331865,49,0,6.5555943e-13,0
194333989,49,0,6.3891665e-13,0
194334173,49,0,2.9537204e-14,0
194334180,49,0,2.5142434e-12,0
194334187,49,0,2.8754318e-13,0
194334301,49,0,2.4412753e-12,0
194334312,49,0,2.1903284e-12,0
194334585,49,0,3.0716898e-13,0
194334621,49,0,9.387084e-14,0
194335206,49,0,1.0043004e-12,0
194335216,49,0,1.6270146e-13,0
194345639,49,0,1.0692974e-14,0
67632590,35,0,0.20159744,0
67604352,35,0,0.087194376,0
54852568,35,0,0.61349696,0
64166774,35,0,0.44215402,0
67636538,35,0,0.02670373,0
67632593,35,0,0.09002713,0
67648478,35,0,0.0106678745,0
64186383,35,0,0.086177364,0
64183303,35,0,0.77952176,0
200636768,36,0,0.0,0
216521845,36,0,2.3030501e-05,0
74020470,36,0,0.0,0
198814121,36,0,0.0,0
200964074,36,0,0.0,0
72898028,36,0,0.0,0
51968400,36,0,0.0,0
200962778,36,0,0.0,0
200969687,36,0,0.0,0
199321563,36,0,0.0,0
200620876,36,0,0.0,0
70787113,36,0,0.0,0
200979654,36,0,0.0,0
200624815,36,0,0.0,0
200984698,36,0,0.0,0
198829051,36,0,0.0,0
200968946,36,0,0.0,0
200970408,36,0,0.0,0
200028647,36,0,0.10650309,0
200978063,36,0,0.0,0
199321560,36,0,0.0,0
200634024,36,0,0.0,0
73762180,36,0,0.0,0
199321551,36,0,0.0,0
200979315,36,0,0.0,0
72898301,36,0,0.0,0
65248246,36,0,0.0,0
200966481,36,0,0.0,0
200966625,36,0,0.0,0
200980514,36,0,0.0,0
200981672,36,0,0.0,0
74814838,36,0,6.1753262e-06,0
200967019,36,0,0.0,0
200975823,36,0,0.0,0
200964086,36,0,0.0,0
200043601,36,0,0.17889847,0
200970024,36,0,1.0772547e-10,0
200983054,36,0,0.0,0
199321362,36,0,0.0,0
84942600,36,0,0.0,0
39139477,36,0,0.11722665,0
200982478,36,0,2.4337568e-09,0
199321378,36,0,0.0,0
78903789,36,0,0.0,0
199321359,36,0,0.0,0
200638759,36,0,0.0,0
202932695,36,0,0.0,0
200968752,36,0,0.0,0
33426175,36,0,0.0,0
201003726,36,0,0.005946177,0
18064411,36,0,0.0,0
200984335,36,0,0.0,0
201071186,36,0,6.338677e-05,0
199321380,36,0,0.0,0
49692276,36,0,0.0,0
9500747,36,0,0.0,0
118258721,36,0,0.0,0
200978865,36,0,0.0,0
72894255,36,0,0.0,0
199988983,36,0,0.17690066,0
100457195,36,0,0.0,0
200964878,36,0,0.0,0
200982516,36,0,0.0,0
216521504,36,0,1.34410575e-05,0
199321557,36,0,0.0,0
200637376,36,0,0.0,0
74814093,36,0,0.0,0
200622136,36,0,0.0,0
38111789,36,0,0.6387279,0
106463807,36,0,0.0,0
200983476,36,0,0.0,0
198793596,36,0,0.0,0
200982528,36,0,0.0,0
200980507,36,0,0.0,0
200635038,36,0,0.0,0
200978423,36,0,0.0,0
203514078,36,0,0.0,0
200963589,36,0,0.0,0
200979610,36,0,0.0,0
200969572,36,0,0.0,0
198814109,36,0,0.0,0
132761454,36,0,0.0,0
46116600,36,0,0.037825372,0
73187140,36,0,0.0,0
106025193,36,0,0.0,0
46201285,36,0,0.0,0
57629819,36,0,0.0,0
198829052,36,0,0.0,0
55903932,36,0,0.13348284,0
216521506,36,0,1.6511272e-05,0
200981216,36,0,0.0,0
200982513,36,0,0.0,0
72909388,36,0,0.0,0
71363968,36,0,8.695206e-10,0
200978895,36,0,0.0,0
200976986,36,0,0.0,0
201998234,36,0,2.695588e-05,0
200984317,36,0,0.0,0
200057747,36,0,0.5914511,0
200970414,36,0,6.0672456e-10,0
200978491,36,0,0.0,0
200983456,36,0,0.0,0
200967213,36,0,0.0,0
202010503,36,0,2.85789e-05,0
74020318,36,0,0.0,0
215052628,36,0,8.931415e-05,0
74020474,36,0,0.0,0
6727794,36,0,0.0,0
200979643,36,0,0.0,0
52193370,36,0,0.0,0
212739621,36,0,2.1271999e-05,0
216559778,36,0,0.017280642,0
29222639,37,0,0.0,0
29237239,37,0,0.0,0
29240598,37,0,0.0,0
30089221,37,0,0.0,0
4833857,37,0,0.0,0
30095697,37,0,0.10165431,0
29236627,37,0,0.0,0
23308178,37,0,0.0,0
29236903,37,0,0.0,0
19862275,37,0,0.0,0
30100202,37,0,0.0,0
28802176,37,0,2.3353084e-06,0
10035715,37,0,0.0,0
30119104,37,0,0.0,0
29240285,37,0,0.0,0
30083904,37,0,0.0,0
29251176,37,0,0.0,0
29107406,37,0,0.0,0
29251196,37,0,0.0,0
29236673,37,0,0.0,0
29532367,37,0,1.0296769e-06,0
5714238,37,0,0.0,0
30118114,37,0,0.0,0
29259799,37,0,0.0,0
29238214,37,0,0.0,0
22076384,37,0,0.0,0
29237265,37,0,0.0,0
29253866,37,0,0.0,0
29238776,37,0,0.0,0
19862566,37,0,0.0,0
30115667,37,0,0.0,0
30088118,37,0,0.0,0
29513341,37,0,2.3205396e-07,0
9637991,37,0,0.0,0
30123670,37,0,0.0,0
29211497,37,0,0.0,0
38864315,37,0,0.0,0
29232206,37,0,0.0,0
29257723,37,0,0.0,0
23308171,37,0,0.0,0
29232119,37,0,0.0,0
29235148,37,0,0.0,0
29703116,37,0,0.0,0
29238551,37,0,0.0,0
29234700,37,0,0.0,0
29264993,37,0,0.0,0
18797507,37,0,0.0,0
29210136,37,0,0.0,0
30121375,37,0,0.03658769,0
29239525,37,0,0.0,0
29239520,37,0,0.0,0
29232380,37,0,0.0,0
114629244,38,0,1.1527991e-05,0
116103139,38,0,0.0,0
55534219,38,0,0.0,0
114652354,38,0,0.0,0
113947689,38,0,0.0,0
77118140,38,0,0.0,0
28229545,38,0,0.0,0
116822460,38,0,0.0,0
33057580,38,0,0.0,0
9947672,39,0,2.1652572e-07,0
148633702,39,0,0.11684289,0
149570243,39,0,4.7631067e-05,0
149569108,39,0,0.1341891,0
153365280,39,0,1.1896909e-05,0
75405043,39,0,0.4764865,0
153331582,39,0,3.791954e-05,0
75404761,39,0,0.6329158,0
149569116,39,0,0.18453224,0
149142484,39,0,7.468776e-29,0
149569581,39,0,4.3291413e-05,0
149250123,39,0,0.7987512,1
148568433,39,0,0.14638884,0
60731573,39,0,0.69484365,0
153370646,39,0,0.00014473438,0
149556728,39,0,5.8112775e-29,0
149569452,39,0,0.13299857,0
44421661,39,0,0.00020200596,0
152338737,39,0,0.34953728,0
149569579,39,0,0.077253304,0
153371287,39,0,0.42682046,0
148568921,39,0,0.18550326,0
153374395,39,0,1.4688584e-06,0
148568442,39,0,0.13263875,0
148699223,39,0,0.1533361,0
151777042,39,0,0.30496633,0
118179866,39,0,2.114836e-06,0
148652884,39,0,0.16501595,0
152355744,39,0,0.0056292214,0
9802715,39,0,0.07968169,0
122251077,39,0,0.59590775,0
148568426,39,0,0.11834559,0
36729550,40,0,5.403435e-37,0
97830398,40,0,6.107992e-28,0
96567151,40,0,2.7135285e-36,0
12806658,41,0,0.08496901,0
12978676,41,0,0.68141776,0
12981574,41,0,0.66906995,0
12981956,41,0,0.5491167,0
12806657,41,0,0.082724296,0
71455569,42,0,9.921346e-16,0
42874117,42,0,0.00026577123,0
73248748,42,0,0.33939055,0
72654376,42,0,0.022180779,0
73268173,42,0,0.00066677824,0
73250570,42,0,0.0025456715,0
73250018,42,0,0.006907167,0
73252045,42,0,0.1441035,0
72681797,42,0,0.142798,0
3141441,42,0,0.0014761279,0
72654611,42,0,0.13283992,0
73267335,42,0,0.0049301754,0
98652913,43,0,0.0019022984,0
95010512,43,0,0.01065701,0
98652753,43,0,3.5057503e-05,0
98640583,43,0,0.0014425713,0
98638916,43,0,0.0001442783,0
98651777,43,0,0.0016784263,0
91974807,43,0,0.00076178956,0
94073046,43,0,0.59284556,0
98652756,43,0,0.00015050452,0
94942960,43,0,7.425815e-05,0
98651778,43,0,0.0015820469,0
94122042,43,0,0.109779224,0
94282919,43,0,0.0001689357,0
98652912,43,0,0.0078981845,0
94131636,43,0,0.05220976,0
74344109,43,0,0.098596066,0
94300954,43,0,0.00027295132,0
27544977,43,0,0.0005563224,0
94074607,43,0,0.23666586,0
98663456,43,0,6.215099e-05,0
90239546,43,0,0.00031597476,0
94106222,43,0,0.11669042,0
94076823,43,0,0.50524616,0
98640582,43,0,0.00055196835,0
94117759,43,0,0.23336995,0
92041247,43,0,0.0025160082,0
94121660,43,0,0.038970858,0
94074322,43,0,0.02863107,0
94119524,43,0,0.1121313,0
49027294,43,0,0.005362899,0
94106235,43,0,0.024403749,0
94105706,43,0,0.15310575,0
94122204,43,0,0.01446498,0
94075210,43,0,0.21859007,0
94129856,43,0,0.08177803,0
94120624,43,0,0.095167436,0
94117146,43,0,0.027571602,0
99259921,43,0,3.9652314e-05,0
98652586,43,0,0.00028298027,0
94280719,43,0,0.0013494053,0
94074600,43,0,0.15048748,0
94292248,43,0,0.0005042004,0
94075697,43,0,0.04868303,0
105848201,44,0,0.3147827,0
106409581,44,0,0.033479832,0
105857991,44,0,0.01820357,0
105848184,44,0,0.172584,0
105974994,44,0,0.021145387,0
106003750,44,0,4.922245e-16,0
105788970,44,0,0.6387864,0
106409331,44,0,0.0019802586,0
105858206,44,0,0.2368083,0
105858784,44,0,0.07941881,0
105785721,44,0,0.6612647,0
106003753,44,0,2.3155246e-18,0
79587724,44,0,0.29755732,0
78828422,45,0,7.923243e-24,0
148750534,45,0,0.6306202,0
155720780,45,0,0.6255267,0
164756218,45,0,0.6479285,0
121098985,45,0,0.30459943,0
155748671,45,0,1.110515e-23,0
155661727,45,0,3.8692507e-24,0
156222213,45,0,4.9119458e-24,0
155586758,45,0,1.0506492e-05,0
156289339,45,0,0.18700822,0
155794863,45,0,0.26927197,0
32997128,45,0,9.3129195e-24,0
155655480,45,0,8.1497504e-24,0
164756237,45,0,0.55065244,0
155586757,45,0,4.1956166e-05,0
155720769,45,0,4.5139845e-05,0
155672475,45,0,0.11712532,0
164756230,45,0,0.6435175,0
155586753,45,0,2.862576e-05,0
155670112,45,0,5.2694674e-24,0
155747593,45,0,5.7338252e-24,0
156289334,45,0,0.16895846,0
155668583,45,0,8.354337e-06,0
63078865,46,0,0.0031479255,0
219399167,47,0,0.0,0
218128783,47,0,0.0,0
218307607,47,0,0.2883213,0
187716426,47,0,0.0,0
218128752,47,0,0.0,0
218647960,47,0,0.32894543,0
218122643,47,0,0.0,0
219394523,47,0,0.0,0
218307592,47,0,0.26426452,0
129788216,47,0,0.0,0
