txId,Time step,class,score,predicted,window
1813992,35,2,4.2865322e-05,0,35-42
2234847,35,2,5.2656193e-05,0,35-42
2364754,35,2,0.00012907873,0,35-42
2365784,35,2,0.00012263223,0,35-42
2503693,35,2,0.0015608543,0,35-42
3838391,35,2,9.929115e-05,0,35-42
4387573,35,2,0.00013335577,0,35-42
4565154,35,2,0.00014686519,0,35-42
6722049,35,2,6.426473e-05,0,35-42
7134700,35,1,0.53140396,0,35-42
7156740,35,2,0.00011254447,0,35-42
7573937,35,2,9.956298e-05,0,35-42
8570131,35,2,0.002563887,0,35-42
9009666,35,2,0.00081450795,0,35-42
9010915,35,2,0.00043855218,0,35-42
9011388,35,2,0.0004088427,0,35-42
9012982,35,2,0.113333136,0,35-42
9070211,35,2,0.0032013725,0,35-42
11908050,35,2,0.00012028791,0,35-42
13489152,35,2,0.0006178475,0,35-42
13538271,35,2,0.000107011576,0,35-42
14051227,35,2,7.794094e-05,0,35-42
14585134,35,2,0.011896539,0,35-42
15158070,35,2,0.0002566602,0,35-42
15984364,35,2,9.1145324e-05,0,35-42
16058648,35,2,0.00021932344,0,35-42
16809316,35,2,0.00016218648,0,35-42
16820321,35,2,8.942281e-05,0,35-42
16827192,35,2,0.00014174182,0,35-42
16922316,35,2,0.0013613033,0,35-42
17613471,35,2,0.00011194274,0,35-42
18458812,35,2,4.529901e-05,0,35-42
22334030,35,2,0.00011124552,0,35-42
22544783,35,2,0.0018355517,0,35-42
24547797,35,2,4.226728e-05,0,35-42
26136345,35,2,7.913133e-05,0,35-42
26515239,35,2,0.00010383055,0,35-42
27494463,35,2,0.00020931414,0,35-42
27814162,35,2,4.846127e-05,0,35-42
28320734,35,2,0.35355753,0,35-42
28883075,35,2,8.2641964e-05,0,35-42
29192598,35,2,0.000112069196,0,35-42
32689931,35,2,0.00022224656,0,35-42
32695528,35,2,0.00013599756,0,35-42
34565586,35,2,7.198482e-05,0,35-42
34890565,35,2,0.000111525085,0,35-42
35201427,35,2,0.00011900679,0,35-42
35201437,35,2,2.102047e-05,0,35-42
35201438,35,2,3.484386e-05,0,35-42
36621667,35,2,0.0026317942,0,35-42
37292015,35,2,0.00010838018,0,35-42
39533205,35,2,0.00014340064,0,35-42
39700148,35,2,0.0016640906,0,35-42
41490163,35,2,0.00015210494,0,35-42
43081036,35,2,0.0014532703,0,35-42
43285945,35,2,8.0514605e-05,0,35-42
43396863,35,2,4.767669e-05,0,35-42
43438823,35,2,0.0013051864,0,35-42
45367289,35,2,0.00013753668,0,35-42
45762362,35,2,0.0035266175,0,35-42
47060129,35,2,0.000108469816,0,35-42
47227022,35,2,3.9376704e-05,0,35-42
47570116,35,2,0.00014371795,0,35-42
48843267,35,2,0.0009281527,0,35-42
49420740,35,2,0.24340978,0,35-42
49909269,35,2,0.006110036,0,35-42
51851681,35,2,8.254792e-05,0,35-42
52931275,35,2,6.5458335e-05,0,35-42
53771114,35,2,0.015595099,0,35-42
53776304,35,2,5.599866e-05,0,35-42
53777687,35,2,0.00071354746,0,35-42
53779745,35,2,4.624958e-05,0,35-42
53779911,35,2,0.006757479,0,35-42
53780299,35,2,0.0005813892,0,35-42
53780833,35,2,0.021274798,0,35-42
53781120,35,2,4.7233425e-05,0,35-42
53784210,35,2,0.00021613005,0,35-42
53784539,35,2,0.0005770285,0,35-42
53785382,35,2,0.015186047,0,35-42
53790648,35,2,0.010172855,0,35-42
53858303,35,2,7.168123e-05,0,35-42
53869774,35,2,0.06800291,0,35-42
53880956,35,2,9.48674e-05,0,35-42
53881835,35,2,0.00018045404,0,35-42
53883844,35,2,0.0002513861,0,35-42
53883877,35,2,0.002637913,0,35-42
54196172,35,2,0.00013505934,0,35-42
54353300,35,2,9.45871e-05,0,35-42
54388447,35,2,3.9284063e-05,0,35-42
54704081,35,2,0.0044501177,0,35-42
54704834,35,2,0.5188965,0,35-42
54704852,35,2,0.009685842,0,35-42
54704867,35,2,0.005752417,0,35-42
54705516,35,2,0.0001139068,0,35-42
54708123,35,2,0.00013767656,0,35-42
54708146,35,2,4.2209278e-05,0,35-42
54708178,35,2,0.0027531465,0,35-42
54708965,35,2,0.016350577,0,35-42
54711501,35,2,9.563737e-05,0,35-42
54712143,35,2,0.0013548313,0,35-42
54712545,35,2,0.00016237138,0,35-42
54714812,35,2,6.0836945e-05,0,35-42
54715153,35,2,0.0034240638,0,35-42
54715156,35,2,0.0014560512,0,35-42
54715734,35,2,0.005595502,0,35-42
54716457,35,2,0.028906308,0,35-42
54716487,35,2,0.00021823977,0,35-42
54716899,35,2,0.00072994624,0,35-42
54717251,35,2,0.3176032,0,35-42
54717534,35,2,8.591852e-05,0,35-42
54717573,35,2,0.0001227963,0,35-42
54717633,35,2,7.463604e-05,0,35-42
54718612,35,2,0.00010946024,0,35-42
54719550,35,2,0.000110698864,0,35-42
54720900,35,2,0.00012822736,0,35-42
54721593,35,2,9.7040334e-05,0,35-42
54723430,35,2,0.35902116,0,35-42
54723872,35,2,0.0014317026,0,35-42
54723880,35,2,0.0062964535,0,35-42
54723883,35,2,0.00013445847,0,35-42
54723899,35,2,0.000112055095,0,35-42
54723920,35,2,0.00090356945,0,35-42
54723924,35,2,0.010879695,0,35-42
54723926,35,2,0.00031892373,0,35-42
54723938,35,2,0.00015188553,0,35-42
54724510,35,2,0.026936935,0,35-42
54724523,35,2,0.0042376374,0,35-42
54724526,35,2,0.021476261,0,35-42
54724844,35,2,0.0005792326,0,35-42
54724927,35,2,0.00022528635,0,35-42
54725743,35,2,0.005452858,0,35-42
54725746,35,2,0.00044208908,0,35-42
54725927,35,2,0.0007664462,0,35-42
54726467,35,2,0.0001223875,0,35-42
54726861,35,2,0.08913833,0,35-42
54727159,35,2,0.78198487,1,35-42
54730919,35,2,0.00045229538,0,35-42
54731802,35,2,0.7359156,1,35-42
54731809,35,2,0.016953882,0,35-42
54732569,35,2,0.14078279,0,35-42
54732625,35,2,0.018308723,0,35-42
54732631,35,2,0.0037015122,0,35-42
54733451,35,2,0.014717643,0,35-42
54733455,35,2,0.12552859,0,35-42
54733756,35,2,0.014046441,0,35-42
54733759,35,2,0.17273346,0,35-42
54733761,35,2,0.003264131,0,35-42
54733763,35,2,0.17648594,0,35-42
54733770,35,2,0.096274234,0,35-42
54733777,35,2,0.035644114,0,35-42
54734399,35,2,0.04990284,0,35-42
54734409,35,2,0.2312837,0,35-42
54734446,35,2,0.0027320893,0,35-42
54734451,35,2,0.31124982,0,35-42
54735821,35,2,0.00014063063,0,35-42
54736796,35,2,0.0013379379,0,35-42
54738990,35,2,0.0036704664,0,35-42
54745181,35,2,6.050133e-05,0,35-42
54746426,35,2,0.009567977,0,35-42
54749029,35,2,0.07268162,0,35-42
54749458,35,2,0.06606528,0,35-42
54749469,35,2,0.025520498,0,35-42
54749647,35,2,0.0759597,0,35-42
54749883,35,2,0.0624755,0,35-42
54750086,35,2,0.025520498,0,35-42
54751040,35,2,0.026927266,0,35-42
54751137,35,2,0.063257925,0,35-42
54751144,35,2,0.07469213,0,35-42
54751363,35,2,0.07469213,0,35-42
54752433,35,2,4.5194676e-05,0,35-42
54752635,35,2,6.331005e-05,0,35-42
54752645,35,2,3.4629167e-05,0,35-42
54753040,35,2,4.367352e-05,0,35-42
54753410,35,2,0.00019529148,0,35-42
54754128,35,2,0.00014365479,0,35-42
54756362,35,2,7.030004e-05,0,35-42
54757426,35,2,0.0018937456,0,35-42
54758908,35,2,0.0017402711,0,35-42
54759620,35,2,0.004953337,0,35-42
54759626,35,2,0.034051396,0,35-42
54759799,35,1,0.9996057,1,35-42
54760548,35,2,0.00037145943,0,35-42
54760551,35,1,0.9991473,1,35-42
54762847,35,2,0.00030820494,0,35-42
54764333,35,2,0.0001732363,0,35-42
54767813,35,2,0.00036555392,0,35-42
54768399,35,2,0.00082820543,0,35-42
54768400,35,2,0.0013549009,0,35-42
54768404,35,2,0.0011869023,0,35-42
54768598,35,2,0.0008213862,0,35-42
54768608,35,2,0.0005935073,0,35-42
54768930,35,2,0.0007048045,0,35-42
54768933,35,2,0.000509148,0,35-42
54769375,35,2,0.00084120024,0,35-42
54769378,35,2,0.0008570665,0,35-42
54769382,35,2,0.00075140013,0,35-42
54769388,35,2,0.001077053,0,35-42
54769550,35,2,0.0014808006,0,35-42
54769795,35,2,0.0007820816,0,35-42
54769801,35,2,0.001048728,0,35-42
54769823,35,2,0.0017470396,0,35-42
54770026,35,2,0.0010650387,0,35-42
54770028,35,2,0.0004238603,0,35-42
54771037,35,1,0.9993936,1,35-42
54771152,35,1,0.999926,1,35-42
54771634,35,2,0.00085553207,0,35-42
54774042,35,2,0.3175822,0,35-42
54776346,35,2,0.0034418472,0,35-42
54776349,35,2,0.001016628,0,35-42
54777302,35,2,0.0014370051,0,35-42
54777309,35,2,0.0012002497,0,35-42
54777326,35,2,0.00090341497,0,35-42
54777694,35,2,0.0010189265,0,35-42
54777895,35,2,0.00050943124,0,35-42
54779304,35,2,0.0022577613,0,35-42
54779337,35,2,0.006384136,0,35-42
54783807,35,2,0.0011510815,0,35-42
54785837,35,1,0.9998103,1,35-42
54788931,35,1,0.9992945,1,35-42
54789177,35,2,7.551576e-05,0,35-42
54790821,35,2,0.00024689484,0,35-42
54790859,35,2,0.0006468287,0,35-42
54791816,35,2,0.00138473,0,35-42
54793796,35,2,9.692649e-05,0,35-42
54795004,35,2,5.3107484e-05,0,35-42
54795008,35,2,0.00024002166,0,35-42
54795283,35,2,0.00034972202,0,35-42
54795574,35,2,0.0053232904,0,35-42
54795999,35,2,8.5568405e-05,0,35-42
54796088,35,2,0.011912911,0,35-42
54796364,35,2,0.0008253043,0,35-42
54796612,35,2,0.0068381634,0,35-42
54798281,35,2,0.00013280631,0,35-42
54799858,35,2,0.000951736,0,35-42
54801683,35,2,0.0056544095,0,35-42
54802206,35,2,0.00069982215,0,35-42
54802909,35,2,0.0024914665,0,35-42
54803131,35,2,0.0040377937,0,35-42
54803345,35,2,9.515487e-05,0,35-42
54803350,35,2,0.0005442358,0,35-42
54803353,35,2,5.311508e-05,0,35-42
54803357,35,2,9.457592e-05,0,35-42
54804228,35,2,0.0051331515,0,35-42
54804347,35,2,0.00014869763,0,35-42
54804627,35,2,0.019175671,0,35-42
54804733,35,2,0.071063206,0,35-42
54804748,35,2,0.00043994252,0,35-42
54805075,35,2,0.00027202128,0,35-42
54805330,35,2,0.00060681003,0,35-42
54805361,35,2,0.007347958,0,35-42
54805580,35,2,0.0030766975,0,35-42
54807174,35,2,8.709625e-05,0,35-42
54807376,35,2,0.00031100935,0,35-42
54808415,35,2,0.00085042586,0,35-42
54808439,35,2,8.396745e-05,0,35-42
54808857,35,2,0.0003610565,0,35-42
54809575,35,2,7.798808e-05,0,35-42
54810585,35,2,0.0012565786,0,35-42
54810844,35,2,0.00015782511,0,35-42
54810848,35,2,0.0011800325,0,35-42
54810851,35,2,7.815268e-05,0,35-42
54810858,35,2,0.0011405592,0,35-42
54810865,35,2,0.0072147767,0,35-42
54810885,35,2,8.113079e-05,0,35-42
54811017,35,2,7.923772e-05,0,35-42
54811283,35,2,0.00019345245,0,35-42
54812037,35,2,0.0002490026,0,35-42
54812078,35,2,0.00067218946,0,35-42
54812297,35,2,0.00028014687,0,35-42
54813115,35,2,0.00029370925,0,35-42
54813121,35,2,0.027475564,0,35-42
54813370,35,2,6.807202e-05,0,35-42
54813638,35,2,0.010696755,0,35-42
54814169,35,2,0.007817149,0,35-42
54814303,35,2,0.0027145762,0,35-42
54814380,35,2,0.000116576346,0,35-42
54814416,35,2,0.0012232006,0,35-42
54815128,35,2,0.0001620849,0,35-42
54816062,35,2,0.06288335,0,35-42
54816605,35,2,0.05333105,0,35-42
54818110,35,2,0.0007262733,0,35-42
54818215,35,2,6.4633175e-05,0,35-42
54821175,35,2,0.00019125489,0,35-42
54821827,35,2,0.23369981,0,35-42
54821835,35,2,0.007975641,0,35-42
54821855,35,2,0.002589458,0,35-42
54824782,35,2,0.0017371038,0,35-42
54824800,35,2,0.00017498876,0,35-42
54824999,35,2,0.00039971902,0,35-42
54825497,35,2,0.00020742948,0,35-42
54826016,35,2,0.00025624988,0,35-42
54826507,35,2,0.02050653,0,35-42
54826797,35,2,0.0023358816,0,35-42
54826806,35,2,0.00050390925,0,35-42
54826814,35,2,0.0036735563,0,35-42
54827393,35,2,0.0001262182,0,35-42
54828183,35,2,8.1366714e-05,0,35-42
54829893,35,2,0.000102812206,0,35-42
54830536,35,2,8.366293e-05,0,35-42
54831151,35,2,0.0030641656,0,35-42
54831431,35,2,0.00015718906,0,35-42
54831581,35,2,0.00048849557,0,35-42
54832126,35,2,0.00027517285,0,35-42
54832425,35,2,0.0002998421,0,35-42
54832573,35,2,0.0007257651,0,35-42
54832862,35,2,0.0002731781,0,35-42
54833115,35,2,0.00021368676,0,35-42
54833461,35,2,0.0007316278,0,35-42
54833710,35,2,0.00016904947,0,35-42
54836178,35,2,0.0024616204,0,35-42
54836677,35,2,0.00045765415,0,35-42
54836963,35,2,0.0011748066,0,35-42
54837256,35,2,0.0002868002,0,35-42
54838144,35,2,0.0020690882,0,35-42
54838172,35,2,6.60019e-05,0,35-42
54838179,35,2,0.00013700878,0,35-42
54838218,35,2,0.001304872,0,35-42
54839841,35,2,0.0014946673,0,35-42
54840029,35,2,0.0019641866,0,35-42
54840054,35,2,0.0007632912,0,35-42
54840108,35,2,0.00017829273,0,35-42
54841028,35,2,0.00032365177,0,35-42
54841397,35,2,0.00030183748,0,35-42
54842233,35,2,0.00052891654,0,35-42
54844256,35,2,0.004602135,0,35-42
54845178,35,2,0.0002645199,0,35-42
54845983,35,2,0.00049152505,0,35-42
54847261,35,2,0.0012926741,0,35-42
54847270,35,2,0.00015046308,0,35-42
54848711,35,2,0.00044048257,0,35-42
54849148,35,2,0.0015813502,0,35-42
54851328,35,2,0.0022637392,0,35-42
54851334,35,2,0.0024026623,0,35-42
54853134,35,2,3.4312572e-05,0,35-42
54853462,35,2,0.00040322565,0,35-42
54853508,35,2,0.00040490125,0,35-42
54853520,35,2,0.00038032373,0,35-42
54854333,35,2,0.00017929293,0,35-42
54855612,35,2,0.04628142,0,35-42
54855813,35,2,0.061005455,0,35-42
54855815,35,2,0.0003517805,0,35-42
54856328,35,2,0.00054588896,0,35-42
54857201,35,2,0.0015727992,0,35-42
54859933,35,2,0.00029013568,0,35-42
54861756,35,2,2.5843636e-05,0,35-42
54862521,35,2,0.00013639886,0,35-42
54865207,35,2,0.00013407464,0,35-42
54866474,35,2,4.9306178e-05,0,35-42
54868919,35,2,0.00019016095,0,35-42
54869389,35,2,0.00013555969,0,35-42
54871606,35,2,0.00035184558,0,35-42
54872531,35,2,0.017417463,0,35-42
54872625,35,1,0.9993586,1,35-42
54874060,35,2,5.926498e-05,0,35-42
54878673,35,2,0.036019515,0,35-42
54878850,35,1,0.9994949,1,35-42
54878851,35,1,0.99974316,1,35-42
54878901,35,1,0.9845079,1,35-42
54878909,35,1,0.9993099,1,35-42
54879764,35,2,0.00025525966,0,35-42
54879906,35,2,0.0014848928,0,35-42
54879907,35,1,0.9997116,1,35-42
54880124,35,2,2.836786e-05,0,35-42
54885834,35,2,0.00010971669,0,35-42
54885855,35,2,4.2940603e-05,0,35-42
54885869,35,2,9.8585835e-05,0,35-42
54885872,35,2,0.00013716839,0,35-42
54885883,35,2,9.1816684e-05,0,35-42
54885945,35,2,4.3066913e-05,0,35-42
54885952,35,2,0.00010939096,0,35-42
54886124,35,2,0.0017593756,0,35-42
54886129,35,2,0.00012880357,0,35-42
54886134,35,2,0.00012184802,0,35-42
54887066,35,2,0.00041011642,0,35-42
54887344,35,2,9.442974e-05,0,35-42
54888223,35,2,3.8244172e-05,0,35-42
54888229,35,2,0.00011279803,0,35-42
54893254,35,2,0.0024560965,0,35-42
54896381,35,2,0.000112728994,0,35-42
54896405,35,2,0.00014441703,0,35-42
54904991,35,2,0.00044219886,0,35-42
54906193,35,2,0.00027285505,0,35-42
54906489,35,2,0.0018227849,0,35-42
54912139,35,1,0.9995813,1,35-42
54912141,35,1,0.99936646,1,35-42
54912983,35,2,0.0014429553,0,35-42
54913453,35,2,0.000204817,0,35-42
54913455,35,2,9.3519106e-05,0,35-42
54915900,35,2,0.95043826,1,35-42
54918482,35,2,7.181588e-05,0,35-42
54918774,35,2,0.0046014558,0,35-42
54919199,35,2,0.0011254074,0,35-42
54922172,35,2,9.2693685e-05,0,35-42
54929170,35,2,0.0010321538,0,35-42
54929556,35,2,9.454183e-05,0,35-42
54930421,35,2,0.0019502261,0,35-42
54932909,35,2,0.00014062432,0,35-42
54934554,35,2,0.0017043402,0,35-42
54936064,35,2,0.0074066273,0,35-42
54948165,35,2,0.00013821165,0,35-42
54959120,35,2,0.0001575106,0,35-42
54959207,35,2,0.18966594,0,35-42
54959212,35,2,0.054955553,0,35-42
54965024,35,2,0.0006764841,0,35-42
54965309,35,2,0.0009910205,0,35-42
54966960,35,2,0.00017939278,0,35-42
54977212,35,2,0.00010632277,0,35-42
54977464,35,2,5.41399e-05,0,35-42
55106944,35,2,0.0017218638,0,35-42
55106947,35,2,0.05988365,0,35-42
55109779,35,2,0.00013056111,0,35-42
55111562,35,1,0.9980058,1,35-42
55118035,35,2,0.00045928158,0,35-42
55118487,35,2,3.499117e-05,0,35-42
55121160,35,2,0.00012811516,0,35-42
55121162,35,2,0.0023348648,0,35-42
55121172,35,2,0.0004229479,0,35-42
55121190,35,2,0.000113043534,0,35-42
55121372,35,2,0.0006572827,0,35-42
55182518,35,2,0.0014401713,0,35-42
55214893,35,2,0.00019935015,0,35-42
55239131,35,2,9.9196324e-05,0,35-42
55246666,35,2,3.3789547e-05,0,35-42
55246758,35,2,8.975582e-05,0,35-42
55256205,35,2,0.00013970547,0,35-42
55257343,35,2,6.765719e-05,0,35-42
55258302,35,2,0.00045471668,0,35-42
55671198,35,2,0.0010861668,0,35-42
55678052,35,2,0.5569688,0,35-42
55678053,35,2,0.10570611,0,35-42
55690201,35,2,0.0012130997,0,35-42
55692335,35,2,0.0010174734,0,35-42
55699103,35,2,0.00010567375,0,35-42
55705770,35,2,0.07167165,0,35-42
55713378,35,2,0.00012958473,0,35-42
55713620,35,2,4.7273395e-05,0,35-42
55732951,35,2,0.00042638628,0,35-42
55734283,35,2,0.00010452255,0,35-42
55734286,35,2,0.00020053498,0,35-42
55734423,35,2,0.0015100389,0,35-42
55735923,35,2,0.00087689277,0,35-42
55768753,35,2,0.0022542558,0,35-42
55777865,35,2,0.00039418315,0,35-42
55797479,35,2,8.464298e-05,0,35-42
55799881,35,2,5.0142287e-05,0,35-42
55903635,35,2,0.0006503332,0,35-42
55904589,35,2,0.00011400665,0,35-42
55917717,35,2,0.0033963202,0,35-42
55919691,35,2,9.483438e-05,0,35-42
55921395,35,2,0.0005783466,0,35-42
55921908,35,2,0.014696879,0,35-42
55928256,35,2,0.0012596336,0,35-42
55928261,35,2,0.0009327693,0,35-42
55936804,35,2,0.00019045126,0,35-42
55939055,35,2,0.00026875458,0,35-42
55951263,35,2,0.00015911492,0,35-42
55954176,35,2,0.00056855043,0,35-42
55961979,35,2,0.00092517154,0,35-42
55963670,35,2,0.00051796023,0,35-42
55969540,35,2,2.852746e-05,0,35-42
55970009,35,2,0.000524106,0,35-42
55970289,35,2,0.00013196407,0,35-42
55981433,35,2,6.65338e-05,0,35-42
55982677,35,2,0.00035394033,0,35-42
55987783,35,2,0.0009522117,0,35-42
55989254,35,2,0.00024797817,0,35-42
55990351,35,2,0.00054548535,0,35-42
55999645,35,2,0.009301098,0,35-42
56001686,35,2,7.683262e-05,0,35-42
56001916,35,2,0.009461197,0,35-42
56004984,35,1,0.99844724,1,35-42
56032497,35,2,0.00055933016,0,35-42
56038001,35,2,0.0010314657,0,35-42
56048884,35,2,0.00014417722,0,35-42
56049406,35,2,0.00028009905,0,35-42
56086604,35,2,0.00026896322,0,35-42
56092515,35,2,0.0019537932,0,35-42
56096954,35,2,0.1069518,0,35-42
56110829,35,2,0.0005372907,0,35-42
56110851,35,2,0.0007048045,0,35-42
56113863,35,2,0.00035334882,0,35-42
56113868,35,2,3.1180884e-05,0,35-42
56114940,35,2,0.000314283,0,35-42
56117902,35,2,0.00013002066,0,35-42
56117903,35,2,0.0070564207,0,35-42
56120732,35,2,5.6767698e-05,0,35-42
56120733,35,2,0.00016817261,0,35-42
56121607,35,2,4.513907e-05,0,35-42
56123429,35,2,0.0001070476,0,35-42
56123930,35,2,0.0026954864,0,35-42
56127938,35,2,7.0905444e-05,0,35-42
56128498,35,2,0.00011375212,0,35-42
56130548,35,2,0.0013413318,0,35-42
56131331,35,2,0.00026965237,0,35-42
56165616,35,2,0.00019680448,0,35-42
56199750,35,2,0.00064515014,0,35-42
56215656,35,2,0.005883807,0,35-42
56215674,35,2,0.0001985591,0,35-42
56234683,35,2,0.0009604284,0,35-42
56234684,35,2,0.0012615528,0,35-42
56234694,35,2,0.00037547635,0,35-42
56240836,35,2,0.0026551308,0,35-42
56242196,35,1,0.9977779,1,35-42
56255918,35,2,0.042470746,0,35-42
56264184,35,2,0.00014040539,0,35-42
56278048,35,2,0.0002559735,0,35-42
56278480,35,2,0.000116055824,0,35-42
56279506,35,2,0.0006786615,0,35-42
56280192,35,2,0.00031223666,0,35-42
56287995,35,2,0.00019483673,0,35-42
56288197,35,2,0.00084059336,0,35-42
56301128,35,2,3.879676e-05,0,35-42
56329117,35,2,0.00030430185,0,35-42
56333891,35,2,6.665039e-05,0,35-42
56336772,35,2,0.00018407253,0,35-42
56337133,35,2,0.00012368744,0,35-42
56352710,35,2,0.0028123148,0,35-42
56369991,35,2,0.0010652133,0,35-42
56395468,35,2,0.00086283096,0,35-42
56524758,35,2,0.00011405787,0,35-42
56532833,35,2,6.0584698e-05,0,35-42
56533444,35,2,0.0016655861,0,35-42
56539973,35,2,0.0008491699,0,35-42
56614050,35,2,0.19568145,0,35-42
56614055,35,2,0.12925264,0,35-42
56614059,35,2,0.024596099,0,35-42
56693174,35,2,0.031026542,0,35-42
56707264,35,2,0.0005043463,0,35-42
56777808,35,2,0.0002611791,0,35-42
56783023,35,2,0.00081172475,0,35-42
56784750,35,2,0.0018317647,0,35-42
56784754,35,2,0.020840647,0,35-42
56784794,35,2,0.0005854462,0,35-42
56784795,35,2,0.006451357,0,35-42
56787106,35,2,0.000516628,0,35-42
56859447,35,2,0.00057781686,0,35-42
56924092,35,2,0.0061153397,0,35-42
56979223,35,2,0.00036683303,0,35-42
57014736,35,2,0.0001879099,0,35-42
57017238,35,1,0.9974477,1,35-42
57017683,35,2,0.0028933713,0,35-42
57024278,35,2,0.006367401,0,35-42
57062175,35,2,0.0010227248,0,35-42
57074191,35,2,0.082137436,0,35-42
57083717,35,2,0.00071758474,0,35-42
57095769,35,2,2.952371e-05,0,35-42
57124631,35,2,0.0114834085,0,35-42
57132375,35,2,4.980555e-05,0,35-42
58564927,35,2,0.00027426606,0,35-42
58975531,35,2,0.00013833663,0,35-42
59488377,35,2,0.0018137264,0,35-42
62035059,35,2,0.0005756996,0,35-42
62138030,35,2,0.00081636384,0,35-42
62154976,35,2,5.5206972e-05,0,35-42
62161756,35,2,2.3392546e-05,0,35-42
62181130,35,2,0.0008626028,0,35-42
62237620,35,2,8.264385e-05,0,35-42
62237626,35,2,3.1156153e-05,0,35-42
62240726,35,2,0.072535396,0,35-42
62240911,35,2,0.0004501647,0,35-42
62241667,35,2,9.340147e-05,0,35-42
62241682,35,2,4.269516e-05,0,35-42
62243389,35,2,0.0024156913,0,35-42
62243420,35,2,0.00037271815,0,35-42
62243731,35,2,0.03860993,0,35-42
62257079,35,2,0.0007155955,0,35-42
62264967,35,2,0.001066862,0,35-42
62264968,35,2,0.00058847194,0,35-42
62337431,35,2,9.915557e-05,0,35-42
62595001,35,2,6.23076e-05,0,35-42
62595438,35,2,0.03529283,0,35-42
62595452,35,2,0.14540266,0,35-42
62599108,35,2,0.009541744,0,35-42
62601402,35,2,0.9264017,1,35-42
62601403,35,2,0.0018372813,0,35-42
62668414,35,2,0.072056696,0,35-42
62722471,35,2,5.923209e-05,0,35-42
62723195,35,2,0.0015654967,0,35-42
63018297,35,2,0.88729334,1,35-42
63069519,35,2,0.83512896,1,35-42
63108756,35,2,0.00042529588,0,35-42
63109243,35,2,0.0006201418,0,35-42
63749433,35,2,0.00015870701,0,35-42
63819321,35,2,0.0038904315,0,35-42
64069335,35,2,0.0013308174,0,35-42
64082788,35,2,0.07270126,0,35-42
64181087,35,2,5.0958697e-05,0,35-42
64189565,35,2,0.004541134,0,35-42
64192203,35,2,0.004110175,0,35-42
64194350,35,2,0.00012507962,0,35-42
64198359,35,2,0.00079226017,0,35-42
64199616,35,2,3.7440164e-05,0,35-42
64203116,35,2,0.0011483387,0,35-42
64208517,35,2,0.0001677319,0,35-42
64211564,35,2,0.00029633378,0,35-42
64220417,35,2,0.000346685,0,35-42
64221694,35,2,3.8356044e-05,0,35-42
64271102,35,2,0.0068137147,0,35-42
64346631,35,2,0.00033896443,0,35-42
64413379,35,2,0.0012543394,0,35-42
64444224,35,2,0.23029822,0,35-42
64523668,35,2,5.0989413e-05,0,35-42
64868201,35,2,0.020423617,0,35-42
64879504,35,2,0.00034113353,0,35-42
64879505,35,2,0.00048223246,0,35-42
64879544,35,2,0.27351567,0,35-42
65255986,35,2,0.00020908375,0,35-42
65271190,35,2,0.00061566726,0,35-42
65496695,35,2,3.0384937e-05,0,35-42
66443314,35,2,8.344868e-05,0,35-42
67005848,35,2,6.649371e-05,0,35-42
67546875,35,2,0.0024785402,0,35-42
67548722,35,2,3.4998815e-05,0,35-42
67548736,35,2,0.33226606,0,35-42
67548739,35,2,0.023884878,0,35-42
67555648,35,2,0.001712691,0,35-42
67555862,35,2,0.0052719433,0,35-42
67556646,35,2,0.027840408,0,35-42
67556652,35,2,0.43947348,0,35-42
67556667,35,2,0.0004549651,0,35-42
67556907,35,2,4.2520645e-05,0,35-42
67557160,35,2,7.2627234e-05,0,35-42
67557168,35,2,0.005974757,0,35-42
67557171,35,2,0.0007063598,0,35-42
67557179,35,2,0.00012944196,0,35-42
67557268,35,2,0.13862221,0,35-42
67557272,35,2,0.0007260782,0,35-42
67558660,35,2,0.0106911445,0,35-42
67562160,35,2,0.16537084,0,35-42
67562982,35,2,0.4509612,0,35-42
67562983,35,2,0.17621073,0,35-42
67562985,35,2,0.25473088,0,35-42
67562986,35,2,0.1397368,0,35-42
67562987,35,2,0.14352736,0,35-42
67562988,35,2,0.15698066,0,35-42
67563833,35,2,0.00036407445,0,35-42
67565986,35,2,0.00023048365,0,35-42
67565988,35,2,0.0007950107,0,35-42
67568711,35,2,0.028110754,0,35-42
67572549,35,2,0.00035135803,0,35-42
67572666,35,2,0.0003472339,0,35-42
67572674,35,1,0.99985313,1,35-42
67573113,35,1,0.99970335,1,35-42
67573534,35,2,0.001179425,0,35-42
67573535,35,2,0.00015838865,0,35-42
67573673,35,2,0.071297266,0,35-42
67573682,35,2,0.00064422784,0,35-42
67575027,35,2,0.07469213,0,35-42
67575780,35,1,0.99981755,1,35-42
67575821,35,2,0.00011082983,0,35-42
67575835,35,1,0.99971956,1,35-42
67575965,35,1,0.9848385,1,35-42
67576294,35,2,0.00087599794,0,35-42
67576304,35,1,0.9958099,1,35-42
67576436,35,1,0.99972004,1,35-42
67576439,35,1,0.9968014,1,35-42
67576672,35,2,0.0010330791,0,35-42
67581732,35,2,0.021929467,0,35-42
67582896,35,2,0.00036225302,0,35-42
67582897,35,2,0.002578789,0,35-42
67583000,35,2,0.0017026551,0,35-42
67584861,35,1,0.9998159,1,35-42
67584867,35,1,0.99968255,1,35-42
67585644,35,1,0.99989974,1,35-42
67585727,35,1,0.99969375,1,35-42
67585812,35,1,0.9998012,1,35-42
67586049,35,2,0.00018222356,0,35-42
67586063,35,1,0.99984014,1,35-42
67586067,35,2,8.583163e-05,0,35-42
67586146,35,2,0.00011753952,0,35-42
67594169,35,1,0.9994025,1,35-42
67594170,35,2,0.00016140369,0,35-42
67594178,35,1,0.99753475,1,35-42
67594988,35,1,0.9997423,1,35-42
67597090,35,2,0.0008943582,0,35-42
67597117,35,1,0.9994282,1,35-42
67597127,35,2,0.00084488187,0,35-42
67597195,35,2,0.00060916477,0,35-42
67597811,35,2,0.00077300216,0,35-42
67597991,35,2,0.0007381855,0,35-42
67597994,35,2,0.0007381855,0,35-42
67597999,35,2,0.0009600889,0,35-42
67598003,35,2,0.0020213625,0,35-42
67598007,35,2,0.0007905049,0,35-42
67598679,35,2,0.004127683,0,35-42
67600922,35,1,0.9995135,1,35-42
67602987,35,2,0.00119286,0,35-42
67602991,35,2,0.00042927964,0,35-42
67603015,35,1,0.99875927,1,35-42
67603016,35,2,0.00067282905,0,35-42
67603017,35,1,0.99983907,1,35-42
67603018,35,1,0.9997706,1,35-42
67603024,35,1,0.9985713,1,35-42
67603027,35,2,2.3222752e-05,0,35-42
67603033,35,1,0.9986461,1,35-42
67603154,35,1,0.99085885,1,35-42
67603155,35,1,0.9998134,1,35-42
67603196,35,1,0.9997398,1,35-42
67604001,35,1,0.9995009,1,35-42
67604028,35,2,0.0006993205,0,35-42
67604368,35,2,0.0006702959,0,35-42
67604406,35,2,0.0008954872,0,35-42
67604409,35,2,0.0031786861,0,35-42
67604515,35,2,0.005104364,0,35-42
67605068,35,2,0.014191185,0,35-42
67605524,35,2,5.2345284e-05,0,35-42
67605758,35,2,0.01994226,0,35-42
67606194,35,2,0.0009514559,0,35-42
67607221,35,2,0.06600643,0,35-42
67607797,35,2,0.21852298,0,35-42
67609337,35,2,0.00041568727,0,35-42
67609773,35,2,0.00016722518,0,35-42
67609813,35,2,0.00398419,0,35-42
67611213,35,2,7.4149815e-05,0,35-42
67611224,35,2,0.0009209456,0,35-42
67611417,35,2,0.00034174093,0,35-42
67611432,35,2,8.262793e-05,0,35-42
67611506,35,2,4.2901716e-05,0,35-42
67611688,35,2,0.010980582,0,35-42
67612036,35,2,0.00066781964,0,35-42
67612044,35,2,6.050756e-05,0,35-42
67612048,35,2,0.00044723804,0,35-42
67612507,35,2,0.022470819,0,35-42
67612509,35,2,0.0006830508,0,35-42
67612517,35,2,0.00021961408,0,35-42
67614430,35,2,8.847849e-05,0,35-42
67614542,35,2,8.9040324e-05,0,35-42
67615139,35,2,0.0012048504,0,35-42
67615800,35,2,3.4563447e-05,0,35-42
67617138,35,2,0.003109687,0,35-42
67617347,35,2,0.00047528473,0,35-42
67617348,35,2,6.731321e-05,0,35-42
67617361,35,2,4.6161058e-05,0,35-42
67617547,35,2,0.00044016316,0,35-42
67622489,35,2,0.0058635757,0,35-42
67624013,35,2,0.009491078,0,35-42
67625970,35,2,0.0018059252,0,35-42
67626761,35,2,0.0008601127,0,35-42
67627062,35,2,0.0015696477,0,35-42
67627099,35,2,0.06128169,0,35-42
67627226,35,2,0.00060265214,0,35-42
67627706,35,2,0.00012597411,0,35-42
67627710,35,2,0.00070422236,0,35-42
67627719,35,2,0.00018708894,0,35-42
67628055,35,2,0.0003655644,0,35-42
67628061,35,2,0.00024710278,0,35-42
67628070,35,2,0.00022224337,0,35-42
67628074,35,2,5.9557377e-05,0,35-42
67628075,35,2,0.0005213107,0,35-42
67628078,35,2,9.796638e-05,0,35-42
67628079,35,2,0.00013716878,0,35-42
67628274,35,2,6.0805392e-05,0,35-42
67628277,35,2,0.00045828166,0,35-42
67628281,35,2,0.0009976042,0,35-42
67628282,35,2,4.9364804e-05,0,35-42
67628399,35,2,0.0005335896,0,35-42
67628407,35,2,0.005549538,0,35-42
67628428,35,2,0.0014704507,0,35-42
67628442,35,2,5.913778e-05,0,35-42
67628472,35,2,0.000107207066,0,35-42
67628477,35,2,0.00013593274,0,35-42
67628673,35,2,0.000290967,0,35-42
67628742,35,2,0.00019341114,0,35-42
67629086,35,2,0.00031000137,0,35-42
67629185,35,2,0.15794075,0,35-42
67629192,35,2,0.001524846,0,35-42
67629274,35,2,0.10103549,0,35-42
67629541,35,2,0.00028404716,0,35-42
67629557,35,2,0.0006286495,0,35-42
67630838,35,2,6.233464e-05,0,35-42
67631240,35,2,0.46730655,0,35-42
67631244,35,2,0.042044055,0,35-42
67632042,35,2,0.00021287375,0,35-42
67632075,35,2,0.00028519664,0,35-42
67632396,35,2,0.000805093,0,35-42
67632404,35,2,0.0016573919,0,35-42
67633244,35,2,0.0008995394,0,35-42
67633247,35,2,0.0019116575,0,35-42
67633486,35,1,0.9997241,1,35-42
67634508,35,2,0.0005562818,0,35-42
67634530,35,2,0.007584,0,35-42
67634535,35,2,0.024352727,0,35-42
67634539,35,2,0.00021118669,0,35-42
67634540,35,2,3.890992e-05,0,35-42
67636472,35,2,0.0005496164,0,35-42
67639053,35,2,6.7906236e-05,0,35-42
67639703,35,2,4.64849e-05,0,35-42
67642086,35,2,0.00038079228,0,35-42
67642643,35,2,0.037779167,0,35-42
67642652,35,2,0.0803325,0,35-42
67642950,35,2,0.004981532,0,35-42
67642959,35,2,0.00012865725,0,35-42
67643195,35,2,0.007918376,0,35-42
67644958,35,2,0.00020046826,0,35-42
67645832,35,2,0.002635197,0,35-42
67646035,35,2,3.549246e-05,0,35-42
67646735,35,2,6.0191778e-05,0,35-42
67648024,35,2,0.003542012,0,35-42
67648029,35,2,6.974509e-05,0,35-42
67648453,35,2,2.0217904e-05,0,35-42
67649169,35,2,0.000105142935,0,35-42
67649196,35,2,3.541615e-05,0,35-42
67651174,35,2,0.00064318307,0,35-42
67651501,35,2,0.0017432558,0,35-42
67653845,35,2,0.0006990756,0,35-42
67654240,35,2,6.205529e-05,0,35-42
67654242,35,2,0.028566541,0,35-42
67654371,35,2,0.0007548749,0,35-42
67654461,35,2,0.00024248194,0,35-42
67654470,35,2,0.00014293185,0,35-42
67654663,35,2,0.00015303821,0,35-42
67654735,35,2,7.226929e-05,0,35-42
67655158,35,2,0.0003983188,0,35-42
67656079,35,1,0.9994281,1,35-42
67656601,35,1,0.9996793,1,35-42
67656766,35,2,0.05428753,0,35-42
67656769,35,2,0.12874503,0,35-42
67657161,35,2,0.002033214,0,35-42
67657823,35,1,0.9995152,1,35-42
67657844,35,1,0.9998747,1,35-42
67657849,35,1,0.9998338,1,35-42
67658971,35,1,0.9996896,1,35-42
67661738,35,1,0.9942842,1,35-42
67661739,35,1,0.98906577,1,35-42
67665312,35,1,0.99973625,1,35-42
67665318,35,1,0.98475224,1,35-42
67665408,35,1,0.99972016,1,35-42
67668321,35,2,0.0019230611,0,35-42
67669432,35,1,0.9995777,1,35-42
67669603,35,2,0.0005730191,0,35-42
67669853,35,2,0.0009195878,0,35-42
67670413,35,2,0.030175412,0,35-42
67670415,35,2,0.00035220987,0,35-42
67670596,35,1,0.9997379,1,35-42
67670706,35,1,0.99924386,1,35-42
67670945,35,1,0.99971396,1,35-42
67671212,35,1,0.9993806,1,35-42
67671717,35,1,0.9997801,1,35-42
67672857,35,2,0.00053817534,0,35-42
67672878,35,2,0.021770258,0,35-42
67672879,35,2,0.0001265507,0,35-42
67672890,35,2,0.0043090684,0,35-42
67672891,35,2,0.00044142036,0,35-42
67672895,35,1,0.9992192,1,35-42
67673076,35,1,0.15469472,0,35-42
67673399,35,1,0.999824,1,35-42
67673928,35,1,0.99958307,1,35-42
67674072,35,1,0.9998165,1,35-42
67674079,35,1,0.99944407,1,35-42
67679668,35,1,0.99594104,1,35-42
67679673,35,2,0.00036773834,0,35-42
67681829,35,1,0.9943084,1,35-42
67681867,35,2,0.00018672699,0,35-42
67682157,35,1,0.9993181,1,35-42
67682556,35,1,0.9998921,1,35-42
67682778,35,1,0.9903278,1,35-42
67686377,35,1,0.6899238,1,35-42
67686381,35,2,0.008739604,0,35-42
67686746,35,2,0.0010479924,0,35-42
67686748,35,1,0.9992173,1,35-42
67687673,35,1,0.99984634,1,35-42
68900424,35,2,0.0012889808,0,35-42
68936051,35,2,0.00087178755,0,35-42
68943318,35,1,0.99983823,1,35-42
68945302,35,1,0.9998679,1,35-42
68945489,35,2,0.00025086632,0,35-42
68949585,35,1,0.99986196,1,35-42
68952830,35,1,0.99987495,1,35-42
68953714,35,2,0.0006609632,0,35-42
68953869,35,2,0.0006609632,0,35-42
68954616,35,1,0.999866,1,35-42
68954996,35,1,0.9998913,1,35-42
68956752,35,1,0.99986196,1,35-42
68956910,35,1,0.999863,1,35-42
68957072,35,1,0.9996916,1,35-42
68957134,35,2,9.482931e-05,0,35-42
68957502,35,2,2.4223309e-05,0,35-42
68958435,35,2,0.0001551814,0,35-42
68960278,35,2,0.0010225723,0,35-42
68960287,35,2,0.002378962,0,35-42
68960292,35,2,0.008996331,0,35-42
68960298,35,2,0.11806073,0,35-42
68968804,35,2,0.017149746,0,35-42
68969569,35,2,0.00047742,0,35-42
68971841,35,2,0.00013826806,0,35-42
68976860,35,1,0.9998764,1,35-42
68978779,35,2,5.475037e-05,0,35-42
68980397,35,1,0.9998511,1,35-42
68980512,35,1,0.9998796,1,35-42
68980597,35,1,0.9998455,1,35-42
68982016,35,1,0.999824,1,35-42
68984781,35,1,0.9996798,1,35-42
68984782,35,2,7.296732e-05,0,35-42
68986317,35,1,0.9998896,1,35-42
68986786,35,1,0.99992573,1,35-42
68986876,35,1,0.9998603,1,35-42
68986958,35,2,0.0016384724,0,35-42
68986962,35,2,0.0009747513,0,35-42
68987712,35,2,0.00018179836,0,35-42
68988025,35,2,0.0006865178,0,35-42
68988032,35,2,0.00048807924,0,35-42
68988234,35,2,0.0012236137,0,35-42
68988443,35,1,0.9998229,1,35-42
68988638,35,2,0.0007647739,0,35-42
68988797,35,1,0.9998586,1,35-42
68990207,35,1,0.9998932,1,35-42
68992395,35,2,0.061363123,0,35-42
68995268,35,1,0.96643996,1,35-42
68996231,35,2,0.0005913771,0,35-42
68997683,35,2,0.00033227215,0,35-42
69016047,35,2,0.0015991591,0,35-42
69016574,35,2,0.00026080833,0,35-42
69266648,35,2,0.00090351136,0,35-42
69269369,35,2,0.0013818976,0,35-42
69279489,35,2,0.03049081,0,35-42
69280653,35,2,0.0028566725,0,35-42
69281857,35,2,0.00016683563,0,35-42
69281981,35,2,0.00048780156,0,35-42
69282266,35,2,9.984631e-05,0,35-42
69282548,35,2,0.005996608,0,35-42
69285652,35,2,0.22356181,0,35-42
69287954,35,2,0.373413,0,35-42
69289728,35,2,0.030459002,0,35-42
69290000,35,2,0.14072905,0,35-42
69290304,35,2,0.053350516,0,35-42
69305758,35,2,0.021240314,0,35-42
69315004,35,2,0.07296559,0,35-42
69315009,35,2,0.06726137,0,35-42
69316086,35,2,0.025520498,0,35-42
69318643,35,1,0.9986047,1,35-42
69319474,35,1,0.99869764,1,35-42
69320027,35,1,0.9996859,1,35-42
69320862,35,1,0.9996395,1,35-42
69326133,35,2,3.2017422e-05,0,35-42
69328545,35,2,0.0011233906,0,35-42
69328547,35,2,0.054067582,0,35-42
69330912,35,1,0.99981695,1,35-42
69330928,35,1,0.9996644,1,35-42
69343352,35,1,0.9995097,1,35-42
69346273,35,1,0.9993799,1,35-42
69349008,35,2,0.0004857493,0,35-42
69349381,35,2,0.0025489938,0,35-42
69349487,35,2,0.0005883791,0,35-42
69349585,35,2,0.0016063467,0,35-42
69349700,35,2,0.00048306747,0,35-42
69349828,35,2,0.00057143497,0,35-42
69349836,35,2,0.0007734081,0,35-42
69350154,35,2,0.0013504513,0,35-42
69350544,35,2,0.002607433,0,35-42
69350697,35,2,0.0005258108,0,35-42
69350704,35,2,0.0028723571,0,35-42
69350706,35,2,0.0009233016,0,35-42
69350713,35,2,0.001600024,0,35-42
69350811,35,2,0.0013739733,0,35-42
69350817,35,2,0.0008227367,0,35-42
69350825,35,2,0.00080887903,0,35-42
69350826,35,2,0.0013887852,0,35-42
69350929,35,2,0.0007734081,0,35-42
69350933,35,2,0.0006609632,0,35-42
69350938,35,2,0.0010464181,0,35-42
69351072,35,1,0.9993586,1,35-42
69351361,35,1,0.99980134,1,35-42
69351415,35,2,0.0013969237,0,35-42
69353017,35,1,0.9994823,1,35-42
69354395,35,1,0.9994104,1,35-42
69356870,35,1,0.9997112,1,35-42
69358730,35,1,0.99936384,1,35-42
69358807,35,2,0.000115229996,0,35-42
69359366,35,2,8.163843e-05,0,35-42
69365837,35,2,0.0027759296,0,35-42
69373478,35,2,6.3339096e-05,0,35-42
69376681,35,2,0.00025671697,0,35-42
69378228,35,2,0.00013489138,0,35-42
69379763,35,2,0.00063788996,0,35-42
69381533,35,2,0.00011318397,0,35-42
69383394,35,2,0.0017130694,0,35-42
69387795,35,2,0.007951464,0,35-42
69388442,35,2,0.00018575315,0,35-42
69390906,35,2,0.0012570717,0,35-42
69391326,35,2,0.004312554,0,35-42
69392542,35,2,0.7603459,1,35-42
69392709,35,2,0.0010701484,0,35-42
69392763,35,2,0.0010455238,0,35-42
69394343,35,2,0.00021176659,0,35-42
69395266,35,2,0.003656958,0,35-42
69395378,35,2,0.0002880292,0,35-42
69398136,35,2,0.00055667036,0,35-42
69399511,35,2,0.00033553323,0,35-42
69408781,35,2,0.00034771938,0,35-42
69410407,35,1,0.9997578,1,35-42
69414423,35,2,6.795631e-05,0,35-42
69517915,35,2,6.8184476e-05,0,35-42
69593166,35,2,0.05963467,0,35-42
69593714,35,2,0.044089116,0,35-42
69593976,35,1,0.9998907,1,35-42
69598358,35,1,0.9998124,1,35-42
69599040,35,2,0.0021103856,0,35-42
69599046,35,2,0.00088396843,0,35-42
69599555,35,2,0.00011039516,0,35-42
69599641,35,2,8.062048e-05,0,35-42
69599893,35,2,0.0001122858,0,35-42
69600457,35,2,0.0003853986,0,35-42
69600560,35,2,0.013537803,0,35-42
69601690,35,2,0.00010349129,0,35-42
69601696,35,2,0.000448171,0,35-42
69604327,35,2,0.000242923,0,35-42
69605547,35,2,0.0032688472,0,35-42
69607923,35,2,4.742828e-05,0,35-42
69610588,35,2,0.000111664274,0,35-42
69613506,35,2,0.006334796,0,35-42
69613711,35,2,0.00013554211,0,35-42
69613971,35,2,0.0015768291,0,35-42
69615167,35,2,0.00013061838,0,35-42
69616403,35,2,0.004348266,0,35-42
69616964,35,2,7.482075e-05,0,35-42
69624433,35,2,0.0017025084,0,35-42
69625047,35,2,0.00012800844,0,35-42
69628846,35,2,0.0042222645,0,35-42
69631179,35,2,0.00017207288,0,35-42
69653120,35,1,0.9994042,1,35-42
69660727,35,2,0.0002239186,0,35-42
69662258,35,2,0.00011463806,0,35-42
69662492,35,1,0.99981076,1,35-42
69680070,35,1,0.99935836,1,35-42
69683783,35,1,0.99730253,1,35-42
69688672,35,2,0.0005461557,0,35-42
69690622,35,2,0.0032754133,0,35-42
69695707,35,1,0.99771285,1,35-42
69696447,35,2,0.0009176137,0,35-42
69706912,35,2,0.0067181536,0,35-42
69713058,35,2,0.00017187955,0,35-42
69713600,35,1,0.99967,1,35-42
69727711,35,2,0.00014065343,0,35-42
69728473,35,1,0.99896145,1,35-42
69746416,35,1,0.99992573,1,35-42
69749798,35,2,0.00022244455,0,35-42
69749908,35,2,0.0023018452,0,35-42
69750268,35,2,0.00030072845,0,35-42
69750289,35,2,0.00068442605,0,35-42
69756172,35,1,0.9845174,1,35-42
69759953,35,2,0.00086428446,0,35-42
69760099,35,2,0.00057941704,0,35-42
69760671,35,2,0.00033900366,0,35-42
69760673,35,2,0.00069886347,0,35-42
69760681,35,2,0.0009257584,0,35-42
69760684,35,2,0.00247504,0,35-42
69760688,35,2,0.0002458064,0,35-42
69760709,35,2,0.0023955945,0,35-42
69761359,35,2,0.0004398031,0,35-42
69761373,35,2,0.0005108933,0,35-42
69761585,35,2,0.00039581678,0,35-42
69761602,35,2,0.00047449232,0,35-42
69762211,35,2,0.00035123664,0,35-42
69762213,35,2,0.00041011113,0,35-42
69762363,35,2,0.0018635038,0,35-42
69762368,35,2,0.00073950173,0,35-42
69762370,35,2,0.0008665795,0,35-42
69762379,35,2,0.00029075623,0,35-42
69762383,35,2,0.00078244356,0,35-42
69762389,35,2,0.00051270216,0,35-42
69762396,35,2,0.004436149,0,35-42
69762609,35,2,0.0034131615,0,35-42
69762618,35,2,0.00054232945,0,35-42
69762625,35,2,0.0028732996,0,35-42
69762959,35,2,0.0011665535,0,35-42
69762964,35,2,0.0010946096,0,35-42
69762969,35,2,0.0015140142,0,35-42
69763201,35,2,0.00040035852,0,35-42
69763241,35,2,0.00040393107,0,35-42
69763468,35,2,0.00086645386,0,35-42
69763472,35,2,0.0018187403,0,35-42
69763489,35,2,0.0008687447,0,35-42
69763511,35,2,0.0016922558,0,35-42
69763679,35,2,0.0019202809,0,35-42
69763965,35,2,0.00018484694,0,35-42
69764186,35,2,0.0018175703,0,35-42
69764204,35,2,0.0017817772,0,35-42
69764211,35,2,0.0018044327,0,35-42
69764268,35,2,0.0029624146,0,35-42
69764425,35,2,0.00028000373,0,35-42
69764427,35,2,0.00029130673,0,35-42
69764677,35,2,0.00043344265,0,35-42
69764679,35,2,0.0008860399,0,35-42
69764721,35,2,0.00021629312,0,35-42
69764930,35,2,0.00026522903,0,35-42
69764973,35,2,0.00048762307,0,35-42
69764975,35,2,0.000303117,0,35-42
69764982,35,2,0.00089803606,0,35-42
69765118,35,2,0.0013716265,0,35-42
69765183,35,2,0.0017164128,0,35-42
69765192,35,2,0.00037365186,0,35-42
69765197,35,2,0.00041249738,0,35-42
69765199,35,2,0.0039858427,0,35-42
69765203,35,2,0.0019386967,0,35-42
69765312,35,2,0.0002860056,0,35-42
69765544,35,2,0.0012300109,0,35-42
69765552,35,2,0.0007138001,0,35-42
69765671,35,2,0.0011320695,0,35-42
69765764,35,2,0.0021580975,0,35-42
69765767,35,2,0.0019335523,0,35-42
69765772,35,2,0.0006634276,0,35-42
69766228,35,2,0.0011532228,0,35-42
69766440,35,2,0.0005513421,0,35-42
69766445,35,2,0.0011568873,0,35-42
69766490,35,2,0.0020462663,0,35-42
69766502,35,2,0.0011892578,0,35-42
69766666,35,2,0.0039815325,0,35-42
69766775,35,2,0.0003394045,0,35-42
69766783,35,2,0.00289079,0,35-42
69766791,35,2,0.003515819,0,35-42
69766797,35,2,0.001101663,0,35-42
69766801,35,2,0.0013443782,0,35-42
69766804,35,2,0.0029490623,0,35-42
69766815,35,2,0.002982717,0,35-42
69766935,35,2,0.0009922382,0,35-42
69767012,35,2,0.00080033904,0,35-42
69769550,35,1,0.009156856,0,35-42
69770247,35,1,0.82500905,1,35-42
69771242,35,1,0.14030677,0,35-42
69771744,35,2,0.00047743384,0,35-42
69774121,35,1,0.9999026,1,35-42
69776359,35,2,0.00012231423,0,35-42
69777286,35,2,0.0005165142,0,35-42
69785371,35,1,0.99985707,1,35-42
69786818,35,2,7.471537e-05,0,35-42
69788018,35,2,0.030063774,0,35-42
69788022,35,2,0.003458174,0,35-42
69789201,35,1,0.99924076,1,35-42
69790299,35,2,0.0018316042,0,35-42
69969727,35,2,5.4162567e-05,0,35-42
69971244,35,2,2.2799626e-05,0,35-42
69974712,35,2,0.0007284699,0,35-42
69978242,35,2,0.003278659,0,35-42
69978247,35,2,0.0011655377,0,35-42
69980283,35,2,0.00026827073,0,35-42
69983656,35,2,5.213943e-05,0,35-42
69983664,35,2,0.00015691097,0,35-42
69983675,35,2,7.148995e-05,0,35-42
69984099,35,2,0.011352928,0,35-42
69984489,35,2,4.52114e-05,0,35-42
69985783,35,2,0.0050501153,0,35-42
69989672,35,2,0.0014511662,0,35-42
69989725,35,2,0.0026074937,0,35-42
69990281,35,2,0.004810508,0,35-42
69991706,35,2,0.00027078492,0,35-42
69991710,35,2,0.00022535231,0,35-42
69991725,35,2,2.0317793e-05,0,35-42
70005176,35,2,0.0041356706,0,35-42
70014376,35,2,0.0012865632,0,35-42
70023047,35,1,0.60832065,0,35-42
70038410,35,1,0.98829925,1,35-42
70042737,35,1,0.99641526,1,35-42
70046262,35,2,0.011644418,0,35-42
70046276,35,1,0.9977852,1,35-42
70061225,35,2,0.001264083,0,35-42
70062248,35,2,0.0010791842,0,35-42
70062896,35,2,0.032637686,0,35-42
70063174,35,2,0.15577169,0,35-42
70063601,35,2,0.65810233,0,35-42
70063849,35,2,0.34244394,0,35-42
70074480,35,2,0.058694307,0,35-42
70076315,35,2,0.00049754203,0,35-42
70077225,35,2,0.038081754,0,35-42
70098166,35,2,0.0148735605,0,35-42
70098837,35,2,0.06820176,0,35-42
70107772,35,1,0.9533627,1,35-42
70120032,35,2,0.00052350864,0,35-42
70121924,35,2,0.019882219,0,35-42
70125493,35,2,0.0020704987,0,35-42
70133154,35,2,0.0010780893,0,35-42
70270159,35,2,0.007148686,0,35-42
70296899,35,2,0.00046522173,0,35-42
70323435,35,2,5.3802734e-05,0,35-42
70323761,35,2,0.012935411,0,35-42
70324099,35,2,0.37954244,0,35-42
70326881,35,2,0.00051269337,0,35-42
70328737,35,1,0.999458,1,35-42
70328738,35,1,0.99988246,1,35-42
70328739,35,1,0.999899,1,35-42
70333393,35,1,0.99954236,1,35-42
70335036,35,1,0.9998957,1,35-42
70335041,35,1,0.9999076,1,35-42
70338412,35,2,0.000119218166,0,35-42
70340047,35,2,0.0010962433,0,35-42
70342585,35,2,0.014585875,0,35-42
70342642,35,2,0.00059231604,0,35-42
70346036,35,2,0.0038192535,0,35-42
70346573,35,2,0.000125368,0,35-42
70352807,35,2,0.7862735,1,35-42
70354122,35,2,0.0017501992,0,35-42
70361153,35,1,0.99992764,1,35-42
70361267,35,1,0.99983644,1,35-42
70361268,35,1,0.999913,1,35-42
70361269,35,1,0.9999155,1,35-42
70361270,35,1,0.99991405,1,35-42
70361272,35,1,0.9998982,1,35-42
70361273,35,1,0.99992037,1,35-42
70365718,35,1,0.9998179,1,35-42
70365720,35,1,0.9998504,1,35-42
70365734,35,1,0.99973994,1,35-42
70367102,35,2,0.060040135,0,35-42
70369931,35,2,0.10607959,0,35-42
70370656,35,1,0.99953043,1,35-42
70371756,35,2,0.00016740627,0,35-42
70372167,35,2,0.0003699869,0,35-42
70372168,35,2,0.00041115747,0,35-42
70373989,35,1,0.99968505,1,35-42
70374249,35,1,0.999933,1,35-42
70375748,35,2,0.00014678456,0,35-42
70380892,35,2,0.35159293,0,35-42
70382513,35,2,0.00018667127,0,35-42
70383061,35,2,0.0112034,0,35-42
70383876,35,1,0.9999049,1,35-42
70383882,35,1,0.99993885,1,35-42
70383900,35,1,0.9991253,1,35-42
70384401,35,1,0.94895196,1,35-42
70384537,35,1,0.9996306,1,35-42
70388754,35,1,0.9998392,1,35-42
70389553,35,1,0.9997534,1,35-42
70393167,35,2,0.0006559326,0,35-42
70400064,35,2,0.010351368,0,35-42
70400104,35,2,0.0013731975,0,35-42
70401397,35,2,0.001056694,0,35-42
70402162,35,2,0.00053187914,0,35-42
70402171,35,2,0.0007193023,0,35-42
70402175,35,2,0.0015498351,0,35-42
70402309,35,2,0.0006017731,0,35-42
70402311,35,2,0.00057820225,0,35-42
70404602,35,1,0.999816,1,35-42
70405972,35,1,0.99990547,1,35-42
70406447,35,1,0.9983114,1,35-42
70408666,35,1,0.999676,1,35-42
70408671,35,1,0.99975127,1,35-42
70409466,35,1,0.9989323,1,35-42
70409573,35,1,0.9999316,1,35-42
70410578,35,1,0.99976414,1,35-42
70410625,35,1,0.9998228,1,35-42
70410628,35,1,0.9948801,1,35-42
70410630,35,1,0.99976176,1,35-42
70410631,35,1,0.9995252,1,35-42
70410888,35,1,0.99949837,1,35-42
70411208,35,2,9.2252776e-05,0,35-42
70411220,35,2,0.0008354317,0,35-42
70411474,35,2,3.419292e-05,0,35-42
70411516,35,2,0.008417935,0,35-42
70412109,35,2,5.4562577e-05,0,35-42
70412171,35,2,2.8471391e-05,0,35-42
70412698,35,2,3.2004693e-05,0,35-42
70416184,35,2,3.230973e-05,0,35-42
70416560,35,2,0.00025240707,0,35-42
70418770,35,1,0.9997129,1,35-42
70421733,35,2,3.184516e-05,0,35-42
70422098,35,2,4.9266186e-05,0,35-42
70423756,35,2,0.061359905,0,35-42
70423765,35,2,0.00014054791,0,35-42
70424581,35,1,0.9356466,1,35-42
70428323,35,2,0.021567851,0,35-42
70432256,35,2,0.23205663,0,35-42
70432262,35,2,0.20083839,0,35-42
70432280,35,2,0.002933932,0,35-42
70433726,35,2,0.0021217957,0,35-42
70433741,35,2,0.001402664,0,35-42
70437152,35,2,0.06526281,0,35-42
70439318,35,2,0.00087395165,0,35-42
70449361,35,2,0.00053060864,0,35-42
70449773,35,2,0.00044335006,0,35-42
70449777,35,2,0.00013735163,0,35-42
70449784,35,2,0.0003151901,0,35-42
70450102,35,2,0.0014171907,0,35-42
70450655,35,2,0.023707112,0,35-42
70451888,35,2,0.00070496876,0,35-42
70454015,35,2,0.0026563306,0,35-42
70454020,35,2,0.0016747444,0,35-42
70454023,35,2,0.00062037294,0,35-42
70454028,35,2,0.0034331896,0,35-42
70454035,35,2,0.004856309,0,35-42
70454320,35,2,0.0009159951,0,35-42
70454327,35,2,0.001530093,0,35-42
70454394,35,2,0.0030520759,0,35-42
70454722,35,2,0.000545961,0,35-42
70454912,35,2,0.00041362076,0,35-42
70454916,35,2,0.0013851955,0,35-42
70454978,35,2,0.0021769872,0,35-42
70454989,35,2,0.003002123,0,35-42
70454997,35,2,0.0026202407,0,35-42
70455189,35,2,0.0015021639,0,35-42
70455295,35,2,0.0008230331,0,35-42
70455475,35,2,0.0015160562,0,35-42
70455488,35,2,0.0026845846,0,35-42
70455492,35,2,0.0020944711,0,35-42
70455498,35,2,0.0014346158,0,35-42
70455794,35,2,0.00032224166,0,35-42
70455803,35,2,0.0019042107,0,35-42
70455823,35,2,0.00021978817,0,35-42
70457288,35,2,0.0027969196,0,35-42
70457388,35,2,0.0023055573,0,35-42
70457391,35,2,0.004578643,0,35-42
70457732,35,2,0.001476009,0,35-42
70462696,35,2,0.0016803944,0,35-42
70462835,35,2,0.0018450201,0,35-42
70497257,35,2,0.018617224,0,35-42
70514861,35,2,0.0005839421,0,35-42
70559252,35,2,0.00036836992,0,35-42
72963083,35,2,0.008624957,0,35-42
73951916,35,2,0.000102403115,0,35-42
74565607,35,2,0.1608342,0,35-42
79803570,35,2,0.13329256,0,35-42
81566771,35,2,0.00023395664,0,35-42
85408708,35,1,0.9996748,1,35-42
86875050,35,1,0.9985715,1,35-42
87186734,35,2,0.0001549054,0,35-42
87905851,35,2,2.7241282e-05,0,35-42
89223678,35,2,0.0035237432,0,35-42
94904793,35,2,2.5072597e-05,0,35-42
100754045,35,2,0.0019065285,0,35-42
100754050,35,2,0.002794325,0,35-42
100769138,35,2,0.07469213,0,35-42
100769282,35,2,0.02026619,0,35-42
100791450,35,2,0.0027150176,0,35-42
100791505,35,2,0.0012467413,0,35-42
100791799,35,2,0.0008439662,0,35-42
100795612,35,2,0.0005634516,0,35-42
100798498,35,2,2.9849476e-05,0,35-42
100802655,35,2,5.2313742e-05,0,35-42
100803539,35,2,0.0066407607,0,35-42
100804290,35,2,4.1535975e-05,0,35-42
100808999,35,2,0.00018170409,0,35-42
100809005,35,2,0.0010172708,0,35-42
100830973,35,1,0.9992901,1,35-42
100848371,35,2,0.009604634,0,35-42
100918454,35,2,0.00080891146,0,35-42
100918469,35,2,0.04718212,0,35-42
65879,36,2,0.00023836529,0,35-42
646566,36,2,0.00024157553,0,35-42
2070455,36,2,6.974755e-05,0,35-42
2503479,36,2,0.0001041141,0,35-42
2607210,36,2,0.00011508988,0,35-42
2692055,36,2,0.00011160742,0,35-42
2921806,36,2,5.6112465e-05,0,35-42
3132827,36,2,0.00016244696,0,35-42
3223131,36,2,0.0003585571,0,35-42
3353060,36,2,0.003191503,0,35-42
3622868,36,2,0.0003809916,0,35-42
3678760,36,2,0.00012846552,0,35-42
3983184,36,2,0.1587534,0,35-42
4209720,36,2,6.790513e-05,0,35-42
4264481,36,1,0.9860334,1,35-42
4264482,36,1,0.9930199,1,35-42
4264483,36,1,0.9919144,1,35-42
4599651,36,2,0.0018974636,0,35-42
5050216,36,2,0.00015773874,0,35-42
5229110,36,2,0.001360196,0,35-42
5408397,36,2,0.0001269194,0,35-42
5651731,36,2,0.000114373936,0,35-42
5923264,36,2,9.747288e-05,0,35-42
6538083,36,2,9.4833114e-05,0,35-42
6541729,36,2,0.03657026,0,35-42
6544887,36,2,0.00017546728,0,35-42
7160465,36,2,6.576454e-05,0,35-42
7291548,36,2,0.4268194,0,35-42
7371966,36,2,0.0035214415,0,35-42
7700342,36,2,2.778841e-05,0,35-42
7794370,36,2,7.735643e-05,0,35-42
7846920,36,2,0.002430958,0,35-42
7988208,36,2,9.8749166e-05,0,35-42
8691444,36,2,0.005212302,0,35-42
9292788,36,2,0.0002946353,0,35-42
9463289,36,2,0.00015576328,0,35-42
9580797,36,1,0.99785334,1,35-42
9709745,36,2,0.0045468323,0,35-42
9742529,36,2,5.2184645e-05,0,35-42
9819062,36,2,6.722404e-05,0,35-42
10020863,36,2,0.00020615419,0,35-42
10043588,36,2,0.0004513984,0,35-42
10075210,36,2,0.0007243068,0,35-42
10174843,36,2,4.85977e-05,0,35-42
10174934,36,2,5.7835627e-05,0,35-42
10333291,36,2,8.946154e-05,0,35-42
10773258,36,2,3.3229688e-05,0,35-42
10944863,36,2,0.6307121,0,35-42
11314537,36,2,0.00011881142,0,35-42
11320206,36,2,8.2744315e-05,0,35-42
11617562,36,2,0.00011262606,0,35-42
11735899,36,2,0.006116154,0,35-42
11748616,36,2,0.066849574,0,35-42
11750730,36,2,0.00010071708,0,35-42
11780910,36,2,6.413659e-05,0,35-42
12066494,36,2,0.00018691955,0,35-42
12067271,36,2,8.848684e-05,0,35-42
12067399,36,2,8.05948e-05,0,35-42
12912741,36,2,0.0002282678,0,35-42
13257685,36,2,0.00017117447,0,35-42
13329538,36,2,8.306624e-05,0,35-42
13338694,36,2,0.000100106765,0,35-42
13439827,36,2,0.026037397,0,35-42
13827311,36,2,0.00012463043,0,35-42
14101385,36,2,0.0012799047,0,35-42
14208485,36,2,0.00012980065,0,35-42
14249153,36,2,4.3284024e-05,0,35-42
14476823,36,2,0.000104337625,0,35-42
14487702,36,2,5.944174e-05,0,35-42
14511457,36,2,0.0003296825,0,35-42
14636404,36,2,0.00028344578,0,35-42
14636407,36,2,0.0002497556,0,35-42
14636411,36,2,0.00010942351,0,35-42
14915621,36,2,0.000119395874,0,35-42
15026863,36,2,0.00067528046,0,35-42
15101691,36,2,0.0018128633,0,35-42
15450988,36,2,5.581196e-05,0,35-42
15456615,36,2,9.4013216e-05,0,35-42
15456696,36,2,0.00015116672,0,35-42
15457176,36,2,0.00012299916,0,35-42
15575586,36,2,1.5352101e-05,0,35-42
15973232,36,2,0.0001053106,0,35-42
16132110,36,2,0.0066618877,0,35-42
16713135,36,2,5.4762902e-05,0,35-42
16713136,36,2,0.000131654,0,35-42
16713740,36,2,0.00012280801,0,35-42
16767018,36,2,0.00012279571,0,35-42
17144603,36,2,0.0013801556,0,35-42
17746396,36,2,0.2470623,0,35-42
17794012,36,2,0.0002162725,0,35-42
17825753,36,2,0.00013299753,0,35-42
17825759,36,2,0.0024585123,0,35-42
18056041,36,2,0.03646974,0,35-42
18447613,36,2,0.00012173234,0,35-42
18473563,36,2,0.00362522,0,35-42
18911729,36,2,0.00011041127,0,35-42
19097439,36,2,0.00023620583,0,35-42
20258334,36,2,5.980894e-05,0,35-42
20346661,36,2,6.5848006e-05,0,35-42
21352615,36,2,0.00011903482,0,35-42
21632518,36,2,0.00013678087,0,35-42
22478580,36,2,0.0012201059,0,35-42
22845436,36,2,0.030734375,0,35-42
22845448,36,2,0.057498343,0,35-42
23065358,36,2,0.0002333825,0,35-42
23612274,36,2,0.000104303006,0,35-42
24029780,36,2,0.00025736002,0,35-42
24238963,36,2,0.15194286,0,35-42
24339154,36,2,0.055635974,0,35-42
24565114,36,2,0.074591644,0,35-42
24640314,36,2,4.350907e-05,0,35-42
24815685,36,2,5.8511643e-05,0,35-42
24823000,36,2,0.00034309452,0,35-42
24916701,36,2,0.0023040748,0,35-42
25154653,36,2,0.004683298,0,35-42
25183547,36,2,8.684164e-05,0,35-42
25244255,36,2,5.9278766e-05,0,35-42
25374129,36,2,0.0034802791,0,35-42
25376709,36,2,0.00019276953,0,35-42
25380228,36,2,0.00011725641,0,35-42
25493733,36,2,0.000104549465,0,35-42
25881241,36,2,4.3040433e-05,0,35-42
26118294,36,2,7.065894e-05,0,35-42
26229388,36,2,0.00011363124,0,35-42
26255407,36,2,0.00010815233,0,35-42
26255414,36,2,0.00035960565,0,35-42
26274328,36,2,0.00011111682,0,35-42
26290746,36,2,4.1495787e-05,0,35-42
26344309,36,2,8.0218015e-05,0,35-42
26345903,36,2,0.00031931317,0,35-42
26352334,36,2,0.0004549953,0,35-42
26369473,36,2,0.0007173711,0,35-42
26386420,36,2,0.000965141,0,35-42
26394081,36,2,4.9925195e-05,0,35-42
26416754,36,2,4.7921516e-05,0,35-42
26426749,36,2,0.0005074486,0,35-42
26484117,36,2,0.16223238,0,35-42
26560265,36,2,7.6618315e-05,0,35-42
26560948,36,2,6.90545e-05,0,35-42
26561062,36,2,0.00058871985,0,35-42
26723076,36,2,8.317317e-05,0,35-42
26743269,36,2,0.000104885374,0,35-42
27061572,36,2,0.014336464,0,35-42
27365482,36,2,0.00012071662,0,35-42
27443500,36,2,0.0016855194,0,35-42
27476905,36,2,0.00012807119,0,35-42
27702383,36,2,8.9569774e-05,0,35-42
27718529,36,2,9.851094e-05,0,35-42
27862024,36,2,0.02398026,0,35-42
27949058,36,2,4.4006432e-05,0,35-42
27950078,36,2,7.903457e-05,0,35-42
28041649,36,2,0.00011070561,0,35-42
28041676,36,2,0.00018435814,0,35-42
28244967,36,2,0.00064636284,0,35-42
28493004,36,2,0.0002622761,0,35-42
28603448,36,2,0.00010058664,0,35-42
28947752,36,2,0.00047835748,0,35-42
29225466,36,2,0.00012401705,0,35-42
29392235,36,2,0.0005228115,0,35-42
29542388,36,2,0.0017670466,0,35-42
29638820,36,2,0.00035051993,0,35-42
31156994,36,2,4.1776548e-05,0,35-42
31171392,36,2,0.00022964703,0,35-42
31308955,36,2,0.0007708792,0,35-42
31344260,36,2,9.901072e-05,0,35-42
31364369,36,2,0.000114712195,0,35-42
31406282,36,2,0.022632917,0,35-42
31413233,36,2,8.6131724e-05,0,35-42
32293580,36,2,0.00012408932,0,35-42
33843382,36,2,4.5444776e-05,0,35-42
34242428,36,2,0.00013948596,0,35-42
34339939,36,2,0.00011876531,0,35-42
34410435,36,2,2.4336165e-05,0,35-42
35004666,36,2,0.00011641994,0,35-42
35018122,36,2,0.00046719532,0,35-42
35598976,36,2,8.413552e-05,0,35-42
35621005,36,2,4.950543e-05,0,35-42
36245380,36,2,0.00021649657,0,35-42
36298639,36,2,0.002592642,0,35-42
36460742,36,2,7.7647244e-05,0,35-42
36620223,36,2,6.5138454e-05,0,35-42
36910464,36,2,5.7440157e-05,0,35-42
38876099,36,2,8.3428706e-05,0,35-42
38930646,36,2,0.0241059,0,35-42
39420798,36,2,0.0001347303,0,35-42
39911871,36,2,0.0005365305,0,35-42
41020170,36,2,0.00019124942,0,35-42
41124600,36,2,5.5063065e-05,0,35-42
41447158,36,2,0.28323197,0,35-42
41570941,36,2,0.0004534413,0,35-42
41983422,36,2,0.0026651134,0,35-42
42079740,36,2,0.00019603437,0,35-42
42367646,36,2,0.00035561572,0,35-42
42516065,36,2,0.000238698,0,35-42
42694213,36,2,0.085926294,0,35-42
42756372,36,2,0.0009413981,0,35-42
43153369,36,2,9.411924e-05,0,35-42
43495620,36,2,8.79951e-05,0,35-42
43519779,36,2,4.6513236e-05,0,35-42
43538180,36,2,0.00011352359,0,35-42
43746762,36,2,0.07501911,0,35-42
43788807,36,2,0.00010548156,0,35-42
43840946,36,2,0.00012181084,0,35-42
43845271,36,2,9.6715514e-05,0,35-42
44175377,36,2,3.5785662e-05,0,35-42
44562478,36,1,0.9578815,1,35-42
44562982,36,1,0.99384516,1,35-42
44674211,36,2,4.456592e-05,0,35-42
45505039,36,2,0.007455483,0,35-42
45858651,36,2,3.0113402e-05,0,35-42
46403128,36,2,2.7932812e-05,0,35-42
46672640,36,2,0.772653,1,35-42
46743617,36,2,0.0013800676,0,35-42
46746122,36,2,0.0003838275,0,35-42
46747574,36,2,0.012256419,0,35-42
46781613,36,2,0.0019336685,0,35-42
46848276,36,2,7.513126e-05,0,35-42
46861644,36,2,6.521267e-05,0,35-42
46911141,36,2,0.001694813,0,35-42
47033579,36,2,0.0024267803,0,35-42
47049999,36,2,6.0897073e-05,0,35-42
47201034,36,2,3.7642298e-05,0,35-42
47253767,36,2,0.052746832,0,35-42
47343604,36,2,6.0773447e-05,0,35-42
47471554,36,2,0.020049488,0,35-42
47885917,36,2,0.0011123223,0,35-42
48012475,36,2,0.00017210816,0,35-42
48536569,36,2,0.00021027208,0,35-42
48607207,36,2,0.0001603058,0,35-42
49358314,36,2,0.001121833,0,35-42
49496202,36,2,0.0007299554,0,35-42
49504861,36,2,0.00012873432,0,35-42
49751168,36,2,0.00037948982,0,35-42
49751552,36,2,0.00013707242,0,35-42
49751554,36,2,0.0018956864,0,35-42
49751560,36,2,0.0015903324,0,35-42
50287049,36,2,0.011565044,0,35-42
50299005,36,2,0.0006734443,0,35-42
50405501,36,2,8.899033e-05,0,35-42
50480742,36,2,0.027436005,0,35-42
50980775,36,2,0.0006663218,0,35-42
51049869,36,2,0.00075746723,0,35-42
51057762,36,2,0.00016892378,0,35-42
51871690,36,2,0.00027309475,0,35-42
52084569,36,2,9.475466e-05,0,35-42
52085803,36,2,0.0001699385,0,35-42
52489831,36,2,4.4807162e-05,0,35-42
52597830,36,2,0.0035216294,0,35-42
53178126,36,2,7.6254444e-05,0,35-42
53680335,36,2,7.918379e-05,0,35-42
53860629,36,2,0.07397076,0,35-42
53862301,36,2,0.000119905635,0,35-42
54305138,36,2,8.545791e-05,0,35-42
54317371,36,2,0.000245257,0,35-42
55661554,36,2,0.00030017618,0,35-42
55801092,36,2,0.000261911,0,35-42
56274229,36,2,0.00030760054,0,35-42
58031903,36,2,0.00036708493,0,35-42
59374847,36,2,0.00012023137,0,35-42
59374849,36,2,2.0262434e-05,0,35-42
59503198,36,2,0.0026117766,0,35-42
59724632,36,2,0.2356007,0,35-42
59724634,36,2,0.4094789,0,35-42
59724636,36,2,0.17543292,0,35-42
59758492,36,2,0.00183688,0,35-42
59760533,36,2,0.00012829047,0,35-42
59998001,36,2,0.031303734,0,35-42
60088432,36,2,0.001114209,0,35-42
60116376,36,2,0.26328638,0,35-42
60513732,36,2,0.00020946746,0,35-42
60926373,36,2,0.00036149286,0,35-42
60969652,36,2,0.07085903,0,35-42
61697431,36,2,0.003852806,0,35-42
61829955,36,2,6.1900144e-05,0,35-42
62175284,36,2,0.00089253095,0,35-42
62917941,36,2,0.000574093,0,35-42
63422749,36,2,0.0014064253,0,35-42
63489982,36,2,0.0042107906,0,35-42
63498194,36,2,0.28857958,0,35-42
63848074,36,2,0.0016705896,0,35-42
64364849,36,2,0.0012772797,0,35-42
64472772,36,1,0.9993455,1,35-42
64504124,36,2,1.8333922e-05,0,35-42
65555132,36,2,0.011248506,0,35-42
65694686,36,2,0.00074791716,0,35-42
65838245,36,2,0.00035699512,0,35-42
66158250,36,2,0.00012309056,0,35-42
66403063,36,2,0.5292441,0,35-42
66590338,36,2,0.00010601096,0,35-42
66609309,36,2,0.0013939303,0,35-42
66610974,36,2,0.0027821471,0,35-42
66754395,36,2,0.12668432,0,35-42
66866745,36,2,0.12224338,0,35-42
67457597,36,2,0.0002758324,0,35-42
67999086,36,2,0.040821176,0,35-42
68580446,36,2,0.00018557896,0,35-42
69333842,36,2,0.000483219,0,35-42
69490698,36,2,0.00049793936,0,35-42
69530166,36,2,0.00040439147,0,35-42
69807327,36,2,0.0029111083,0,35-42
69822240,36,2,9.0052796e-05,0,35-42
69911289,36,2,0.00015119094,0,35-42
69911290,36,2,0.00030903114,0,35-42
70047034,36,2,0.00037834852,0,35-42
70229149,36,2,0.00029436295,0,35-42
70819595,36,2,9.080976e-05,0,35-42
71095725,36,2,0.0004160564,0,35-42
71306396,36,2,0.0001417625,0,35-42
71359356,36,2,0.0004878046,0,35-42
71359771,36,2,9.603151e-05,0,35-42
71360182,36,2,0.004126834,0,35-42
71363407,36,2,0.00032744443,0,35-42
71363970,36,2,0.00044684493,0,35-42
71363971,36,2,0.00036880458,0,35-42
71804992,36,2,6.9759655e-05,0,35-42
71807218,36,2,0.00046220378,0,35-42
71885980,36,1,0.9997143,1,35-42
72086714,36,2,0.3566366,0,35-42
72266983,36,2,0.00096306734,0,35-42
72337286,36,2,0.0017180174,0,35-42
72504994,36,2,0.00010804719,0,35-42
72524957,36,2,5.1370786e-05,0,35-42
72537227,36,2,0.00010905777,0,35-42
72567022,36,2,0.08481634,0,35-42
72897869,36,2,3.9802908e-05,0,35-42
72898322,36,2,0.0014055589,0,35-42
72902501,36,2,9.098207e-05,0,35-42
72904787,36,2,0.0012421523,0,35-42
72906946,36,2,5.2028074e-05,0,35-42
72907855,36,2,0.00016080827,0,35-42
73186350,36,2,0.00011373639,0,35-42
73222775,36,2,0.0012563277,0,35-42
73452777,36,2,0.00048645452,0,35-42
73648802,36,2,0.00033698443,0,35-42
73668731,36,2,0.0005228614,0,35-42
73747118,36,2,7.585671e-05,0,35-42
73862228,36,2,3.446191e-05,0,35-42
74146541,36,2,0.0012091934,0,35-42
74216201,36,2,0.00050549535,0,35-42
74267778,36,2,3.0894073e-05,0,35-42
74345264,36,2,0.20784184,0,35-42
74432593,36,2,3.801756e-05,0,35-42
74628655,36,2,0.0021268092,0,35-42
74657803,36,2,0.0041195215,0,35-42
74699742,36,2,3.7193196e-05,0,35-42
74700264,36,2,0.00042517588,0,35-42
74766136,36,2,0.29168946,0,35-42
74814094,36,2,0.00093704,0,35-42
74815309,36,2,0.00060223043,0,35-42
74815310,36,2,0.00020318525,0,35-42
74815849,36,2,0.00033554522,0,35-42
74816160,36,2,0.0005231104,0,35-42
75729088,36,2,0.00021668119,0,35-42
76314771,36,2,0.0018474321,0,35-42
76402619,36,2,9.57004e-05,0,35-42
76404237,36,2,0.00017673722,0,35-42
76435940,36,2,0.000105423744,0,35-42
76605068,36,2,0.00015132636,0,35-42
76863021,36,1,0.99870217,1,35-42
76863054,36,1,0.9993042,1,35-42
76863076,36,1,0.99894387,1,35-42
76961964,36,2,5.6922785e-05,0,35-42
77058948,36,2,3.767311e-05,0,35-42
77092696,36,2,0.0004011522,0,35-42
77100286,36,2,0.092829585,0,35-42
77133658,36,2,0.00019230688,0,35-42
77142763,36,2,9.0560265e-05,0,35-42
77147400,36,2,0.0002721009,0,35-42
77148660,36,2,5.681118e-05,0,35-42
77153980,36,2,0.00013363328,0,35-42
77155797,36,2,0.00019315185,0,35-42
77164674,36,2,0.0002877871,0,35-42
77165567,36,2,0.00025348316,0,35-42
77170571,36,2,5.255666e-05,0,35-42
77175773,36,2,0.00011638019,0,35-42
77176710,36,2,0.0016396084,0,35-42
78111088,36,2,0.00045785308,0,35-42
78602033,36,2,0.00024916336,0,35-42
78655939,36,2,0.008077248,0,35-42
78777019,36,2,8.497165e-05,0,35-42
79470693,36,2,0.00013834666,0,35-42
79784131,36,2,0.011059657,0,35-42
80196411,36,2,0.0027304734,0,35-42
80278594,36,2,0.0034283362,0,35-42
81447983,36,2,0.0037441433,0,35-42
81750846,36,2,0.00018200319,0,35-42
81948747,36,2,0.12301573,0,35-42
82172275,36,2,0.00013377889,0,35-42
82412818,36,2,0.074446835,0,35-42
82478836,36,2,0.24802019,0,35-42
83006156,36,2,0.032520562,0,35-42
83047903,36,2,0.56930244,0,35-42
83171612,36,2,0.0025497563,0,35-42
83201398,36,2,0.0006430479,0,35-42
83486785,36,2,0.036792904,0,35-42
83641975,36,2,0.00045685013,0,35-42
83733232,36,2,0.008798088,0,35-42
84288626,36,2,5.6434827e-05,0,35-42
84362242,36,2,0.05167628,0,35-42
85605136,36,2,0.0034974555,0,35-42
85763115,36,2,0.0009900691,0,35-42
86043782,36,2,0.00020573886,0,35-42
86143479,36,2,0.00013062685,0,35-42
86225808,36,2,0.003403429,0,35-42
87302679,36,2,0.45894292,0,35-42
87451958,36,2,0.00035245,0,35-42
88267744,36,2,0.00011270513,0,35-42
88843080,36,2,0.70943815,1,35-42
90249287,36,2,9.054956e-05,0,35-42
92530488,36,2,0.012300752,0,35-42
93761483,36,2,0.045295604,0,35-42
94619995,36,2,0.003927154,0,35-42
94749368,36,2,0.00016090627,0,35-42
94828134,36,2,5.9978516e-05,0,35-42
96222292,36,2,0.00030573053,0,35-42
96222293,36,2,0.0015365946,0,35-42
96363307,36,2,0.00046333752,0,35-42
96443703,36,2,0.0003222303,0,35-42
96447687,36,2,8.014309e-05,0,35-42
96453477,36,2,0.0059416043,0,35-42
96574185,36,2,0.00064696127,0,35-42
96613640,36,2,0.00391564,0,35-42
97150074,36,1,0.9997708,1,35-42
97150075,36,1,0.99969256,1,35-42
97150081,36,1,0.9997315,1,35-42
97150082,36,1,0.9997079,1,35-42
98089343,36,2,0.0015195287,0,35-42
98178148,36,1,0.99986506,1,35-42
98294704,36,2,0.078248374,0,35-42
99189548,36,2,0.0024772885,0,35-42
99728985,36,2,0.00026765474,0,35-42
99920376,36,2,0.0005637033,0,35-42
100458403,36,2,8.437954e-05,0,35-42
100811554,36,1,0.9996393,1,35-42
100811714,36,1,0.99962044,1,35-42
100811720,36,1,0.9998344,1,35-42
102312377,36,2,0.00018641923,0,35-42
104349929,36,2,0.0062489477,0,35-42
106066289,36,2,0.00038390944,0,35-42
106227662,36,2,0.00014922672,0,35-42
106249867,36,2,0.30927813,0,35-42
106474160,36,2,0.0017924537,0,35-42
107112620,36,2,0.019235479,0,35-42
107307791,36,2,0.9557604,1,35-42
108152450,36,2,0.000119734934,0,35-42
108155998,36,2,0.00010833451,0,35-42
108156000,36,2,0.0070263725,0,35-42
108158984,36,2,0.0002713359,0,35-42
108558120,36,2,0.0010683398,0,35-42
108623552,36,2,0.00852749,0,35-42
108623828,36,2,5.0360428e-05,0,35-42
108781464,36,2,0.0028179635,0,35-42
109163904,36,2,0.00025595396,0,35-42
110935079,36,2,8.3963845e-05,0,35-42
111064425,36,2,2.8749335e-05,0,35-42
111505611,36,2,0.00055977574,0,35-42
111701814,36,2,0.00036782352,0,35-42
111816511,36,2,0.0003796561,0,35-42
112055022,36,2,0.00048207756,0,35-42
112834095,36,2,0.0068069706,0,35-42
112841520,36,2,0.0002622093,0,35-42
113028362,36,2,0.00055697846,0,35-42
113573117,36,2,0.00038776084,0,35-42
114498409,36,2,0.00013315109,0,35-42
115128842,36,2,0.00020144737,0,35-42
115610377,36,2,0.007447238,0,35-42
115625469,36,2,0.0018095408,0,35-42
116903169,36,2,0.00030962538,0,35-42
117140737,36,1,0.94503105,1,35-42
117628526,36,2,0.0061307168,0,35-42
117722026,36,2,8.621308e-05,0,35-42
117914128,36,2,7.503747e-05,0,35-42
118157074,36,2,0.00052554975,0,35-42
118375251,36,2,0.0005393765,0,35-42
118382752,36,2,0.00013488713,0,35-42
118479624,36,2,0.021239871,0,35-42
119202474,36,2,0.00054302876,0,35-42
119446249,36,2,0.00024757633,0,35-42
120019032,36,1,0.97272134,1,35-42
120019034,36,1,0.6711801,0,35-42
120068194,36,2,0.00036417667,0,35-42
120179148,36,2,0.31542915,0,35-42
121874664,36,2,0.00055910123,0,35-42
121915821,36,2,0.00049920304,0,35-42
121978408,36,2,0.000146825,0,35-42
121978551,36,2,0.00016048092,0,35-42
121978777,36,2,0.00019895365,0,35-42
121979121,36,2,7.417202e-05,0,35-42
122060720,36,2,5.214201e-05,0,35-42
122148516,36,2,9.3448056e-05,0,35-42
122166858,36,2,0.00763471,0,35-42
122267457,36,2,0.00017879391,0,35-42
122268541,36,2,0.0005646271,0,35-42
122351378,36,2,4.1439318e-05,0,35-42
122701156,36,2,0.004384863,0,35-42
122707293,36,2,0.00024130572,0,35-42
123108840,36,2,0.00088691164,0,35-42
123587742,36,2,0.002188033,0,35-42
123665326,36,2,0.15437144,0,35-42
124546130,36,2,0.26299325,0,35-42
124968331,36,2,0.000110381276,0,35-42
125057770,36,2,6.907657e-05,0,35-42
125104979,36,2,8.954389e-05,0,35-42
125133336,36,2,5.8552778e-05,0,35-42
125410588,36,2,0.0005079272,0,35-42
125579696,36,2,8.947126e-05,0,35-42
125608376,36,2,4.3644086e-05,0,35-42
126380404,36,2,0.0001369858,0,35-42
126866147,36,2,0.00025235076,0,35-42
126969160,36,2,0.00013756096,0,35-42
127430876,36,2,0.0019418068,0,35-42
130123636,36,2,0.0001603639,0,35-42
130576759,36,2,0.00013579709,0,35-42
130896132,36,2,0.00024959754,0,35-42
130917377,36,2,2.7934915e-05,0,35-42
130927055,36,2,4.9224436e-05,0,35-42
132499699,36,2,0.0014070261,0,35-42
132758264,36,2,3.269089e-05,0,35-42
132859923,36,2,0.00023403316,0,35-42
134252201,36,2,5.7812907e-05,0,35-42
136314571,36,2,0.00016560493,0,35-42
138041080,36,2,0.08368223,0,35-42
138486890,36,2,0.006492156,0,35-42
142287820,36,2,0.00090669957,0,35-42
143269221,36,2,0.0012041401,0,35-42
145420201,36,2,0.011673386,0,35-42
146303161,36,2,0.011200078,0,35-42
147112358,36,2,0.002770408,0,35-42
147587975,36,2,0.00017470484,0,35-42
148433399,36,2,0.00045881516,0,35-42
149638056,36,2,0.0035846583,0,35-42
149644613,36,2,0.7361744,1,35-42
154749916,36,2,0.018413424,0,35-42
157288049,36,2,0.000107041065,0,35-42
159141256,36,2,0.0006692312,0,35-42
159683384,36,2,0.0015876286,0,35-42
160376254,36,2,0.00014678638,0,35-42
163406178,36,2,0.00043987916,0,35-42
167356788,36,2,0.13689664,0,35-42
171180032,36,2,0.46420377,0,35-42
173957578,36,2,0.00021907953,0,35-42
175294105,36,2,0.0002970245,0,35-42
175662507,36,2,0.00015787914,0,35-42
176543937,36,2,5.2440962e-05,0,35-42
177302802,36,2,5.076933e-05,0,35-42
178163570,36,2,0.00040097578,0,35-42
182549951,36,2,0.00012759093,0,35-42
182703317,36,2,4.499621e-05,0,35-42
184107503,36,2,0.001981418,0,35-42
184121536,36,2,0.0087605845,0,35-42
184833091,36,2,9.301039e-05,0,35-42
186596922,36,2,0.0015088711,0,35-42
187524527,36,2,0.4839205,0,35-42
187549053,36,2,0.0023054082,0,35-42
190152436,36,2,5.882276e-05,0,35-42
191691627,36,2,0.00010859992,0,35-42
192139265,36,2,0.05122774,0,35-42
192706595,36,2,9.869691e-05,0,35-42
192729408,36,2,0.0003932497,0,35-42
193908657,36,2,0.00029126037,0,35-42
195456317,36,2,0.0012248317,0,35-42
196128588,36,2,0.0065471064,0,35-42
197040242,36,2,0.00013518019,0,35-42
197655358,36,2,0.0034475913,0,35-42
198513652,36,2,0.0002759342,0,35-42
198727492,36,2,0.00031171791,0,35-42
198745679,36,2,0.008995306,0,35-42
198749721,36,2,0.0011443616,0,35-42
198749732,36,2,0.034966122,0,35-42
198751613,36,2,0.0008741132,0,35-42
198759651,36,2,0.0008491805,0,35-42
198763958,36,2,0.00017526012,0,35-42
198766843,36,2,8.2646446e-05,0,35-42
198768711,36,2,0.015697643,0,35-42
198776290,36,2,0.059508488,0,35-42
198777856,36,2,0.0006055463,0,35-42
198780802,36,2,0.12059366,0,35-42
198785941,36,2,0.44508937,0,35-42
198787816,36,2,0.0011755241,0,35-42
198787819,36,2,0.000694149,0,35-42
198789626,36,2,0.0015640805,0,35-42
198789634,36,2,0.0022701717,0,35-42
198789956,36,2,0.00041185258,0,35-42
198790044,36,2,0.007746413,0,35-42
198790046,36,2,0.0001598069,0,35-42
198791026,36,2,0.00041378973,0,35-42
198791041,36,2,0.0003145843,0,35-42
198791666,36,2,0.0011834607,0,35-42
198791681,36,2,0.002491027,0,35-42
198791804,36,2,0.0011931775,0,35-42
198791989,36,2,0.0014678311,0,35-42
198791991,36,2,0.0028156089,0,35-42
198792214,36,2,0.009021277,0,35-42
198792215,36,2,0.00062531215,0,35-42
198793579,36,2,0.0055643073,0,35-42
198793583,36,2,0.002672809,0,35-42
198793586,36,2,0.0026181042,0,35-42
198793587,36,2,0.0010687882,0,35-42
198793589,36,2,8.563493e-05,0,35-42
198793594,36,2,0.09936494,0,35-42
198793602,36,2,0.0009213327,0,35-42
198797078,36,2,0.0001391784,0,35-42
198799339,36,2,0.00020924688,0,35-42
198800162,36,2,0.0023131545,0,35-42
198800166,36,2,0.00086333096,0,35-42
198800687,36,2,0.002710383,0,35-42
198800691,36,2,0.0006852138,0,35-42
198800707,36,2,0.041899644,0,35-42
198800739,36,2,4.558367e-05,0,35-42
198800793,36,2,0.0017175243,0,35-42
198800811,36,2,0.0011680078,0,35-42
198800988,36,2,0.0017987681,0,35-42
198801308,36,2,0.00020006155,0,35-42
198801313,36,2,0.00083622657,0,35-42
198801599,36,2,0.0012754847,0,35-42
198801683,36,2,0.018192975,0,35-42
198801841,36,2,0.0012470875,0,35-42
198801918,36,2,0.0012858234,0,35-42
198801919,36,2,0.007948188,0,35-42
198802015,36,2,0.00026429354,0,35-42
198802021,36,2,0.0025096163,0,35-42
198802582,36,2,0.0009124594,0,35-42
198802733,36,2,0.00036315896,0,35-42
198802739,36,2,0.0024793928,0,35-42
198803096,36,2,0.001341602,0,35-42
198803598,36,2,0.0017751913,0,35-42
198803599,36,2,0.00015155134,0,35-42
198803626,36,2,7.472428e-05,0,35-42
198805681,36,2,0.0011903413,0,35-42
198805849,36,2,0.00018267064,0,35-42
198805853,36,2,0.0020341296,0,35-42
198805855,36,2,0.004008225,0,35-42
198810098,36,2,0.00023659083,0,35-42
198810823,36,2,0.018832382,0,35-42
198810833,36,2,0.0021421206,0,35-42
198810834,36,2,0.00024779336,0,35-42
198810836,36,2,0.000529873,0,35-42
198811356,36,2,0.00024066512,0,35-42
198812380,36,2,0.00022271069,0,35-42
198814102,36,2,0.0017316805,0,35-42
198814103,36,2,0.035654433,0,35-42
198814108,36,2,0.0011047275,0,35-42
198814111,36,2,0.0014087973,0,35-42
198814113,36,2,0.0035446282,0,35-42
198814117,36,2,0.004085304,0,35-42
198814120,36,2,0.0014068747,0,35-42
198826861,36,2,6.1760285e-05,0,35-42
198827173,36,2,2.5234225e-05,0,35-42
198827545,36,2,0.001734724,0,35-42
198828204,36,2,0.0018918909,0,35-42
198828206,36,2,0.0035772093,0,35-42
198828207,36,2,0.009472331,0,35-42
198828632,36,2,0.00010453042,0,35-42
198829043,36,2,0.0045310613,0,35-42
198829044,36,2,0.001047407,0,35-42
198830119,36,2,0.0012951529,0,35-42
198833165,36,2,0.00014303111,0,35-42
198846485,36,2,0.00020437571,0,35-42
198851715,36,2,0.0003066144,0,35-42
198851754,36,2,0.00011536215,0,35-42
198851848,36,2,2.950761e-05,0,35-42
198855413,36,2,0.00014726275,0,35-42
198862743,36,2,9.440228e-05,0,35-42
199305906,36,2,8.92138e-05,0,35-42
199308438,36,2,0.00023775834,0,35-42
199310352,36,2,9.013003e-05,0,35-42
199310359,36,2,0.0004920653,0,35-42
199310811,36,2,6.512324e-05,0,35-42
199312098,36,2,0.00017491952,0,35-42
199314572,36,2,9.773712e-05,0,35-42
199321355,36,2,0.0008232025,0,35-42
199321357,36,2,0.0003763603,0,35-42
199321367,36,2,0.00090978685,0,35-42
199321376,36,2,0.00016747859,0,35-42
199321379,36,2,0.00015040196,0,35-42
199321388,36,2,0.00020931433,0,35-42
199321392,36,2,0.00047883007,0,35-42
199321544,36,2,0.0008642441,0,35-42
199321554,36,2,0.0005886893,0,35-42
199321565,36,2,0.00020313237,0,35-42
199321574,36,2,4.1555268e-05,0,35-42
199322846,36,2,0.00042559704,0,35-42
199323080,36,2,0.0001258717,0,35-42
199323884,36,2,6.261095e-05,0,35-42
199336962,36,2,6.6973604e-05,0,35-42
199337975,36,2,0.00015599113,0,35-42
199347872,36,2,6.833191e-05,0,35-42
199358336,36,2,0.00012768769,0,35-42
199362648,36,2,7.340966e-05,0,35-42
199365528,36,2,0.000118884294,0,35-42
199381173,36,2,0.00025973312,0,35-42
199393791,36,2,4.58577e-05,0,35-42
199402381,36,2,7.759025e-05,0,35-42
199404537,36,2,0.18013585,0,35-42
199404540,36,2,0.00024896368,0,35-42
199404549,36,2,0.00897823,0,35-42
199408076,36,2,0.0008573233,0,35-42
199408246,36,2,0.00024304299,0,35-42
199408495,36,2,0.00041329107,0,35-42
199416010,36,2,0.00010487008,0,35-42
199542101,36,2,0.00019879096,0,35-42
199932860,36,2,0.00011178113,0,35-42
199933971,36,2,0.022013696,0,35-42
199934365,36,2,0.008560621,0,35-42
199934729,36,2,0.00039534614,0,35-42
199934775,36,2,0.0012475306,0,35-42
199934828,36,2,0.0026412583,0,35-42
199935124,36,2,0.14915633,0,35-42
199937031,36,2,0.046597432,0,35-42
199937366,36,2,9.333549e-05,0,35-42
199937804,36,2,9.831555e-05,0,35-42
199938132,36,2,2.9778168e-05,0,35-42
199938558,36,2,0.0032888814,0,35-42
199938565,36,2,5.8880054e-05,0,35-42
199939481,36,2,6.120435e-05,0,35-42
199939839,36,2,0.00011262853,0,35-42
199940244,36,2,0.0004044948,0,35-42
199940257,36,2,0.024202771,0,35-42
199940269,36,2,0.014692426,0,35-42
199941533,36,2,0.016799172,0,35-42
199941768,36,2,0.0002505687,0,35-42
199941804,36,2,0.0020982728,0,35-42
199941968,36,2,0.00028164042,0,35-42
199941994,36,2,0.0010817942,0,35-42
199942007,36,2,0.0027954013,0,35-42
199942851,36,2,0.00076060067,0,35-42
199942854,36,2,0.0013297974,0,35-42
199942855,36,2,0.15644969,0,35-42
199942857,36,2,0.034036625,0,35-42
199942869,36,2,0.017312437,0,35-42
199942873,36,2,0.00051914796,0,35-42
199942876,36,2,0.004309858,0,35-42
199943644,36,2,5.3993266e-05,0,35-42
199944363,36,2,0.0005918299,0,35-42
199944365,36,2,0.00013218938,0,35-42
199944366,36,2,0.0001173581,0,35-42
199944367,36,2,0.0004389493,0,35-42
199944374,36,2,0.00043509953,0,35-42
199944376,36,2,0.00020652366,0,35-42
199944394,36,2,5.9404738e-05,0,35-42
199944769,36,2,0.007924577,0,35-42
199945050,36,2,0.006365745,0,35-42
199945121,36,2,0.00026344974,0,35-42
199945130,36,2,0.0001359256,0,35-42
199945134,36,2,0.0004133636,0,35-42
199945135,36,2,0.00058885035,0,35-42
199945141,36,2,6.1912775e-05,0,35-42
199945951,36,2,4.8686627e-05,0,35-42
199946705,36,2,5.1946317e-05,0,35-42
199947498,36,2,0.00010013216,0,35-42
199948988,36,2,7.078695e-05,0,35-42
199949041,36,2,0.007509735,0,35-42
199950597,36,2,0.00026343064,0,35-42
199951045,36,2,0.058933448,0,35-42
199951054,36,2,0.00218765,0,35-42
199955006,36,2,0.00034476345,0,35-42
199956747,36,2,0.00015552997,0,35-42
199956760,36,2,0.0011005087,0,35-42
199958894,36,2,0.00018449636,0,35-42
199959457,36,2,0.00011520615,0,35-42
199963475,36,2,0.0009946314,0,35-42
199966802,36,2,0.002886811,0,35-42
199967131,36,2,0.03912653,0,35-42
199979709,36,2,0.22180282,0,35-42
199979754,36,2,0.63001895,0,35-42
199981276,36,2,0.00027517573,0,35-42
199987555,36,2,0.00031669406,0,35-42
199987644,36,2,0.0009789715,0,35-42
199988638,36,2,0.00294247,0,35-42
199988989,36,2,0.0009464731,0,35-42
199989335,36,2,0.00043721707,0,35-42
199991289,36,2,0.0045993878,0,35-42
199991671,36,2,0.000100388286,0,35-42
199992494,36,2,0.00052985107,0,35-42
199994110,36,2,0.009434597,0,35-42
199994120,36,2,0.00041615914,0,35-42
199996026,36,2,0.00017364262,0,35-42
199997388,36,2,0.00027360427,0,35-42
200001458,36,2,0.0060560983,0,35-42
200002294,36,2,0.000100618,0,35-42
200005376,36,2,0.0009523646,0,35-42
200006157,36,2,0.00071004685,0,35-42
200016689,36,2,0.0028287852,0,35-42
200017681,36,2,9.586737e-05,0,35-42
200019324,36,2,0.0019950105,0,35-42
200020510,36,2,0.012594772,0,35-42
200022074,36,2,0.000118701006,0,35-42
200022532,36,2,0.00057687314,0,35-42
200023141,36,2,0.0002591427,0,35-42
200023153,36,2,0.00028020696,0,35-42
200023179,36,2,5.9240796e-05,0,35-42
200024397,36,2,0.0002089514,0,35-42
200024875,36,2,0.00018570834,0,35-42
200025279,36,2,0.00013959853,0,35-42
200032559,36,2,0.0005548513,0,35-42
200032635,36,2,0.00015145281,0,35-42
200032976,36,2,0.0041887527,0,35-42
200032985,36,2,0.00029697607,0,35-42
200032992,36,2,0.0061332104,0,35-42
200032993,36,2,0.00056722976,0,35-42
200033067,36,2,0.33818546,0,35-42
200040099,36,2,0.05827333,0,35-42
200041934,36,2,0.008778544,0,35-42
200046204,36,2,0.0033016405,0,35-42
200047753,36,2,0.025604563,0,35-42
200048339,36,2,9.492531e-05,0,35-42
200048385,36,2,0.003679152,0,35-42
200048388,36,2,0.030389061,0,35-42
200048398,36,2,0.00045253342,0,35-42
200048413,36,2,0.004712155,0,35-42
200048728,36,2,0.0016385114,0,35-42
200049093,36,2,0.011096836,0,35-42
200049384,36,2,0.13005204,0,35-42
200050566,36,2,0.037157174,0,35-42
200051516,36,2,0.01188292,0,35-42
200051543,36,2,0.06271683,0,35-42
200051546,36,2,0.0040919133,0,35-42
200052146,36,2,0.002736657,0,35-42
200052174,36,2,0.6414001,0,35-42
200052323,36,2,0.08159994,0,35-42
200052760,36,2,0.0024772615,0,35-42
200052775,36,2,0.029414104,0,35-42
200052857,36,2,0.16744989,0,35-42
200054513,36,2,0.17301975,0,35-42
200055834,36,2,0.06589746,0,35-42
200055840,36,2,0.006198175,0,35-42
200057362,36,2,0.035553943,0,35-42
200057744,36,2,0.023508718,0,35-42
200059005,36,2,5.8785972e-05,0,35-42
200059007,36,2,0.00024357028,0,35-42
200059513,36,2,0.006794879,0,35-42
200061043,36,2,9.0556474e-05,0,35-42
200061851,36,2,0.0003367349,0,35-42
200062477,36,2,0.0025377125,0,35-42
200062510,36,2,0.0009988111,0,35-42
200062534,36,2,0.0006509285,0,35-42
200064568,36,2,0.00034388324,0,35-42
200067272,36,2,0.00058528915,0,35-42
200072369,36,2,0.0022162474,0,35-42
200072389,36,2,0.0008146655,0,35-42
200126121,36,2,0.43036675,0,35-42
200438684,36,2,0.00010530739,0,35-42
200439780,36,2,0.0152695,0,35-42
200445863,36,2,0.0006487679,0,35-42
200446402,36,2,0.03233676,0,35-42
200453211,36,2,0.0016199449,0,35-42
200453737,36,2,0.00016265977,0,35-42
200454702,36,2,0.0006025559,0,35-42
200456497,36,2,0.00012841298,0,35-42
200456866,36,2,0.004525898,0,35-42
200457195,36,2,0.0033119516,0,35-42
200457256,36,2,0.0001757962,0,35-42
200458469,36,2,5.5701683e-05,0,35-42
200458940,36,2,0.002079672,0,35-42
200459281,36,2,0.0004386366,0,35-42
200459299,36,2,6.6207154e-05,0,35-42
200459331,36,2,0.0037112653,0,35-42
200464814,36,2,0.0018806376,0,35-42
200465307,36,2,0.0004747418,0,35-42
200465331,36,2,0.006425545,0,35-42
200469204,36,2,0.000120440665,0,35-42
200469605,36,2,0.00031560956,0,35-42
200469620,36,2,0.0029659336,0,35-42
200470103,36,2,0.0002479694,0,35-42
200470127,36,2,0.0063605807,0,35-42
200470656,36,2,0.11485751,0,35-42
200470900,36,2,0.00028785516,0,35-42
200472743,36,2,0.004282308,0,35-42
200476030,36,2,0.023822516,0,35-42
200484358,36,2,0.00037874928,0,35-42
200484774,36,2,0.0010062831,0,35-42
200484816,36,2,0.00022190691,0,35-42
200489567,36,2,0.08069022,0,35-42
200498737,36,2,0.7595725,1,35-42
200499666,36,2,0.062104378,0,35-42
200501540,36,2,0.17230953,0,35-42
200501946,36,2,0.12300381,0,35-42
200505748,36,2,0.0005530092,0,35-42
200505755,36,2,0.027331926,0,35-42
200505759,36,2,0.020983437,0,35-42
200505768,36,2,0.0005260434,0,35-42
200505773,36,2,0.004903118,0,35-42
200505775,36,2,0.0009698702,0,35-42
200507394,36,2,0.4383919,0,35-42
200507615,36,2,0.18809749,0,35-42
200508991,36,2,0.0030849562,0,35-42
200508995,36,2,0.00023329728,0,35-42
200509432,36,2,0.00044751845,0,35-42
200509865,36,2,0.71541065,1,35-42
200509897,36,2,0.014005068,0,35-42
200517143,36,2,0.034014978,0,35-42
200518105,36,2,8.294964e-05,0,35-42
200520046,36,2,0.0008764572,0,35-42
200521999,36,2,6.0272883e-05,0,35-42
200523049,36,2,8.7304965e-05,0,35-42
200524878,36,2,5.1193172e-05,0,35-42
200526957,36,2,0.0010484962,0,35-42
200528352,36,2,0.018155895,0,35-42
200528363,36,2,0.00062524603,0,35-42
200529140,36,2,0.0004538586,0,35-42
200529143,36,2,0.00010576185,0,35-42
200529472,36,2,0.054703064,0,35-42
200529476,36,2,0.27682215,0,35-42
200530201,36,2,0.0007088005,0,35-42
200532514,36,2,0.0015635683,0,35-42
200543666,36,2,0.001370717,0,35-42
200543668,36,2,5.307579e-05,0,35-42
200544004,36,2,0.00010204177,0,35-42
200544012,36,2,0.00035668164,0,35-42
200544019,36,2,4.3769916e-05,0,35-42
200544024,36,2,4.5064186e-05,0,35-42
200544034,36,2,6.010196e-05,0,35-42
200544377,36,2,4.60165e-05,0,35-42
200544793,36,2,0.00012509883,0,35-42
200544799,36,2,7.669682e-05,0,35-42
200544803,36,2,7.0860835e-05,0,35-42
200545112,36,2,7.024396e-05,0,35-42
200545151,36,2,7.045984e-05,0,35-42
200545451,36,2,0.00012327838,0,35-42
200545458,36,2,6.2063635e-05,0,35-42
200565506,36,2,0.07198016,0,35-42
200565606,36,2,0.005805261,0,35-42
200565611,36,2,0.00045196418,0,35-42
200565615,36,2,0.00013669376,0,35-42
200565617,36,2,0.00052340614,0,35-42
200565624,36,2,0.0007777973,0,35-42
200565627,36,2,0.0004977064,0,35-42
200568200,36,2,0.0021186017,0,35-42
200569926,36,2,0.002810383,0,35-42
200569927,36,2,0.000117641786,0,35-42
200575744,36,2,0.0031861935,0,35-42
200576139,36,2,0.02354146,0,35-42
200583082,36,2,0.000610006,0,35-42
200583424,36,2,5.223996e-05,0,35-42
200593594,36,2,0.0010499506,0,35-42
200594293,36,2,0.002235834,0,35-42
200595876,36,2,0.00048948394,0,35-42
200595877,36,2,0.0002934022,0,35-42
200595880,36,2,0.0011296953,0,35-42
200595885,36,2,0.00015814326,0,35-42
200596723,36,2,0.0033348317,0,35-42
200596727,36,2,0.0045591793,0,35-42
200596729,36,2,7.776558e-05,0,35-42
200597835,36,1,0.99969137,1,35-42
200601473,36,2,0.00016812708,0,35-42
200606547,36,2,0.00011665541,0,35-42
200607300,36,2,0.00017581396,0,35-42
200608590,36,2,4.6265992e-05,0,35-42
200613731,36,2,3.078364e-05,0,35-42
200613889,36,2,0.0003168242,0,35-42
200616032,36,2,0.00050910603,0,35-42
200616109,36,2,0.0006241011,0,35-42
200616710,36,2,0.0007254408,0,35-42
200617038,36,2,0.0009429115,0,35-42
200617459,36,2,0.00051456725,0,35-42
200617679,36,2,0.00021666466,0,35-42
200617681,36,2,9.904519e-05,0,35-42
200618246,36,2,0.00061568076,0,35-42
200618249,36,2,0.00062711124,0,35-42
200618680,36,2,0.085219465,0,35-42
200618684,36,2,0.00026807972,0,35-42
200619436,36,2,0.0050052973,0,35-42
200620170,36,2,0.00066492974,0,35-42
200620180,36,2,0.0012760935,0,35-42
200620183,36,2,0.0007909811,0,35-42
200620368,36,2,0.00048633997,0,35-42
200620377,36,2,0.0003178986,0,35-42
200620419,36,2,0.001120007,0,35-42
200620429,36,2,0.0012155893,0,35-42
200620433,36,2,0.000286392,0,35-42
200620490,36,2,0.00092602347,0,35-42
200620692,36,2,0.0002841146,0,35-42
200620701,36,2,0.0018443915,0,35-42
200620737,36,2,0.00021003123,0,35-42
200620846,36,2,0.0053307386,0,35-42
200621070,36,2,0.00025145157,0,35-42
200621299,36,2,0.0005332063,0,35-42
200621417,36,2,6.9792986e-05,0,35-42
200621439,36,2,0.0006712155,0,35-42
200621643,36,2,0.0014599103,0,35-42
200621644,36,2,0.00081254274,0,35-42
200621661,36,2,0.00046782766,0,35-42
200621664,36,2,0.018025525,0,35-42
200621673,36,2,0.0011351662,0,35-42
200621676,36,2,0.0026704397,0,35-42
200621681,36,2,0.00050209067,0,35-42
200621686,36,2,0.0027821087,0,35-42
200621700,36,2,0.0007704327,0,35-42
200621998,36,2,0.00024247132,0,35-42
200622100,36,2,0.00065679336,0,35-42
200622108,36,2,0.001606183,0,35-42
200622727,36,2,0.00041243152,0,35-42
200622734,36,2,0.0006008215,0,35-42
200622929,36,2,0.0011889974,0,35-42
200622946,36,2,0.00066690217,0,35-42
200622949,36,2,0.0012762825,0,35-42
200623366,36,2,0.00016398363,0,35-42
200623373,36,2,0.00033698863,0,35-42
200623452,36,2,0.00027143527,0,35-42
200623470,36,2,0.00037386705,0,35-42
200624336,36,2,0.00041004663,0,35-42
200624339,36,2,0.00034025154,0,35-42
200624424,36,2,0.0015618237,0,35-42
200624439,36,2,0.0025288837,0,35-42
200624455,36,2,0.0009933066,0,35-42
200624474,36,2,0.00020647305,0,35-42
200624658,36,2,0.000303217,0,35-42
200624969,36,2,0.00034942012,0,35-42
200624971,36,2,0.0009905201,0,35-42
200625109,36,2,0.0026289944,0,35-42
200625122,36,2,0.007919492,0,35-42
200625132,36,2,0.00022194395,0,35-42
200625166,36,2,0.0019508703,0,35-42
200625438,36,2,0.0011759783,0,35-42
200625442,36,2,0.0005431468,0,35-42
200625825,36,2,0.00039679906,0,35-42
200625841,36,2,0.00034547003,0,35-42
200625847,36,2,0.00019470544,0,35-42
200625854,36,2,0.000935254,0,35-42
200625918,36,2,0.00040082523,0,35-42
200626321,36,2,0.046325598,0,35-42
200627453,36,2,0.0028853745,0,35-42
200627914,36,2,0.00016925349,0,35-42
200628383,36,2,0.0042610015,0,35-42
200628393,36,2,0.00017610202,0,35-42
200628433,36,2,0.0011406738,0,35-42
200628441,36,2,7.74083e-05,0,35-42
200628452,36,2,0.0001635216,0,35-42
200628921,36,2,6.553141e-05,0,35-42
200629155,36,2,0.00032272312,0,35-42
200629160,36,2,0.00036787527,0,35-42
200629170,36,2,0.00073687884,0,35-42
200629269,36,2,0.00018920851,0,35-42
200629302,36,2,0.00019357553,0,35-42
200629304,36,2,0.00019115079,0,35-42
200629536,36,2,0.005103485,0,35-42
200629551,36,2,0.0006976055,0,35-42
200631491,36,2,0.00025536894,0,35-42
200631494,36,2,6.5247565e-05,0,35-42
200631523,36,2,5.251683e-05,0,35-42
200631542,36,2,0.00035604718,0,35-42
200631547,36,2,0.0013954352,0,35-42
200631553,36,2,0.0028303326,0,35-42
200632121,36,2,0.005162106,0,35-42
200632283,36,2,0.006554629,0,35-42
200632286,36,2,0.0068138377,0,35-42
200632302,36,2,0.0023159205,0,35-42
200632861,36,2,0.008780084,0,35-42
200633621,36,2,0.00042137541,0,35-42
200633975,36,2,0.00061490166,0,35-42
200633982,36,2,0.40999615,0,35-42
200633985,36,2,0.0003288481,0,35-42
200634059,36,2,0.0054208757,0,35-42
200634410,36,2,0.000330909,0,35-42
200634414,36,2,0.000932449,0,35-42
200634664,36,2,0.2788559,0,35-42
200634668,36,2,0.00040093143,0,35-42
200634679,36,2,0.0010297907,0,35-42
200634784,36,2,0.00010274438,0,35-42
200634789,36,2,0.0017434651,0,35-42
200634801,36,2,0.0005082096,0,35-42
200635458,36,2,3.5398454e-05,0,35-42
200635469,36,2,0.0007622198,0,35-42
200635499,36,2,0.0008859002,0,35-42
200635506,36,2,0.004495524,0,35-42
200635514,36,2,0.0010906253,0,35-42
200635548,36,2,0.0007659343,0,35-42
200635908,36,2,0.00033296246,0,35-42
200635931,36,2,0.00039334325,0,35-42
200635935,36,2,0.0008826904,0,35-42
200636236,36,2,0.0012482414,0,35-42
200636252,36,2,0.00052044063,0,35-42
200636263,36,2,0.0002545694,0,35-42
200636269,36,2,0.0015161978,0,35-42
200636740,36,2,0.0005812235,0,35-42
200636760,36,2,0.000111434085,0,35-42
200636763,36,2,0.000580979,0,35-42
200636776,36,2,0.0012382824,0,35-42
200636780,36,2,0.0012902692,0,35-42
200636788,36,2,0.001366796,0,35-42
200636790,36,2,0.0005384953,0,35-42
200636970,36,2,0.006887087,0,35-42
200637380,36,2,0.00051162206,0,35-42
200637385,36,2,0.0009003227,0,35-42
200637623,36,2,0.0012874024,0,35-42
200637635,36,2,0.0017498852,0,35-42
200637638,36,2,0.0012382919,0,35-42
200637644,36,2,0.00032371073,0,35-42
200637657,36,2,0.00031931317,0,35-42
200637782,36,2,0.026256582,0,35-42
200637797,36,2,0.0006593965,0,35-42
200637802,36,2,0.001263241,0,35-42
200637965,36,2,0.0019095289,0,35-42
200637978,36,2,0.029114101,0,35-42
200637988,36,2,0.0007901427,0,35-42
200638417,36,2,0.00011522088,0,35-42
200638608,36,2,0.0002193038,0,35-42
200638622,36,2,0.005668287,0,35-42
200638626,36,2,0.00033908675,0,35-42
200638629,36,2,0.00046125773,0,35-42
200638732,36,2,0.003201966,0,35-42
200638745,36,2,0.04808206,0,35-42
200638898,36,2,0.00060330756,0,35-42
200639284,36,2,0.00036387338,0,35-42
200639293,36,2,0.0006391774,0,35-42
200639301,36,2,0.0023824004,0,35-42
200639306,36,2,0.00039339968,0,35-42
200639310,36,2,0.00026543977,0,35-42
200641856,36,2,0.0019358728,0,35-42
200642268,36,2,0.04669866,0,35-42
200643820,36,2,9.439625e-05,0,35-42
200645694,36,2,4.016679e-05,0,35-42
200647127,36,2,0.00081423286,0,35-42
200647128,36,2,0.0016294515,0,35-42
200649629,36,2,0.00073192554,0,35-42
200649631,36,2,0.0002055822,0,35-42
200649636,36,2,5.960624e-05,0,35-42
200650489,36,2,0.0038394423,0,35-42
200650649,36,2,0.00039206367,0,35-42
200650652,36,2,0.00038968632,0,35-42
200650970,36,2,6.288884e-05,0,35-42
200651616,36,2,5.439093e-05,0,35-42
200653397,36,2,0.0002690394,0,35-42
200653992,36,2,9.8097815e-05,0,35-42
200654768,36,2,0.3744707,0,35-42
200654769,36,2,0.00011322445,0,35-42
200656543,36,2,0.00040761236,0,35-42
200656551,36,2,0.035324175,0,35-42
200656553,36,2,0.0019298007,0,35-42
200657269,36,2,0.00040104784,0,35-42
200657605,36,2,0.020670729,0,35-42
200657607,36,2,0.011983717,0,35-42
200657616,36,2,0.014373396,0,35-42
200657617,36,2,0.0048594554,0,35-42
200657619,36,2,0.0017167405,0,35-42
200657624,36,2,0.019934895,0,35-42
200657635,36,2,0.2736404,0,35-42
200657637,36,2,0.010838859,0,35-42
200657649,36,2,0.00043085168,0,35-42
200659646,36,2,0.16617922,0,35-42
200659991,36,2,0.151661,0,35-42
200660001,36,2,0.00018671274,0,35-42
200661541,36,2,0.01557705,0,35-42
200666341,36,2,0.0003335693,0,35-42
200666346,36,2,0.24838884,0,35-42
200668469,36,2,0.23571314,0,35-42
200668488,36,2,0.00012181188,0,35-42
200670032,36,2,0.14321417,0,35-42
200671734,36,2,0.33414182,0,35-42
200672478,36,2,0.0077001457,0,35-42
200675377,36,2,5.3677435e-05,0,35-42
200675390,36,2,0.37737134,0,35-42
200679030,36,2,0.0004947386,0,35-42
200680523,36,2,0.0014092033,0,35-42
200680529,36,2,0.11262136,0,35-42
200681750,36,2,3.4697132e-05,0,35-42
200683436,36,2,0.00015112794,0,35-42
200695257,36,2,0.0007002665,0,35-42
200699531,36,2,0.00019036286,0,35-42
200699903,36,2,0.00644967,0,35-42
200699911,36,2,0.00026701807,0,35-42
200701406,36,2,0.17386928,0,35-42
200701533,36,2,0.0016562459,0,35-42
200701769,36,2,0.00083487784,0,35-42
200701898,36,2,0.6460744,0,35-42
200702141,36,2,0.07136793,0,35-42
200702144,36,2,0.43214965,0,35-42
200703151,36,2,0.0002265905,0,35-42
200711159,36,2,0.00025054291,0,35-42
200711944,36,2,0.66948617,0,35-42
200714931,36,2,0.0004437839,0,35-42
200715960,36,2,0.00021907788,0,35-42
200718750,36,1,0.9800892,1,35-42
200725884,36,2,0.00011254704,0,35-42
200725891,36,2,0.00017861857,0,35-42
200726247,36,2,4.5107354e-05,0,35-42
200726256,36,2,8.892459e-05,0,35-42
200726261,36,2,8.0455815e-05,0,35-42
200726278,36,2,0.00025490555,0,35-42
200726279,36,2,0.0002567762,0,35-42
200726566,36,2,0.0001433692,0,35-42
200726571,36,2,0.00014158,0,35-42
200726913,36,2,0.0001295625,0,35-42
200729972,36,2,7.462053e-05,0,35-42
200732641,36,1,0.9996419,1,35-42
200738248,36,2,0.002945923,0,35-42
200738264,36,1,0.9996014,1,35-42
200739618,36,2,0.00016559372,0,35-42
200739622,36,2,0.0002222917,0,35-42
200739625,36,2,6.9141744e-05,0,35-42
200739627,36,2,7.253636e-05,0,35-42
200742133,36,2,0.0002879383,0,35-42
200748600,36,2,0.00052680034,0,35-42
200748602,36,2,0.000339811,0,35-42
200749138,36,2,5.7065838e-05,0,35-42
200757149,36,2,0.036569376,0,35-42
200757155,36,2,0.0133329,0,35-42
200758287,36,2,0.00017752021,0,35-42
200758291,36,2,0.00016516668,0,35-42
200758995,36,2,0.0006262148,0,35-42
200759035,36,2,0.0004558542,0,35-42
200759308,36,2,0.00054593605,0,35-42
200759315,36,2,0.0007209318,0,35-42
200759319,36,2,0.0003233141,0,35-42
200762536,36,2,0.00025946283,0,35-42
200774461,36,2,0.0012408155,0,35-42
200774465,36,2,0.001480565,0,35-42
200774471,36,2,0.0011538195,0,35-42
200774495,36,2,0.002141454,0,35-42
200774934,36,2,0.0015550873,0,35-42
200949987,36,2,0.00871985,0,35-42
200949999,36,2,0.062335633,0,35-42
200950000,36,2,0.053766664,0,35-42
200950004,36,2,0.48589715,0,35-42
200960497,36,2,0.0012587407,0,35-42
200960522,36,2,0.00021248439,0,35-42
200961472,36,2,0.00070097565,0,35-42
200961978,36,2,0.00026890272,0,35-42
200962780,36,2,0.00017903205,0,35-42
200963552,36,2,0.0012079391,0,35-42
200963581,36,2,0.00018177115,0,35-42
200963849,36,2,0.0007567374,0,35-42
200963850,36,2,4.8881273e-05,0,35-42
200964038,36,2,1.7837074e-05,0,35-42
200964045,36,2,0.0005477687,0,35-42
200964059,36,2,0.00020692675,0,35-42
200967006,36,2,0.00132095,0,35-42
200967011,36,2,0.00022512209,0,35-42
200967215,36,2,0.00011739168,0,35-42
200967961,36,2,7.631199e-05,0,35-42
200967969,36,2,0.00057703204,0,35-42
200968142,36,2,0.00048359222,0,35-42
200968748,36,2,0.0001098333,0,35-42
200969391,36,2,0.0006429116,0,35-42
200969594,36,2,0.0067006093,0,35-42
200969707,36,2,0.0007995074,0,35-42
200970411,36,2,6.528328e-05,0,35-42
200970416,36,2,0.0001586651,0,35-42
200970594,36,2,0.04133356,0,35-42
200970629,36,2,0.00013536839,0,35-42
200970830,36,2,0.0075235236,0,35-42
200970835,36,2,0.0014213631,0,35-42
200971020,36,2,0.00011528045,0,35-42
200971455,36,2,0.0062030056,0,35-42
200972495,36,2,3.0824973e-05,0,35-42
200972506,36,2,0.00023051244,0,35-42
200972983,36,2,0.010417138,0,35-42
200973003,36,2,7.501057e-05,0,35-42
200973023,36,2,0.021121796,0,35-42
200973054,36,2,0.015541415,0,35-42
200973062,36,2,0.011716519,0,35-42
200973068,36,2,0.0012354684,0,35-42
200973088,36,2,0.0047036977,0,35-42
200973495,36,2,0.003583429,0,35-42
200973551,36,2,0.00038255128,0,35-42
200973560,36,2,0.010488735,0,35-42
200973871,36,2,0.0038919656,0,35-42
200974374,36,2,0.00012753534,0,35-42
200974754,36,2,0.00018354396,0,35-42
200974757,36,2,0.00013097271,0,35-42
200974803,36,2,0.012355456,0,35-42
200975838,36,2,0.0002873443,0,35-42
200976642,36,2,0.00046214453,0,35-42
200976649,36,2,0.00042876395,0,35-42
200976652,36,2,0.006917075,0,35-42
200976659,36,2,0.00029676774,0,35-42
200976671,36,2,0.00062963134,0,35-42
200976706,36,2,0.000799504,0,35-42
200976710,36,2,0.00042398737,0,35-42
200976730,36,2,0.0022951455,0,35-42
200977021,36,2,0.0012203843,0,35-42
200977055,36,2,0.000496566,0,35-42
200977063,36,2,0.0008051574,0,35-42
200977184,36,2,0.0003877198,0,35-42
200977588,36,2,0.005865811,0,35-42
200978069,36,2,0.005237142,0,35-42
200978413,36,2,0.0059697097,0,35-42
200978441,36,2,0.00015826258,0,35-42
200978447,36,2,0.00023203107,0,35-42
200979248,36,2,0.0045994334,0,35-42
200979648,36,2,6.551891e-05,0,35-42
200981209,36,2,0.0024583146,0,35-42
200981699,36,2,0.106863566,0,35-42
200983773,36,2,0.0007620448,0,35-42
200983939,36,2,0.000449876,0,35-42
200984150,36,2,0.00018645833,0,35-42
200984494,36,2,8.321703e-05,0,35-42
200984871,36,2,6.5863955e-05,0,35-42
200984879,36,2,0.19366868,0,35-42
200984882,36,2,0.0012999703,0,35-42
200985088,36,2,6.246037e-05,0,35-42
200986283,36,2,0.0005729937,0,35-42
200987157,36,2,0.0025136133,0,35-42
200987571,36,2,0.00024429825,0,35-42
200990304,36,2,0.00030295405,0,35-42
200992452,36,2,0.09436945,0,35-42
200992457,36,2,0.008583668,0,35-42
200992461,36,2,0.0008832945,0,35-42
200992466,36,2,0.0004782289,0,35-42
200992468,36,2,0.00012891392,0,35-42
200993368,36,2,0.00018990855,0,35-42
200993389,36,2,8.2981365e-05,0,35-42
200993394,36,2,0.000296699,0,35-42
200993832,36,2,0.0020243032,0,35-42
200996856,36,2,0.00030531487,0,35-42
200997190,36,2,0.0005853575,0,35-42
200997195,36,2,0.0031753443,0,35-42
200997199,36,2,0.0007922696,0,35-42
201000131,36,2,0.29198894,0,35-42
201000132,36,2,0.7172623,1,35-42
201000368,36,2,0.0018415318,0,35-42
201002436,36,2,0.00015876634,0,35-42
201002440,36,2,0.0001285589,0,35-42
201002441,36,2,0.0001590861,0,35-42
201002448,36,2,0.0001978653,0,35-42
201002450,36,2,0.00010846868,0,35-42
201002456,36,2,0.00048986555,0,35-42
201002459,36,2,0.0002981119,0,35-42
201002561,36,2,0.00022372653,0,35-42
201002580,36,2,0.0001441052,0,35-42
201002586,36,2,0.00013762615,0,35-42
201002590,36,2,0.00010357057,0,35-42
201002594,36,2,0.00026002573,0,35-42
201002597,36,2,0.00024617204,0,35-42
201002601,36,2,0.00022745179,0,35-42
201002621,36,2,5.8539936e-05,0,35-42
201002875,36,2,0.0001535766,0,35-42
201002880,36,2,0.00027793,0,35-42
201002883,36,2,0.00018751364,0,35-42
201003675,36,2,0.002387701,0,35-42
201003677,36,2,0.027965901,0,35-42
201003678,36,2,0.088620074,0,35-42
201003681,36,2,0.0559655,0,35-42
201003685,36,2,0.0077097267,0,35-42
201003687,36,2,0.014519647,0,35-42
201003689,36,2,0.014209696,0,35-42
201003706,36,2,0.00017759351,0,35-42
201003711,36,2,0.012523131,0,35-42
201003719,36,2,0.0042374344,0,35-42
201003724,36,2,0.10190368,0,35-42
201003735,36,2,0.020749561,0,35-42
201003738,36,2,0.043861423,0,35-42
201003740,36,2,0.02170764,0,35-42
201003741,36,2,0.15776813,0,35-42
201003748,36,2,0.18901299,0,35-42
201003749,36,2,0.053776342,0,35-42
201003752,36,2,0.0010206632,0,35-42
201003757,36,2,0.0399626,0,35-42
201003762,36,2,0.024307573,0,35-42
201003765,36,2,0.0035916518,0,35-42
201003773,36,2,0.027873337,0,35-42
201004044,36,2,0.014117674,0,35-42
201004046,36,2,0.011225327,0,35-42
201004048,36,2,0.122248955,0,35-42
201006709,36,2,0.00012587,0,35-42
201006731,36,2,0.004578595,0,35-42
201006734,36,2,0.00023001077,0,35-42
201007085,36,2,0.000800595,0,35-42
201007087,36,2,0.00079612207,0,35-42
201007133,36,2,0.0012316069,0,35-42
201007520,36,2,0.0026172975,0,35-42
201007910,36,2,0.0026268337,0,35-42
201007915,36,2,0.0020645591,0,35-42
201007941,36,2,0.0006901773,0,35-42
201008293,36,2,0.0011667468,0,35-42
201008307,36,2,0.0021074514,0,35-42
201008310,36,2,0.0018597726,0,35-42
201008314,36,2,0.0033725854,0,35-42
201008318,36,2,0.0007239373,0,35-42
201008323,36,2,0.002373945,0,35-42
201008326,36,2,0.000553807,0,35-42
201008328,36,2,0.0018016085,0,35-42
201008331,36,2,0.0011394646,0,35-42
201008614,36,2,0.003180823,0,35-42
201008617,36,2,0.0010516014,0,35-42
201008700,36,2,0.0015778437,0,35-42
201008705,36,2,0.003027255,0,35-42
201013284,36,2,0.0005286134,0,35-42
201054667,36,2,0.0008489588,0,35-42
201055674,36,2,0.0005469087,0,35-42
201064312,36,2,0.00032679638,0,35-42
201065557,36,2,0.00018909851,0,35-42
201389001,36,2,0.0018733516,0,35-42
201419733,36,2,0.0043943077,0,35-42
201419737,36,2,0.00019656707,0,35-42
201420445,36,2,0.010288821,0,35-42
201420450,36,2,0.029140975,0,35-42
201432010,36,2,0.0001373955,0,35-42
201432023,36,2,0.00020933767,0,35-42
201433814,36,2,0.40101498,0,35-42
201433815,36,2,0.5061559,0,35-42
201433819,36,2,0.039367028,0,35-42
201434285,36,2,0.056148402,0,35-42
201436329,36,2,0.00011800502,0,35-42
201449662,36,2,0.002113725,0,35-42
201449665,36,2,0.00011737847,0,35-42
201449673,36,2,0.001612246,0,35-42
201452245,36,2,0.00012443248,0,35-42
201456338,36,2,0.023162767,0,35-42
201456554,36,2,0.4762105,0,35-42
201468723,36,2,0.024923084,0,35-42
201494647,36,2,0.056933936,0,35-42
201525671,36,2,0.0008402278,0,35-42
201749887,36,2,0.0457476,0,35-42
201857236,36,2,0.0054579987,0,35-42
201862388,36,2,0.0004140636,0,35-42
201880384,36,2,0.0004962154,0,35-42
201942372,36,2,3.83645e-05,0,35-42
201993522,36,2,0.0015773644,0,35-42
201995858,36,2,0.0006133693,0,35-42
202039596,36,2,0.0002503939,0,35-42
202051764,36,2,0.030376405,0,35-42
202064266,36,2,0.00017185972,0,35-42
202093295,36,2,0.029181372,0,35-42
202093981,36,2,0.00010945231,0,35-42
202510861,36,1,0.99989736,1,35-42
202510866,36,1,0.9998909,1,35-42
202546669,36,2,0.0020795304,0,35-42
202552696,36,2,0.001106682,0,35-42
202553626,36,2,0.0011637172,0,35-42
202570152,36,2,6.2560575e-05,0,35-42
202602092,36,2,0.0016561158,0,35-42
202631323,36,2,0.0019656462,0,35-42
202674571,36,2,0.0074501038,0,35-42
202721511,36,2,0.0008817355,0,35-42
202828590,36,1,0.9999224,1,35-42
202828595,36,1,0.9998765,1,35-42
202838791,36,2,0.1987313,0,35-42
202840409,36,2,0.29643354,0,35-42
202846602,36,2,0.0025687183,0,35-42
202878199,36,1,0.9997235,1,35-42
202914789,36,2,0.0047124387,0,35-42
202936901,36,2,0.0011754401,0,35-42
203157232,36,2,0.00053806,0,35-42
203169641,36,2,0.0012317812,0,35-42
203174429,36,2,0.0012975358,0,35-42
203177072,36,2,0.0012518329,0,35-42
203802251,36,2,0.0011298637,0,35-42
203802264,36,2,0.012292841,0,35-42
204001124,36,2,0.0038739573,0,35-42
204189178,36,2,0.03459394,0,35-42
204394667,36,2,0.00038020808,0,35-42
204798813,36,2,0.0005146828,0,35-42
204918142,36,2,0.0016616534,0,35-42
204964548,36,2,0.0008000745,0,35-42
205337465,36,2,0.0009992846,0,35-42
205337466,36,2,0.0006141549,0,35-42
205765035,36,2,0.00012121457,0,35-42
205765038,36,2,0.00012121457,0,35-42
205768407,36,2,0.006734813,0,35-42
206369782,36,2,0.0018354189,0,35-42
206369833,36,2,0.3052087,0,35-42
206376233,36,2,8.134538e-05,0,35-42
206378921,36,2,0.017251821,0,35-42
206462722,36,2,0.0002391837,0,35-42
206939495,36,2,0.0027628515,0,35-42
206939723,36,2,0.000106361804,0,35-42
207037694,36,2,5.691812e-05,0,35-42
207061251,36,2,0.0016143381,0,35-42
207070139,36,2,0.017860437,0,35-42
207362772,36,2,0.00011944381,0,35-42
207363644,36,2,0.03290269,0,35-42
207727189,36,2,0.0005735674,0,35-42
207926816,36,2,8.824963e-05,0,35-42
207926824,36,2,0.00020887611,0,35-42
207930774,36,2,0.004029723,0,35-42
207934076,36,2,0.00015209538,0,35-42
207939801,36,2,0.00012533166,0,35-42
207948568,36,2,0.0031816547,0,35-42
207948577,36,2,0.00028639773,0,35-42
207951676,36,2,9.0776244e-05,0,35-42
207956674,36,2,0.00029134506,0,35-42
207961196,36,2,7.188254e-05,0,35-42
207968518,36,2,0.002174361,0,35-42
207987493,36,2,0.0006785864,0,35-42
208002291,36,2,0.00092843134,0,35-42
208003277,36,2,0.00076373504,0,35-42
208005440,36,2,0.00088435644,0,35-42
208006193,36,2,0.0016703272,0,35-42
208006569,36,2,0.0015425832,0,35-42
208007181,36,2,0.00048984453,0,35-42
208009073,36,2,0.0006992452,0,35-42
208041590,36,2,0.0005026253,0,35-42
209129579,36,2,5.8130896e-05,0,35-42
209179808,36,2,0.001915705,0,35-42
210019069,36,2,0.0011177592,0,35-42
210056488,36,2,0.54651815,0,35-42
210610779,36,2,0.00012063043,0,35-42
211804130,36,2,0.00013339495,0,35-42
211945731,36,2,0.0006563106,0,35-42
212500432,36,2,0.0005217387,0,35-42
213127158,36,2,0.00019890528,0,35-42
213127175,36,2,0.000294596,0,35-42
213726951,36,2,0.047752727,0,35-42
214413398,36,2,0.0020081229,0,35-42
215052635,36,2,0.004254593,0,35-42
215052636,36,2,0.00076548994,0,35-42
215860446,36,2,0.14811897,0,35-42
216354897,36,2,0.000106254556,0,35-42
216518429,36,2,6.767132e-05,0,35-42
216521282,36,2,0.00015505185,0,35-42
216521291,36,2,0.0001529294,0,35-42
216521847,36,2,0.00031211018,0,35-42
216521848,36,2,0.00021528928,0,35-42
216523168,36,2,0.0022943814,0,35-42
216523194,36,2,0.00054320943,0,35-42
216523199,36,2,0.00022608187,0,35-42
216523765,36,2,0.00028292226,0,35-42
216524470,36,2,0.00015633705,0,35-42
216524840,36,2,0.0018793939,0,35-42
216525352,36,2,0.0016130912,0,35-42
216525647,36,2,0.0009745725,0,35-42
216526565,36,2,0.0021696256,0,35-42
216527230,36,2,0.08392859,0,35-42
216528012,36,2,0.0007134492,0,35-42
216542850,36,2,0.00058685907,0,35-42
216543839,36,2,0.0018562911,0,35-42
216549134,36,2,4.953995e-05,0,35-42
216554848,36,2,0.0023894294,0,35-42
216559772,36,2,0.0002359533,0,35-42
216559774,36,2,0.0005522352,0,35-42
216559776,36,2,0.0005447572,0,35-42
216559780,36,2,0.00019611607,0,35-42
216559781,36,2,0.000599585,0,35-42
216559783,36,2,0.00049826555,0,35-42
216559787,36,2,0.0002134013,0,35-42
216559788,36,2,0.00029226954,0,35-42
216559791,36,2,0.00016447408,0,35-42
216559792,36,2,0.0004928847,0,35-42
216559794,36,2,0.00033630405,0,35-42
216559803,36,2,0.0048232125,0,35-42
216559809,36,2,0.0015737445,0,35-42
216562926,36,2,0.00054606196,0,35-42
216562928,36,2,0.00061456446,0,35-42
216562929,36,2,0.0011927634,0,35-42
216563621,36,2,0.0015157055,0,35-42
216563632,36,2,0.006307215,0,35-42
216568516,36,2,0.0006791141,0,35-42
216568517,36,2,0.00031633498,0,35-42
216568518,36,2,0.00021519016,0,35-42
216572145,36,2,0.0016690762,0,35-42
216572650,36,2,0.00047349246,0,35-42
216573014,36,2,0.000934654,0,35-42
216574260,36,2,0.00032348646,0,35-42
216576290,36,2,0.0063885935,0,35-42
216577575,36,2,0.0020863474,0,35-42
216578762,36,2,0.0001039522,0,35-42
216581048,36,2,0.0017174049,0,35-42
216585659,36,2,0.0021787197,0,35-42
216593390,36,2,0.00032295426,0,35-42
216593392,36,2,4.4742686e-05,0,35-42
216593393,36,2,0.00019398183,0,35-42
216600670,36,2,0.00038214106,0,35-42
216635789,36,2,0.00025835176,0,35-42
216807497,36,2,0.0003187742,0,35-42
216811524,36,2,0.18922623,0,35-42
216811703,36,2,0.101770416,0,35-42
216812226,36,2,0.2507088,0,35-42
216812228,36,2,0.23284,0,35-42
216813441,36,2,0.09306495,0,35-42
216813442,36,2,0.14679359,0,35-42
217583370,36,2,0.00028488084,0,35-42
217586908,36,2,9.073021e-05,0,35-42
217604757,36,2,0.00014705128,0,35-42
217605178,36,2,8.0577745e-05,0,35-42
217605290,36,2,8.888127e-05,0,35-42
217605292,36,2,8.4149724e-05,0,35-42
217605300,36,2,7.2310795e-05,0,35-42
217610708,36,2,0.0008878772,0,35-42
217614129,36,1,0.99963546,1,35-42
217630336,36,2,0.001877713,0,35-42
217633500,36,1,0.9957172,1,35-42
217634767,36,2,0.0014979265,0,35-42
217654794,36,2,0.07635349,0,35-42
217655635,36,2,0.010425665,0,35-42
217658502,36,2,0.06662375,0,35-42
217661179,36,2,0.31491983,0,35-42
217663350,36,2,0.007077353,0,35-42
217678280,36,2,8.9658475e-05,0,35-42
217678717,36,2,0.0051002176,0,35-42
217701123,36,2,0.5214225,0,35-42
218217012,36,2,0.000115826086,0,35-42
219057662,36,2,0.0030989368,0,35-42
219348593,36,2,0.0008906861,0,35-42
219353245,36,2,0.00090418226,0,35-42
219371979,36,2,0.00015326675,0,35-42
219577010,36,2,0.00021456486,0,35-42
219600551,36,2,0.005577444,0,35-42
219605774,36,2,0.00010549333,0,35-42
219622938,36,2,0.00020697311,0,35-42
219623122,36,2,7.277109e-05,0,35-42
219623306,36,2,0.00021327031,0,35-42
219623378,36,2,0.00012164021,0,35-42
219628409,36,2,0.0016928754,0,35-42
219628416,36,2,0.0019376313,0,35-42
219635740,36,2,0.0022619502,0,35-42
658042,37,2,6.6132e-05,0,35-42
1360579,37,2,2.4330873e-05,0,35-42
2213779,37,2,0.00034050317,0,35-42
2594742,37,2,4.928305e-05,0,35-42
5613071,37,2,0.00043581479,0,35-42
5658535,37,2,7.523644e-05,0,35-42
5734936,37,2,7.023692e-05,0,35-42
6127258,37,2,7.6360106e-05,0,35-42
6201592,37,2,0.0012829566,0,35-42
6893365,37,2,0.0007955336,0,35-42
8395924,37,2,0.0012280061,0,35-42
8715514,37,2,7.448012e-05,0,35-42
8893820,37,2,0.00012092295,0,35-42
8894834,37,2,0.00013370007,0,35-42
9291658,37,2,0.00781773,0,35-42
11106276,37,2,0.00010396211,0,35-42
11109429,37,2,0.0002067116,0,35-42
11156016,37,2,2.7498638e-05,0,35-42
12885908,37,2,0.00039390608,0,35-42
12891978,37,2,0.00034234257,0,35-42
13088597,37,2,0.0008548537,0,35-42
13089146,37,2,0.0008076156,0,35-42
13735016,37,1,0.1811492,0,35-42
13739107,37,2,0.00010467505,0,35-42
14835628,37,2,5.860227e-05,0,35-42
16441435,37,2,0.0004928671,0,35-42
16441436,37,2,0.00015215557,0,35-42
19129652,37,2,0.00037077963,0,35-42
19333117,37,2,6.1060186e-05,0,35-42
20219855,37,2,0.00010457419,0,35-42
20219860,37,2,0.00022268605,0,35-42
20219881,37,2,3.9543258e-05,0,35-42
21420923,37,2,9.432894e-05,0,35-42
21498012,37,2,0.00011485154,0,35-42
22044483,37,2,0.00014962924,0,35-42
22063301,37,2,0.00013598356,0,35-42
22063303,37,2,9.481394e-05,0,35-42
22063305,37,2,0.0001438076,0,35-42
22075265,37,2,0.0008653677,0,35-42
22075591,37,2,0.00033121198,0,35-42
22075593,37,2,0.000116897165,0,35-42
22075800,37,2,0.00012253126,0,35-42
22111383,37,2,0.00011843813,0,35-42
23135269,37,2,0.00010841729,0,35-42
23332951,37,2,0.00013972518,0,35-42
24092310,37,2,0.00013396141,0,35-42
24118138,37,2,0.00016727606,0,35-42
24839921,37,2,0.0028092312,0,35-42
25101142,37,2,0.00027245498,0,35-42
26936052,37,2,0.06363538,0,35-42
27811117,37,2,0.0015123176,0,35-42
28807533,37,2,0.00010976472,0,35-42
28809387,37,2,0.002096643,0,35-42
28809392,37,2,0.0010924699,0,35-42
28811595,37,2,0.0012845125,0,35-42
28842051,37,2,9.6621676e-05,0,35-42
28845506,37,2,0.0012231073,0,35-42
28858062,37,2,0.00012112757,0,35-42
28858195,37,2,0.03368276,0,35-42
28862543,37,1,0.048360467,0,35-42
28863327,37,2,8.7555745e-05,0,35-42
28865573,37,2,5.5366407e-05,0,35-42
28866150,37,2,7.3981435e-05,0,35-42
28877539,37,1,0.10946378,0,35-42
28878820,37,1,0.08459123,0,35-42
28879339,37,1,0.039141018,0,35-42
28890210,37,2,0.043480877,0,35-42
28891484,37,2,0.30016842,0,35-42
28894475,37,2,0.12340436,0,35-42
28895712,37,2,0.0038054956,0,35-42
28898351,37,1,0.0029941425,0,35-42
28898970,37,1,0.16068234,0,35-42
28900174,37,1,0.15082653,0,35-42
28900605,37,1,0.08167595,0,35-42
28902002,37,2,0.0029026691,0,35-42
28902293,37,2,0.0031624115,0,35-42
28902538,37,2,0.012139723,0,35-42
28903935,37,1,0.009420782,0,35-42
28907492,37,1,0.030946558,0,35-42
28910148,37,2,0.004066517,0,35-42
28910727,37,2,0.0013056129,0,35-42
28910748,37,2,0.0040115067,0,35-42
28910883,37,2,0.3136306,0,35-42
28913542,37,2,5.0387902e-05,0,35-42
28916430,37,2,0.00010360613,0,35-42
28919343,37,2,0.0011032389,0,35-42
28953279,37,1,0.99965084,1,35-42
28961012,37,2,0.00034024392,0,35-42
28978090,37,2,5.6147474e-05,0,35-42
28991126,37,2,5.8359405e-05,0,35-42
28997148,37,1,0.99809426,1,35-42
28998355,37,2,0.00010606283,0,35-42
29000647,37,2,0.0023900808,0,35-42
29007692,37,2,0.07067938,0,35-42
29012168,37,2,0.0037931476,0,35-42
29012183,37,2,0.060352553,0,35-42
29018863,37,2,0.115839355,0,35-42
29034434,37,2,0.20486782,0,35-42
29035758,37,1,0.57053196,0,35-42
29038601,37,2,0.039917197,0,35-42
29039759,37,2,0.010563633,0,35-42
29065198,37,2,5.0215454e-05,0,35-42
29065203,37,2,3.508309e-05,0,35-42
29077889,37,2,0.000110875066,0,35-42
29079220,37,2,0.000142271,0,35-42
29131565,37,2,0.00030923833,0,35-42
29132309,37,2,0.00080995884,0,35-42
29132572,37,1,0.88065994,1,35-42
29132574,37,2,4.4530574e-05,0,35-42
29132576,37,2,8.954885e-05,0,35-42
29132578,37,2,0.00016953227,0,35-42
29132580,37,2,0.0004242263,0,35-42
29132730,37,2,0.00021820773,0,35-42
29133201,37,2,4.0888146e-05,0,35-42
29133205,37,1,0.9993998,1,35-42
29133218,37,1,0.9842807,1,35-42
29140182,37,2,5.2867006e-05,0,35-42
29147342,37,2,9.698039e-05,0,35-42
29147628,37,2,5.0374016e-05,0,35-42
29148599,37,2,0.0004050833,0,35-42
29153607,37,2,6.337975e-05,0,35-42
29154944,37,2,0.0006610665,0,35-42
29157617,37,2,0.00025264904,0,35-42
29157700,37,2,0.0029323157,0,35-42
29157703,37,2,0.008557011,0,35-42
29157706,37,2,0.00049461104,0,35-42
29158039,37,2,0.00059840013,0,35-42
29158041,37,2,0.067462035,0,35-42
29158820,37,2,0.037625365,0,35-42
29158821,37,2,0.3274795,0,35-42
29158822,37,2,0.059604082,0,35-42
29158824,37,2,0.00016146387,0,35-42
29158849,37,2,0.0029393462,0,35-42
29159333,37,2,0.010412037,0,35-42
29159669,37,2,0.0069896025,0,35-42
29159676,37,2,0.0010760926,0,35-42
29161611,37,1,0.99960154,1,35-42
29197257,37,2,0.004488419,0,35-42
29197703,37,2,0.00013782788,0,35-42
29197707,37,2,0.0003210889,0,35-42
29198297,37,2,0.0013879918,0,35-42
29198315,37,2,0.00080831157,0,35-42
29198322,37,2,0.0015297127,0,35-42
29198328,37,2,0.0009929461,0,35-42
29198339,37,2,0.0001033082,0,35-42
29198348,37,2,0.00020677272,0,35-42
29200748,37,2,5.0689316e-05,0,35-42
29200752,37,2,6.7413035e-05,0,35-42
29200754,37,2,0.00020968866,0,35-42
29200761,37,2,0.00038478588,0,35-42
29201120,37,2,0.00014412745,0,35-42
29201217,37,2,0.00025029818,0,35-42
29201671,37,2,0.00018445907,0,35-42
29201674,37,2,0.00074409024,0,35-42
29201677,37,2,9.022832e-05,0,35-42
29201784,37,2,0.00015425083,0,35-42
29202270,37,2,6.295448e-05,0,35-42
29202274,37,2,7.004262e-05,0,35-42
29202276,37,2,4.3490898e-05,0,35-42
29202282,37,2,4.928813e-05,0,35-42
29207064,37,2,0.00038219374,0,35-42
29207925,37,2,0.00070425525,0,35-42
29208718,37,2,0.00077426655,0,35-42
29211512,37,2,0.0013931685,0,35-42
29211516,37,2,0.000782319,0,35-42
29216827,37,2,0.0012109367,0,35-42
29217943,37,2,0.0024164636,0,35-42
29223839,37,2,0.00024969893,0,35-42
29224329,37,2,9.70383e-05,0,35-42
29225467,37,2,0.008103341,0,35-42
29226430,37,2,0.0010312108,0,35-42
29226839,37,2,0.0009839874,0,35-42
29230449,37,2,0.0001215332,0,35-42
29234681,37,2,0.00042315177,0,35-42
29235826,37,2,0.003635562,0,35-42
29239488,37,2,0.0006730731,0,35-42
29239643,37,2,0.0008475172,0,35-42
29239676,37,2,0.0007446833,0,35-42
29240276,37,2,0.0021687308,0,35-42
29250236,37,2,0.0036611508,0,35-42
29256869,37,2,0.0015926296,0,35-42
29258261,37,2,0.0017220646,0,35-42
29260338,37,2,0.0001337424,0,35-42
29262533,37,2,0.00077608257,0,35-42
29263104,37,2,0.00071607676,0,35-42
29265718,37,2,0.0044220905,0,35-42
29265730,37,2,0.019857591,0,35-42
29300677,37,1,0.9997334,1,35-42
29303151,37,2,0.00013072342,0,35-42
29427579,37,2,0.00030303004,0,35-42
29433668,37,2,0.08500932,0,35-42
29441006,37,2,0.002262612,0,35-42
29484596,37,2,6.361894e-05,0,35-42
29487690,37,2,0.51666,0,35-42
29489272,37,2,0.0011846726,0,35-42
29490461,37,2,7.8760335e-05,0,35-42
29491928,37,2,8.9504705e-05,0,35-42
29491994,37,2,0.00024047362,0,35-42
29496153,37,2,8.723273e-05,0,35-42
29498692,37,2,0.012843594,0,35-42
29499895,37,2,0.0048098187,0,35-42
29500517,37,2,0.00022554211,0,35-42
29501882,37,2,0.00023598975,0,35-42
29502018,37,2,0.00014186717,0,35-42
29507998,37,2,0.00012441646,0,35-42
29508038,37,2,0.00027596366,0,35-42
29509489,37,2,0.0033105435,0,35-42
29514101,37,2,0.00025355615,0,35-42
29520081,37,2,0.00016660306,0,35-42
29525354,37,2,0.019582938,0,35-42
29531000,37,2,0.0001804685,0,35-42
29531724,37,2,0.00011183679,0,35-42
29537395,37,2,0.14972696,0,35-42
29537769,37,2,0.40910864,0,35-42
29541260,37,2,0.0063380026,0,35-42
29568489,37,2,0.00023502937,0,35-42
29568513,37,2,3.9726157e-05,0,35-42
29569824,37,2,0.00022532759,0,35-42
29569841,37,2,0.00021369001,0,35-42
29571342,37,2,0.0005154403,0,35-42
29576079,37,2,0.0010881196,0,35-42
29576091,37,2,0.00083000906,0,35-42
29576108,37,2,0.0011060875,0,35-42
29576771,37,2,0.0004321931,0,35-42
29576784,37,2,0.0010747873,0,35-42
29577198,37,2,0.0014314456,0,35-42
29577804,37,2,0.002239049,0,35-42
29578030,37,2,0.0014821353,0,35-42
29578035,37,2,0.0017357606,0,35-42
29579038,37,2,0.0015995009,0,35-42
29579043,37,2,0.0017662721,0,35-42
29581775,37,1,0.9998141,1,35-42
29607229,37,2,0.00016973041,0,35-42
29611862,37,1,0.999421,1,35-42
29613853,37,2,0.016178703,0,35-42
29615095,37,1,0.78312474,1,35-42
29615279,37,2,6.5881795e-05,0,35-42
29617354,37,2,0.00013596838,0,35-42
29617384,37,2,0.0011004783,0,35-42
29621967,37,2,0.000109241795,0,35-42
29642182,37,2,0.00060970144,0,35-42
29650728,37,2,0.000703,0,35-42
29650831,37,2,0.00520983,0,35-42
29653130,37,2,0.0021043571,0,35-42
29653132,37,2,0.0337163,0,35-42
29654784,37,2,0.01169366,0,35-42
29702068,37,2,7.50095e-05,0,35-42
29703671,37,2,0.00046952625,0,35-42
29708059,37,2,0.00033877866,0,35-42
29732317,37,2,0.0010871761,0,35-42
29735405,37,2,8.039814e-05,0,35-42
29745091,37,2,0.0005205455,0,35-42
29752841,37,2,0.00095174374,0,35-42
29754622,37,2,0.00078399293,0,35-42
29803506,37,2,0.00070243474,0,35-42
29820678,37,2,0.0022262998,0,35-42
29848936,37,2,0.0003342821,0,35-42
29850436,37,2,0.0021476776,0,35-42
29850440,37,2,0.00058176025,0,35-42
29851848,37,2,0.0006379766,0,35-42
29851856,37,2,0.0013709944,0,35-42
29852791,37,2,0.0016019921,0,35-42
29854235,37,2,0.001459264,0,35-42
29866188,37,2,0.0014374425,0,35-42
29868010,37,2,0.003612783,0,35-42
29869285,37,2,0.022728426,0,35-42
29870304,37,2,0.0026977628,0,35-42
29870940,37,2,0.17461982,0,35-42
29962122,37,1,0.99223655,1,35-42
29965901,37,2,0.008187593,0,35-42
29986693,37,2,0.0009061124,0,35-42
29986772,37,2,9.142187e-05,0,35-42
29991566,37,2,0.00014805529,0,35-42
29994924,37,2,0.7758648,1,35-42
29996898,37,2,0.00010166608,0,35-42
29999304,37,2,6.7088855e-05,0,35-42
30002374,37,2,0.0006907758,0,35-42
30002389,37,2,0.0007456633,0,35-42
30002391,37,2,0.029944971,0,35-42
30002397,37,2,0.38258582,0,35-42
30002603,37,2,0.00055906846,0,35-42
30003202,37,2,4.7049605e-05,0,35-42
30003766,37,2,0.008890658,0,35-42
30060590,37,2,0.00060351234,0,35-42
30060601,37,2,0.13573363,0,35-42
30060606,37,2,0.00019175428,0,35-42
30061037,37,2,2.7716684e-05,0,35-42
30061066,37,1,0.970018,1,35-42
30061071,37,2,0.00036583914,0,35-42
30068694,37,2,8.07368e-05,0,35-42
30068696,37,2,0.0003059046,0,35-42
30072068,37,2,0.0013524089,0,35-42
30072090,37,2,6.1858074e-05,0,35-42
30072092,37,2,9.208666e-05,0,35-42
30072104,37,2,5.7777084e-05,0,35-42
30082772,37,2,0.00011753045,0,35-42
30083182,37,2,0.00010089732,0,35-42
30083187,37,2,0.00025068605,0,35-42
30083195,37,2,0.0009990066,0,35-42
30085664,37,2,0.00031822274,0,35-42
30088616,37,2,0.000112691596,0,35-42
30094922,37,2,0.00074810354,0,35-42
30095211,37,2,0.00014331998,0,35-42
30113950,37,2,0.0017059173,0,35-42
30113955,37,2,0.013945491,0,35-42
30115034,37,2,0.00706109,0,35-42
30115063,37,2,0.00016798702,0,35-42
30116076,37,2,0.00323465,0,35-42
30118068,37,2,0.00019821842,0,35-42
30120627,37,2,0.00042867914,0,35-42
30126876,37,2,0.009961805,0,35-42
30133493,37,2,0.0868179,0,35-42
30151745,37,2,0.0014210768,0,35-42
30152588,37,2,0.015707321,0,35-42
30152597,37,2,0.0067617754,0,35-42
30158167,37,2,0.00015371462,0,35-42
30164112,37,2,0.0018676441,0,35-42
30165215,37,2,0.0010893024,0,35-42
30166073,37,2,0.0007026892,0,35-42
30166084,37,2,0.0008803776,0,35-42
30166094,37,2,0.0017603632,0,35-42
30166097,37,2,0.00036875394,0,35-42
30166102,37,2,0.0007338704,0,35-42
30166109,37,2,0.00020957914,0,35-42
30166709,37,2,0.0022251562,0,35-42
30166717,37,2,0.00085357216,0,35-42
30166724,37,2,0.00048323604,0,35-42
30166728,37,2,0.00084988715,0,35-42
30166731,37,2,0.001359221,0,35-42
30166744,37,2,0.0008382941,0,35-42
30166755,37,2,0.00021211337,0,35-42
30167453,37,2,0.00047131724,0,35-42
30167458,37,2,0.0004747045,0,35-42
30167462,37,2,0.0004702922,0,35-42
30167470,37,2,0.0014290995,0,35-42
30167815,37,2,0.0023195746,0,35-42
30167824,37,2,0.0006411303,0,35-42
30167830,37,2,0.00028347794,0,35-42
30167841,37,2,0.00020601624,0,35-42
30171477,37,2,0.0006477451,0,35-42
30171560,37,2,0.0010263211,0,35-42
30172054,37,2,0.0013003004,0,35-42
30172062,37,2,0.002000958,0,35-42
30172094,37,2,0.0007099941,0,35-42
30172105,37,2,0.0009987896,0,35-42
30172114,37,2,0.00045640446,0,35-42
30173115,37,2,0.0034807438,0,35-42
30173122,37,2,0.0007972308,0,35-42
30173547,37,2,0.0010906388,0,35-42
30173550,37,2,0.00051498995,0,35-42
30179316,37,1,0.9979413,1,35-42
30179829,37,2,9.0657995e-05,0,35-42
30179874,37,2,0.006528484,0,35-42
30185168,37,2,7.496752e-05,0,35-42
30191354,37,2,0.0032522655,0,35-42
30204549,37,1,0.99989355,1,35-42
30204891,37,1,0.9922667,1,35-42
30217241,37,2,0.0007990162,0,35-42
30276715,37,2,0.00071883696,0,35-42
30299014,37,2,0.00028758522,0,35-42
30585806,37,1,0.9998919,1,35-42
30585811,37,1,0.9998233,1,35-42
30585812,37,1,0.9999337,1,35-42
30659979,37,2,0.0038539153,0,35-42
30699343,37,2,0.008233808,0,35-42
30712080,37,2,0.12823856,0,35-42
30839686,37,2,0.010291797,0,35-42
30840634,37,2,0.009405248,0,35-42
30846014,37,2,0.00016649632,0,35-42
30861039,37,2,0.024477948,0,35-42
30900997,37,2,0.00084281457,0,35-42
30921441,37,2,0.0010939483,0,35-42
30971775,37,2,0.00080300745,0,35-42
30998360,37,2,0.00029736958,0,35-42
31014962,37,2,0.000960783,0,35-42
31020045,37,2,6.83748e-05,0,35-42
31730726,37,1,0.92551595,1,35-42
31779594,37,2,0.00013801121,0,35-42
33503835,37,2,7.7021294e-05,0,35-42
33917980,37,2,4.929057e-05,0,35-42
35335659,37,2,0.011628855,0,35-42
35793819,37,2,0.0004914077,0,35-42
36584676,37,2,0.048792604,0,35-42
36742734,37,1,0.9979235,1,35-42
38396553,37,2,0.0003642996,0,35-42
38396555,37,2,0.0002635389,0,35-42
38406946,37,2,0.00044342762,0,35-42
38859272,37,2,0.000530619,0,35-42
38860323,37,2,5.491236e-05,0,35-42
38860328,37,2,0.00034756094,0,35-42
38861661,37,2,0.0013274229,0,35-42
38863760,37,2,0.00030831015,0,35-42
38881714,37,2,8.4018786e-05,0,35-42
38882098,37,2,0.0005883356,0,35-42
38882122,37,2,0.0002490361,0,35-42
38882130,37,2,0.00014978042,0,35-42
38882139,37,2,0.0005514956,0,35-42
38882145,37,2,0.0006920999,0,35-42
38882277,37,2,0.00020869396,0,35-42
38882284,37,2,0.0012710503,0,35-42
38882290,37,2,0.0014816843,0,35-42
38882296,37,2,0.0013752477,0,35-42
38886817,37,2,0.0010210449,0,35-42
38886822,37,2,0.0003141542,0,35-42
38886849,37,2,0.0009786004,0,35-42
38895342,37,2,0.00055070687,0,35-42
38915630,37,2,0.1839747,0,35-42
38963348,37,2,0.0020197798,0,35-42
38963435,37,2,0.00015812683,0,35-42
39055134,37,2,3.8312945e-05,0,35-42
39055136,37,2,2.6298914e-05,0,35-42
39634992,37,1,0.9999026,1,35-42
39645446,37,2,0.002463533,0,35-42
39660882,37,2,0.0005830306,0,35-42
39661038,37,2,0.0007815225,0,35-42
39661046,37,2,0.00044996417,0,35-42
39661890,37,2,0.00068563805,0,35-42
39662525,37,2,0.00037560883,0,35-42
39662693,37,2,0.0007559036,0,35-42
39662729,37,2,0.0005831473,0,35-42
39662735,37,2,0.0004582048,0,35-42
39663342,37,2,0.00046635125,0,35-42
39663353,37,2,0.0011063847,0,35-42
39663531,37,2,0.00025067216,0,35-42
39667347,37,2,0.00049343373,0,35-42
39673149,37,2,0.0027170235,0,35-42
39675637,37,2,0.002332923,0,35-42
39676134,37,2,0.0002692126,0,35-42
39676162,37,2,0.0010814752,0,35-42
39676169,37,2,0.0021338388,0,35-42
39676971,37,1,0.9985209,1,35-42
39680719,37,2,0.010527839,0,35-42
39684200,37,1,0.99953413,1,35-42
39686670,37,2,0.0015616094,0,35-42
39686681,37,2,0.0012729119,0,35-42
39687372,37,2,0.0009204171,0,35-42
39687411,37,1,0.999736,1,35-42
39692773,37,2,0.0025517496,0,35-42
39693929,37,2,0.00013904362,0,35-42
39718260,37,2,0.00053424074,0,35-42
39724214,37,1,0.9999125,1,35-42
39728377,37,1,0.99990284,1,35-42
39747107,37,1,0.9996289,1,35-42
39766837,37,1,0.14314173,0,35-42
40853357,37,2,7.7791025e-05,0,35-42
46264848,37,2,2.5426558e-05,0,35-42
332928,38,2,0.01748943,0,35-42
344903,38,2,0.0067977374,0,35-42
1061971,38,2,0.000110068366,0,35-42
1119474,38,2,9.743655e-05,0,35-42
1386485,38,2,8.556645e-05,0,35-42
1396330,38,2,4.5142468e-05,0,35-42
2089013,38,2,0.00010657602,0,35-42
2343907,38,2,2.8168803e-05,0,35-42
3000362,38,2,0.0002489461,0,35-42
3884437,38,2,0.0038662641,0,35-42
3955089,38,2,0.00013692168,0,35-42
4384743,38,2,0.0151905045,0,35-42
4450188,38,2,0.0011297249,0,35-42
4781655,38,2,0.2997306,0,35-42
5687299,38,2,0.0003051522,0,35-42
6060482,38,2,9.14489e-05,0,35-42
6135217,38,2,0.0010276355,0,35-42
6239780,38,2,7.362868e-05,0,35-42
6368275,38,2,4.3100525e-05,0,35-42
7128970,38,2,6.8241134e-05,0,35-42
7404129,38,2,0.00079386984,0,35-42
8127357,38,2,0.0021434613,0,35-42
8149444,38,2,0.24108061,0,35-42
8281289,38,2,8.11869e-05,0,35-42
8845038,38,2,0.00025443887,0,35-42
9186862,38,2,0.00020153844,0,35-42
9376210,38,2,8.8593566e-05,0,35-42
11866994,38,2,0.00021310587,0,35-42
12829371,38,1,0.96822494,1,35-42
12829644,38,1,0.9984281,1,35-42
12829702,38,1,0.9967409,1,35-42
12829709,38,1,0.977375,1,35-42
12830001,38,1,0.9946396,1,35-42
12830002,38,1,0.9681388,1,35-42
12830011,38,1,0.9787361,1,35-42
12830017,38,1,0.99867284,1,35-42
12830020,38,1,0.9695504,1,35-42
12830021,38,1,0.9985879,1,35-42
12830057,38,1,0.96945107,1,35-42
12830061,38,1,0.9984351,1,35-42
12830069,38,1,0.99457765,1,35-42
12830383,38,1,0.9751516,1,35-42
12830385,38,1,0.9883596,1,35-42
12830801,38,1,0.99694,1,35-42
13227997,38,2,0.0017415654,0,35-42
13785728,38,2,0.0012522915,0,35-42
15122642,38,2,3.077375e-05,0,35-42
15183331,38,2,0.001686216,0,35-42
17753526,38,2,0.0004842842,0,35-42
17887663,38,2,0.00029068833,0,35-42
18289552,38,2,0.0004556183,0,35-42
19601398,38,2,0.00012376683,0,35-42
20406025,38,2,0.00024405497,0,35-42
20678458,38,2,0.00011599664,0,35-42
21677972,38,1,0.9989165,1,35-42
21677974,38,1,0.97579795,1,35-42
22156511,38,2,0.00015573877,0,35-42
24452622,38,2,0.0982682,0,35-42
24466467,38,2,4.0321185e-05,0,35-42
24663119,38,2,0.030986208,0,35-42
25451187,38,2,0.47195035,0,35-42
26135292,38,2,0.0023893134,0,35-42
26539290,38,2,0.00019147128,0,35-42
27677611,38,2,0.000113356786,0,35-42
27677612,38,2,0.003339515,0,35-42
28201734,38,2,0.00030196182,0,35-42
28203115,38,2,0.0003888764,0,35-42
28226984,38,2,0.0083516035,0,35-42
28227172,38,2,4.4968114e-05,0,35-42
28228628,38,2,5.6238307e-05,0,35-42
28228835,38,2,0.0003472349,0,35-42
28228839,38,2,0.00046192852,0,35-42
28229177,38,2,0.0014168748,0,35-42
28493495,38,2,0.001132898,0,35-42
28669491,38,2,0.0010011413,0,35-42
29626166,38,2,0.0010479579,0,35-42
30448826,38,2,0.013857385,0,35-42
30720338,38,2,0.001011444,0,35-42
30720340,38,2,0.010568604,0,35-42
30755419,38,2,0.0007688243,0,35-42
30897741,38,2,0.00023247839,0,35-42
31000876,38,2,4.517705e-05,0,35-42
31319565,38,1,0.9758798,1,35-42
31319567,38,1,0.9970331,1,35-42
31319568,38,1,0.9986712,1,35-42
31837161,38,2,0.00018325436,0,35-42
32075968,38,2,0.0008732849,0,35-42
32942675,38,2,0.002952801,0,35-42
32964065,38,2,0.002181515,0,35-42
33557201,38,2,0.00046277957,0,35-42
33570524,38,2,0.0011237116,0,35-42
36686206,38,2,9.1263515e-05,0,35-42
37013075,38,2,0.0006659444,0,35-42
37045557,38,2,8.848955e-05,0,35-42
38996039,38,2,5.170312e-05,0,35-42
39012183,38,2,0.00062107964,0,35-42
39029147,38,2,0.0023462065,0,35-42
39039425,38,2,0.0006281132,0,35-42
39432930,38,2,0.001425934,0,35-42
39652286,38,2,0.0012032276,0,35-42
39997296,38,2,0.0009162518,0,35-42
40022007,38,2,0.0014114394,0,35-42
40467476,38,1,0.9860248,1,35-42
40467477,38,1,0.9992041,1,35-42
40467480,38,1,0.9992182,1,35-42
40467486,38,1,0.97616404,1,35-42
40467487,38,1,0.9868579,1,35-42
40467495,38,1,0.9941287,1,35-42
40467500,38,1,0.98729706,1,35-42
40467520,38,1,0.9856726,1,35-42
40467521,38,1,0.9868579,1,35-42
40722900,38,2,9.186923e-05,0,35-42
40813849,38,2,3.2439773e-05,0,35-42
42363278,38,2,0.0018009577,0,35-42
42641146,38,2,0.0006125088,0,35-42
42789519,38,2,0.042674698,0,35-42
43103633,38,2,0.00011328547,0,35-42
44515832,38,2,0.00018721922,0,35-42
44570397,38,2,0.0034604936,0,35-42
44914114,38,2,0.0032576385,0,35-42
46544927,38,2,0.00033094874,0,35-42
46544929,38,2,0.00029354883,0,35-42
46544936,38,2,0.0026675658,0,35-42
46544950,38,2,0.021263413,0,35-42
47224248,38,1,0.9784627,1,35-42
47224250,38,1,0.9981943,1,35-42
47667791,38,2,0.021360513,0,35-42
48547471,38,2,0.12355351,0,35-42
49146255,38,2,0.00011624821,0,35-42
53136217,38,2,3.1434658e-05,0,35-42
53362505,38,2,0.0004682562,0,35-42
54066382,38,2,0.0008933584,0,35-42
54066383,38,2,6.603728e-05,0,35-42
55274937,38,2,0.0003374548,0,35-42
55274950,38,2,0.0026507743,0,35-42
55275135,38,2,0.0023677724,0,35-42
56383979,38,2,0.00010151186,0,35-42
56571507,38,2,0.001462518,0,35-42
56638263,38,2,8.485408e-05,0,35-42
57342969,38,2,0.0003899939,0,35-42
57658988,38,2,0.08129787,0,35-42
58590872,38,2,0.0014018734,0,35-42
58738358,38,2,0.0007372469,0,35-42
59322728,38,2,0.00057687203,0,35-42
60277582,38,2,0.00026031572,0,35-42
60710228,38,2,7.5900054e-05,0,35-42
60980911,38,2,0.004894362,0,35-42
61317530,38,1,0.0017923419,0,35-42
61775673,38,2,4.862663e-05,0,35-42
62097591,38,2,0.0012856777,0,35-42
62134772,38,2,0.000879276,0,35-42
62156759,38,2,0.0035111646,0,35-42
62229594,38,2,0.0019391157,0,35-42
62302746,38,2,0.13878052,0,35-42
63407348,38,2,0.001852697,0,35-42
63501805,38,2,0.00030591333,0,35-42
64405787,38,2,0.00025532075,0,35-42
65733573,38,2,0.0015338062,0,35-42
66750274,38,2,4.7893966e-05,0,35-42
67790675,38,2,0.00051105523,0,35-42
67791283,38,2,0.0013481574,0,35-42
68471582,38,2,0.00014107506,0,35-42
68527875,38,2,0.00056757126,0,35-42
68821525,38,2,0.0011165433,0,35-42
69476252,38,2,8.9113295e-05,0,35-42
70263261,38,2,0.001714746,0,35-42
70368598,38,2,0.003053118,0,35-42
70899975,38,2,3.6769048e-05,0,35-42
74054280,38,2,0.00022582033,0,35-42
74816463,38,1,0.99752074,1,35-42
74816464,38,1,0.9988954,1,35-42
76126924,38,2,0.00026320145,0,35-42
76178842,38,2,0.002661368,0,35-42
76469733,38,2,0.030663667,0,35-42
77531247,38,2,0.00097338104,0,35-42
78115825,38,2,0.006009686,0,35-42
79143470,38,2,0.00032223182,0,35-42
81117054,38,2,0.00013008204,0,35-42
82002608,38,2,0.00012969364,0,35-42
84944159,38,2,0.00011790312,0,35-42
85734196,38,2,0.0021619475,0,35-42
86275329,38,2,0.0033541098,0,35-42
86347642,38,2,0.0011295209,0,35-42
86954963,38,2,0.00041205582,0,35-42
88151584,38,2,0.004273328,0,35-42
88261666,38,1,0.0050065727,0,35-42
88288504,38,2,0.00012815536,0,35-42
88288539,38,2,5.46287e-05,0,35-42
88290986,38,2,0.00050544116,0,35-42
88303648,38,2,0.0055337553,0,35-42
88433177,38,2,0.008484107,0,35-42
88451222,38,2,0.0063641346,0,35-42
88469321,38,2,0.00043115654,0,35-42
88822941,38,2,0.00087367557,0,35-42
91060355,38,2,0.0019839893,0,35-42
92554092,38,2,0.0012089481,0,35-42
96508393,38,2,0.0004124722,0,35-42
97592518,38,2,0.000114928,0,35-42
97660090,38,2,0.00017500379,0,35-42
98887628,38,2,0.0007613284,0,35-42
98980159,38,2,0.003706994,0,35-42
100252268,38,2,5.3991775e-05,0,35-42
100474142,38,2,7.599182e-05,0,35-42
100648437,38,2,0.026393764,0,35-42
100724438,38,2,0.0022073782,0,35-42
104313316,38,2,0.03708486,0,35-42
110026126,38,2,0.0024855174,0,35-42
112694396,38,2,0.0018310873,0,35-42
112920133,38,2,0.026258964,0,35-42
112967869,38,2,0.010995013,0,35-42
112997653,38,2,0.010113953,0,35-42
113003834,38,2,0.22753215,0,35-42
113054794,38,2,0.00027746032,0,35-42
113055065,38,2,0.0031073461,0,35-42
114005569,38,2,0.0020541297,0,35-42
114088682,38,2,6.730615e-05,0,35-42
114436378,38,2,4.39088e-05,0,35-42
114447297,38,2,6.317513e-05,0,35-42
114464849,38,2,0.00042049383,0,35-42
114465984,38,2,0.0058070146,0,35-42
114468688,38,2,0.00046287576,0,35-42
114469775,38,2,0.02002783,0,35-42
114471864,38,2,0.00037357086,0,35-42
114472095,38,2,0.0014663537,0,35-42
114472101,38,2,0.00093462016,0,35-42
114472735,38,2,0.0007388818,0,35-42
114476019,38,2,9.968229e-05,0,35-42
114479506,38,2,0.058636256,0,35-42
114481812,38,2,0.0002552947,0,35-42
114488187,38,1,0.004694864,0,35-42
114488570,38,2,0.00018626235,0,35-42
114497010,38,2,0.0015758601,0,35-42
114497093,38,2,0.0012737045,0,35-42
114497355,38,2,0.0036156815,0,35-42
114497358,38,2,0.0007342296,0,35-42
114497371,38,2,0.0022197806,0,35-42
114497377,38,2,0.0017996612,0,35-42
114497382,38,2,0.0008533677,0,35-42
114497389,38,2,0.0032916728,0,35-42
114497394,38,2,0.0014865721,0,35-42
114497399,38,2,0.0008519657,0,35-42
114497403,38,2,0.00097607926,0,35-42
114497406,38,2,0.0014684497,0,35-42
114497412,38,2,0.0010988729,0,35-42
114497427,38,2,0.0012325794,0,35-42
114497431,38,2,0.0012532162,0,35-42
114497436,38,2,0.0016647173,0,35-42
114497438,38,2,0.002415597,0,35-42
114497442,38,2,0.0010583875,0,35-42
114497450,38,2,0.0011106996,0,35-42
114497721,38,2,0.0010460005,0,35-42
114497725,38,2,0.0012145003,0,35-42
114499205,38,1,0.99978155,1,35-42
114507940,38,1,0.50364155,0,35-42
114514658,38,2,0.33945656,0,35-42
114521942,38,2,6.261853e-05,0,35-42
114528470,38,2,0.001973348,0,35-42
114538747,38,2,0.0022172725,0,35-42
114548633,38,2,0.00050833676,0,35-42
114549683,38,2,0.001344624,0,35-42
114558980,38,2,0.0010478662,0,35-42
114559941,38,2,0.069196254,0,35-42
114560432,38,2,0.04090436,0,35-42
114565898,38,2,0.0022979085,0,35-42
114571127,38,2,0.0020139127,0,35-42
114598077,38,2,5.8530728e-05,0,35-42
114600470,38,2,0.00023188288,0,35-42
114602932,38,2,0.23159766,0,35-42
114603374,38,2,0.00133171,0,35-42
114603376,38,2,0.0002091631,0,35-42
114603391,38,2,0.00029032244,0,35-42
114603911,38,2,0.0008825899,0,35-42
114603961,38,2,0.0001065873,0,35-42
114604129,38,2,0.00015979761,0,35-42
114604155,38,2,0.0001036851,0,35-42
114604546,38,2,0.00016683132,0,35-42
114604557,38,2,6.279284e-05,0,35-42
114604561,38,2,0.00058519596,0,35-42
114604822,38,2,6.495733e-05,0,35-42
114619004,38,2,0.0044542686,0,35-42
114619014,38,2,0.33599672,0,35-42
114619016,38,2,0.0016476185,0,35-42
114621255,38,2,0.014495403,0,35-42
114621768,38,2,0.0029569718,0,35-42
114622685,38,2,0.0021283592,0,35-42
114626665,38,2,0.0002054564,0,35-42
114626822,38,1,0.97219366,1,35-42
114629224,38,2,0.0059827794,0,35-42
114629242,38,2,0.007377584,0,35-42
114633474,38,2,0.00023896215,0,35-42
114635233,38,2,9.0338086e-05,0,35-42
114635481,38,2,0.00041055883,0,35-42
114637435,38,2,0.0006124335,0,35-42
114638312,38,2,0.007826264,0,35-42
114638316,38,2,0.019471185,0,35-42
114638388,38,2,0.1720554,0,35-42
114638390,38,2,0.06379848,0,35-42
114638671,38,2,0.0022774704,0,35-42
114638673,38,2,0.31388992,0,35-42
114640040,38,2,0.00016642189,0,35-42
114641619,38,2,0.0005220148,0,35-42
114641963,38,2,0.00021579629,0,35-42
114641966,38,2,0.00016380874,0,35-42
114641985,38,2,0.000406237,0,35-42
114642158,38,2,0.00023668083,0,35-42
114642160,38,2,0.0013925445,0,35-42
114642262,38,2,0.0003241851,0,35-42
114642279,38,2,0.00026575453,0,35-42
114642288,38,2,0.00020817388,0,35-42
114642450,38,2,0.00051181496,0,35-42
114648386,38,1,0.9989792,1,35-42
114651822,38,2,0.00035481888,0,35-42
114651826,38,2,0.002981519,0,35-42
114652567,38,2,0.0037076052,0,35-42
114653338,38,2,0.0001361965,0,35-42
114653503,38,2,7.310362e-05,0,35-42
114655562,38,2,0.00047309903,0,35-42
114655823,38,1,0.9872269,1,35-42
114656125,38,1,0.99502015,1,35-42
114656654,38,2,0.0005460698,0,35-42
114656657,38,2,0.00031694447,0,35-42
114657228,38,2,0.0040055006,0,35-42
114657233,38,2,0.00034862472,0,35-42
114657834,38,2,0.082683034,0,35-42
114657835,38,2,0.030033007,0,35-42
114657864,38,2,0.00013945099,0,35-42
114658129,38,2,0.0017545485,0,35-42
114658606,38,2,0.0010649195,0,35-42
114658610,38,2,0.009680894,0,35-42
114659528,38,2,0.044214144,0,35-42
114664262,38,2,0.0013704299,0,35-42
114664264,38,2,0.0013084244,0,35-42
114664272,38,2,0.00065272633,0,35-42
114664363,38,2,0.0018022894,0,35-42
114664366,38,2,0.0004570466,0,35-42
114664367,38,2,0.0034709082,0,35-42
114664545,38,2,0.0031171802,0,35-42
114664778,38,2,0.0023978371,0,35-42
114665016,38,1,0.93881744,1,35-42
114675613,38,1,0.88632923,1,35-42
114682049,38,2,0.001045224,0,35-42
114682162,38,2,0.00028951315,0,35-42
114683130,38,2,0.0005217129,0,35-42
114689047,38,2,7.59653e-05,0,35-42
114689180,38,2,0.02002029,0,35-42
114689730,38,2,0.0041280086,0,35-42
114690327,38,2,0.0629105,0,35-42
114690946,38,2,0.0045721494,0,35-42
114690948,38,2,0.008998677,0,35-42
114707588,38,2,0.00023480202,0,35-42
114714504,38,2,0.00020106015,0,35-42
114714715,38,2,0.00052410783,0,35-42
114714721,38,2,0.0007948103,0,35-42
114714727,38,2,0.0005059328,0,35-42
114714734,38,2,0.00038367382,0,35-42
114714743,38,2,0.0004917338,0,35-42
114714780,38,2,0.00089191546,0,35-42
114715015,38,2,0.00020230007,0,35-42
114715022,38,2,0.00039088327,0,35-42
114715291,38,2,0.001805963,0,35-42
114715546,38,2,0.0005216147,0,35-42
114715547,38,2,0.0010141452,0,35-42
114715754,38,2,0.00048084994,0,35-42
114715759,38,2,0.00025913748,0,35-42
114737654,38,2,0.00011973449,0,35-42
114742232,38,2,4.891844e-05,0,35-42
114743251,38,2,7.8278434e-05,0,35-42
114743268,38,2,0.00011607586,0,35-42
114743500,38,2,4.7885747e-05,0,35-42
114749815,38,1,0.86615425,1,35-42
114753292,38,2,0.014091298,0,35-42
114754008,38,2,0.00900148,0,35-42
114755343,38,2,0.006184608,0,35-42
114969113,38,2,0.0004925815,0,35-42
114969923,38,2,0.0001124949,0,35-42
114971129,38,2,8.859129e-05,0,35-42
114971133,38,2,6.6967536e-05,0,35-42
114971381,38,2,9.2987786e-05,0,35-42
114971634,38,2,6.695974e-05,0,35-42
115007767,38,2,0.0012486017,0,35-42
115022389,38,2,0.0001423831,0,35-42
115023272,38,2,0.0002595007,0,35-42
115023740,38,2,0.00026804447,0,35-42
115029548,38,2,3.6028337e-05,0,35-42
115029580,38,2,0.19075413,0,35-42
115029843,38,2,6.306492e-05,0,35-42
115032320,38,2,0.0002752261,0,35-42
115033057,38,2,0.00012825891,0,35-42
115038303,38,2,0.034241147,0,35-42
115039060,38,2,0.057647876,0,35-42
115039451,38,2,0.28386706,0,35-42
115041996,38,2,0.022131156,0,35-42
115043748,38,2,0.0014120647,0,35-42
115043988,38,2,0.00412825,0,35-42
115044377,38,2,0.00022562426,0,35-42
115046811,38,2,0.00084861874,0,35-42
115046822,38,2,0.00036190992,0,35-42
115046915,38,2,0.00034925807,0,35-42
115047046,38,2,0.00048079653,0,35-42
115047048,38,2,0.00029221855,0,35-42
115047280,38,2,0.00012159058,0,35-42
115047601,38,2,0.0028852783,0,35-42
115047732,38,2,0.00018038695,0,35-42
115047896,38,2,0.00095092255,0,35-42
115047910,38,2,0.0020745057,0,35-42
115047921,38,2,0.00074136176,0,35-42
115047927,38,2,0.0006581722,0,35-42
115047933,38,2,0.0016321711,0,35-42
115065290,38,1,0.98746186,1,35-42
115076686,38,2,0.025857208,0,35-42
115080200,38,2,0.0007310302,0,35-42
115087591,38,2,0.000120653895,0,35-42
115089336,38,1,0.0015271745,0,35-42
115090672,38,2,0.00016658749,0,35-42
115091598,38,2,0.0007868827,0,35-42
115097174,38,2,0.0030005393,0,35-42
115098616,38,2,7.7414574e-05,0,35-42
115106112,38,2,0.001355714,0,35-42
115106125,38,2,0.002686494,0,35-42
115107039,38,2,0.0011840832,0,35-42
115107166,38,2,0.0009291331,0,35-42
115107426,38,2,0.0010067353,0,35-42
115107502,38,2,0.0011249959,0,35-42
115107506,38,2,0.0010626758,0,35-42
115107509,38,2,0.0005464754,0,35-42
115107512,38,2,0.0018219036,0,35-42
115107784,38,2,0.0022517561,0,35-42
115107880,38,2,0.0036742366,0,35-42
115108021,38,2,0.0009847024,0,35-42
115108118,38,2,0.00097556005,0,35-42
115108121,38,2,0.0011864163,0,35-42
115108123,38,2,0.0012763925,0,35-42
115108127,38,2,0.0014905552,0,35-42
115108221,38,2,0.0026966713,0,35-42
115108224,38,2,0.0009545139,0,35-42
115108227,38,2,0.0012285274,0,35-42
115108234,38,2,0.0016215306,0,35-42
115108241,38,2,0.0015818819,0,35-42
115114921,38,2,0.00013268593,0,35-42
115121140,38,2,8.392822e-05,0,35-42
115122271,38,2,0.002190439,0,35-42
115126716,38,2,0.0021693418,0,35-42
115129346,38,2,0.006663491,0,35-42
115138120,38,2,0.0076226597,0,35-42
115145490,38,2,4.7083806e-05,0,35-42
115148343,38,2,0.0014703632,0,35-42
115148874,38,2,0.0038012986,0,35-42
115150849,38,2,0.0013555075,0,35-42
115170044,38,2,0.00021236693,0,35-42
115170982,38,2,0.0058394484,0,35-42
115180884,38,2,0.0077981562,0,35-42
115180918,38,2,0.0018255885,0,35-42
115186990,38,2,0.00033434902,0,35-42
115187045,38,2,0.022428969,0,35-42
115187055,38,2,0.11476727,0,35-42
115187058,38,2,0.05385648,0,35-42
115187059,38,2,0.047241405,0,35-42
115187255,38,2,0.0064747864,0,35-42
115187876,38,2,0.0010023277,0,35-42
115193071,38,2,0.00035253522,0,35-42
115193078,38,2,0.00027757592,0,35-42
115193081,38,2,0.00023413314,0,35-42
115193083,38,2,0.00069026445,0,35-42
115193133,38,2,0.00044878424,0,35-42
115193767,38,2,0.00046270085,0,35-42
115193770,38,2,0.0001288645,0,35-42
115193788,38,2,0.00016534567,0,35-42
115193791,38,2,0.00028879527,0,35-42
115193797,38,2,0.00018981025,0,35-42
115193801,38,2,0.0002599462,0,35-42
115193972,38,2,0.001267466,0,35-42
115193976,38,2,0.00032922707,0,35-42
115194165,38,2,0.0018815778,0,35-42
115194169,38,2,0.0010008962,0,35-42
115194643,38,2,0.00036334785,0,35-42
115197289,38,2,0.00016112722,0,35-42
115202299,38,2,0.0018211841,0,35-42
115204727,38,2,0.0050100205,0,35-42
115209397,38,2,0.005661881,0,35-42
115209597,38,2,0.20708342,0,35-42
115209651,38,2,0.09725051,0,35-42
115209664,38,2,0.1466379,0,35-42
115213278,38,2,0.4474971,0,35-42
115213281,38,2,0.77221113,1,35-42
115213392,38,2,0.41711769,0,35-42
115213540,38,2,0.05247069,0,35-42
115214695,38,2,0.05758298,0,35-42
115220831,38,2,0.00048910314,0,35-42
115221333,38,2,0.00046114234,0,35-42
115221484,38,2,0.0002026468,0,35-42
115228596,38,2,7.712485e-05,0,35-42
115229005,38,2,0.00014279345,0,35-42
115231587,38,2,0.0003908987,0,35-42
115231864,38,2,0.000527921,0,35-42
115232202,38,2,0.00084483315,0,35-42
115239651,38,2,0.000103408536,0,35-42
115242044,38,2,0.0005039445,0,35-42
115261388,38,2,0.00043057,0,35-42
115266588,38,2,0.012801302,0,35-42
115268291,38,2,0.0002056159,0,35-42
115270578,38,2,0.00016639697,0,35-42
115274072,38,1,0.0017053839,0,35-42
115275152,38,1,0.0023804836,0,35-42
115276738,38,2,0.00010865876,0,35-42
115278581,38,2,0.0006478692,0,35-42
115279312,38,2,0.0012689178,0,35-42
115279602,38,2,0.0011151386,0,35-42
115281323,38,2,0.00012597903,0,35-42
115285564,38,2,0.0017687238,0,35-42
115285570,38,2,0.00046792647,0,35-42
115285582,38,2,0.000933244,0,35-42
115285591,38,2,0.0023442896,0,35-42
115286209,38,2,0.0035252387,0,35-42
115286481,38,2,0.0014956532,0,35-42
115293869,38,2,0.00013444078,0,35-42
115294137,38,2,0.00054053066,0,35-42
115294952,38,2,0.0002613789,0,35-42
115298687,38,2,0.0013502082,0,35-42
115299847,38,2,5.3206226e-05,0,35-42
115324291,38,2,0.003054343,0,35-42
115394915,38,2,0.000101205864,0,35-42
115500189,38,2,0.00070885353,0,35-42
115523071,38,2,0.00029557533,0,35-42
115529485,38,2,6.195016e-05,0,35-42
115533534,38,2,0.00021599389,0,35-42
115533535,38,2,0.0005351831,0,35-42
115533793,38,2,0.00016873414,0,35-42
115534029,38,2,0.0013483275,0,35-42
115534697,38,2,0.00055231305,0,35-42
115534702,38,2,0.00045565,0,35-42
115534770,38,2,0.0010068124,0,35-42
115534952,38,2,0.0009124416,0,35-42
115534959,38,2,0.0008714138,0,35-42
115606048,38,2,0.0015386437,0,35-42
115607282,38,2,0.00034868188,0,35-42
115608090,38,2,9.4490366e-05,0,35-42
115635730,38,2,0.0010820864,0,35-42
115688802,38,2,0.00069600175,0,35-42
115706480,38,2,0.00038000915,0,35-42
115708945,38,2,0.000562678,0,35-42
115708965,38,2,0.6842607,0,35-42
115709632,38,2,0.00015240474,0,35-42
115709635,38,2,0.000703684,0,35-42
115711293,38,2,0.00016112275,0,35-42
115711296,38,2,9.6957825e-05,0,35-42
115711513,38,2,0.0005223082,0,35-42
115711514,38,2,0.00035685275,0,35-42
115718351,38,2,0.001805609,0,35-42
115718605,38,2,0.034841146,0,35-42
115722990,38,2,0.00023502421,0,35-42
115722999,38,1,0.99972385,1,35-42
115723002,38,1,0.9996662,1,35-42
115723004,38,1,0.9953419,1,35-42
115723006,38,1,0.99644464,1,35-42
115723008,38,1,0.9994918,1,35-42
115723010,38,1,0.9996947,1,35-42
115723011,38,1,0.9981456,1,35-42
115723118,38,1,0.9996965,1,35-42
115723119,38,1,0.9996679,1,35-42
115723125,38,1,0.9996513,1,35-42
115723127,38,1,0.99980634,1,35-42
115723274,38,1,0.99989235,1,35-42
115723277,38,1,0.9993156,1,35-42
115723278,38,1,0.99971384,1,35-42
115723279,38,1,0.9998431,1,35-42
115723284,38,1,0.99974304,1,35-42
115723285,38,2,0.00031853872,0,35-42
115723287,38,2,8.268784e-05,0,35-42
115723389,38,1,0.999653,1,35-42
115723393,38,2,0.0009619316,0,35-42
115723395,38,2,0.06696905,0,35-42
115723397,38,2,0.00010367739,0,35-42
115723399,38,2,0.005707993,0,35-42
115723400,38,2,0.0004122623,0,35-42
115723402,38,1,0.99964845,1,35-42
115723954,38,2,6.738752e-05,0,35-42
115723984,38,2,0.00020188231,0,35-42
115724242,38,2,0.004105552,0,35-42
115724248,38,2,0.0003927604,0,35-42
115726098,38,2,0.0006074738,0,35-42
115726274,38,2,0.0017091191,0,35-42
115726373,38,1,0.9932755,1,35-42
115728003,38,2,0.009432675,0,35-42
115728011,38,2,0.0062480294,0,35-42
115728012,38,2,0.0021718545,0,35-42
115892435,38,2,0.014402432,0,35-42
115901833,38,2,0.00091626396,0,35-42
115911613,38,2,0.000901884,0,35-42
115911726,38,2,0.0015872341,0,35-42
115912314,38,2,7.106398e-05,0,35-42
115912650,38,2,0.019252276,0,35-42
115916138,38,2,0.00037177315,0,35-42
115918983,38,2,0.049307063,0,35-42
115919375,38,2,0.15706663,0,35-42
115920425,38,2,0.00017613899,0,35-42
115920677,38,2,0.005324068,0,35-42
115922609,38,2,9.8243945e-05,0,35-42
115922729,38,2,0.00011779861,0,35-42
115922894,38,2,0.0014567717,0,35-42
115923487,38,2,0.00013451849,0,35-42
115924670,38,1,0.98509127,1,35-42
115943062,38,2,0.00027247187,0,35-42
115944090,38,2,0.0006390504,0,35-42
115945205,38,2,0.010878808,0,35-42
115946082,38,1,0.009686798,0,35-42
115946101,38,2,0.0008657813,0,35-42
115947349,38,2,0.00040220178,0,35-42
115947357,38,2,0.00027243627,0,35-42
115949445,38,1,0.9975497,1,35-42
115952203,38,2,0.002850346,0,35-42
115952438,38,2,0.0015068587,0,35-42
115959240,38,2,0.0013706648,0,35-42
115959733,38,2,0.006901449,0,35-42
115960307,38,2,0.00054483715,0,35-42
115967728,38,2,0.42748132,0,35-42
116010228,38,2,4.0089108e-05,0,35-42
116052901,38,1,0.99527526,1,35-42
116053428,38,1,0.9990772,1,35-42
116054103,38,1,0.89741564,1,35-42
116054110,38,1,0.99838066,1,35-42
116055498,38,1,0.99547005,1,35-42
116055520,38,1,0.99934703,1,35-42
116055665,38,1,0.9577133,1,35-42
116055667,38,1,0.98595005,1,35-42
116058585,38,1,0.99527526,1,35-42
116058901,38,1,0.9995751,1,35-42
116060279,38,1,0.9991842,1,35-42
116061812,38,1,0.9981206,1,35-42
116064774,38,1,0.9991271,1,35-42
116069421,38,1,0.9947653,1,35-42
116072231,38,1,0.9992748,1,35-42
116073592,38,2,0.008276179,0,35-42
116075693,38,1,0.9996439,1,35-42
116081878,38,1,0.9994746,1,35-42
116083308,38,2,0.0027821271,0,35-42
116085643,38,2,0.00033267436,0,35-42
116086353,38,2,0.00022222601,0,35-42
116087383,38,2,2.9855766e-05,0,35-42
116088068,38,2,0.00015964729,0,35-42
116092892,38,2,0.0005704413,0,35-42
116093362,38,2,0.00011106512,0,35-42
116100971,38,2,0.0001239902,0,35-42
116101613,38,2,0.0001811652,0,35-42
116103484,38,2,0.00014562535,0,35-42
116107028,38,1,0.9996111,1,35-42
116107405,38,1,0.9996898,1,35-42
116107409,38,1,0.99094075,1,35-42
116107565,38,2,0.651141,0,35-42
116107573,38,2,0.09701524,0,35-42
116107587,38,2,0.83608615,1,35-42
116107831,38,2,0.07405232,0,35-42
116107977,38,2,0.066990376,0,35-42
116109093,38,2,0.096331626,0,35-42
116110039,38,1,0.9996605,1,35-42
116110047,38,2,0.041465383,0,35-42
116110341,38,2,0.5743796,0,35-42
116110485,38,2,0.21366815,0,35-42
116112202,38,1,0.9997336,1,35-42
116115792,38,1,0.31758368,0,35-42
116116290,38,2,0.0023961563,0,35-42
116117825,38,1,0.99972886,1,35-42
116119540,38,2,0.00043981,0,35-42
116125864,38,1,0.99967146,1,35-42
116126365,38,2,0.15092006,0,35-42
116128557,38,2,0.00066652696,0,35-42
116128866,38,2,0.0005628244,0,35-42
116129206,38,2,0.00011359689,0,35-42
116129214,38,2,0.0010610386,0,35-42
116129222,38,2,0.0009894709,0,35-42
116129229,38,2,0.0014563667,0,35-42
116129238,38,2,0.0010686056,0,35-42
116129479,38,2,0.00050205237,0,35-42
116129483,38,2,0.00024285167,0,35-42
116129487,38,2,0.0012391265,0,35-42
116129489,38,2,0.0020165404,0,35-42
116129494,38,2,0.0014196985,0,35-42
116129496,38,2,0.0016883226,0,35-42
116129500,38,2,0.0006720428,0,35-42
116129502,38,2,0.0022020505,0,35-42
116129504,38,2,0.007937078,0,35-42
116135416,38,1,0.9996412,1,35-42
116162492,38,1,0.99666685,1,35-42
116162711,38,1,0.9997334,1,35-42
116173763,38,1,0.9997787,1,35-42
116178462,38,2,0.004503294,0,35-42
116178975,38,2,0.0048324107,0,35-42
116179559,38,2,0.023361433,0,35-42
116179605,38,2,0.00019165521,0,35-42
116183359,38,2,0.001651812,0,35-42
116184011,38,2,0.0029194606,0,35-42
116185674,38,2,0.00025778118,0,35-42
116186242,38,2,0.00020714845,0,35-42
116189189,38,1,0.036121994,0,35-42
116193002,38,2,0.0003898935,0,35-42
116193317,38,2,0.0016038885,0,35-42
116193739,38,2,0.39639366,0,35-42
116203361,38,2,0.0015547785,0,35-42
116203637,38,2,0.00035394268,0,35-42
116203732,38,2,0.0023742928,0,35-42
116205436,38,2,0.0013612158,0,35-42
116205444,38,2,0.00298717,0,35-42
116205731,38,2,0.0019305383,0,35-42
116205737,38,2,0.0011632828,0,35-42
116206284,38,2,0.001020495,0,35-42
116206510,38,2,0.0009783468,0,35-42
116206771,38,2,0.0013850584,0,35-42
116206777,38,2,0.0018191446,0,35-42
116206785,38,2,0.001943853,0,35-42
116207101,38,2,0.0017546152,0,35-42
116208111,38,1,0.99984074,1,35-42
116217174,38,1,0.9997844,1,35-42
116217308,38,1,0.99984527,1,35-42
116611781,38,2,0.0045647463,0,35-42
116630616,38,2,2.5407384e-05,0,35-42
116631597,38,1,0.88423413,1,35-42
116636762,38,2,0.00017230207,0,35-42
116645837,38,2,0.0026915632,0,35-42
116678494,38,2,0.7914974,1,35-42
116679831,38,2,0.1135522,0,35-42
116726225,38,2,8.57679e-05,0,35-42
116743527,38,2,0.010282695,0,35-42
116746285,38,1,0.04012942,0,35-42
116747257,38,2,0.0004802931,0,35-42
116747423,38,2,0.00089295156,0,35-42
116749414,38,2,0.043775484,0,35-42
116759257,38,2,0.013430351,0,35-42
116822093,38,2,0.0013046024,0,35-42
116822292,38,1,0.99898964,1,35-42
116823108,38,2,7.67588e-05,0,35-42
116823132,38,2,0.0005851745,0,35-42
116823189,38,2,0.0019661693,0,35-42
116830045,38,2,8.940158e-05,0,35-42
116839462,38,1,0.9990158,1,35-42
116841218,38,2,0.0005227734,0,35-42
116845555,38,2,0.022496236,0,35-42
116874855,38,2,0.028390663,0,35-42
116882540,38,2,0.0011278033,0,35-42
116883110,38,2,0.0005265004,0,35-42
116883461,38,2,0.0013091717,0,35-42
116884797,38,2,0.002395248,0,35-42
116884909,38,2,0.0013890822,0,35-42
116898498,38,2,0.0023791895,0,35-42
116902242,38,1,0.999587,1,35-42
116905764,38,2,0.00024904605,0,35-42
116906461,38,2,0.00027353226,0,35-42
116914127,38,1,0.9785454,1,35-42
116914752,38,2,0.0005549761,0,35-42
2067048,39,2,0.0001905948,0,35-42
2067049,39,2,9.922679e-05,0,35-42
2864655,39,2,0.00012058489,0,35-42
3133285,39,2,0.00018657555,0,35-42
3245282,39,2,0.00028013217,0,35-42
3270847,39,2,0.00042185027,0,35-42
3469647,39,2,2.4302302e-05,0,35-42
3905058,39,2,0.41128886,0,35-42
4213625,39,2,0.00046806765,0,35-42
5275627,39,2,0.0001330257,0,35-42
5836681,39,2,5.9977425e-05,0,35-42
5928715,39,2,0.0001259047,0,35-42
6818420,39,2,0.029751344,0,35-42
7014841,39,2,0.00010350452,0,35-42
7014913,39,2,0.00013196659,0,35-42
7015277,39,2,4.8585607e-05,0,35-42
7965704,39,2,0.00010465639,0,35-42
8378346,39,2,5.6252837e-05,0,35-42
8908091,39,2,0.00023768401,0,35-42
9095322,39,2,0.00017049178,0,35-42
9156373,39,2,0.0003068586,0,35-42
9517432,39,2,0.00010904353,0,35-42
9829411,39,2,0.08240175,0,35-42
9833495,39,2,7.6362805e-05,0,35-42
9899666,39,2,3.9489445e-05,0,35-42
9942589,39,2,0.00014026421,0,35-42
10619588,39,2,0.0025793102,0,35-42
10775210,39,2,8.341001e-05,0,35-42
10835543,39,2,0.014155114,0,35-42
10846099,39,2,7.246045e-05,0,35-42
10940853,39,2,2.3987497e-05,0,35-42
11172561,39,2,9.771e-05,0,35-42
12061834,39,2,0.07221228,0,35-42
12061835,39,2,0.08611822,0,35-42
12061836,39,2,0.016851407,0,35-42
12061837,39,2,0.012250897,0,35-42
12062164,39,2,0.13152614,0,35-42
12062166,39,2,0.03616294,0,35-42
12062173,39,2,0.022813566,0,35-42
12102720,39,2,0.00011290488,0,35-42
12154231,39,2,0.0001282934,0,35-42
12284459,39,2,0.00010728888,0,35-42
12401126,39,2,3.9994142e-05,0,35-42
12972869,39,2,0.0004616798,0,35-42
13161496,39,1,0.977692,1,35-42
13623410,39,2,0.00011133626,0,35-42
13676664,39,2,0.0002649192,0,35-42
13906899,39,1,0.9709278,1,35-42
13983579,39,2,0.00013432674,0,35-42
14182114,39,2,7.205597e-05,0,35-42
14367822,39,2,0.019592196,0,35-42
14583722,39,2,0.0013463616,0,35-42
15341623,39,2,0.0003874791,0,35-42
17345754,39,2,0.00039711318,0,35-42
17996561,39,2,0.00045955577,0,35-42
17996566,39,2,0.00088122656,0,35-42
17996606,39,2,0.0002690748,0,35-42
17997502,39,2,0.00013582312,0,35-42
18277003,39,2,0.00055842404,0,35-42
18426017,39,2,0.044707805,0,35-42
19559683,39,2,7.718283e-05,0,35-42
19559928,39,2,0.0006630739,0,35-42
20032383,39,2,0.55253047,0,35-42
20194738,39,1,0.9975811,1,35-42
20194762,39,1,0.9938636,1,35-42
21092110,39,2,0.0002832699,0,35-42
21940716,39,2,6.7257904e-05,0,35-42
22283488,39,2,0.00017318112,0,35-42
22891722,39,2,0.0004912932,0,35-42
24775820,39,2,0.000121598234,0,35-42
25235188,39,2,0.0008456599,0,35-42
26329248,39,2,0.23337306,0,35-42
26481699,39,2,0.00028509824,0,35-42
27085149,39,1,0.9990257,1,35-42
27896017,39,2,0.00042877538,0,35-42
28352314,39,2,0.00010377729,0,35-42
28594082,39,2,0.00015750069,0,35-42
29614073,39,2,0.00011162381,0,35-42
30336367,39,2,7.484073e-05,0,35-42
30427669,39,2,6.6432614e-05,0,35-42
30459894,39,2,0.00021389734,0,35-42
30461668,39,2,5.41096e-05,0,35-42
30700346,39,2,0.00027412412,0,35-42
30700348,39,2,0.028246805,0,35-42
30799508,39,2,0.0001141016,0,35-42
30820604,39,2,0.00010795018,0,35-42
31614040,39,2,0.00010582249,0,35-42
31769818,39,2,0.00025636525,0,35-42
31859229,39,2,0.00049951865,0,35-42
32228077,39,2,0.0001875671,0,35-42
32228844,39,2,0.00026180563,0,35-42
32228862,39,2,0.00023725472,0,35-42
32228877,39,2,0.00066709827,0,35-42
34265456,39,2,6.0131657e-05,0,35-42
34535373,39,1,0.9964186,1,35-42
34535382,39,1,0.9962825,1,35-42
34584290,39,2,9.896617e-05,0,35-42
34662595,39,2,8.450999e-05,0,35-42
35145056,39,2,0.00036916794,0,35-42
35990816,39,2,0.00013817052,0,35-42
36544488,39,2,0.00012764387,0,35-42
36807555,39,2,0.00022202544,0,35-42
37530007,39,2,0.015929487,0,35-42
38072014,39,2,5.097196e-05,0,35-42
38107881,39,2,0.00051004713,0,35-42
38111661,39,2,0.0003430515,0,35-42
38182292,39,2,0.00049575657,0,35-42
38246399,39,2,0.0005175785,0,35-42
38892588,39,2,9.782299e-05,0,35-42
40201044,39,2,0.00020646832,0,35-42
40304221,39,2,0.00013448746,0,35-42
40497229,39,2,0.00035744073,0,35-42
40879076,39,2,0.00016132722,0,35-42
43881377,39,2,0.00034804668,0,35-42
44595504,39,2,0.00019349359,0,35-42
45350873,39,1,0.7833337,1,35-42
45444755,39,2,0.0001067641,0,35-42
45809670,39,1,0.97062105,1,35-42
46753747,39,2,0.00015133545,0,35-42
47622350,39,2,0.00024538912,0,35-42
47662188,39,2,0.0011693515,0,35-42
47683327,39,2,0.00049869297,0,35-42
47987646,39,2,0.00026012468,0,35-42
47987650,39,2,9.069881e-05,0,35-42
48051143,39,2,0.030276194,0,35-42
48051399,39,2,0.06465945,0,35-42
49040928,39,2,0.00034453312,0,35-42
49188193,39,2,9.580833e-05,0,35-42
49299982,39,2,0.2538924,0,35-42
49375401,39,2,0.00035726975,0,35-42
51082607,39,2,0.00029330768,0,35-42
51085248,39,2,0.00042186654,0,35-42
51113603,39,2,0.00013213015,0,35-42
51113675,39,2,0.00011761768,0,35-42
51113964,39,2,0.00024655683,0,35-42
55607420,39,2,5.6432134e-05,0,35-42
57770370,39,2,0.017457005,0,35-42
58866785,39,2,0.0007190802,0,35-42
59090978,39,2,0.00067744567,0,35-42
59857852,39,2,0.011375499,0,35-42
60158347,39,2,0.00027786242,0,35-42
62019611,39,2,0.025078336,0,35-42
62484751,39,2,0.00012915557,0,35-42
62823600,39,2,0.032684356,0,35-42
62890179,39,2,8.38348e-05,0,35-42
63614102,39,2,0.0008126546,0,35-42
64188232,39,2,0.025101565,0,35-42
64188626,39,2,0.00023941735,0,35-42
64781880,39,2,0.00019319511,0,35-42
66990867,39,2,0.00014424886,0,35-42
67014644,39,2,0.00018234209,0,35-42
67160405,39,2,8.006601e-05,0,35-42
67160406,39,2,0.00021522873,0,35-42
67160407,39,2,0.00023725674,0,35-42
67621910,39,2,0.0005148135,0,35-42
70190658,39,2,0.00089632807,0,35-42
71202689,39,2,0.00010855043,0,35-42
72361976,39,2,0.0013428804,0,35-42
72777111,39,2,0.0003163211,0,35-42
74169594,39,2,0.00081476604,0,35-42
74957737,39,2,0.00013313776,0,35-42
75406099,39,2,0.00039518546,0,35-42
75995640,39,2,0.0003068776,0,35-42
76406659,39,2,0.0006153279,0,35-42
76847998,39,2,2.4253937e-05,0,35-42
77957091,39,2,0.0011723327,0,35-42
78079432,39,2,0.84815,1,35-42
78121217,39,2,7.497002e-05,0,35-42
78789157,39,2,0.435309,0,35-42
78814858,39,2,0.03453067,0,35-42
79074357,39,2,0.4921249,0,35-42
80547925,39,1,0.018300073,0,35-42
82161051,39,1,0.98453516,1,35-42
84102301,39,2,0.00047077012,0,35-42
84812755,39,2,0.00063134637,0,35-42
85337146,39,2,0.00036676452,0,35-42
85621251,39,2,0.00012154769,0,35-42
85917130,39,2,0.0002721253,0,35-42
86331399,39,2,0.016409943,0,35-42
86783496,39,2,0.0020515157,0,35-42
86803299,39,2,0.00035031515,0,35-42
86903877,39,2,0.00028532473,0,35-42
86904181,39,2,0.0003800845,0,35-42
86904183,39,2,0.0003015303,0,35-42
86904184,39,2,0.00045276774,0,35-42
87771179,39,2,0.0005108424,0,35-42
88857068,39,2,0.11426162,0,35-42
88963958,39,2,9.961226e-05,0,35-42
89841044,39,2,0.011632949,0,35-42
90448287,39,2,0.0001289995,0,35-42
91400373,39,2,0.00013362513,0,35-42
92198600,39,2,0.0006768413,0,35-42
92204257,39,2,0.001883185,0,35-42
93136339,39,2,0.12858716,0,35-42
94150387,39,2,0.00023463776,0,35-42
94757746,39,2,0.000109371664,0,35-42
94931566,39,2,0.5494714,0,35-42
95850377,39,2,0.00012481287,0,35-42
99352394,39,2,0.010205291,0,35-42
99616497,39,2,0.0012936052,0,35-42
100356049,39,2,0.24410032,0,35-42
101783430,39,2,0.0074042506,0,35-42
102226108,39,1,0.9986047,1,35-42
103063599,39,2,0.00034129535,0,35-42
103948477,39,2,0.00017841176,0,35-42
104097172,39,2,0.001807001,0,35-42
104703549,39,2,9.784249e-05,0,35-42
105268480,39,2,0.00022807658,0,35-42
107473362,39,2,0.00020962271,0,35-42
108961020,39,2,0.00056226115,0,35-42
109171776,39,2,0.00016872835,0,35-42
110273405,39,2,0.00026191425,0,35-42
111235406,39,1,0.0034752386,0,35-42
112285660,39,2,0.00079309405,0,35-42
112928975,39,1,0.98225176,1,35-42
113649806,39,2,0.3159377,0,35-42
114364497,39,2,0.00016202834,0,35-42
114462489,39,2,0.000698085,0,35-42
114710797,39,2,0.32961214,0,35-42
114898290,39,2,0.003525897,0,35-42
114916139,39,2,0.00032039112,0,35-42
114922700,39,2,0.0008789196,0,35-42
115950776,39,2,0.0005378462,0,35-42
116139224,39,2,0.09072093,0,35-42
117109705,39,2,0.00022833048,0,35-42
118638871,39,2,0.3200666,0,35-42
118639527,39,2,0.08778095,0,35-42
119043284,39,2,0.41805887,0,35-42
119075718,39,2,0.0005138159,0,35-42
120319794,39,2,0.00013027941,0,35-42
121778585,39,2,0.00049590215,0,35-42
121987738,39,2,0.000127714,0,35-42
122371039,39,1,0.88441,1,35-42
122371040,39,1,0.86488616,1,35-42
123244307,39,2,8.607753e-05,0,35-42
123449676,39,2,4.4233842e-05,0,35-42
124305697,39,2,0.013620304,0,35-42
124414895,39,2,0.00022254024,0,35-42
124944070,39,2,0.00015801091,0,35-42
125618369,39,2,0.00038480296,0,35-42
126015984,39,2,0.00022086775,0,35-42
126048495,39,2,0.0001512864,0,35-42
126436479,39,2,0.00024302308,0,35-42
127010216,39,2,0.03543996,0,35-42
127887721,39,2,0.0005975033,0,35-42
127887726,39,2,8.697682e-05,0,35-42
129841251,39,2,0.001590187,0,35-42
129946705,39,2,0.001970947,0,35-42
130369271,39,2,0.000105272455,0,35-42
133751539,39,2,0.00043746555,0,35-42
135246316,39,2,0.00023642348,0,35-42
136562137,39,2,0.00018412327,0,35-42
136768718,39,2,0.0005907552,0,35-42
137164629,39,2,0.8493367,1,35-42
137732505,39,2,7.5650685e-05,0,35-42
137906514,39,2,0.1253122,0,35-42
138422168,39,2,0.00025241933,0,35-42
140870196,39,2,0.0006213757,0,35-42
141251903,39,2,0.00020065566,0,35-42
143310472,39,2,0.0007948645,0,35-42
143317555,39,2,0.00033358394,0,35-42
146479398,39,2,7.331802e-05,0,35-42
148533307,39,2,0.009484208,0,35-42
148533415,39,2,0.22169138,0,35-42
148533591,39,2,0.02614554,0,35-42
148535049,39,2,6.235479e-05,0,35-42
148536037,39,2,0.0041055246,0,35-42
148536076,39,2,0.0008132403,0,35-42
148536080,39,2,0.0017924502,0,35-42
148536082,39,2,0.095226675,0,35-42
148537619,39,2,0.013636226,0,35-42
148537640,39,2,0.048586834,0,35-42
148537909,39,2,0.09760302,0,35-42
148537911,39,2,0.042987633,0,35-42
148541127,39,2,0.0027704954,0,35-42
148541145,39,2,0.015403487,0,35-42
148542030,39,2,0.12415813,0,35-42
148542035,39,2,0.38311005,0,35-42
148542990,39,2,0.0013848783,0,35-42
148544557,39,2,0.21478622,0,35-42
148545820,39,2,0.42689708,0,35-42
148545840,39,2,0.40032756,0,35-42
148545913,39,2,0.6368805,0,35-42
148546137,39,2,0.060383257,0,35-42
148546162,39,2,0.2755116,0,35-42
148546170,39,2,0.00021288572,0,35-42
148546189,39,2,0.25931433,0,35-42
148546191,39,2,0.23542629,0,35-42
148546194,39,2,0.05843683,0,35-42
148546492,39,2,0.080292165,0,35-42
148546503,39,2,0.020213159,0,35-42
148546506,39,2,0.008845695,0,35-42
148546520,39,2,0.0319194,0,35-42
148546524,39,2,0.050118502,0,35-42
148546526,39,2,0.005416391,0,35-42
148546733,39,2,0.046998598,0,35-42
148546734,39,2,0.083511986,0,35-42
148546737,39,2,0.83555126,1,35-42
148546738,39,2,0.6761856,0,35-42
148546740,39,2,0.04904982,0,35-42
148546741,39,2,0.014823039,0,35-42
148546746,39,2,0.027431117,0,35-42
148546937,39,2,0.13242342,0,35-42
148546939,39,2,0.109513,0,35-42
148549025,39,2,0.0136829,0,35-42
148549034,39,2,0.0143099,0,35-42
148549351,39,2,0.00069383485,0,35-42
148549354,39,2,0.00028783045,0,35-42
148549365,39,2,0.0006134976,0,35-42
148549369,39,2,0.0008989958,0,35-42
148558116,39,2,0.023976639,0,35-42
148558173,39,2,0.00011498764,0,35-42
148558252,39,2,0.007964139,0,35-42
148561156,39,2,0.007291169,0,35-42
148561385,39,2,0.00026502757,0,35-42
148562098,39,2,0.008677479,0,35-42
148562398,39,2,5.4595104e-05,0,35-42
148563652,39,2,0.00039362174,0,35-42
148563757,39,2,0.01577406,0,35-42
148563818,39,2,0.0035460955,0,35-42
148566614,39,2,0.0002416672,0,35-42
148568416,39,2,0.0002029231,0,35-42
148568937,39,2,0.00015011297,0,35-42
148568939,39,1,0.98551106,1,35-42
148568948,39,2,0.0004578424,0,35-42
148568959,39,2,0.0008795392,0,35-42
148568966,39,2,0.0093472805,0,35-42
148569208,39,2,0.000620506,0,35-42
148569249,39,2,0.0053706677,0,35-42
148569253,39,2,0.011057702,0,35-42
148569487,39,1,0.9965718,1,35-42
148569497,39,2,0.006949035,0,35-42
148569555,39,2,0.000121465535,0,35-42
148569565,39,1,0.9976993,1,35-42
148577362,39,2,0.0006197193,0,35-42
148587956,39,2,0.00023361827,0,35-42
148608910,39,2,0.0007563662,0,35-42
148608917,39,2,0.00070283853,0,35-42
148608921,39,2,0.0010600751,0,35-42
148609062,39,2,0.0006247974,0,35-42
148609616,39,2,0.00027447272,0,35-42
148612058,39,2,0.00086090394,0,35-42
148612068,39,1,0.99921703,1,35-42
148612071,39,1,0.9060247,1,35-42
148612078,39,1,0.9948866,1,35-42
148612086,39,1,0.998901,1,35-42
148612093,39,1,0.99184626,1,35-42
148612097,39,2,0.00025349983,0,35-42
148612337,39,1,0.9859261,1,35-42
148612343,39,1,0.9986745,1,35-42
148612415,39,1,0.99142003,1,35-42
148640119,39,2,0.45365024,0,35-42
148651062,39,2,0.0072226366,0,35-42
148651128,39,2,0.07750395,0,35-42
148651749,39,2,0.015413347,0,35-42
148652034,39,2,0.008559545,0,35-42
148652660,39,2,0.007846721,0,35-42
148659689,39,2,0.00048531144,0,35-42
148663563,39,2,0.020253697,0,35-42
148666022,39,2,0.060309183,0,35-42
148670107,39,2,0.003997646,0,35-42
148670312,39,2,0.00338968,0,35-42
148671662,39,2,0.00012295108,0,35-42
148671674,39,2,0.0002841127,0,35-42
148672286,39,2,0.00017013418,0,35-42
148672512,39,2,0.00026428068,0,35-42
148672524,39,2,0.00013376599,0,35-42
148673762,39,2,0.00024593255,0,35-42
148674452,39,2,0.00013636284,0,35-42
148674765,39,2,0.00014268034,0,35-42
148674769,39,2,7.623809e-05,0,35-42
148674996,39,2,0.00019206885,0,35-42
148675003,39,2,0.00024191801,0,35-42
148675735,39,2,8.47981e-05,0,35-42
148681100,39,2,0.005016942,0,35-42
148684827,39,2,0.0014424922,0,35-42
148685585,39,2,0.00039244976,0,35-42
148689046,39,2,0.00015274897,0,35-42
148694324,39,2,0.0017105612,0,35-42
148695422,39,2,0.0033138648,0,35-42
148696571,39,2,0.0076976465,0,35-42
148696813,39,2,0.0017923266,0,35-42
148697637,39,2,0.0019367953,0,35-42
148702402,39,2,0.0030811147,0,35-42
148710753,39,2,0.00013431777,0,35-42
148775335,39,2,0.00083556265,0,35-42
148775791,39,2,0.0034110409,0,35-42
148775793,39,2,0.0044970135,0,35-42
148776563,39,2,0.007748641,0,35-42
148779157,39,2,0.049530488,0,35-42
148779342,39,2,0.13057314,0,35-42
148779345,39,2,0.087323226,0,35-42
148779591,39,2,0.3975459,0,35-42
148784981,39,2,0.00011795924,0,35-42
148785271,39,2,6.654427e-05,0,35-42
148785280,39,2,0.00013557248,0,35-42
148785284,39,2,0.0002195,0,35-42
148785476,39,2,0.00014698133,0,35-42
148785723,39,2,9.8124576e-05,0,35-42
148785957,39,2,0.00010032943,0,35-42
148786236,39,2,0.0002697861,0,35-42
148786424,39,2,0.00022305877,0,35-42
148786662,39,2,0.00023499284,0,35-42
148786672,39,2,0.00020106397,0,35-42
148786683,39,2,0.0004896704,0,35-42
148786686,39,2,0.00018160813,0,35-42
148786690,39,2,0.00035400796,0,35-42
148786696,39,2,0.00018073489,0,35-42
148786700,39,2,0.00019675269,0,35-42
148788387,39,2,0.002237027,0,35-42
148789748,39,2,0.001251725,0,35-42
148790971,39,2,9.313146e-05,0,35-42
148790983,39,2,0.00013663227,0,35-42
148791084,39,2,7.265633e-05,0,35-42
148791090,39,2,0.00017663142,0,35-42
148791095,39,2,0.00012565931,0,35-42
148791392,39,2,0.00014730389,0,35-42
148791514,39,2,5.0026705e-05,0,35-42
148791595,39,2,0.00024780942,0,35-42
148791597,39,2,0.00018550534,0,35-42
148791604,39,2,0.0002166182,0,35-42
148792328,39,2,0.0001428565,0,35-42
148792567,39,2,0.00010648368,0,35-42
148792573,39,2,5.7829337e-05,0,35-42
148792825,39,2,0.00014015993,0,35-42
148793347,39,2,5.435723e-05,0,35-42
148793351,39,2,0.00014572467,0,35-42
148793541,39,2,0.00012004326,0,35-42
148793555,39,2,0.00012446736,0,35-42
148793597,39,2,7.013786e-05,0,35-42
148793781,39,2,0.00010625182,0,35-42
148809528,39,2,0.00018473683,0,35-42
148809531,39,2,0.00015240474,0,35-42
148809535,39,2,0.00015834771,0,35-42
148814510,39,2,0.00019323897,0,35-42
148814550,39,2,0.00038776954,0,35-42
148814754,39,2,7.985449e-05,0,35-42
148814755,39,2,0.00016753945,0,35-42
148814759,39,2,0.00014243647,0,35-42
148814762,39,2,0.00030133143,0,35-42
148814767,39,2,0.00010271646,0,35-42
148814770,39,2,0.00017942734,0,35-42
148815038,39,2,0.0001234819,0,35-42
148815040,39,2,0.00011418368,0,35-42
148815051,39,2,0.000120323115,0,35-42
148820482,39,2,0.0002472772,0,35-42
148827018,39,2,0.0003333134,0,35-42
148827021,39,2,0.00013667317,0,35-42
148827025,39,2,0.00013976476,0,35-42
148827030,39,2,0.00027991433,0,35-42
148827410,39,2,7.092749e-05,0,35-42
148827417,39,2,0.0002461866,0,35-42
148827422,39,2,0.00012754799,0,35-42
148827426,39,2,0.00018901343,0,35-42
148827442,39,2,0.00017361547,0,35-42
148827447,39,2,0.00038946926,0,35-42
148827450,39,2,0.00020216085,0,35-42
148827455,39,2,0.000121099394,0,35-42
148827469,39,2,9.6097836e-05,0,35-42
148827476,39,2,0.0001027827,0,35-42
148835281,39,2,0.00027305962,0,35-42
148835283,39,2,0.0008226191,0,35-42
148836219,39,2,0.0003528072,0,35-42
148836221,39,2,7.1571325e-05,0,35-42
148836228,39,2,0.00020615911,0,35-42
148836707,39,2,0.0001856232,0,35-42
148836714,39,2,0.00036746304,0,35-42
148836717,39,2,0.00035289014,0,35-42
148836720,39,2,0.00041979694,0,35-42
148836725,39,2,0.00097455486,0,35-42
148836731,39,2,0.00029876718,0,35-42
148836915,39,2,0.00018307552,0,35-42
148836921,39,2,0.00015425714,0,35-42
148836935,39,2,0.00021979133,0,35-42
148837139,39,2,9.6784715e-05,0,35-42
148837140,39,2,0.00015080492,0,35-42
148837143,39,2,0.00077323715,0,35-42
148837147,39,2,0.0005411751,0,35-42
148837342,39,2,0.0005564908,0,35-42
148837538,39,2,0.00018949523,0,35-42
148837544,39,2,9.910575e-05,0,35-42
148837760,39,2,0.0002301165,0,35-42
148837780,39,2,9.110587e-05,0,35-42
148837784,39,2,0.00016420627,0,35-42
148838180,39,2,0.00014736332,0,35-42
148838411,39,2,0.00017966566,0,35-42
148838603,39,2,0.0002577303,0,35-42
148838698,39,2,0.00019161703,0,35-42
148838708,39,2,0.00046723295,0,35-42
148838850,39,2,0.00013330759,0,35-42
148838857,39,2,0.0003133137,0,35-42
148838967,39,2,0.00031669225,0,35-42
148838970,39,2,0.0003218226,0,35-42
148838976,39,2,0.00019444904,0,35-42
148838983,39,2,0.00037297388,0,35-42
148839108,39,2,0.0003119421,0,35-42
148839226,39,2,0.00029565534,0,35-42
148839525,39,2,0.00022642704,0,35-42
148839528,39,2,0.00047220988,0,35-42
148839597,39,2,0.00019268057,0,35-42
148839603,39,2,0.00015539715,0,35-42
148839671,39,2,0.00063878734,0,35-42
148839682,39,2,0.00043996747,0,35-42
148839691,39,2,0.00019843456,0,35-42
148840585,39,2,0.00021870075,0,35-42
148840593,39,2,0.00020618936,0,35-42
148841333,39,2,4.5085897e-05,0,35-42
148841337,39,2,0.00021721509,0,35-42
148841438,39,2,9.748422e-05,0,35-42
148841441,39,2,0.00026658233,0,35-42
148841669,39,2,0.0004424603,0,35-42
148841677,39,2,0.00035578746,0,35-42
148841686,39,2,0.00011289497,0,35-42
148841737,39,2,0.0004202462,0,35-42
148841741,39,2,0.00013287674,0,35-42
148841744,39,2,0.00021342408,0,35-42
148841749,39,2,0.00057147525,0,35-42
148841754,39,2,0.0007245851,0,35-42
148841758,39,2,0.00036282642,0,35-42
148841911,39,2,0.00035416157,0,35-42
148841925,39,2,7.270575e-05,0,35-42
148841982,39,2,0.0003383426,0,35-42
148841987,39,2,0.0002596061,0,35-42
148841991,39,2,0.000292201,0,35-42
148841996,39,2,0.0001274246,0,35-42
148842013,39,2,0.00014399942,0,35-42
148842019,39,2,0.00021227622,0,35-42
148842091,39,2,0.0001578692,0,35-42
148842226,39,2,9.003674e-05,0,35-42
148842230,39,2,0.00021959085,0,35-42
148842316,39,2,0.00010892588,0,35-42
148842318,39,2,0.0003033162,0,35-42
148842322,39,2,0.00021439554,0,35-42
148843157,39,2,0.00026362838,0,35-42
148843334,39,2,0.0003448254,0,35-42
148843537,39,2,0.0002801872,0,35-42
148843735,39,2,0.00056376343,0,35-42
148843954,39,2,0.0004190459,0,35-42
148844172,39,2,0.0006359751,0,35-42
148844409,39,2,0.00021845399,0,35-42
148844412,39,2,0.0003173983,0,35-42
148844421,39,2,0.00017502347,0,35-42
148844425,39,2,0.00014832066,0,35-42
148844431,39,2,7.1876784e-05,0,35-42
148844437,39,2,0.00024885594,0,35-42
148844753,39,2,0.00016981039,0,35-42
148844984,39,2,0.0003431369,0,35-42
148844993,39,2,0.00018193795,0,35-42
148845257,39,2,0.00018035152,0,35-42
148845306,39,2,0.00042115635,0,35-42
148845311,39,2,0.00077528023,0,35-42
148845451,39,2,0.00017683955,0,35-42
148845459,39,2,0.000109853514,0,35-42
148845467,39,2,0.00022937676,0,35-42
148845495,39,2,0.00023622725,0,35-42
148845691,39,2,0.00036560342,0,35-42
148845696,39,2,0.0001487793,0,35-42
148845907,39,2,0.0002006329,0,35-42
148845909,39,2,0.0004251522,0,35-42
148847277,39,2,8.656846e-05,0,35-42
148847495,39,2,0.00029745835,0,35-42
148847511,39,2,9.1301816e-05,0,35-42
148847516,39,2,0.0002215547,0,35-42
148847719,39,2,0.00012164148,0,35-42
148847729,39,2,8.356749e-05,0,35-42
148847738,39,2,0.00028873084,0,35-42
148847746,39,2,0.000118625416,0,35-42
148847751,39,2,0.00037658584,0,35-42
148847757,39,2,6.1520164e-05,0,35-42
148847760,39,2,6.605769e-05,0,35-42
148847766,39,2,0.00017194822,0,35-42
148847772,39,2,0.0002320326,0,35-42
148847776,39,2,0.00019079116,0,35-42
148847783,39,2,0.0002244568,0,35-42
148847791,39,2,0.00030092607,0,35-42
148847797,39,2,0.0001275964,0,35-42
148847802,39,2,0.00021585554,0,35-42
148849217,39,2,0.0003389699,0,35-42
148849226,39,2,0.00036130648,0,35-42
148849253,39,2,0.00050165894,0,35-42
148849276,39,2,0.00019191617,0,35-42
148849528,39,2,0.000519445,0,35-42
148849532,39,2,0.0001743469,0,35-42
148849789,39,2,0.0002852173,0,35-42
148849989,39,2,4.704202e-05,0,35-42
148850207,39,2,0.00010340696,0,35-42
148850213,39,2,0.00015118632,0,35-42
148850220,39,2,0.00015700782,0,35-42
148850403,39,2,0.0005339447,0,35-42
148850410,39,2,0.0002682344,0,35-42
148850425,39,2,7.779785e-05,0,35-42
148850433,39,2,0.00034867105,0,35-42
148850625,39,2,0.00033444754,0,35-42
148850662,39,2,0.00029027124,0,35-42
148850670,39,2,0.0002606577,0,35-42
148850890,39,2,0.00013673145,0,35-42
148850893,39,2,0.00011354004,0,35-42
148851798,39,2,0.00044842868,0,35-42
148851806,39,2,0.00014872952,0,35-42
148852054,39,2,0.0003577121,0,35-42
148852182,39,2,0.00042615485,0,35-42
148852286,39,2,0.00064428034,0,35-42
148852292,39,2,0.00018754815,0,35-42
148852394,39,2,0.00011844367,0,35-42
148852400,39,2,0.00014066845,0,35-42
148852478,39,2,0.00011125285,0,35-42
148852485,39,2,9.212978e-05,0,35-42
148852579,39,2,0.00014778547,0,35-42
148854300,39,2,0.00030737917,0,35-42
148854456,39,2,0.0007982677,0,35-42
148854538,39,2,0.00022689685,0,35-42
148854546,39,2,6.4805245e-05,0,35-42
148854549,39,2,0.00016470494,0,35-42
148854554,39,2,0.00022985996,0,35-42
148854559,39,2,0.0004195001,0,35-42
148857514,39,2,8.1398925e-05,0,35-42
148857937,39,2,0.00023555094,0,35-42
148857948,39,2,0.00019196523,0,35-42
148857969,39,2,0.00021398749,0,35-42
148859827,39,2,8.14943e-05,0,35-42
148860009,39,2,0.00013789597,0,35-42
148860038,39,2,0.00013939847,0,35-42
148860424,39,2,0.00010296741,0,35-42
148861092,39,2,5.9545055e-05,0,35-42
148861809,39,2,0.00010432847,0,35-42
148863481,39,2,0.00016607363,0,35-42
148863745,39,2,0.0005333282,0,35-42
148863756,39,2,0.00025941659,0,35-42
148863771,39,2,0.00019018452,0,35-42
148863776,39,2,0.0001958283,0,35-42
148864043,39,2,0.0004426267,0,35-42
148864243,39,2,0.0001410082,0,35-42
148864245,39,2,0.00010828297,0,35-42
148864796,39,2,0.000115153656,0,35-42
148864800,39,2,0.00016063708,0,35-42
148864802,39,2,0.0003022118,0,35-42
148867642,39,2,7.6302094e-05,0,35-42
148870987,39,2,0.00012442097,0,35-42
148881439,39,1,0.04999041,0,35-42
148886495,39,2,0.03116177,0,35-42
148887174,39,2,0.026443522,0,35-42
148892351,39,2,0.0001216445,0,35-42
149127367,39,1,0.99686,1,35-42
149127368,39,1,0.9669585,1,35-42
149129137,39,1,0.9991916,1,35-42
149129504,39,1,0.910376,1,35-42
149130813,39,1,0.993558,1,35-42
149133653,39,1,0.999081,1,35-42
149134780,39,2,0.009656559,0,35-42
149134785,39,2,0.007730829,0,35-42
149134786,39,1,0.9934882,1,35-42
149136914,39,1,0.97113806,1,35-42
149137272,39,2,0.015155739,0,35-42
149138176,39,1,0.9555561,1,35-42
149141236,39,2,0.000856244,0,35-42
149141241,39,2,0.00022641322,0,35-42
149141685,39,2,0.0001007999,0,35-42
149141687,39,2,0.0001220734,0,35-42
149142368,39,2,9.767227e-05,0,35-42
149143123,39,2,0.00014962953,0,35-42
149143543,39,2,0.00014606063,0,35-42
149144099,39,2,0.009797314,0,35-42
149144836,39,2,0.0063176625,0,35-42
149144930,39,2,7.735016e-05,0,35-42
149145257,39,2,0.00025037528,0,35-42
149145534,39,2,0.0010956445,0,35-42
149145544,39,2,0.00044153695,0,35-42
149145644,39,2,0.00041488148,0,35-42
149145660,39,2,0.00022290804,0,35-42
149146581,39,2,0.0006535866,0,35-42
149146859,39,2,0.004142603,0,35-42
149147165,39,2,0.021359712,0,35-42
149147366,39,2,0.00031616702,0,35-42
149148222,39,2,0.00023404029,0,35-42
149149225,39,2,0.0003076061,0,35-42
149149252,39,2,6.979385e-05,0,35-42
149149308,39,2,0.006894772,0,35-42
149149499,39,2,0.00012407063,0,35-42
149152472,39,2,0.0042999187,0,35-42
149153021,39,2,2.8210177e-05,0,35-42
149153540,39,2,0.0003804405,0,35-42
149153543,39,2,0.00024308423,0,35-42
149154428,39,2,0.0004529022,0,35-42
149154533,39,2,0.09972726,0,35-42
149154713,39,2,0.00027220132,0,35-42
149154717,39,2,0.00012368201,0,35-42
149154721,39,2,0.00016424323,0,35-42
149154841,39,2,0.0026683805,0,35-42
149156610,39,2,0.000117893345,0,35-42
149156780,39,2,9.497954e-05,0,35-42
149157468,39,2,9.879824e-05,0,35-42
149157473,39,2,0.0003335178,0,35-42
149157475,39,2,5.812341e-05,0,35-42
149157549,39,2,0.016901644,0,35-42
149157885,39,2,0.12250733,0,35-42
149157890,39,2,0.20679688,0,35-42
149157913,39,2,0.0037264714,0,35-42
149157916,39,2,0.009435189,0,35-42
149158077,39,2,9.104968e-05,0,35-42
149158079,39,2,0.018841349,0,35-42
149158419,39,2,0.00035197625,0,35-42
149158704,39,2,0.00071088714,0,35-42
149158766,39,2,0.00034628744,0,35-42
149158775,39,2,7.9052516e-05,0,35-42
149158779,39,2,0.004196011,0,35-42
149158782,39,2,0.000253336,0,35-42
149159027,39,2,5.3646472e-05,0,35-42
149159034,39,2,0.028128952,0,35-42
149159040,39,2,0.00012336187,0,35-42
149159056,39,2,0.00043733296,0,35-42
149159379,39,2,0.0011360986,0,35-42
149159400,39,2,5.4231412e-05,0,35-42
149159419,39,2,9.353436e-05,0,35-42
149159420,39,2,0.00014641286,0,35-42
149159427,39,2,9.353436e-05,0,35-42
149159429,39,2,0.00012739046,0,35-42
149159646,39,2,0.000284544,0,35-42
149159892,39,2,0.00027562235,0,35-42
149159898,39,2,0.00012184104,0,35-42
149159900,39,2,0.00012336187,0,35-42
149159922,39,2,0.33373845,0,35-42
149160215,39,2,0.003113953,0,35-42
149160216,39,2,0.00020801493,0,35-42
149160223,39,2,9.7849304e-05,0,35-42
149160225,39,2,0.13117646,0,35-42
149160231,39,2,0.022978773,0,35-42
149160551,39,2,0.07702313,0,35-42
149160552,39,2,0.0013792902,0,35-42
149160558,39,2,0.00035937896,0,35-42
149161130,39,2,0.012565328,0,35-42
149161343,39,2,0.0033354992,0,35-42
149161349,39,2,7.3480755e-05,0,35-42
149161606,39,2,0.03177155,0,35-42
149161627,39,2,0.017067693,0,35-42
149161642,39,1,0.99732363,1,35-42
149161646,39,2,0.016316984,0,35-42
149161656,39,2,0.00027429746,0,35-42
149161658,39,2,0.00023593057,0,35-42
149161668,39,2,0.1601108,0,35-42
149161688,39,2,0.0010973827,0,35-42
149161853,39,2,0.028208489,0,35-42
149161859,39,2,0.0044245915,0,35-42
149161874,39,2,0.025151258,0,35-42
149161879,39,2,0.002439473,0,35-42
149161925,39,2,0.28516555,0,35-42
149162144,39,2,0.0002634128,0,35-42
149162476,39,2,0.00045095844,0,35-42
149162480,39,2,0.00023731649,0,35-42
149163057,39,1,0.9799517,1,35-42
149167406,39,2,0.000506404,0,35-42
149167747,39,2,0.00010554544,0,35-42
149167759,39,2,7.0873e-05,0,35-42
149168096,39,2,0.005923938,0,35-42
149168097,39,2,0.001065835,0,35-42
149168099,39,2,3.8027458e-05,0,35-42
149180560,39,2,0.00015923863,0,35-42
149182410,39,2,0.00037086854,0,35-42
149182416,39,2,9.0715854e-05,0,35-42
149182418,39,2,0.00012625924,0,35-42
149182610,39,2,0.00026522524,0,35-42
149182616,39,2,0.00023840596,0,35-42
149182868,39,2,0.00021977666,0,35-42
149182874,39,2,0.00023012418,0,35-42
149182998,39,2,0.0003695995,0,35-42
149184521,39,2,0.00070959266,0,35-42
149184527,39,2,0.00043238656,0,35-42
149184531,39,2,0.00020568866,0,35-42
149184534,39,2,0.0001218709,0,35-42
149184536,39,2,0.0005124664,0,35-42
149184543,39,2,0.0005469593,0,35-42
149184852,39,2,0.0010130763,0,35-42
149184853,39,2,0.0007880909,0,35-42
149184867,39,2,0.0004822488,0,35-42
149185296,39,2,0.001039026,0,35-42
149185303,39,2,0.00023207377,0,35-42
149185308,39,2,0.00035948603,0,35-42
149185311,39,2,7.187699e-05,0,35-42
149185574,39,2,0.00018836142,0,35-42
149186550,39,2,0.015731616,0,35-42
149186557,39,2,0.0007697018,0,35-42
149194772,39,2,0.0001774938,0,35-42
149194782,39,2,0.00013274705,0,35-42
149194813,39,2,0.00021593849,0,35-42
149206109,39,2,0.00014088671,0,35-42
149206442,39,2,0.00020733457,0,35-42
149235590,39,2,0.0006977178,0,35-42
149239379,39,2,0.00021071121,0,35-42
149247215,39,2,0.0003736825,0,35-42
149545531,39,2,0.0030638843,0,35-42
149547729,39,2,0.27550554,0,35-42
149550709,39,2,0.00045883527,0,35-42
149554273,39,2,0.014681206,0,35-42
149554286,39,2,0.019358922,0,35-42
149554287,39,2,0.032481857,0,35-42
149554553,39,2,0.01151288,0,35-42
149554557,39,2,0.023428775,0,35-42
149554720,39,2,0.004356438,0,35-42
149555693,39,2,0.022708105,0,35-42
149556040,39,2,0.00021141677,0,35-42
149556734,39,2,0.00017727951,0,35-42
149556776,39,2,0.0028660437,0,35-42
149556924,39,2,0.00017340189,0,35-42
149556981,39,2,0.00013042,0,35-42
149560434,39,2,0.0060339286,0,35-42
149566791,39,2,0.1468593,0,35-42
149566798,39,2,0.010986119,0,35-42
149566960,39,2,0.025227927,0,35-42
149566964,39,2,0.022256618,0,35-42
149567145,39,2,0.047904596,0,35-42
149567146,39,2,0.09842296,0,35-42
149567173,39,2,0.06311645,0,35-42
149567175,39,2,0.18409562,0,35-42
149567177,39,2,0.15890948,0,35-42
149567178,39,2,0.08186995,0,35-42
149567348,39,2,0.20314388,0,35-42
149567349,39,2,0.124114074,0,35-42
149567350,39,2,0.34145987,0,35-42
149567351,39,2,0.09327591,0,35-42
149567352,39,2,0.030338522,0,35-42
149567353,39,2,0.09927493,0,35-42
149567355,39,2,0.44914368,0,35-42
149567357,39,2,0.1579968,0,35-42
149567358,39,2,0.019001674,0,35-42
149567360,39,2,0.080615506,0,35-42
149567361,39,2,0.025337705,0,35-42
149567365,39,2,0.19257048,0,35-42
149567366,39,2,0.07589903,0,35-42
149567368,39,2,0.57243526,0,35-42
149567373,39,2,0.070252955,0,35-42
149567381,39,2,0.05093977,0,35-42
149567382,39,2,0.042823423,0,35-42
149567385,39,2,0.005665028,0,35-42
149567605,39,2,0.08540128,0,35-42
149567836,39,2,0.000700044,0,35-42
149567839,39,2,0.0004849159,0,35-42
149567862,39,2,0.00053377834,0,35-42
149568051,39,2,0.00021461377,0,35-42
149568452,39,2,0.00025754928,0,35-42
149568664,39,2,0.10207724,0,35-42
149569098,39,2,0.00028282788,0,35-42
149569105,39,2,0.0007706214,0,35-42
149569112,39,2,0.026559548,0,35-42
149569356,39,2,0.0017903645,0,35-42
149569363,39,2,0.00041028712,0,35-42
149569447,39,2,0.032782182,0,35-42
149569449,39,2,0.0014760675,0,35-42
149569586,39,2,0.00055529387,0,35-42
149569587,39,2,0.007207652,0,35-42
149569589,39,2,0.017573712,0,35-42
149570217,39,2,0.0018136945,0,35-42
149570228,39,2,0.050091688,0,35-42
149570245,39,2,0.097683184,0,35-42
149570295,39,2,0.00019048923,0,35-42
149570718,39,2,0.0028973676,0,35-42
149570732,39,2,0.07319499,0,35-42
149570733,39,2,0.041277792,0,35-42
149570735,39,2,0.24857338,0,35-42
149570736,39,2,0.30363593,0,35-42
149570739,39,2,0.1103815,0,35-42
149570741,39,2,0.52894837,0,35-42
149570742,39,2,0.6054494,0,35-42
149570743,39,2,0.09007828,0,35-42
149571659,39,2,0.0007842918,0,35-42
149571669,39,2,0.00087843783,0,35-42
149572322,39,2,0.0005403733,0,35-42
149574863,39,2,0.00014413171,0,35-42
149575082,39,2,0.00013608369,0,35-42
149575269,39,2,8.8829074e-05,0,35-42
149575523,39,2,0.00014025779,0,35-42
149575529,39,2,0.00015558634,0,35-42
149575708,39,2,0.00013471463,0,35-42
149575718,39,2,0.00012761976,0,35-42
149576538,39,2,0.00021976659,0,35-42
149576866,39,2,0.028953344,0,35-42
149577477,39,2,0.018279063,0,35-42
149578568,39,2,0.0036311152,0,35-42
149579623,39,2,0.083997875,0,35-42
149581022,39,2,0.000101446545,0,35-42
149581500,39,2,0.003976721,0,35-42
149582234,39,2,0.00034667653,0,35-42
149583032,39,2,0.00025493567,0,35-42
149583447,39,2,0.00020524453,0,35-42
149583464,39,2,9.383113e-05,0,35-42
149583508,39,2,0.0002258789,0,35-42
149583899,39,2,0.0007630501,0,35-42
149585277,39,2,0.0023483147,0,35-42
149585998,39,2,0.0002075753,0,35-42
149587469,39,2,0.0017250313,0,35-42
149588181,39,2,0.10105914,0,35-42
149590943,39,2,0.002257366,0,35-42
149596030,39,2,0.0003823393,0,35-42
149596203,39,2,0.00032436967,0,35-42
149596405,39,2,0.00028439728,0,35-42
149596407,39,2,0.00014658691,0,35-42
149596410,39,2,0.00023744005,0,35-42
149596415,39,2,0.00026326996,0,35-42
149596432,39,2,0.00019512637,0,35-42
149605448,39,2,0.00046639613,0,35-42
149605643,39,2,0.00035500177,0,35-42
149605800,39,2,0.0003328425,0,35-42
149605802,39,2,0.20756629,0,35-42
149605861,39,2,0.05576317,0,35-42
149605863,39,1,0.005579674,0,35-42
149605864,39,2,0.022084508,0,35-42
149627692,39,2,5.0379545e-05,0,35-42
149627694,39,2,0.00021307782,0,35-42
149627699,39,2,0.00015058981,0,35-42
149627773,39,2,0.00027430008,0,35-42
149627922,39,2,0.00035127028,0,35-42
149627934,39,2,0.00041017524,0,35-42
149627944,39,2,0.00020662036,0,35-42
149628144,39,2,0.0005649977,0,35-42
149628196,39,2,0.00026636155,0,35-42
149628339,39,2,0.00019290704,0,35-42
149635859,39,2,0.00045667644,0,35-42
149636003,39,2,0.07066855,0,35-42
149642525,39,2,3.3725097e-05,0,35-42
149662178,39,1,0.9478726,1,35-42
149686262,39,2,0.06401287,0,35-42
149687787,39,2,0.026035843,0,35-42
149691707,39,2,0.00021113757,0,35-42
149691712,39,2,0.00020736067,0,35-42
149697841,39,2,7.1193055e-05,0,35-42
149697870,39,2,0.00018639718,0,35-42
149698018,39,2,0.00019362739,0,35-42
149698020,39,2,0.000101468024,0,35-42
149698196,39,2,0.00022114527,0,35-42
149698204,39,2,0.00014794931,0,35-42
149698379,39,2,0.0001866193,0,35-42
149698578,39,2,0.00015615112,0,35-42
149698582,39,2,0.00028391773,0,35-42
149698741,39,2,7.1976785e-05,0,35-42
149698759,39,2,0.0001564838,0,35-42
149699871,39,2,3.7238056e-05,0,35-42
149701842,39,2,0.00021828117,0,35-42
149701845,39,2,0.00024041788,0,35-42
149702077,39,2,0.00013441348,0,35-42
149702534,39,2,0.00028985617,0,35-42
149702721,39,2,0.00023901458,0,35-42
149702838,39,2,0.00044435577,0,35-42
149704411,39,2,0.0001220635,0,35-42
149704414,39,2,0.0002863139,0,35-42
149704419,39,2,0.000117785465,0,35-42
149704421,39,2,0.00021205028,0,35-42
149704787,39,2,0.00043920233,0,35-42
149704952,39,2,0.0003175854,0,35-42
149705064,39,2,6.3026026e-05,0,35-42
149705190,39,2,0.00020974546,0,35-42
149705268,39,2,0.00019862574,0,35-42
149705272,39,2,0.00014283416,0,35-42
149705279,39,2,0.00027553304,0,35-42
149705288,39,2,0.00021102304,0,35-42
149705536,39,2,7.048316e-05,0,35-42
149705540,39,2,0.0001546905,0,35-42
149705552,39,2,0.00021871658,0,35-42
149705556,39,2,0.00018984644,0,35-42
149705600,39,2,0.00010135237,0,35-42
149705605,39,2,0.00012399447,0,35-42
149705613,39,2,0.00013164834,0,35-42
149705617,39,2,0.00013362984,0,35-42
149705621,39,2,7.5410775e-05,0,35-42
149707492,39,2,5.9570044e-05,0,35-42
149707497,39,2,4.7296933e-05,0,35-42
149707545,39,2,0.00013376574,0,35-42
149707731,39,2,0.00021263458,0,35-42
149707987,39,2,4.715116e-05,0,35-42
149708968,39,2,0.00010091472,0,35-42
149709242,39,2,9.6294134e-05,0,35-42
149709253,39,2,0.00018488978,0,35-42
149709788,39,2,0.00010745034,0,35-42
149709792,39,2,0.00032734047,0,35-42
149709793,39,2,0.0001868955,0,35-42
149709797,39,2,0.00022322302,0,35-42
149709818,39,2,0.0001223119,0,35-42
149710201,39,2,0.0002193569,0,35-42
149710202,39,2,0.00020980967,0,35-42
149710296,39,2,0.00034392846,0,35-42
149710436,39,2,9.100523e-05,0,35-42
149710438,39,2,0.00023764027,0,35-42
149710443,39,2,0.00011912872,0,35-42
149710449,39,2,0.00018991524,0,35-42
149712634,39,2,0.00013181026,0,35-42
149714324,39,2,0.00019563086,0,35-42
149751920,39,2,0.00032413102,0,35-42
149751923,39,2,0.00012229464,0,35-42
149753094,39,2,0.00011513543,0,35-42
149753097,39,2,8.52098e-05,0,35-42
149753103,39,2,0.00018662286,0,35-42
149753105,39,2,0.00015358905,0,35-42
149753108,39,2,0.0002818443,0,35-42
149753117,39,2,7.266485e-05,0,35-42
149753120,39,2,0.00011404428,0,35-42
149753123,39,2,0.00012793911,0,35-42
149753125,39,2,7.921619e-05,0,35-42
149753128,39,2,0.00012713866,0,35-42
149753132,39,2,0.00013659592,0,35-42
149753138,39,2,0.00014483462,0,35-42
149753139,39,2,0.00013166016,0,35-42
149753141,39,2,0.0004165995,0,35-42
149753145,39,2,9.495491e-05,0,35-42
149753147,39,2,0.0002908247,0,35-42
149753151,39,2,0.00010972862,0,35-42
149762345,39,2,6.763216e-05,0,35-42
149762982,39,1,0.6726852,0,35-42
149763077,39,2,0.009186035,0,35-42
149763387,39,2,0.017521668,0,35-42
149774188,39,2,0.016541258,0,35-42
149774409,39,2,0.004734706,0,35-42
149785207,39,2,0.021082977,0,35-42
149785359,39,2,0.009612407,0,35-42
149785404,39,2,0.017452981,0,35-42
149796884,39,2,0.0049753273,0,35-42
149798110,39,2,0.08239092,0,35-42
149798246,39,2,0.017218215,0,35-42
149798422,39,2,0.01350025,0,35-42
149798584,39,1,0.08556995,0,35-42
149823959,39,2,0.0033232963,0,35-42
149833120,39,2,0.00010955005,0,35-42
149833420,39,2,0.010601119,0,35-42
150020105,39,2,0.017576093,0,35-42
150020258,39,2,0.0031823672,0,35-42
150020701,39,2,0.00034315832,0,35-42
150020806,39,2,0.024591532,0,35-42
150280422,39,2,0.0034480712,0,35-42
150403732,39,2,0.016177664,0,35-42
150413125,39,1,0.99915326,1,35-42
150413127,39,1,0.999286,1,35-42
150413143,39,1,0.99081624,1,35-42
150413145,39,1,0.99343324,1,35-42
150434526,39,2,0.0001616589,0,35-42
150839443,39,2,0.0011933857,0,35-42
150866550,39,2,0.038599532,0,35-42
151183340,39,2,0.019321296,0,35-42
151187053,39,1,0.99920005,1,35-42
151187057,39,1,0.99934,1,35-42
151190824,39,2,0.00429131,0,35-42
151190965,39,1,0.93306416,1,35-42
151192199,39,2,0.00073701655,0,35-42
151192648,39,1,0.740707,1,35-42
151192988,39,2,0.03226582,0,35-42
151193187,39,2,0.025599435,0,35-42
151193455,39,1,0.97029257,1,35-42
151193805,39,2,7.760379e-05,0,35-42
151195593,39,1,0.9141782,1,35-42
151200839,39,2,0.03967583,0,35-42
151200842,39,2,0.006180067,0,35-42
151200845,39,2,0.033206657,0,35-42
151200949,39,2,0.029031118,0,35-42
151200952,39,2,0.0017050552,0,35-42
151200956,39,2,0.009479613,0,35-42
151202385,39,2,0.00045129174,0,35-42
151202411,39,2,0.0006685446,0,35-42
151203481,39,2,0.0064082826,0,35-42
151203489,39,2,0.037352804,0,35-42
151203504,39,2,0.07559494,0,35-42
151206980,39,1,0.9103775,1,35-42
151210131,39,2,0.0012427848,0,35-42
151211046,39,1,0.99814844,1,35-42
151211053,39,2,0.0095311375,0,35-42
151217551,39,2,0.16825975,0,35-42
151217554,39,2,0.15462087,0,35-42
151222468,39,2,0.0013224852,0,35-42
151222478,39,2,0.14035696,0,35-42
151223098,39,2,0.048841517,0,35-42
151223380,39,2,0.54379094,0,35-42
151223769,39,2,0.40229034,0,35-42
151223773,39,2,0.08628937,0,35-42
151224076,39,2,0.063502915,0,35-42
151224724,39,2,0.07426685,0,35-42
151224732,39,2,0.0313803,0,35-42
151227267,39,1,0.99798775,1,35-42
151227324,39,2,0.02103317,0,35-42
151227879,39,2,4.853106e-05,0,35-42
151227881,39,2,0.00036380294,0,35-42
151228201,39,2,0.0001764254,0,35-42
151229968,39,2,0.041439526,0,35-42
151229972,39,2,0.37522373,0,35-42
151229975,39,2,0.09631301,0,35-42
151230204,39,2,0.117444895,0,35-42
151235261,39,2,0.49808708,0,35-42
151237618,39,2,0.0009936417,0,35-42
151238012,39,2,0.0005070103,0,35-42
151249246,39,2,0.005549496,0,35-42
151249253,39,2,0.011894639,0,35-42
151249264,39,2,0.0012174121,0,35-42
151249353,39,2,0.0016377806,0,35-42
151249374,39,2,0.0072822627,0,35-42
151258418,39,2,0.025621252,0,35-42
151259051,39,2,0.00030503032,0,35-42
151264192,39,2,0.06637279,0,35-42
151264194,39,2,0.0075649954,0,35-42
151564883,39,2,0.0051959082,0,35-42
151599761,39,1,0.96993655,1,35-42
151752242,39,1,0.99198496,1,35-42
151769971,39,2,0.0033047788,0,35-42
151776575,39,2,0.0010421497,0,35-42
152162148,39,2,0.011311978,0,35-42
152340559,39,2,0.038645234,0,35-42
152342510,39,2,0.009469526,0,35-42
152359024,39,1,0.9992077,1,35-42
152359025,39,1,0.9874143,1,35-42
152361795,39,2,0.00043069955,0,35-42
152616724,39,2,0.00218319,0,35-42
152650997,39,2,0.008681204,0,35-42
152702148,39,2,0.021675793,0,35-42
153191075,39,2,0.0009824549,0,35-42
153487492,39,2,0.01315574,0,35-42
154678900,39,2,0.000110805624,0,35-42
155508771,39,2,0.00057380996,0,35-42
156747392,39,2,0.015760252,0,35-42
157183994,39,2,0.0045444933,0,35-42
158222858,39,2,0.058600854,0,35-42
160054606,39,2,0.0063841934,0,35-42
161393791,39,1,0.9995579,1,35-42
161397347,39,1,0.99534446,1,35-42
161397569,39,1,0.9955568,1,35-42
161398548,39,1,0.9848898,1,35-42
161399330,39,1,0.9988481,1,35-42
161400021,39,1,0.98603487,1,35-42
161400964,39,1,0.9922201,1,35-42
161406701,39,1,0.99903893,1,35-42
161409781,39,2,0.009684402,0,35-42
161412045,39,1,0.9978097,1,35-42
161414170,39,1,0.9926682,1,35-42
161424042,39,1,0.9977634,1,35-42
161441715,39,2,0.0009314398,0,35-42
161475428,39,2,0.0018202029,0,35-42
161486159,39,2,0.012921537,0,35-42
161490270,39,2,0.018999511,0,35-42
161583948,39,2,0.025682988,0,35-42
161584194,39,2,0.008869243,0,35-42
162419259,39,1,0.9844487,1,35-42
162421885,39,1,0.9865585,1,35-42
162424040,39,1,0.9975172,1,35-42
162424200,39,1,0.9988226,1,35-42
162424247,39,1,0.9720266,1,35-42
162425208,39,2,0.021322597,0,35-42
162428632,39,1,0.98323417,1,35-42
162433829,39,1,0.99880147,1,35-42
162434060,39,2,0.04160133,0,35-42
162434525,39,2,0.042479724,0,35-42
162434531,39,2,0.025631946,0,35-42
162434599,39,2,0.011746555,0,35-42
162435482,39,1,0.9990019,1,35-42
162435501,39,2,0.0075937035,0,35-42
162435684,39,2,0.018628696,0,35-42
162437519,39,1,0.99948514,1,35-42
162438319,39,1,0.9994435,1,35-42
162438330,39,2,4.7701113e-05,0,35-42
162451117,39,2,0.00018913602,0,35-42
162514393,39,2,0.00027744152,0,35-42
172562,40,2,0.00017155617,0,35-42
797419,40,2,4.803943e-05,0,35-42
880825,40,2,3.762744e-05,0,35-42
886996,40,2,0.029260486,0,35-42
905123,40,2,9.700702e-05,0,35-42
924065,40,2,0.00010093994,0,35-42
1255894,40,2,0.00011726022,0,35-42
1255910,40,2,0.00057227624,0,35-42
1261936,40,2,0.0008243768,0,35-42
1338889,40,2,0.00016532077,0,35-42
1342246,40,2,0.00039028394,0,35-42
1343295,40,2,0.0018063346,0,35-42
1347516,40,2,5.347327e-05,0,35-42
1351021,40,2,0.0004372779,0,35-42
1351110,40,2,0.00025271747,0,35-42
2393072,40,1,0.09184297,0,35-42
3279974,40,2,0.00013816764,0,35-42
3426501,40,2,8.9598645e-05,0,35-42
3814678,40,2,1.650735e-05,0,35-42
3814868,40,2,9.15427e-05,0,35-42
3814914,40,2,0.00013907944,0,35-42
4105224,40,2,0.00022710118,0,35-42
4261635,40,2,4.371448e-05,0,35-42
4669579,40,2,0.00010582249,0,35-42
4823515,40,2,4.079183e-05,0,35-42
4860461,40,2,0.00012297441,0,35-42
6046631,40,2,0.00020185113,0,35-42
6076330,40,2,0.00017609599,0,35-42
6245395,40,1,0.9970278,1,35-42
6266706,40,2,0.0005650166,0,35-42
6851025,40,2,0.017146315,0,35-42
6951204,40,2,0.0021372563,0,35-42
6960653,40,2,0.0014755854,0,35-42
6975200,40,2,0.016137868,0,35-42
6978169,40,2,4.401008e-05,0,35-42
6978671,40,2,0.09288496,0,35-42
6978672,40,2,0.003973366,0,35-42
6978676,40,2,0.00900374,0,35-42
6978680,40,2,0.00020007032,0,35-42
6979086,40,2,4.179368e-05,0,35-42
6979416,40,2,0.00010362994,0,35-42
6979648,40,2,0.010494279,0,35-42
6979658,40,2,0.00010482298,0,35-42
6979659,40,2,0.00042624015,0,35-42
6989909,40,2,0.000101392485,0,35-42
7244429,40,2,0.023004651,0,35-42
7590514,40,2,0.007433669,0,35-42
7658107,40,2,2.9524977e-05,0,35-42
7817123,40,2,0.00036948395,0,35-42
7951563,40,2,0.00011182773,0,35-42
7951587,40,2,7.423917e-05,0,35-42
7952088,40,2,0.0037227413,0,35-42
7952092,40,2,0.0003701949,0,35-42
7952270,40,2,0.0017745525,0,35-42
7952321,40,2,0.00017807762,0,35-42
7952333,40,2,0.00010049288,0,35-42
7952929,40,2,4.1614792e-05,0,35-42
7952945,40,2,0.000123163,0,35-42
7971077,40,2,7.582764e-05,0,35-42
9014737,40,2,0.024328457,0,35-42
9015009,40,2,0.00076264417,0,35-42
9015011,40,2,0.0010745401,0,35-42
9138283,40,2,0.006471113,0,35-42
9534486,40,2,0.00010848471,0,35-42
9904238,40,2,2.3943458e-05,0,35-42
9969789,40,2,0.0001056396,0,35-42
10178929,40,2,0.00027706378,0,35-42
10178973,40,2,0.0003593995,0,35-42
10247466,40,2,2.7838354e-05,0,35-42
12117243,40,2,3.19251e-05,0,35-42
12462446,40,2,0.000339399,0,35-42
12843031,40,2,0.00031374773,0,35-42
13344762,40,2,0.00021525766,0,35-42
13425690,40,2,0.04723392,0,35-42
13909471,40,2,0.00026561317,0,35-42
13916444,40,2,0.00022195834,0,35-42
14193907,40,2,9.100637e-05,0,35-42
14393317,40,2,0.00012097808,0,35-42
14544722,40,2,0.0010808798,0,35-42
15689800,40,2,0.00015009666,0,35-42
16812328,40,2,0.00010566226,0,35-42
16838611,40,2,4.5945293e-05,0,35-42
17290276,40,2,0.00022622355,0,35-42
17290351,40,2,0.00026768868,0,35-42
17890509,40,2,8.778741e-05,0,35-42
17932049,40,2,0.0004231219,0,35-42
18018237,40,2,7.718253e-05,0,35-42
18864639,40,2,3.462524e-05,0,35-42
19229484,40,2,0.00014334978,0,35-42
19263569,40,2,0.0004313082,0,35-42
19357391,40,2,0.43537018,0,35-42
19603231,40,2,0.033708617,0,35-42
19675050,40,2,0.0016133984,0,35-42
19754896,40,2,0.006496291,0,35-42
19801917,40,2,0.0001875435,0,35-42
21004667,40,2,4.375844e-05,0,35-42
21021259,40,2,4.1729043e-05,0,35-42
22502070,40,2,0.00012231074,0,35-42
22649404,40,2,9.095674e-05,0,35-42
23344692,40,2,0.00010778705,0,35-42
24704981,40,2,4.240289e-05,0,35-42
26240495,40,2,0.016623925,0,35-42
27282455,40,2,0.008222737,0,35-42
27331982,40,2,4.755323e-05,0,35-42
27558167,40,2,7.243088e-05,0,35-42
27558169,40,2,5.1001476e-05,0,35-42
27558289,40,2,0.0028545463,0,35-42
27558298,40,2,0.004330034,0,35-42
27558306,40,2,2.0237001e-05,0,35-42
27558494,40,2,0.01097995,0,35-42
27559060,40,2,0.07571667,0,35-42
27607815,40,2,0.0027905842,0,35-42
27765489,40,2,0.00945026,0,35-42
27973222,40,2,0.00018941196,0,35-42
27998088,40,2,6.497002e-05,0,35-42
28021032,40,2,4.7351405e-05,0,35-42
28476932,40,2,0.18896528,0,35-42
28547465,40,2,7.9095866e-05,0,35-42
28951670,40,2,0.0004344331,0,35-42
29185909,40,2,6.756917e-05,0,35-42
29316477,40,2,8.768426e-05,0,35-42
30075078,40,2,0.00014798416,0,35-42
31168385,40,1,0.9840682,1,35-42
31466191,40,2,0.000816779,0,35-42
32498112,40,1,0.99502844,1,35-42
32498113,40,1,0.73306715,1,35-42
32910001,40,2,0.00058778917,0,35-42
34234759,40,2,0.0028517083,0,35-42
34331034,40,2,0.002830478,0,35-42
34500205,40,2,4.1906984e-05,0,35-42
34751094,40,2,0.00930018,0,35-42
34879458,40,2,5.3582407e-05,0,35-42
36095108,40,2,0.0010277824,0,35-42
36284710,40,2,0.00026447148,0,35-42
36338162,40,2,6.808883e-05,0,35-42
36717437,40,2,7.491235e-05,0,35-42
36725599,40,2,8.2638726e-05,0,35-42
36729548,40,2,0.00012342294,0,35-42
36838022,40,2,3.1808464e-05,0,35-42
36866037,40,2,0.00017885308,0,35-42
36901000,40,2,0.023082381,0,35-42
36901002,40,2,0.022763018,0,35-42
36971478,40,2,0.0028415679,0,35-42
37520166,40,2,0.000115943105,0,35-42
37704327,40,2,7.352541e-05,0,35-42
37791816,40,2,0.00013634996,0,35-42
38821430,40,2,4.3946962e-05,0,35-42
39954788,40,2,3.7760154e-05,0,35-42
40709181,40,2,0.00087545975,0,35-42
41846555,40,2,0.00010353611,0,35-42
44940541,40,2,5.1740408e-05,0,35-42
45002057,40,1,0.9548869,1,35-42
45430166,40,2,0.00034845076,0,35-42
45431903,40,2,4.3916127e-05,0,35-42
45432364,40,2,8.73451e-05,0,35-42
45432747,40,1,0.01322419,0,35-42
45476204,40,2,7.320819e-05,0,35-42
46162256,40,2,0.042640854,0,35-42
46230282,40,2,0.00012014048,0,35-42
46319000,40,2,0.0050849677,0,35-42
46325611,40,2,4.0823237e-05,0,35-42
46328058,40,2,0.001032206,0,35-42
46329512,40,2,0.0013199451,0,35-42
46329514,40,2,6.844297e-05,0,35-42
47367360,40,2,0.000113600574,0,35-42
47590952,40,1,0.98203915,1,35-42
47755806,40,2,3.082953e-05,0,35-42
47777535,40,2,7.553715e-05,0,35-42
47929412,40,2,4.172618e-05,0,35-42
47930947,40,2,4.2906096e-05,0,35-42
47931493,40,2,8.594605e-05,0,35-42
48010230,40,2,0.056774255,0,35-42
48670415,40,2,0.00032521624,0,35-42
49432738,40,2,0.001010248,0,35-42
49505906,40,2,0.00017063165,0,35-42
49505954,40,2,0.0001520861,0,35-42
49506981,40,2,0.0003659333,0,35-42
49508518,40,2,0.00027647588,0,35-42
49717542,40,2,0.0072343284,0,35-42
51621542,40,2,0.0025806108,0,35-42
52291382,40,2,0.00010267083,0,35-42
52293551,40,2,0.0026483827,0,35-42
52307362,40,2,0.00010275947,0,35-42
52309847,40,2,0.0003195757,0,35-42
52311679,40,2,6.266919e-05,0,35-42
53252875,40,2,4.8119713e-05,0,35-42
53406347,40,2,0.0036657455,0,35-42
53862689,40,2,0.00025664087,0,35-42
54141153,40,2,0.00018012038,0,35-42
55137075,40,2,0.011393188,0,35-42
56719909,40,2,0.41790187,0,35-42
56781540,40,2,6.4345186e-05,0,35-42
57091000,40,2,0.00087182526,0,35-42
57228978,40,2,0.00021395792,0,35-42
59376666,40,2,0.0015870837,0,35-42
59376668,40,2,0.08249185,0,35-42
59998756,40,2,0.00034974088,0,35-42
60985498,40,2,0.00013589981,0,35-42
61189627,40,2,0.0003446054,0,35-42
62458720,40,2,0.00017597161,0,35-42
62898276,40,2,7.318914e-05,0,35-42
63071445,40,1,0.0023191937,0,35-42
63683376,40,2,0.0071516377,0,35-42
64400854,40,2,0.00017884643,0,35-42
66411922,40,2,0.034809403,0,35-42
67195920,40,2,0.0005539329,0,35-42
67196010,40,2,0.05871192,0,35-42
67196205,40,2,0.007896413,0,35-42
67196725,40,2,0.00050121825,0,35-42
67390627,40,2,0.10899426,0,35-42
67533631,40,2,4.7875106e-05,0,35-42
67774824,40,2,5.3219577e-05,0,35-42
68337049,40,2,0.00013677735,0,35-42
70364893,40,2,3.6315334e-05,0,35-42
72246251,40,2,0.014859746,0,35-42
74105751,40,2,0.0006747131,0,35-42
74108125,40,2,0.00022416508,0,35-42
75723181,40,2,0.03441062,0,35-42
76202814,40,2,0.00085316476,0,35-42
76257189,40,2,4.0616454e-05,0,35-42
76258823,40,2,7.9946156e-05,0,35-42
77194240,40,2,0.00019481518,0,35-42
77485715,40,2,4.4109704e-05,0,35-42
77997482,40,2,0.00015866436,0,35-42
78065983,40,1,0.00032068326,0,35-42
78551177,40,2,4.3693057e-05,0,35-42
79269156,40,2,0.0013299462,0,35-42
80579048,40,2,0.00020059236,0,35-42
80587765,40,2,0.00012704957,0,35-42
80598123,40,2,0.00046448215,0,35-42
80609980,40,2,0.00034022186,0,35-42
80664766,40,2,4.3756438e-05,0,35-42
80666995,40,2,0.000107032196,0,35-42
80668138,40,2,0.00039287217,0,35-42
80668142,40,2,0.002470332,0,35-42
80972279,40,2,0.011604202,0,35-42
81025289,40,2,7.2484494e-05,0,35-42
81332231,40,2,0.00038420912,0,35-42
81352829,40,2,0.00025291537,0,35-42
81353312,40,2,0.00016777652,0,35-42
81394448,40,2,0.00018132817,0,35-42
81396275,40,2,0.00015338416,0,35-42
81401933,40,2,0.00013143274,0,35-42
83029144,40,2,7.691956e-05,0,35-42
84045292,40,2,0.00064636715,0,35-42
84169886,40,2,4.4961853e-05,0,35-42
84626897,40,2,0.00016057277,0,35-42
84823318,40,2,0.00020165896,0,35-42
84887530,40,2,0.0013796004,0,35-42
85001791,40,1,0.99769574,1,35-42
85777812,40,2,0.0046001305,0,35-42
86045485,40,2,8.610224e-05,0,35-42
86462407,40,2,0.0047688177,0,35-42
86500037,40,2,0.100999705,0,35-42
86656021,40,1,0.11493321,0,35-42
87031793,40,2,0.00045579445,0,35-42
87034564,40,2,0.015919818,0,35-42
87185274,40,2,0.00080608716,0,35-42
87189033,40,2,0.007896051,0,35-42
87189041,40,2,0.017699901,0,35-42
87192208,40,2,0.0038419582,0,35-42
87253392,40,2,0.0030043174,0,35-42
87265797,40,2,8.1566446e-05,0,35-42
87579114,40,2,0.064360015,0,35-42
88047464,40,2,0.00036689983,0,35-42
88100245,40,2,0.00014976056,0,35-42
88628542,40,2,0.0064561265,0,35-42
88642839,40,2,2.236667e-05,0,35-42
89034204,40,2,0.034955826,0,35-42
90548787,40,2,0.027011972,0,35-42
90639662,40,2,0.002482149,0,35-42
90640249,40,2,0.0005353221,0,35-42
90640293,40,2,0.00015393096,0,35-42
91179671,40,2,0.0065664696,0,35-42
91454748,40,2,0.000982842,0,35-42
91766194,40,2,0.00032522585,0,35-42
92734991,40,2,4.012498e-05,0,35-42
93331428,40,2,0.009101485,0,35-42
94542699,40,2,0.0007362727,0,35-42
94636584,40,2,3.3476317e-05,0,35-42
95047190,40,2,0.0008921624,0,35-42
95143863,40,2,8.1040555e-05,0,35-42
95793133,40,2,0.00013442387,0,35-42
95960009,40,2,6.29564e-05,0,35-42
96056238,40,2,0.0005836939,0,35-42
96057658,40,2,0.00012739885,0,35-42
96242910,40,2,0.00092109566,0,35-42
96254943,40,2,0.02058297,0,35-42
96254996,40,2,0.000977431,0,35-42
96255480,40,2,0.00016229028,0,35-42
96255506,40,2,0.00011218862,0,35-42
96256375,40,2,0.00024144033,0,35-42
96256414,40,2,0.00043065334,0,35-42
96256421,40,2,0.0017454147,0,35-42
96256777,40,2,0.00017181334,0,35-42
96256781,40,2,0.0003204287,0,35-42
96256789,40,2,0.004928094,0,35-42
96257955,40,2,7.8576915e-05,0,35-42
96258274,40,2,0.00013320378,0,35-42
96258738,40,2,9.978234e-05,0,35-42
96259706,40,2,0.08309745,0,35-42
96260067,40,2,0.11368553,0,35-42
96260827,40,2,0.0004566381,0,35-42
96261183,40,1,0.9871836,1,35-42
96261185,40,2,0.0104066,0,35-42
96261189,40,1,0.9995573,1,35-42
96261194,40,1,0.99852115,1,35-42
96261684,40,1,0.9992913,1,35-42
96262516,40,2,0.0066505503,0,35-42
96264624,40,2,0.00068390864,0,35-42
96295586,40,2,0.0008927585,0,35-42
96295947,40,1,0.56718963,0,35-42
96297994,40,2,0.00017192544,0,35-42
96298259,40,2,0.0007793813,0,35-42
96300185,40,2,0.0022559606,0,35-42
96300732,40,2,1.809641e-05,0,35-42
96301468,40,1,0.19216906,0,35-42
96301553,40,2,0.049951438,0,35-42
96301558,40,2,0.032073237,0,35-42
96301561,40,2,0.08597372,0,35-42
96301568,40,2,0.11409297,0,35-42
96301773,40,2,0.0009022721,0,35-42
96301783,40,2,0.044428367,0,35-42
96301969,40,2,0.0011219633,0,35-42
96301970,40,2,0.0022587467,0,35-42
96301988,40,2,0.02169338,0,35-42
96302406,40,2,0.006258673,0,35-42
96302407,40,2,0.0024116773,0,35-42
96302410,40,2,0.26502728,0,35-42
96302536,40,2,0.0041463776,0,35-42
96302544,40,2,0.0004336009,0,35-42
96302545,40,2,0.42337647,0,35-42
96302549,40,2,0.43882543,0,35-42
96304661,40,2,0.002682771,0,35-42
96304812,40,2,0.003531007,0,35-42
96304815,40,2,0.0035456691,0,35-42
96305134,40,2,0.0039288425,0,35-42
96311795,40,2,0.00018280672,0,35-42
96311806,40,2,0.027658181,0,35-42
96312180,40,2,0.00085046195,0,35-42
96312183,40,2,0.001424355,0,35-42
96317642,40,2,0.002366921,0,35-42
96318703,40,2,0.00024402101,0,35-42
96318989,40,2,0.003720229,0,35-42
96319696,40,2,0.00010142808,0,35-42
96319936,40,2,0.00034586317,0,35-42
96320585,40,2,3.1038006e-05,0,35-42
96558348,40,2,0.0006260888,0,35-42
96558511,40,2,0.0024426372,0,35-42
96558514,40,2,0.0019723678,0,35-42
96558885,40,2,0.0011537106,0,35-42
96558934,40,2,0.00013414984,0,35-42
96558938,40,2,0.07119847,0,35-42
96558942,40,2,0.00024931596,0,35-42
96558945,40,2,7.795484e-05,0,35-42
96559214,40,2,0.0002096149,0,35-42
96562112,40,2,0.00024420835,0,35-42
96562675,40,2,0.0003794835,0,35-42
96562963,40,2,0.0076835784,0,35-42
96562968,40,2,0.0001622222,0,35-42
96563306,40,2,0.0025899715,0,35-42
96563984,40,2,0.00011435615,0,35-42
96563988,40,2,0.004091486,0,35-42
96564437,40,2,0.000843893,0,35-42
96564667,40,2,0.00010788504,0,35-42
96564682,40,2,0.0001561663,0,35-42
96564952,40,2,9.717803e-05,0,35-42
96564983,40,2,0.0003704339,0,35-42
96564990,40,2,0.000101782,0,35-42
96565250,40,2,6.674662e-05,0,35-42
96565582,40,2,9.83342e-05,0,35-42
96565661,40,2,7.057133e-05,0,35-42
96565685,40,2,0.0013939748,0,35-42
96565689,40,2,0.00037689056,0,35-42
96565828,40,2,0.00019610858,0,35-42
96565839,40,2,0.0004271574,0,35-42
96566387,40,2,0.00031165106,0,35-42
96566391,40,2,0.00019808786,0,35-42
96566398,40,2,0.00034393716,0,35-42
96566499,40,2,0.00013459496,0,35-42
96567159,40,2,0.009671915,0,35-42
96567170,40,2,0.0003580538,0,35-42
96567176,40,2,7.416191e-05,0,35-42
96567189,40,2,0.00037958752,0,35-42
96567464,40,2,5.1163493e-05,0,35-42
96567719,40,2,0.066864625,0,35-42
96567720,40,2,0.003494303,0,35-42
96568211,40,2,0.00020443635,0,35-42
96568341,40,2,0.00012343164,0,35-42
96568345,40,2,0.0003576371,0,35-42
96568492,40,2,0.00019885578,0,35-42
96568656,40,2,0.00014041422,0,35-42
96568911,40,2,0.0002790526,0,35-42
96568915,40,2,0.00019115134,0,35-42
96569043,40,2,0.00015657724,0,35-42
96569050,40,2,0.0008176788,0,35-42
96569163,40,2,0.00074701075,0,35-42
96569266,40,2,0.00015004328,0,35-42
96569403,40,2,8.09363e-05,0,35-42
96569544,40,1,0.99818134,1,35-42
96569547,40,1,0.9988324,1,35-42
96569550,40,1,0.9993672,1,35-42
96569551,40,1,0.9992957,1,35-42
96569553,40,1,0.9993899,1,35-42
96570110,40,2,0.0002860659,0,35-42
96570116,40,2,0.00043835008,0,35-42
96570123,40,2,0.0008686139,0,35-42
96570124,40,2,0.008981646,0,35-42
96570527,40,1,0.99872786,1,35-42
96570531,40,2,0.0012665222,0,35-42
96571178,40,2,0.0002147163,0,35-42
96571183,40,2,0.00028688417,0,35-42
96571185,40,2,0.0020260264,0,35-42
96571186,40,2,0.0012647471,0,35-42
96571497,40,2,9.356335e-05,0,35-42
96571507,40,2,0.0060691233,0,35-42
96571509,40,2,0.002020849,0,35-42
96571518,40,2,0.023971377,0,35-42
96574884,40,2,0.0016241573,0,35-42
96576022,40,2,0.0002265903,0,35-42
96577132,40,2,0.027752971,0,35-42
96577996,40,2,0.00037715994,0,35-42
96578001,40,2,0.00011859014,0,35-42
96578042,40,2,0.0004769726,0,35-42
96578048,40,2,0.0013672307,0,35-42
96578733,40,2,0.00031705084,0,35-42
96578735,40,2,0.0008907035,0,35-42
96579303,40,2,0.11318063,0,35-42
96579449,40,2,0.0003070169,0,35-42
96580204,40,1,0.014820832,0,35-42
96580278,40,2,0.0019851811,0,35-42
96580289,40,2,0.0048369123,0,35-42
96580297,40,1,0.026555574,0,35-42
96580298,40,1,0.024823494,0,35-42
96580300,40,2,0.00037238325,0,35-42
96580305,40,2,0.0033951227,0,35-42
96580987,40,2,0.00056402385,0,35-42
96580998,40,2,7.111835e-05,0,35-42
96581586,40,1,0.0012679012,0,35-42
96581589,40,1,0.013586233,0,35-42
96582546,40,2,8.598007e-05,0,35-42
96582588,40,2,4.0495517e-05,0,35-42
96582865,40,2,0.010743801,0,35-42
96582924,40,2,0.13198191,0,35-42
96583455,40,2,0.010959582,0,35-42
96583653,40,2,0.3865087,0,35-42
96583654,40,2,0.6386648,0,35-42
96583770,40,2,0.123691335,0,35-42
96583785,40,2,0.010198614,0,35-42
96583997,40,2,0.00051740336,0,35-42
96584148,40,2,0.45233205,0,35-42
96584303,40,2,0.16282284,0,35-42
96584663,40,2,0.0040125814,0,35-42
96584824,40,2,0.00060427556,0,35-42
96584826,40,2,0.022073574,0,35-42
96584828,40,2,0.026864119,0,35-42
96584834,40,2,0.0006262345,0,35-42
96584835,40,2,0.00061389274,0,35-42
96584836,40,2,8.426464e-05,0,35-42
96584837,40,2,0.28899217,0,35-42
96584844,40,2,0.05177754,0,35-42
96584846,40,2,0.073225275,0,35-42
96584847,40,2,0.03246861,0,35-42
96584848,40,2,0.1317131,0,35-42
96584852,40,2,0.00024828405,0,35-42
96584896,40,2,0.0033707814,0,35-42
96584900,40,2,0.002442814,0,35-42
96585090,40,2,0.1948978,0,35-42
96585092,40,2,0.0050840634,0,35-42
96589021,40,2,0.0003393445,0,35-42
96591382,40,2,0.0001492031,0,35-42
96592211,40,2,0.00035688572,0,35-42
96592855,40,2,0.00012321303,0,35-42
96594944,40,2,0.0197904,0,35-42
96594947,40,2,0.017844325,0,35-42
96594954,40,2,0.018289551,0,35-42
96595215,40,2,0.02915498,0,35-42
96595239,40,2,0.012260559,0,35-42
96595496,40,2,6.1178915e-05,0,35-42
96595589,40,2,0.005326455,0,35-42
96595711,40,2,0.00086241175,0,35-42
96596603,40,2,8.431054e-05,0,35-42
96596928,40,2,0.0007126008,0,35-42
96596931,40,2,0.0012590291,0,35-42
96610478,40,2,0.010315229,0,35-42
96615220,40,2,0.0014259395,0,35-42
96617062,40,2,0.0009170784,0,35-42
96621541,40,2,0.00015918413,0,35-42
96642764,40,2,0.00017255923,0,35-42
96645694,40,2,0.0036078244,0,35-42
96646659,40,2,0.0416318,0,35-42
96651531,40,2,7.131312e-05,0,35-42
96653243,40,2,0.0002511025,0,35-42
96653769,40,2,0.004310963,0,35-42
96654838,40,2,0.0001021436,0,35-42
96654950,40,2,4.2857435e-05,0,35-42
96655080,40,2,9.1353024e-05,0,35-42
96655169,40,2,0.000120894714,0,35-42
96655943,40,2,0.00020634179,0,35-42
96656242,40,2,0.00015577309,0,35-42
96658368,40,2,0.000106622174,0,35-42
96658618,40,2,0.0003563586,0,35-42
96658650,40,2,0.0002685653,0,35-42
96661157,40,2,9.140461e-05,0,35-42
96664519,40,2,4.0271305e-05,0,35-42
96666459,40,2,0.04261786,0,35-42
96674330,40,2,0.0014550443,0,35-42
96674597,40,2,0.02529864,0,35-42
96674599,40,2,0.0008255163,0,35-42
96674605,40,2,0.0006462335,0,35-42
96675147,40,2,3.7968824e-05,0,35-42
96681128,40,2,0.00012534636,0,35-42
96681131,40,2,0.000106138905,0,35-42
96681142,40,2,0.013548065,0,35-42
96690352,40,2,0.00011753123,0,35-42
96703683,40,2,0.0010132896,0,35-42
96704304,40,2,0.0011260916,0,35-42
96704448,40,2,0.00069593976,0,35-42
96705380,40,2,0.0004711324,0,35-42
96705793,40,2,6.601569e-05,0,35-42
96706402,40,2,0.00084699254,0,35-42
96923963,40,2,0.00033312946,0,35-42
96924240,40,1,0.9993339,1,35-42
96924242,40,1,0.994155,1,35-42
96924252,40,1,0.9869826,1,35-42
96925114,40,1,0.99466443,1,35-42
96925121,40,1,0.9892067,1,35-42
96925332,40,1,0.9990989,1,35-42
96925342,40,1,0.99967194,1,35-42
96925593,40,1,0.9995633,1,35-42
96926546,40,1,0.9993193,1,35-42
96927272,40,1,0.9995633,1,35-42
96928060,40,2,0.02194744,0,35-42
96928334,40,1,0.99933416,1,35-42
96928352,40,1,0.21578902,0,35-42
96928354,40,2,0.00083015935,0,35-42
96929263,40,1,0.9584575,1,35-42
96929269,40,2,0.0067679463,0,35-42
96929850,40,1,0.99933296,1,35-42
96930118,40,1,0.9834684,1,35-42
96930221,40,2,0.00035028477,0,35-42
96930234,40,2,0.00012425166,0,35-42
96930818,40,2,0.017958017,0,35-42
96930820,40,2,0.0055222684,0,35-42
96930821,40,2,0.009032897,0,35-42
96930825,40,2,0.00023406773,0,35-42
96930826,40,2,0.046781316,0,35-42
96930827,40,2,0.0011298589,0,35-42
96930828,40,2,0.0011440559,0,35-42
96930864,40,2,0.23751533,0,35-42
96930873,40,2,0.006300611,0,35-42
96931071,40,2,0.001380519,0,35-42
96931073,40,2,0.0013442246,0,35-42
96931078,40,2,0.00013390204,0,35-42
96931079,40,2,0.0007256254,0,35-42
96931088,40,2,0.0019195554,0,35-42
96931098,40,2,0.0010663434,0,35-42
96931670,40,2,0.0004187388,0,35-42
96931897,40,2,0.0021024223,0,35-42
96931899,40,2,0.0026480085,0,35-42
96932182,40,2,6.6534434e-05,0,35-42
96932184,40,2,8.434777e-05,0,35-42
96932187,40,2,0.0038748058,0,35-42
96932189,40,2,0.00022130665,0,35-42
96932437,40,2,0.0031396796,0,35-42
96932440,40,2,6.5218206e-05,0,35-42
96932441,40,2,0.00015737292,0,35-42
96932442,40,2,0.0005816083,0,35-42
96932445,40,2,0.0001537775,0,35-42
96932447,40,2,8.618546e-05,0,35-42
96932449,40,2,0.00048718677,0,35-42
96932456,40,2,0.00022696416,0,35-42
96932460,40,2,0.0022259895,0,35-42
96932462,40,2,0.0009339329,0,35-42
96932471,40,2,0.002165691,0,35-42
96932479,40,2,8.932616e-05,0,35-42
96932674,40,2,0.00016986414,0,35-42
96933301,40,2,0.0046670004,0,35-42
96933830,40,2,0.00018875804,0,35-42
96934139,40,2,0.0011686946,0,35-42
96934403,40,2,0.00783065,0,35-42
96934681,40,1,0.9984236,1,35-42
96936902,40,2,0.00018734958,0,35-42
96938644,40,2,0.11355497,0,35-42
96939140,40,1,0.9892537,1,35-42
96939408,40,1,0.9988147,1,35-42
96939427,40,1,0.99852645,1,35-42
96939966,40,1,0.9993205,1,35-42
96940886,40,2,0.025125008,0,35-42
96941147,40,2,0.0006354858,0,35-42
96942259,40,2,0.00077949493,0,35-42
96942810,40,2,0.00067734945,0,35-42
96943473,40,2,0.07348084,0,35-42
96944071,40,2,0.102107614,0,35-42
96944106,40,2,0.0036170217,0,35-42
96944115,40,2,0.00022318556,0,35-42
96945447,40,2,0.0035687876,0,35-42
96946114,40,2,0.00019127113,0,35-42
96947649,40,2,4.9819515e-05,0,35-42
96948070,40,2,0.018673386,0,35-42
96948080,40,2,0.014907925,0,35-42
96948089,40,2,0.010133912,0,35-42
96948093,40,2,0.00012217739,0,35-42
96948103,40,2,0.00018212367,0,35-42
96948361,40,2,0.00019012469,0,35-42
96948889,40,2,0.00026735023,0,35-42
96949700,40,2,0.003900958,0,35-42
96949768,40,2,0.0029998901,0,35-42
96949997,40,2,0.07537522,0,35-42
96950018,40,2,0.00077319663,0,35-42
96950113,40,2,0.0007449637,0,35-42
96950252,40,2,0.00012278752,0,35-42
96950545,40,2,0.00029706612,0,35-42
96950550,40,2,0.000105564875,0,35-42
96950560,40,2,0.00013049066,0,35-42
96950566,40,2,0.00016192517,0,35-42
96950572,40,2,0.0081521375,0,35-42
96950584,40,2,0.00014010929,0,35-42
96950625,40,2,6.509455e-05,0,35-42
96951086,40,2,0.0024267803,0,35-42
96951304,40,2,0.0014572046,0,35-42
96951550,40,2,0.0025671804,0,35-42
96951800,40,2,0.20276193,0,35-42
96952671,40,2,0.0037827718,0,35-42
96952919,40,2,0.0001467136,0,35-42
96953111,40,2,3.7688238e-05,0,35-42
96953133,40,2,0.03135053,0,35-42
96953674,40,2,0.00026542356,0,35-42
96953903,40,2,0.00018832462,0,35-42
96953921,40,2,0.0032874,0,35-42
96954175,40,2,0.00047662467,0,35-42
96954444,40,2,0.11747266,0,35-42
96954594,40,2,0.000110336434,0,35-42
96954603,40,2,6.043582e-05,0,35-42
96954607,40,2,0.00014716154,0,35-42
96955560,40,2,0.0023282443,0,35-42
96955866,40,2,0.00020838357,0,35-42
96956127,40,2,0.018602883,0,35-42
96956384,40,2,0.00015210146,0,35-42
96956708,40,2,0.00037791362,0,35-42
96957287,40,2,0.0019628913,0,35-42
96957299,40,2,0.00049845345,0,35-42
96957326,40,1,0.97457266,1,35-42
96957328,40,1,0.77996194,1,35-42
96957336,40,1,0.9994568,1,35-42
96958759,40,2,4.3341144e-05,0,35-42
96958874,40,1,0.9980363,1,35-42
96959542,40,1,0.9961085,1,35-42
96959547,40,2,2.499713e-05,0,35-42
96959863,40,1,0.9991379,1,35-42
96960021,40,2,0.00046224566,0,35-42
96960278,40,2,0.10787403,0,35-42
96960281,40,2,0.005346531,0,35-42
96961445,40,2,0.0067690103,0,35-42
96961708,40,2,0.006311658,0,35-42
96961846,40,2,0.00051826396,0,35-42
96962483,40,2,0.0024949838,0,35-42
96963043,40,2,0.040069114,0,35-42
96963337,40,2,0.25269023,0,35-42
96963538,40,2,0.00022758673,0,35-42
96966495,40,2,0.00067196175,0,35-42
96966752,40,2,0.042941067,0,35-42
96967821,40,2,0.0041070986,0,35-42
96969003,40,2,0.01017491,0,35-42
96969543,40,2,0.16330676,0,35-42
96969757,40,2,0.019305978,0,35-42
96972133,40,2,0.00036563323,0,35-42
96972846,40,2,0.00018392516,0,35-42
96973727,40,2,0.052125975,0,35-42
96973980,40,2,0.011589957,0,35-42
96973987,40,2,0.006971687,0,35-42
96975033,40,1,0.97755706,1,35-42
96976090,40,2,0.0013473423,0,35-42
96976740,40,2,0.004407451,0,35-42
96979667,40,2,0.005206532,0,35-42
96982052,40,2,0.0012040467,0,35-42
96982775,40,2,0.004955673,0,35-42
96983187,40,2,0.007371448,0,35-42
96984383,40,2,0.0030160276,0,35-42
96985766,40,2,0.0012156339,0,35-42
96985951,40,2,0.25490946,0,35-42
96988124,40,2,0.00018295023,0,35-42
96990197,40,1,0.3572929,0,35-42
96992804,40,1,0.00023166389,0,35-42
96995131,40,2,0.0014985522,0,35-42
96995426,40,1,0.73595124,1,35-42
96995895,40,2,0.16166545,0,35-42
96995902,40,2,0.0003116579,0,35-42
96996773,40,2,0.09101841,0,35-42
96996777,40,2,0.00021188677,0,35-42
96996789,40,2,0.030074887,0,35-42
96997093,40,2,0.001376745,0,35-42
96997102,40,2,0.00045946203,0,35-42
96998407,40,2,0.004021105,0,35-42
96998626,40,2,0.008840517,0,35-42
97002531,40,2,0.00036100106,0,35-42
97002533,40,2,0.00079658575,0,35-42
97002535,40,2,0.0004550241,0,35-42
97002542,40,2,0.0007754708,0,35-42
97002808,40,2,0.00042613942,0,35-42
97003361,40,2,0.004919195,0,35-42
97003366,40,2,0.0017081943,0,35-42
97003450,40,2,0.006522317,0,35-42
97004022,40,2,0.0005853494,0,35-42
97004064,40,2,0.05082004,0,35-42
97004104,40,2,0.005602814,0,35-42
97004112,40,2,0.00012412046,0,35-42
97004399,40,2,0.033144806,0,35-42
97004775,40,2,0.052774798,0,35-42
97011545,40,1,0.00013167232,0,35-42
97011985,40,2,0.0012029066,0,35-42
97013836,40,1,0.0136036,0,35-42
97013839,40,2,0.64061207,0,35-42
97014328,40,2,0.0003446928,0,35-42
97015625,40,2,0.018023942,0,35-42
97015630,40,2,0.00019046053,0,35-42
97018898,40,2,0.00039761528,0,35-42
97018904,40,2,0.00032296812,0,35-42
97018930,40,2,0.00087859476,0,35-42
97018952,40,2,0.004344025,0,35-42
97019089,40,2,0.00026312866,0,35-42
97019093,40,2,0.010581246,0,35-42
97019109,40,2,0.0002783219,0,35-42
97020043,40,1,0.008926549,0,35-42
97021355,40,1,0.08122055,0,35-42
97021579,40,1,0.04570136,0,35-42
97022739,40,2,0.029746315,0,35-42
97022757,40,2,0.0026561802,0,35-42
97022760,40,2,0.031492863,0,35-42
97022904,40,2,0.06290787,0,35-42
97023225,40,2,0.26987734,0,35-42
97023499,40,2,0.023941055,0,35-42
97023505,40,2,8.74788e-05,0,35-42
97023790,40,2,0.0002310524,0,35-42
97024065,40,2,0.036040757,0,35-42
97024067,40,2,0.00016504436,0,35-42
97024228,40,2,0.32345363,0,35-42
97024232,40,2,0.08975174,0,35-42
97024529,40,2,0.016665868,0,35-42
97024534,40,2,0.040453896,0,35-42
97024542,40,2,0.0025812443,0,35-42
97024543,40,2,0.3867198,0,35-42
97024544,40,2,0.09562264,0,35-42
97024546,40,2,0.0094982665,0,35-42
97025225,40,2,0.2677772,0,35-42
97025233,40,2,0.052342925,0,35-42
97025238,40,2,0.07431688,0,35-42
97025241,40,2,0.0004808692,0,35-42
97025312,40,2,0.00020571904,0,35-42
97025320,40,2,0.006189836,0,35-42
97025470,40,2,0.019460896,0,35-42
97025490,40,2,0.03485486,0,35-42
97025799,40,2,0.014454303,0,35-42
97025802,40,2,0.0063225767,0,35-42
97025823,40,2,0.0006587392,0,35-42
97025844,40,2,0.00025810482,0,35-42
97026873,40,2,0.004566751,0,35-42
97027134,40,2,0.2875597,0,35-42
97027340,40,2,0.0030681693,0,35-42
97027342,40,2,0.0038165837,0,35-42
97027381,40,2,0.0049975733,0,35-42
97027622,40,2,0.04122365,0,35-42
97027625,40,2,0.03356368,0,35-42
97027631,40,2,0.0012161105,0,35-42
97027788,40,2,0.015328795,0,35-42
97027795,40,2,0.025986465,0,35-42
97027797,40,2,0.009415538,0,35-42
97027985,40,2,0.0019503903,0,35-42
97051125,40,2,0.004364495,0,35-42
97051255,40,2,0.0033219052,0,35-42
97051907,40,2,9.426277e-05,0,35-42
97051909,40,2,0.00063447125,0,35-42
97051927,40,2,0.00043654305,0,35-42
97055913,40,2,0.004065739,0,35-42
97055918,40,2,0.10304896,0,35-42
97061709,40,2,0.0055540344,0,35-42
97061718,40,2,0.0017918309,0,35-42
97062198,40,2,0.06950495,0,35-42
97062431,40,2,0.025120856,0,35-42
97062436,40,2,0.012591113,0,35-42
97066702,40,1,0.0359444,0,35-42
97066713,40,2,0.0009955519,0,35-42
97066970,40,2,0.00021613213,0,35-42
97068677,40,1,0.0037384185,0,35-42
97069017,40,1,0.0014940646,0,35-42
97069571,40,1,0.0033948708,0,35-42
97074096,40,2,0.0013156333,0,35-42
97076225,40,2,0.007928657,0,35-42
97078552,40,2,0.0020643333,0,35-42
97081237,40,2,0.005159026,0,35-42
97081246,40,2,0.0034977996,0,35-42
97081257,40,2,0.027702708,0,35-42
97081261,40,2,0.009181761,0,35-42
97081513,40,2,0.0065911394,0,35-42
97081539,40,2,0.008969991,0,35-42
97081546,40,2,0.012700183,0,35-42
97081550,40,2,0.004641326,0,35-42
97081919,40,2,9.4017065e-05,0,35-42
97082697,40,2,0.005557404,0,35-42
97087594,40,2,0.000636891,0,35-42
97087598,40,2,0.002294554,0,35-42
97088337,40,2,0.0025944284,0,35-42
97089155,40,2,0.0030551795,0,35-42
97089156,40,2,0.1552717,0,35-42
97089162,40,2,0.000728504,0,35-42
97089300,40,2,0.014280316,0,35-42
97095252,40,2,0.009783169,0,35-42
97100221,40,2,0.00046454242,0,35-42
97100230,40,2,0.0013940863,0,35-42
97101991,40,2,0.0005668287,0,35-42
97103615,40,2,0.00011758391,0,35-42
97103628,40,2,0.00032435916,0,35-42
97103630,40,2,0.0008024888,0,35-42
97105496,40,2,0.00021136014,0,35-42
97105755,40,2,0.00031041927,0,35-42
97106399,40,2,0.00015399174,0,35-42
97107285,40,2,0.00013298422,0,35-42
97110883,40,2,0.00011443655,0,35-42
97111900,40,2,0.0013479243,0,35-42
97114782,40,2,0.0023038567,0,35-42
97122951,40,2,0.0005618942,0,35-42
97123266,40,2,0.009873812,0,35-42
97126633,40,2,5.7961453e-05,0,35-42
97127163,40,2,2.6082094e-05,0,35-42
97127168,40,2,4.5626377e-05,0,35-42
97132844,40,1,0.99955124,1,35-42
97133123,40,1,0.9991092,1,35-42
97133127,40,2,0.0033292703,0,35-42
97133836,40,1,0.9995963,1,35-42
97134087,40,1,0.99775606,1,35-42
97141211,40,1,0.97374344,1,35-42
97141252,40,1,0.99838245,1,35-42
97145620,40,2,4.8021153e-05,0,35-42
97150814,40,2,0.012487658,0,35-42
97184396,40,1,0.011978586,0,35-42
97184411,40,2,0.20934772,0,35-42
97184596,40,2,0.017081315,0,35-42
97184869,40,2,0.00063229504,0,35-42
97185724,40,2,0.043217048,0,35-42
97185809,40,2,0.46711504,0,35-42
97185956,40,2,0.13793059,0,35-42
97185966,40,2,0.16995671,0,35-42
97186266,40,2,0.023236817,0,35-42
97186283,40,2,0.0010010669,0,35-42
97186543,40,2,0.6177497,0,35-42
97188340,40,2,0.0014439367,0,35-42
97188343,40,2,0.0034995535,0,35-42
97188646,40,2,0.0005764112,0,35-42
97199833,40,2,0.0018852378,0,35-42
97206553,40,2,0.00014994189,0,35-42
97244271,40,1,0.00026553468,0,35-42
97387423,40,1,0.9996283,1,35-42
97387433,40,1,0.9989071,1,35-42
97388582,40,1,0.99694806,1,35-42
97388607,40,2,0.025512768,0,35-42
97389359,40,2,6.6039735e-05,0,35-42
97390415,40,2,0.00037592405,0,35-42
97390676,40,2,0.00014095122,0,35-42
97390680,40,2,0.17512208,0,35-42
97391458,40,2,0.0035099685,0,35-42
97391785,40,2,8.721509e-05,0,35-42
97391808,40,2,0.0035214333,0,35-42
97392467,40,2,0.00040342502,0,35-42
97392828,40,2,0.0005660189,0,35-42
97393096,40,2,4.5003977e-05,0,35-42
97393220,40,2,7.741945e-05,0,35-42
97393315,40,2,4.2173873e-05,0,35-42
97393541,40,2,0.00035179846,0,35-42
97395586,40,2,0.0006851207,0,35-42
97395877,40,2,0.00027740476,0,35-42
97396335,40,2,0.09568693,0,35-42
97396614,40,2,0.05363684,0,35-42
97397223,40,2,0.0010470654,0,35-42
97400869,40,2,0.0002858009,0,35-42
97401884,40,2,0.0005680402,0,35-42
97402313,40,2,0.00035193798,0,35-42
97403097,40,2,0.08437987,0,35-42
97403284,40,2,0.0007088836,0,35-42
97403381,40,2,0.0004968506,0,35-42
97403688,40,2,0.0020186172,0,35-42
97403694,40,2,0.0029810397,0,35-42
97403881,40,2,0.006007103,0,35-42
97404074,40,2,0.005945785,0,35-42
97404081,40,1,0.0012169519,0,35-42
97404552,40,2,0.08996387,0,35-42
97404610,40,2,0.003374787,0,35-42
97405418,40,2,0.098099716,0,35-42
97405579,40,2,0.052213106,0,35-42
97405719,40,2,0.108500406,0,35-42
97406092,40,2,0.0036649324,0,35-42
97407738,40,2,0.0031327577,0,35-42
97408808,40,2,0.004443156,0,35-42
97408827,40,1,0.026925843,0,35-42
97408977,40,1,0.010620637,0,35-42
97409997,40,2,0.00087237044,0,35-42
97421253,40,2,5.3601576e-05,0,35-42
97424124,40,2,0.0039353753,0,35-42
97424359,40,2,0.008971139,0,35-42
97424365,40,2,0.0052173506,0,35-42
97424376,40,2,0.0020394684,0,35-42
97425476,40,2,0.0015810092,0,35-42
97430019,40,2,0.00012414069,0,35-42
97430122,40,2,0.0011855644,0,35-42
97430363,40,2,0.00016005579,0,35-42
97431326,40,2,0.00014456295,0,35-42
97439283,40,2,7.033411e-05,0,35-42
97445088,40,2,0.01295897,0,35-42
97481182,40,2,0.0046340446,0,35-42
97481191,40,2,0.009250354,0,35-42
97485697,40,2,6.578863e-05,0,35-42
97487318,40,2,0.00012552267,0,35-42
97488487,40,2,0.00037696783,0,35-42
97499027,40,2,0.0007619569,0,35-42
97500891,40,2,0.00015635927,0,35-42
97501177,40,2,0.07080877,0,35-42
97502122,40,2,0.003735264,0,35-42
97506379,40,2,8.7711516e-05,0,35-42
97678626,40,2,0.0059303693,0,35-42
97702028,40,1,0.9991456,1,35-42
97702225,40,1,0.99941397,1,35-42
97702228,40,1,0.99947685,1,35-42
97702373,40,1,0.98495495,1,35-42
97702586,40,2,0.002202849,0,35-42
97702600,40,2,5.984751e-05,0,35-42
97702602,40,2,0.00019425298,0,35-42
97707107,40,2,0.001229951,0,35-42
97707448,40,2,5.519213e-05,0,35-42
97708835,40,2,0.015463081,0,35-42
97709964,40,2,0.001093585,0,35-42
97710531,40,2,0.009144694,0,35-42
97712499,40,2,5.3896914e-05,0,35-42
97712844,40,2,0.00026869847,0,35-42
97713596,40,2,0.0038679761,0,35-42
97713612,40,2,0.06088088,0,35-42
97714239,40,2,0.00017696942,0,35-42
97714242,40,2,0.00019097298,0,35-42
97714492,40,2,0.0014418034,0,35-42
97714505,40,2,0.0012736947,0,35-42
97714855,40,2,0.052118354,0,35-42
97714860,40,2,0.000107035965,0,35-42
97715914,40,2,0.004556916,0,35-42
97716158,40,1,0.99875534,1,35-42
97716762,40,2,0.16192694,0,35-42
97717236,40,1,0.99950147,1,35-42
97718352,40,2,0.00072810624,0,35-42
97718359,40,2,0.005123481,0,35-42
97718816,40,2,0.0077712396,0,35-42
97718831,40,2,0.010372004,0,35-42
97718848,40,2,0.00012513509,0,35-42
97722486,40,2,0.00059378624,0,35-42
97724167,40,2,0.045526326,0,35-42
97724668,40,2,0.13113102,0,35-42
97724772,40,2,0.00018094612,0,35-42
97727467,40,2,0.00011855103,0,35-42
97727554,40,2,0.0005013004,0,35-42
97727557,40,2,0.0013550118,0,35-42
97727559,40,2,0.0003911537,0,35-42
97728947,40,2,0.000106104795,0,35-42
97729143,40,1,0.0020794473,0,35-42
97730088,40,2,9.155291e-05,0,35-42
97731146,40,1,0.0003147982,0,35-42
97731388,40,2,0.00019916528,0,35-42
97732071,40,2,0.00024487986,0,35-42
97732178,40,2,0.0002730703,0,35-42
97732181,40,2,0.08181352,0,35-42
97732183,40,2,0.0045356406,0,35-42
97732189,40,2,0.0066645388,0,35-42
97732192,40,2,0.003922419,0,35-42
97732194,40,2,0.03938337,0,35-42
97732197,40,2,0.024826417,0,35-42
97732254,40,2,0.22044134,0,35-42
97732260,40,2,0.001964555,0,35-42
97732600,40,2,0.040766694,0,35-42
97732728,40,2,0.0006665902,0,35-42
97732737,40,2,0.0014537368,0,35-42
97732739,40,2,0.0104217855,0,35-42
97732977,40,2,0.00026945295,0,35-42
97733166,40,2,0.0010110188,0,35-42
97733169,40,2,0.8563205,1,35-42
97733170,40,2,0.0063054757,0,35-42
97733182,40,2,0.01753061,0,35-42
97733185,40,2,0.0012523977,0,35-42
97733193,40,2,0.0014893196,0,35-42
97733199,40,2,0.010688594,0,35-42
97733201,40,2,0.021174738,0,35-42
97735311,40,2,0.003970299,0,35-42
97736494,40,2,0.0044041127,0,35-42
97737113,40,2,0.026175672,0,35-42
97738117,40,2,0.005339932,0,35-42
97741696,40,2,0.0017836773,0,35-42
97741703,40,2,0.0045412546,0,35-42
97745607,40,2,0.006303899,0,35-42
97751106,40,2,0.001499547,0,35-42
97751140,40,2,0.3937577,0,35-42
97751141,40,2,0.21686883,0,35-42
97753556,40,2,6.556716e-05,0,35-42
97756937,40,2,7.204106e-05,0,35-42
97757487,40,2,4.8915314e-05,0,35-42
97758241,40,2,0.00041069015,0,35-42
97758253,40,2,0.00072169444,0,35-42
97760414,40,2,0.0050024367,0,35-42
97760586,40,2,0.011876012,0,35-42
97760589,40,2,0.006401877,0,35-42
97763578,40,2,0.00016945388,0,35-42
97764020,40,2,0.00064995367,0,35-42
97764023,40,2,0.01418427,0,35-42
97764305,40,2,0.0005487648,0,35-42
97764394,40,2,0.0005560629,0,35-42
97764397,40,2,0.000209126,0,35-42
97804176,40,1,0.9933541,1,35-42
97804239,40,1,0.9969483,1,35-42
97804696,40,1,0.99852294,1,35-42
97820647,40,1,0.99753296,1,35-42
97822688,40,2,0.0233694,0,35-42
97822909,40,2,9.202566e-05,0,35-42
97824053,40,2,0.001522339,0,35-42
97824492,40,2,0.00022580678,0,35-42
97824971,40,2,0.00014244409,0,35-42
97826173,40,2,0.00092015584,0,35-42
97826638,40,2,0.0005098544,0,35-42
97826912,40,2,0.0009839878,0,35-42
97827293,40,2,0.0005712855,0,35-42
97828035,40,2,0.0012688978,0,35-42
97828549,40,2,0.00274864,0,35-42
97828838,40,2,0.00021702526,0,35-42
97830403,40,2,0.00019952204,0,35-42
97830644,40,2,0.00021528252,0,35-42
97833109,40,2,0.00015835119,0,35-42
97833121,40,2,0.0005347255,0,35-42
97833420,40,2,0.0012462693,0,35-42
97833534,40,2,0.0041872915,0,35-42
97833814,40,2,0.00080520386,0,35-42
97833839,40,2,0.00035069193,0,35-42
97834420,40,2,0.0008327588,0,35-42
97834868,40,2,0.01180789,0,35-42
97836072,40,2,0.0010971705,0,35-42
97836462,40,2,0.00032195548,0,35-42
97849403,40,2,0.00414699,0,35-42
97858320,40,2,0.00038804187,0,35-42
97887859,40,2,0.002843264,0,35-42
97888626,40,2,0.15865599,0,35-42
97907377,40,2,0.29022324,0,35-42
97907385,40,2,0.014121405,0,35-42
97916516,40,2,0.00024085956,0,35-42
97916717,40,2,0.0058627697,0,35-42
97916907,40,2,0.0011956715,0,35-42
97918106,40,2,0.34863275,0,35-42
97920432,40,2,0.0010416384,0,35-42
97930500,40,2,0.07239527,0,35-42
97930510,40,2,0.74460286,1,35-42
97930880,40,2,0.53382486,0,35-42
97931083,40,2,0.028475562,0,35-42
97933782,40,2,0.79349095,1,35-42
97938155,40,2,0.13634266,0,35-42
97939634,40,2,0.25903282,0,35-42
97976919,40,1,0.0011245211,0,35-42
97991428,40,2,0.04141211,0,35-42
98031863,40,2,0.00031384468,0,35-42
98032245,40,1,0.82829386,1,35-42
98032819,40,1,0.9981608,1,35-42
98032886,40,1,0.9984419,1,35-42
98033663,40,1,0.99561137,1,35-42
98033945,40,1,0.9847445,1,35-42
98034161,40,2,3.1079737e-05,0,35-42
98035241,40,2,0.011307808,0,35-42
98035246,40,2,0.00067581964,0,35-42
98037436,40,2,0.00020228657,0,35-42
98037917,40,2,0.0025861557,0,35-42
98038140,40,2,0.0027752616,0,35-42
98038334,40,2,0.000121260004,0,35-42
98038348,40,2,0.0009809484,0,35-42
98039539,40,2,0.011735438,0,35-42
98039709,40,2,0.00011019366,0,35-42
98039713,40,2,0.016743,0,35-42
98039721,40,1,0.9959884,1,35-42
98041728,40,2,0.09985598,0,35-42
98042002,40,2,0.019236684,0,35-42
98043019,40,2,0.00043300257,0,35-42
98043517,40,2,0.00019833278,0,35-42
98044503,40,2,0.00034946756,0,35-42
98044863,40,2,0.12856276,0,35-42
98045668,40,2,0.005092447,0,35-42
98046936,40,2,0.008545777,0,35-42
98047174,40,2,0.00032408157,0,35-42
98048827,40,2,0.0058372957,0,35-42
98054714,40,2,0.18863668,0,35-42
98056376,40,2,0.15300941,0,35-42
98056569,40,2,0.0006054519,0,35-42
98056823,40,2,0.00036842274,0,35-42
98056863,40,2,0.006041028,0,35-42
98059174,40,2,0.00052411127,0,35-42
98059197,40,1,0.99786925,1,35-42
98059757,40,2,0.019673843,0,35-42
98059762,40,2,0.007712718,0,35-42
98061737,40,2,0.0006411716,0,35-42
98062024,40,2,0.001041961,0,35-42
98062436,40,1,0.9776993,1,35-42
98062661,40,2,0.00034404916,0,35-42
98062684,40,2,0.00040225853,0,35-42
98062691,40,2,0.0008479208,0,35-42
98063047,40,2,0.0006471435,0,35-42
98065046,40,2,0.01242103,0,35-42
98066463,40,2,0.00167067,0,35-42
98066484,40,1,0.0062692254,0,35-42
98067916,40,2,0.0028517449,0,35-42
98068542,40,1,0.009574576,0,35-42
98070095,40,2,0.00040474455,0,35-42
98070867,40,2,0.087114744,0,35-42
98070870,40,2,0.32749012,0,35-42
98070881,40,2,0.35004187,0,35-42
98070965,40,2,0.042067327,0,35-42
98071166,40,2,0.018750956,0,35-42
98071508,40,2,0.081037305,0,35-42
98072232,40,2,0.0073121036,0,35-42
98072243,40,2,0.57109463,0,35-42
98072844,40,2,0.0036843454,0,35-42
98073165,40,2,0.0020615857,0,35-42
98073174,40,2,0.08421173,0,35-42
98073347,40,2,0.26862988,0,35-42
98073507,40,2,0.014629315,0,35-42
98073789,40,2,0.3064078,0,35-42
98074770,40,2,0.18901187,0,35-42
98074776,40,2,0.0016033098,0,35-42
98074796,40,2,0.88027465,1,35-42
98076773,40,2,0.00075532787,0,35-42
98077839,40,2,0.00026794328,0,35-42
98079142,40,1,0.0018795488,0,35-42
98079154,40,1,0.023262566,0,35-42
98081886,40,2,0.0031723406,0,35-42
98083968,40,2,0.00014754568,0,35-42
98093140,40,2,0.00010624989,0,35-42
98097703,40,2,6.1281506e-05,0,35-42
98106756,40,2,0.00075550494,0,35-42
98107357,40,2,0.0016770533,0,35-42
98108469,40,2,5.916954e-05,0,35-42
98109542,40,2,0.00012815902,0,35-42
98112023,40,2,0.0053080693,0,35-42
98112106,40,2,0.0006819161,0,35-42
98125789,40,2,6.0620987e-05,0,35-42
98143753,40,2,9.21536e-05,0,35-42
98144008,40,2,9.9528144e-05,0,35-42
98161481,40,2,0.0002132278,0,35-42
98162429,40,2,0.00045763646,0,35-42
98195222,40,2,9.563244e-05,0,35-42
98221840,40,2,0.00023210497,0,35-42
98230927,40,2,0.0002031316,0,35-42
98236765,40,2,0.00017488135,0,35-42
98252967,40,2,0.00030286916,0,35-42
98273924,40,2,0.00036749057,0,35-42
98281471,40,2,0.0001334583,0,35-42
98419647,40,2,0.00014834032,0,35-42
98421333,40,2,0.00035876755,0,35-42
98544621,40,2,0.9077637,1,35-42
98550982,40,2,0.000122064666,0,35-42
98551169,40,2,0.001325037,0,35-42
98551628,40,2,0.000465463,0,35-42
98551632,40,2,0.00084939296,0,35-42
98551851,40,2,0.08146237,0,35-42
98552571,40,2,0.34515122,0,35-42
98553668,40,2,0.0002328948,0,35-42
98568148,40,2,0.0013776801,0,35-42
98571753,40,2,0.27308747,0,35-42
98588441,40,1,0.0024714002,0,35-42
98588512,40,2,0.0013154347,0,35-42
98592205,40,2,0.00018847639,0,35-42
98605556,40,2,0.00012827468,0,35-42
98605819,40,2,0.00012512866,0,35-42
98610045,40,2,0.00022955859,0,35-42
99018629,40,2,0.00013730487,0,35-42
99018664,40,2,0.00054366916,0,35-42
99053483,40,2,0.0003514999,0,35-42
99053493,40,2,0.023991566,0,35-42
99053496,40,2,0.70394355,1,35-42
99053539,40,2,0.017703308,0,35-42
99115235,40,2,0.00048792086,0,35-42
99409352,40,2,0.0003249872,0,35-42
99654887,40,2,0.0022973479,0,35-42
99659463,40,2,0.20079094,0,35-42
99673993,40,2,0.0014313788,0,35-42
99680113,40,2,0.028455393,0,35-42
99690451,40,2,0.00069894205,0,35-42
99695619,40,2,0.001442892,0,35-42
99697838,40,2,0.03555319,0,35-42
99699200,40,2,0.0008876915,0,35-42
99702469,40,2,0.020321876,0,35-42
99709782,40,2,0.0007691709,0,35-42
99710431,40,2,0.1337479,0,35-42
99712026,40,2,0.026057933,0,35-42
99732822,40,2,0.061277077,0,35-42
99738580,40,2,0.41386572,0,35-42
100135607,40,1,0.9933524,1,35-42
100156998,40,2,0.25045893,0,35-42
100297870,40,2,0.0005627024,0,35-42
100678028,40,2,0.09202375,0,35-42
101689297,40,2,0.007597046,0,35-42
104077589,40,2,0.0016605313,0,35-42
104758336,40,2,0.0010005163,0,35-42
107782289,40,1,0.998659,1,35-42
107782865,40,1,0.99847347,1,35-42
107782882,40,1,0.99871504,1,35-42
107782941,40,2,0.00015019703,0,35-42
107784772,40,2,0.000846106,0,35-42
107785982,40,2,0.00044283053,0,35-42
107787065,40,2,0.0002044771,0,35-42
107789140,40,2,0.00015142279,0,35-42
107797582,40,2,0.11613661,0,35-42
107797828,40,2,0.018150073,0,35-42
107797867,40,2,0.00089503214,0,35-42
1813316,41,2,5.367257e-05,0,35-42
4013194,41,2,0.0001136035,0,35-42
4298902,41,2,0.04730225,0,35-42
4893367,41,2,0.0001064981,0,35-42
4893369,41,2,8.9399786e-05,0,35-42
5070714,41,2,6.872924e-05,0,35-42
5663491,41,2,9.863962e-05,0,35-42
7007638,41,2,0.0002096155,0,35-42
7262578,41,2,9.6432705e-05,0,35-42
8823943,41,2,9.186546e-05,0,35-42
9426022,41,2,0.00011036159,0,35-42
9550052,41,2,6.925927e-05,0,35-42
9804891,41,2,8.600098e-05,0,35-42
9874094,41,2,0.000105950516,0,35-42
10177639,41,2,4.522947e-05,0,35-42
10695436,41,2,0.000107016065,0,35-42
11102652,41,2,0.000108230735,0,35-42
12077122,41,2,0.0001089182,0,35-42
12526269,41,2,0.014121618,0,35-42
12655979,41,2,0.13198982,0,35-42
12660505,41,2,0.03968286,0,35-42
12660521,41,2,0.11732458,0,35-42
12660542,41,2,0.054238282,0,35-42
12660552,41,2,0.0022822341,0,35-42
12660562,41,2,3.7869708e-05,0,35-42
12660569,41,2,0.10259546,0,35-42
12660594,41,2,0.0012281646,0,35-42
12660686,41,2,0.0016404438,0,35-42
12661060,41,1,0.99834764,1,35-42
12661066,41,1,0.99437225,1,35-42
12661075,41,1,0.9382423,1,35-42
12661079,41,2,6.1662184e-05,0,35-42
12661081,41,1,0.9936336,1,35-42
12661088,41,1,0.9950897,1,35-42
12661090,41,1,0.9985453,1,35-42
12661197,41,1,0.9969037,1,35-42
12661223,41,1,0.99795866,1,35-42
12661226,41,1,0.982872,1,35-42
12661305,41,1,0.9993211,1,35-42
12661353,41,1,0.9931584,1,35-42
12661360,41,1,0.98163706,1,35-42
12661384,41,1,0.99809676,1,35-42
12661582,41,2,6.465612e-05,0,35-42
12661589,41,2,0.0003444343,0,35-42
12661656,41,1,0.9841664,1,35-42
12661741,41,2,0.030796058,0,35-42
12661812,41,1,0.9894377,1,35-42
12662223,41,1,0.9994241,1,35-42
12662264,41,1,0.99942833,1,35-42
12662269,41,1,0.97997814,1,35-42
12662305,41,1,0.99951637,1,35-42
12662327,41,1,0.9993303,1,35-42
12662336,41,1,0.99935824,1,35-42
12662481,41,2,0.010266756,0,35-42
12662545,41,1,0.99437225,1,35-42
12662607,41,1,0.9870705,1,35-42
12662937,41,1,0.9985012,1,35-42
12662961,41,2,5.061208e-05,0,35-42
12662969,41,2,6.957171e-05,0,35-42
12663023,41,1,0.98902553,1,35-42
12663049,41,2,0.0029025339,0,35-42
12663055,41,2,0.008051394,0,35-42
12663564,41,1,0.95685923,1,35-42
12663585,41,2,0.00012782437,0,35-42
12663782,41,1,0.9586384,1,35-42
12663785,41,2,0.000105036306,0,35-42
12663816,41,2,7.309003e-05,0,35-42
12663820,41,2,0.00013083192,0,35-42
12664247,41,1,0.99446714,1,35-42
12664249,41,1,0.9841345,1,35-42
12664310,41,2,0.008952416,0,35-42
12664370,41,1,0.9968142,1,35-42
12664435,41,2,0.0014093166,0,35-42
12664436,41,2,8.171273e-05,0,35-42
12664440,41,2,0.00048181228,0,35-42
12664483,41,1,0.9987337,1,35-42
12665008,41,2,3.480613e-05,0,35-42
12665048,41,2,5.827415e-05,0,35-42
12665053,41,2,0.005578748,0,35-42
12665054,41,2,0.00012292987,0,35-42
12665057,41,2,0.0006013781,0,35-42
12665059,41,2,0.000109479035,0,35-42
12665068,41,2,5.0997536e-05,0,35-42
12665070,41,2,0.00012849321,0,35-42
12665078,41,2,8.946409e-05,0,35-42
12665079,41,2,0.0032628514,0,35-42
12665084,41,1,0.0008901385,0,35-42
12665085,41,2,0.00020701633,0,35-42
12665092,41,2,0.00022538152,0,35-42
12665096,41,2,0.00021146858,0,35-42
12665102,41,2,0.14639924,0,35-42
12665108,41,2,0.00031133718,0,35-42
12665109,41,2,3.7429745e-05,0,35-42
12665114,41,2,0.007388515,0,35-42
12665116,41,2,0.00018532998,0,35-42
12665120,41,2,0.00012453682,0,35-42
12665121,41,2,9.437357e-05,0,35-42
12665123,41,2,7.784683e-05,0,35-42
12665126,41,2,0.00048903364,0,35-42
12665137,41,2,4.8272028e-05,0,35-42
12665139,41,2,0.31194,0,35-42
12665141,41,2,7.840446e-05,0,35-42
12665145,41,2,0.001938753,0,35-42
12665166,41,2,0.00011648123,0,35-42
12665168,41,2,0.0003162011,0,35-42
12665180,41,2,0.000121383106,0,35-42
12665239,41,1,0.9976326,1,35-42
12665273,41,2,0.0011829963,0,35-42
12666158,41,1,0.99874604,1,35-42
12666348,41,2,0.021990199,0,35-42
12666353,41,2,0.0045717265,0,35-42
12666420,41,1,0.9984785,1,35-42
12666461,41,2,0.00024102151,0,35-42
12666469,41,2,0.00069083145,0,35-42
12666840,41,2,0.0036818096,0,35-42
12667003,41,2,0.00019993397,0,35-42
12667009,41,2,0.00055706047,0,35-42
12667011,41,2,0.00044182574,0,35-42
12667014,41,2,0.00017275942,0,35-42
12667587,41,2,0.19465126,0,35-42
12667591,41,2,0.012663053,0,35-42
12667813,41,2,0.00047052358,0,35-42
12667822,41,2,0.0003423641,0,35-42
12668872,41,2,0.008326693,0,35-42
12668877,41,2,0.0019712087,0,35-42
12668878,41,2,0.008937431,0,35-42
12669334,41,2,5.635265e-05,0,35-42
12670946,41,2,0.00020369425,0,35-42
12671002,41,2,6.317676e-05,0,35-42
12672146,41,2,0.0016620472,0,35-42
12672200,41,2,0.0020989238,0,35-42
12672535,41,2,0.0003838674,0,35-42
12672817,41,2,7.3960124e-05,0,35-42
12672832,41,2,4.338047e-05,0,35-42
12672833,41,2,0.0001562433,0,35-42
12672834,41,2,0.0085086115,0,35-42
12672854,41,2,9.0477835e-05,0,35-42
12672857,41,2,0.0005098685,0,35-42
12672859,41,2,0.0005447875,0,35-42
12672860,41,2,0.00073883537,0,35-42
12673136,41,1,0.9900664,1,35-42
12673142,41,2,2.8559934e-05,0,35-42
12673168,41,2,2.5760812e-05,0,35-42
12673904,41,2,5.6115412e-05,0,35-42
12673975,41,2,4.2729986e-05,0,35-42
12674090,41,1,0.9453397,1,35-42
12674681,41,2,0.0002922662,0,35-42
12674993,41,2,0.0013287587,0,35-42
12675011,41,2,0.0008844445,0,35-42
12675145,41,2,0.0005645224,0,35-42
12675153,41,2,0.00032660295,0,35-42
12676236,41,2,0.22722225,0,35-42
12676336,41,2,0.0003127452,0,35-42
12676353,41,2,0.004242262,0,35-42
12676355,41,2,0.09614118,0,35-42
12676520,41,2,0.016683811,0,35-42
12676677,41,2,0.07687863,0,35-42
12676879,41,2,0.0022842763,0,35-42
12676885,41,2,9.516794e-05,0,35-42
12676914,41,2,0.09255776,0,35-42
12677032,41,2,0.04493284,0,35-42
12677046,41,2,0.0037614773,0,35-42
12677058,41,2,0.002838265,0,35-42
12677089,41,2,0.011604896,0,35-42
12677096,41,2,0.0019095633,0,35-42
12677105,41,2,0.0014642467,0,35-42
12677107,41,2,0.046324585,0,35-42
12677115,41,2,0.0005689508,0,35-42
12677126,41,2,0.033607483,0,35-42
12677134,41,2,0.045451574,0,35-42
12677176,41,2,0.56004137,0,35-42
12677199,41,2,0.05010015,0,35-42
12677208,41,2,0.00043240655,0,35-42
12677425,41,2,0.014967917,0,35-42
12677438,41,2,0.0016306909,0,35-42
12677442,41,2,0.040129177,0,35-42
12677477,41,2,0.0004987483,0,35-42
12677516,41,2,0.00016132629,0,35-42
12677556,41,2,0.07359149,0,35-42
12678078,41,2,0.0026188353,0,35-42
12678082,41,2,0.00012175696,0,35-42
12678083,41,2,0.004899888,0,35-42
12678089,41,2,0.02320737,0,35-42
12678093,41,2,0.005872341,0,35-42
12678241,41,2,0.0004639987,0,35-42
12678247,41,2,0.022716513,0,35-42
12678295,41,2,0.0006557263,0,35-42
12678303,41,2,0.00014600744,0,35-42
12678323,41,2,6.841654e-05,0,35-42
12678376,41,2,7.364322e-05,0,35-42
12678396,41,2,0.21591899,0,35-42
12678407,41,2,9.270526e-05,0,35-42
12678438,41,2,0.064897664,0,35-42
12678444,41,2,0.003355725,0,35-42
12678451,41,2,0.0009989233,0,35-42
12678491,41,2,0.00017675778,0,35-42
12678503,41,2,0.0069525763,0,35-42
12678509,41,2,0.0035726677,0,35-42
12678558,41,2,0.00053639064,0,35-42
12678590,41,2,0.03324613,0,35-42
12678621,41,2,0.00067726296,0,35-42
12678651,41,2,0.07362863,0,35-42
12679222,41,2,0.00020032418,0,35-42
12679238,41,2,0.022165017,0,35-42
12679250,41,2,0.016799102,0,35-42
12679263,41,2,0.023053395,0,35-42
12679274,41,2,0.013050656,0,35-42
12679472,41,2,0.007416622,0,35-42
12680193,41,2,0.00018402567,0,35-42
12680258,41,2,3.2708285e-05,0,35-42
12680754,41,2,8.09671e-05,0,35-42
12681657,41,2,0.00017447994,0,35-42
12682010,41,2,0.0011494532,0,35-42
12682099,41,2,0.009532471,0,35-42
12682410,41,2,0.00028338446,0,35-42
12682818,41,2,0.00017543316,0,35-42
12682884,41,2,5.2381834e-05,0,35-42
12683134,41,2,0.0003018015,0,35-42
12683189,41,2,0.002777316,0,35-42
12683561,41,2,0.0027952564,0,35-42
12683566,41,2,0.00013709084,0,35-42
12683567,41,2,0.0010659507,0,35-42
12683568,41,2,0.0021711644,0,35-42
12683571,41,2,0.00021959504,0,35-42
12683573,41,2,0.0003568451,0,35-42
12683574,41,2,0.00046803374,0,35-42
12683575,41,2,0.0009436238,0,35-42
12683689,41,2,8.948312e-05,0,35-42
12683692,41,2,0.0002876672,0,35-42
12683695,41,2,0.0019915807,0,35-42
12683696,41,2,0.0017091889,0,35-42
12683698,41,2,0.0012468956,0,35-42
12683699,41,2,0.0006430868,0,35-42
12683743,41,2,0.00092968653,0,35-42
12683752,41,2,0.0008016137,0,35-42
12683756,41,2,0.001509962,0,35-42
12683760,41,2,0.00020105977,0,35-42
12683767,41,2,0.0010837116,0,35-42
12683768,41,2,0.0011195841,0,35-42
12683771,41,2,0.0008576502,0,35-42
12683774,41,2,4.6092173e-05,0,35-42
12683864,41,2,6.9543785e-05,0,35-42
12683921,41,2,0.00029456988,0,35-42
12684002,41,2,0.06381259,0,35-42
12684008,41,2,2.7566302e-05,0,35-42
12684017,41,2,0.00083306123,0,35-42
12684118,41,2,0.00035206098,0,35-42
12684127,41,2,0.0016253965,0,35-42
12684255,41,2,6.7500005e-05,0,35-42
12684816,41,2,0.00013687299,0,35-42
12685250,41,2,0.00011266967,0,35-42
12685641,41,2,9.6313786e-05,0,35-42
12685812,41,2,0.0006944679,0,35-42
12685822,41,2,0.00024230836,0,35-42
12685827,41,2,0.007506633,0,35-42
12685855,41,2,0.001354154,0,35-42
12685942,41,2,0.0023493483,0,35-42
12686058,41,2,0.00012977813,0,35-42
12686376,41,2,0.00260996,0,35-42
12686407,41,2,0.0006734074,0,35-42
12686445,41,2,0.0019842102,0,35-42
12686811,41,2,0.0030386064,0,35-42
12686813,41,2,0.006441397,0,35-42
12686823,41,2,0.028968073,0,35-42
12686885,41,2,0.0010367972,0,35-42
12687037,41,2,0.037205603,0,35-42
12687044,41,2,0.048928395,0,35-42
12687470,41,2,0.00545488,0,35-42
12687951,41,2,0.000116883224,0,35-42
12688410,41,2,0.000116114265,0,35-42
12688415,41,2,0.009215137,0,35-42
12688503,41,2,0.029692002,0,35-42
12688530,41,2,0.00097139337,0,35-42
12688580,41,2,6.030922e-05,0,35-42
12688624,41,2,0.006832262,0,35-42
12688669,41,2,0.002273095,0,35-42
12688678,41,2,0.00025141248,0,35-42
12688728,41,2,0.00027213228,0,35-42
12688733,41,2,0.0022655635,0,35-42
12688758,41,2,0.0005723627,0,35-42
12689232,41,2,0.0012571148,0,35-42
12689252,41,2,0.00016113704,0,35-42
12689558,41,2,0.0010840906,0,35-42
12689609,41,2,0.009788178,0,35-42
12689615,41,2,0.008479388,0,35-42
12689616,41,2,0.0777059,0,35-42
12689618,41,2,0.0769731,0,35-42
12689621,41,2,0.00234631,0,35-42
12689789,41,2,0.00025329253,0,35-42
12689991,41,2,0.48793393,0,35-42
12690034,41,2,0.3288953,0,35-42
12690040,41,2,0.012096019,0,35-42
12690201,41,2,0.00082095515,0,35-42
12690607,41,2,0.032672063,0,35-42
12691078,41,2,0.00012429811,0,35-42
12691111,41,2,0.0001298399,0,35-42
12691943,41,2,0.00012132559,0,35-42
12692249,41,2,9.902716e-05,0,35-42
12692685,41,2,0.2764585,0,35-42
12692697,41,2,4.455262e-05,0,35-42
12692727,41,2,7.451642e-05,0,35-42
12693105,41,2,3.9142073e-05,0,35-42
12693126,41,2,0.0002546109,0,35-42
12694404,41,2,0.00010825334,0,35-42
12694629,41,2,3.4860444e-05,0,35-42
12695472,41,2,3.8702125e-05,0,35-42
12695480,41,2,5.1013343e-05,0,35-42
12696075,41,2,3.6934467e-05,0,35-42
12696109,41,2,2.0959418e-05,0,35-42
12698857,41,2,0.0067158765,0,35-42
12699200,41,2,0.007691319,0,35-42
12701847,41,2,0.00010947173,0,35-42
12701981,41,2,9.6734155e-05,0,35-42
12702064,41,2,8.727442e-05,0,35-42
12703125,41,2,9.1222966e-05,0,35-42
12703489,41,2,0.00027052584,0,35-42
12703967,41,1,0.9437392,1,35-42
12705568,41,2,0.00011120395,0,35-42
12705634,41,2,0.00014012626,0,35-42
12705766,41,2,0.0001112048,0,35-42
12706454,41,2,0.00011676725,0,35-42
12709005,41,2,0.018957669,0,35-42
12709010,41,2,0.015841028,0,35-42
12709011,41,2,0.02850387,0,35-42
12709014,41,2,0.009431557,0,35-42
12709018,41,2,0.012354525,0,35-42
12709727,41,2,0.00013873399,0,35-42
12709951,41,2,0.00014130324,0,35-42
12709962,41,2,0.0004503763,0,35-42
12710328,41,2,4.53967e-05,0,35-42
12711452,41,2,0.0009949631,0,35-42
12711626,41,2,0.065973066,0,35-42
12713058,41,2,0.00017067495,0,35-42
12713111,41,2,0.00015977187,0,35-42
12713303,41,2,0.00015357968,0,35-42
12714218,41,2,0.001850877,0,35-42
12776709,41,2,0.0010606924,0,35-42
12776839,41,1,0.99783844,1,35-42
12776854,41,1,0.9977715,1,35-42
12776875,41,1,0.9849451,1,35-42
12777192,41,1,0.9959072,1,35-42
12777205,41,1,0.9867748,1,35-42
12777209,41,1,0.9991837,1,35-42
12777291,41,1,0.9970003,1,35-42
12777292,41,2,0.000124875,0,35-42
12777328,41,1,0.97838885,1,35-42
12777720,41,1,0.99241126,1,35-42
12778411,41,1,0.9977836,1,35-42
12778423,41,1,0.99688596,1,35-42
12778427,41,2,0.022914825,0,35-42
12778447,41,2,0.012217365,0,35-42
12778479,41,1,0.9984692,1,35-42
12778488,41,1,0.97611725,1,35-42
12778492,41,1,0.9761478,1,35-42
12778505,41,1,0.9928718,1,35-42
12778510,41,1,0.98683274,1,35-42
12778524,41,1,0.9964224,1,35-42
12778533,41,1,0.9830958,1,35-42
12778573,41,1,0.9868307,1,35-42
12778668,41,1,0.99895096,1,35-42
12778745,41,1,0.9957157,1,35-42
12778754,41,1,0.9988814,1,35-42
12778760,41,1,0.9698084,1,35-42
12779316,41,1,0.9801206,1,35-42
12779380,41,1,0.9715083,1,35-42
12779384,41,1,0.99824905,1,35-42
12779397,41,1,0.9989421,1,35-42
12779404,41,2,0.007773703,0,35-42
12779542,41,1,0.97630686,1,35-42
12779550,41,1,0.99129546,1,35-42
12779611,41,1,0.99757534,1,35-42
12779622,41,1,0.99922264,1,35-42
12779661,41,1,0.91525453,1,35-42
12779907,41,2,0.0023916138,0,35-42
12779915,41,2,0.0012268241,0,35-42
12779937,41,1,0.9991021,1,35-42
12779969,41,1,0.9980292,1,35-42
12779971,41,2,0.00065885915,0,35-42
12779996,41,1,0.85685027,1,35-42
12780009,41,2,0.00050498825,0,35-42
12780013,41,1,0.9987024,1,35-42
12780031,41,1,0.99679154,1,35-42
12780033,41,2,4.2770633e-05,0,35-42
12780036,41,1,0.95708925,1,35-42
12780047,41,1,0.9985281,1,35-42
12780122,41,1,0.9994431,1,35-42
12780125,41,1,0.9834917,1,35-42
12780133,41,2,4.892315e-05,0,35-42
12780176,41,2,0.00015866103,0,35-42
12780216,41,1,0.99732745,1,35-42
12780252,41,1,0.9993267,1,35-42
12780327,41,1,0.99276865,1,35-42
12780332,41,1,0.99875665,1,35-42
12780335,41,1,0.9947213,1,35-42
12780339,41,1,0.9702478,1,35-42
12780343,41,1,0.99714273,1,35-42
12780345,41,1,0.99861646,1,35-42
12780368,41,1,0.99747616,1,35-42
12780376,41,1,0.98147905,1,35-42
12780436,41,1,0.98116267,1,35-42
12780444,41,1,0.9808692,1,35-42
12780483,41,1,0.99900913,1,35-42
12780496,41,1,0.99665326,1,35-42
12780542,41,2,5.0906478e-05,0,35-42
12780546,41,2,0.0077779265,0,35-42
12780552,41,2,0.0004924405,0,35-42
12780602,41,2,0.001943975,0,35-42
12780603,41,2,0.011639498,0,35-42
12780604,41,2,0.03314533,0,35-42
12780610,41,2,0.0010394378,0,35-42
12780618,41,2,0.00013219353,0,35-42
12780624,41,2,0.00025783083,0,35-42
12780628,41,2,0.000116780626,0,35-42
12780631,41,2,0.0026331877,0,35-42
12780634,41,2,0.0004674263,0,35-42
12780647,41,2,0.0013490224,0,35-42
12780664,41,2,0.040748533,0,35-42
12780665,41,2,0.00024257513,0,35-42
12780684,41,2,0.00043457106,0,35-42
12780702,41,2,0.00036168503,0,35-42
12780715,41,2,0.0049710916,0,35-42
12780717,41,1,0.8703087,1,35-42
12781015,41,2,0.0003423899,0,35-42
12781016,41,2,0.00012835483,0,35-42
12781030,41,1,0.9988187,1,35-42
12781074,41,2,3.7909744e-05,0,35-42
12781679,41,2,0.0013420455,0,35-42
12781680,41,2,8.13938e-05,0,35-42
12781697,41,2,0.00010860178,0,35-42
12781712,41,2,0.00044097498,0,35-42
12781713,41,2,0.0018204552,0,35-42
12781714,41,2,0.0015329316,0,35-42
12781717,41,2,0.0002707457,0,35-42
12781723,41,2,0.0012624719,0,35-42
12781727,41,2,0.00012772727,0,35-42
12781731,41,2,0.00035152354,0,35-42
12781748,41,2,0.1058324,0,35-42
12781760,41,2,1.7920638e-05,0,35-42
12781773,41,2,0.00506436,0,35-42
12781782,41,2,7.6119315e-05,0,35-42
12781783,41,2,0.00012703177,0,35-42
12781784,41,2,0.0002649687,0,35-42
12781845,41,1,0.9811322,1,35-42
12782051,41,1,0.9897787,1,35-42
12782435,41,1,0.99964833,1,35-42
12782462,41,1,0.99705374,1,35-42
12782787,41,2,0.0030379726,0,35-42
12782835,41,1,0.9857377,1,35-42
12783910,41,2,0.001822424,0,35-42
12784805,41,2,0.00288538,0,35-42
12785090,41,2,0.0012116982,0,35-42
12785129,41,2,0.021124426,0,35-42
12785436,41,2,0.04188174,0,35-42
12785603,41,2,0.021405695,0,35-42
12785621,41,2,0.004990924,0,35-42
12785627,41,2,0.023339475,0,35-42
12786043,41,2,0.014965133,0,35-42
12786068,41,2,0.0046225535,0,35-42
12786110,41,2,7.815425e-05,0,35-42
12786119,41,2,0.0014312426,0,35-42
12786144,41,2,0.029576212,0,35-42
12786151,41,2,0.0010223273,0,35-42
12786167,41,2,0.0025177943,0,35-42
12786170,41,2,0.00071080175,0,35-42
12786201,41,2,0.066698074,0,35-42
12786327,41,2,0.00079531834,0,35-42
12786338,41,2,0.0030690941,0,35-42
12786344,41,2,0.00071789394,0,35-42
12786355,41,2,0.000271993,0,35-42
12786498,41,2,0.0030308708,0,35-42
12786511,41,2,0.0011541789,0,35-42
12786880,41,2,0.08306273,0,35-42
12786886,41,2,0.00022677035,0,35-42
12786892,41,2,0.1310255,0,35-42
12786914,41,2,0.029580064,0,35-42
12786944,41,2,0.005294188,0,35-42
12786950,41,2,0.0072189546,0,35-42
12787231,41,2,0.019330686,0,35-42
12787243,41,2,0.09109389,0,35-42
12787255,41,2,0.00065419794,0,35-42
12787653,41,2,0.00033368572,0,35-42
12787687,41,2,5.722589e-05,0,35-42
12787874,41,2,0.0023022844,0,35-42
12787889,41,2,0.0024045887,0,35-42
12787949,41,2,0.020892838,0,35-42
12787951,41,2,4.303961e-05,0,35-42
12788021,41,2,8.861207e-05,0,35-42
12788063,41,2,0.00015465685,0,35-42
12788078,41,2,0.00057338213,0,35-42
12788192,41,2,0.00067096186,0,35-42
12788223,41,2,0.00032413442,0,35-42
12788383,41,2,0.0016717296,0,35-42
12788387,41,2,0.015354272,0,35-42
12788388,41,2,0.00019298965,0,35-42
12788389,41,2,0.00021894631,0,35-42
12788418,41,2,0.0013375195,0,35-42
12788428,41,2,0.00035361166,0,35-42
12788435,41,2,0.00055305636,0,35-42
12788449,41,2,0.00032177995,0,35-42
12788522,41,2,0.00028184324,0,35-42
12788854,41,2,0.0007221726,0,35-42
12788884,41,2,0.01279624,0,35-42
12788890,41,2,0.0001797964,0,35-42
12789074,41,2,0.00011853791,0,35-42
12789081,41,2,5.7284804e-05,0,35-42
12789341,41,2,0.0003035155,0,35-42
12789351,41,2,0.00022425018,0,35-42
12789376,41,2,0.0011243878,0,35-42
12790096,41,2,0.005429518,0,35-42
12790636,41,2,0.049376152,0,35-42
12790720,41,2,0.04554391,0,35-42
12790759,41,2,7.650449e-05,0,35-42
12790850,41,2,0.092833884,0,35-42
12791279,41,2,0.016114369,0,35-42
12791286,41,2,0.0012984724,0,35-42
12791293,41,2,0.002570813,0,35-42
12791305,41,2,0.008394762,0,35-42
12791315,41,2,0.0047140876,0,35-42
12791620,41,2,0.0036501172,0,35-42
12791622,41,2,0.0016935499,0,35-42
12791630,41,2,0.0025887906,0,35-42
12791649,41,2,0.05070659,0,35-42
12791670,41,2,0.0008678925,0,35-42
12791925,41,2,0.0013013626,0,35-42
12792292,41,2,0.019242028,0,35-42
12792319,41,2,0.014754869,0,35-42
12792330,41,2,0.03410683,0,35-42
12792344,41,2,0.015153477,0,35-42
12792462,41,2,0.2781595,0,35-42
12792799,41,2,0.00508245,0,35-42
12792806,41,2,0.0013672013,0,35-42
12792832,41,2,0.0054237964,0,35-42
12792880,41,2,0.05277034,0,35-42
12793271,41,2,0.0037243105,0,35-42
12793277,41,2,0.00042660173,0,35-42
12794041,41,2,0.0028201137,0,35-42
12794050,41,2,0.0006951662,0,35-42
12794101,41,2,0.00031154888,0,35-42
12794203,41,2,0.009473432,0,35-42
12794352,41,2,0.012145316,0,35-42
12794359,41,2,0.00025249203,0,35-42
12794499,41,2,0.00080713513,0,35-42
12794507,41,2,0.00065570197,0,35-42
12795391,41,1,0.97238797,1,35-42
12795837,41,2,0.07560722,0,35-42
12795923,41,2,9.189447e-05,0,35-42
12795929,41,2,8.618274e-05,0,35-42
12796149,41,2,0.0003292101,0,35-42
12797069,41,2,0.00064214,0,35-42
12797083,41,2,0.00011748507,0,35-42
12797685,41,2,9.945784e-05,0,35-42
12797689,41,2,7.6517994e-05,0,35-42
12797690,41,2,4.165827e-05,0,35-42
12797692,41,2,0.00018630995,0,35-42
12798723,41,2,0.0007802693,0,35-42
12798747,41,2,0.00044301254,0,35-42
12798757,41,2,0.0009313253,0,35-42
12798766,41,2,0.00035375042,0,35-42
12798767,41,2,0.00873248,0,35-42
12798772,41,2,0.00027931103,0,35-42
12798787,41,2,0.00027238202,0,35-42
12799167,41,2,0.000116657975,0,35-42
12799490,41,2,7.351531e-05,0,35-42
12800106,41,2,0.61283034,0,35-42
12800479,41,2,2.913966e-05,0,35-42
12800953,41,2,0.13951154,0,35-42
12801016,41,2,0.28269252,0,35-42
12801028,41,2,0.029647674,0,35-42
12801242,41,2,0.020689208,0,35-42
12801252,41,2,0.0714205,0,35-42
12801264,41,2,0.013169168,0,35-42
12801271,41,2,0.00025237194,0,35-42
12801563,41,2,0.0014815115,0,35-42
12801567,41,2,0.003325622,0,35-42
12801569,41,2,0.002106087,0,35-42
12801574,41,2,0.000737437,0,35-42
12801779,41,2,0.00030666732,0,35-42
12802078,41,2,0.00019369018,0,35-42
12802086,41,2,0.00014245155,0,35-42
12802102,41,2,8.690883e-05,0,35-42
12802118,41,2,4.687338e-05,0,35-42
12803302,41,2,6.477744e-05,0,35-42
12803306,41,2,5.5660585e-05,0,35-42
12803308,41,2,9.64729e-05,0,35-42
12803321,41,2,6.109234e-05,0,35-42
12803329,41,2,6.1391234e-05,0,35-42
12803578,41,2,7.574698e-05,0,35-42
12803597,41,2,0.0014589069,0,35-42
12803602,41,2,0.00023825644,0,35-42
12804287,41,2,0.08931457,0,35-42
12804295,41,2,0.0021460769,0,35-42
12804309,41,2,0.0060012513,0,35-42
12804355,41,2,0.000635273,0,35-42
12804366,41,2,0.019109432,0,35-42
12804386,41,2,0.0009159253,0,35-42
12804393,41,2,0.00082553714,0,35-42
12804394,41,2,0.0005542276,0,35-42
12805117,41,2,0.0001903202,0,35-42
12805564,41,2,0.0012277863,0,35-42
12805689,41,2,0.00033219546,0,35-42
12805698,41,2,3.162499e-05,0,35-42
12805703,41,2,0.0013421292,0,35-42
12805706,41,2,0.0001898258,0,35-42
12805710,41,2,0.0030545623,0,35-42
12805711,41,2,0.00015729462,0,35-42
12805805,41,2,0.00066134974,0,35-42
12806013,41,2,3.8454087e-05,0,35-42
12806030,41,2,0.00011036485,0,35-42
12806039,41,2,0.0011609033,0,35-42
12806113,41,2,0.0003588083,0,35-42
12806122,41,2,0.00029784514,0,35-42
12806127,41,2,0.005548588,0,35-42
12806146,41,2,0.014205295,0,35-42
12806147,41,2,0.00012121897,0,35-42
12806155,41,2,0.007881389,0,35-42
12806159,41,2,0.0003210124,0,35-42
12806175,41,2,0.12164181,0,35-42
12806177,41,2,7.5462056e-05,0,35-42
12806178,41,2,0.00014641159,0,35-42
12806181,41,2,0.0047909776,0,35-42
12806507,41,2,0.10025296,0,35-42
12806510,41,2,0.0029961914,0,35-42
12806511,41,2,0.0020433743,0,35-42
12806516,41,2,0.0003116368,0,35-42
12806527,41,2,0.0001655645,0,35-42
12806606,41,2,0.0003432974,0,35-42
12806614,41,2,0.00018105537,0,35-42
12806638,41,2,0.0006356933,0,35-42
12806653,41,2,8.32784e-05,0,35-42
12806660,41,2,0.0008886657,0,35-42
12806663,41,2,0.00416346,0,35-42
12806667,41,2,0.0065618055,0,35-42
12806676,41,2,0.002577201,0,35-42
12806677,41,2,9.457555e-05,0,35-42
12806690,41,2,0.0010299193,0,35-42
12806697,41,2,0.0013652237,0,35-42
12806699,41,2,0.0005593683,0,35-42
12806701,41,2,0.0007381278,0,35-42
12806706,41,2,5.08485e-05,0,35-42
12806708,41,2,4.0869625e-05,0,35-42
12806717,41,2,8.098926e-05,0,35-42
12806718,41,2,0.00013735464,0,35-42
12806720,41,2,0.018273477,0,35-42
12806739,41,2,0.0094153555,0,35-42
12806740,41,2,0.0001198334,0,35-42
12806746,41,2,0.0014778416,0,35-42
12806755,41,2,0.00057089626,0,35-42
12807013,41,2,0.009414421,0,35-42
12807023,41,2,0.58999574,0,35-42
12807026,41,2,0.0014973497,0,35-42
12807027,41,2,0.038673557,0,35-42
12807028,41,2,0.24420063,0,35-42
12807038,41,2,0.0059605828,0,35-42
12807048,41,2,0.018530462,0,35-42
12807050,41,2,0.13069585,0,35-42
12807051,41,2,0.0034705386,0,35-42
12807189,41,2,0.4330923,0,35-42
12807191,41,2,0.835222,1,35-42
12807194,41,2,0.49960348,0,35-42
12807201,41,2,0.0056483964,0,35-42
12807539,41,2,0.00027146787,0,35-42
12808041,41,2,3.6179485e-05,0,35-42
12808647,41,2,7.533946e-05,0,35-42
12808657,41,2,0.00013644686,0,35-42
12808740,41,2,0.0051980205,0,35-42
12810084,41,2,0.001996348,0,35-42
12810831,41,2,0.004312816,0,35-42
12810836,41,2,0.020230168,0,35-42
12810837,41,2,0.0018882235,0,35-42
12810838,41,2,0.34654117,0,35-42
12810839,41,2,0.0063431375,0,35-42
12811004,41,2,0.00878732,0,35-42
12811037,41,2,0.00079289905,0,35-42
12811298,41,2,0.009098617,0,35-42
12811317,41,2,0.00028288126,0,35-42
12811706,41,2,0.014197131,0,35-42
12811717,41,2,0.021707548,0,35-42
12811802,41,2,0.00034558747,0,35-42
12812389,41,2,0.00010575975,0,35-42
12812759,41,2,0.00013128518,0,35-42
12813119,41,2,0.0033653632,0,35-42
12813420,41,2,0.004435188,0,35-42
12814076,41,2,0.00040556202,0,35-42
12814581,41,2,0.0021733379,0,35-42
12819840,41,2,0.00012507319,0,35-42
12820106,41,2,0.00022585479,0,35-42
12820841,41,2,0.000379024,0,35-42
12821134,41,2,0.00042677522,0,35-42
12821176,41,2,0.00024902326,0,35-42
12822546,41,2,7.6305805e-05,0,35-42
12822962,41,2,3.5065263e-05,0,35-42
12823981,41,2,0.0014475301,0,35-42
12825135,41,2,2.6684584e-05,0,35-42
12826849,41,2,0.0010163869,0,35-42
12826917,41,2,7.8272016e-05,0,35-42
12976982,41,2,5.1486284e-05,0,35-42
12977309,41,2,0.00044938165,0,35-42
12977369,41,2,0.00049695786,0,35-42
12977734,41,2,4.39631e-05,0,35-42
12977735,41,2,0.00027120658,0,35-42
12978123,41,2,0.0006611399,0,35-42
12978252,41,2,0.0039165346,0,35-42
12978622,41,2,0.00074211066,0,35-42
12979084,41,2,0.015822036,0,35-42
12979105,41,2,0.00048224948,0,35-42
12979124,41,2,0.00013896238,0,35-42
12979253,41,2,0.000503921,0,35-42
12979325,41,2,0.0010244981,0,35-42
12980315,41,2,0.015767317,0,35-42
12980342,41,2,0.00044289746,0,35-42
12980388,41,2,0.0005232308,0,35-42
12980465,41,2,0.038629893,0,35-42
12980513,41,2,5.4380613e-05,0,35-42
12980533,41,2,0.0006472755,0,35-42
12980609,41,2,0.00035243272,0,35-42
12980624,41,2,0.00023024424,0,35-42
12981375,41,2,0.0006766307,0,35-42
12981435,41,2,0.009158457,0,35-42
12981600,41,2,0.0005985005,0,35-42
12981985,41,2,0.00087521126,0,35-42
12982085,41,2,0.005507124,0,35-42
12982338,41,2,0.0004869832,0,35-42
12982603,41,2,0.00036159626,0,35-42
12982967,41,2,0.0020170943,0,35-42
12983005,41,2,0.0018181942,0,35-42
12983773,41,2,0.0014340073,0,35-42
12983924,41,2,0.0015519098,0,35-42
12984017,41,2,0.055345256,0,35-42
12984062,41,2,0.0023701808,0,35-42
12984620,41,2,0.0064905384,0,35-42
12984651,41,2,3.8084545e-05,0,35-42
12984683,41,2,0.0026477894,0,35-42
12984768,41,2,0.0028929159,0,35-42
12984797,41,2,0.044793986,0,35-42
12984892,41,2,0.0011890427,0,35-42
12987068,41,2,0.00015935831,0,35-42
12987200,41,2,6.311071e-05,0,35-42
12988751,41,2,0.008327386,0,35-42
12988764,41,2,0.16590792,0,35-42
12989571,41,2,0.000113798225,0,35-42
12990251,41,2,0.00025657724,0,35-42
12990632,41,2,0.00029360366,0,35-42
12992332,41,2,0.0002674234,0,35-42
12992769,41,2,0.029414471,0,35-42
12998526,41,2,0.00074023614,0,35-42
12998527,41,2,0.00075804244,0,35-42
12999576,41,1,0.0017213138,0,35-42
13012882,41,2,0.0028216424,0,35-42
13024915,41,2,0.0006085186,0,35-42
13029248,41,2,0.00016915152,0,35-42
13031317,41,2,0.00014219587,0,35-42
13031319,41,2,0.00016784933,0,35-42
13035448,41,2,0.013830108,0,35-42
13150785,41,2,0.00080370443,0,35-42
13153403,41,2,0.0001017201,0,35-42
13172236,41,2,0.020146172,0,35-42
13182191,41,2,0.00013595776,0,35-42
13186666,41,2,0.0012909472,0,35-42
13205600,41,2,4.3869662e-05,0,35-42
13205607,41,2,0.00027028762,0,35-42
13205661,41,2,5.8110883e-05,0,35-42
13205998,41,2,0.0072977394,0,35-42
13206361,41,2,0.002282864,0,35-42
13207839,41,2,0.2079361,0,35-42
13210404,41,2,0.34360033,0,35-42
13210433,41,2,0.0023250144,0,35-42
13210898,41,2,0.015313701,0,35-42
13211070,41,2,0.00012235869,0,35-42
13213985,41,2,0.00015688674,0,35-42
13214945,41,2,0.00012844139,0,35-42
13216778,41,2,0.005288955,0,35-42
13216886,41,2,0.19409022,0,35-42
13217563,41,2,0.0006704396,0,35-42
13218603,41,2,0.00065203087,0,35-42
13218967,41,2,0.10932998,0,35-42
13219110,41,2,0.00024535332,0,35-42
13219218,41,2,0.012070445,0,35-42
13219548,41,2,0.0002339939,0,35-42
13219809,41,2,0.011521914,0,35-42
13219858,41,2,0.009459102,0,35-42
13221279,41,2,0.002981118,0,35-42
13221311,41,2,0.00040072756,0,35-42
13221816,41,2,0.2537683,0,35-42
13221892,41,2,0.00010095795,0,35-42
13222199,41,2,0.00715392,0,35-42
13222290,41,2,0.00034561727,0,35-42
13222735,41,2,0.0020601833,0,35-42
13223062,41,2,0.00020083023,0,35-42
13223140,41,2,0.0019090635,0,35-42
13223487,41,2,0.011422274,0,35-42
13224278,41,2,0.022088539,0,35-42
13224893,41,2,0.00021600789,0,35-42
13226099,41,2,0.00984042,0,35-42
13226207,41,2,0.044824358,0,35-42
13226239,41,2,0.00033584362,0,35-42
13226747,41,2,0.010982052,0,35-42
13227356,41,2,0.029745098,0,35-42
13227819,41,2,0.03339171,0,35-42
13227825,41,2,0.0007078717,0,35-42
13241375,41,2,0.5420412,0,35-42
13242340,41,2,4.44609e-05,0,35-42
13242793,41,2,0.0002706329,0,35-42
13251558,41,2,0.002508986,0,35-42
13251586,41,2,0.005946642,0,35-42
13251835,41,2,0.0003376965,0,35-42
13252256,41,2,0.008340356,0,35-42
13252285,41,1,0.8386418,1,35-42
13252299,41,2,0.00025195768,0,35-42
13252389,41,2,0.13838921,0,35-42
13252401,41,2,0.0013919596,0,35-42
13252436,41,1,0.010307274,0,35-42
13252442,41,2,0.0024376612,0,35-42
13252812,41,2,0.0005516604,0,35-42
13252885,41,2,0.00062287814,0,35-42
13252972,41,2,0.00010534666,0,35-42
13253160,41,2,0.00044572077,0,35-42
13254247,41,2,0.0019749561,0,35-42
13254276,41,1,0.002826544,0,35-42
13256087,41,2,0.0020724158,0,35-42
13256110,41,2,0.003987194,0,35-42
13256178,41,2,0.0050012665,0,35-42
13256365,41,2,0.001648362,0,35-42
13260012,41,2,5.894596e-05,0,35-42
13260026,41,2,5.5289158e-05,0,35-42
13264701,41,2,0.00078570785,0,35-42
13264763,41,2,0.00043136496,0,35-42
13264769,41,2,0.00052467687,0,35-42
13264777,41,2,0.0004646068,0,35-42
13266589,41,2,0.007841241,0,35-42
13266655,41,2,0.07519965,0,35-42
13266690,41,2,0.00013208366,0,35-42
13266708,41,2,2.2576469e-05,0,35-42
13266725,41,2,4.2340424e-05,0,35-42
13266736,41,2,0.00037154375,0,35-42
13267225,41,2,0.0021284593,0,35-42
13267233,41,2,0.0003954144,0,35-42
13267246,41,2,0.009159724,0,35-42
13268159,41,2,0.05377715,0,35-42
13268173,41,2,0.00040919828,0,35-42
13268197,41,2,0.0015176227,0,35-42
13268557,41,2,0.00014512522,0,35-42
13268562,41,2,6.4458436e-05,0,35-42
13268568,41,2,0.00012309337,0,35-42
13268760,41,2,0.004669021,0,35-42
13277208,41,2,0.00019429039,0,35-42
13278239,41,2,0.0002206644,0,35-42
13279830,41,2,0.00075693685,0,35-42
13279837,41,2,0.00073518394,0,35-42
13279849,41,2,0.0009995693,0,35-42
13279862,41,2,0.0011502008,0,35-42
13279865,41,2,0.0006600375,0,35-42
13279878,41,2,0.000853891,0,35-42
13279883,41,2,0.00073488476,0,35-42
13279896,41,2,0.0004750039,0,35-42
13279899,41,2,0.0009835867,0,35-42
13279932,41,2,0.0018839722,0,35-42
13279939,41,2,0.0006186556,0,35-42
13279944,41,2,0.0007414377,0,35-42
13280701,41,2,0.0008944503,0,35-42
13284222,41,2,0.0031610334,0,35-42
13284261,41,2,0.0023025176,0,35-42
13284323,41,2,0.11162878,0,35-42
13284351,41,2,0.014559587,0,35-42
13284366,41,2,0.001086395,0,35-42
13332792,41,2,0.0002969132,0,35-42
13333059,41,2,0.23838402,0,35-42
13333148,41,2,5.090323e-05,0,35-42
13335842,41,2,0.0001991839,0,35-42
13339840,41,2,0.0006456683,0,35-42
13348260,41,2,0.00016972864,0,35-42
13354030,41,2,8.045712e-05,0,35-42
13354045,41,2,6.312328e-05,0,35-42
13356981,41,2,0.001707513,0,35-42
13357036,41,2,6.2016654e-05,0,35-42
13357635,41,2,6.519159e-05,0,35-42
13358381,41,2,0.0033236202,0,35-42
13361143,41,2,0.00035967113,0,35-42
13361176,41,2,0.0014714781,0,35-42
13361495,41,2,5.461651e-05,0,35-42
13363661,41,2,9.0048845e-05,0,35-42
13363680,41,2,0.000117488875,0,35-42
13364776,41,2,0.000821209,0,35-42
13364789,41,2,0.0004983045,0,35-42
13364810,41,2,0.0005679855,0,35-42
13364848,41,2,9.533707e-05,0,35-42
13365126,41,2,0.00025049658,0,35-42
13365201,41,2,0.00052509183,0,35-42
13365429,41,2,0.005740264,0,35-42
13366051,41,2,4.2652064e-05,0,35-42
13366159,41,2,0.00063785625,0,35-42
13366609,41,2,0.0008136147,0,35-42
13367066,41,2,0.00022971732,0,35-42
13367078,41,2,0.0001059877,0,35-42
13367108,41,2,0.0002427623,0,35-42
13367307,41,2,0.000110482884,0,35-42
13368096,41,2,0.0037963938,0,35-42
13368520,41,2,0.0015026482,0,35-42
13368582,41,2,0.00021822166,0,35-42
13368624,41,2,0.0023320909,0,35-42
13368647,41,2,0.0011669508,0,35-42
13369311,41,2,0.0001475979,0,35-42
13370027,41,2,0.15251715,0,35-42
13372008,41,2,0.00010041998,0,35-42
13373158,41,2,0.001294304,0,35-42
13373792,41,2,4.1888685e-05,0,35-42
13373801,41,2,0.00035549913,0,35-42
13375264,41,2,3.198803e-05,0,35-42
13378698,41,2,0.00019147055,0,35-42
13378759,41,2,0.00013767026,0,35-42
13380545,41,2,0.012532369,0,35-42
13380558,41,2,0.0035387133,0,35-42
13382595,41,2,0.026723882,0,35-42
13382612,41,2,0.2532179,0,35-42
13384789,41,2,0.008487919,0,35-42
13386556,41,2,0.0061189695,0,35-42
13386671,41,2,0.0047551435,0,35-42
13387369,41,2,0.00044044125,0,35-42
13388720,41,2,6.4837885e-05,0,35-42
13388747,41,2,4.236991e-05,0,35-42
13396508,41,2,0.0029031853,0,35-42
13401021,41,2,0.00064488297,0,35-42
13401072,41,2,0.00035859403,0,35-42
13401786,41,2,5.474259e-05,0,35-42
13401793,41,2,6.292795e-05,0,35-42
13401794,41,2,3.375631e-05,0,35-42
13401798,41,2,5.6231278e-05,0,35-42
13401807,41,2,4.2743435e-05,0,35-42
13401811,41,2,5.8140875e-05,0,35-42
13401815,41,2,4.2703996e-05,0,35-42
13402022,41,2,0.00021068589,0,35-42
13402028,41,2,5.9356546e-05,0,35-42
13402032,41,2,0.000104872175,0,35-42
13402041,41,2,3.9705286e-05,0,35-42
13402051,41,2,4.7822316e-05,0,35-42
13402057,41,2,5.7394e-05,0,35-42
13402063,41,2,3.6912006e-05,0,35-42
13402068,41,2,4.0422863e-05,0,35-42
13402073,41,2,7.0292605e-05,0,35-42
13402083,41,2,5.304416e-05,0,35-42
13402090,41,2,5.304416e-05,0,35-42
13402096,41,2,3.303417e-05,0,35-42
13402146,41,2,5.304416e-05,0,35-42
13402149,41,2,0.00016114287,0,35-42
13402155,41,2,5.9923004e-05,0,35-42
13403010,41,2,0.053380772,0,35-42
13404700,41,2,0.00010809913,0,35-42
13405587,41,2,0.0012075308,0,35-42
13405589,41,2,0.0006595596,0,35-42
13405591,41,2,0.0006968277,0,35-42
13407465,41,1,0.06358627,0,35-42
13407894,41,2,0.0035212191,0,35-42
13408367,41,2,0.02101694,0,35-42
13409524,41,2,0.00024287088,0,35-42
13409536,41,2,0.0008890942,0,35-42
13410860,41,2,0.009435104,0,35-42
13410863,41,2,0.058085624,0,35-42
13410866,41,2,0.00013109979,0,35-42
13410871,41,2,9.472349e-05,0,35-42
13411064,41,2,0.0018712326,0,35-42
13411078,41,2,0.00048591694,0,35-42
13411566,41,2,0.0018886854,0,35-42
13411574,41,2,0.00037173613,0,35-42
13411585,41,2,0.00035552046,0,35-42
13411590,41,2,0.0017190039,0,35-42
13413503,41,2,0.0005942035,0,35-42
13413508,41,2,0.00034831904,0,35-42
13413509,41,2,0.00079007866,0,35-42
13413513,41,2,0.0012816668,0,35-42
13413518,41,2,0.00081646343,0,35-42
13413524,41,2,0.00034831904,0,35-42
13413534,41,2,0.0009973125,0,35-42
13413541,41,2,0.0018016882,0,35-42
13413546,41,2,0.00037864872,0,35-42
13413553,41,2,0.0013052399,0,35-42
13413558,41,2,0.001275297,0,35-42
13413579,41,2,0.00067597296,0,35-42
13413586,41,2,0.0005218128,0,35-42
13413630,41,2,5.2209383e-05,0,35-42
13413671,41,2,0.0009039596,0,35-42
13413673,41,2,0.00023368197,0,35-42
13413872,41,2,0.02759272,0,35-42
13418634,41,2,0.0013719662,0,35-42
13418756,41,2,0.031438027,0,35-42
13418762,41,2,0.0051078424,0,35-42
13418781,41,2,2.0164778e-05,0,35-42
13418804,41,2,0.22404794,0,35-42
13418808,41,2,6.0165214e-05,0,35-42
13418824,41,2,0.00027801745,0,35-42
13418870,41,2,0.12941009,0,35-42
13418935,41,2,0.033187352,0,35-42
13418941,41,2,9.082041e-05,0,35-42
13418954,41,2,0.11331675,0,35-42
13418978,41,2,0.098523475,0,35-42
13419522,41,2,0.031670216,0,35-42
13420201,41,2,0.0008784788,0,35-42
13420206,41,2,0.0005122679,0,35-42
13420431,41,2,0.0015889104,0,35-42
13420439,41,2,0.011467895,0,35-42
13424967,41,2,0.011980223,0,35-42
13425163,41,2,0.010450997,0,35-42
13425191,41,2,0.44419926,0,35-42
13425193,41,2,0.68407214,0,35-42
13425518,41,2,0.0011548982,0,35-42
13425520,41,2,0.0032650991,0,35-42
13425873,41,2,0.061429717,0,35-42
13425879,41,2,0.0021499568,0,35-42
13426232,41,2,0.00020906061,0,35-42
13426677,41,2,0.059190422,0,35-42
13430881,41,2,0.023650715,0,35-42
13431195,41,2,0.1946154,0,35-42
13431907,41,2,0.00028916058,0,35-42
13431994,41,2,8.984351e-05,0,35-42
13432011,41,2,0.0009245279,0,35-42
13432090,41,2,0.100183524,0,35-42
13432097,41,2,0.023516268,0,35-42
13514512,41,2,0.00075036654,0,35-42
13539803,41,2,0.0016428211,0,35-42
13566157,41,2,0.0002598208,0,35-42
13578982,41,2,0.0002609347,0,35-42
13581151,41,2,3.2341697e-05,0,35-42
13581987,41,2,0.0001993165,0,35-42
13582030,41,2,0.07225791,0,35-42
13582032,41,2,0.045593258,0,35-42
13582046,41,2,0.00024547314,0,35-42
13582047,41,2,0.038895436,0,35-42
13582080,41,2,0.00029751705,0,35-42
13582264,41,2,7.996934e-05,0,35-42
13582271,41,2,7.2237875e-05,0,35-42
13582276,41,2,0.0004725674,0,35-42
13582285,41,2,0.00462063,0,35-42
13582316,41,2,0.0015748552,0,35-42
13582972,41,2,0.00028138785,0,35-42
13585060,41,2,0.0011548366,0,35-42
13587791,41,2,0.00033663027,0,35-42
13588511,41,2,0.00030822345,0,35-42
13589003,41,2,0.004221507,0,35-42
13591191,41,2,0.00014227888,0,35-42
13593543,41,2,0.000435051,0,35-42
13598193,41,2,0.0003620205,0,35-42
13599617,41,2,0.0028257456,0,35-42
13600587,41,2,0.0045737447,0,35-42
13602359,41,2,0.0034072092,0,35-42
13602643,41,2,0.109684795,0,35-42
13602646,41,2,0.0062765284,0,35-42
13602655,41,2,0.0039092475,0,35-42
13625972,41,2,2.8268616e-05,0,35-42
13626812,41,2,0.31849194,0,35-42
13626847,41,2,0.004025983,0,35-42
13627122,41,2,0.0002607273,0,35-42
13627138,41,2,0.0016944427,0,35-42
13627167,41,2,0.00015358467,0,35-42
13627212,41,2,0.00035224578,0,35-42
13627238,41,2,0.0010648642,0,35-42
13627279,41,2,0.0022499496,0,35-42
13627324,41,2,0.0002959924,0,35-42
13627443,41,2,0.0029770106,0,35-42
13745157,41,2,0.00025085174,0,35-42
13756924,41,2,0.0009977834,0,35-42
13848837,41,2,3.9243696e-05,0,35-42
13848844,41,2,3.9243696e-05,0,35-42
13880880,41,2,0.17419755,0,35-42
13901270,41,2,0.0007484747,0,35-42
13901314,41,2,0.00019407894,0,35-42
13908024,41,2,0.00016187238,0,35-42
14044635,41,2,0.0003962608,0,35-42
14110544,41,1,0.007052463,0,35-42
14110546,41,2,5.6113968e-05,0,35-42
14230893,41,2,0.0004889309,0,35-42
15153222,41,2,0.0003234519,0,35-42
15297968,41,2,0.016130775,0,35-42
16228638,41,2,0.22453716,0,35-42
16240863,41,2,4.110791e-05,0,35-42
16416656,41,2,4.8371283e-05,0,35-42
16422000,41,2,7.150119e-05,0,35-42
16798077,41,2,0.0010757344,0,35-42
17303565,41,2,5.9739457e-05,0,35-42
17439885,41,2,0.00046623946,0,35-42
18018335,41,2,7.289617e-05,0,35-42
18282809,41,2,0.0012709275,0,35-42
18303235,41,2,0.0013555888,0,35-42
18342630,41,2,6.153788e-05,0,35-42
19021065,41,2,0.0011299207,0,35-42
19990058,41,2,4.9838996e-05,0,35-42
20050561,41,2,0.0077889455,0,35-42
22776993,41,2,0.00028463543,0,35-42
23633693,41,2,0.012311856,0,35-42
24096394,41,2,0.0001562022,0,35-42
26644547,41,2,0.0021466499,0,35-42
27064182,41,2,0.00095991197,0,35-42
29050729,41,2,0.0035369364,0,35-42
29878339,41,2,0.00063627184,0,35-42
30918912,41,2,0.0002802807,0,35-42
32230092,41,2,9.5247015e-05,0,35-42
34119607,41,2,9.7545875e-05,0,35-42
38365030,41,1,0.98642784,1,35-42
38365693,41,1,0.91158503,1,35-42
38369663,41,1,0.9851531,1,35-42
38370042,41,1,0.99943393,1,35-42
38374234,41,1,0.97997457,1,35-42
38374920,41,1,0.990498,1,35-42
38374963,41,1,0.9924051,1,35-42
38375016,41,1,0.99929965,1,35-42
38391951,41,1,0.9984586,1,35-42
38409253,41,2,0.00078203576,0,35-42
38432801,41,2,0.00042562056,0,35-42
38469024,41,2,0.009732143,0,35-42
38473129,41,2,4.6751822e-05,0,35-42
38473139,41,2,0.00042791627,0,35-42
38473149,41,2,6.1391234e-05,0,35-42
38473514,41,2,3.7247006e-05,0,35-42
38477383,41,2,5.4731267e-05,0,35-42
38482727,41,2,0.001126244,0,35-42
38482748,41,2,0.0012516339,0,35-42
38482761,41,2,0.0007624937,0,35-42
38484089,41,2,4.5025743e-05,0,35-42
38484117,41,2,0.0008747735,0,35-42
38484120,41,2,0.002402693,0,35-42
38484124,41,2,0.0020637312,0,35-42
38570057,41,2,0.66244733,0,35-42
38570071,41,2,0.002604721,0,35-42
38570081,41,2,0.1440502,0,35-42
38570712,41,2,0.0239082,0,35-42
39003091,41,2,0.00019776834,0,35-42
39010623,41,2,0.00068958756,0,35-42
39015472,41,2,0.0024135928,0,35-42
39015483,41,2,0.0015927751,0,35-42
39124482,41,2,0.011016485,0,35-42
268186,42,2,0.0012544099,0,35-42
295623,42,2,0.00042035297,0,35-42
971497,42,2,6.215402e-05,0,35-42
992596,42,2,9.582359e-05,0,35-42
1153751,42,2,9.477868e-05,0,35-42
1154526,42,2,0.00013475935,0,35-42
1720404,42,2,4.371269e-05,0,35-42
1744093,42,2,2.2202545e-05,0,35-42
1876609,42,2,0.0005175827,0,35-42
1876617,42,2,0.00018209816,0,35-42
1876620,42,2,0.00056547107,0,35-42
1876630,42,2,0.0003269347,0,35-42
1877925,42,2,0.00010968437,0,35-42
1879066,42,1,0.007706823,0,35-42
1879697,42,2,0.015749872,0,35-42
1880111,42,2,0.00094523357,0,35-42
1885253,42,2,5.00891e-05,0,35-42
2376671,42,1,0.99698204,1,35-42
2800428,42,2,0.000435511,0,35-42
3104636,42,2,2.5290237e-05,0,35-42
3129300,42,2,0.00014538961,0,35-42
3141442,42,2,0.000101708945,0,35-42
3182916,42,2,0.000104861174,0,35-42
3676053,42,2,5.0594226e-05,0,35-42
3762827,42,2,0.0022781629,0,35-42
3783494,42,2,0.019935071,0,35-42
3951773,42,2,0.3975752,0,35-42
3993302,42,2,0.00021550123,0,35-42
4493605,42,2,0.00022418839,0,35-42
4774203,42,2,9.302175e-05,0,35-42
5274025,42,2,8.4939245e-05,0,35-42
5427127,42,2,0.00017944633,0,35-42
7251952,42,2,8.249079e-05,0,35-42
7586795,42,2,0.0002095036,0,35-42
7636537,42,2,9.503299e-05,0,35-42
7642403,42,2,0.0002271551,0,35-42
7642410,42,2,0.0004899225,0,35-42
7917625,42,2,0.0002898719,0,35-42
8005107,42,2,4.1689826e-05,0,35-42
8593470,42,2,8.756318e-05,0,35-42
8993505,42,2,0.00010373356,0,35-42
10403056,42,2,0.00010641182,0,35-42
10942226,42,2,8.349317e-05,0,35-42
11057227,42,2,6.9756796e-05,0,35-42
11494449,42,2,0.36647052,0,35-42
11604903,42,2,0.0001378033,0,35-42
12364143,42,2,0.00011547132,0,35-42
12649359,42,2,5.792007e-05,0,35-42
13339218,42,2,0.00064129813,0,35-42
14782227,42,2,0.035368975,0,35-42
15108363,42,2,0.00011998021,0,35-42
16294668,42,2,0.00017580089,0,35-42
16303980,42,2,0.00012679385,0,35-42
16304794,42,2,0.0006623369,0,35-42
16543315,42,2,0.1801154,0,35-42
17223629,42,2,0.00012008493,0,35-42
18245985,42,2,0.009054391,0,35-42
18927690,42,2,0.00038149717,0,35-42
18933084,42,2,0.0003249962,0,35-42
19270209,42,1,0.04255997,0,35-42
19468516,42,2,5.818696e-05,0,35-42
19893937,42,2,0.6857867,1,35-42
20245713,42,2,0.057887096,0,35-42
21159145,42,2,6.7927474e-05,0,35-42
21257238,42,2,0.00021699256,0,35-42
21358177,42,2,7.593473e-05,0,35-42
21456350,42,2,5.3814074e-05,0,35-42
21635707,42,2,5.1809136e-05,0,35-42
21727261,42,2,5.304821e-05,0,35-42
21937120,42,2,0.00083495147,0,35-42
22021840,42,1,0.11350011,0,35-42
22583076,42,2,9.051253e-05,0,35-42
22808307,42,2,0.00021103029,0,35-42
23576717,42,2,7.787616e-05,0,35-42
24106832,42,2,5.3712865e-05,0,35-42
24106905,42,2,3.6219255e-05,0,35-42
24107324,42,2,0.0001248068,0,35-42
24107716,42,2,0.00035117587,0,35-42
24108173,42,2,0.00047864733,0,35-42
24108594,42,2,0.00031193258,0,35-42
24108824,42,2,4.9663027e-05,0,35-42
24450719,42,2,0.00018282502,0,35-42
24786018,42,2,0.00011385695,0,35-42
25023305,42,2,0.00047186183,0,35-42
25234455,42,2,0.00018633962,0,35-42
25943399,42,2,9.604314e-05,0,35-42
26015423,42,2,5.9933805e-05,0,35-42
26151176,42,2,5.0490937e-05,0,35-42
26483212,42,2,0.004194469,0,35-42
26514157,42,2,0.00010239247,0,35-42
26551908,42,2,4.5697572e-05,0,35-42
26889508,42,2,0.00011150997,0,35-42
27443088,42,2,0.00012188566,0,35-42
27529041,42,2,0.013902863,0,35-42
27529043,42,2,5.1623305e-05,0,35-42
27529051,42,2,0.005300155,0,35-42
27529059,42,2,0.00015202478,0,35-42
27529062,42,2,0.000111030815,0,35-42
27542773,42,2,2.6449801e-05,0,35-42
27575460,42,2,5.51695e-05,0,35-42
27655201,42,2,0.0001231819,0,35-42
27770741,42,2,0.00029656664,0,35-42
28052583,42,2,8.8517736e-05,0,35-42
28277820,42,2,0.0050549763,0,35-42
28387471,42,2,9.902469e-05,0,35-42
28476094,42,2,4.5696048e-05,0,35-42
28488738,42,2,0.00016348886,0,35-42
29123695,42,2,0.0018211735,0,35-42
29359565,42,2,6.823183e-05,0,35-42
29766506,42,2,0.0003801309,0,35-42
29925279,42,2,0.0024621168,0,35-42
29945232,42,2,0.00013143788,0,35-42
30442365,42,2,0.28305817,0,35-42
30826956,42,2,8.319704e-05,0,35-42
30908208,42,2,5.235866e-05,0,35-42
31051102,42,2,0.00019673075,0,35-42
31240896,42,2,0.00012549646,0,35-42
31284001,42,2,0.00024694004,0,35-42
31379458,42,2,0.0028182394,0,35-42
31379782,42,2,9.026653e-05,0,35-42
31423635,42,2,4.5810888e-05,0,35-42
31838835,42,2,0.00018316421,0,35-42
31892272,42,2,0.0027297281,0,35-42
32025116,42,2,0.0002243584,0,35-42
32469094,42,2,0.0012952954,0,35-42
32844990,42,2,0.003065044,0,35-42
33056743,42,2,0.00040333753,0,35-42
33643200,42,2,0.0009293035,0,35-42
33688530,42,2,7.732707e-05,0,35-42
33688852,42,2,0.0016024557,0,35-42
33888861,42,2,0.01386138,0,35-42
34196609,42,2,0.00011769958,0,35-42
34260059,42,2,0.00019314502,0,35-42
34268149,42,2,0.0042247116,0,35-42
34672686,42,2,0.0006298991,0,35-42
34717366,42,2,5.7396406e-05,0,35-42
34907021,42,2,0.002540119,0,35-42
34924148,42,2,3.6928235e-05,0,35-42
34956275,42,2,6.538521e-05,0,35-42
34978872,42,2,5.603867e-05,0,35-42
35202200,42,2,6.078747e-05,0,35-42
35423135,42,2,0.018038807,0,35-42
35476088,42,2,6.7577035e-05,0,35-42
35933803,42,2,0.00018479161,0,35-42
35960886,42,2,0.009555734,0,35-42
36786002,42,2,0.008496609,0,35-42
36942064,42,2,0.0003216349,0,35-42
37085642,42,2,0.0195944,0,35-42
37546662,42,2,0.00015723254,0,35-42
38538087,42,2,4.534854e-05,0,35-42
38791763,42,2,0.00010831664,0,35-42
39146480,42,1,0.72794753,1,35-42
39377905,42,2,0.0010402997,0,35-42
39389635,42,2,4.317885e-05,0,35-42
39457631,42,2,5.3500717e-05,0,35-42
39579579,42,2,2.1231242e-05,0,35-42
39871686,42,2,0.007175227,0,35-42
39871706,42,2,0.008178456,0,35-42
40151889,42,2,0.0002981122,0,35-42
40344642,42,2,0.010275554,0,35-42
40441436,42,1,0.99889684,1,35-42
40441445,42,1,0.97973365,1,35-42
41261572,42,1,0.9976647,1,35-42
41319424,42,2,0.000604912,0,35-42
41342269,42,2,4.9516853e-05,0,35-42
41782771,42,2,0.0040457095,0,35-42
41990214,42,2,3.549334e-05,0,35-42
42071940,42,2,3.8528236e-05,0,35-42
42303725,42,2,0.0804269,0,35-42
42549756,42,2,8.835219e-05,0,35-42
43160006,42,2,0.00035042406,0,35-42
43161721,42,2,0.00057201996,0,35-42
43662693,42,1,0.99109393,1,35-42
43695214,42,2,0.0001025984,0,35-42
43998636,42,2,0.00033795479,0,35-42
44252097,42,2,0.00012210681,0,35-42
44771645,42,2,0.00017934559,0,35-42
45031995,42,2,0.00017885648,0,35-42
45739524,42,2,0.00010704117,0,35-42
46070912,42,2,5.975347e-05,0,35-42
46244487,42,2,0.15799715,0,35-42
46879105,42,2,0.0020405021,0,35-42
47066538,42,2,6.398217e-05,0,35-42
47994516,42,1,0.0026746208,0,35-42
48259567,42,2,0.00017883313,0,35-42
48471275,42,2,0.00061669294,0,35-42
48473207,42,2,3.771013e-05,0,35-42
49381958,42,2,0.3496896,0,35-42
50009130,42,2,0.009489191,0,35-42
50157027,42,2,0.016668485,0,35-42
50157029,42,2,0.33344242,0,35-42
50322472,42,2,2.9433386e-05,0,35-42
50409049,42,2,0.00017169166,0,35-42
51481472,42,2,0.00017334073,0,35-42
51481941,42,2,0.00054281246,0,35-42
52056969,42,2,7.75418e-05,0,35-42
52056970,42,2,0.0013707763,0,35-42
52629852,42,2,0.00033647305,0,35-42
53714703,42,2,0.00022601766,0,35-42
55023383,42,2,3.788481e-05,0,35-42
55483333,42,2,3.4036144e-05,0,35-42
55684000,42,2,0.00027512774,0,35-42
55698383,42,2,0.0001056128,0,35-42
55872688,42,2,0.00080270413,0,35-42
56301929,42,2,0.030356094,0,35-42
56359303,42,2,4.4443903e-05,0,35-42
57176813,42,2,0.005628642,0,35-42
57675516,42,2,0.000181045,0,35-42
57677306,42,2,0.0001483539,0,35-42
57976911,42,2,0.04313944,0,35-42
58210472,42,2,0.00022289636,0,35-42
59026069,42,2,0.0001387844,0,35-42
59026409,42,2,0.00032989882,0,35-42
59614985,42,2,7.081983e-05,0,35-42
59650535,42,2,1.6704242e-05,0,35-42
59899347,42,2,0.00013796358,0,35-42
60329468,42,2,8.6030916e-05,0,35-42
60368512,42,2,0.000289009,0,35-42
60428676,42,2,9.43958e-05,0,35-42
60514648,42,2,0.00031132737,0,35-42
61300418,42,2,0.000113058624,0,35-42
61381087,42,2,0.000103373925,0,35-42
61722446,42,2,0.00010949324,0,35-42
61775653,42,2,0.0025450445,0,35-42
61969385,42,2,0.048868615,0,35-42
62131751,42,2,0.00013143198,0,35-42
62182419,42,2,0.0002447727,0,35-42
62465661,42,2,0.0008645909,0,35-42
62852272,42,2,0.1083423,0,35-42
62852492,42,2,0.044225894,0,35-42
62852493,42,2,5.6948033e-05,0,35-42
62852495,42,2,0.021884922,0,35-42
62853032,42,2,0.0001491391,0,35-42
62853047,42,2,0.038528968,0,35-42
63082185,42,2,4.5778834e-05,0,35-42
63276814,42,2,0.0004635195,0,35-42
63315682,42,2,0.00019460818,0,35-42
63315686,42,2,0.00016572609,0,35-42
63352329,42,2,0.0011044871,0,35-42
64876822,42,2,0.0011570757,0,35-42
64988710,42,2,4.787561e-05,0,35-42
65200348,42,2,5.2559866e-05,0,35-42
65381198,42,2,0.00010097864,0,35-42
65496453,42,2,0.00017234842,0,35-42
65747870,42,2,0.0001687055,0,35-42
65845951,42,2,5.2176234e-05,0,35-42
66706302,42,2,0.00017028724,0,35-42
66789172,42,2,5.8908645e-05,0,35-42
67190834,42,2,0.00027458946,0,35-42
67270653,42,2,0.0029898481,0,35-42
67424137,42,2,0.0074115824,0,35-42
67427588,42,2,0.02041808,0,35-42
67434053,42,2,0.07781435,0,35-42
67879137,42,2,0.00016370678,0,35-42
67905856,42,2,0.00012413407,0,35-42
68685137,42,2,5.6625548e-05,0,35-42
69094840,42,1,0.9482903,1,35-42
69352049,42,2,0.00032588321,0,35-42
69403436,42,2,0.00014086174,0,35-42
69627900,42,2,0.00012723338,0,35-42
70261846,42,1,0.14451283,0,35-42
70262115,42,2,0.0020266753,0,35-42
70262116,42,2,0.000106103784,0,35-42
70262121,42,1,0.56046504,0,35-42
70400566,42,2,7.913857e-05,0,35-42
70581915,42,2,0.00039187702,0,35-42
70746361,42,2,0.0030815864,0,35-42
70750616,42,2,0.10783165,0,35-42
70757092,42,2,0.003921786,0,35-42
70758328,42,2,0.005028042,0,35-42
70760439,42,2,0.002620136,0,35-42
70762528,42,2,0.007649804,0,35-42
70765090,42,2,0.00108657,0,35-42
70766136,42,2,0.0017531335,0,35-42
70767502,42,2,0.0011307709,0,35-42
70770310,42,2,0.00011587293,0,35-42
70773176,42,2,0.059805162,0,35-42
70773204,42,2,0.00194563,0,35-42
70774887,42,2,0.00016407434,0,35-42
70777472,42,2,8.319443e-05,0,35-42
70778108,42,2,0.38827977,0,35-42
70780721,42,2,0.00023265842,0,35-42
70782670,42,2,0.011923277,0,35-42
70782891,42,2,4.286107e-05,0,35-42
70784303,42,2,0.00036641065,0,35-42
70786440,42,2,7.27047e-05,0,35-42
70788119,42,2,0.012128788,0,35-42
70788132,42,1,0.003518995,0,35-42
70788140,42,2,0.003705809,0,35-42
70788384,42,1,0.0004178213,0,35-42
70788587,42,2,0.6867263,1,35-42
70788772,42,2,0.0075902366,0,35-42
70789650,42,2,5.818696e-05,0,35-42
70789667,42,2,0.57542926,0,35-42
70790107,42,2,0.005100358,0,35-42
70790368,42,2,0.0029188292,0,35-42
70790524,42,2,0.0005319544,0,35-42
70790532,42,2,0.008388442,0,35-42
70791195,42,2,0.042379525,0,35-42
70791449,42,2,0.78312844,1,35-42
70791531,42,2,0.0019846947,0,35-42
70791691,42,2,7.097878e-05,0,35-42
70791700,42,2,0.00014151131,0,35-42
70793843,42,2,0.6899278,1,35-42
70794158,42,2,0.028002651,0,35-42
70794181,42,2,0.0199927,0,35-42
70794433,42,2,0.0026048783,0,35-42
70794785,42,2,0.01742387,0,35-42
70794794,42,2,0.18298048,0,35-42
70794805,42,2,0.020323418,0,35-42
70794859,42,2,5.097658e-05,0,35-42
70795227,42,2,0.00022119968,0,35-42
70795614,42,2,0.00019643384,0,35-42
70801059,42,2,0.00030746183,0,35-42
70801166,42,2,0.4217144,0,35-42
70801372,42,2,0.00033856815,0,35-42
70802464,42,2,0.00051599456,0,35-42
70803595,42,2,0.0006891618,0,35-42
70803810,42,2,0.015544487,0,35-42
70804141,42,2,0.018287694,0,35-42
70804514,42,2,0.01856434,0,35-42
70804747,42,2,0.05107473,0,35-42
70805017,42,2,0.0344773,0,35-42
70805026,42,2,0.003714271,0,35-42
70805415,42,2,6.812371e-05,0,35-42
70806806,42,2,0.0038391724,0,35-42
70806814,42,2,0.0063566905,0,35-42
70806946,42,2,0.060295008,0,35-42
70807051,42,2,0.004015391,0,35-42
70807119,42,2,0.0025503363,0,35-42
70807168,42,2,0.0018660459,0,35-42
70807402,42,2,0.005008169,0,35-42
70808149,42,2,0.0016579104,0,35-42
70808529,42,2,0.00022065853,0,35-42
70809047,42,2,0.023995448,0,35-42
70809206,42,2,0.096863694,0,35-42
70813735,42,2,0.00021928371,0,35-42
70816180,42,2,0.004511206,0,35-42
70816873,42,2,0.0010821879,0,35-42
70817010,42,2,0.0012915042,0,35-42
70818430,42,2,0.00060680864,0,35-42
70818590,42,2,0.0015204751,0,35-42
70819260,42,2,0.0019707745,0,35-42
70820915,42,2,0.0027501672,0,35-42
70821374,42,2,0.008063449,0,35-42
70821619,42,2,0.0073513817,0,35-42
70822477,42,2,0.0066188243,0,35-42
70822741,42,2,0.0026329383,0,35-42
70823472,42,2,0.014822955,0,35-42
70823507,42,2,0.0050396365,0,35-42
70823638,42,2,0.0052153785,0,35-42
70823960,42,2,0.0013781762,0,35-42
70835180,42,2,0.00028346822,0,35-42
70836611,42,2,0.014339073,0,35-42
70836619,42,2,0.014815723,0,35-42
70859287,42,2,4.4735687e-05,0,35-42
70891176,42,2,0.0011422874,0,35-42
70891960,42,2,0.00012445182,0,35-42
70892401,42,2,0.005810038,0,35-42
70893337,42,2,8.467503e-05,0,35-42
70893497,42,2,0.00015724168,0,35-42
71019954,42,2,0.00013304612,0,35-42
71145869,42,2,9.639005e-05,0,35-42
71146233,42,2,0.12641849,0,35-42
71146392,42,2,0.0033605238,0,35-42
71146401,42,2,0.050848845,0,35-42
71150530,42,2,0.0021505042,0,35-42
71150965,42,2,0.015480091,0,35-42
71152837,42,2,0.0072809807,0,35-42
71153565,42,2,0.013577065,0,35-42
71153737,42,2,0.029430963,0,35-42
71154436,42,2,0.014323998,0,35-42
71154828,42,2,0.0077426936,0,35-42
71154927,42,2,0.0056058643,0,35-42
71155941,42,2,0.0024930255,0,35-42
71197629,42,2,6.421768e-05,0,35-42
71211332,42,2,9.48892e-05,0,35-42
71228503,42,2,0.025909549,0,35-42
71238929,42,2,0.00023532064,0,35-42
71239258,42,2,0.00028104064,0,35-42
71239286,42,2,0.00021108743,0,35-42
71239472,42,2,0.0004466778,0,35-42
71239759,42,2,0.00018825513,0,35-42
71239798,42,2,0.00023034656,0,35-42
71239816,42,2,0.00027830678,0,35-42
71240298,42,2,0.00016211659,0,35-42
71240307,42,2,0.0003973862,0,35-42
71240322,42,2,0.00020566043,0,35-42
71240615,42,2,0.00024350086,0,35-42
71240860,42,2,0.0002996149,0,35-42
71241136,42,2,0.0004086724,0,35-42
71241657,42,2,0.00023191959,0,35-42
71241666,42,2,0.0010129643,0,35-42
71241702,42,2,9.242712e-05,0,35-42
71242234,42,2,0.0002776794,0,35-42
71242487,42,2,0.0002071419,0,35-42
71242657,42,2,0.00047620758,0,35-42
71242667,42,2,0.00019331674,0,35-42
71242676,42,2,0.0002881322,0,35-42
71242885,42,2,0.00023433346,0,35-42
71242945,42,2,0.0008973347,0,35-42
71243082,42,2,0.00031339796,0,35-42
71243105,42,2,0.0013575287,0,35-42
71243133,42,2,0.0007490055,0,35-42
71243167,42,2,0.00020071576,0,35-42
71243171,42,2,0.00086016185,0,35-42
71243372,42,2,0.001311749,0,35-42
71243443,42,2,0.0011235751,0,35-42
71449174,42,1,0.9954823,1,35-42
71449573,42,1,0.9989504,1,35-42
71450190,42,1,0.9949521,1,35-42
71450194,42,1,0.99900514,1,35-42
71450339,42,1,0.99788034,1,35-42
71450359,42,2,0.039494585,0,35-42
71450516,42,1,0.99315464,1,35-42
71450526,42,1,0.8747465,1,35-42
71450697,42,1,0.9555573,1,35-42
71450704,42,1,0.9987728,1,35-42
71450731,42,1,0.99864167,1,35-42
71450904,42,1,0.96163297,1,35-42
71450921,42,1,0.9991277,1,35-42
71451283,42,1,0.99504423,1,35-42
71451628,42,1,0.9968033,1,35-42
71451632,42,1,0.99694735,1,35-42
71451667,42,1,0.99899715,1,35-42
71451822,42,1,0.9757696,1,35-42
71452206,42,2,0.08889841,0,35-42
71452486,42,2,0.0010915186,0,35-42
71452487,42,2,0.0001956413,0,35-42
71453835,42,2,0.56181896,0,35-42
71453850,42,2,0.014475126,0,35-42
71456493,42,2,0.02207607,0,35-42
71456857,42,2,0.0040305117,0,35-42
71457236,42,2,0.44840217,0,35-42
71457494,42,2,0.0009880107,0,35-42
71457961,42,2,0.11801079,0,35-42
71458178,42,2,0.0020181667,0,35-42
71459046,42,2,0.008641228,0,35-42
71460296,42,1,0.9881495,1,35-42
71460678,42,2,0.00027751824,0,35-42
71460914,42,2,0.00031793557,0,35-42
71461143,42,2,0.026551474,0,35-42
71462032,42,2,0.00024017642,0,35-42
71463388,42,2,0.22888461,0,35-42
71464491,42,2,0.00041277724,0,35-42
71464875,42,2,0.00032069764,0,35-42
71465425,42,2,4.0878396e-05,0,35-42
71465572,42,2,0.26677248,0,35-42
71465577,42,2,0.0058686314,0,35-42
71465621,42,2,0.00033644724,0,35-42
71465831,42,2,0.008330699,0,35-42
71465949,42,2,0.0010067659,0,35-42
71466671,42,2,0.0009647843,0,35-42
71466686,42,2,0.0021929885,0,35-42
71466699,42,2,0.0049571763,0,35-42
71469019,42,2,0.49424633,0,35-42
71469233,42,2,0.015385042,0,35-42
71469450,42,2,0.0016158635,0,35-42
71469770,42,2,0.07630056,0,35-42
71469947,42,2,0.00039937889,0,35-42
71470051,42,2,0.026956601,0,35-42
71470056,42,2,0.0035871423,0,35-42
71470269,42,2,0.00025974054,0,35-42
71470682,42,2,0.3559213,0,35-42
71471219,42,2,0.008978608,0,35-42
71471977,42,2,0.01392715,0,35-42
71472038,42,2,6.452246e-05,0,35-42
71472208,42,2,0.0007675023,0,35-42
71472455,42,2,0.0028671368,0,35-42
71472472,42,2,7.06551e-05,0,35-42
71473508,42,2,0.0036942428,0,35-42
71473944,42,1,0.0020692674,0,35-42
71474544,42,2,0.000685347,0,35-42
71474778,42,2,0.015563354,0,35-42
71475230,42,2,0.008696277,0,35-42
71475838,42,2,0.0005693188,0,35-42
71479939,42,2,0.00014017436,0,35-42
71480706,42,2,0.0002116378,0,35-42
71481196,42,2,0.00010450053,0,35-42
71484551,42,2,6.543137e-05,0,35-42
71484566,42,2,0.0023278578,0,35-42
71488778,42,2,5.146356e-05,0,35-42
71492105,42,2,0.00012082982,0,35-42
71493745,42,2,0.0013326076,0,35-42
71493868,42,2,0.0006408579,0,35-42
71539583,42,2,0.00022824081,0,35-42
71539918,42,2,0.00025021395,0,35-42
71540013,42,2,0.0022541916,0,35-42
71659400,42,2,0.0012253888,0,35-42
71748299,42,1,0.99938667,1,35-42
71748300,42,1,0.9983039,1,35-42
71748458,42,1,0.9976857,1,35-42
71748770,42,1,0.9909604,1,35-42
71749633,42,1,0.9960206,1,35-42
71756544,42,2,0.0007778088,0,35-42
71758069,42,2,0.004913333,0,35-42
71759106,42,2,0.00025256714,0,35-42
71759111,42,2,0.23585416,0,35-42
71759938,42,2,0.19854161,0,35-42
71760351,42,2,0.0026934505,0,35-42
71760568,42,2,0.13614574,0,35-42
71761861,42,2,0.001636275,0,35-42
71762262,42,2,7.082935e-05,0,35-42
71762296,42,2,0.7408372,1,35-42
71763617,42,2,0.008186481,0,35-42
71763830,42,2,0.00042560982,0,35-42
71765028,42,2,0.00071141403,0,35-42
71765185,42,2,0.00012906027,0,35-42
71769536,42,2,0.00068011315,0,35-42
71769835,42,2,0.8647463,1,35-42
71770124,42,2,0.013290098,0,35-42
71770132,42,1,0.0051268195,0,35-42
71770457,42,2,0.00037172122,0,35-42
71771201,42,2,0.3599603,0,35-42
71771911,42,2,0.44209456,0,35-42
71772140,42,2,0.0010086937,0,35-42
71773389,42,1,0.002213852,0,35-42
71773399,42,2,0.28748903,0,35-42
71773755,42,2,0.026567137,0,35-42
71774000,42,2,0.0003469217,0,35-42
71774214,42,1,0.028621325,0,35-42
71774443,42,2,0.0002199733,0,35-42
71774454,42,2,0.009741393,0,35-42
71774573,42,2,0.018621663,0,35-42
71774870,42,2,8.692126e-05,0,35-42
71780531,42,2,0.00033431908,0,35-42
71781221,42,2,0.011444771,0,35-42
71781238,42,2,0.004294875,0,35-42
71781383,42,2,0.003906495,0,35-42
71781603,42,2,6.6360684e-05,0,35-42
71782193,42,2,0.0032800117,0,35-42
71782454,42,2,0.000105377905,0,35-42
71783466,42,2,7.614625e-05,0,35-42
71783665,42,2,7.57277e-05,0,35-42
71784334,42,2,0.0073950435,0,35-42
71784347,42,2,0.012996234,0,35-42
71785237,42,2,0.0020717878,0,35-42
71785244,42,1,0.0042096153,0,35-42
71785486,42,2,0.0010217003,0,35-42
71785941,42,2,0.018845156,0,35-42
71787142,42,2,0.000118014024,0,35-42
71792058,42,2,0.00043775962,0,35-42
71803875,42,2,0.004401145,0,35-42
71817211,42,2,9.994471e-05,0,35-42
71820973,42,2,0.00010050351,0,35-42
71822491,42,2,8.1992635e-05,0,35-42
71822684,42,2,0.00011765211,0,35-42
71822765,42,2,0.00020601565,0,35-42
71822772,42,2,0.00019620865,0,35-42
71822782,42,2,0.000701544,0,35-42
71822792,42,2,0.00062982616,0,35-42
71822801,42,2,0.00032194259,0,35-42
71822809,42,2,0.00061636354,0,35-42
71822812,42,2,0.00012386826,0,35-42
71823695,42,2,0.000645821,0,35-42
71852969,42,2,0.000102167956,0,35-42
71987809,42,1,0.9997491,1,35-42
71987847,42,1,0.99911696,1,35-42
71987983,42,1,0.99951077,1,35-42
71987987,42,1,0.9994417,1,35-42
71988265,42,1,0.99912363,1,35-42
71988421,42,1,0.99945563,1,35-42
71988422,42,1,0.99924964,1,35-42
71988426,42,1,0.9997061,1,35-42
71988430,42,1,0.99921834,1,35-42
71988433,42,1,0.9993741,1,35-42
71988438,42,1,0.9990231,1,35-42
71988444,42,1,0.99911064,1,35-42
71988450,42,1,0.99929595,1,35-42
71988707,42,1,0.9997292,1,35-42
71988716,42,1,0.99982834,1,35-42
71988749,42,1,0.9989675,1,35-42
71988753,42,1,0.99943274,1,35-42
71988756,42,1,0.99964,1,35-42
71988771,42,1,0.99943656,1,35-42
71988781,42,1,0.99960035,1,35-42
71988920,42,1,0.99924964,1,35-42
71988925,42,1,0.99958163,1,35-42
71988968,42,1,0.94982153,1,35-42
71989154,42,1,0.99749905,1,35-42
71989158,42,1,0.99323225,1,35-42
71989168,42,1,0.9992331,1,35-42
71989346,42,1,0.9996743,1,35-42
71989358,42,1,0.99975103,1,35-42
71989369,42,1,0.99948055,1,35-42
71989375,42,1,0.9989286,1,35-42
71989382,42,1,0.999762,1,35-42
71989395,42,1,0.9953982,1,35-42
71989402,42,1,0.99849844,1,35-42
71989670,42,1,0.99971193,1,35-42
71989674,42,1,0.99934965,1,35-42
71989678,42,1,0.9988403,1,35-42
71989681,42,1,0.9994271,1,35-42
71989683,42,1,0.9997098,1,35-42
71989973,42,1,0.9993693,1,35-42
71989979,42,1,0.9981548,1,35-42
71989982,42,1,0.9997557,1,35-42
71989984,42,1,0.9993586,1,35-42
71989985,42,1,0.99964154,1,35-42
71989992,42,1,0.99670535,1,35-42
71990001,42,1,0.9993191,1,35-42
71990017,42,1,0.9995043,1,35-42
71990171,42,1,0.99898523,1,35-42
71990384,42,1,0.9993191,1,35-42
71990565,42,1,0.99946564,1,35-42
71990611,42,1,0.9995271,1,35-42
71990615,42,1,0.99950564,1,35-42
71990813,42,1,0.9992842,1,35-42
71990821,42,1,0.99945134,1,35-42
71992246,42,2,0.07730517,0,35-42
71992858,42,1,0.9994122,1,35-42
71993480,42,1,0.99948525,1,35-42
71994046,42,1,0.9982363,1,35-42
71994055,42,1,0.9993024,1,35-42
71994276,42,2,0.013373734,0,35-42
71996752,42,2,0.04341533,0,35-42
71997284,42,2,0.0157535,0,35-42
71997478,42,2,0.0624429,0,35-42
71998553,42,2,0.004602681,0,35-42
72000063,42,2,0.029555965,0,35-42
72000748,42,2,0.0083451765,0,35-42
72001817,42,2,0.12293662,0,35-42
72003442,42,2,0.023279306,0,35-42
72004593,42,1,0.99189234,1,35-42
72004790,42,2,7.637963e-05,0,35-42
72007135,42,2,0.013141997,0,35-42
72007399,42,2,0.00020904606,0,35-42
72008272,42,2,0.02104512,0,35-42
72008416,42,2,0.019285869,0,35-42
72012406,42,1,0.010176433,0,35-42
72012766,42,2,0.01650336,0,35-42
72013370,42,2,0.032412395,0,35-42
72013409,42,2,0.0018389358,0,35-42
72013556,42,1,0.0038530186,0,35-42
72013644,42,2,4.149262e-05,0,35-42
72014021,42,2,6.299964e-05,0,35-42
72014983,42,2,1.3728656e-05,0,35-42
72014986,42,2,0.0018683448,0,35-42
72015069,42,1,0.0034549416,0,35-42
72015079,42,2,0.83638996,1,35-42
72015084,42,1,0.08902805,0,35-42
72015519,42,2,0.00053303706,0,35-42
72015787,42,2,0.055686463,0,35-42
72015797,42,2,0.00057784107,0,35-42
72015849,42,2,0.06719074,0,35-42
72016026,42,2,0.22222194,0,35-42
72016412,42,2,0.4400886,0,35-42
72019319,42,2,4.0647956e-05,0,35-42
72020860,42,2,0.016396293,0,35-42
72021738,42,2,0.00062467833,0,35-42
72023648,42,2,0.0012425458,0,35-42
72026789,42,2,0.004726453,0,35-42
72027347,42,2,0.00039052288,0,35-42
72027559,42,2,0.00018342656,0,35-42
72027726,42,2,0.0011653246,0,35-42
72027995,42,2,0.0001176961,0,35-42
72029050,42,2,0.0003882863,0,35-42
72029285,42,2,0.012613731,0,35-42
72029786,42,2,0.0038517811,0,35-42
72030404,42,2,0.005716581,0,35-42
72031891,42,2,0.0539655,0,35-42
72034735,42,1,0.0027571674,0,35-42
72035146,42,2,0.0001393234,0,35-42
72035782,42,2,0.0010699354,0,35-42
72037984,42,2,0.00070166134,0,35-42
72038038,42,2,0.0009194858,0,35-42
72038081,42,2,0.00023449596,0,35-42
72039705,42,2,3.213366e-05,0,35-42
72039808,42,2,0.67716855,0,35-42
72040005,42,2,0.00022090356,0,35-42
72040579,42,2,0.0012244835,0,35-42
72040841,42,2,0.1876501,0,35-42
72047881,42,2,7.855437e-05,0,35-42
72048321,42,2,5.047423e-05,0,35-42
72048340,42,2,0.64981306,0,35-42
72049494,42,2,0.00061311125,0,35-42
72052004,42,2,0.0006093343,0,35-42
72066483,42,2,0.00014012866,0,35-42
72097077,42,2,0.00013248378,0,35-42
72097671,42,2,8.4165935e-05,0,35-42
72098166,42,2,0.00016533607,0,35-42
72099728,42,2,0.0027219793,0,35-42
72291259,42,2,0.004760332,0,35-42
72292001,42,2,0.021048505,0,35-42
72292510,42,2,0.00058559683,0,35-42
72292587,42,1,0.99765825,1,35-42
72293189,42,2,0.0006748433,0,35-42
72294238,42,1,0.97754014,1,35-42
72294265,42,1,0.9989166,1,35-42
72294566,42,2,0.004811899,0,35-42
72294609,42,1,0.9957718,1,35-42
72294986,42,2,0.7099711,1,35-42
72295072,42,1,0.997517,1,35-42
72295214,42,1,0.99965894,1,35-42
72295228,42,1,0.99680686,1,35-42
72295260,42,1,0.5705452,0,35-42
72295265,42,1,0.9995018,1,35-42
72295285,42,2,0.036593758,0,35-42
72296563,42,1,0.99771357,1,35-42
72297314,42,1,0.99819654,1,35-42
72297799,42,2,0.0001531842,0,35-42
72297803,42,1,0.7904639,1,35-42
72298296,42,2,0.003028955,0,35-42
72299900,42,2,0.0019860466,0,35-42
72299921,42,2,0.03304327,0,35-42
72300741,42,2,0.023222594,0,35-42
72301118,42,1,0.98530024,1,35-42
72301127,42,2,6.839579e-05,0,35-42
72301311,42,2,0.0042114886,0,35-42
72301537,42,2,0.030212985,0,35-42
72301539,42,2,0.04784742,0,35-42
72302236,42,1,0.987253,1,35-42
72303983,42,2,0.00074412645,0,35-42
72304469,42,2,0.005405715,0,35-42
72304550,42,2,0.00505726,0,35-42
72305744,42,2,0.000410362,0,35-42
72306197,42,2,0.0057391915,0,35-42
72306537,42,2,0.23880081,0,35-42
72306725,42,2,0.020535694,0,35-42
72306791,42,2,0.034094796,0,35-42
72306803,42,2,0.0029781188,0,35-42
72307355,42,2,0.24307033,0,35-42
72307356,42,2,0.040782563,0,35-42
72307609,42,2,0.0029062445,0,35-42
72307784,42,2,0.003373541,0,35-42
72307823,42,2,0.002856147,0,35-42
72307975,42,2,0.038211677,0,35-42
72308400,42,2,0.052478492,0,35-42
72309889,42,2,8.628019e-05,0,35-42
72309891,42,2,0.003929031,0,35-42
72310080,42,2,0.006799048,0,35-42
72310282,42,2,0.004061906,0,35-42
72310288,42,2,0.00022614373,0,35-42
72310912,42,2,0.0012018443,0,35-42
72310963,42,2,0.015901355,0,35-42
72311131,42,2,0.00036348283,0,35-42
72311922,42,2,8.548195e-05,0,35-42
72312160,42,2,0.012276728,0,35-42
72312179,42,2,0.07696986,0,35-42
72312181,42,2,0.00038620975,0,35-42
72312259,42,2,0.0009830775,0,35-42
72312912,42,2,0.02166612,0,35-42
72313140,42,2,0.0054155947,0,35-42
72313143,42,2,0.0013862085,0,35-42
72313155,42,2,0.014880583,0,35-42
72313159,42,2,0.8484953,1,35-42
72313164,42,2,0.00039512728,0,35-42
72313178,42,2,0.007782974,0,35-42
72313182,42,2,0.017815474,0,35-42
72313330,42,2,0.010867285,0,35-42
72313640,42,2,0.00033356136,0,35-42
72313653,42,2,0.0006177282,0,35-42
72313845,42,2,0.03790332,0,35-42
72313847,42,2,9.9116805e-05,0,35-42
72313850,42,2,0.012160034,0,35-42
72314131,42,2,0.016898,0,35-42
72314623,42,2,0.0015594186,0,35-42
72314903,42,2,0.0034112905,0,35-42
72315120,42,2,0.0068468507,0,35-42
72315122,42,2,0.053081524,0,35-42
72315168,42,2,0.0015461456,0,35-42
72315761,42,2,0.0004598919,0,35-42
72319808,42,2,0.0014207818,0,35-42
72320393,42,2,0.00014038477,0,35-42
72321939,42,2,0.014772972,0,35-42
72322745,42,2,0.02187258,0,35-42
72322753,42,2,0.0067240843,0,35-42
72322933,42,2,0.00022726276,0,35-42
72323161,42,2,0.0015372868,0,35-42
72324511,42,2,0.00031714485,0,35-42
72324936,42,2,0.016566891,0,35-42
72325120,42,2,0.00040863114,0,35-42
72326551,42,2,0.027417406,0,35-42
72326805,42,2,0.032473862,0,35-42
72331196,42,2,0.0044435994,0,35-42
72331198,42,2,0.007644814,0,35-42
72331203,42,2,0.013049734,0,35-42
72332073,42,2,0.0016632653,0,35-42
72336579,42,2,0.21673793,0,35-42
72336581,42,2,0.1441978,0,35-42
72336793,42,2,0.024846148,0,35-42
72337013,42,2,0.015259552,0,35-42
72337228,42,2,0.0038440644,0,35-42
72337299,42,2,0.08340021,0,35-42
72337608,42,1,0.0025718855,0,35-42
72338353,42,1,0.023845738,0,35-42
72339826,42,2,0.00027883824,0,35-42
72339830,42,2,0.00024974276,0,35-42
72340896,42,2,0.0015515552,0,35-42
72341023,42,2,0.008948457,0,35-42
72341034,42,2,0.2509838,0,35-42
72341278,42,1,0.105110675,0,35-42
72341286,42,2,0.00020418892,0,35-42
72341693,42,2,0.0009547899,0,35-42
72341732,42,2,0.073589504,0,35-42
72341904,42,2,0.09701775,0,35-42
72341911,42,2,0.00019097661,0,35-42
72342357,42,2,0.00038270396,0,35-42
72342563,42,2,0.002387374,0,35-42
72342571,42,2,0.8007699,1,35-42
72342800,42,1,0.036749046,0,35-42
72343824,42,2,0.10932723,0,35-42
72343867,42,2,0.6362385,0,35-42
72343965,42,2,0.0035531775,0,35-42
72344271,42,2,0.010773356,0,35-42
72344466,42,2,0.1318167,0,35-42
72344713,42,2,0.034201466,0,35-42
72344729,42,2,0.0013887216,0,35-42
72345006,42,2,0.0049444633,0,35-42
72345473,42,2,6.451963e-05,0,35-42
72345714,42,2,0.00087513786,0,35-42
72345721,42,2,0.0043545584,0,35-42
72356893,42,2,0.035697177,0,35-42
72357295,42,2,0.0012425458,0,35-42
72357297,42,2,0.00089879276,0,35-42
72357299,42,2,0.0010993336,0,35-42
72358846,42,2,0.00017119813,0,35-42
72360035,42,2,0.0036804876,0,35-42
72360350,42,2,0.007340137,0,35-42
72360542,42,2,0.07195405,0,35-42
72360797,42,2,0.0760485,0,35-42
72361914,42,2,0.00028226408,0,35-42
72363609,42,2,0.00011398655,0,35-42
72363969,42,2,0.00021466799,0,35-42
72365292,42,2,0.0006011669,0,35-42
72366178,42,2,0.015258206,0,35-42
72366187,42,2,0.0047419895,0,35-42
72366190,42,2,0.00021047247,0,35-42
72366200,42,2,0.013348615,0,35-42
72366373,42,2,0.14370313,0,35-42
72366379,42,2,0.018970404,0,35-42
72366603,42,2,0.00015067571,0,35-42
72367456,42,2,0.019220749,0,35-42
72369621,42,2,0.00011742896,0,35-42
72370201,42,2,6.111174e-05,0,35-42
72370495,42,2,0.00012150214,0,35-42
72372624,42,2,0.00023812428,0,35-42
72373063,42,2,5.055482e-05,0,35-42
72373071,42,2,5.9820806e-05,0,35-42
72373093,42,2,7.2747076e-05,0,35-42
72376585,42,2,0.07690303,0,35-42
72376589,42,2,0.004202699,0,35-42
72376666,42,2,0.06529825,0,35-42
72376896,42,1,0.0020256024,0,35-42
72376933,42,1,0.020812053,0,35-42
72391022,42,2,0.0007980966,0,35-42
72394107,42,2,0.007328438,0,35-42
72394110,42,2,0.0026844202,0,35-42
72395378,42,2,0.00011952276,0,35-42
72396367,42,2,0.008461234,0,35-42
72397090,42,2,0.00072026806,0,35-42
72399707,42,2,0.018206228,0,35-42
72399758,42,2,0.0011972004,0,35-42
72401814,42,2,0.004103735,0,35-42
72404137,42,2,0.00020680702,0,35-42
72405382,42,2,0.0006921969,0,35-42
72406025,42,2,8.479608e-05,0,35-42
72406245,42,2,0.00012549417,0,35-42
72461221,42,2,0.09134169,0,35-42
72601480,42,1,0.9996921,1,35-42
72601509,42,1,0.9995455,1,35-42
72601861,42,1,0.99966633,1,35-42
72601867,42,1,0.9996923,1,35-42
72601922,42,1,0.9993722,1,35-42
72603109,42,1,0.9998109,1,35-42
72604100,42,1,0.9994481,1,35-42
72628651,42,1,0.9996704,1,35-42
72628700,42,1,0.9990958,1,35-42
72628936,42,1,0.99969697,1,35-42
72629365,42,1,0.99839216,1,35-42
72629506,42,1,0.998453,1,35-42
72629711,42,1,0.99943477,1,35-42
72629836,42,1,0.9997129,1,35-42
72629939,42,2,0.005908954,0,35-42
72629945,42,1,0.99945503,1,35-42
72630340,42,1,0.9870113,1,35-42
72630544,42,2,0.122024946,0,35-42
72630995,42,1,0.9996892,1,35-42
72631002,42,1,0.9979656,1,35-42
72631010,42,1,0.99980026,1,35-42
72631015,42,1,0.9994381,1,35-42
72631022,42,1,0.99919206,1,35-42
72631257,42,1,0.9996966,1,35-42
72631469,42,1,0.9990079,1,35-42
72631632,42,1,0.9997161,1,35-42
72632574,42,1,0.9997961,1,35-42
72632811,42,1,0.97445756,1,35-42
72637933,42,1,0.9617993,1,35-42
72639720,42,2,0.020362917,0,35-42
72639751,42,2,0.0003329723,0,35-42
72640196,42,2,0.032510813,0,35-42
72640345,42,1,0.9890448,1,35-42
72640759,42,2,0.00069893507,0,35-42
72641071,42,1,0.9997217,1,35-42
72641085,42,2,6.275752e-05,0,35-42
72642610,42,1,0.51388097,0,35-42
72644357,42,2,0.0034110618,0,35-42
72644638,42,2,0.0039645666,0,35-42
72645140,42,2,0.00035807138,0,35-42
72645876,42,2,0.0020533614,0,35-42
72646376,42,2,0.0038255593,0,35-42
72646662,42,2,0.00039075955,0,35-42
72646907,42,2,0.00019010132,0,35-42
72647033,42,2,0.0015482871,0,35-42
72647164,42,2,0.0035786189,0,35-42
72647737,42,2,0.00015199099,0,35-42
72648570,42,2,4.7120775e-05,0,35-42
72649775,42,2,0.004859829,0,35-42
72649786,42,2,0.011094048,0,35-42
72650058,42,2,0.008360343,0,35-42
72651643,42,2,0.0030254018,0,35-42
72651665,42,2,0.00025858168,0,35-42
72651673,42,2,1.998042e-05,0,35-42
72652189,42,2,0.008500366,0,35-42
72652439,42,2,0.007541943,0,35-42
72653185,42,2,0.01652583,0,35-42
72653817,42,2,0.482962,0,35-42
72653864,42,2,0.00013807755,0,35-42
72654319,42,2,0.0056828936,0,35-42
72654382,42,2,6.142912e-05,0,35-42
72654942,42,2,0.0004007614,0,35-42
72655069,42,2,0.00019372378,0,35-42
72655345,42,2,0.00449952,0,35-42
72656691,42,2,0.00032734638,0,35-42
72656758,42,2,0.00049824966,0,35-42
72659140,42,2,0.0016471886,0,35-42
72661085,42,2,0.0008518476,0,35-42
72663059,42,2,0.0007759783,0,35-42
72663371,42,2,0.0007789948,0,35-42
72663385,42,2,0.00024639632,0,35-42
72664211,42,2,0.00094538706,0,35-42
72665149,42,2,0.00057293335,0,35-42
72666357,42,2,0.0011337975,0,35-42
72667271,42,2,0.00036224767,0,35-42
72668235,42,2,0.00015479318,0,35-42
72668944,42,2,0.0006841323,0,35-42
72669691,42,2,0.0003239117,0,35-42
72670152,42,2,0.00022775147,0,35-42
72670860,42,2,0.00012565091,0,35-42
72672420,42,2,0.00014075956,0,35-42
72673452,42,2,0.00040404507,0,35-42
72673478,42,2,0.000208854,0,35-42
72674702,42,2,0.00024031568,0,35-42
72675132,42,2,0.0026355356,0,35-42
72675576,42,2,0.019072441,0,35-42
72675584,42,2,0.002077989,0,35-42
72676192,42,2,0.0030044443,0,35-42
72676611,42,2,0.015365284,0,35-42
72676869,42,2,0.0016864833,0,35-42
72678124,42,2,0.0022536318,0,35-42
72678310,42,2,0.007194074,0,35-42
72679040,42,2,0.0005140202,0,35-42
72679147,42,2,0.0010000665,0,35-42
72679225,42,2,0.00016845186,0,35-42
72681803,42,2,6.1253166e-05,0,35-42
72683236,42,2,0.0106037995,0,35-42
72683820,42,2,9.3680566e-05,0,35-42
72684331,42,2,0.006815693,0,35-42
72685157,42,2,0.0027547036,0,35-42
72686846,42,2,2.5538733e-05,0,35-42
72687354,42,2,0.38917086,0,35-42
72689494,42,2,0.62364477,0,35-42
72689707,42,2,0.014923388,0,35-42
72693336,42,2,0.1030081,0,35-42
72705215,42,2,7.028268e-05,0,35-42
72705395,42,2,0.00014099827,0,35-42
72705659,42,2,0.092578344,0,35-42
72709712,42,2,0.02092621,0,35-42
72709717,42,2,0.00011275479,0,35-42
72710228,42,2,0.00012340175,0,35-42
72712942,42,2,0.0034543276,0,35-42
72713030,42,2,0.0859944,0,35-42
72713730,42,2,0.00017505535,0,35-42
72715474,42,2,0.028471736,0,35-42
72716416,42,2,0.0072716014,0,35-42
72716970,42,2,0.004189127,0,35-42
72719465,42,2,0.004833821,0,35-42
72720221,42,2,0.42853725,0,35-42
72728376,42,2,0.00071705395,0,35-42
72729837,42,2,0.10151834,0,35-42
72734757,42,2,0.00027128545,0,35-42
72734954,42,2,0.00027587923,0,35-42
72737084,42,2,0.0016881782,0,35-42
72737121,42,2,0.0020735837,0,35-42
72737134,42,2,0.001190934,0,35-42
72738051,42,2,0.001540917,0,35-42
72738461,42,2,0.00068947714,0,35-42
72739291,42,2,0.006219197,0,35-42
72739775,42,2,6.0925828e-05,0,35-42
72740797,42,2,0.05780452,0,35-42
72740996,42,2,0.015346228,0,35-42
72741006,42,2,0.032381088,0,35-42
72741245,42,2,0.4925187,0,35-42
72741461,42,2,0.006716401,0,35-42
72741476,42,2,0.012409372,0,35-42
72741488,42,2,0.00028899743,0,35-42
72741780,42,2,0.00012443152,0,35-42
72745149,42,2,0.0041340035,0,35-42
72745393,42,2,0.00021891687,0,35-42
72745983,42,1,0.5133285,0,35-42
72746733,42,2,0.0031383173,0,35-42
72748868,42,2,0.00028117144,0,35-42
72753731,42,2,0.00016494712,0,35-42
72754308,42,2,0.00023632773,0,35-42
72754576,42,2,0.00013010624,0,35-42
72755708,42,2,0.0018987013,0,35-42
72755861,42,2,0.0007928817,0,35-42
72755954,42,2,0.01072761,0,35-42
72755962,42,2,0.0005144883,0,35-42
72756285,42,2,0.00010027367,0,35-42
72758083,42,2,0.030960334,0,35-42
72758664,42,2,0.004508932,0,35-42
72759066,42,2,0.019561062,0,35-42
72759134,42,2,0.003448874,0,35-42
72761431,42,2,0.00725026,0,35-42
72763583,42,2,0.01565001,0,35-42
72838962,42,2,0.004891725,0,35-42
72999519,42,2,0.0035815346,0,35-42
73000085,42,1,0.9997688,1,35-42
73000655,42,1,0.9997603,1,35-42
73000659,42,1,0.9995505,1,35-42
73000832,42,1,0.99943,1,35-42
73000840,42,1,0.9982351,1,35-42
73000845,42,1,0.999398,1,35-42
73000853,42,1,0.9995109,1,35-42
73001042,42,1,0.9995259,1,35-42
73001046,42,1,0.99956197,1,35-42
73001401,42,1,0.99974877,1,35-42
73001461,42,1,0.9997515,1,35-42
73001620,42,1,0.9996916,1,35-42
73001623,42,1,0.99962175,1,35-42
73001655,42,1,0.9997608,1,35-42
73002101,42,2,0.00073214184,0,35-42
73002476,42,1,0.999589,1,35-42
73002538,42,1,0.9997626,1,35-42
73002816,42,1,0.9992742,1,35-42
73002915,42,1,0.9975809,1,35-42
73003335,42,1,0.99976224,1,35-42
73003343,42,1,0.9996581,1,35-42
73003348,42,1,0.99962306,1,35-42
73003525,42,1,0.999326,1,35-42
73003591,42,1,0.9917339,1,35-42
73003879,42,1,0.9978417,1,35-42
73003883,42,1,0.99960726,1,35-42
73003888,42,1,0.9994221,1,35-42
73004404,42,1,0.9992884,1,35-42
73005229,42,2,5.3298856e-05,0,35-42
73005552,42,2,0.007856851,0,35-42
73005569,42,2,0.00015436456,0,35-42
73007033,42,1,0.99717146,1,35-42
73008504,42,2,9.2181814e-05,0,35-42
73008506,42,2,3.0164792e-05,0,35-42
73008508,42,2,0.0002538786,0,35-42
73008812,42,2,0.00034347974,0,35-42
73010759,42,1,0.99377877,1,35-42
73010956,42,2,0.0047473935,0,35-42
73011011,42,2,0.0014389381,0,35-42
73014320,42,2,0.00023490032,0,35-42
73014329,42,2,0.00074939785,0,35-42
73014363,42,2,5.0610244e-05,0,35-42
73014398,42,2,0.0013973329,0,35-42
73014404,42,2,4.306671e-05,0,35-42
73014822,42,2,0.0017742595,0,35-42
73014934,42,2,9.300082e-05,0,35-42
73015021,42,2,0.006084462,0,35-42
73015146,42,2,6.437035e-05,0,35-42
73015230,42,2,3.6500704e-05,0,35-42
73015320,42,2,0.0010390818,0,35-42
73015430,42,2,6.634303e-05,0,35-42
73015442,42,2,6.287499e-05,0,35-42
73015447,42,2,0.00021774301,0,35-42
73015688,42,2,4.1190156e-05,0,35-42
73015875,42,2,0.00014607691,0,35-42
73015884,42,2,8.134887e-05,0,35-42
73016077,42,2,0.00020254134,0,35-42
73016086,42,2,9.340673e-05,0,35-42
73016471,42,2,0.0031494116,0,35-42
73018491,42,2,0.00010599478,0,35-42
73018737,42,2,0.0016048333,0,35-42
73018738,42,2,0.00043128745,0,35-42
73018941,42,2,0.000117005664,0,35-42
73018948,42,2,0.00022141552,0,35-42
73019070,42,2,5.0954754e-05,0,35-42
73019084,42,2,0.00029571258,0,35-42
73019102,42,2,7.581549e-05,0,35-42
73019109,42,2,8.202055e-05,0,35-42
73019135,42,2,4.388226e-05,0,35-42
73019144,42,2,3.6588423e-05,0,35-42
73019292,42,2,0.00037234154,0,35-42
73019377,42,2,5.51442e-05,0,35-42
73019493,42,2,0.00013156502,0,35-42
73019502,42,2,4.5289722e-05,0,35-42
73019567,42,2,6.17229e-05,0,35-42
73019577,42,2,0.00010269883,0,35-42
73019690,42,2,6.9817885e-05,0,35-42
73019920,42,2,6.581034e-05,0,35-42
73019923,42,2,0.0004544398,0,35-42
73019926,42,2,0.0003204831,0,35-42
73019984,42,2,4.5674264e-05,0,35-42
73020281,42,2,9.52293e-05,0,35-42
73020431,42,2,5.320699e-05,0,35-42
73020435,42,2,3.95854e-05,0,35-42
73020472,42,2,0.00013133125,0,35-42
73020636,42,2,5.855987e-05,0,35-42
73020810,42,2,0.031741165,0,35-42
73021044,42,2,0.012993531,0,35-42
73021066,42,2,6.581818e-05,0,35-42
73021266,42,2,5.366679e-05,0,35-42
73021459,42,2,0.00016750877,0,35-42
73021471,42,2,5.768905e-05,0,35-42
73021481,42,2,0.0003573261,0,35-42
73021894,42,2,0.0027346993,0,35-42
73021908,42,2,0.00035704926,0,35-42
73021915,42,2,6.568438e-05,0,35-42
73021919,42,2,4.6110727e-05,0,35-42
73021926,42,2,0.00015669268,0,35-42
73022213,42,2,6.4690525e-05,0,35-42
73022404,42,2,4.8659054e-05,0,35-42
73022417,42,2,5.7923105e-05,0,35-42
73022550,42,2,0.00015923438,0,35-42
73022640,42,2,9.360074e-05,0,35-42
73023004,42,2,0.00030278543,0,35-42
73023010,42,2,4.9934144e-05,0,35-42
73023074,42,2,9.8132245e-05,0,35-42
73023264,42,2,2.986474e-05,0,35-42
73023461,42,2,0.00010780595,0,35-42
73023585,42,2,0.0006633097,0,35-42
73023591,42,2,7.14879e-05,0,35-42
73023605,42,2,8.5565545e-05,0,35-42
73023663,42,2,6.256242e-05,0,35-42
73023669,42,2,9.733959e-05,0,35-42
73023889,42,2,0.00011841171,0,35-42
73024100,42,2,7.605017e-05,0,35-42
73024104,42,2,0.00010207106,0,35-42
73024110,42,2,0.00016354187,0,35-42
73024332,42,2,0.00011027038,0,35-42
73024374,42,2,0.0005228581,0,35-42
73024518,42,2,0.26551548,0,35-42
73024526,42,2,0.00040067756,0,35-42
73024528,42,2,0.21546355,0,35-42
73024534,42,2,0.00012077602,0,35-42
73024717,42,2,0.00038327297,0,35-42
73024935,42,2,9.952653e-05,0,35-42
73024948,42,2,7.9831654e-05,0,35-42
73024950,42,2,0.00029808178,0,35-42
73024953,42,2,0.00011382156,0,35-42
73024958,42,2,0.0025943618,0,35-42
73025156,42,2,0.0008713121,0,35-42
73025563,42,2,9.01449e-05,0,35-42
73025576,42,2,3.610421e-05,0,35-42
73025586,42,2,6.624706e-05,0,35-42
73025596,42,2,4.5546734e-05,0,35-42
73025604,42,2,0.00084924686,0,35-42
73025671,42,2,0.0038914885,0,35-42
73025810,42,2,0.0005446294,0,35-42
73025819,42,2,8.019936e-05,0,35-42
73025997,42,2,0.021924866,0,35-42
73026007,42,2,0.00085146655,0,35-42
73026024,42,2,5.458501e-05,0,35-42
73026031,42,2,0.0004914358,0,35-42
73026118,42,2,3.7831447e-05,0,35-42
73026129,42,2,3.9108792e-05,0,35-42
73026178,42,2,9.762785e-05,0,35-42
73026182,42,2,5.45708e-05,0,35-42
73026189,42,2,0.00015768896,0,35-42
73026249,42,2,7.7516e-05,0,35-42
73026253,42,2,7.9457226e-05,0,35-42
73026359,42,2,0.00024364066,0,35-42
73026449,42,2,0.000119967386,0,35-42
73026544,42,2,3.275033e-05,0,35-42
73026728,42,2,0.0014112775,0,35-42
73026785,42,2,5.4914457e-05,0,35-42
73026786,42,2,6.9457164e-05,0,35-42
73026897,42,2,0.00011657201,0,35-42
73026898,42,2,4.5904737e-05,0,35-42
73026903,42,2,0.0006072422,0,35-42
73026941,42,2,0.0002164262,0,35-42
73027117,42,2,7.983104e-05,0,35-42
73027128,42,2,7.405138e-05,0,35-42
73027133,42,2,0.0008430607,0,35-42
73027305,42,2,0.0016095465,0,35-42
73027470,42,2,3.7640075e-05,0,35-42
73027475,42,2,5.3892443e-05,0,35-42
73027480,42,2,0.00014581793,0,35-42
73027652,42,2,5.7819136e-05,0,35-42
73027656,42,2,0.008276293,0,35-42
73027823,42,2,6.8769164e-05,0,35-42
73027839,42,2,3.3922533e-05,0,35-42
73027845,42,2,4.6613502e-05,0,35-42
73027868,42,2,8.902403e-05,0,35-42
73027872,42,2,5.480663e-05,0,35-42
73027878,42,2,4.7521316e-05,0,35-42
73027886,42,2,4.6017685e-05,0,35-42
73027901,42,2,4.807632e-05,0,35-42
73027909,42,2,0.00021802452,0,35-42
73028219,42,2,0.00029604658,0,35-42
73028355,42,2,0.00019066094,0,35-42
73028551,42,2,9.96899e-05,0,35-42
73028563,42,2,0.0016155243,0,35-42
73028570,42,2,0.00026051284,0,35-42
73028575,42,2,0.00011212445,0,35-42
73029338,42,2,0.00029895522,0,35-42
73029640,42,2,0.0008006251,0,35-42
73029817,42,2,4.1965894e-05,0,35-42
73030622,42,2,7.468809e-05,0,35-42
73031052,42,2,0.0012284725,0,35-42
73040798,42,2,0.0010728213,0,35-42
73040985,42,2,0.0012535834,0,35-42
73041100,42,2,0.0014377862,0,35-42
73041603,42,2,0.0008189443,0,35-42
73042467,42,1,0.009114093,0,35-42
73043032,42,2,0.0029742266,0,35-42
73044247,42,2,0.00020135636,0,35-42
73045845,42,2,3.1487012e-05,0,35-42
73046246,42,2,8.154156e-05,0,35-42
73046407,42,2,8.236e-05,0,35-42
73047642,42,2,0.19326885,0,35-42
73077092,42,2,0.27959913,0,35-42
73077620,42,2,8.1858576e-05,0,35-42
73078614,42,2,0.11636743,0,35-42
73078843,42,2,0.00016914186,0,35-42
73079192,42,2,0.050596498,0,35-42
73079635,42,2,0.00039653227,0,35-42
73079735,42,2,4.4160417e-05,0,35-42
73080342,42,2,9.583967e-05,0,35-42
73080384,42,2,0.0011457244,0,35-42
73080824,42,2,0.00086753286,0,35-42
73080834,42,2,0.00013368923,0,35-42
73081948,42,2,0.0019095489,0,35-42
73093640,42,2,0.00071950385,0,35-42
73093645,42,2,0.0008491218,0,35-42
73093651,42,2,0.0026268312,0,35-42
73093655,42,2,0.0005705658,0,35-42
73093659,42,2,0.00021297748,0,35-42
73093813,42,2,0.00023252073,0,35-42
73093815,42,2,0.0014133838,0,35-42
73093992,42,2,0.00043405622,0,35-42
73095809,42,2,0.00015582063,0,35-42
73101812,42,2,0.00016943143,0,35-42
73102693,42,2,0.026770951,0,35-42
73104113,42,2,0.003942891,0,35-42
73109960,42,2,0.014469807,0,35-42
73111780,42,2,0.0010965237,0,35-42
73111809,42,2,6.248867e-05,0,35-42
73114036,42,2,0.57758605,0,35-42
73114041,42,2,0.14731105,0,35-42
73114078,42,2,0.00040521668,0,35-42
73115165,42,2,0.0030858757,0,35-42
73118516,42,2,0.0002637644,0,35-42
73124684,42,2,0.0009524236,0,35-42
73125005,42,2,0.004203521,0,35-42
73125362,42,2,0.00015286845,0,35-42
73126242,42,2,0.00023283975,0,35-42
73126392,42,2,6.985492e-05,0,35-42
73126421,42,2,7.4474934e-05,0,35-42
73126722,42,2,8.639009e-05,0,35-42
73127308,42,2,0.002396472,0,35-42
73127320,42,2,0.0028204208,0,35-42
73127326,42,2,0.012968067,0,35-42
73127721,42,2,0.03342996,0,35-42
73127726,42,2,0.0008394559,0,35-42
73127901,42,2,0.024762012,0,35-42
73128058,42,2,0.062411077,0,35-42
73128068,42,2,0.0040339585,0,35-42
73128790,42,2,0.043578047,0,35-42
73128797,42,2,0.0062284637,0,35-42
73128988,42,2,0.0030044573,0,35-42
73129197,42,2,0.00094322144,0,35-42
73129219,42,2,0.0030347824,0,35-42
73130944,42,2,0.015164211,0,35-42
73131169,42,2,0.00923105,0,35-42
73131230,42,2,0.021402398,0,35-42
73131240,42,2,0.008193341,0,35-42
73131471,42,2,0.00036889213,0,35-42
73132134,42,2,0.037782647,0,35-42
73132953,42,2,0.0047239014,0,35-42
73134945,42,2,0.0041554566,0,35-42
73138429,42,2,5.9882677e-05,0,35-42
73138856,42,2,0.00021614635,0,35-42
73140150,42,2,3.2707758e-05,0,35-42
73140646,42,2,0.045098685,0,35-42
73141558,42,2,0.00029388317,0,35-42
73142649,42,2,0.013508807,0,35-42
73142922,42,2,0.0018053366,0,35-42
73143399,42,2,4.2063133e-05,0,35-42
73143850,42,2,5.182534e-05,0,35-42
73143856,42,2,8.1485676e-05,0,35-42
73144076,42,2,7.896843e-05,0,35-42
73144105,42,2,5.369233e-05,0,35-42
73144109,42,2,5.4314012e-05,0,35-42
73144111,42,2,9.836515e-05,0,35-42
73150583,42,2,0.0013906492,0,35-42
73150943,42,2,0.19709836,0,35-42
73150971,42,2,0.009494414,0,35-42
73152219,42,2,0.44943947,0,35-42
73154554,42,1,0.063447654,0,35-42
73154819,42,1,0.08855576,0,35-42
73154970,42,1,0.018155375,0,35-42
73155019,42,1,0.001208677,0,35-42
73155254,42,1,0.0029247913,0,35-42
73155263,42,1,0.013585875,0,35-42
73155312,42,2,0.0035948253,0,35-42
73155694,42,2,8.695791e-05,0,35-42
73156131,42,2,0.85401225,1,35-42
73156778,42,2,0.0014631678,0,35-42
73160604,42,2,0.20934692,0,35-42
73160817,42,2,0.0044298964,0,35-42
73161180,42,1,0.99956495,1,35-42
73161944,42,2,0.15357688,0,35-42
73162050,42,2,0.15174487,0,35-42
73163734,42,2,0.009125176,0,35-42
73164816,42,2,0.0002521247,0,35-42
73167593,42,2,0.0007600073,0,35-42
73172753,42,2,0.0006583111,0,35-42
73178055,42,2,0.0017823287,0,35-42
73181397,42,1,0.008174001,0,35-42
73187401,42,2,0.00015152562,0,35-42
73187943,42,2,0.009492212,0,35-42
73187952,42,2,0.00052337867,0,35-42
73187971,42,2,0.009640324,0,35-42
73188287,42,2,0.0004166156,0,35-42
73191568,42,2,0.00041611705,0,35-42
73195119,42,2,4.821852e-05,0,35-42
73195156,42,2,0.0006946063,0,35-42
73195991,42,2,0.00012036478,0,35-42
73206905,42,2,0.00013511421,0,35-42
73207645,42,2,0.0006645385,0,35-42
73207648,42,2,0.00044822585,0,35-42
73211242,42,2,3.9187864e-05,0,35-42
73218473,42,2,0.0001466185,0,35-42
73218502,42,2,0.0064822477,0,35-42
73218878,42,1,0.99919957,1,35-42
73218886,42,1,0.997757,1,35-42
73218902,42,2,0.00029697747,0,35-42
73218903,42,1,0.99792814,1,35-42
73218909,42,2,0.0004838375,0,35-42
73218914,42,1,0.99788994,1,35-42
73218919,42,1,0.9986469,1,35-42
73218920,42,2,0.0005047264,0,35-42
73218944,42,1,0.99772555,1,35-42
73218946,42,2,0.0008646803,0,35-42
73218947,42,1,0.99792814,1,35-42
73218974,42,1,0.99725014,1,35-42
73218990,42,1,0.99795085,1,35-42
73219228,42,1,0.99918026,1,35-42
73219265,42,1,0.9993574,1,35-42
73219267,42,2,0.05309287,0,35-42
73219430,42,1,0.99824286,1,35-42
73219643,42,1,0.9992281,1,35-42
73219647,42,1,0.9991768,1,35-42
73219655,42,2,0.00029158904,0,35-42
73219656,42,1,0.9651199,1,35-42
73219836,42,1,0.99761367,1,35-42
73220317,42,1,0.9989052,1,35-42
73220428,42,1,0.99840456,1,35-42
73220440,42,1,0.98337746,1,35-42
73220479,42,2,0.0021351054,0,35-42
73220620,42,1,0.9989536,1,35-42
73220626,42,1,0.9984682,1,35-42
73221193,42,1,0.003711163,0,35-42
73221486,42,2,0.01266864,0,35-42
73221729,42,2,0.0014228846,0,35-42
73221980,42,2,0.00020998277,0,35-42
73222345,42,1,0.9982369,1,35-42
73222473,42,2,0.00023162324,0,35-42
73223771,42,2,0.0007866144,0,35-42
73223960,42,1,0.96476614,1,35-42
73223969,42,2,0.00012950889,0,35-42
73223970,42,1,0.9877857,1,35-42
73223972,42,2,0.002267676,0,35-42
73223974,42,1,0.99917585,1,35-42
73224126,42,2,0.008527059,0,35-42
73224129,42,2,0.009717902,0,35-42
73224146,42,2,0.00026602807,0,35-42
73224307,42,1,0.8697662,1,35-42
73224423,42,2,0.00362393,0,35-42
73224667,42,2,0.00017316347,0,35-42
73227485,42,2,4.7640835e-05,0,35-42
73229857,42,2,0.00015670927,0,35-42
73229871,42,2,0.0003142336,0,35-42
73229875,42,2,0.00021051179,0,35-42
73230083,42,2,0.0005436606,0,35-42
73230086,42,2,0.0003229484,0,35-42
73230250,42,2,5.5791046e-05,0,35-42
73230449,42,2,7.970386e-05,0,35-42
73230565,42,2,0.00014739593,0,35-42
73230569,42,2,0.13340823,0,35-42
73230570,42,2,0.037916936,0,35-42
73230571,42,2,0.040728588,0,35-42
73230576,42,2,0.021329882,0,35-42
73230578,42,2,0.08650833,0,35-42
73230579,42,2,0.0023872922,0,35-42
73230612,42,2,0.013121111,0,35-42
73230613,42,2,0.00053651514,0,35-42
73230783,42,2,0.033947635,0,35-42
73230985,42,2,0.09524036,0,35-42
73230989,42,2,0.005185657,0,35-42
73231155,42,1,0.99490887,1,35-42
73231161,42,2,0.0003046214,0,35-42
73231321,42,2,0.37378484,0,35-42
73231469,42,2,0.001912695,0,35-42
73231484,42,2,0.0007646763,0,35-42
73231487,42,2,0.008604294,0,35-42
73231609,42,2,0.07219196,0,35-42
73232400,42,2,0.00010954629,0,35-42
73236121,42,1,0.9927291,1,35-42
73236946,42,1,0.97943234,1,35-42
73236954,42,2,0.00025894732,0,35-42
73240092,42,2,0.00022307069,0,35-42
73241068,42,2,7.573261e-05,0,35-42
73241096,42,2,7.538719e-05,0,35-42
73241100,42,2,0.000117437805,0,35-42
73241295,42,2,0.00013417198,0,35-42
73241559,42,2,0.00014836578,0,35-42
73241936,42,2,0.0034215054,0,35-42
73241949,42,2,0.13447572,0,35-42
73241951,42,2,0.00057142955,0,35-42
73241954,42,2,7.921634e-05,0,35-42
73242185,42,2,0.00023724204,0,35-42
73242208,42,2,8.84844e-05,0,35-42
73242219,42,2,0.007669525,0,35-42
73242221,42,2,0.057623673,0,35-42
73242226,42,2,0.00023196582,0,35-42
73242240,42,2,0.010003232,0,35-42
73242518,42,2,0.0029427274,0,35-42
73242916,42,2,0.0030356408,0,35-42
73243047,42,2,0.00020474709,0,35-42
73243066,42,2,0.00016928528,0,35-42
73243091,42,2,9.070703e-05,0,35-42
73243306,42,2,0.00012479062,0,35-42
73243473,42,2,7.749088e-05,0,35-42
73243480,42,2,8.536669e-05,0,35-42
73243487,42,2,3.1809162e-05,0,35-42
73243673,42,2,0.00010045944,0,35-42
73243681,42,2,0.00017334898,0,35-42
73243718,42,2,3.3144963e-05,0,35-42
73243721,42,2,4.853791e-05,0,35-42
73243944,42,2,6.714806e-05,0,35-42
73243959,42,2,7.8726545e-05,0,35-42
73244143,42,2,0.00018599152,0,35-42
73244156,42,2,0.0003596329,0,35-42
73244349,42,2,0.00030498262,0,35-42
73244557,42,2,5.8508012e-05,0,35-42
73244732,42,2,0.00012454453,0,35-42
73244914,42,2,5.403643e-05,0,35-42
73245006,42,2,0.0008970004,0,35-42
73245075,42,2,8.072956e-05,0,35-42
73245181,42,2,0.00015111771,0,35-42
73245369,42,2,0.00048537253,0,35-42
73245554,42,2,0.00022631005,0,35-42
73245563,42,2,0.0015181279,0,35-42
73245593,42,2,0.00010340696,0,35-42
73245876,42,2,0.0003042737,0,35-42
73245933,42,2,0.0017823735,0,35-42
73245940,42,2,0.00019027902,0,35-42
73245961,42,2,0.00038216403,0,35-42
73245966,42,2,4.50175e-05,0,35-42
73245979,42,2,0.00014751768,0,35-42
73246013,42,2,0.083043896,0,35-42
73246162,42,2,0.0005980375,0,35-42
73246501,42,2,0.00025971752,0,35-42
73246782,42,2,0.00030364457,0,35-42
73246788,42,2,7.740638e-05,0,35-42
73246897,42,2,0.00017405274,0,35-42
73247127,42,2,0.0001236333,0,35-42
73247219,42,2,0.0012027491,0,35-42
73247232,42,2,0.00027692938,0,35-42
73247244,42,2,0.0023372653,0,35-42
73247246,42,2,0.0003288817,0,35-42
73247328,42,2,0.002140748,0,35-42
73247338,42,2,0.004825456,0,35-42
73247340,42,2,0.00029488374,0,35-42
73247446,42,2,0.0002418675,0,35-42
73247452,42,2,0.00013885906,0,35-42
73247461,42,2,0.00015137976,0,35-42
73247464,42,2,0.00026295887,0,35-42
73247524,42,2,0.02317132,0,35-42
73247526,42,2,0.0120829735,0,35-42
73247529,42,2,8.750258e-05,0,35-42
73247597,42,2,0.0032226099,0,35-42
73247777,42,2,0.00023157975,0,35-42
73248004,42,2,0.00020289485,0,35-42
73248066,42,2,0.00027710764,0,35-42
73248072,42,2,0.00044382893,0,35-42
73248085,42,2,0.00016258146,0,35-42
73248373,42,2,0.0010731785,0,35-42
73248377,42,2,0.00032690572,0,35-42
73248571,42,2,0.014396388,0,35-42
73248732,42,2,0.074098915,0,35-42
73248741,42,2,0.00020322575,0,35-42
73249150,42,2,0.00027739498,0,35-42
73249304,42,2,0.0008410965,0,35-42
73249494,42,2,0.00030170972,0,35-42
73249501,42,2,0.00024145852,0,35-42
73249514,42,2,0.00018387413,0,35-42
73249635,42,2,0.00011494751,0,35-42
73249700,42,2,0.024177168,0,35-42
73249706,42,2,0.00015875924,0,35-42
73249713,42,2,0.00053805584,0,35-42
73249935,42,2,0.0006804544,0,35-42
73249949,42,2,0.00055353466,0,35-42
73250174,42,2,0.020220162,0,35-42
73250180,42,2,0.0025972705,0,35-42
73250183,42,2,0.000114067116,0,35-42
73250751,42,2,0.0002096139,0,35-42
73250896,42,2,0.018590083,0,35-42
73250917,42,2,6.1935156e-05,0,35-42
73250933,42,2,0.0002750113,0,35-42
73251215,42,2,0.00069605315,0,35-42
73251612,42,2,0.00024346974,0,35-42
73251623,42,2,4.399779e-05,0,35-42
73251637,42,2,0.00012355811,0,35-42
73251655,42,2,0.007290154,0,35-42
73251825,42,2,0.006011261,0,35-42
73251847,42,2,0.00038258778,0,35-42
73252048,42,2,9.74938e-05,0,35-42
73252058,42,2,0.0008283853,0,35-42
73252107,42,2,0.00046623746,0,35-42
73252118,42,2,0.013001274,0,35-42
73252123,42,2,0.012151759,0,35-42
73252215,42,2,0.00021699772,0,35-42
73252338,42,2,0.00021646271,0,35-42
73252400,42,2,0.0065916576,0,35-42
73252408,42,2,0.000633785,0,35-42
73252409,42,2,0.000260926,0,35-42
73252415,42,2,0.0003087019,0,35-42
73252418,42,2,0.0009863765,0,35-42
73252481,42,2,0.000120596036,0,35-42
73252672,42,2,0.00023424679,0,35-42
73252675,42,2,9.420984e-05,0,35-42
73252737,42,2,0.00015937716,0,35-42
73252976,42,2,0.00014353088,0,35-42
73252984,42,2,0.0001385888,0,35-42
73253055,42,2,0.01756132,0,35-42
73253059,42,2,0.017226601,0,35-42
73253065,42,2,0.004146478,0,35-42
73253484,42,2,6.9659014e-05,0,35-42
73253494,42,2,0.00011620278,0,35-42
73253674,42,2,0.003318563,0,35-42
73254599,42,2,0.0014779747,0,35-42
73254708,42,2,0.0022479733,0,35-42
73254900,42,2,0.0012014826,0,35-42
73255288,42,2,0.0011195056,0,35-42
73255316,42,2,0.0007047605,0,35-42
73255751,42,2,0.0009964112,0,35-42
73255755,42,2,8.669519e-05,0,35-42
73256631,42,2,0.0005316688,0,35-42
73256985,42,2,8.355339e-05,0,35-42
73256995,42,2,0.016306952,0,35-42
73257007,42,2,0.022725545,0,35-42
73257202,42,2,0.00070570916,0,35-42
73259492,42,2,0.00010428988,0,35-42
73259705,42,2,0.0068801143,0,35-42
73259893,42,2,0.00033340685,0,35-42
73259937,42,2,0.001301943,0,35-42
73260284,42,2,0.00059606,0,35-42
73260532,42,2,0.00024176537,0,35-42
73260875,42,2,0.00014162956,0,35-42
73261127,42,2,0.0017876065,0,35-42
73261270,42,2,0.0005801293,0,35-42
73261465,42,2,0.0022992864,0,35-42
73261640,42,2,0.00014579292,0,35-42
73261651,42,2,0.20061272,0,35-42
73261866,42,2,0.0010093993,0,35-42
73262069,42,2,0.01723835,0,35-42
73262071,42,2,0.00011174426,0,35-42
73262259,42,2,0.00588275,0,35-42
73262266,42,2,0.00010297026,0,35-42
73262274,42,2,0.0030109046,0,35-42
73262279,42,2,0.0024778175,0,35-42
73262434,42,2,0.00031383897,0,35-42
73262568,42,2,0.00040037362,0,35-42
73262813,42,2,0.00027247163,0,35-42
73262962,42,2,0.0025587343,0,35-42
73262997,42,2,0.0025692203,0,35-42
73263003,42,2,0.00087154954,0,35-42
73263010,42,2,0.0006751701,0,35-42
73263012,42,2,0.00010922741,0,35-42
73263102,42,2,0.0008662872,0,35-42
73263114,42,2,0.002877824,0,35-42
73263115,42,2,0.00044434983,0,35-42
73263126,42,2,3.0881492e-05,0,35-42
73263426,42,2,0.00028244604,0,35-42
73263428,42,2,0.00013642045,0,35-42
73263431,42,2,0.00035240033,0,35-42
73263447,42,2,0.00013059098,0,35-42
73263600,42,2,0.00035061786,0,35-42
73263638,42,2,0.00061392784,0,35-42
73263640,42,2,0.00012443877,0,35-42
73263821,42,2,0.00037730092,0,35-42
73263824,42,2,0.00034473732,0,35-42
73264041,42,2,0.0034053088,0,35-42
73264058,42,2,0.00018501675,0,35-42
73264067,42,2,0.00012742424,0,35-42
73264259,42,2,4.16188e-05,0,35-42
73264268,42,2,0.00012869872,0,35-42
73264627,42,2,0.0001383249,0,35-42
73264777,42,2,0.0043758545,0,35-42
73264784,42,2,7.3852934e-05,0,35-42
73265029,42,2,0.00014564174,0,35-42
73265046,42,2,0.00012969512,0,35-42
73265338,42,2,0.00634642,0,35-42
73265345,42,2,0.0001914377,0,35-42
73265411,42,2,0.000119245335,0,35-42
73265609,42,2,0.0031802428,0,35-42
73265734,42,2,0.010509442,0,35-42
73265737,42,2,0.0008210654,0,35-42
73265892,42,2,0.00044490636,0,35-42
73265902,42,2,0.001238283,0,35-42
73266276,42,2,0.001014515,0,35-42
73266479,42,2,0.00047591963,0,35-42
73266489,42,2,0.1042312,0,35-42
73266501,42,2,7.76018e-05,0,35-42
73266534,42,2,0.00040220714,0,35-42
73266854,42,2,0.008521562,0,35-42
73266875,42,2,0.00012346507,0,35-42
73266917,42,2,4.75166e-05,0,35-42
73267134,42,2,0.0030169024,0,35-42
73267336,42,2,7.2372466e-05,0,35-42
73267361,42,2,0.000255861,0,35-42
73267500,42,2,0.000142791,0,35-42
73267557,42,2,4.2856656e-05,0,35-42
73267674,42,2,0.006918179,0,35-42
73268098,42,2,0.006509041,0,35-42
73268422,42,2,0.00018338108,0,35-42
73268451,42,2,0.00012127065,0,35-42
73268455,42,2,0.00010757818,0,35-42
73268483,42,2,8.13308e-05,0,35-42
73268490,42,2,4.8645554e-05,0,35-42
73268495,42,2,0.00014011704,0,35-42
73268599,42,2,0.00015317982,0,35-42
73268676,42,2,0.00012717284,0,35-42
73268684,42,2,0.0001900665,0,35-42
73268870,42,2,0.00014106416,0,35-42
73268963,42,2,0.0008434641,0,35-42
73269091,42,2,0.00010201793,0,35-42
73269095,42,2,0.0002212714,0,35-42
73269193,42,2,0.00011786075,0,35-42
73269198,42,2,0.0003148066,0,35-42
73269204,42,2,0.0074343276,0,35-42
73269208,42,2,0.00037976672,0,35-42
73269213,42,2,4.206931e-05,0,35-42
73269414,42,2,0.00029750826,0,35-42
73269416,42,2,0.0007783196,0,35-42
73269449,42,2,0.0003409006,0,35-42
73269596,42,2,0.12097732,0,35-42
73269600,42,2,0.006049199,0,35-42
73269611,42,2,0.0002521918,0,35-42
73269773,42,2,9.28678e-05,0,35-42
73269984,42,2,0.0006381579,0,35-42
73270000,42,2,0.00028938425,0,35-42
73270169,42,2,0.00047057963,0,35-42
73270170,42,2,0.005762355,0,35-42
73270183,42,2,4.913687e-05,0,35-42
73270301,42,2,7.757664e-05,0,35-42
73270508,42,2,0.00014926016,0,35-42
73270517,42,2,0.0007542979,0,35-42
73270743,42,2,0.007569543,0,35-42
73270746,42,2,0.00021099306,0,35-42
73270926,42,2,0.00013881431,0,35-42
73271137,42,2,3.1456013e-05,0,35-42
73271144,42,2,0.0001685166,0,35-42
73271334,42,2,0.00034370378,0,35-42
73271339,42,2,0.010382674,0,35-42
73271342,42,2,7.578065e-05,0,35-42
73271398,42,2,0.00012310663,0,35-42
73271504,42,2,6.7779554e-05,0,35-42
73271519,42,2,0.001041385,0,35-42
73271568,42,2,0.0007921458,0,35-42
73271744,42,2,0.0042723645,0,35-42
73271752,42,2,0.013739121,0,35-42
73271754,42,2,0.00011512631,0,35-42
73271950,42,2,0.00016524308,0,35-42
73271954,42,2,0.00020954356,0,35-42
73276871,42,2,0.005365469,0,35-42
73278957,42,2,0.0018264524,0,35-42
73279924,42,2,0.00033739817,0,35-42
73279925,42,2,0.00033528812,0,35-42
73280082,42,2,0.00022408518,0,35-42
73280777,42,1,0.9964914,1,35-42
73280908,42,2,9.09146e-05,0,35-42
73293386,42,2,0.0004243125,0,35-42
73296520,42,2,0.0013418071,0,35-42
73298097,42,2,0.00020142626,0,35-42
73298530,42,2,0.14165397,0,35-42
73299404,42,2,0.08229346,0,35-42
73299762,42,2,0.00042252822,0,35-42
73300151,42,2,0.00015658919,0,35-42
73302443,42,2,0.033777304,0,35-42
73303312,42,2,0.0008589145,0,35-42
73303326,42,2,0.0039300555,0,35-42
73303336,42,2,0.009470528,0,35-42
73303338,42,2,0.002625155,0,35-42
73303526,42,2,0.0043872287,0,35-42
73303527,42,2,0.0021158697,0,35-42
73303752,42,2,0.00022479371,0,35-42
73304111,42,2,0.0023882578,0,35-42
73304355,42,2,0.00025685603,0,35-42
73304706,42,2,0.00026955444,0,35-42
73306046,42,2,0.00037749452,0,35-42
73306145,42,2,0.00018700317,0,35-42
73310931,42,2,5.517892e-05,0,35-42
73312126,42,2,7.9298115e-05,0,35-42
73312891,42,2,0.00046272067,0,35-42
73313820,42,2,0.0004824959,0,35-42
73314498,42,2,0.06894618,0,35-42
73314772,42,2,0.0053127017,0,35-42
73316302,42,2,0.9779831,1,35-42
73316972,42,2,0.00016714452,0,35-42
73317163,42,2,0.0025925275,0,35-42
73319073,42,2,6.339801e-05,0,35-42
73319075,42,2,9.315472e-05,0,35-42
73319255,42,2,0.00012823848,0,35-42
73319273,42,2,0.00027139773,0,35-42
73319912,42,1,0.0070779193,0,35-42
73319967,42,2,0.00012256151,0,35-42
73320484,42,2,0.0008157849,0,35-42
73320942,42,2,0.0001693455,0,35-42
73322253,42,2,0.00077342545,0,35-42
73322396,42,2,0.0005212218,0,35-42
73322404,42,2,0.0005416759,0,35-42
73322410,42,2,0.00088780705,0,35-42
73322415,42,2,0.0006279953,0,35-42
73323200,42,2,8.050869e-05,0,35-42
73323370,42,2,0.00011520417,0,35-42
73323911,42,2,0.0046024844,0,35-42
73324446,42,2,0.14202501,0,35-42
73324449,42,2,0.016721856,0,35-42
73324460,42,2,2.2701128e-05,0,35-42
73325011,42,2,0.00011278447,0,35-42
73325126,42,2,0.00031370856,0,35-42
73325136,42,2,0.002388008,0,35-42
73325497,42,2,8.535375e-05,0,35-42
73327121,42,2,0.00022083553,0,35-42
73328197,42,2,9.922688e-05,0,35-42
73328200,42,2,2.4229339e-05,0,35-42
73328203,42,2,2.415595e-05,0,35-42
73329082,42,2,0.000211725,0,35-42
73330801,42,2,0.00025993725,0,35-42
73331130,42,2,0.0016841752,0,35-42
73331596,42,2,0.010425661,0,35-42
73331605,42,2,0.00023742874,0,35-42
73331607,42,2,0.6350047,0,35-42
73331609,42,2,0.00022365018,0,35-42
73331610,42,2,0.00018078952,0,35-42
73331663,42,2,8.556669e-05,0,35-42
73332826,42,2,0.0020256476,0,35-42
73333415,42,2,0.88811666,1,35-42
73333592,42,2,0.001106702,0,35-42
73333765,42,2,0.003251683,0,35-42
73333903,42,2,0.0010465881,0,35-42
73336710,42,2,0.24965791,0,35-42
73337711,42,2,8.871513e-05,0,35-42
73338129,42,2,4.2555326e-05,0,35-42
73338317,42,2,7.348909e-05,0,35-42
73340863,42,2,0.02493346,0,35-42
73340987,42,2,0.021378616,0,35-42
73340989,42,2,0.031640135,0,35-42
73341034,42,2,0.030659748,0,35-42
73347193,42,2,7.3147065e-05,0,35-42
73347204,42,2,0.00014330345,0,35-42
73350397,42,2,0.0001932974,0,35-42
73350547,42,2,0.0004228171,0,35-42
73358001,42,2,0.00025239625,0,35-42
73359560,42,2,0.00018186824,0,35-42
73360513,42,2,0.00036312503,0,35-42
73361115,42,2,0.001206145,0,35-42
73361869,42,2,0.00027130978,0,35-42
73363132,42,2,0.0002630785,0,35-42
73366930,42,2,0.0005675626,0,35-42
73376533,42,2,0.025982345,0,35-42
73376536,42,2,0.0007648749,0,35-42
73376933,42,2,0.03297283,0,35-42
73381044,42,2,0.0303065,0,35-42
73381219,42,2,0.0017808795,0,35-42
73381223,42,2,0.003326561,0,35-42
73381464,42,2,0.00050804584,0,35-42
73382392,42,2,0.0018873009,0,35-42
73382493,42,2,0.0105697205,0,35-42
73382850,42,2,0.0049798307,0,35-42
73386944,42,2,0.0038835467,0,35-42
73387117,42,2,0.024942834,0,35-42
73388897,42,2,0.004897863,0,35-42
73390103,42,2,6.317598e-05,0,35-42
73390285,42,2,9.377996e-05,0,35-42
73390286,42,2,6.179999e-05,0,35-42
73390287,42,2,0.00018440139,0,35-42
73390289,42,2,3.392134e-05,0,35-42
73390299,42,2,5.1796833e-05,0,35-42
73390305,42,2,0.00011350118,0,35-42
73390311,42,2,0.012531673,0,35-42
73390318,42,2,6.305584e-05,0,35-42
73390319,42,2,0.23923972,0,35-42
73390320,42,2,0.00037040687,0,35-42
73390415,42,2,0.00017084803,0,35-42
73390481,42,2,0.00011762407,0,35-42
73390485,42,2,7.296447e-05,0,35-42
73390487,42,2,0.00014076359,0,35-42
73390493,42,2,0.00072086725,0,35-42
73390499,42,2,0.0002510587,0,35-42
73390501,42,2,8.59408e-05,0,35-42
73390502,42,2,0.00016765625,0,35-42
73390503,42,2,9.327535e-05,0,35-42
73390508,42,2,0.000117242096,0,35-42
73390509,42,2,0.00030882348,0,35-42
73390514,42,2,0.00031674205,0,35-42
73390517,42,2,0.00010053773,0,35-42
73390521,42,2,7.585787e-05,0,35-42
73390525,42,2,9.10055e-05,0,35-42
73390527,42,2,0.00016032202,0,35-42
73390529,42,2,0.00010441267,0,35-42
73390532,42,2,0.00010247648,0,35-42
73390907,42,2,0.000116051735,0,35-42
73391148,42,2,0.0054687453,0,35-42
73392005,42,2,0.0052502006,0,35-42
73393385,42,2,0.006338922,0,35-42
73393419,42,2,0.00085638807,0,35-42
73393731,42,2,5.420794e-05,0,35-42
73393884,42,2,0.0032908018,0,35-42
73393892,42,2,0.00014403801,0,35-42
73394077,42,2,0.0013550028,0,35-42
73394080,42,2,0.001370642,0,35-42
73394099,42,2,0.000656492,0,35-42
73395909,42,2,0.0012706297,0,35-42
73395924,42,2,0.00075559854,0,35-42
73396520,42,2,0.0026559024,0,35-42
73396733,42,2,0.00043073093,0,35-42
73396778,42,2,0.092624165,0,35-42
73397635,42,2,3.5230205e-05,0,35-42
73397764,42,2,0.00032375887,0,35-42
73398136,42,2,0.0020401361,0,35-42
73404024,42,2,0.0001283525,0,35-42
73404067,42,1,0.99289954,1,35-42
73405590,42,2,0.0013907419,0,35-42
73405613,42,1,0.5213792,0,35-42
73405770,42,2,0.0019737498,0,35-42
73405797,42,2,0.0015626559,0,35-42
73406118,42,2,0.35259905,0,35-42
73406158,42,2,0.017249161,0,35-42
73406391,42,1,0.9986563,1,35-42
73406957,42,1,0.1799557,0,35-42
73407499,42,2,0.040305644,0,35-42
73408462,42,2,0.0033248523,0,35-42
73408533,42,2,6.704696e-05,0,35-42
73410170,42,2,0.0011675484,0,35-42
73410174,42,2,0.000795074,0,35-42
73410256,42,1,0.0014618852,0,35-42
73411468,42,2,0.08099451,0,35-42
73411472,42,2,0.008408849,0,35-42
73411488,42,2,0.00039279595,0,35-42
73411530,42,2,0.000952656,0,35-42
73412119,42,2,0.00055784924,0,35-42
73412155,42,2,0.0031400737,0,35-42
73414710,42,2,0.015180313,0,35-42
73414884,42,2,0.0023403272,0,35-42
73415178,42,2,0.0038798372,0,35-42
73419453,42,2,0.00015403418,0,35-42
73421688,42,2,0.0020246655,0,35-42
73422960,42,2,0.005059717,0,35-42
73422968,42,2,0.0024439623,0,35-42
73422970,42,2,0.0009483556,0,35-42
73423179,42,2,0.0031126875,0,35-42
73423187,42,2,0.019881053,0,35-42
73423191,42,2,0.012436903,0,35-42
73423198,42,2,0.0043196194,0,35-42
73423220,42,2,0.038011152,0,35-42
73424756,42,2,0.00065409037,0,35-42
73424761,42,2,0.0035861114,0,35-42
73424764,42,2,0.0004519174,0,35-42
73425645,42,2,0.06991485,0,35-42
73425825,42,2,0.032018222,0,35-42
73426870,42,2,0.00024411734,0,35-42
73427052,42,2,3.5146582e-05,0,35-42
73427253,42,2,4.215799e-05,0,35-42
73427257,42,2,5.276688e-05,0,35-42
73427476,42,2,8.174422e-05,0,35-42
73427480,42,2,8.387374e-05,0,35-42
73427492,42,2,9.459016e-05,0,35-42
73427496,42,2,8.130792e-05,0,35-42
73427674,42,2,5.2739513e-05,0,35-42
73427680,42,2,4.1602612e-05,0,35-42
73427683,42,2,4.090031e-05,0,35-42
73427689,42,2,6.147559e-05,0,35-42
73427693,42,2,0.00011040643,0,35-42
73428077,42,2,4.5816654e-05,0,35-42
73428094,42,2,0.0024285852,0,35-42
73428439,42,2,0.013362237,0,35-42
73428447,42,2,0.0037460825,0,35-42
73428449,42,2,0.0013437516,0,35-42
73428868,42,2,0.066255786,0,35-42
73429057,42,2,0.007721631,0,35-42
73429588,42,2,0.2369254,0,35-42
73430399,42,2,0.0045206933,0,35-42
73430678,42,2,0.00085362955,0,35-42
73430891,42,2,0.0002384851,0,35-42
73431167,42,2,0.03419784,0,35-42
73433264,42,2,0.0070789983,0,35-42
73433608,42,2,0.066790536,0,35-42
73433610,42,2,0.0038883053,0,35-42
73433657,42,2,0.60178167,0,35-42
73433658,42,2,0.080185674,0,35-42
73433659,42,2,0.21723825,0,35-42
73433755,42,2,0.29348072,0,35-42
73433855,42,2,0.05375069,0,35-42
73433856,42,2,0.009902817,0,35-42
73435743,42,2,0.0027179655,0,35-42
73435939,42,1,0.004092118,0,35-42
73435969,42,1,0.0059455032,0,35-42
73436475,42,1,0.04993637,0,35-42
73436673,42,1,0.0070471326,0,35-42
73436861,42,1,0.018394155,0,35-42
73436880,42,1,0.008621683,0,35-42
73438773,42,2,0.00037800154,0,35-42
73438990,42,2,0.22884515,0,35-42
73439093,42,2,0.0002486323,0,35-42
73439102,42,2,0.0007036461,0,35-42
73439105,42,2,5.9738544e-05,0,35-42
73440312,42,2,0.05699472,0,35-42
73440629,42,2,0.0002884312,0,35-42
73440697,42,2,0.00051635224,0,35-42
73444220,42,2,0.00082173967,0,35-42
73444832,42,2,0.0038496526,0,35-42
73444976,42,2,0.0054628537,0,35-42
73444981,42,2,0.006344673,0,35-42
73448313,42,2,2.6602771e-05,0,35-42
73448434,42,2,3.2665954e-05,0,35-42
73448438,42,2,6.454024e-05,0,35-42
73449392,42,2,0.0014745402,0,35-42
73449630,42,2,0.00010971637,0,35-42
73452770,42,2,0.008128206,0,35-42
73452772,42,2,0.27312076,0,35-42
73454601,42,2,0.0015529912,0,35-42
73454638,42,2,0.0006362391,0,35-42
73480304,42,2,0.000104503415,0,35-42
73486609,42,2,0.00013205985,0,35-42
73489471,42,2,0.00027196165,0,35-42
73489481,42,2,0.0002091332,0,35-42
73489849,42,2,0.0001707218,0,35-42
73489855,42,2,0.00018327744,0,35-42
73490218,42,2,0.00024027079,0,35-42
73490430,42,2,0.00020992612,0,35-42
73490448,42,2,0.00017495257,0,35-42
73493146,42,2,0.0007603742,0,35-42
73512090,42,2,0.0033030596,0,35-42
73588400,42,2,0.00039854768,0,35-42
73600954,42,2,0.00039637828,0,35-42
73717173,42,2,0.0008713557,0,35-42
73884175,42,2,8.985268e-05,0,35-42
73884417,42,2,0.031958118,0,35-42
73884474,42,2,0.0022495706,0,35-42
73884486,42,2,0.00010939117,0,35-42
73891549,42,2,0.0009427062,0,35-42
73956280,42,2,0.0001317208,0,35-42
74045630,42,2,0.027737008,0,35-42
74061330,42,2,0.00041863084,0,35-42
74061546,42,2,0.00017806794,0,35-42
74076761,42,2,0.0015761408,0,35-42
74076784,42,2,0.0054164142,0,35-42
74123971,42,2,0.00020511795,0,35-42
74164177,42,2,0.00025037432,0,35-42
74314540,42,2,8.535008e-05,0,35-42
74314568,42,1,0.0025850516,0,35-42
74322033,42,2,0.00140307,0,35-42
74322036,42,2,0.00020034405,0,35-42
74335754,42,2,0.00021923041,0,35-42
74336435,42,2,7.3729934e-05,0,35-42
74437816,42,2,0.0001684096,0,35-42
74461509,42,2,0.0025491696,0,35-42
74472701,42,2,0.00013813825,0,35-42
74490011,42,2,0.007656294,0,35-42
74565001,42,2,0.00018986527,0,35-42
74617716,42,2,0.00033260207,0,35-42
74664021,42,2,0.001195441,0,35-42
74763136,42,2,0.00031645078,0,35-42
74765936,42,2,7.2857605e-05,0,35-42
74822753,42,2,0.00017348805,0,35-42
74827777,42,2,0.00029124646,0,35-42
75938895,42,2,0.0009874564,0,35-42
75953504,42,2,0.00014333407,0,35-42
76287146,42,2,0.000148744,0,35-42
76551638,42,2,0.00016726537,0,35-42
76716146,42,2,0.00010729748,0,35-42
76716422,42,2,0.0001715987,0,35-42
76818334,42,2,0.00025831975,0,35-42
77210005,42,2,0.0002024197,0,35-42
77249874,42,2,0.0013315312,0,35-42
77249918,42,2,0.00017405223,0,35-42
77251424,42,2,0.00017062873,0,35-42
77298087,42,2,0.00012245767,0,35-42
77325653,42,2,0.00012938076,0,35-42
77383222,42,2,0.00015650454,0,35-42
77415708,42,2,0.00014267449,0,35-42
77527374,42,2,0.00015558871,0,35-42
77619123,42,2,0.000108142944,0,35-42
77632905,42,2,0.00018947427,0,35-42
77640930,42,2,0.00011393254,0,35-42
77642614,42,2,0.000101566286,0,35-42
77646290,42,2,7.1302515e-05,0,35-42
77646859,42,2,0.00012262336,0,35-42
77709553,42,2,0.00029295555,0,35-42
77737020,42,2,0.00010319773,0,35-42
77786057,42,2,0.00018143348,0,35-42
78702116,42,2,0.00020456132,0,35-42
78899356,42,2,9.203443e-05,0,35-42
79428037,42,2,0.00052265683,0,35-42
80078879,42,2,0.00013705216,0,35-42
80079873,42,2,7.050831e-05,0,35-42
80387837,42,2,0.00040740767,0,35-42
80394331,42,2,0.00020350865,0,35-42
80484889,42,2,7.6676566e-05,0,35-42
80484892,42,2,6.877913e-05,0,35-42
80486330,42,2,9.460126e-05,0,35-42
80497586,42,2,0.00011749975,0,35-42
80499418,42,2,0.00011978575,0,35-42
80913859,42,2,0.000119848824,0,35-42
81117116,42,2,0.0001023302,0,35-42
81125507,42,2,0.00011360567,0,35-42
81362014,42,2,0.00022618106,0,35-42
83039412,42,2,8.447277e-05,0,35-42
83041060,42,2,0.00091420725,0,35-42
83886798,42,2,0.16715004,0,35-42
84008856,42,2,0.00015784407,0,35-42
85230605,42,2,7.8623685e-05,0,35-42
86183499,42,2,0.00017191855,0,35-42
86403626,42,2,0.000335167,0,35-42
86476861,42,2,7.0694194e-05,0,35-42
86533589,42,2,0.00019453026,0,35-42
86533821,42,2,6.979352e-05,0,35-42
86533823,42,2,9.743784e-05,0,35-42
86542051,42,2,0.00013095423,0,35-42
86921992,42,2,0.0009640951,0,35-42
87356856,42,2,0.0002111112,0,35-42
89786824,42,2,0.00011555085,0,35-42
91387977,42,2,0.00019876953,0,35-42
91865170,42,2,0.00016989978,0,35-42
92257266,42,2,0.0001376104,0,35-42
92387260,42,2,0.00016343665,0,35-42
92405454,42,2,0.0012072789,0,35-42
92405467,42,2,8.9733825e-05,0,35-42
93632400,42,2,0.00045093306,0,35-42
94321913,42,2,0.00024388098,0,35-42
94750360,42,2,0.00012776662,0,35-42
94812234,42,2,0.00094627653,0,35-42
94835342,42,2,0.00017454782,0,35-42
94874374,42,2,6.30327e-05,0,35-42
95171121,42,2,0.0011341572,0,35-42
95403699,42,2,0.00050613325,0,35-42
96174416,42,2,0.000256681,0,35-42
96188861,42,2,0.00018762077,0,35-42
96759246,42,2,0.00012446464,0,35-42
96930140,42,2,5.8796624e-05,0,35-42
96935756,42,2,0.00013637025,0,35-42
97139546,42,2,0.0019792956,0,35-42
99009927,42,2,0.00018778058,0,35-42
99100800,42,2,0.00013590034,0,35-42
99102662,42,2,0.00021628734,0,35-42
99103157,42,2,0.00020185404,0,35-42
99106835,42,2,0.00069445797,0,35-42
99139094,42,2,0.00018966841,0,35-42
99175682,42,2,0.8791214,1,35-42
99176243,42,2,0.0003296891,0,35-42
99198428,42,2,0.00076402695,0,35-42
99262327,42,2,0.0008624376,0,35-42
99264388,42,2,0.0005126453,0,35-42
99286970,42,2,0.0004109261,0,35-42
99300566,42,2,0.000631799,0,35-42
99391004,42,2,0.000113893,0,35-42
99391006,42,2,7.679958e-05,0,35-42
99391008,42,2,0.00013462538,0,35-42
99396703,42,2,0.00037680706,0,35-42
99456465,42,2,0.00020237108,0,35-42
99465870,42,2,0.00017991869,0,35-42
99465871,42,2,0.00015251378,0,35-42
99466677,42,2,0.00031842216,0,35-42
99473609,42,2,0.0001951022,0,35-42
99632862,42,2,0.00059830176,0,35-42
99633103,42,2,0.00030910686,0,35-42
99634446,42,2,0.00015255173,0,35-42
99637643,42,2,0.0006792959,0,35-42
99930816,42,2,0.00040174692,0,35-42
99934725,42,2,0.00023254534,0,35-42
99936152,42,2,0.0008591158,0,35-42
99936160,42,2,0.0011217106,0,35-42
99936595,42,2,0.00052077905,0,35-42
99945301,42,2,0.0001652519,0,35-42
99945306,42,2,9.171657e-05,0,35-42
99945367,42,2,0.00055867666,0,35-42
99945370,42,2,0.00039482527,0,35-42
99946712,42,2,8.388638e-05,0,35-42
99946821,42,2,0.00082255364,0,35-42
99946827,42,2,0.00011151157,0,35-42
99946861,42,2,4.3439748e-05,0,35-42
99947036,42,2,8.655278e-05,0,35-42
99947064,42,2,0.00014307926,0,35-42
99947084,42,2,7.45074e-05,0,35-42
99947115,42,2,0.0001245487,0,35-42
99947174,42,2,0.00011626274,0,35-42
99947184,42,2,0.00028114865,0,35-42
99947482,42,2,8.0659534e-05,0,35-42
99947513,42,2,0.00015525734,0,35-42
99948033,42,2,4.697612e-05,0,35-42
99948477,42,2,0.00015258549,0,35-42
99948479,42,2,9.503e-05,0,35-42
99948553,42,2,0.0001422839,0,35-42
99948623,42,2,0.00026997368,0,35-42
99948842,42,2,0.00012883132,0,35-42
99949088,42,2,0.0022963611,0,35-42
99949697,42,2,0.0002262257,0,35-42
99949905,42,2,4.4690878e-05,0,35-42
99950077,42,2,0.0001562445,0,35-42
99950113,42,2,0.0002870995,0,35-42
99950277,42,2,9.646325e-05,0,35-42
99950301,42,2,0.00013410712,0,35-42
99950744,42,2,0.00013357698,0,35-42
99950788,42,2,6.859082e-05,0,35-42
99950803,42,2,0.0001715699,0,35-42
99950830,42,2,0.0007911161,0,35-42
99950847,42,2,0.0002943537,0,35-42
99951080,42,2,6.719052e-05,0,35-42
99951267,42,2,0.00014656986,0,35-42
99951282,42,2,0.0002619397,0,35-42
99951544,42,2,5.5791737e-05,0,35-42
99951659,42,2,0.00015008965,0,35-42
99951863,42,2,0.0015282431,0,35-42
99951993,42,2,5.5522112e-05,0,35-42
99952317,42,2,9.0446265e-05,0,35-42
99952350,42,2,0.00010260985,0,35-42
99952365,42,2,8.2244864e-05,0,35-42
99952386,42,2,0.00018982272,0,35-42
99952530,42,2,0.00011548167,0,35-42
99952738,42,2,0.00012500987,0,35-42
99952981,42,2,0.000118438365,0,35-42
99952995,42,2,0.00015815231,0,35-42
99953082,42,2,0.00017286999,0,35-42
99953087,42,2,8.379739e-05,0,35-42
99953114,42,2,0.0002317264,0,35-42
99953137,42,2,0.00034560935,0,35-42
99953155,42,2,0.00017878079,0,35-42
99953487,42,2,0.0001655113,0,35-42
99953493,42,2,7.5189244e-05,0,35-42
99971494,42,2,0.0017168376,0,35-42
99971537,42,2,0.00085856224,0,35-42
312601,43,2,0.0011065087,0,43-49
1454780,43,2,2.6394191e-05,0,43-49
1456687,43,2,0.00011287549,0,43-49
1605113,43,2,0.00012803578,0,43-49
1867423,43,2,0.0003698443,0,43-49
3233255,43,2,0.00010565551,0,43-49
3763823,43,2,0.00037709362,0,43-49
4298337,43,2,0.000104195744,0,43-49
4705214,43,2,0.0092275925,0,43-49
4999191,43,2,0.00035943292,0,43-49
5003060,43,2,3.933658e-05,0,43-49
5855219,43,2,0.010767992,0,43-49
6113865,43,2,0.0011970219,0,43-49
6146862,43,2,0.00021471712,0,43-49
6391693,43,2,3.3951146e-05,0,43-49
6565130,43,2,0.00042989987,0,43-49
6887417,43,2,0.00027947035,0,43-49
7385878,43,2,0.00026846008,0,43-49
7462686,43,2,0.0043965317,0,43-49
7555869,43,2,8.932761e-05,0,43-49
11387794,43,2,0.000111033354,0,43-49
11624795,43,2,0.00026694272,0,43-49
12043617,43,2,0.0026863138,0,43-49
15972798,43,2,7.317504e-05,0,43-49
16060143,43,2,8.9176545e-05,0,43-49
16288983,43,2,2.7890115e-05,0,43-49
16312785,43,2,0.00016178674,0,43-49
16315018,43,2,0.023679037,0,43-49
20108068,43,2,0.00010765987,0,43-49
20573536,43,2,0.0001604104,0,43-49
20573777,43,2,0.012345505,0,43-49
21527727,43,2,0.00023358551,0,43-49
21981979,43,2,0.00079281826,0,43-49
22019452,43,2,3.003227e-05,0,43-49
22410266,43,2,7.797328e-05,0,43-49
23092303,43,2,0.00047772453,0,43-49
23858982,43,2,0.00025850575,0,43-49
25363446,43,2,0.005126754,0,43-49
26714642,43,2,0.0028122384,0,43-49
27301985,43,2,0.1328875,0,43-49
27314475,43,2,0.0018087417,0,43-49
29543162,43,2,0.0033499282,0,43-49
30589350,43,2,6.084483e-05,0,43-49
30589352,43,2,0.0001936178,0,43-49
33295931,43,2,0.0007625311,0,43-49
33344164,43,2,0.00026573072,0,43-49
33826042,43,2,0.8215108,1,43-49
33885859,43,2,0.00021655767,0,43-49
33966030,43,2,4.317926e-05,0,43-49
34335946,43,2,4.05572e-05,0,43-49
35555334,43,2,0.00010046816,0,43-49
38054506,43,2,0.00043558134,0,43-49
39429114,43,2,0.00011735844,0,43-49
41211720,43,2,0.00014625002,0,43-49
47061231,43,2,0.0006556463,0,43-49
47792655,43,2,3.7614347e-05,0,43-49
47792658,43,2,2.906589e-05,0,43-49
47987875,43,2,0.00010490718,0,43-49
48095303,43,2,0.002239749,0,43-49
48190238,43,2,0.09087762,0,43-49
48191989,43,2,6.455729e-05,0,43-49
48742524,43,2,0.00048124016,0,43-49
48858967,43,2,0.0005343538,0,43-49
48941569,43,2,0.0030764663,0,43-49
48969106,43,2,0.024459962,0,43-49
48996896,43,2,0.0029942393,0,43-49
48996911,43,2,0.00023439784,0,43-49
48996912,43,2,0.0001079407,0,43-49
49209691,43,2,0.00011855701,0,43-49
49477908,43,2,0.018105142,0,43-49
49502819,43,2,0.0001526421,0,43-49
49516773,43,2,0.00087882794,0,43-49
50543318,43,2,0.0012439081,0,43-49
51780793,43,2,0.0003210574,0,43-49
53450313,43,2,6.9660535e-05,0,43-49
53550780,43,2,4.0204613e-05,0,43-49
54546688,43,2,0.00012976737,0,43-49
55527576,43,2,6.9852045e-05,0,43-49
56128690,43,2,0.00285208,0,43-49
57342656,43,2,0.0029501785,0,43-49
57741388,43,2,0.00021041067,0,43-49
59287789,43,2,0.0009010578,0,43-49
60598126,43,2,6.0513157e-05,0,43-49
63860808,43,2,0.001785937,0,43-49
67893664,43,2,0.0013089821,0,43-49
70593771,43,2,3.964747e-05,0,43-49
73077442,43,2,0.000638784,0,43-49
74848928,43,2,0.00065280776,0,43-49
75170513,43,2,0.00025182392,0,43-49
75679851,43,2,0.00019988173,0,43-49
77024744,43,2,6.249111e-05,0,43-49
79868501,43,2,0.0007129404,0,43-49
80508811,43,2,9.224151e-05,0,43-49
90233834,43,2,0.00043627925,0,43-49
90239532,43,2,0.00019460446,0,43-49
90311123,43,2,0.08340876,0,43-49
91235255,43,1,0.053342618,0,43-49
91857277,43,1,0.013070004,0,43-49
91861116,43,2,0.000100784135,0,43-49
91861504,43,2,3.3528715e-05,0,43-49
91861799,43,2,0.00012267365,0,43-49
91863197,43,2,0.008348153,0,43-49
91863302,43,2,0.059707258,0,43-49
91865234,43,2,0.10002049,0,43-49
91866704,43,2,0.00021347539,0,43-49
91866791,43,2,3.780447e-05,0,43-49
91867011,43,2,0.00024167664,0,43-49
91867056,43,2,4.659106e-05,0,43-49
91867614,43,2,0.00011045739,0,43-49
91870461,43,2,0.020469993,0,43-49
91870745,43,2,0.4673251,0,43-49
91881918,43,2,0.0003490289,0,43-49
91881919,43,2,0.0007274869,0,43-49
91881921,43,2,0.00045604393,0,43-49
91881933,43,2,0.00011578876,0,43-49
91881937,43,2,0.0043123695,0,43-49
91882005,43,2,0.1117948,0,43-49
91882349,43,2,4.3550623e-05,0,43-49
91882364,43,2,0.0038165872,0,43-49
91882365,43,2,9.2297654e-05,0,43-49
91887648,43,2,0.0004381289,0,43-49
91887651,43,2,0.0004048632,0,43-49
91887652,43,2,0.0005021938,0,43-49
91889000,43,2,0.044536643,0,43-49
91889296,43,2,0.0002751419,0,43-49
91894074,43,2,0.00047408746,0,43-49
91894677,43,2,0.0067679975,0,43-49
91903259,43,2,0.008199725,0,43-49
91903266,43,2,0.020885445,0,43-49
91906536,43,2,0.00060170086,0,43-49
91907343,43,2,0.014114463,0,43-49
91907424,43,2,0.018524619,0,43-49
91914098,43,2,0.0018828221,0,43-49
91914100,43,2,0.00028098628,0,43-49
91914101,43,2,0.0065570544,0,43-49
91914103,43,2,0.0063553504,0,43-49
91914133,43,2,0.011083856,0,43-49
91914135,43,2,0.010418083,0,43-49
91914138,43,2,0.0129271215,0,43-49
91914143,43,2,0.02339615,0,43-49
91914163,43,2,0.005211046,0,43-49
91914164,43,2,0.00036000749,0,43-49
91914182,43,2,0.00026664385,0,43-49
91929747,43,2,0.1926443,0,43-49
91934616,43,2,5.4060656e-05,0,43-49
91934748,43,2,4.1442636e-05,0,43-49
91935145,43,2,0.0009978904,0,43-49
91935149,43,2,0.0034809785,0,43-49
91935167,43,2,0.035163794,0,43-49
91935930,43,2,0.00021961598,0,43-49
91936193,43,2,0.00030686706,0,43-49
91936215,43,2,0.00051208923,0,43-49
91938681,43,2,9.533016e-05,0,43-49
91939330,43,2,0.004173753,0,43-49
91941001,43,2,2.8713468e-05,0,43-49
91943699,43,2,4.1327752e-05,0,43-49
91945137,43,2,3.505754e-05,0,43-49
91949576,43,2,3.621694e-05,0,43-49
91952717,43,2,0.00010502329,0,43-49
91952719,43,2,0.0017283198,0,43-49
91952735,43,2,0.0003589196,0,43-49
91952736,43,2,0.00016373348,0,43-49
91952737,43,2,0.0012434627,0,43-49
91952738,43,2,0.003968858,0,43-49
91952812,43,2,0.012926562,0,43-49
91958233,43,2,0.000114579154,0,43-49
91959893,43,2,2.5138439e-05,0,43-49
91959894,43,2,0.00039079718,0,43-49
91959896,43,2,2.7677117e-05,0,43-49
91959897,43,2,0.00063594023,0,43-49
91960684,43,2,0.0058512473,0,43-49
91960794,43,2,0.00016365372,0,43-49
91960797,43,2,0.05440024,0,43-49
91960800,43,2,0.00019431874,0,43-49
91960831,43,2,0.0011395442,0,43-49
91961247,43,2,0.05123859,0,43-49
91961253,43,2,0.0006583673,0,43-49
91961255,43,2,9.592251e-05,0,43-49
91961263,43,2,0.00019686754,0,43-49
91961268,43,2,0.0001553222,0,43-49
91961269,43,2,0.00016517959,0,43-49
91961272,43,2,7.624812e-05,0,43-49
91961288,43,2,0.0004979911,0,43-49
91961881,43,2,0.0016192365,0,43-49
91961896,43,2,6.485149e-05,0,43-49
91961924,43,2,3.3738124e-05,0,43-49
91961940,43,2,0.000111640315,0,43-49
91962563,43,2,3.1743737e-05,0,43-49
91963172,43,2,0.00016719999,0,43-49
91963793,43,2,0.004414841,0,43-49
91963824,43,2,0.018233357,0,43-49
91971335,43,2,0.00044587927,0,43-49
91973223,43,2,3.6609887e-05,0,43-49
91973590,43,2,0.0035883698,0,43-49
91973591,43,2,0.02511192,0,43-49
91973605,43,2,0.013948436,0,43-49
91973607,43,2,0.00041624502,0,43-49
91975356,43,2,0.0005094009,0,43-49
91975422,43,2,0.00083433144,0,43-49
91975520,43,2,0.0037929635,0,43-49
91975641,43,2,0.00045572367,0,43-49
91976646,43,2,0.0003852735,0,43-49
91978501,43,2,0.00029890166,0,43-49
91979998,43,2,0.006509362,0,43-49
91981434,43,2,0.00088209857,0,43-49
91981440,43,2,0.02470453,0,43-49
91982893,43,2,8.0104044e-05,0,43-49
91982897,43,2,0.00010437295,0,43-49
91995426,43,1,0.018733239,0,43-49
91995480,43,2,0.0029840884,0,43-49
92000571,43,2,0.01643153,0,43-49
92009548,43,2,0.00031271865,0,43-49
92011643,43,2,0.06115687,0,43-49
92014432,43,2,0.015599266,0,43-49
92019988,43,2,0.0019236141,0,43-49
92019998,43,2,0.0014720977,0,43-49
92020975,43,2,0.0006570068,0,43-49
92021033,43,2,0.16843334,0,43-49
92021035,43,2,0.109690994,0,43-49
92021036,43,2,5.4305936e-05,0,43-49
92021053,43,1,0.055200826,0,43-49
92037810,43,2,5.3064403e-05,0,43-49
92037830,43,2,0.00010576831,0,43-49
92048876,43,2,4.856666e-05,0,43-49
92048878,43,2,0.008146626,0,43-49
92056010,43,2,0.027474303,0,43-49
92056896,43,2,0.017429635,0,43-49
92057479,43,2,0.0041803876,0,43-49
92057519,43,2,3.8416263e-05,0,43-49
92058125,43,2,0.014517886,0,43-49
92063314,43,2,0.00016845201,0,43-49
92065256,43,2,0.0012061944,0,43-49
92065257,43,2,0.00034281236,0,43-49
92074742,43,2,5.936674e-05,0,43-49
92077422,43,2,9.9057e-05,0,43-49
92078509,43,2,0.000105219864,0,43-49
92120624,43,2,0.00011467863,0,43-49
92120629,43,2,9.398175e-05,0,43-49
92120632,43,2,4.1685016e-05,0,43-49
92120638,43,2,0.0005637519,0,43-49
92120886,43,2,0.0012212854,0,43-49
92120887,43,2,0.0015311585,0,43-49
92120888,43,2,0.00020203367,0,43-49
92120898,43,2,0.00032365302,0,43-49
92167519,43,2,0.0009518707,0,43-49
92173231,43,2,0.0008223542,0,43-49
92192415,43,2,0.039690796,0,43-49
92196028,43,2,0.0005337674,0,43-49
92205026,43,2,5.2680854e-05,0,43-49
92704283,43,2,7.6502234e-05,0,43-49
92735262,43,1,0.00049370073,0,43-49
92738855,43,2,5.706431e-05,0,43-49
92756954,43,2,0.00025590905,0,43-49
92764874,43,2,0.0020017151,0,43-49
92771503,43,2,0.00015954136,0,43-49
92835147,43,2,0.0036191207,0,43-49
93084002,43,2,0.00066554657,0,43-49
93094521,43,2,0.001596844,0,43-49
93120910,43,2,0.048458766,0,43-49
93187192,43,2,0.0015838282,0,43-49
93823732,43,2,2.236938e-05,0,43-49
93846181,43,2,0.0001562892,0,43-49
93869651,43,2,0.0016763126,0,43-49
93872347,43,2,0.00010111171,0,43-49
93872450,43,2,9.5864896e-05,0,43-49
93872789,43,2,4.9959577e-05,0,43-49
93917254,43,2,0.0025427095,0,43-49
93937909,43,2,0.00096813374,0,43-49
93937912,43,2,0.001018547,0,43-49
93937920,43,2,0.00081166177,0,43-49
93937921,43,2,0.0008263009,0,43-49
93965072,43,2,0.00012552003,0,43-49
93968491,43,2,0.08041156,0,43-49
94014291,43,2,0.004449142,0,43-49
94014618,43,2,0.009338595,0,43-49
94065659,43,2,0.0010341883,0,43-49
94065921,43,2,0.0074719302,0,43-49
94065993,43,2,0.0021762673,0,43-49
94065998,43,2,0.00031359761,0,43-49
94066000,43,2,0.00036749878,0,43-49
94066595,43,2,0.0035680635,0,43-49
94066654,43,2,0.002268998,0,43-49
94066662,43,2,0.0015718702,0,43-49
94066944,43,2,0.093575,0,43-49
94067445,43,2,0.00037517276,0,43-49
94067451,43,2,0.015685307,0,43-49
94067879,43,2,0.00748454,0,43-49
94067886,43,2,0.0010420792,0,43-49
94068200,43,2,0.00028949548,0,43-49
94068380,43,2,0.0016984806,0,43-49
94068432,43,2,0.002577749,0,43-49
94068442,43,2,0.0030165308,0,43-49
94068517,43,2,0.00042720424,0,43-49
94069132,43,2,0.0003104767,0,43-49
94069136,43,2,6.500702e-05,0,43-49
94069140,43,2,0.00015768355,0,43-49
94069147,43,2,0.00018740835,0,43-49
94069432,43,2,0.011035256,0,43-49
94069434,43,2,0.0010882777,0,43-49
94069708,43,2,0.001120349,0,43-49
94070143,43,2,0.00045700697,0,43-49
94070432,43,2,0.0033908014,0,43-49
94070707,43,2,0.0002193364,0,43-49
94070711,43,2,0.005508326,0,43-49
94071142,43,2,0.037155773,0,43-49
94071143,43,2,0.0032222914,0,43-49
94071380,43,2,0.00015429348,0,43-49
94071387,43,2,0.018670384,0,43-49
94071395,43,2,0.0005462661,0,43-49
94071450,43,2,0.003932838,0,43-49
94071615,43,2,0.0010011365,0,43-49
94071888,43,2,0.0030921956,0,43-49
94071903,43,2,0.0057707396,0,43-49
94071918,43,2,0.0021619187,0,43-49
94072362,43,2,0.008660984,0,43-49
94072370,43,2,0.005342886,0,43-49
94072380,43,2,0.0010605206,0,43-49
94072391,43,2,0.00021952932,0,43-49
94072663,43,2,0.0005261176,0,43-49
94072840,43,2,0.0003530096,0,43-49
94072844,43,2,0.0014323933,0,43-49
94073078,43,2,0.0005694819,0,43-49
94073643,43,2,0.0007398951,0,43-49
94073649,43,2,0.00093527534,0,43-49
94074570,43,2,0.0003290642,0,43-49
94075022,43,2,0.0012540056,0,43-49
94075025,43,2,0.002351654,0,43-49
94075079,43,2,0.0010764925,0,43-49
94075195,43,2,0.0028896811,0,43-49
94075201,43,2,0.0041781473,0,43-49
94075446,43,2,0.009132275,0,43-49
94075451,43,2,0.0010655614,0,43-49
94075708,43,2,0.0012250907,0,43-49
94075926,43,2,0.00025859525,0,43-49
94076089,43,2,0.0070256633,0,43-49
94076100,43,2,0.0010186689,0,43-49
94076380,43,2,0.0018897715,0,43-49
94076384,43,2,0.002324163,0,43-49
94076394,43,2,0.00077453733,0,43-49
94076804,43,2,0.0041895784,0,43-49
94076813,43,2,0.0010184185,0,43-49
94076816,43,2,0.0007713572,0,43-49
94076854,43,2,0.006727716,0,43-49
94077038,43,2,0.0019981593,0,43-49
94077067,43,2,0.0006143013,0,43-49
94077072,43,2,0.00262186,0,43-49
94077264,43,2,0.0050520827,0,43-49
94077528,43,2,0.00058479817,0,43-49
94077533,43,2,0.001471032,0,43-49
94077550,43,2,0.0015674328,0,43-49
94077560,43,2,0.0029012025,0,43-49
94077564,43,2,0.001627797,0,43-49
94077746,43,2,0.0022541755,0,43-49
94077976,43,2,0.002318126,0,43-49
94077982,43,2,0.0036017252,0,43-49
94078007,43,2,0.0034438563,0,43-49
94078150,43,2,0.001258899,0,43-49
94078170,43,2,0.0024340267,0,43-49
94078422,43,2,0.0010780118,0,43-49
94078563,43,2,0.0022663644,0,43-49
94078570,43,2,0.0047020707,0,43-49
94078576,43,2,0.0019935614,0,43-49
94078584,43,2,0.0023622597,0,43-49
94078591,43,2,0.002191173,0,43-49
94078626,43,2,0.003132901,0,43-49
94078636,43,2,0.008364527,0,43-49
94078822,43,2,0.0011790106,0,43-49
94078937,43,2,0.0009025941,0,43-49
94078950,43,2,0.001973332,0,43-49
94079171,43,2,0.0015757461,0,43-49
94079187,43,2,0.0017862575,0,43-49
94079198,43,2,0.0019231618,0,43-49
94079208,43,2,0.0014551558,0,43-49
94079221,43,2,0.0011367368,0,43-49
94079229,43,2,0.00046679334,0,43-49
94079241,43,2,0.0023318457,0,43-49
94079248,43,2,0.0035758435,0,43-49
94079333,43,2,0.0005907932,0,43-49
94079339,43,2,0.005977085,0,43-49
94079348,43,2,0.0005293677,0,43-49
94079887,43,2,0.0011538177,0,43-49
94079899,43,2,0.02802522,0,43-49
94079905,43,2,0.0005895161,0,43-49
94081982,43,2,0.039206054,0,43-49
94082286,43,2,0.00061297335,0,43-49
94082473,43,2,0.0054995897,0,43-49
94084547,43,2,0.0071098367,0,43-49
94085336,43,2,0.0001780873,0,43-49
94086570,43,2,0.0002656142,0,43-49
94093555,43,2,0.01772278,0,43-49
94093732,43,2,9.932411e-05,0,43-49
94093757,43,2,0.010712044,0,43-49
94099462,43,2,0.0006308017,0,43-49
94101123,43,2,0.0051039816,0,43-49
94101176,43,2,0.0046370323,0,43-49
94101389,43,2,0.001175453,0,43-49
94101676,43,2,0.014267308,0,43-49
94101750,43,2,0.0075702383,0,43-49
94102299,43,2,0.0003799291,0,43-49
94102352,43,2,0.00034706562,0,43-49
94102584,43,2,0.2544245,0,43-49
94103281,43,2,0.11351203,0,43-49
94103313,43,2,0.0021296286,0,43-49
94103851,43,2,0.0014883995,0,43-49
94103859,43,2,0.008405733,0,43-49
94104154,43,2,0.0041492493,0,43-49
94104170,43,2,0.0010796423,0,43-49
94104463,43,2,0.0017961389,0,43-49
94104615,43,2,0.0036269273,0,43-49
94104620,43,2,0.0015140121,0,43-49
94104685,43,2,0.002003728,0,43-49
94104894,43,2,0.013631973,0,43-49
94104921,43,2,0.005803107,0,43-49
94104933,43,2,0.0022910468,0,43-49
94104942,43,2,0.0019474446,0,43-49
94104949,43,2,0.012418047,0,43-49
94105003,43,2,0.0030319807,0,43-49
94105190,43,2,0.0004957821,0,43-49
94105238,43,2,0.0051212306,0,43-49
94105695,43,2,0.0013678219,0,43-49
94105713,43,2,0.003274725,0,43-49
94105926,43,2,0.006835463,0,43-49
94105934,43,2,0.0019294912,0,43-49
94105938,43,2,0.004708643,0,43-49
94106229,43,2,0.0022290237,0,43-49
94106429,43,2,0.0012826261,0,43-49
94106434,43,2,0.0026106888,0,43-49
94106439,43,2,0.011092322,0,43-49
94106442,43,2,0.04920103,0,43-49
94106446,43,2,0.0024903966,0,43-49
94107013,43,2,0.0008792454,0,43-49
94107580,43,2,0.0023743685,0,43-49
94107945,43,2,0.0013091518,0,43-49
94110184,43,2,0.0011317068,0,43-49
94110477,43,2,0.00015503439,0,43-49
94112031,43,2,0.002862907,0,43-49
94112138,43,2,0.0032247903,0,43-49
94112253,43,2,0.0044482467,0,43-49
94113066,43,2,0.00012990269,0,43-49
94114765,43,2,0.0014568716,0,43-49
94115916,43,2,0.0031625694,0,43-49
94116114,43,2,0.0031262704,0,43-49
94116119,43,2,0.010704968,0,43-49
94116124,43,2,0.0012659741,0,43-49
94116376,43,2,0.0012369709,0,43-49
94116711,43,2,0.0031587624,0,43-49
94116721,43,2,0.00031588954,0,43-49
94117136,43,2,0.0027780042,0,43-49
94117139,43,2,0.0010606778,0,43-49
94117141,43,2,0.0013750689,0,43-49
94117439,43,2,0.00023916866,0,43-49
94117443,43,2,0.010383815,0,43-49
94117456,43,2,0.0011595915,0,43-49
94117472,43,2,0.035469934,0,43-49
94118020,43,2,0.0018886368,0,43-49
94118027,43,2,0.007749319,0,43-49
94118276,43,2,0.0021449132,0,43-49
94118537,43,2,0.0013734958,0,43-49
94118551,43,2,0.0015819459,0,43-49
94118562,43,2,0.0015520273,0,43-49
94118571,43,2,0.27033716,0,43-49
94118581,43,2,0.0025781929,0,43-49
94118589,43,2,0.0022273243,0,43-49
94118596,43,2,0.0019410776,0,43-49
94118602,43,2,0.002611963,0,43-49
94118608,43,2,0.01220147,0,43-49
94119474,43,2,0.0014112655,0,43-49
94119486,43,2,0.0105953235,0,43-49
94119493,43,2,0.0038355158,0,43-49
94119502,43,2,0.002753314,0,43-49
94119508,43,2,0.0015830247,0,43-49
94120313,43,2,0.0011592988,0,43-49
94120330,43,2,0.01901506,0,43-49
94122007,43,2,0.013069303,0,43-49
94122027,43,2,0.0021984358,0,43-49
94122035,43,2,0.005799309,0,43-49
94122054,43,2,0.0034068804,0,43-49
94122061,43,2,0.0484451,0,43-49
94122209,43,2,0.0087767895,0,43-49
94122218,43,2,0.0031868294,0,43-49
94122522,43,2,0.0027608133,0,43-49
94123144,43,2,0.0017310237,0,43-49
94123860,43,2,0.0032317166,0,43-49
94124548,43,2,0.002846233,0,43-49
94125198,43,2,0.0011879903,0,43-49
94125826,43,2,0.002645636,0,43-49
94126162,43,2,0.007370251,0,43-49
94126792,43,2,0.0106744245,0,43-49
94127065,43,2,0.005666127,0,43-49
94127777,43,2,0.0015458829,0,43-49
94128086,43,2,0.0076619866,0,43-49
94128094,43,2,0.008141015,0,43-49
94128375,43,2,0.0033597301,0,43-49
94128968,43,2,0.0032506895,0,43-49
94129191,43,2,0.010154855,0,43-49
94129193,43,2,0.005592902,0,43-49
94129869,43,2,0.00545856,0,43-49
94130185,43,2,0.0051845135,0,43-49
94130506,43,2,0.0010883202,0,43-49
94130523,43,2,0.0011916363,0,43-49
94130525,43,2,0.0014165484,0,43-49
94130878,43,2,0.0047228117,0,43-49
94130886,43,2,0.0011605014,0,43-49
94130892,43,2,0.0018405303,0,43-49
94130896,43,2,0.0028227645,0,43-49
94130911,43,2,0.049297918,0,43-49
94131288,43,2,0.0026045276,0,43-49
94131606,43,2,0.008262724,0,43-49
94131615,43,2,0.00275306,0,43-49
94131623,43,2,0.00546153,0,43-49
94131693,43,2,0.00031371185,0,43-49
94132299,43,2,0.008466497,0,43-49
94132916,43,2,0.005293854,0,43-49
94133258,43,2,0.0015065309,0,43-49
94133499,43,2,0.026795937,0,43-49
94134304,43,2,0.001647391,0,43-49
94134994,43,2,0.003145565,0,43-49
94136580,43,2,0.009700508,0,43-49
94136587,43,2,6.126298e-05,0,43-49
94139156,43,2,0.0012080048,0,43-49
94141642,43,2,0.00017845702,0,43-49
94145770,43,2,0.00033758493,0,43-49
94146823,43,2,0.0009842442,0,43-49
94147086,43,2,0.0016366887,0,43-49
94147197,43,2,0.007176838,0,43-49
94147407,43,2,0.0023717326,0,43-49
94148515,43,2,0.048057623,0,43-49
94149412,43,2,4.4298933e-05,0,43-49
94150348,43,1,0.00015430995,0,43-49
94151590,43,1,0.004126511,0,43-49
94152411,43,2,0.0025326577,0,43-49
94152708,43,1,0.030572705,0,43-49
94153016,43,1,0.10779766,0,43-49
94153268,43,1,0.019202173,0,43-49
94153275,43,1,0.13096608,0,43-49
94185062,43,2,0.0019763948,0,43-49
94187346,43,2,0.0006048117,0,43-49
94188519,43,2,0.00012517985,0,43-49
94190966,43,2,5.424398e-05,0,43-49
94191802,43,2,0.00039249522,0,43-49
94192833,43,2,5.6027664e-05,0,43-49
94194298,43,2,7.138735e-05,0,43-49
94198574,43,2,0.00011559438,0,43-49
94198963,43,2,0.00092728826,0,43-49
94199703,43,2,0.00019733775,0,43-49
94200503,43,2,0.029701408,0,43-49
94205142,43,2,0.00042671766,0,43-49
94205434,43,2,0.0001935637,0,43-49
94205443,43,2,0.0018968605,0,43-49
94205523,43,2,0.00077047676,0,43-49
94213214,43,2,5.9683363e-05,0,43-49
94234353,43,2,0.00024989972,0,43-49
94236504,43,2,0.0005042194,0,43-49
94243061,43,2,0.0008940834,0,43-49
94243119,43,2,0.024530789,0,43-49
94243668,43,2,0.005905395,0,43-49
94243672,43,2,0.004551745,0,43-49
94243975,43,2,0.0010307968,0,43-49
94244152,43,2,0.007651868,0,43-49
94244157,43,2,0.0007282957,0,43-49
94244220,43,2,0.029530222,0,43-49
94245058,43,2,0.010670809,0,43-49
94245078,43,2,0.0073818243,0,43-49
94245083,43,2,0.00080855505,0,43-49
94245170,43,2,0.0024132896,0,43-49
94245175,43,2,0.009306082,0,43-49
94245185,43,2,0.008861077,0,43-49
94245201,43,2,0.0038657866,0,43-49
94245377,43,2,0.0272602,0,43-49
94245382,43,2,0.0017744866,0,43-49
94245517,43,2,0.006299226,0,43-49
94245520,43,2,0.0018620021,0,43-49
94246325,43,2,0.0046509276,0,43-49
94246470,43,2,0.0043884073,0,43-49
94247545,43,2,0.0005915014,0,43-49
94248074,43,2,0.013327348,0,43-49
94248910,43,2,0.00020984387,0,43-49
94249100,43,2,0.004225612,0,43-49
94249104,43,2,0.0007137821,0,43-49
94249141,43,2,0.0021871137,0,43-49
94249153,43,2,0.03324577,0,43-49
94251591,43,2,0.6866427,1,43-49
94252041,43,2,0.36197203,0,43-49
94252574,43,2,0.41773853,0,43-49
94253075,43,2,0.07179931,0,43-49
94253094,43,2,0.0647006,0,43-49
94253097,43,2,0.012556669,0,43-49
94253262,43,2,0.3768801,0,43-49
94253265,43,2,0.15385854,0,43-49
94253272,43,2,0.17224498,0,43-49
94253273,43,2,0.023440117,0,43-49
94253277,43,2,0.15959193,0,43-49
94253279,43,2,0.028584838,0,43-49
94253572,43,2,0.12176517,0,43-49
94253576,43,2,0.080597326,0,43-49
94253693,43,2,0.08149168,0,43-49
94253794,43,2,0.18686886,0,43-49
94253797,43,2,0.049449988,0,43-49
94254140,43,2,0.011222237,0,43-49
94254215,43,2,0.58744603,0,43-49
94254412,43,2,0.15571323,0,43-49
94254432,43,2,0.26689002,0,43-49
94254433,43,2,0.2986953,0,43-49
94254496,43,2,0.14799948,0,43-49
94255281,43,2,0.00031515374,0,43-49
94255487,43,2,0.0010517361,0,43-49
94255489,43,2,0.1042184,0,43-49
94255570,43,1,0.004088565,0,43-49
94255777,43,2,3.6071553e-05,0,43-49
94255780,43,2,0.00021601573,0,43-49
94255934,43,1,0.00534716,0,43-49
94255937,43,2,0.005415764,0,43-49
94256093,43,2,3.3053835e-05,0,43-49
94256327,43,2,0.00036920403,0,43-49
94256388,43,2,9.861978e-05,0,43-49
94256550,43,2,8.349755e-05,0,43-49
94256551,43,2,0.0002838709,0,43-49
94256552,43,2,4.623944e-05,0,43-49
94256553,43,2,0.00039006266,0,43-49
94256556,43,2,0.0347234,0,43-49
94256557,43,2,0.0009951702,0,43-49
94256559,43,2,0.002027782,0,43-49
94256600,43,2,9.622878e-05,0,43-49
94256605,43,2,0.00032912666,0,43-49
94256610,43,2,0.00029263538,0,43-49
94256617,43,2,0.0023622226,0,43-49
94256623,43,2,0.0075306618,0,43-49
94256627,43,2,0.024622824,0,43-49
94256632,43,2,0.001572904,0,43-49
94256635,43,2,0.0008775276,0,43-49
94256636,43,2,0.0005499733,0,43-49
94256642,43,2,0.0006718542,0,43-49
94256646,43,2,0.00018785454,0,43-49
94256654,43,2,0.0036128245,0,43-49
94256655,43,2,9.118409e-05,0,43-49
94256657,43,2,0.00062191335,0,43-49
94256658,43,2,0.004310147,0,43-49
94258780,43,2,0.0013261233,0,43-49
94260854,43,2,0.00012579525,0,43-49
94261335,43,2,0.0002918719,0,43-49
94261699,43,2,0.0009463992,0,43-49
94264510,43,2,9.30686e-05,0,43-49
94265792,43,2,0.00013312632,0,43-49
94266065,43,2,0.0016262548,0,43-49
94266583,43,2,0.0012392611,0,43-49
94267139,43,2,0.00020457499,0,43-49
94267362,43,2,0.00014126096,0,43-49
94268582,43,2,0.15787409,0,43-49
94268795,43,2,0.007672472,0,43-49
94269040,43,2,0.0011717237,0,43-49
94269447,43,2,0.008779262,0,43-49
94269451,43,2,0.023401413,0,43-49
94269750,43,2,0.0036873063,0,43-49
94269812,43,2,0.013197162,0,43-49
94269837,43,2,0.16702314,0,43-49
94270129,43,2,0.001605589,0,43-49
94270318,43,2,0.0051011276,0,43-49
94270524,43,2,0.0007863884,0,43-49
94270858,43,2,0.03049169,0,43-49
94270859,43,2,0.0055257576,0,43-49
94271180,43,2,0.0047546877,0,43-49
94271458,43,2,0.005109808,0,43-49
94271461,43,2,0.0057948763,0,43-49
94272060,43,2,0.005276529,0,43-49
94273108,43,2,0.003645462,0,43-49
94273170,43,2,0.0058263307,0,43-49
94274509,43,2,0.00046959854,0,43-49
94274783,43,2,0.039588097,0,43-49
94275195,43,2,0.02380557,0,43-49
94275579,43,2,0.0006129325,0,43-49
94275584,43,2,0.002660008,0,43-49
94275585,43,2,0.011658998,0,43-49
94275586,43,2,0.0009033099,0,43-49
94275589,43,2,0.015624188,0,43-49
94276389,43,2,0.0056483485,0,43-49
94276525,43,2,0.0045655654,0,43-49
94276942,43,2,0.019779518,0,43-49
94276951,43,2,0.029139046,0,43-49
94276956,43,2,0.0033944177,0,43-49
94280363,43,2,0.0002945575,0,43-49
94281312,43,2,4.1271822e-05,0,43-49
94281315,43,2,8.6792796e-05,0,43-49
94281640,43,2,3.4992372e-05,0,43-49
94281647,43,2,0.026521474,0,43-49
94281648,43,2,0.017062815,0,43-49
94282163,43,2,0.005947843,0,43-49
94282190,43,2,0.010522774,0,43-49
94282207,43,2,0.0006438921,0,43-49
94282211,43,2,0.003967965,0,43-49
94282402,43,2,0.0043857438,0,43-49
94282405,43,2,0.0001958511,0,43-49
94282408,43,2,0.013207245,0,43-49
94282416,43,2,0.00030432275,0,43-49
94282453,43,2,0.00055832666,0,43-49
94282454,43,2,0.0036307028,0,43-49
94282616,43,2,0.07266788,0,43-49
94282690,43,2,0.0004895733,0,43-49
94282691,43,2,0.00079110893,0,43-49
94282700,43,2,0.012145471,0,43-49
94282887,43,2,0.00077307835,0,43-49
94282888,43,2,0.0005436997,0,43-49
94282895,43,2,0.0046447506,0,43-49
94282897,43,2,0.037910093,0,43-49
94282898,43,2,3.772301e-05,0,43-49
94282906,43,2,0.003063548,0,43-49
94282907,43,2,0.004108561,0,43-49
94283253,43,2,0.0019225597,0,43-49
94283255,43,2,0.00031599918,0,43-49
94283257,43,2,0.0037206658,0,43-49
94283258,43,2,0.0071191364,0,43-49
94283260,43,2,0.00073393364,0,43-49
94283264,43,2,0.0027523716,0,43-49
94283265,43,2,9.802591e-05,0,43-49
94283280,43,2,0.00039587438,0,43-49
94283843,43,2,0.00013630914,0,43-49
94284114,43,2,0.00066205417,0,43-49
94284118,43,2,0.00035613496,0,43-49
94284143,43,2,0.0003761187,0,43-49
94284156,43,2,0.00017158022,0,43-49
94284172,43,2,0.00021948828,0,43-49
94284179,43,2,6.300084e-05,0,43-49
94284366,43,2,0.00022596701,0,43-49
94284374,43,2,0.00020577281,0,43-49
94284375,43,2,0.00033894906,0,43-49
94284377,43,2,0.001660068,0,43-49
94284378,43,2,0.0014056761,0,43-49
94284380,43,2,0.00018480007,0,43-49
94284382,43,2,8.856932e-05,0,43-49
94284728,43,2,0.00060147233,0,43-49
94284729,43,2,0.002760241,0,43-49
94284732,43,2,0.010805867,0,43-49
94284736,43,2,0.004859935,0,43-49
94284738,43,2,0.007187858,0,43-49
94284744,43,2,0.03969247,0,43-49
94284745,43,2,0.0050314255,0,43-49
94284748,43,2,0.0026960892,0,43-49
94284749,43,2,0.0015417896,0,43-49
94284753,43,2,0.0006014463,0,43-49
94284757,43,2,0.009882986,0,43-49
94284768,43,2,0.000104726765,0,43-49
94284782,43,2,0.00036392678,0,43-49
94285093,43,2,0.000112392074,0,43-49
94285364,43,2,0.0028855351,0,43-49
94285380,43,2,0.0334794,0,43-49
94285381,43,2,0.0129842935,0,43-49
94285385,43,2,0.003027956,0,43-49
94285389,43,2,0.000990406,0,43-49
94285395,43,2,0.045718927,0,43-49
94285398,43,2,0.0025850872,0,43-49
94285411,43,2,8.1018305e-05,0,43-49
94285973,43,2,5.2727293e-05,0,43-49
94286057,43,2,0.00037451254,0,43-49
94286214,43,2,0.00038981583,0,43-49
94286461,43,2,0.0005576156,0,43-49
94286464,43,2,0.00054087315,0,43-49
94286465,43,2,0.00059638877,0,43-49
94286468,43,2,0.0002009716,0,43-49
94286781,43,2,0.00013745106,0,43-49
94286792,43,2,0.020639304,0,43-49
94286797,43,2,0.0024149478,0,43-49
94286800,43,2,0.0072742836,0,43-49
94286801,43,2,0.007869619,0,43-49
94287105,43,2,0.00023134075,0,43-49
94288267,43,2,0.0005526156,0,43-49
94288270,43,2,0.0012358439,0,43-49
94288272,43,2,0.0008203213,0,43-49
94288274,43,2,0.002346539,0,43-49
94288275,43,2,0.13788006,0,43-49
94288276,43,2,0.0013800504,0,43-49
94288934,43,2,0.0006567508,0,43-49
94288940,43,2,0.0011879044,0,43-49
94288947,43,2,0.000197283,0,43-49
94289205,43,2,0.00012320034,0,43-49
94289527,43,2,0.00019383612,0,43-49
94290267,43,2,0.00030482683,0,43-49
94290690,43,2,0.0003674538,0,43-49
94290692,43,2,0.00083437713,0,43-49
94290693,43,2,0.0018287069,0,43-49
94290694,43,2,0.0037354948,0,43-49
94290695,43,2,0.0009773434,0,43-49
94291798,43,2,0.00010265908,0,43-49
94291809,43,2,0.00025038124,0,43-49
94292225,43,2,0.0033611022,0,43-49
94292239,43,2,0.0058840136,0,43-49
94295641,43,2,0.00011804655,0,43-49
94295667,43,2,0.00030351983,0,43-49
94295934,43,2,0.00013455402,0,43-49
94295941,43,2,0.00012053258,0,43-49
94296220,43,2,0.00025550363,0,43-49
94296230,43,2,0.008992986,0,43-49
94296240,43,2,0.0038307328,0,43-49
94296244,43,2,0.0028879163,0,43-49
94296267,43,2,0.032349974,0,43-49
94296275,43,2,0.020594446,0,43-49
94296278,43,2,0.01041134,0,43-49
94296299,43,2,0.0002711391,0,43-49
94296304,43,2,0.0013428644,0,43-49
94296314,43,2,0.0019211539,0,43-49
94296317,43,2,0.00033075918,0,43-49
94296491,43,2,0.0130624715,0,43-49
94296492,43,2,0.0061607035,0,43-49
94296577,43,2,0.018110793,0,43-49
94296584,43,2,0.023957074,0,43-49
94296751,43,2,0.0011094825,0,43-49
94296758,43,2,0.0012212336,0,43-49
94296759,43,2,0.18894444,0,43-49
94296760,43,2,0.03393336,0,43-49
94296767,43,2,0.007753387,0,43-49
94296781,43,2,0.0047057252,0,43-49
94296853,43,2,0.0032793821,0,43-49
94296854,43,2,0.0042582634,0,43-49
94297036,43,2,2.2215718e-05,0,43-49
94297042,43,2,0.0035757276,0,43-49
94297166,43,2,0.0043391236,0,43-49
94297171,43,2,0.00023115288,0,43-49
94297505,43,2,0.0044680536,0,43-49
94297712,43,2,9.621299e-05,0,43-49
94298024,43,2,0.00019227425,0,43-49
94298331,43,2,0.00021195447,0,43-49
94299343,43,2,0.0006227152,0,43-49
94299368,43,2,0.00042157693,0,43-49
94299379,43,2,0.00042107987,0,43-49
94299388,43,2,0.0002474378,0,43-49
94299929,43,2,0.00018654157,0,43-49
94300504,43,2,0.00018943037,0,43-49
94300901,43,2,0.016350072,0,43-49
94300935,43,2,0.00016506355,0,43-49
94300947,43,2,8.574393e-05,0,43-49
94300960,43,2,0.0004765068,0,43-49
94301568,43,2,0.00059543457,0,43-49
94301671,43,2,0.00014481832,0,43-49
94301800,43,2,0.0004661228,0,43-49
94301805,43,2,0.00026766164,0,43-49
94301809,43,2,0.0050515793,0,43-49
94301930,43,2,0.00012077684,0,43-49
94302230,43,2,0.0002719448,0,43-49
94302232,43,2,0.0002761163,0,43-49
94302233,43,2,5.4351116e-05,0,43-49
94302234,43,2,0.00056594063,0,43-49
94302235,43,2,0.0005659568,0,43-49
94302237,43,2,0.000757355,0,43-49
94302240,43,2,0.0009645632,0,43-49
94302241,43,2,0.00013824276,0,43-49
94302243,43,2,0.00031163887,0,43-49
94302380,43,2,0.0011537464,0,43-49
94302383,43,2,0.00020310021,0,43-49
94302390,43,2,0.00019416945,0,43-49
94302400,43,2,0.00019179104,0,43-49
94302401,43,2,0.00014746482,0,43-49
94302405,43,2,0.004016856,0,43-49
94302734,43,2,0.0039117793,0,43-49
94302747,43,2,0.012436059,0,43-49
94302750,43,2,0.019921316,0,43-49
94302751,43,2,0.014120742,0,43-49
94302754,43,2,0.032574587,0,43-49
94302779,43,2,0.51178354,0,43-49
94302783,43,2,0.29927552,0,43-49
94302784,43,2,0.36003488,0,43-49
94302788,43,2,0.0012119522,0,43-49
94302793,43,2,0.0026393083,0,43-49
94303089,43,2,0.021050166,0,43-49
94303106,43,2,0.06769171,0,43-49
94303115,43,2,0.021770861,0,43-49
94303119,43,2,0.00035353377,0,43-49
94303123,43,2,0.00013440898,0,43-49
94303130,43,2,0.007305046,0,43-49
94303462,43,2,0.009059946,0,43-49
94306036,43,2,0.00020495961,0,43-49
94307473,43,2,0.002866413,0,43-49
94311363,43,2,9.680945e-05,0,43-49
94311945,43,2,0.00030717088,0,43-49
94312679,43,2,6.757246e-05,0,43-49
94312926,43,2,0.00015428907,0,43-49
94312930,43,2,0.0041948794,0,43-49
94313554,43,2,6.3129664e-05,0,43-49
94313794,43,2,0.040377066,0,43-49
94313965,43,2,0.0010128741,0,43-49
94314218,43,2,0.0010736928,0,43-49
94314224,43,2,0.0020144428,0,43-49
94314789,43,2,0.38255197,0,43-49
94314792,43,2,0.22398238,0,43-49
94314799,43,2,0.05044832,0,43-49
94316199,43,2,0.03453082,0,43-49
94316203,43,2,0.0011201244,0,43-49
94317624,43,2,0.0005235648,0,43-49
94318047,43,2,0.0014464414,0,43-49
94318731,43,2,5.981504e-05,0,43-49
94319918,43,2,0.000309605,0,43-49
94320505,43,2,8.980051e-05,0,43-49
94321025,43,2,0.0006802123,0,43-49
94321026,43,2,0.00031890732,0,43-49
94322583,43,2,0.0078025213,0,43-49
94322870,43,2,0.004027408,0,43-49
94322882,43,2,0.0017916169,0,43-49
94322886,43,2,0.019809216,0,43-49
94322889,43,2,0.0025138848,0,43-49
94322890,43,2,0.024143131,0,43-49
94325110,43,2,0.00020973907,0,43-49
94325168,43,2,0.00028489553,0,43-49
94327304,43,2,0.0020111736,0,43-49
94327952,43,2,0.28156757,0,43-49
94333210,43,2,2.3209357e-05,0,43-49
94333339,43,2,0.00030336593,0,43-49
94333342,43,2,0.0003742863,0,43-49
94333343,43,2,0.00048451274,0,43-49
94333591,43,2,0.00014036684,0,43-49
94336035,43,1,0.0298233,0,43-49
94336306,43,1,0.0019136673,0,43-49
94336308,43,1,0.0016150092,0,43-49
94336448,43,2,0.000519142,0,43-49
94336461,43,2,0.34711146,0,43-49
94337633,43,1,0.06491844,0,43-49
94338514,43,2,0.00014185486,0,43-49
94338645,43,2,0.008899208,0,43-49
94339989,43,2,8.7815795e-05,0,43-49
94340195,43,2,0.000517599,0,43-49
94340892,43,2,0.048343718,0,43-49
94340900,43,2,0.0013670016,0,43-49
94340906,43,1,0.016320894,0,43-49
94340970,43,2,5.396542e-05,0,43-49
94341464,43,1,0.0004270894,0,43-49
94341503,43,1,0.03030399,0,43-49
94352484,43,2,0.00020428434,0,43-49
94352497,43,2,0.000108362816,0,43-49
94353890,43,2,0.001146747,0,43-49
94360288,43,2,0.0027514673,0,43-49
94360375,43,2,0.0013711308,0,43-49
94360376,43,2,0.012364583,0,43-49
94360384,43,2,0.00010897503,0,43-49
94360388,43,2,0.0007001797,0,43-49
94360794,43,2,0.0005364865,0,43-49
94362297,43,2,0.000121641824,0,43-49
94362345,43,2,7.991262e-05,0,43-49
94362824,43,2,5.6054654e-05,0,43-49
94366286,43,2,0.00024183845,0,43-49
94367111,43,2,0.0038686136,0,43-49
94369573,43,2,0.0022511864,0,43-49
94369736,43,2,0.0033360303,0,43-49
94369751,43,2,0.037365794,0,43-49
94369754,43,2,0.014288186,0,43-49
94369759,43,2,0.2780355,0,43-49
94369781,43,2,0.04488162,0,43-49
94371981,43,2,0.012872877,0,43-49
94372364,43,2,0.003071482,0,43-49
94375195,43,2,0.0015305498,0,43-49
94379983,43,2,0.00023321257,0,43-49
94381801,43,2,6.18825e-05,0,43-49
94382517,43,2,7.654295e-05,0,43-49
94384396,43,2,0.00097314734,0,43-49
94384614,43,2,0.0012469908,0,43-49
94522171,43,2,0.0009357246,0,43-49
94525461,43,2,0.08037669,0,43-49
94532741,43,2,0.0011789848,0,43-49
94532744,43,2,0.059410483,0,43-49
94533523,43,2,0.0001315437,0,43-49
94534184,43,2,0.0016450767,0,43-49
94535593,43,2,0.00022082606,0,43-49
94547034,43,2,0.00042738547,0,43-49
94549932,43,2,0.00023058498,0,43-49
94551364,43,2,0.00087281613,0,43-49
94551837,43,2,0.0014470456,0,43-49
94552774,43,2,0.004764513,0,43-49
94554289,43,2,0.089321844,0,43-49
94554775,43,2,0.004710172,0,43-49
94555238,43,2,0.0019661055,0,43-49
94555249,43,2,0.0043388866,0,43-49
94555254,43,2,0.00846783,0,43-49
94555665,43,2,0.0017889387,0,43-49
94557511,43,2,0.02300231,0,43-49
94557892,43,2,0.018655539,0,43-49
94558090,43,2,0.26889482,0,43-49
94558123,43,2,0.0015700632,0,43-49
94562923,43,2,0.32997766,0,43-49
94563333,43,2,0.029112367,0,43-49
94574594,43,2,9.2615315e-05,0,43-49
94574595,43,2,6.560876e-05,0,43-49
94574599,43,2,3.1693013e-05,0,43-49
94574601,43,2,0.001991374,0,43-49
94574609,43,2,0.00060695695,0,43-49
94574802,43,2,7.9896774e-05,0,43-49
94574810,43,2,8.609895e-05,0,43-49
94574811,43,2,0.0033945742,0,43-49
94574819,43,2,0.00020188733,0,43-49
94574820,43,2,0.07467394,0,43-49
94574824,43,2,0.0020007247,0,43-49
94574827,43,2,0.04781112,0,43-49
94574829,43,2,0.0035223053,0,43-49
94576816,43,2,0.000557715,0,43-49
94579627,43,2,9.5634445e-05,0,43-49
94580503,43,2,0.0013859225,0,43-49
94581107,43,2,0.07595141,0,43-49
94581117,43,2,0.15047255,0,43-49
94583001,43,2,0.0028994388,0,43-49
94583836,43,2,0.0013587951,0,43-49
94583999,43,2,0.035075415,0,43-49
94584000,43,2,0.0032150506,0,43-49
94584149,43,2,0.0028524569,0,43-49
94586501,43,2,0.001727721,0,43-49
94588060,43,2,0.0001864265,0,43-49
94588332,43,2,0.001688748,0,43-49
94590220,43,2,0.0039764903,0,43-49
94590557,43,2,0.0026891886,0,43-49
94590638,43,2,0.12301856,0,43-49
94590651,43,2,8.5760614e-05,0,43-49
94590655,43,2,0.0023148463,0,43-49
94590670,43,2,0.047678728,0,43-49
94590915,43,2,0.01699607,0,43-49
94590926,43,2,0.00066207844,0,43-49
94590977,43,2,0.00026147935,0,43-49
94590978,43,2,0.0432616,0,43-49
94591102,43,2,0.12819378,0,43-49
94591117,43,2,6.8758876e-05,0,43-49
94591818,43,2,0.002573109,0,43-49
94591834,43,2,0.00019374743,0,43-49
94592663,43,2,0.0628675,0,43-49
94592906,43,2,0.00056206615,0,43-49
94592932,43,2,0.027673995,0,43-49
94592936,43,2,0.019284593,0,43-49
94593149,43,2,0.0045364588,0,43-49
94593153,43,2,0.028177232,0,43-49
94593159,43,2,0.065459654,0,43-49
94593391,43,2,0.0001896941,0,43-49
94593394,43,2,0.012065181,0,43-49
94593939,43,2,0.17673883,0,43-49
94593948,43,2,0.0016574638,0,43-49
94594146,43,2,0.0018164254,0,43-49
94594604,43,2,0.0018836941,0,43-49
94595077,43,2,0.00016784116,0,43-49
94596056,43,2,0.00034862885,0,43-49
94596465,43,2,0.38949817,0,43-49
94596675,43,2,0.7786478,1,43-49
94596679,43,2,0.17622761,0,43-49
94596868,43,2,0.025175892,0,43-49
94597302,43,2,0.000101158585,0,43-49
94597549,43,2,0.0002315506,0,43-49
94599580,43,2,0.08844421,0,43-49
94599773,43,2,0.47016117,0,43-49
94600269,43,2,0.00065818126,0,43-49
94608891,43,2,0.06979276,0,43-49
94609115,43,2,0.0007585396,0,43-49
94609611,43,2,0.00017249917,0,43-49
94611184,43,2,0.0028769837,0,43-49
94611187,43,2,0.0014508091,0,43-49
94613058,43,2,0.00018365862,0,43-49
94618821,43,2,0.00042993634,0,43-49
94618829,43,2,0.0034366776,0,43-49
94623588,43,1,0.0058464925,0,43-49
94625621,43,2,0.00021860588,0,43-49
94626460,43,1,0.0037458492,0,43-49
94626483,43,1,0.005877446,0,43-49
94636673,43,2,8.691969e-05,0,43-49
94639862,43,2,0.001771167,0,43-49
94640777,43,2,0.000115164745,0,43-49
94641099,43,2,0.00019547442,0,43-49
94645488,43,2,0.017302657,0,43-49
94645492,43,2,0.004285432,0,43-49
94645773,43,2,0.0032902323,0,43-49
94645781,43,2,0.0015798504,0,43-49
94650084,43,2,0.0015394674,0,43-49
94652304,43,2,0.0003079441,0,43-49
94655204,43,2,4.1559866e-05,0,43-49
94655217,43,2,0.00020090472,0,43-49
94655625,43,2,0.0011136476,0,43-49
94662651,43,2,1.6963602e-05,0,43-49
94819521,43,2,0.00015039436,0,43-49
94819538,43,2,0.00032442628,0,43-49
94887108,43,2,0.003247496,0,43-49
94887348,43,2,0.0011604235,0,43-49
94887682,43,2,0.01203713,0,43-49
94888545,43,2,0.0009813079,0,43-49
94889310,43,2,0.0007793806,0,43-49
94890401,43,2,0.00020016437,0,43-49
94890405,43,2,8.427726e-05,0,43-49
94891079,43,2,6.689235e-05,0,43-49
94891307,43,2,0.00018250715,0,43-49
94893486,43,2,0.13905118,0,43-49
94893501,43,2,0.024375588,0,43-49
94906238,43,2,0.000638963,0,43-49
94906481,43,2,0.0009463347,0,43-49
94906493,43,2,0.0010805201,0,43-49
94907230,43,2,0.07692103,0,43-49
94907237,43,2,0.00030298554,0,43-49
94911539,43,2,0.038129322,0,43-49
94911603,43,2,0.026876776,0,43-49
94911621,43,2,0.009612561,0,43-49
94912121,43,2,0.056030154,0,43-49
94912336,43,2,0.13188396,0,43-49
94912423,43,2,0.15242979,0,43-49
94912936,43,2,0.041867975,0,43-49
94913085,43,2,0.0002087925,0,43-49
94913436,43,2,0.13221608,0,43-49
94913439,43,2,0.035960652,0,43-49
94914090,43,2,0.06391769,0,43-49
94914102,43,2,0.01710672,0,43-49
94939763,43,2,0.0031995072,0,43-49
94940171,43,2,7.5924814e-05,0,43-49
94940323,43,2,8.251636e-05,0,43-49
94940926,43,2,0.0010202534,0,43-49
94940927,43,1,0.0004532218,0,43-49
94941140,43,2,2.7171436e-05,0,43-49
94941157,43,2,0.00076151046,0,43-49
94941158,43,2,0.0030104506,0,43-49
94952041,43,2,0.0051884847,0,43-49
94953856,43,2,0.00028943366,0,43-49
94953860,43,2,0.00039666312,0,43-49
94954366,43,2,0.0005079025,0,43-49
94954369,43,2,0.003680729,0,43-49
94954676,43,2,0.00036792524,0,43-49
94961251,43,2,0.0032201663,0,43-49
94961504,43,2,0.0016496549,0,43-49
94964017,43,2,0.000392351,0,43-49
94964022,43,2,0.0031902397,0,43-49
94971592,43,2,0.00024402497,0,43-49
94971615,43,2,0.0037500886,0,43-49
94971831,43,2,0.004809568,0,43-49
94971834,43,2,0.0067695137,0,43-49
94974524,43,2,0.0049282364,0,43-49
94982592,43,2,0.0010141067,0,43-49
94990802,43,2,0.00040192643,0,43-49
94991421,43,2,6.0860966e-05,0,43-49
94991713,43,2,0.0006788142,0,43-49
94992007,43,2,0.057621676,0,43-49
94992011,43,2,0.06835252,0,43-49
94992016,43,2,0.0079457825,0,43-49
95000420,43,2,0.007257241,0,43-49
95000609,43,2,0.0010774406,0,43-49
95001263,43,2,0.0012081785,0,43-49
95001492,43,2,0.00091799727,0,43-49
95001501,43,2,0.0076336367,0,43-49
95002005,43,2,0.0014336625,0,43-49
95009059,43,2,0.0005046288,0,43-49
95010521,43,2,0.0023936785,0,43-49
95011528,43,2,0.0010445347,0,43-49
95012935,43,2,0.0035188026,0,43-49
95012943,43,2,0.0020555642,0,43-49
95040262,43,2,0.012844743,0,43-49
95040285,43,2,0.0017219032,0,43-49
95040297,43,2,0.0048576687,0,43-49
95206874,43,2,0.040687595,0,43-49
95312174,43,2,4.9481594e-05,0,43-49
95329588,43,2,0.030663667,0,43-49
95339081,43,2,0.00028010842,0,43-49
95378175,43,2,0.00045150061,0,43-49
95531166,43,2,0.0002983456,0,43-49
95531167,43,2,0.00023108789,0,43-49
95566581,43,2,3.9992043e-05,0,43-49
95582551,43,2,0.0007235032,0,43-49
95611894,43,2,0.0011378467,0,43-49
95780172,43,2,0.0020693787,0,43-49
96003165,43,2,0.024426023,0,43-49
96015851,43,2,0.0009164132,0,43-49
96024656,43,2,0.015439744,0,43-49
96310009,43,2,0.0011946441,0,43-49
97045597,43,2,0.0014379689,0,43-49
97737731,43,2,0.0013930664,0,43-49
98637214,43,2,0.0039731604,0,43-49
98637531,43,2,0.0050228867,0,43-49
98638702,43,2,0.00021808979,0,43-49
98639218,43,2,0.0016053895,0,43-49
98639538,43,2,0.00043446856,0,43-49
98643342,43,2,0.032990854,0,43-49
98643368,43,2,0.48865265,0,43-49
98643640,43,2,0.005999983,0,43-49
98645297,43,2,0.017623689,0,43-49
98646283,43,2,0.19061291,0,43-49
98647549,43,2,0.009956041,0,43-49
98647575,43,2,0.0012813958,0,43-49
98648145,43,2,0.0019028364,0,43-49
98648192,43,2,0.00027726596,0,43-49
98648193,43,2,0.0003158022,0,43-49
98648209,43,2,0.000369815,0,43-49
98649026,43,2,0.016719136,0,43-49
98649035,43,2,0.0004688737,0,43-49
98649036,43,2,0.00060245546,0,43-49
98649295,43,2,0.00036120537,0,43-49
98649307,43,2,0.0003256947,0,43-49
98649353,43,2,0.0002810637,0,43-49
98649357,43,2,0.00012140498,0,43-49
98649358,43,2,0.013711037,0,43-49
98649366,43,2,0.00027627192,0,43-49
98649367,43,2,0.00014816856,0,43-49
98649729,43,2,0.00013828269,0,43-49
98649732,43,2,0.00032011876,0,43-49
98649736,43,2,0.0035042525,0,43-49
98649743,43,2,0.32278302,0,43-49
98649752,43,2,0.00023462746,0,43-49
98649753,43,2,0.00402558,0,43-49
98649891,43,2,0.0023352758,0,43-49
98649892,43,2,0.0016787379,0,43-49
98649981,43,2,0.0021185996,0,43-49
98649988,43,2,9.141507e-05,0,43-49
98649993,43,2,0.0013371699,0,43-49
98650151,43,2,0.00018608572,0,43-49
98650162,43,2,0.00048377208,0,43-49
98650163,43,2,0.00039369683,0,43-49
98650263,43,2,0.00040767435,0,43-49
98650433,43,2,0.00032714487,0,43-49
98650767,43,2,0.0066857915,0,43-49
98651116,43,2,0.00023669889,0,43-49
98651472,43,2,0.00025817374,0,43-49
98651473,43,2,0.0011053444,0,43-49
98651474,43,2,0.003918511,0,43-49
98651475,43,2,0.00044311897,0,43-49
98651476,43,2,0.00041519146,0,43-49
98651477,43,2,0.0050570704,0,43-49
98651479,43,2,0.0003781545,0,43-49
98651481,43,2,0.003028192,0,43-49
98651780,43,2,0.0006367414,0,43-49
98651788,43,2,0.0003065805,0,43-49
98652418,43,2,0.00033436017,0,43-49
98652420,43,2,0.002686001,0,43-49
98652723,43,2,0.00021368208,0,43-49
98652725,43,2,0.0006436939,0,43-49
98652728,43,2,0.0015142205,0,43-49
98652730,43,2,0.004040136,0,43-49
98652731,43,2,0.00046557173,0,43-49
98652740,43,2,0.037769567,0,43-49
98652748,43,2,0.00029645217,0,43-49
98652750,43,2,0.0006585791,0,43-49
98652751,43,2,0.004696678,0,43-49
98652752,43,2,0.0002671385,0,43-49
98652755,43,2,0.0010699404,0,43-49
98652880,43,2,0.00013941868,0,43-49
98652897,43,2,0.0039957855,0,43-49
98652900,43,2,0.0029377996,0,43-49
98652906,43,2,0.00056372775,0,43-49
98652919,43,2,0.0005387145,0,43-49
98653018,43,2,0.0003164544,0,43-49
98653019,43,2,0.0017160061,0,43-49
98653312,43,2,0.0016701873,0,43-49
98653614,43,2,0.8072776,1,43-49
98653617,43,2,0.0045724967,0,43-49
98653910,43,2,0.00070819317,0,43-49
98654206,43,2,0.0017752724,0,43-49
98654342,43,2,0.0006432128,0,43-49
98654348,43,2,0.02254708,0,43-49
98654668,43,2,0.0014393623,0,43-49
98654682,43,2,0.00016535042,0,43-49
98654828,43,2,0.00087806577,0,43-49
98654829,43,2,0.0019853578,0,43-49
98654986,43,2,0.00017711459,0,43-49
98655328,43,2,0.00051637244,0,43-49
98655545,43,2,0.00040953603,0,43-49
98655566,43,2,0.0036021122,0,43-49
98655797,43,2,0.0007228102,0,43-49
98655798,43,2,0.00026540156,0,43-49
98655818,43,2,0.0028277459,0,43-49
98655828,43,2,0.0006927694,0,43-49
98655831,43,2,0.0001221782,0,43-49
98655869,43,2,0.0028129874,0,43-49
98656284,43,2,0.0011328376,0,43-49
98656285,43,2,0.00013454696,0,43-49
98656512,43,2,0.0002963442,0,43-49
98656773,43,2,0.0003431282,0,43-49
98656774,43,2,0.06259467,0,43-49
98656788,43,2,9.584013e-05,0,43-49
98656894,43,2,0.0016342417,0,43-49
98656898,43,2,0.00048203394,0,43-49
98657144,43,2,0.0005491224,0,43-49
98657151,43,2,0.0017832663,0,43-49
98657161,43,2,0.00018314553,0,43-49
98658080,43,2,0.00028415874,0,43-49
98658517,43,2,0.0005375789,0,43-49
98658846,43,2,0.0033566838,0,43-49
98659414,43,2,0.0005887005,0,43-49
98659418,43,2,0.00040159433,0,43-49
98659423,43,2,0.006919715,0,43-49
98659506,43,2,0.005858508,0,43-49
98659657,43,2,0.002784936,0,43-49
98659659,43,2,0.0014601753,0,43-49
98660029,43,2,0.0025449805,0,43-49
98660034,43,2,0.0021461637,0,43-49
98660055,43,2,0.03351573,0,43-49
98660198,43,2,0.0013127432,0,43-49
98660822,43,2,0.00037964832,0,43-49
98660823,43,2,0.00025644712,0,43-49
98660984,43,2,0.00038226566,0,43-49
98661120,43,2,0.0004175971,0,43-49
98661124,43,2,0.008783749,0,43-49
98661480,43,2,0.00021717345,0,43-49
98661481,43,2,0.00056673714,0,43-49
98661495,43,2,0.025595093,0,43-49
98662025,43,2,0.00046231924,0,43-49
98662083,43,2,0.00031194268,0,43-49
98662085,43,2,0.0005655244,0,43-49
98662742,43,2,0.0014321519,0,43-49
98663193,43,2,0.0027345952,0,43-49
98663300,43,2,0.0023635007,0,43-49
98663302,43,2,0.00042432462,0,43-49
98663455,43,2,0.00028364637,0,43-49
98663543,43,2,0.0005611505,0,43-49
98663647,43,2,0.00024275026,0,43-49
98663817,43,2,0.00049275154,0,43-49
98663961,43,2,0.0010128466,0,43-49
98663964,43,2,0.00014279548,0,43-49
98664194,43,2,0.0015826139,0,43-49
98664317,43,2,0.0018066277,0,43-49
98664666,43,2,0.0021435176,0,43-49
98688026,43,2,0.02782327,0,43-49
98785176,43,2,0.585042,0,43-49
99098561,43,2,6.195926e-05,0,43-49
99108938,43,2,0.0037612054,0,43-49
99109668,43,2,0.08551857,0,43-49
99118726,43,2,7.430072e-05,0,43-49
99146992,43,2,5.5531116e-05,0,43-49
99147023,43,2,0.00018939262,0,43-49
99147036,43,2,0.00048406565,0,43-49
99147040,43,2,0.00077609514,0,43-49
99254983,43,2,0.004807541,0,43-49
99261277,43,2,0.0031298494,0,43-49
99261293,43,2,0.3828412,0,43-49
99261445,43,2,0.0001238477,0,43-49
99261455,43,2,0.00019852539,0,43-49
99262806,43,2,0.0017459481,0,43-49
99262859,43,2,0.0013058069,0,43-49
99262894,43,2,0.0056096716,0,43-49
99262903,43,2,0.058370147,0,43-49
99262904,43,2,0.32251135,0,43-49
99262930,43,2,0.006454283,0,43-49
99262938,43,2,0.0029191205,0,43-49
99262941,43,2,0.00061092153,0,43-49
99262958,43,2,0.0013381139,0,43-49
99273045,43,2,7.793232e-05,0,43-49
99279947,43,2,0.00020251989,0,43-49
99313535,43,2,0.00013059448,0,43-49
99554925,43,2,0.06399416,0,43-49
107412752,43,2,0.00041535654,0,43-49
1050841,44,2,0.00012630597,0,43-49
1052068,44,2,4.8279624e-05,0,43-49
1054055,44,2,0.000115097566,0,43-49
2346844,44,2,5.5820157e-05,0,43-49
2346845,44,2,0.00011107921,0,43-49
3623302,44,2,8.3640516e-05,0,43-49
7292993,44,2,0.016344827,0,43-49
7962124,44,2,4.9848124e-05,0,43-49
12607017,44,2,0.015456695,0,43-49
14323677,44,2,7.083712e-05,0,43-49
15106066,44,2,0.4038412,0,43-49
16811974,44,2,0.00011596921,0,43-49
17500202,44,2,0.0002760313,0,43-49
21494739,44,2,5.1411564e-05,0,43-49
21811538,44,2,0.000184226,0,43-49
21852040,44,2,0.68054295,0,43-49
23229087,44,2,0.027263695,0,43-49
23477159,44,2,9.7881966e-05,0,43-49
23477169,44,2,0.0001265455,0,43-49
23592023,44,2,9.022419e-05,0,43-49
26424364,44,2,0.0022223324,0,43-49
28468985,44,2,6.36454e-05,0,43-49
30836183,44,2,0.004818665,0,43-49
31086091,44,2,5.5112498e-05,0,43-49
32168716,44,2,9.408675e-05,0,43-49
32476507,44,2,3.895332e-05,0,43-49
33353684,44,2,0.02310129,0,43-49
36381365,44,2,0.00011956756,0,43-49
37263284,44,2,0.00010998946,0,43-49
37291743,44,2,2.649456e-05,0,43-49
37548797,44,2,0.0074045495,0,43-49
37655657,44,2,0.00011336867,0,43-49
37962202,44,2,0.015418644,0,43-49
38342253,44,2,0.00033433916,0,43-49
39165300,44,2,0.0004874727,0,43-49
39292646,44,2,0.003989636,0,43-49
39801485,44,2,0.000108926295,0,43-49
39957418,44,2,0.00011286408,0,43-49
40505604,44,2,0.00040973304,0,43-49
41642834,44,2,0.00013451824,0,43-49
41927883,44,2,0.00012221759,0,43-49
46893559,44,2,0.0016920037,0,43-49
49177809,44,2,0.9706194,1,43-49
50495320,44,2,0.00072464964,0,43-49
50510807,44,2,0.0010656025,0,43-49
50510808,44,2,8.0435486e-05,0,43-49
51674926,44,2,0.00012620544,0,43-49
52787341,44,2,0.0002330943,0,43-49
52793909,44,2,6.538883e-05,0,43-49
53353907,44,2,0.008539739,0,43-49
53424985,44,2,0.011083694,0,43-49
53797073,44,2,0.0003590723,0,43-49
55000576,44,2,0.00030551988,0,43-49
55049307,44,2,0.00012680932,0,43-49
56542767,44,2,5.7115325e-05,0,43-49
58091074,44,2,0.02792754,0,43-49
60954387,44,2,7.9230165e-05,0,43-49
61031389,44,2,0.1928046,0,43-49
63691475,44,2,4.1471303e-05,0,43-49
67341780,44,2,0.00062381773,0,43-49
67341782,44,2,0.13219792,0,43-49
68254937,44,2,0.0996255,0,43-49
68382061,44,2,0.3814197,0,43-49
68595814,44,2,0.015286525,0,43-49
68907229,44,2,0.14876649,0,43-49
69492493,44,2,0.07886878,0,43-49
72351285,44,2,0.005040892,0,43-49
75764180,44,2,0.00011098107,0,43-49
76509860,44,2,5.8687445e-05,0,43-49
78837451,44,2,0.0001655353,0,43-49
80514799,44,2,0.0005686193,0,43-49
80520189,44,2,0.00097479817,0,43-49
80610820,44,2,0.0017155992,0,43-49
80790788,44,2,0.00010614042,0,43-49
83269505,44,2,0.017679997,0,43-49
84195808,44,2,0.00037530638,0,43-49
85805647,44,2,0.00010996534,0,43-49
87102547,44,2,8.609633e-05,0,43-49
90467048,44,2,0.0019118703,0,43-49
91396411,44,2,0.0054742256,0,43-49
92627965,44,2,0.0019337265,0,43-49
99836847,44,2,7.6121636e-05,0,43-49
100265259,44,2,0.000106084575,0,43-49
100435124,44,2,0.0001107675,0,43-49
102383130,44,2,0.00027219692,0,43-49
105411194,44,2,9.407689e-05,0,43-49
105413220,44,2,0.00030855185,0,43-49
105418918,44,2,0.019048298,0,43-49
105419478,44,2,0.07244174,0,43-49
105419926,44,2,0.011221232,0,43-49
105419942,44,2,0.0058465144,0,43-49
105419960,44,2,0.041569233,0,43-49
105419976,44,2,0.041286875,0,43-49
105419988,44,2,0.69552374,1,43-49
105420014,44,2,0.034588087,0,43-49
105420019,44,2,0.00942477,0,43-49
105420207,44,2,0.09230577,0,43-49
105420214,44,2,0.060810823,0,43-49
105420224,44,2,0.0003274282,0,43-49
105420240,44,2,0.17926064,0,43-49
105420247,44,2,0.1169151,0,43-49
105420251,44,2,0.111922435,0,43-49
105420273,44,2,0.4935935,0,43-49
105420286,44,2,0.03626345,0,43-49
105420302,44,2,0.28319383,0,43-49
105420320,44,2,0.3347059,0,43-49
105420324,44,2,0.037549354,0,43-49
105420434,44,2,0.0007964074,0,43-49
105420832,44,2,0.0031453662,0,43-49
105421617,44,2,4.7400834e-05,0,43-49
105421700,44,2,0.0053241006,0,43-49
105422234,44,2,0.034690432,0,43-49
105422239,44,2,0.025846617,0,43-49
105422342,44,2,0.0006062427,0,43-49
105422778,44,2,0.00023326304,0,43-49
105422813,44,2,0.055067,0,43-49
105423532,44,2,2.7074464e-05,0,43-49
105423550,44,2,0.0018089388,0,43-49
105423585,44,2,0.0025445784,0,43-49
105424599,44,2,0.00010947413,0,43-49
105424603,44,2,0.11873093,0,43-49
105424606,44,2,0.06988654,0,43-49
105424613,44,2,0.00026375207,0,43-49
105425074,44,2,0.0009916093,0,43-49
105425109,44,2,0.0060373154,0,43-49
105425125,44,2,0.004098296,0,43-49
105425143,44,2,0.0043638796,0,43-49
105425151,44,2,0.08191172,0,43-49
105425158,44,2,0.00030982617,0,43-49
105425313,44,2,0.0002706476,0,43-49
105425363,44,2,0.00020789893,0,43-49
105425490,44,2,5.5409557e-05,0,43-49
105425528,44,2,0.0007082816,0,43-49
105425540,44,2,0.34921092,0,43-49
105425545,44,2,0.009044227,0,43-49
105425562,44,2,0.0056268517,0,43-49
105425566,44,2,0.06125339,0,43-49
105425580,44,2,0.0020014255,0,43-49
105425756,44,2,0.0056284233,0,43-49
105425768,44,2,0.009019393,0,43-49
105426009,44,2,0.0039358763,0,43-49
105426029,44,2,0.0010643263,0,43-49
105426254,44,2,0.0027301058,0,43-49
105426282,44,2,0.1394482,0,43-49
105426601,44,2,0.0022644782,0,43-49
105426607,44,2,0.0020782917,0,43-49
105426622,44,2,0.10524049,0,43-49
105426643,44,2,0.5428585,0,43-49
105426666,44,2,0.00014611676,0,43-49
105426678,44,2,0.0016113312,0,43-49
105426706,44,2,0.0004632984,0,43-49
105426713,44,2,0.014316668,0,43-49
105426732,44,2,0.018814966,0,43-49
105426745,44,2,0.012711908,0,43-49
105426757,44,2,0.0008502517,0,43-49
105427123,44,2,0.013809125,0,43-49
105427128,44,2,0.0032433881,0,43-49
105427137,44,2,0.005663948,0,43-49
105427150,44,2,0.01402481,0,43-49
105427190,44,2,0.00437434,0,43-49
105428065,44,2,0.00030018334,0,43-49
105428244,44,2,0.003698099,0,43-49
105428263,44,2,0.0019065085,0,43-49
105428281,44,2,0.0024384544,0,43-49
105428296,44,2,0.0030772504,0,43-49
105428331,44,2,0.011125054,0,43-49
105428362,44,2,0.0031056113,0,43-49
105428370,44,2,0.0026430502,0,43-49
105428418,44,2,0.005541733,0,43-49
105428434,44,2,0.0050821053,0,43-49
105428461,44,2,0.0023940338,0,43-49
105428618,44,2,0.0009599897,0,43-49
105428626,44,2,0.00042797948,0,43-49
105428667,44,2,0.0010527375,0,43-49
105428682,44,2,0.005938459,0,43-49
105428697,44,2,0.0032371818,0,43-49
105428704,44,2,0.008030824,0,43-49
105429233,44,2,0.03962757,0,43-49
105429245,44,2,0.7543659,1,43-49
105429256,44,2,0.0013602971,0,43-49
105429263,44,2,0.018867388,0,43-49
105429280,44,2,0.013065607,0,43-49
105429354,44,2,3.804258e-05,0,43-49
105432643,44,2,0.00042341932,0,43-49
105433236,44,2,0.000107550906,0,43-49
105434864,44,1,0.0059899893,0,43-49
105434883,44,1,0.027567144,0,43-49
105434888,44,2,0.2281564,0,43-49
105434910,44,2,0.0020184347,0,43-49
105434922,44,1,0.01201422,0,43-49
105435337,44,2,6.193191e-05,0,43-49
105435372,44,1,0.0010928884,0,43-49
105435837,44,2,3.3254004e-05,0,43-49
105435872,44,2,0.0041364445,0,43-49
105436390,44,2,0.00045919756,0,43-49
105436877,44,2,0.012504064,0,43-49
105437305,44,2,0.0024989294,0,43-49
105443089,44,2,0.001505836,0,43-49
105443450,44,2,0.000113736605,0,43-49
105443967,44,2,5.038473e-05,0,43-49
105444916,44,2,0.00048535262,0,43-49
105460621,44,2,0.00020362259,0,43-49
105460670,44,2,0.00013679457,0,43-49
105461722,44,2,0.00040764306,0,43-49
105461736,44,2,0.0009935384,0,43-49
105461747,44,2,0.00029038254,0,43-49
105461823,44,2,0.0009606004,0,43-49
105462052,44,2,0.00038109114,0,43-49
105464314,44,2,0.0008521423,0,43-49
105578797,44,2,0.00017714212,0,43-49
105587181,44,2,0.04589157,0,43-49
105587216,44,2,0.081891105,0,43-49
105587485,44,2,0.008105602,0,43-49
105587493,44,2,0.008219079,0,43-49
105587499,44,2,0.100399084,0,43-49
105587504,44,2,0.3245278,0,43-49
105587508,44,2,0.018326523,0,43-49
105587520,44,2,0.006032224,0,43-49
105587537,44,2,0.026217964,0,43-49
105587543,44,2,0.014811124,0,43-49
105587546,44,2,0.18908714,0,43-49
105587561,44,2,0.15878868,0,43-49
105587567,44,2,0.009660088,0,43-49
105587570,44,2,0.027749555,0,43-49
105588128,44,2,0.0013213961,0,43-49
105588181,44,2,0.12485726,0,43-49
105588194,44,2,0.00076556875,0,43-49
105588410,44,2,0.029073711,0,43-49
105588420,44,2,0.00055320794,0,43-49
105588425,44,2,4.8273912e-05,0,43-49
105588431,44,2,0.029307077,0,43-49
105588434,44,2,0.0017408462,0,43-49
105588438,44,1,0.28302976,0,43-49
105588440,44,2,0.00019781153,0,43-49
105588442,44,2,0.001884634,0,43-49
105588463,44,2,0.002070733,0,43-49
105588481,44,2,0.0021798925,0,43-49
105588491,44,2,0.024829607,0,43-49
105588501,44,2,0.00042207833,0,43-49
105589708,44,2,0.00042348975,0,43-49
105590000,44,2,0.00713926,0,43-49
105590005,44,2,0.0010590929,0,43-49
105590062,44,2,0.00048783782,0,43-49
105590143,44,2,0.0368752,0,43-49
105590208,44,2,0.19164973,0,43-49
105590215,44,2,0.03591749,0,43-49
105590218,44,2,0.00026948634,0,43-49
105590228,44,2,0.0009907099,0,43-49
105590238,44,2,0.000393182,0,43-49
105590245,44,2,0.0024098873,0,43-49
105590252,44,2,0.0010264203,0,43-49
105590257,44,2,0.023886096,0,43-49
105590271,44,2,0.0022160364,0,43-49
105590274,44,2,0.0056482893,0,43-49
105590287,44,2,0.0027221036,0,43-49
105590289,44,2,0.0026609772,0,43-49
105590298,44,2,0.0013594157,0,43-49
105590303,44,2,0.004918579,0,43-49
105590778,44,2,0.0019483161,0,43-49
105590782,44,2,0.00048189104,0,43-49
105590822,44,2,0.0042817914,0,43-49
105590824,44,2,0.0049305893,0,43-49
105590928,44,2,0.0026881937,0,43-49
105590934,44,2,0.11711471,0,43-49
105591335,44,2,0.0007022055,0,43-49
105591340,44,2,0.0018522614,0,43-49
105591343,44,2,0.0051835887,0,43-49
105591395,44,2,0.0008469856,0,43-49
105591776,44,2,0.004374982,0,43-49
105592208,44,2,0.0010576517,0,43-49
105592223,44,2,0.00056398194,0,43-49
105592224,44,2,0.0020440493,0,43-49
105592227,44,2,0.0035711129,0,43-49
105592228,44,2,0.0013505863,0,43-49
105592237,44,2,0.0017554907,0,43-49
105592250,44,2,0.117087714,0,43-49
105592254,44,2,0.00050687965,0,43-49
105592260,44,2,0.0015188176,0,43-49
105592559,44,2,0.0012192886,0,43-49
105592562,44,2,0.011014703,0,43-49
105592564,44,2,0.0025670668,0,43-49
105592567,44,2,0.0008463439,0,43-49
105592569,44,2,0.002619487,0,43-49
105592572,44,2,0.0009993484,0,43-49
105592573,44,2,0.00030145643,0,43-49
105592577,44,2,0.010959313,0,43-49
105592593,44,2,0.006334454,0,43-49
105592594,44,2,0.00078102254,0,43-49
105592654,44,2,0.092764616,0,43-49
105592661,44,2,0.004433521,0,43-49
105592663,44,2,0.0014789419,0,43-49
105592671,44,2,0.0331502,0,43-49
105592673,44,2,0.012343265,0,43-49
105592697,44,2,0.0026231944,0,43-49
105592702,44,2,0.021517808,0,43-49
105593085,44,2,0.0015580471,0,43-49
105593091,44,2,0.002621951,0,43-49
105593094,44,2,0.0016989624,0,43-49
105593124,44,2,0.006452956,0,43-49
105593129,44,2,0.0028940565,0,43-49
105593662,44,2,0.000498698,0,43-49
105593668,44,2,0.0005700907,0,43-49
105593684,44,2,0.001061579,0,43-49
105594237,44,2,0.020007845,0,43-49
105594243,44,2,0.002554782,0,43-49
105594251,44,2,0.003604555,0,43-49
105594259,44,2,0.00040613965,0,43-49
105594262,44,2,0.4187878,0,43-49
105594264,44,2,0.0005613685,0,43-49
105594270,44,2,0.7391596,1,43-49
105594282,44,2,0.003260019,0,43-49
105594283,44,2,0.0034719128,0,43-49
105594286,44,2,0.00023392742,0,43-49
105594287,44,2,0.40534404,0,43-49
105594296,44,2,4.946857e-05,0,43-49
105594792,44,2,0.0012065857,0,43-49
105594823,44,2,0.0009067644,0,43-49
105594835,44,2,0.013467693,0,43-49
105594840,44,2,0.000915217,0,43-49
105594841,44,2,0.00035282134,0,43-49
105594849,44,2,0.00019693325,0,43-49
105594874,44,1,0.3017828,0,43-49
105594876,44,2,0.0016571134,0,43-49
105594883,44,2,0.00012773092,0,43-49
105594885,44,2,0.0016832189,0,43-49
105594890,44,2,0.0009586708,0,43-49
105594900,44,2,0.007499269,0,43-49
105594901,44,2,0.010899109,0,43-49
105594904,44,2,0.00014106833,0,43-49
105594906,44,2,0.0006878312,0,43-49
105594910,44,2,0.00073444686,0,43-49
105594911,44,2,0.005064547,0,43-49
105594916,44,2,0.001135204,0,43-49
105595336,44,2,0.0020823188,0,43-49
105595347,44,2,0.00040780398,0,43-49
105595354,44,2,0.012370495,0,43-49
105595645,44,2,0.004025121,0,43-49
105595864,44,2,0.0062968233,0,43-49
105595867,44,2,0.044072587,0,43-49
105595870,44,2,0.00863694,0,43-49
105595874,44,2,0.005675034,0,43-49
105596135,44,2,0.00023347198,0,43-49
105596140,44,2,0.00082854996,0,43-49
105596293,44,2,0.00084744656,0,43-49
105596296,44,2,0.0007435994,0,43-49
105596298,44,2,0.0012892325,0,43-49
105596304,44,2,0.103209734,0,43-49
105596310,44,2,0.00017274145,0,43-49
105596311,44,2,0.0047747986,0,43-49
105596629,44,2,0.002653703,0,43-49
105596632,44,2,0.005526025,0,43-49
105596633,44,2,0.31595626,0,43-49
105596779,44,2,0.9244329,1,43-49
105596789,44,2,0.005180344,0,43-49
105596797,44,2,0.0099051315,0,43-49
105596799,44,2,0.0060684267,0,43-49
105596805,44,2,0.006925219,0,43-49
105597612,44,2,0.061235208,0,43-49
105597619,44,2,0.00069666374,0,43-49
105597642,44,2,0.020177163,0,43-49
105597646,44,2,0.00023946576,0,43-49
105597655,44,2,0.013655461,0,43-49
105597656,44,2,0.0005220929,0,43-49
105597658,44,2,0.0058560176,0,43-49
105597815,44,2,0.023657857,0,43-49
105597817,44,2,0.0013086456,0,43-49
105597837,44,2,0.00069794,0,43-49
105597843,44,2,0.010004805,0,43-49
105603035,44,2,7.225414e-05,0,43-49
105605197,44,1,0.0070277164,0,43-49
105605755,44,2,0.000901759,0,43-49
105605779,44,1,0.004471667,0,43-49
105608848,44,2,5.6324556e-05,0,43-49
105608852,44,2,0.0003566538,0,43-49
105608997,44,2,0.0006693371,0,43-49
105609360,44,2,0.00056814414,0,43-49
105610353,44,2,0.00044080958,0,43-49
105610357,44,2,0.00037619885,0,43-49
105612039,44,2,0.00081775786,0,43-49
105612362,44,2,0.00016345723,0,43-49
105769648,44,2,6.3077074e-05,0,43-49
105770302,44,2,0.12484225,0,43-49
105770309,44,2,0.017138474,0,43-49
105770328,44,2,0.050790492,0,43-49
105770718,44,2,0.032236964,0,43-49
105770732,44,2,0.035370987,0,43-49
105771360,44,2,0.06425891,0,43-49
105771387,44,2,0.00028580718,0,43-49
105773798,44,2,0.067594945,0,43-49
105774326,44,2,0.124702655,0,43-49
105774331,44,2,0.085774474,0,43-49
105774341,44,2,0.00070591696,0,43-49
105774511,44,2,0.002761521,0,43-49
105774514,44,2,0.0013802383,0,43-49
105774519,44,2,0.011400483,0,43-49
105774834,44,2,0.0009212137,0,43-49
105776158,44,2,0.019213919,0,43-49
105776174,44,2,0.06623877,0,43-49
105776186,44,2,0.008548472,0,43-49
105776222,44,2,0.049441244,0,43-49
105776226,44,2,0.035700526,0,43-49
105778673,44,2,0.005730347,0,43-49
105779109,44,2,0.0012034356,0,43-49
105779191,44,2,0.00018754635,0,43-49
105781322,44,2,0.00022119799,0,43-49
105782782,44,2,0.0020218445,0,43-49
105782789,44,2,0.019421224,0,43-49
105784109,44,2,0.108511746,0,43-49
105784398,44,2,0.20656955,0,43-49
105784404,44,2,0.1124079,0,43-49
105784409,44,2,0.27478978,0,43-49
105784417,44,2,0.37046167,0,43-49
105784425,44,2,0.15854995,0,43-49
105784602,44,2,0.4059391,0,43-49
105784608,44,2,0.0767582,0,43-49
105784611,44,2,0.6077953,0,43-49
105784918,44,2,0.74738586,1,43-49
105785066,44,2,0.04595182,0,43-49
105785072,44,2,0.010420152,0,43-49
105785078,44,2,0.24503283,0,43-49
105785079,44,2,0.16840316,0,43-49
105785088,44,2,0.67354625,0,43-49
105785092,44,2,0.15854995,0,43-49
105785561,44,2,0.24457838,0,43-49
105785726,44,2,0.49913847,0,43-49
105786164,44,2,0.17933439,0,43-49
105786312,44,2,0.379617,0,43-49
105786320,44,2,0.14723621,0,43-49
105786554,44,2,0.73402834,1,43-49
105786561,44,2,0.16311377,0,43-49
105786765,44,2,0.09555369,0,43-49
105786767,44,2,0.6798455,0,43-49
105786769,44,2,0.33706674,0,43-49
105786771,44,2,0.7503054,1,43-49
105786789,44,2,0.009196978,0,43-49
105786794,44,2,0.15884653,0,43-49
105786795,44,2,0.020493522,0,43-49
105786801,44,2,0.0054788976,0,43-49
105786816,44,2,0.000428896,0,43-49
105786843,44,2,0.094338216,0,43-49
105786853,44,2,0.03393124,0,43-49
105786856,44,2,0.009215254,0,43-49
105786885,44,2,0.41196546,0,43-49
105786979,44,2,0.79819137,1,43-49
105786983,44,2,0.02443026,0,43-49
105787023,44,2,0.12328043,0,43-49
105787037,44,2,0.38679236,0,43-49
105787042,44,2,0.19423032,0,43-49
105787051,44,2,0.121733576,0,43-49
105787054,44,2,0.0031498051,0,43-49
105787063,44,2,0.2743753,0,43-49
105787067,44,2,0.8659091,1,43-49
105787081,44,2,0.29191497,0,43-49
105787235,44,2,0.30128223,0,43-49
105787545,44,2,0.0068575363,0,43-49
105787550,44,2,0.250653,0,43-49
105787565,44,2,0.21655574,0,43-49
105787575,44,2,0.24378288,0,43-49
105787582,44,2,0.038056303,0,43-49
105787594,44,2,0.23217379,0,43-49
105787603,44,2,0.577601,0,43-49
105787719,44,2,0.52151054,0,43-49
105787723,44,2,0.356359,0,43-49
105787729,44,2,0.012280892,0,43-49
105788047,44,2,0.05778472,0,43-49
105788050,44,2,0.037549928,0,43-49
105788054,44,2,0.11998088,0,43-49
105788056,44,2,0.010866865,0,43-49
105788059,44,2,0.54519767,0,43-49
105788576,44,2,0.6023482,0,43-49
105788585,44,2,0.0575055,0,43-49
105788593,44,2,0.55684245,0,43-49
105788931,44,2,0.048294958,0,43-49
105788938,44,2,0.27866626,0,43-49
105788948,44,2,0.0047488064,0,43-49
105788963,44,2,0.20542116,0,43-49
105788965,44,2,0.103806436,0,43-49
105788972,44,2,0.009652765,0,43-49
105790811,44,2,0.090688236,0,43-49
105793572,44,2,0.037205808,0,43-49
105794231,44,2,0.00067849044,0,43-49
105794579,44,2,0.00019668817,0,43-49
105794582,44,2,0.0008089469,0,43-49
105794583,44,2,0.110638924,0,43-49
105795576,44,2,0.00089886336,0,43-49
105795590,44,2,0.0072809495,0,43-49
105795962,44,2,0.00092541624,0,43-49
105795977,44,2,0.2812398,0,43-49
105796768,44,2,0.08805693,0,43-49
105797625,44,2,0.06435962,0,43-49
105798658,44,2,0.007364937,0,43-49
105799448,44,2,0.002417404,0,43-49
105801886,44,2,0.003576637,0,43-49
105801889,44,2,0.15746863,0,43-49
105802057,44,2,0.000112803406,0,43-49
105803995,44,2,4.298477e-05,0,43-49
105804005,44,2,0.000107230575,0,43-49
105804672,44,2,0.000120019344,0,43-49
105805015,44,2,0.0001192807,0,43-49
105805447,44,2,0.00010293757,0,43-49
105809533,44,2,0.04280947,0,43-49
105809538,44,2,0.9976768,1,43-49
105811798,44,2,0.00019732026,0,43-49
105812373,44,2,7.929713e-05,0,43-49
105816932,44,2,0.00843673,0,43-49
105816948,44,2,0.24519514,0,43-49
105817364,44,2,0.011567524,0,43-49
105820844,44,2,0.0219124,0,43-49
105822834,44,2,0.00021689408,0,43-49
105822838,44,2,0.00057655515,0,43-49
105822842,44,2,0.01274697,0,43-49
105822891,44,2,4.541614e-05,0,43-49
105823844,44,2,0.00027187995,0,43-49
105826991,44,2,0.0005022216,0,43-49
105826996,44,2,0.00039924373,0,43-49
105826998,44,2,7.8967445e-05,0,43-49
105827008,44,2,0.003971468,0,43-49
105830299,44,2,0.0021850034,0,43-49
105831634,44,2,0.07036161,0,43-49
105833469,44,2,0.0046738014,0,43-49
105835589,44,2,0.0001293244,0,43-49
105836929,44,2,0.016388675,0,43-49
105836986,44,2,0.00031942947,0,43-49
105840706,44,2,0.014612278,0,43-49
105842012,44,2,0.0004936916,0,43-49
105842871,44,2,3.667345e-05,0,43-49
105843171,44,2,3.4481338e-05,0,43-49
105843304,44,2,0.0013791694,0,43-49
105843700,44,2,0.0015596799,0,43-49
105843745,44,2,0.0061902674,0,43-49
105843907,44,2,0.0028300593,0,43-49
105845351,44,2,0.0011524947,0,43-49
105845356,44,2,0.0008197423,0,43-49
105845371,44,2,0.0017782967,0,43-49
105845377,44,2,0.015883911,0,43-49
105845380,44,2,0.00021595992,0,43-49
105845807,44,2,0.010741114,0,43-49
105845808,44,2,0.01865625,0,43-49
105845811,44,2,0.05720069,0,43-49
105846195,44,2,0.0012975705,0,43-49
105846200,44,2,0.00043452487,0,43-49
105846208,44,2,0.0042812526,0,43-49
105846234,44,2,0.000103953884,0,43-49
105847255,44,2,0.01299122,0,43-49
105847359,44,2,0.00068725355,0,43-49
105847360,44,2,0.0037942266,0,43-49
105847366,44,2,0.0028449595,0,43-49
105847374,44,2,0.0053234594,0,43-49
105847379,44,2,0.004707383,0,43-49
105847380,44,2,0.005483168,0,43-49
105847384,44,2,0.011560835,0,43-49
105847385,44,2,0.0032442468,0,43-49
105847388,44,2,0.022133002,0,43-49
105847392,44,2,0.0024210496,0,43-49
105847397,44,2,0.00034478004,0,43-49
105847402,44,2,0.0028661771,0,43-49
105847407,44,2,0.018744491,0,43-49
105847456,44,2,4.8186248e-05,0,43-49
105847558,44,2,0.0020398728,0,43-49
105847566,44,2,0.33530477,0,43-49
105847568,44,2,0.00016635907,0,43-49
105847569,44,2,0.10670205,0,43-49
105847570,44,2,0.0022409204,0,43-49
105847699,44,2,0.0658186,0,43-49
105847701,44,2,0.002144595,0,43-49
105847859,44,2,0.009358405,0,43-49
105847861,44,2,0.016601108,0,43-49
105847862,44,2,0.011140709,0,43-49
105847863,44,2,0.04293271,0,43-49
105847885,44,2,0.0055454792,0,43-49
105847888,44,2,0.0035345238,0,43-49
105847997,44,2,0.0036425223,0,43-49
105848005,44,2,0.0014097905,0,43-49
105848011,44,2,0.023853725,0,43-49
105848016,44,2,0.028806975,0,43-49
105848018,44,2,0.0049656816,0,43-49
105848028,44,2,0.0011944814,0,43-49
105848040,44,2,0.00554742,0,43-49
105848061,44,2,0.0031094798,0,43-49
105848195,44,2,0.04236906,0,43-49
105848213,44,2,0.17152576,0,43-49
105848216,44,2,0.016978322,0,43-49
105848344,44,2,0.0008476267,0,43-49
105848346,44,2,0.006094107,0,43-49
105848348,44,2,0.02796845,0,43-49
105848351,44,2,0.00015048315,0,43-49
105848559,44,2,0.005377516,0,43-49
105848571,44,2,0.00023289215,0,43-49
105848574,44,2,0.034639984,0,43-49
105848582,44,2,0.016102783,0,43-49
105848588,44,2,0.023370134,0,43-49
105848600,44,2,0.020916358,0,43-49
105848603,44,2,0.00220963,0,43-49
105848606,44,2,0.0036019974,0,43-49
105848607,44,2,0.01765784,0,43-49
105848609,44,2,0.055461794,0,43-49
105848904,44,2,0.017532885,0,43-49
105848906,44,2,0.0022892153,0,43-49
105848910,44,2,0.041233335,0,43-49
105848940,44,2,0.006650673,0,43-49
105848951,44,2,0.012983139,0,43-49
105848960,44,2,0.0021707409,0,43-49
105849400,44,2,0.010028477,0,43-49
105849817,44,2,0.16566484,0,43-49
105849820,44,2,0.0032041871,0,43-49
105849821,44,2,0.0042308364,0,43-49
105849822,44,2,0.0040557245,0,43-49
105849824,44,2,0.01750011,0,43-49
105849826,44,2,0.0008694913,0,43-49
105849829,44,2,0.000702248,0,43-49
105849832,44,2,0.013048678,0,43-49
105850635,44,2,0.00020788072,0,43-49
105850639,44,2,0.00038612765,0,43-49
105853145,44,2,0.23626709,0,43-49
105853154,44,2,0.0011902569,0,43-49
105853155,44,2,0.0011309729,0,43-49
105853157,44,2,0.0006892988,0,43-49
105853204,44,2,0.11989881,0,43-49
105853910,44,2,0.00018449794,0,43-49
105853914,44,2,0.00067036744,0,43-49
105853923,44,2,0.00015435279,0,43-49
105853924,44,2,7.964005e-05,0,43-49
105853927,44,2,0.0006774266,0,43-49
105853980,44,2,0.00014039924,0,43-49
105854897,44,2,0.016635302,0,43-49
105854903,44,2,0.0018344992,0,43-49
105854904,44,2,0.0066778697,0,43-49
105856912,44,2,0.015447097,0,43-49
105856925,44,2,0.0002883831,0,43-49
105856930,44,2,0.00010401893,0,43-49
105856938,44,2,0.016979769,0,43-49
105856967,44,2,0.8765521,1,43-49
105857305,44,2,0.02086484,0,43-49
105857310,44,2,0.053612884,0,43-49
105857335,44,2,0.0011436086,0,43-49
105857346,44,2,0.007748051,0,43-49
105857348,44,2,0.012004398,0,43-49
105857355,44,2,0.0010311253,0,43-49
105857357,44,2,0.009543426,0,43-49
105857363,44,2,0.0051507144,0,43-49
105857365,44,2,0.014624153,0,43-49
105857371,44,2,0.07177422,0,43-49
105857379,44,2,0.00074481464,0,43-49
105857383,44,2,0.0033353074,0,43-49
105857393,44,2,0.0060321614,0,43-49
105857415,44,2,0.009998017,0,43-49
105857417,44,2,0.004184622,0,43-49
105857434,44,2,0.0002669239,0,43-49
105857507,44,2,0.003775315,0,43-49
105857510,44,2,0.009943941,0,43-49
105857511,44,2,0.012993146,0,43-49
105857516,44,2,0.011443869,0,43-49
105857523,44,2,0.013272963,0,43-49
105857525,44,2,0.005119181,0,43-49
105857555,44,2,0.0675807,0,43-49
105857972,44,2,0.2971227,0,43-49
105857976,44,2,0.023784973,0,43-49
105857977,44,2,0.017313784,0,43-49
105857979,44,2,0.057494413,0,43-49
105857982,44,2,0.02362624,0,43-49
105857989,44,2,0.0028315063,0,43-49
105858001,44,2,0.018504255,0,43-49
105858005,44,2,0.020129174,0,43-49
105858007,44,2,0.0069684167,0,43-49
105858022,44,2,0.011997127,0,43-49
105858024,44,2,0.0036903382,0,43-49
105858026,44,2,0.011963838,0,43-49
105858029,44,2,0.0017211082,0,43-49
105858037,44,2,0.012832662,0,43-49
105858040,44,2,0.0026338776,0,43-49
105858047,44,2,0.017678093,0,43-49
105858057,44,2,0.027265087,0,43-49
105858069,44,2,0.006368762,0,43-49
105858077,44,2,0.011113379,0,43-49
105858110,44,2,5.461557e-05,0,43-49
105858118,44,2,0.006018077,0,43-49
105858126,44,2,0.0049806507,0,43-49
105858174,44,2,0.016062884,0,43-49
105858181,44,2,0.0075636096,0,43-49
105858510,44,2,0.00043345563,0,43-49
105858515,44,2,0.04624647,0,43-49
105858525,44,2,0.023777416,0,43-49
105858531,44,2,0.013342104,0,43-49
105858545,44,2,0.049732443,0,43-49
105858748,44,2,0.104976125,0,43-49
105858763,44,2,0.107100956,0,43-49
105858770,44,2,0.02252044,0,43-49
105858772,44,2,0.0060199853,0,43-49
105858774,44,2,0.027087122,0,43-49
105858961,44,2,0.06610732,0,43-49
105858968,44,2,0.023069708,0,43-49
105858970,44,2,0.00023327617,0,43-49
105858988,44,2,0.0056103054,0,43-49
105858997,44,2,0.0021567303,0,43-49
105859007,44,2,0.069833554,0,43-49
105859012,44,2,0.00076089066,0,43-49
105859017,44,2,0.06679511,0,43-49
105859019,44,2,0.04225299,0,43-49
105859023,44,2,0.017283533,0,43-49
105859028,44,2,0.0050211214,0,43-49
105859030,44,2,0.46375418,0,43-49
105859033,44,2,0.015190583,0,43-49
105859039,44,2,0.00011290779,0,43-49
105859114,44,2,0.00013293744,0,43-49
105859122,44,2,0.0003839369,0,43-49
105859128,44,2,0.00046402615,0,43-49
105859497,44,2,0.0001179544,0,43-49
105859504,44,2,0.00036665754,0,43-49
105859508,44,2,0.0002011681,0,43-49
105859509,44,2,0.0002243862,0,43-49
105859510,44,2,0.00026533095,0,43-49
105859516,44,2,0.00011850028,0,43-49
105859521,44,2,0.0001816308,0,43-49
105859662,44,2,0.00015425729,0,43-49
105859665,44,2,0.00016719266,0,43-49
105859670,44,2,0.00016387811,0,43-49
105859675,44,2,0.0009799382,0,43-49
105859984,44,2,0.00022049679,0,43-49
105859990,44,2,0.00027876327,0,43-49
105860663,44,2,0.00013589839,0,43-49
105863950,44,2,0.00014557342,0,43-49
105863955,44,2,0.02251939,0,43-49
105869870,44,2,0.0025431907,0,43-49
105869875,44,2,0.0138506675,0,43-49
105870722,44,2,0.00029400704,0,43-49
105872529,44,2,0.00013907399,0,43-49
105872536,44,2,0.00010284495,0,43-49
105872541,44,2,0.00018546733,0,43-49
105876162,44,2,0.92617965,1,43-49
105880084,44,2,0.0005155123,0,43-49
105881008,44,2,4.3206284e-05,0,43-49
105881066,44,2,0.0008823612,0,43-49
105883533,44,2,0.00013153128,0,43-49
105889570,44,2,7.223189e-05,0,43-49
105970310,44,2,0.00013699559,0,43-49
105971540,44,2,2.7765733e-05,0,43-49
105972046,44,2,0.00059240387,0,43-49
105974179,44,2,6.845211e-05,0,43-49
105974934,44,2,0.011668392,0,43-49
105974940,44,2,0.094590575,0,43-49
105974981,44,2,0.003626741,0,43-49
105974983,44,2,0.00752259,0,43-49
105975005,44,2,0.46159178,0,43-49
105975011,44,2,0.5115303,0,43-49
105975022,44,2,0.26814142,0,43-49
105975030,44,2,0.0075355857,0,43-49
105975036,44,2,0.5124616,0,43-49
105975043,44,2,0.29674882,0,43-49
105975051,44,2,0.0001239421,0,43-49
105975729,44,2,0.0007870995,0,43-49
105975757,44,2,0.016111912,0,43-49
105975772,44,2,0.00023807025,0,43-49
105975780,44,2,0.0013973282,0,43-49
105975793,44,2,0.005078996,0,43-49
105975798,44,2,0.011145984,0,43-49
105975809,44,2,0.00010487737,0,43-49
105975819,44,2,0.005696409,0,43-49
105975823,44,2,0.010532962,0,43-49
105975837,44,2,0.054532785,0,43-49
105976245,44,2,0.0040880754,0,43-49
105976249,44,2,0.0130500775,0,43-49
105976265,44,2,0.0013889861,0,43-49
105976278,44,2,0.015114885,0,43-49
105976285,44,2,0.00018746789,0,43-49
105976288,44,2,0.0025524914,0,43-49
105976291,44,2,0.011219232,0,43-49
105976320,44,2,0.004245236,0,43-49
105976663,44,2,0.0051527694,0,43-49
105976679,44,2,0.0020995191,0,43-49
105976681,44,2,0.021286558,0,43-49
105976690,44,2,0.013587671,0,43-49
105976714,44,2,0.00462596,0,43-49
105976727,44,2,0.0065893843,0,43-49
105976742,44,2,0.011981549,0,43-49
105976778,44,2,0.0161251,0,43-49
105976796,44,2,0.00411097,0,43-49
105977106,44,2,0.0019255907,0,43-49
105977332,44,2,0.004710777,0,43-49
105977359,44,2,0.0020540368,0,43-49
105977405,44,2,0.0063084676,0,43-49
105978049,44,2,0.00479641,0,43-49
105978908,44,2,0.005533572,0,43-49
105978919,44,2,0.001060066,0,43-49
105978945,44,2,0.0061069904,0,43-49
105978993,44,2,0.016557742,0,43-49
105979018,44,2,0.11199577,0,43-49
105979024,44,2,0.032589737,0,43-49
105979059,44,2,0.006713561,0,43-49
105979074,44,2,0.0008015526,0,43-49
105979273,44,2,0.0012242811,0,43-49
105979312,44,2,0.00042909084,0,43-49
105979446,44,2,0.0042267884,0,43-49
105979462,44,2,0.008557724,0,43-49
105979502,44,2,0.0028249691,0,43-49
105979509,44,2,0.0054861074,0,43-49
105979512,44,2,0.009136587,0,43-49
105979515,44,2,0.0034191455,0,43-49
105979518,44,2,0.005026253,0,43-49
105979533,44,2,0.0077427262,0,43-49
105979565,44,2,0.00024992714,0,43-49
105979574,44,2,0.0028740347,0,43-49
105980044,44,2,0.0070096543,0,43-49
105980184,44,2,0.007865182,0,43-49
105980207,44,2,0.044449937,0,43-49
105980399,44,2,0.040204696,0,43-49
105980689,44,2,0.00035359734,0,43-49
105980724,44,2,0.0004360109,0,43-49
105980769,44,2,0.019270457,0,43-49
105981223,44,2,0.01938986,0,43-49
105983580,44,1,0.0050351936,0,43-49
105984764,44,1,0.0013848876,0,43-49
105984775,44,1,0.0034790242,0,43-49
105984953,44,2,0.0021329953,0,43-49
105984960,44,2,0.05459401,0,43-49
105985052,44,1,0.13072954,0,43-49
105985420,44,1,0.27854145,0,43-49
105985877,44,2,0.011570702,0,43-49
105986274,44,2,0.003073844,0,43-49
105987885,44,2,6.327612e-05,0,43-49
105988422,44,2,7.384815e-05,0,43-49
105991496,44,1,0.5109671,0,43-49
105991979,44,2,0.004257216,0,43-49
105992553,44,1,0.0039721527,0,43-49
105993456,44,2,0.00011930801,0,43-49
105994274,44,2,8.977877e-05,0,43-49
105995251,44,2,0.00015117883,0,43-49
105995296,44,2,3.5840374e-05,0,43-49
105995342,44,2,8.367881e-05,0,43-49
105995393,44,2,0.00037609917,0,43-49
105996180,44,2,9.799647e-05,0,43-49
105997028,44,2,9.055431e-05,0,43-49
105997712,44,2,0.14287513,0,43-49
106000000,44,2,0.079004414,0,43-49
106000120,44,2,0.0051946165,0,43-49
106001186,44,1,0.9555539,1,43-49
106001737,44,2,6.685033e-05,0,43-49
106001826,44,2,0.0015440808,0,43-49
106002141,44,2,0.00037049694,0,43-49
106003332,44,2,0.043874923,0,43-49
106003336,44,2,0.027871426,0,43-49
106003747,44,2,0.013195393,0,43-49
106009210,44,2,0.00027789368,0,43-49
106009303,44,1,0.004731422,0,43-49
106012025,44,2,0.0008570101,0,43-49
106017092,44,2,0.0016515339,0,43-49
106019639,44,2,0.000119079436,0,43-49
106019788,44,2,0.08857932,0,43-49
106019798,44,2,3.2291497e-05,0,43-49
106020755,44,2,4.3809297e-05,0,43-49
106020764,44,2,8.2875085e-05,0,43-49
106020955,44,2,4.0138188e-05,0,43-49
106021879,44,2,5.2701605e-05,0,43-49
106021888,44,2,7.803264e-05,0,43-49
106022453,44,2,6.0638857e-05,0,43-49
106043150,44,2,0.00091749703,0,43-49
106043152,44,2,0.0009573983,0,43-49
106292661,44,2,0.10356654,0,43-49
106293478,44,2,0.04542083,0,43-49
106293481,44,2,0.67293227,0,43-49
106293487,44,2,0.11147052,0,43-49
106293493,44,2,0.0010220523,0,43-49
106294004,44,2,0.0071651833,0,43-49
106294472,44,2,0.074814774,0,43-49
106295448,44,2,0.2700677,0,43-49
106295450,44,2,0.013780898,0,43-49
106297576,44,2,0.00017362028,0,43-49
106298195,44,2,0.005737078,0,43-49
106299311,44,2,3.9482064e-05,0,43-49
106300092,44,2,0.27141485,0,43-49
106300458,44,2,4.2983705e-05,0,43-49
106301191,44,2,0.000108839085,0,43-49
106301199,44,2,5.9597314e-05,0,43-49
106302011,44,2,0.00023478433,0,43-49
106302016,44,2,0.00013303317,0,43-49
106302508,44,2,0.00013909495,0,43-49
106302519,44,2,0.00011409942,0,43-49
106302521,44,2,9.6085096e-05,0,43-49
106303457,44,2,0.00025784117,0,43-49
106303787,44,2,0.00080581673,0,43-49
106304168,44,2,0.43925035,0,43-49
106304171,44,2,0.12463593,0,43-49
106304526,44,2,0.16223705,0,43-49
106304530,44,2,0.015695853,0,43-49
106304533,44,2,0.075443015,0,43-49
106304961,44,2,0.0036964335,0,43-49
106305307,44,2,0.006821396,0,43-49
106305311,44,2,0.17882599,0,43-49
106305313,44,2,0.0035258736,0,43-49
106305473,44,2,0.08339396,0,43-49
106305476,44,2,0.003097112,0,43-49
106305484,44,2,0.016516322,0,43-49
106305949,44,2,0.0024488112,0,43-49
106306179,44,2,0.07484973,0,43-49
106306403,44,2,0.17654663,0,43-49
106306407,44,2,0.051865477,0,43-49
106306410,44,2,0.04083025,0,43-49
106306420,44,2,0.51836216,0,43-49
106306421,44,2,0.019499682,0,43-49
106306441,44,2,0.1120073,0,43-49
106306459,44,2,0.005328509,0,43-49
106306769,44,2,0.018693095,0,43-49
106306778,44,2,0.072429515,0,43-49
106307051,44,2,0.008417617,0,43-49
106307084,44,2,0.419958,0,43-49
106307095,44,2,0.14741524,0,43-49
106307173,44,2,0.51496935,0,43-49
106307211,44,2,0.07631258,0,43-49
106307213,44,2,0.14702529,0,43-49
106307477,44,2,0.0005751322,0,43-49
106307481,44,2,0.5272727,0,43-49
106307652,44,2,0.50152797,0,43-49
106308231,44,2,0.28855547,0,43-49
106308615,44,2,0.065126285,0,43-49
106309219,44,2,0.058147103,0,43-49
106309227,44,2,0.29339176,0,43-49
106309530,44,2,0.0389724,0,43-49
106309532,44,2,0.18053085,0,43-49
106309535,44,2,0.004311979,0,43-49
106309678,44,2,0.002941074,0,43-49
106309997,44,2,0.0019852398,0,43-49
106310004,44,2,0.6122719,0,43-49
106310007,44,2,0.0018592258,0,43-49
106310561,44,2,0.13662784,0,43-49
106310566,44,2,0.0359086,0,43-49
106310568,44,2,0.028213905,0,43-49
106310572,44,2,0.05251414,0,43-49
106310573,44,2,0.15327552,0,43-49
106310574,44,2,0.10400023,0,43-49
106310652,44,2,0.0058334083,0,43-49
106310669,44,2,0.053427935,0,43-49
106310679,44,2,0.039778873,0,43-49
106310687,44,2,0.17580405,0,43-49
106310699,44,2,0.03640673,0,43-49
106311163,44,2,0.0031657037,0,43-49
106311172,44,2,0.6189392,0,43-49
106311181,44,2,0.11529541,0,43-49
106311426,44,2,0.05117972,0,43-49
106311436,44,2,3.1690473e-05,0,43-49
106311440,44,2,0.031080684,0,43-49
106311921,44,2,0.41689494,0,43-49
106311926,44,2,0.14912836,0,43-49
106311927,44,2,0.11619558,0,43-49
106311933,44,2,0.055470824,0,43-49
106311942,44,2,0.016185384,0,43-49
106311948,44,2,0.2804581,0,43-49
106311950,44,2,0.09610985,0,43-49
106311953,44,2,0.03674578,0,43-49
106311963,44,2,0.049223956,0,43-49
106311964,44,2,0.022939673,0,43-49
106311965,44,2,0.10291102,0,43-49
106311970,44,2,0.00010893981,0,43-49
106311971,44,2,0.49444753,0,43-49
106311975,44,2,0.55869025,0,43-49
106312186,44,2,0.072568156,0,43-49
106312433,44,2,0.08775429,0,43-49
106312648,44,2,0.044713974,0,43-49
106312649,44,2,0.5034906,0,43-49
106312654,44,2,0.21405047,0,43-49
106312809,44,2,0.2056571,0,43-49
106313047,44,2,0.16714634,0,43-49
106313283,44,2,0.028997919,0,43-49
106313302,44,2,0.016420644,0,43-49
106313316,44,2,0.13797244,0,43-49
106313324,44,2,0.2627758,0,43-49
106313325,44,2,0.023650127,0,43-49
106313327,44,2,0.015981993,0,43-49
106313330,44,2,0.028493473,0,43-49
106313491,44,2,0.005955107,0,43-49
106314062,44,2,0.034483995,0,43-49
106314065,44,2,0.32475787,0,43-49
106314066,44,2,0.12342449,0,43-49
106314067,44,2,0.102538876,0,43-49
106314068,44,2,0.17943238,0,43-49
106314179,44,2,0.06934328,0,43-49
106314180,44,2,0.037334014,0,43-49
106314181,44,2,0.5048408,0,43-49
106314182,44,2,0.043224785,0,43-49
106314186,44,2,0.003962748,0,43-49
106314364,44,2,0.01661085,0,43-49
106314544,44,2,0.0030365272,0,43-49
106314555,44,2,0.0031664758,0,43-49
106314557,44,2,0.004225474,0,43-49
106314563,44,2,0.030467905,0,43-49
106314567,44,2,0.052742366,0,43-49
106314572,44,2,0.039880794,0,43-49
106314576,44,2,0.2041887,0,43-49
106314762,44,2,0.0037488756,0,43-49
106314771,44,2,0.00610827,0,43-49
106314781,44,2,0.025644548,0,43-49
106314993,44,2,0.20804283,0,43-49
106315203,44,2,0.15703954,0,43-49
106315204,44,2,0.024124973,0,43-49
106315209,44,2,0.15365921,0,43-49
106315211,44,2,0.06610348,0,43-49
106315214,44,2,0.025400782,0,43-49
106315226,44,2,0.004847613,0,43-49
106315240,44,2,0.021920681,0,43-49
106315705,44,2,0.024616025,0,43-49
106315862,44,2,0.03353528,0,43-49
106316732,44,2,0.037426934,0,43-49
106317037,44,2,0.2900202,0,43-49
106317210,44,2,0.24174552,0,43-49
106317215,44,2,0.015551627,0,43-49
106317574,44,2,0.030360242,0,43-49
106317580,44,2,0.38897714,0,43-49
106317581,44,2,0.040562492,0,43-49
106317601,44,2,0.07276107,0,43-49
106317602,44,2,0.016829647,0,43-49
106317727,44,2,0.04966641,0,43-49
106318007,44,2,0.046907082,0,43-49
106318154,44,2,0.007912433,0,43-49
106318883,44,2,0.20086959,0,43-49
106318945,44,2,0.060785584,0,43-49
106318951,44,2,0.16086946,0,43-49
106318955,44,2,0.52205217,0,43-49
106318958,44,2,0.001325536,0,43-49
106318963,44,2,0.009876101,0,43-49
106319718,44,2,0.24957567,0,43-49
106319719,44,2,0.22218834,0,43-49
106319720,44,2,0.59196585,0,43-49
106319726,44,2,0.09270334,0,43-49
106319728,44,2,0.14681092,0,43-49
106319731,44,2,0.013151741,0,43-49
106319919,44,2,6.57742e-05,0,43-49
106320422,44,2,0.0001242993,0,43-49
106320643,44,2,0.000115181225,0,43-49
106321019,44,2,0.00011977628,0,43-49
106321169,44,2,0.34169877,0,43-49
106321173,44,2,0.008872843,0,43-49
106322161,44,2,0.0010210561,0,43-49
106323309,44,2,0.0007220102,0,43-49
106323319,44,2,0.0006864998,0,43-49
106323743,44,2,0.00090052694,0,43-49
106323756,44,2,0.016858669,0,43-49
106325400,44,2,0.68502533,1,43-49
106325406,44,2,0.20216073,0,43-49
106325771,44,2,0.0053363494,0,43-49
106326100,44,2,0.19968815,0,43-49
106328862,44,2,0.0016056143,0,43-49
106330472,44,2,0.006155459,0,43-49
106330476,44,2,0.0011887748,0,43-49
106330478,44,2,0.0001913833,0,43-49
106330481,44,2,0.018406924,0,43-49
106330487,44,2,0.021409595,0,43-49
106330496,44,2,0.0047989665,0,43-49
106335701,44,2,0.00023969577,0,43-49
106339363,44,2,0.006659767,0,43-49
106339460,44,2,0.002453532,0,43-49
106339810,44,2,0.0003243811,0,43-49
106339814,44,2,0.00076362403,0,43-49
106342427,44,1,0.17048053,0,43-49
106342670,44,2,0.0144967325,0,43-49
106343043,44,2,0.005127612,0,43-49
106343046,44,2,0.00021882736,0,43-49
106344760,44,2,0.00022808222,0,43-49
106345267,44,2,0.00028979316,0,43-49
106345268,44,2,0.00016671237,0,43-49
106345274,44,2,0.0003411719,0,43-49
106347785,44,2,0.000178424,0,43-49
106350685,44,2,4.2681564e-05,0,43-49
106352563,44,2,0.00014825152,0,43-49
106353589,44,2,0.0014843061,0,43-49
106353923,44,2,0.0012257175,0,43-49
106358134,44,2,0.0183378,0,43-49
106358137,44,2,0.21692972,0,43-49
106359119,44,2,0.024249744,0,43-49
106359123,44,2,0.19628651,0,43-49
106360449,44,2,0.0007325016,0,43-49
106360467,44,2,6.7997666e-05,0,43-49
106360479,44,2,0.000270515,0,43-49
106360921,44,2,0.00010269227,0,43-49
106363051,44,2,1.402749e-05,0,43-49
106364654,44,2,0.010197752,0,43-49
106364657,44,2,0.000548092,0,43-49
106364665,44,2,0.019589033,0,43-49
106364886,44,2,0.0029757216,0,43-49
106364914,44,2,0.99400616,1,43-49
106364923,44,2,0.99739134,1,43-49
106366227,44,2,0.00068324315,0,43-49
106366575,44,2,0.021791348,0,43-49
106366578,44,2,6.5758955e-05,0,43-49
106366586,44,2,7.2246345e-05,0,43-49
106366590,44,2,0.00028456433,0,43-49
106366595,44,2,0.0027049799,0,43-49
106368295,44,2,0.000110249035,0,43-49
106368711,44,2,0.00033452277,0,43-49
106370308,44,2,0.00010421224,0,43-49
106372021,44,2,0.00030835453,0,43-49
106375667,44,2,8.9500616e-05,0,43-49
106376436,44,2,7.999054e-05,0,43-49
106376443,44,2,0.000846604,0,43-49
106376532,44,2,0.021144336,0,43-49
106376535,44,2,0.0016765224,0,43-49
106379869,44,2,0.00012216876,0,43-49
106379873,44,2,0.00017588606,0,43-49
106380383,44,2,0.0007664225,0,43-49
106380387,44,2,0.008989829,0,43-49
106380398,44,2,0.0005584935,0,43-49
106380409,44,2,0.071365565,0,43-49
106380411,44,2,0.018624524,0,43-49
106380422,44,2,0.0009273757,0,43-49
106380424,44,2,0.16267544,0,43-49
106381045,44,2,0.0042727664,0,43-49
106381047,44,2,0.041858003,0,43-49
106386378,44,2,0.0022894528,0,43-49
106386385,44,2,0.00068234577,0,43-49
106386386,44,2,0.0012143163,0,43-49
106387795,44,2,9.3698975e-05,0,43-49
106388151,44,2,0.003959635,0,43-49
106388155,44,2,0.020773381,0,43-49
106388477,44,2,9.4474235e-05,0,43-49
106388485,44,2,0.0025396056,0,43-49
106388488,44,2,0.011838023,0,43-49
106388531,44,2,0.04271707,0,43-49
106388533,44,2,0.0024504764,0,43-49
106388538,44,2,0.006984385,0,43-49
106388541,44,2,0.09047606,0,43-49
106388579,44,2,0.0012792636,0,43-49
106388793,44,2,0.00016806072,0,43-49
106388886,44,2,0.40499282,0,43-49
106388887,44,2,0.01642904,0,43-49
106388897,44,2,0.008273816,0,43-49
106388899,44,2,0.028587898,0,43-49
106389304,44,2,0.04862773,0,43-49
106389311,44,2,0.009419741,0,43-49
106390056,44,2,0.00039358082,0,43-49
106390064,44,2,0.0058736857,0,43-49
106390068,44,2,0.021622322,0,43-49
106390184,44,2,0.65570897,0,43-49
106390194,44,2,0.38910082,0,43-49
106390578,44,2,8.993334e-05,0,43-49
106390783,44,2,0.0006429986,0,43-49
106390786,44,2,0.041851796,0,43-49
106390804,44,2,0.15054196,0,43-49
106390808,44,2,0.0055915606,0,43-49
106391268,44,2,0.00050211407,0,43-49
106391278,44,2,0.7947415,1,43-49
106391289,44,2,0.0069731367,0,43-49
106391932,44,2,0.028973276,0,43-49
106391950,44,2,0.017141944,0,43-49
106391956,44,2,0.0008114332,0,43-49
106391960,44,2,0.009783137,0,43-49
106391967,44,2,0.008370853,0,43-49
106392554,44,2,0.008104292,0,43-49
106393044,44,2,0.0090039605,0,43-49
106393045,44,2,0.15836866,0,43-49
106393052,44,2,0.14961152,0,43-49
106393280,44,2,0.013375993,0,43-49
106393296,44,2,0.01621579,0,43-49
106393301,44,2,0.018412948,0,43-49
106393325,44,2,0.00014071674,0,43-49
106393330,44,2,0.014329599,0,43-49
106393334,44,2,0.050687615,0,43-49
106393474,44,2,0.026298827,0,43-49
106393478,44,2,0.009424178,0,43-49
106393479,44,2,0.5643829,0,43-49
106393714,44,2,0.00985442,0,43-49
106393924,44,2,0.017284196,0,43-49
106393926,44,2,0.01582892,0,43-49
106396805,44,2,0.017401166,0,43-49
106397435,44,2,0.018369742,0,43-49
106397441,44,2,9.390623e-05,0,43-49
106398163,44,2,0.0003227542,0,43-49
106400431,44,2,0.00022719367,0,43-49
106400435,44,2,0.0038481788,0,43-49
106400561,44,2,0.00021830907,0,43-49
106401457,44,2,0.00010204887,0,43-49
106401474,44,2,0.06240757,0,43-49
106401837,44,2,0.0021761057,0,43-49
106402217,44,2,0.00014051335,0,43-49
106402446,44,2,0.0017071383,0,43-49
106402454,44,2,0.33199272,0,43-49
106402458,44,2,0.00013643775,0,43-49
106402463,44,2,0.0006944034,0,43-49
106402470,44,2,0.0038225658,0,43-49
106402482,44,2,0.00015116326,0,43-49
106403370,44,2,8.4020794e-05,0,43-49
106403375,44,2,0.0001283027,0,43-49
106403381,44,2,0.00023416395,0,43-49
106406022,44,2,0.009388793,0,43-49
106406046,44,2,6.796273e-05,0,43-49
106406854,44,2,0.014526484,0,43-49
106411213,44,2,0.00012216876,0,43-49
106411215,44,2,0.00014252179,0,43-49
106411216,44,2,0.00011837852,0,43-49
106411222,44,2,0.00012253289,0,43-49
106411254,44,2,0.000116982126,0,43-49
106413261,44,2,0.008088591,0,43-49
106413265,44,2,0.007703932,0,43-49
106413267,44,2,0.0028865107,0,43-49
106413466,44,2,0.005993474,0,43-49
106413470,44,2,0.00086480303,0,43-49
106413598,44,2,0.0025714636,0,43-49
106413601,44,2,0.018992415,0,43-49
106413758,44,2,0.025053738,0,43-49
106413774,44,2,0.0011296447,0,43-49
106413922,44,2,0.009696559,0,43-49
106414086,44,2,0.009116717,0,43-49
106414113,44,2,0.025334738,0,43-49
106414116,44,2,0.06491337,0,43-49
106414122,44,2,0.00050671154,0,43-49
106414126,44,2,0.0005876749,0,43-49
106414143,44,2,0.013089423,0,43-49
106414252,44,2,0.014618389,0,43-49
106414664,44,2,0.031020895,0,43-49
106414666,44,2,0.040554624,0,43-49
106414667,44,2,0.00029499648,0,43-49
106414670,44,2,0.00014530716,0,43-49
106414899,44,2,0.023776975,0,43-49
106414917,44,2,0.00019025653,0,43-49
106415246,44,2,0.008076976,0,43-49
106415248,44,2,0.018724699,0,43-49
106415653,44,2,0.013632095,0,43-49
106415654,44,2,0.012996522,0,43-49
106415655,44,2,0.00017584229,0,43-49
106415656,44,2,0.017890934,0,43-49
106415657,44,2,0.013733392,0,43-49
106415661,44,2,0.02243198,0,43-49
106415662,44,2,0.006255139,0,43-49
106415665,44,2,0.007655812,0,43-49
106415760,44,2,0.39192235,0,43-49
106415987,44,2,0.010746456,0,43-49
106416051,44,2,0.08396593,0,43-49
106416065,44,2,0.013998649,0,43-49
106416066,44,2,0.0044150027,0,43-49
106416290,44,2,0.022361122,0,43-49
106416442,44,2,0.0013437388,0,43-49
106416449,44,2,0.00907646,0,43-49
106416690,44,2,0.0016244288,0,43-49
106416831,44,2,0.021668399,0,43-49
106416833,44,2,0.0006217258,0,43-49
106417087,44,2,4.457778e-05,0,43-49
106417106,44,2,0.017400162,0,43-49
106417109,44,2,0.019277452,0,43-49
106417238,44,2,0.024904124,0,43-49
106417251,44,2,0.014695912,0,43-49
106417541,44,2,0.00033112202,0,43-49
106417542,44,2,0.2329453,0,43-49
106417543,44,2,0.0026990038,0,43-49
106417545,44,2,0.011614428,0,43-49
106417596,44,2,0.0065372577,0,43-49
106417612,44,2,0.0020595433,0,43-49
106417618,44,2,0.017086502,0,43-49
106417628,44,2,0.012083201,0,43-49
106418366,44,2,0.0005133709,0,43-49
106418668,44,2,0.00084300287,0,43-49
106418672,44,2,0.00065237994,0,43-49
106426575,44,2,4.17296e-05,0,43-49
106427696,44,2,0.0003906186,0,43-49
106436626,44,2,0.00019035814,0,43-49
106438780,44,2,0.00035083637,0,43-49
106445703,44,2,5.0943727e-05,0,43-49
106446312,44,2,0.00032172352,0,43-49
106446315,44,2,2.8166627e-05,0,43-49
106446349,44,2,4.7608228e-05,0,43-49
106446357,44,2,8.435935e-05,0,43-49
106451980,44,2,0.3196551,0,43-49
106456521,44,2,4.4559674e-05,0,43-49
106490549,44,2,0.0026589797,0,43-49
106500745,44,2,0.0014346574,0,43-49
106506098,44,2,0.00034687424,0,43-49
106703678,44,2,0.016389083,0,43-49
106708266,44,2,0.0011641181,0,43-49
106708277,44,2,0.0007829395,0,43-49
106708597,44,2,0.013397878,0,43-49
106709271,44,2,0.0052407878,0,43-49
106709573,44,2,0.0011220676,0,43-49
106709992,44,2,0.11028651,0,43-49
106710020,44,2,0.00043192413,0,43-49
106712340,44,2,0.006064583,0,43-49
106712364,44,2,0.0015202761,0,43-49
106712617,44,2,0.004944515,0,43-49
106713427,44,2,4.138624e-05,0,43-49
106713531,44,2,2.5914813e-05,0,43-49
106713535,44,2,3.6328427e-05,0,43-49
106713551,44,2,0.00094517675,0,43-49
106713554,44,2,0.00058385415,0,43-49
106713558,44,2,0.15562516,0,43-49
106713561,44,2,0.000818132,0,43-49
106713565,44,2,0.014349718,0,43-49
106713598,44,2,6.9007176e-05,0,43-49
106713640,44,2,0.11177082,0,43-49
106713643,44,2,0.006046849,0,43-49
106713844,44,2,0.006808931,0,43-49
106714924,44,2,0.0002526695,0,43-49
106717907,44,2,0.24868363,0,43-49
106718344,44,2,0.011307973,0,43-49
106718595,44,2,0.07620958,0,43-49
106718650,44,2,0.06298298,0,43-49
106720346,44,2,0.022790123,0,43-49
106720358,44,2,0.2108419,0,43-49
106720807,44,2,0.04342944,0,43-49
106721585,44,2,0.06550874,0,43-49
106722371,44,2,0.14441474,0,43-49
106722384,44,2,0.0384666,0,43-49
106722389,44,2,0.010118465,0,43-49
106722397,44,2,0.1220074,0,43-49
106722979,44,2,0.12783372,0,43-49
106723407,44,2,0.2204895,0,43-49
106723410,44,2,0.051789675,0,43-49
106723412,44,2,0.07691793,0,43-49
106723890,44,2,0.0040172623,0,43-49
106724411,44,2,0.02686223,0,43-49
106724417,44,2,0.027057713,0,43-49
106724860,44,2,0.11641428,0,43-49
106728267,44,2,0.107698396,0,43-49
106728691,44,2,0.073400356,0,43-49
106729589,44,2,0.04932861,0,43-49
106731467,44,2,0.00018405638,0,43-49
106732211,44,2,0.0001208856,0,43-49
106732910,44,2,9.84267e-05,0,43-49
106734429,44,2,0.0005779094,0,43-49
106734819,44,2,0.0039516105,0,43-49
106735343,44,2,0.00024521933,0,43-49
106735346,44,2,0.00020317381,0,43-49
106737698,44,2,0.00029698058,0,43-49
106738265,44,2,0.00047344435,0,43-49
106742137,44,2,0.035956718,0,43-49
106742188,44,2,0.00026585514,0,43-49
106742192,44,2,0.015967758,0,43-49
106747707,44,2,0.0028238653,0,43-49
106747709,44,2,0.029077912,0,43-49
106748672,44,2,0.00023532669,0,43-49
106756614,44,2,0.00017650868,0,43-49
106757918,44,2,4.584227e-05,0,43-49
106759912,44,2,0.0009405141,0,43-49
106760314,44,2,0.004558597,0,43-49
106761396,44,2,0.012096545,0,43-49
106761612,44,2,0.0001076533,0,43-49
106761614,44,2,0.10309766,0,43-49
106761616,44,2,9.9200675e-05,0,43-49
106763379,44,2,0.00011379476,0,43-49
106764741,44,2,0.00011161785,0,43-49
106764771,44,2,0.00010354875,0,43-49
106766282,44,2,0.0065831225,0,43-49
106766286,44,2,0.02998256,0,43-49
106766292,44,2,0.01631125,0,43-49
106767220,44,2,0.012634499,0,43-49
106770255,44,2,0.00019300694,0,43-49
106770264,44,2,0.00011843531,0,43-49
106775444,44,2,0.00034580266,0,43-49
106779683,44,2,0.0050753085,0,43-49
106779685,44,2,0.0002875874,0,43-49
106785169,44,2,0.0009361744,0,43-49
106789142,44,2,0.00048660891,0,43-49
106789165,44,2,5.4706794e-05,0,43-49
106790558,44,2,0.0002949692,0,43-49
106790814,44,2,4.8588154e-05,0,43-49
106792699,44,2,0.0005789627,0,43-49
106793932,44,2,0.00044448924,0,43-49
106798419,44,2,0.0017175905,0,43-49
106801211,44,2,8.886474e-05,0,43-49
106801876,44,2,0.007925001,0,43-49
106802152,44,2,0.01180043,0,43-49
106802280,44,2,0.03347988,0,43-49
106802601,44,2,0.010321161,0,43-49
106802620,44,2,0.002142082,0,43-49
106803456,44,2,0.0068306895,0,43-49
106803465,44,2,0.0020263582,0,43-49
106803466,44,2,0.044425376,0,43-49
106803469,44,2,0.0032501842,0,43-49
106803479,44,2,0.00022813941,0,43-49
106804491,44,2,0.0066440576,0,43-49
106805385,44,2,0.0034440656,0,43-49
106813377,44,2,0.10085579,0,43-49
106814413,44,2,0.01885899,0,43-49
106814414,44,2,0.0028217016,0,43-49
106814423,44,2,0.00024723195,0,43-49
106814429,44,2,0.0033783184,0,43-49
106814461,44,2,0.0031439508,0,43-49
106814727,44,2,0.10068745,0,43-49
106814876,44,2,0.0038923225,0,43-49
106814883,44,2,0.022689313,0,43-49
106814886,44,2,0.00394124,0,43-49
106814889,44,2,0.064937666,0,43-49
106814893,44,2,0.0022514167,0,43-49
106814903,44,2,0.025558129,0,43-49
106814904,44,2,0.0012054926,0,43-49
106814905,44,2,0.022849008,0,43-49
106814909,44,2,0.006141523,0,43-49
106814911,44,2,0.131242,0,43-49
106814914,44,2,0.0047664177,0,43-49
106815168,44,2,0.00014473964,0,43-49
106815179,44,2,0.052976362,0,43-49
106815186,44,2,0.024548234,0,43-49
106815188,44,2,0.0005943709,0,43-49
106815647,44,2,0.04442974,0,43-49
106815649,44,2,0.0079879835,0,43-49
106815650,44,2,0.00013441617,0,43-49
106815670,44,2,0.09850069,0,43-49
106815678,44,2,0.04640356,0,43-49
106815681,44,2,0.0009468519,0,43-49
106815684,44,2,0.0639673,0,43-49
106815685,44,2,0.0031004117,0,43-49
106815694,44,2,0.3878569,0,43-49
106815698,44,2,0.0058534583,0,43-49
106815720,44,2,0.06400649,0,43-49
106815723,44,2,0.23694731,0,43-49
106815727,44,2,0.0018839085,0,43-49
106816120,44,2,0.0072025964,0,43-49
106816122,44,2,0.003387281,0,43-49
106816389,44,2,0.0011807678,0,43-49
106816403,44,2,0.22359961,0,43-49
106816407,44,2,0.009231542,0,43-49
106816409,44,2,0.09647397,0,43-49
106816412,44,2,0.17420462,0,43-49
106816546,44,2,0.00076092506,0,43-49
106816567,44,2,0.47269073,0,43-49
106816572,44,2,0.00552081,0,43-49
106816574,44,2,0.04886876,0,43-49
106816578,44,2,0.04425204,0,43-49
106816622,44,2,0.054440796,0,43-49
106816626,44,2,0.011180598,0,43-49
106816817,44,2,0.00042941514,0,43-49
106816819,44,2,0.00019039208,0,43-49
106821568,44,2,0.0008638868,0,43-49
106821926,44,2,0.004406361,0,43-49
106821929,44,2,0.013646671,0,43-49
106832865,44,2,9.870331e-05,0,43-49
106832866,44,2,0.0010959348,0,43-49
106832873,44,2,0.00030486373,0,43-49
106832875,44,2,4.7768393e-05,0,43-49
106832877,44,2,0.00010416196,0,43-49
106832879,44,2,0.0024935554,0,43-49
106832882,44,2,0.00048085264,0,43-49
106835394,44,2,0.00020482208,0,43-49
106835395,44,2,0.0027635586,0,43-49
106841518,44,2,0.0042674076,0,43-49
106841885,44,2,0.0004538554,0,43-49
106841892,44,2,0.00021364051,0,43-49
106841897,44,2,0.000152788,0,43-49
106841898,44,2,0.00087098836,0,43-49
106841903,44,2,0.00035769708,0,43-49
106841904,44,2,0.00016858232,0,43-49
106841905,44,2,0.0002735453,0,43-49
106841906,44,2,0.00027507814,0,43-49
106841909,44,2,0.00014334486,0,43-49
106841937,44,2,0.0005234737,0,43-49
106841938,44,2,7.744515e-05,0,43-49
106841947,44,2,0.00020647701,0,43-49
106841954,44,2,0.0002555448,0,43-49
106842395,44,2,0.00014584561,0,43-49
106844593,44,2,0.0010916522,0,43-49
106846941,44,2,0.00021817173,0,43-49
106846949,44,2,0.00013706027,0,43-49
106846950,44,2,0.0003585383,0,43-49
106846953,44,2,0.0023379838,0,43-49
106846959,44,2,0.00011293051,0,43-49
106847281,44,2,0.00030735313,0,43-49
106849230,44,2,0.00013179253,0,43-49
106849236,44,2,0.0002664578,0,43-49
106849239,44,2,0.018801756,0,43-49
106851997,44,2,0.7999205,1,43-49
106854410,44,2,0.0030155557,0,43-49
106854417,44,2,0.003440055,0,43-49
106854901,44,2,0.00025004035,0,43-49
106854916,44,2,9.1514936e-05,0,43-49
106855390,44,2,0.002347937,0,43-49
106855396,44,2,0.004332623,0,43-49
106855417,44,2,0.023926614,0,43-49
106855735,44,2,0.005597503,0,43-49
106855739,44,2,0.0029972715,0,43-49
106855851,44,2,0.00046008985,0,43-49
106856152,44,2,0.013844345,0,43-49
106856158,44,2,0.054187045,0,43-49
106856176,44,2,0.016364848,0,43-49
106856225,44,2,0.0004041506,0,43-49
106856753,44,2,0.022124324,0,43-49
106856770,44,2,0.00026296414,0,43-49
106856776,44,2,0.0048853755,0,43-49
106857117,44,2,0.0038517944,0,43-49
106857647,44,2,0.028876984,0,43-49
106857655,44,2,0.0027777571,0,43-49
106857686,44,2,0.0005420013,0,43-49
107083982,44,1,0.002979528,0,43-49
107083983,44,1,0.055275932,0,43-49
107090648,44,2,9.3655115e-05,0,43-49
107095395,44,2,0.00011313832,0,43-49
107096488,44,2,0.15217282,0,43-49
107099177,44,2,0.0019470119,0,43-49
107152411,44,2,0.000109508794,0,43-49
107152811,44,2,9.575664e-05,0,43-49
107153626,44,2,0.00012183639,0,43-49
107189098,44,1,0.00975534,0,43-49
107203747,44,2,0.00027886403,0,43-49
107203756,44,1,0.030020645,0,43-49
107207779,44,2,0.00010098953,0,43-49
107208682,44,2,0.0022417875,0,43-49
107209112,44,2,3.3379853e-05,0,43-49
107210875,44,2,0.007757846,0,43-49
107215283,44,2,0.00033830243,0,43-49
107215353,44,2,0.0010129899,0,43-49
107241062,44,2,0.00021531516,0,43-49
107624551,44,2,0.0010785162,0,43-49
107667368,44,2,0.00071760325,0,43-49
107730071,44,1,0.0008646885,0,43-49
107984774,44,2,0.012981141,0,43-49
108020351,44,2,0.00029359417,0,43-49
108052314,44,2,0.0005892782,0,43-49
108061129,44,2,8.7449196e-05,0,43-49
108061969,44,2,5.906209e-05,0,43-49
108079275,44,2,0.21645637,0,43-49
108348142,44,2,0.0005035933,0,43-49
108374456,44,2,0.00025933422,0,43-49
108625810,44,2,0.00021612657,0,43-49
108642902,44,2,0.027916765,0,43-49
108668266,44,2,0.020844739,0,43-49
108834888,44,2,0.0001814591,0,43-49
108958300,44,2,0.0056137457,0,43-49
110277049,44,2,4.656925e-05,0,43-49
110613202,44,2,0.00046609459,0,43-49
110615385,44,2,0.037555456,0,43-49
111350697,44,2,0.0005366361,0,43-49
111691229,44,2,0.066068,0,43-49
112066522,44,2,9.992717e-05,0,43-49
112066529,44,2,0.00014501717,0,43-49
112128404,44,2,5.0648723e-05,0,43-49
112155595,44,2,3.1666368e-05,0,43-49
112165914,44,2,0.00023330329,0,43-49
112169131,44,2,0.00014989042,0,43-49
112180376,44,2,0.0001640174,0,43-49
112989226,44,2,0.00021202986,0,43-49
113621810,44,1,0.0017357863,0,43-49
114145013,44,2,9.923077e-05,0,43-49
116404205,44,2,0.00010071717,0,43-49
117528489,44,2,0.00077335397,0,43-49
125586867,44,2,0.0076674605,0,43-49
137195720,44,2,0.00081036804,0,43-49
146765860,44,2,6.840291e-05,0,43-49
152162426,44,2,0.014768164,0,43-49
171946550,44,2,0.0012703309,0,43-49
176542167,44,2,0.00010316457,0,43-49
184258756,44,2,0.00010889867,0,43-49
189431228,44,2,6.7252e-05,0,43-49
192036634,44,2,0.00041724453,0,43-49
194762319,44,2,0.0008161779,0,43-49
195971645,44,2,3.8229147e-05,0,43-49
195994689,44,2,0.03191009,0,43-49
195998740,44,2,0.00021980956,0,43-49
204431163,44,2,0.00023128076,0,43-49
205173027,44,2,0.000255528,0,43-49
205617051,44,2,0.00021343265,0,43-49
206400080,44,2,0.00013106417,0,43-49
212417056,44,2,0.0001472275,0,43-49
216053734,44,2,0.0076670754,0,43-49
223196221,44,2,0.0004432444,0,43-49
226581611,44,2,0.00018318622,0,43-49
227122956,44,2,0.015855782,0,43-49
231335117,44,2,0.00014862094,0,43-49
238457456,44,2,0.00038670027,0,43-49
247943534,44,2,0.00048896705,0,43-49
256730850,44,2,0.0016262007,0,43-49
258878816,44,2,0.0004658867,0,43-49
259974893,44,2,0.00016925913,0,43-49
260380323,44,2,0.0004025376,0,43-49
261272976,44,2,0.015276178,0,43-49
261276912,44,2,9.68727e-05,0,43-49
261279960,44,2,0.113551006,0,43-49
261281884,44,2,0.0014648736,0,43-49
261379273,44,2,9.198626e-05,0,43-49
261381528,44,2,0.0008425291,0,43-49
261387986,44,2,0.014952662,0,43-49
261445904,44,2,0.017755972,0,43-49
261461032,44,2,0.0015180109,0,43-49
261461040,44,2,0.010900363,0,43-49
261461741,44,2,0.027707273,0,43-49
261465111,44,2,0.00017746064,0,43-49
261465230,44,2,0.0061695976,0,43-49
261469380,44,2,0.0007886029,0,43-49
261472203,44,2,0.00023997018,0,43-49
261493471,44,2,0.01716245,0,43-49
261622438,44,2,0.0002833831,0,43-49
261625437,44,2,0.00020886498,0,43-49
261625895,44,2,0.00012914436,0,43-49
261628687,44,2,0.00020601114,0,43-49
261629017,44,2,0.00025071998,0,43-49
261629021,44,2,0.00021049635,0,43-49
261635589,44,2,0.0005948858,0,43-49
4613408,45,2,0.00013922618,0,43-49
5582638,45,2,0.000113950795,0,43-49
6763282,45,2,4.994224e-05,0,43-49
7556199,45,2,5.8677597e-05,0,43-49
8930897,45,2,0.00065717346,0,43-49
9995261,45,2,0.08815416,0,43-49
9995263,45,2,0.00011862418,0,43-49
10001510,45,2,0.038809888,0,43-49
10501149,45,2,5.8552334e-05,0,43-49
11193869,45,2,7.213648e-05,0,43-49
12172125,45,2,4.1270803e-05,0,43-49
12299920,45,2,0.00010105542,0,43-49
12897892,45,2,0.00011432334,0,43-49
14553162,45,2,4.4043416e-05,0,43-49
15345702,45,2,7.075691e-05,0,43-49
15984816,45,2,4.2869327e-05,0,43-49
18432712,45,2,0.0001714417,0,43-49
18740931,45,2,0.0008434609,0,43-49
19670253,45,2,2.7674401e-05,0,43-49
20521889,45,2,7.13357e-05,0,43-49
21236531,45,2,0.21794339,0,43-49
21961961,45,2,0.00019571575,0,43-49
23960543,45,2,3.8974573e-05,0,43-49
24492393,45,2,0.00010441118,0,43-49
24974748,45,2,0.00012898375,0,43-49
25820894,45,2,0.003232489,0,43-49
27384053,45,2,3.541767e-05,0,43-49
28027132,45,2,3.2525702e-05,0,43-49
28769946,45,2,0.003654554,0,43-49
29410189,45,2,0.00011398872,0,43-49
30341039,45,2,0.00013623378,0,43-49
32454472,45,2,0.00013040446,0,43-49
32915977,45,2,7.5157775e-05,0,43-49
32997125,45,2,0.00017531225,0,43-49
33454081,45,2,7.5896874e-05,0,43-49
33596051,45,2,0.00012897514,0,43-49
33678975,45,2,0.000554052,0,43-49
34378032,45,2,0.00010137006,0,43-49
34579078,45,2,0.00019961451,0,43-49
34758937,45,2,0.00018706647,0,43-49
34763699,45,2,0.000118000746,0,43-49
35617620,45,2,6.846314e-05,0,43-49
35712479,45,2,4.431423e-05,0,43-49
35712480,45,2,9.37805e-05,0,43-49
35776348,45,2,2.5334728e-05,0,43-49
35776357,45,2,9.81944e-05,0,43-49
37554474,45,2,7.216813e-05,0,43-49
39877439,45,2,5.7903835e-05,0,43-49
40917947,45,2,0.00011137077,0,43-49
41847079,45,2,0.00033627375,0,43-49
43063865,45,2,0.069986105,0,43-49
44496706,45,2,4.6887326e-05,0,43-49
45656066,45,2,6.0818904e-05,0,43-49
45664854,45,2,5.9808597e-05,0,43-49
45768270,45,2,0.00015898845,0,43-49
47050542,45,2,0.0006047126,0,43-49
48838141,45,2,0.6935286,1,43-49
49107501,45,2,4.0595078e-05,0,43-49
49365699,45,2,0.00012402557,0,43-49
50257327,45,2,0.74489576,1,43-49
50979127,45,2,0.07419489,0,43-49
52631434,45,2,0.00011615979,0,43-49
53063584,45,2,3.1395924e-05,0,43-49
54092562,45,2,5.859422e-05,0,43-49
55650952,45,2,0.00011535939,0,43-49
55650955,45,2,4.5779358e-05,0,43-49
55850467,45,2,0.20449235,0,43-49
56567194,45,2,0.00010892027,0,43-49
58661827,45,2,0.00022487302,0,43-49
59510262,45,2,0.004796697,0,43-49
60687058,45,2,0.03254905,0,43-49
60687059,45,2,0.005835533,0,43-49
62023289,45,2,0.0006121061,0,43-49
62049573,45,2,0.06649737,0,43-49
62388992,45,2,0.006723495,0,43-49
64114945,45,2,6.34473e-05,0,43-49
64852016,45,2,3.093411e-05,0,43-49
66349722,45,2,0.00013587935,0,43-49
67711755,45,2,0.000108298365,0,43-49
68583113,45,2,0.00012129875,0,43-49
69976194,45,2,9.951884e-05,0,43-49
73643913,45,2,4.4665394e-05,0,43-49
76941945,45,2,6.519998e-05,0,43-49
78133064,45,2,6.489634e-05,0,43-49
78835248,45,2,0.00025533585,0,43-49
79102171,45,2,8.0599944e-05,0,43-49
79559309,45,2,0.00014250155,0,43-49
80385909,45,2,4.371123e-05,0,43-49
80908580,45,2,0.00010229176,0,43-49
81789779,45,2,6.0702325e-05,0,43-49
84828471,45,2,0.18068829,0,43-49
89015028,45,2,0.00053535966,0,43-49
90534834,45,2,9.579454e-05,0,43-49
91123970,45,2,0.15358466,0,43-49
91315285,45,2,0.08896142,0,43-49
93185574,45,2,0.00012616285,0,43-49
94407800,45,2,6.090881e-05,0,43-49
94407808,45,2,0.00011874766,0,43-49
94407937,45,2,0.000101645724,0,43-49
94407939,45,2,0.000113873124,0,43-49
94408143,45,2,9.936806e-05,0,43-49
94408148,45,2,7.046347e-05,0,43-49
94408152,45,2,3.7706395e-05,0,43-49
94408153,45,2,4.0884555e-05,0,43-49
94408156,45,2,0.00020977044,0,43-49
94408157,45,2,0.00030086984,0,43-49
94408164,45,2,0.00012614144,0,43-49
94408269,45,2,0.00027955056,0,43-49
94408492,45,2,5.6252622e-05,0,43-49
101028778,45,2,9.547599e-05,0,43-49
101122466,45,2,4.3171938e-05,0,43-49
102771113,45,2,6.30107e-05,0,43-49
106168352,45,2,6.796921e-05,0,43-49
106638561,45,2,0.00022963212,0,43-49
108224316,45,2,0.00052045455,0,43-49
108292235,45,2,6.036722e-05,0,43-49
108353956,45,2,7.562465e-05,0,43-49
111575373,45,2,4.8364735e-05,0,43-49
111837671,45,2,4.6919893e-05,0,43-49
111837672,45,2,5.716884e-05,0,43-49
112875791,45,2,0.00010891446,0,43-49
115642542,45,2,0.0007682439,0,43-49
117341490,45,2,0.0011587241,0,43-49
121078260,45,2,4.642581e-05,0,43-49
121078569,45,2,0.00011486687,0,43-49
121078671,45,2,9.879041e-05,0,43-49
121078673,45,2,0.0001057059,0,43-49
121090421,45,2,0.015544297,0,43-49
121225693,45,2,6.0131937e-05,0,43-49
123264446,45,2,0.000417748,0,43-49
124653602,45,2,0.0044967956,0,43-49
125428309,45,2,0.0005964974,0,43-49
125610459,45,2,0.1920935,0,43-49
125820268,45,2,0.00038457336,0,43-49
125820277,45,2,3.8131388e-05,0,43-49
125820279,45,2,5.5712942e-05,0,43-49
126209282,45,2,5.2957428e-05,0,43-49
126333831,45,2,0.0059868586,0,43-49
126611034,45,2,4.3215434e-05,0,43-49
126622996,45,2,4.668544e-05,0,43-49
126623902,45,2,0.00050870684,0,43-49
126802668,45,2,6.8488545e-05,0,43-49
127012530,45,2,0.0003485893,0,43-49
127585200,45,2,0.00034501086,0,43-49
128246621,45,2,0.00078012806,0,43-49
128924055,45,2,8.658415e-05,0,43-49
129860762,45,2,0.0005151228,0,43-49
131552098,45,2,0.0035741616,0,43-49
131552811,45,2,8.317095e-05,0,43-49
132035006,45,2,6.5750115e-05,0,43-49
133371293,45,2,0.00015978223,0,43-49
133499548,45,2,0.00017415681,0,43-49
134747239,45,2,5.7292124e-05,0,43-49
135011010,45,2,0.000104608494,0,43-49
135011015,45,2,3.276398e-05,0,43-49
135102681,45,2,0.00014436348,0,43-49
135102855,45,2,0.37422466,0,43-49
135973640,45,2,0.00012497793,0,43-49
137055550,45,2,5.2152704e-05,0,43-49
137056982,45,2,0.00026129992,0,43-49
138798125,45,2,0.00031420783,0,43-49
138798141,45,2,0.00030403593,0,43-49
139420869,45,2,0.017910348,0,43-49
140419612,45,2,0.0029290023,0,43-49
141831682,45,2,0.2609318,0,43-49
142553578,45,2,0.18370865,0,43-49
142712353,45,2,0.0007254408,0,43-49
143615853,45,2,0.08469335,0,43-49
145836951,45,2,0.048112754,0,43-49
145836954,45,2,0.08312767,0,43-49
148252407,45,2,0.0007207652,0,43-49
151742640,45,2,6.3804735e-05,0,43-49
152612253,45,2,0.0026703402,0,43-49
155522138,45,2,0.1764402,0,43-49
155522533,45,2,0.078800626,0,43-49
155526443,45,2,0.0003579642,0,43-49
155526483,45,2,5.134552e-05,0,43-49
155526486,45,2,0.15972929,0,43-49
155527878,45,2,0.00313129,0,43-49
155527880,45,2,0.08339135,0,43-49
155528008,45,2,0.00089444814,0,43-49
155529076,45,2,0.005205761,0,43-49
155530287,45,2,0.0007096816,0,43-49
155532990,45,2,0.0032823244,0,43-49
155533543,45,2,0.0001953209,0,43-49
155535023,45,2,0.0016545901,0,43-49
155535099,45,2,0.0003280656,0,43-49
155535104,45,2,0.0074814125,0,43-49
155535108,45,2,0.0018985658,0,43-49
155535430,45,2,0.00060203526,0,43-49
155535840,45,2,0.00031128048,0,43-49
155538164,45,2,0.0018406134,0,43-49
155538999,45,2,0.00023733593,0,43-49
155539978,45,2,0.0039684703,0,43-49
155549608,45,2,0.00036404515,0,43-49
155550930,45,2,0.0012789657,0,43-49
155550933,45,2,0.002793383,0,43-49
155550968,45,2,0.00022144067,0,43-49
155551658,45,2,0.0006008384,0,43-49
155551688,45,2,5.8583555e-05,0,43-49
155559568,45,2,9.470542e-05,0,43-49
155561664,45,2,0.0008541624,0,43-49
155561975,45,2,0.0007255828,0,43-49
155562331,45,2,0.00047918304,0,43-49
155562349,45,2,0.00052298274,0,43-49
155570487,45,2,0.0021426263,0,43-49
155570490,45,2,0.005330117,0,43-49
155570492,45,2,0.02130208,0,43-49
155570503,45,2,0.0017660914,0,43-49
155573361,45,2,0.00010900548,0,43-49
155573381,45,2,0.00015545065,0,43-49
155573753,45,2,0.00015014676,0,43-49
155573986,45,2,0.000115799245,0,43-49
155574391,45,2,0.00018679857,0,43-49
155575982,45,2,0.00012062973,0,43-49
155576355,45,2,9.748124e-05,0,43-49
155578198,45,2,8.98759e-05,0,43-49
155578200,45,2,3.628954e-05,0,43-49
155578201,45,2,8.387486e-05,0,43-49
155578207,45,2,0.00010638635,0,43-49
155578507,45,2,6.247723e-05,0,43-49
155581166,45,2,0.00021382107,0,43-49
155581536,45,2,8.187637e-05,0,43-49
155582549,45,2,6.1807004e-05,0,43-49
155582930,45,2,0.009304763,0,43-49
155582931,45,2,8.08536e-05,0,43-49
155582943,45,2,0.00012042654,0,43-49
155583234,45,2,0.0016025344,0,43-49
155583240,45,2,0.00010518736,0,43-49
155583242,45,2,4.0181312e-05,0,43-49
155583306,45,2,0.0013952911,0,43-49
155583308,45,2,0.012737601,0,43-49
155583314,45,2,0.00037841994,0,43-49
155583326,45,2,0.0023724197,0,43-49
155583327,45,2,0.00032132133,0,43-49
155583328,45,2,4.8880618e-05,0,43-49
155583708,45,2,0.020837426,0,43-49
155583714,45,2,0.0010142946,0,43-49
155583796,45,2,0.00015549542,0,43-49
155583801,45,2,0.00012554265,0,43-49
155585216,45,2,0.0005437852,0,43-49
155586203,45,2,0.00023282686,0,43-49
155586204,45,2,0.0004277409,0,43-49
155586210,45,2,8.0778154e-05,0,43-49
155586218,45,2,0.00017214673,0,43-49
155586224,45,2,4.7779507e-05,0,43-49
155586228,45,2,9.364333e-05,0,43-49
155586284,45,2,7.0459646e-05,0,43-49
155586287,45,2,0.000117102325,0,43-49
155586752,45,2,5.521492e-05,0,43-49
155586764,45,2,0.00017169886,0,43-49
155586773,45,2,5.1359177e-05,0,43-49
155586775,45,2,0.011993918,0,43-49
155587208,45,2,0.00015501223,0,43-49
155587538,45,2,3.7330858e-05,0,43-49
155587549,45,2,0.0002679305,0,43-49
155587790,45,2,0.004093039,0,43-49
155587791,45,2,0.10397092,0,43-49
155587794,45,2,0.031133488,0,43-49
155587798,45,2,0.0131147215,0,43-49
155587804,45,2,0.17270455,0,43-49
155587806,45,2,0.009974398,0,43-49
155587814,45,2,0.038651556,0,43-49
155587840,45,2,0.008256829,0,43-49
155587889,45,2,0.0066263317,0,43-49
155587890,45,2,0.24747176,0,43-49
155588044,45,2,0.017342674,0,43-49
155588324,45,2,0.29427722,0,43-49
155589860,45,2,0.040102188,0,43-49
155589863,45,2,0.17556404,0,43-49
155590708,45,2,0.00065493595,0,43-49
155590997,45,2,0.0004104778,0,43-49
155591704,45,2,0.00013968015,0,43-49
155593271,45,2,0.118345805,0,43-49
155593277,45,2,0.18368639,0,43-49
155595345,45,2,0.001734682,0,43-49
155596887,45,2,0.001417242,0,43-49
155597098,45,2,0.00015411778,0,43-49
155597102,45,2,0.00020267598,0,43-49
155597293,45,2,0.00020765903,0,43-49
155597300,45,2,0.000115809526,0,43-49
155597308,45,2,9.9716715e-05,0,43-49
155601022,45,2,0.001497386,0,43-49
155603394,45,2,0.0011344256,0,43-49
155606147,45,2,0.01747364,0,43-49
155610359,45,2,0.00011024315,0,43-49
155612291,45,2,0.00012689568,0,43-49
155613680,45,2,8.99462e-05,0,43-49
155617030,45,2,7.094346e-05,0,43-49
155621616,45,2,0.003140844,0,43-49
155621619,45,2,0.0013751129,0,43-49
155621630,45,2,0.0019232379,0,43-49
155621632,45,2,0.0012865167,0,43-49
155622858,45,2,0.0011400698,0,43-49
155622859,45,2,0.0024563218,0,43-49
155622861,45,2,0.00287756,0,43-49
155623923,45,2,0.0014913433,0,43-49
155623945,45,2,0.004910939,0,43-49
155624287,45,2,0.0027280892,0,43-49
155624292,45,2,0.0010909234,0,43-49
155624606,45,2,0.0037269066,0,43-49
155624613,45,2,0.0013681158,0,43-49
155627624,45,2,0.0019051089,0,43-49
155627660,45,2,0.0012498022,0,43-49
155627664,45,2,0.0010329777,0,43-49
155629079,45,2,0.0003066907,0,43-49
155630888,45,2,0.0009874852,0,43-49
155631607,45,2,0.00070598494,0,43-49
155633813,45,2,0.00023618061,0,43-49
155637545,45,2,0.0035357112,0,43-49
155637724,45,2,0.000441075,0,43-49
155640788,45,2,0.024909804,0,43-49
155644840,45,2,0.00031999825,0,43-49
155645185,45,2,0.005378812,0,43-49
155645481,45,2,0.0021895377,0,43-49
155645937,45,2,0.00014641481,0,43-49
155646219,45,2,0.00016762254,0,43-49
155646443,45,2,0.00014183174,0,43-49
155646869,45,2,0.0049815727,0,43-49
155647158,45,2,4.9351904e-05,0,43-49
155647173,45,2,0.252588,0,43-49
155647805,45,2,0.00056498183,0,43-49
155647986,45,2,0.0026055833,0,43-49
155648144,45,2,0.007582119,0,43-49
155648173,45,2,0.00015421759,0,43-49
155648175,45,2,0.007273072,0,43-49
155648844,45,2,0.065768,0,43-49
155651496,45,2,0.00024400029,0,43-49
155651533,45,2,0.0001826581,0,43-49
155652210,45,2,0.009116415,0,43-49
155652972,45,2,0.00016625106,0,43-49
155653347,45,2,6.3160434e-05,0,43-49
155653783,45,2,5.270095e-05,0,43-49
155653798,45,2,0.6808753,0,43-49
155653799,45,2,0.00034865475,0,43-49
155654111,45,2,0.083172016,0,43-49
155654504,45,2,9.6325726e-05,0,43-49
155654510,45,2,0.00017224606,0,43-49
155654911,45,2,3.3267705e-05,0,43-49
155655310,45,2,7.88636e-05,0,43-49
155655673,45,2,0.00024486773,0,43-49
155655694,45,2,7.673655e-05,0,43-49
155655701,45,2,0.00031102478,0,43-49
155655878,45,2,0.0075969957,0,43-49
155655884,45,2,0.04847057,0,43-49
155655944,45,2,0.030048415,0,43-49
155656464,45,2,0.00023034985,0,43-49
155657232,45,2,5.9261583e-05,0,43-49
155657565,45,2,0.005788048,0,43-49
155658088,45,2,0.0051975623,0,43-49
155658137,45,2,0.0011984183,0,43-49
155658214,45,2,0.014052683,0,43-49
155658216,45,2,0.000251372,0,43-49
155658820,45,2,0.014132436,0,43-49
155658834,45,2,0.0002512117,0,43-49
155659199,45,2,3.5180146e-05,0,43-49
155659777,45,2,0.00014565354,0,43-49
155660445,45,2,7.570654e-05,0,43-49
155661549,45,2,0.003652006,0,43-49
155662417,45,2,0.0002323124,0,43-49
155663799,45,2,0.013333225,0,43-49
155664047,45,2,0.022133956,0,43-49
155664125,45,2,0.004322256,0,43-49
155664132,45,2,0.012168778,0,43-49
155664412,45,2,0.097263254,0,43-49
155666115,45,2,0.00034784933,0,43-49
155666122,45,2,0.00010156996,0,43-49
155666630,45,2,0.0060260715,0,43-49
155666684,45,2,0.00029425352,0,43-49
155666717,45,2,0.00012427382,0,43-49
155667139,45,2,0.0020441923,0,43-49
155667184,45,2,7.942639e-05,0,43-49
155669504,45,2,5.4418277e-05,0,43-49
155669683,45,2,0.00014020136,0,43-49
155669815,45,2,9.262635e-05,0,43-49
155669824,45,2,0.00045752694,0,43-49
155670116,45,2,0.0005099059,0,43-49
155670282,45,2,0.00014014069,0,43-49
155670970,45,2,5.2665982e-05,0,43-49
155671237,45,2,0.0003729787,0,43-49
155671469,45,2,0.0003309027,0,43-49
155671780,45,2,0.0028429746,0,43-49
155671785,45,2,0.07355169,0,43-49
155672449,45,2,0.00076012104,0,43-49
155672469,45,2,0.000104129795,0,43-49
155675211,45,2,0.0016187092,0,43-49
155675527,45,2,0.00024969658,0,43-49
155675530,45,2,0.0003319017,0,43-49
155675570,45,2,5.8736605e-05,0,43-49
155676042,45,2,7.605575e-05,0,43-49
155676058,45,2,0.00028812836,0,43-49
155676363,45,2,0.0015520429,0,43-49
155676366,45,2,0.0004663106,0,43-49
155676683,45,2,0.0008815738,0,43-49
155677010,45,2,0.0008820901,0,43-49
155677035,45,2,4.5009387e-05,0,43-49
155686193,45,2,6.935484e-05,0,43-49
155687112,45,2,0.00034744234,0,43-49
155687119,45,2,0.00061322,0,43-49
155690140,45,2,0.00024460055,0,43-49
155690172,45,2,0.0013849871,0,43-49
155691392,45,2,0.00024962064,0,43-49
155691393,45,2,0.00092721626,0,43-49
155691683,45,2,0.0018590133,0,43-49
155694465,45,2,0.0038109242,0,43-49
155694755,45,2,0.00018346854,0,43-49
155694944,45,2,0.00066059985,0,43-49
155694958,45,2,0.0008759425,0,43-49
155695053,45,2,0.000113588336,0,43-49
155696818,45,2,0.00027747644,0,43-49
155697070,45,2,0.00025776154,0,43-49
155697884,45,2,6.9703e-05,0,43-49
155699346,45,2,7.545285e-05,0,43-49
155703469,45,2,8.976601e-05,0,43-49
155706106,45,2,0.005502898,0,43-49
155707564,45,2,0.00072281127,0,43-49
155708971,45,2,0.0042377743,0,43-49
155709783,45,2,0.09549004,0,43-49
155709876,45,2,0.0008522734,0,43-49
155712049,45,2,0.00017787788,0,43-49
155713958,45,2,8.0950194e-05,0,43-49
155715769,45,2,0.17577885,0,43-49
155716860,45,2,0.017102135,0,43-49
155718192,45,2,4.3851724e-05,0,43-49
155718395,45,2,0.00012063192,0,43-49
155718398,45,2,0.00010947163,0,43-49
155719727,45,2,9.978987e-05,0,43-49
155720728,45,2,0.000101196114,0,43-49
155720730,45,2,2.2784347e-05,0,43-49
155720735,45,2,0.00017111312,0,43-49
155720736,45,2,8.310316e-05,0,43-49
155720738,45,2,0.00017450107,0,43-49
155720740,45,2,0.00044799113,0,43-49
155720741,45,2,0.00026565776,0,43-49
155720744,45,2,0.00010193994,0,43-49
155720745,45,2,6.64366e-05,0,43-49
155720747,45,2,0.00017987375,0,43-49
155720749,45,2,7.2559604e-05,0,43-49
155720750,45,2,8.4528125e-05,0,43-49
155720751,45,2,9.650878e-05,0,43-49
155720754,45,2,0.00013051007,0,43-49
155720756,45,2,0.00012715792,0,43-49
155720758,45,2,0.00010886026,0,43-49
155720760,45,2,9.597192e-05,0,43-49
155720761,45,2,0.00010828143,0,43-49
155720763,45,2,0.00012315983,0,43-49
155720764,45,2,0.00013881616,0,43-49
155720765,45,2,0.00013766001,0,43-49
155720771,45,2,7.819771e-05,0,43-49
155720775,45,2,0.00017812502,0,43-49
155720782,45,2,0.00024028658,0,43-49
155720788,45,2,0.006919549,0,43-49
155720789,45,2,7.93983e-05,0,43-49
155720792,45,2,7.21545e-05,0,43-49
155720794,45,2,0.00019110614,0,43-49
155720796,45,2,0.0023695629,0,43-49
155720797,45,2,0.00070929783,0,43-49
155720798,45,2,0.0010988143,0,43-49
155720800,45,2,0.0006631912,0,43-49
155720803,45,2,0.0015578861,0,43-49
155720804,45,2,0.00033826762,0,43-49
155720806,45,2,7.425418e-05,0,43-49
155720808,45,2,6.652434e-05,0,43-49
155720885,45,2,0.0022087954,0,43-49
155721093,45,2,0.0038513625,0,43-49
155721099,45,2,0.0007196132,0,43-49
155721440,45,2,0.00011681771,0,43-49
155722084,45,2,0.5293091,0,43-49
155724033,45,2,0.07466081,0,43-49
155731488,45,2,0.00051757554,0,43-49
155731493,45,2,0.00067384617,0,43-49
155732260,45,2,0.00045834042,0,43-49
155732262,45,2,0.00015282472,0,43-49
155732268,45,2,0.0050840513,0,43-49
155732269,45,2,0.0003464993,0,43-49
155732978,45,2,0.000109731445,0,43-49
155733002,45,2,8.657391e-05,0,43-49
155733087,45,2,3.683099e-05,0,43-49
155733692,45,2,0.00040307944,0,43-49
155733930,45,2,0.00024629696,0,43-49
155734883,45,2,0.0003293812,0,43-49
155737388,45,2,0.00018054852,0,43-49
155737402,45,2,0.009430809,0,43-49
155737641,45,2,0.015085886,0,43-49
155737649,45,2,0.0129296165,0,43-49
155737652,45,2,0.23152667,0,43-49
155738598,45,2,0.00052377844,0,43-49
155738604,45,2,0.0004291925,0,43-49
155739098,45,2,0.00019819535,0,43-49
155742319,45,2,0.00017726768,0,43-49
155742345,45,2,0.00023196693,0,43-49
155743352,45,2,0.00022246344,0,43-49
155743373,45,2,8.4992476e-05,0,43-49
155744676,45,2,0.00017626885,0,43-49
155744686,45,2,0.00017409075,0,43-49
155747227,45,2,0.00020988709,0,43-49
155747700,45,2,8.725594e-05,0,43-49
155748707,45,2,0.0025474958,0,43-49
155748985,45,2,0.00043585693,0,43-49
155749095,45,2,0.00036199152,0,43-49
155749840,45,2,0.00028882665,0,43-49
155753781,45,2,4.7795824e-05,0,43-49
155755021,45,2,0.00015831209,0,43-49
155756787,45,2,0.00074641546,0,43-49
155757374,45,2,0.00032569937,0,43-49
155759301,45,2,0.0003997756,0,43-49
155759664,45,2,0.00034858816,0,43-49
155759667,45,2,0.0069992538,0,43-49
155759670,45,2,0.004174976,0,43-49
155760010,45,2,0.0034017942,0,43-49
155760037,45,2,0.00010701566,0,43-49
155766769,45,2,0.0014908854,0,43-49
155768281,45,2,4.9176906e-05,0,43-49
155771442,45,2,0.00014850209,0,43-49
155771964,45,2,0.00031347625,0,43-49
155779446,45,2,0.024858907,0,43-49
155780427,45,2,0.00063511374,0,43-49
155783466,45,2,7.2254064e-05,0,43-49
155784952,45,2,0.07111861,0,43-49
155787237,45,2,0.00015154845,0,43-49
155787285,45,2,0.00012872572,0,43-49
155787653,45,2,0.00015600586,0,43-49
155787676,45,2,0.00019479085,0,43-49
155788829,45,2,0.00013388263,0,43-49
155791506,45,2,7.6597345e-05,0,43-49
155793314,45,2,7.6707795e-05,0,43-49
155793644,45,2,2.9513465e-05,0,43-49
155794856,45,2,0.00033925055,0,43-49
155795122,45,2,7.669895e-05,0,43-49
155796287,45,2,0.00038555823,0,43-49
155797923,45,2,0.007939553,0,43-49
155800513,45,2,0.0016657867,0,43-49
155802381,45,2,0.00012527013,0,43-49
155802446,45,2,5.412472e-05,0,43-49
155802889,45,2,5.086727e-05,0,43-49
155802898,45,2,7.1467184e-05,0,43-49
155803876,45,2,0.00018178641,0,43-49
155803971,45,2,4.1565927e-05,0,43-49
155805529,45,2,0.0016221352,0,43-49
155805532,45,2,0.00057352666,0,43-49
155806952,45,2,5.012981e-05,0,43-49
155807238,45,2,6.412369e-05,0,43-49
155809126,45,2,0.0039713285,0,43-49
155809660,45,2,9.716524e-05,0,43-49
155810823,45,2,0.01167632,0,43-49
155810825,45,2,0.07429975,0,43-49
155810828,45,2,0.014489397,0,43-49
155810831,45,2,0.123731926,0,43-49
155810896,45,2,0.022988066,0,43-49
155810916,45,2,0.0011100761,0,43-49
155810949,45,2,0.0023607486,0,43-49
155811227,45,2,0.008742392,0,43-49
155811705,45,2,0.0006737579,0,43-49
155812060,45,2,0.008006337,0,43-49
155812224,45,2,0.8373597,1,43-49
155812856,45,2,0.038365252,0,43-49
155812860,45,2,0.0012294551,0,43-49
155813445,45,2,0.109946735,0,43-49
155813476,45,2,0.00014395591,0,43-49
155813480,45,2,3.9451428e-05,0,43-49
155813484,45,2,0.00024744062,0,43-49
155813492,45,2,0.0016644883,0,43-49
155813493,45,2,0.00021709125,0,43-49
155815739,45,2,0.013789611,0,43-49
155815752,45,2,0.0028323545,0,43-49
155815753,45,2,0.0016188904,0,43-49
155815754,45,2,0.24116632,0,43-49
155815756,45,2,0.0027763983,0,43-49
155815761,45,2,8.893926e-05,0,43-49
155815779,45,2,0.13876738,0,43-49
155815784,45,2,0.00018019046,0,43-49
155815790,45,2,0.003339315,0,43-49
155816178,45,2,9.7977594e-05,0,43-49
155816192,45,2,0.0005017603,0,43-49
155816195,45,2,0.0003204947,0,43-49
155816196,45,2,0.0005705843,0,43-49
155816197,45,2,0.00039104218,0,43-49
155816199,45,2,0.00021217385,0,43-49
155816200,45,2,0.00026021124,0,43-49
155816203,45,2,0.0004984062,0,43-49
155816205,45,2,0.00031711915,0,43-49
155816207,45,2,4.3434862e-05,0,43-49
155816211,45,2,9.55761e-05,0,43-49
155818415,45,2,0.000926843,0,43-49
155818798,45,2,0.0010604246,0,43-49
155818799,45,2,0.002246858,0,43-49
155821091,45,2,0.0002561534,0,43-49
155821276,45,2,0.008002419,0,43-49
155821401,45,2,0.06530183,0,43-49
155821405,45,2,0.0008843219,0,43-49
155821947,45,2,0.0006077738,0,43-49
155821951,45,2,0.00023645662,0,43-49
155821960,45,2,0.00057943305,0,43-49
155821972,45,2,0.00032397563,0,43-49
155821979,45,2,0.0005050099,0,43-49
155821981,45,2,0.00032211575,0,43-49
155822522,45,2,0.0005113917,0,43-49
155822523,45,2,0.00036720128,0,43-49
155822532,45,2,0.0008200243,0,43-49
155822639,45,2,0.00028280602,0,43-49
155822905,45,2,0.00015904226,0,43-49
155822906,45,2,0.0011610006,0,43-49
155825285,45,2,0.00080649933,0,43-49
155825502,45,2,0.0006157843,0,43-49
155826522,45,2,0.00054277986,0,43-49
155827051,45,2,0.0023848575,0,43-49
155827334,45,2,2.4373534e-05,0,43-49
155829800,45,2,0.011811378,0,43-49
155829806,45,2,0.0002691941,0,43-49
155829808,45,2,0.00044833674,0,43-49
155829810,45,2,0.00027345665,0,43-49
155829812,45,2,0.000116107076,0,43-49
155829833,45,2,8.893842e-05,0,43-49
155829839,45,2,7.675309e-05,0,43-49
155829843,45,2,0.00031564297,0,43-49
155837337,45,2,0.017218933,0,43-49
155837569,45,2,0.0005602498,0,43-49
155837578,45,2,0.032466367,0,43-49
155837816,45,2,0.0011781299,0,43-49
155838059,45,2,0.005412968,0,43-49
155838065,45,2,0.107233435,0,43-49
155838096,45,2,0.021988666,0,43-49
155838136,45,2,0.030454932,0,43-49
155838757,45,2,0.0010039097,0,43-49
155839033,45,2,0.0040401686,0,43-49
155839296,45,2,0.0032623007,0,43-49
155839305,45,2,0.004417441,0,43-49
155839776,45,2,0.014865856,0,43-49
155839784,45,2,0.00044779753,0,43-49
155839792,45,2,0.0041947598,0,43-49
155839924,45,2,0.007251712,0,43-49
155840928,45,2,0.0001449421,0,43-49
155840940,45,2,4.944848e-05,0,43-49
155841569,45,2,0.00379849,0,43-49
155841579,45,2,3.602978e-05,0,43-49
155841585,45,2,0.0008738475,0,43-49
155841637,45,2,2.7196349e-05,0,43-49
155843452,45,2,4.911804e-05,0,43-49
155844331,45,2,0.0001038862,0,43-49
155846111,45,2,7.779755e-05,0,43-49
155846439,45,2,6.032872e-05,0,43-49
155846718,45,2,4.3572847e-05,0,43-49
155847762,45,2,0.0003143007,0,43-49
156006577,45,2,3.7082486e-05,0,43-49
156012877,45,2,0.08401358,0,43-49
156016426,45,2,0.011167863,0,43-49
156017039,45,2,0.027077867,0,43-49
156017377,45,2,0.0012428452,0,43-49
156017380,45,2,0.15382996,0,43-49
156029378,45,2,8.593327e-05,0,43-49
156032172,45,2,0.0011285159,0,43-49
156038802,45,2,0.00021233392,0,43-49
156043138,45,2,0.0001540277,0,43-49
156043682,45,2,0.00016930675,0,43-49
156044096,45,2,0.0005939663,0,43-49
156045204,45,2,0.00039446072,0,43-49
156045694,45,2,0.00018506526,0,43-49
156046083,45,2,0.00020348537,0,43-49
156046263,45,2,0.00015155047,0,43-49
156046273,45,2,8.251817e-05,0,43-49
156046286,45,2,0.00016965388,0,43-49
156047575,45,2,0.038911223,0,43-49
156047577,45,2,0.0006744251,0,43-49
156047693,45,2,0.0003818299,0,43-49
156047939,45,2,0.000101079604,0,43-49
156048060,45,2,7.387089e-05,0,43-49
156049909,45,2,0.92482066,1,43-49
156055015,45,2,8.9528614e-05,0,43-49
156055502,45,2,0.00014700726,0,43-49
156056294,45,2,0.0065432186,0,43-49
156056739,45,2,0.007435918,0,43-49
156058472,45,2,0.0182496,0,43-49
156058477,45,2,0.7567483,1,43-49
156058484,45,2,0.03607363,0,43-49
156058489,45,2,0.003951284,0,43-49
156058497,45,2,0.0080557745,0,43-49
156061271,45,2,0.00027316663,0,43-49
156061441,45,2,0.00013529714,0,43-49
156061887,45,2,8.236903e-05,0,43-49
156061888,45,2,0.0006118512,0,43-49
156061891,45,2,7.4515294e-05,0,43-49
156061901,45,2,7.475949e-05,0,43-49
156062272,45,2,0.00010636465,0,43-49
156062609,45,2,0.0011980776,0,43-49
156062954,45,2,0.00016579957,0,43-49
156063345,45,2,6.097227e-05,0,43-49
156065491,45,2,0.00023246398,0,43-49
156065783,45,2,0.00018837239,0,43-49
156065788,45,2,0.00081452925,0,43-49
156065791,45,2,0.0003955228,0,43-49
156066467,45,2,4.083729e-05,0,43-49
156068000,45,2,0.00242606,0,43-49
156068607,45,2,0.0017405528,0,43-49
156074235,45,2,3.8096892e-05,0,43-49
156074278,45,2,0.0021566942,0,43-49
156076560,45,2,0.0006935351,0,43-49
156076675,45,2,0.00028709104,0,43-49
156077583,45,2,0.00030980696,0,43-49
156078089,45,2,0.0011387093,0,43-49
156080080,45,2,0.020004699,0,43-49
156080344,45,2,0.0015513315,0,43-49
156080353,45,2,0.0001286115,0,43-49
156080655,45,2,0.007617496,0,43-49
156081041,45,2,0.00024501648,0,43-49
156082481,45,2,0.00013964793,0,43-49
156082918,45,2,0.0002371638,0,43-49
156088151,45,2,0.26971456,0,43-49
156088154,45,2,0.10050638,0,43-49
156098289,45,2,0.040788412,0,43-49
156100022,45,2,0.058793165,0,43-49
156101666,45,2,7.907279e-05,0,43-49
156103984,45,2,3.758946e-05,0,43-49
156104943,45,2,0.00013191927,0,43-49
156106259,45,2,0.0014729825,0,43-49
156106498,45,2,0.00071777974,0,43-49
156106772,45,2,0.0006558626,0,43-49
156110781,45,2,0.00010212568,0,43-49
156112934,45,2,4.322829e-05,0,43-49
156115112,45,2,0.0058492757,0,43-49
156116311,45,2,0.0008421759,0,43-49
156116440,45,2,0.004716182,0,43-49
156120830,45,2,0.000111229936,0,43-49
156122025,45,2,0.00667757,0,43-49
156126098,45,2,0.00081791333,0,43-49
156126106,45,2,0.0015006013,0,43-49
156126129,45,2,0.0021389246,0,43-49
156126488,45,2,0.004644949,0,43-49
156126494,45,2,0.0015594935,0,43-49
156126503,45,2,0.0019059334,0,43-49
156126511,45,2,0.0069487747,0,43-49
156126515,45,2,0.001450193,0,43-49
156126516,45,2,0.003376434,0,43-49
156132178,45,2,0.0010485796,0,43-49
156138154,45,2,0.0008742548,0,43-49
156140081,45,2,0.010928546,0,43-49
156140152,45,2,0.00025635472,0,43-49
156141603,45,2,8.642832e-05,0,43-49
156141938,45,2,0.00011101441,0,43-49
156141979,45,2,0.00021492399,0,43-49
156142328,45,2,5.6786263e-05,0,43-49
156142358,45,2,0.00014914719,0,43-49
156142375,45,2,0.00045091478,0,43-49
156143463,45,2,0.0013914044,0,43-49
156143950,45,2,0.00016064015,0,43-49
156143966,45,2,6.498149e-05,0,43-49
156144098,45,2,0.000112656344,0,43-49
156144440,45,2,0.0008431744,0,43-49
156145203,45,2,0.00039052436,0,43-49
156145620,45,2,0.0011606562,0,43-49
156145679,45,2,0.00026892373,0,43-49
156145708,45,2,0.002675612,0,43-49
156145942,45,2,0.00018018909,0,43-49
156150196,45,2,0.0026928512,0,43-49
156150996,45,2,0.00043949086,0,43-49
156152340,45,2,0.0032172734,0,43-49
156156054,45,2,0.000115401526,0,43-49
156157692,45,2,0.00013169054,0,43-49
156160423,45,2,0.024964744,0,43-49
156160565,45,2,0.005666283,0,43-49
156160849,45,2,9.329278e-05,0,43-49
156163071,45,2,0.46061602,0,43-49
156164972,45,2,4.892954e-05,0,43-49
156166434,45,2,4.6510486e-05,0,43-49
156168415,45,2,0.0011196625,0,43-49
156168420,45,2,0.002563042,0,43-49
156168424,45,2,0.0011929708,0,43-49
156172217,45,2,0.0006490406,0,43-49
156172447,45,2,0.00032566488,0,43-49
156174496,45,2,0.0017736448,0,43-49
156174834,45,2,0.00011322035,0,43-49
156175593,45,2,0.00022975783,0,43-49
156177833,45,2,0.00020809648,0,43-49
156182164,45,2,0.046350133,0,43-49
156186228,45,2,0.028720578,0,43-49
156187320,45,2,4.695243e-05,0,43-49
156189835,45,2,7.758951e-05,0,43-49
156189849,45,2,0.0002922556,0,43-49
156189859,45,2,0.00014941538,0,43-49
156191956,45,2,0.001001867,0,43-49
156191960,45,2,0.0011036862,0,43-49
156191963,45,2,0.0014223062,0,43-49
156191968,45,2,0.0009772833,0,43-49
156191973,45,2,0.0010669129,0,43-49
156192686,45,2,0.0016501741,0,43-49
156198655,45,2,0.029954074,0,43-49
156200127,45,2,0.010687403,0,43-49
156200358,45,2,0.0044672284,0,43-49
156200969,45,2,0.00017625574,0,43-49
156200979,45,2,0.010750162,0,43-49
156202773,45,2,0.016636949,0,43-49
156202786,45,2,0.00016174186,0,43-49
156203384,45,2,0.00010198447,0,43-49
156204946,45,2,8.517016e-05,0,43-49
156206766,45,2,0.0038876496,0,43-49
156208282,45,2,0.0020331522,0,43-49
156209245,45,2,0.04277255,0,43-49
156209749,45,2,0.011440256,0,43-49
156209757,45,2,0.00071473024,0,43-49
156213093,45,2,0.0477334,0,43-49
156213135,45,2,0.0009649534,0,43-49
156213143,45,2,0.053870726,0,43-49
156213728,45,2,0.00032093556,0,43-49
156216298,45,2,0.00018112305,0,43-49
156217698,45,2,0.00018328583,0,43-49
156218109,45,2,0.015316888,0,43-49
156218280,45,2,0.00013189751,0,43-49
156219832,45,2,0.000125278,0,43-49
156220923,45,2,0.00077806157,0,43-49
156221780,45,2,7.8275596e-05,0,43-49
156223466,45,2,0.00016792616,0,43-49
156224738,45,2,0.00015620368,0,43-49
156224740,45,2,0.00014647095,0,43-49
156224818,45,2,0.00071336894,0,43-49
156225054,45,2,0.000627435,0,43-49
156225072,45,2,0.0013951542,0,43-49
156226084,45,2,0.00012878932,0,43-49
156227730,45,2,0.00026831165,0,43-49
156244580,45,2,0.00075598934,0,43-49
156254003,45,2,0.0016867804,0,43-49
156281859,45,2,5.023931e-05,0,43-49
156281965,45,2,0.33299634,0,43-49
156281968,45,2,0.5107831,0,43-49
156281975,45,2,0.060499813,0,43-49
156282377,45,2,0.00038992416,0,43-49
156282380,45,2,0.0013633196,0,43-49
156284724,45,2,0.000697431,0,43-49
156284727,45,2,0.0020411876,0,43-49
156288061,45,2,5.8158064e-05,0,43-49
156289332,45,2,0.0026340995,0,43-49
156289343,45,2,0.0021490024,0,43-49
156289346,45,2,0.00062517927,0,43-49
156290676,45,2,0.00013987742,0,43-49
156290748,45,2,0.000589028,0,43-49
156297113,45,2,0.00021728862,0,43-49
156297169,45,2,0.00018081522,0,43-49
156299661,45,2,0.0004937786,0,43-49
156299668,45,2,0.00067829585,0,43-49
156302066,45,2,0.0012727348,0,43-49
156302378,45,2,0.0020725066,0,43-49
156302447,45,2,0.0016630184,0,43-49
156302765,45,2,0.0011389485,0,43-49
156303533,45,2,0.00033158605,0,43-49
156305556,45,2,0.0008710402,0,43-49
156306821,45,2,0.00018709304,0,43-49
156307149,45,2,0.00062110595,0,43-49
156307163,45,2,0.00012557844,0,43-49
156307254,45,2,0.009211759,0,43-49
156307670,45,2,6.9038826e-05,0,43-49
156307674,45,2,0.00014894908,0,43-49
156309777,45,2,0.0008230582,0,43-49
156313764,45,2,0.41017014,0,43-49
156313815,45,2,0.00023440497,0,43-49
156314754,45,2,0.0003423574,0,43-49
156315082,45,2,0.00017170067,0,43-49
156315105,45,2,0.0011977324,0,43-49
156316756,45,2,0.00022517575,0,43-49
156316759,45,2,0.00016046531,0,43-49
156316761,45,2,3.212413e-05,0,43-49
156317171,45,2,0.008506549,0,43-49
156317175,45,2,0.0028239272,0,43-49
156317359,45,2,0.0052555674,0,43-49
156317549,45,2,0.0014243637,0,43-49
156328432,45,2,2.7269534e-05,0,43-49
156330701,45,2,9.638353e-05,0,43-49
156341160,45,2,0.00012294088,0,43-49
156381357,45,2,0.028046016,0,43-49
156416966,45,2,9.497791e-05,0,43-49
156417274,45,2,7.213283e-05,0,43-49
156421113,45,2,0.0001801994,0,43-49
156421150,45,2,0.049420573,0,43-49
157195066,45,2,4.46084e-05,0,43-49
157200932,45,2,0.009104117,0,43-49
157226362,45,2,0.037627313,0,43-49
157237317,45,2,0.0002620199,0,43-49
157239536,45,2,0.0002847459,0,43-49
157243941,45,2,6.0397848e-05,0,43-49
157252863,45,2,0.033204313,0,43-49
157296544,45,2,0.009511105,0,43-49
157296706,45,2,0.011729959,0,43-49
157296708,45,2,0.42879108,0,43-49
157299461,45,2,0.037477046,0,43-49
157301501,45,2,7.508184e-05,0,43-49
157320937,45,2,0.0036997541,0,43-49
159788486,45,2,0.0052251723,0,43-49
159789061,45,2,0.10846515,0,43-49
160011420,45,2,0.03970575,0,43-49
160105308,45,2,0.00059657893,0,43-49
160357717,45,2,0.00012781499,0,43-49
160498020,45,2,0.00014701203,0,43-49
160794607,45,2,0.00033089734,0,43-49
160799142,45,2,8.13066e-05,0,43-49
160799511,45,2,5.1806914e-05,0,43-49
162147759,45,2,0.00022267288,0,43-49
162258255,45,2,0.0021225803,0,43-49
162500985,45,2,3.8356593e-05,0,43-49
162789184,45,2,0.106320076,0,43-49
162896859,45,2,0.00079514517,0,43-49
162970612,45,2,0.001059902,0,43-49
163047206,45,2,0.0055457368,0,43-49
163111740,45,2,0.002524608,0,43-49
163173241,45,2,0.0001443654,0,43-49
163178977,45,2,6.806461e-05,0,43-49
163181801,45,2,0.01106778,0,43-49
163287839,45,2,0.00011071364,0,43-49
163389503,45,2,0.0024330737,0,43-49
163403633,45,2,0.022609044,0,43-49
163403634,45,2,0.025823696,0,43-49
164253290,45,2,0.0059062964,0,43-49
164516009,45,2,0.0012722216,0,43-49
164649961,45,1,0.0029386533,0,43-49
164650348,45,2,0.00038357746,0,43-49
164653024,45,2,0.0004081943,0,43-49
164653786,45,2,0.00026854197,0,43-49
164656998,45,2,3.8228856e-05,0,43-49
164659365,45,2,0.13081019,0,43-49
164662728,45,2,0.0013526928,0,43-49
164662731,45,2,0.005517201,0,43-49
164662760,45,2,0.020733086,0,43-49
164664036,45,2,0.00016587437,0,43-49
164672372,45,2,0.016087597,0,43-49
164672681,45,2,0.011767619,0,43-49
164675944,45,2,0.01596471,0,43-49
164676899,45,2,0.084159546,0,43-49
164676983,45,2,0.00013295874,0,43-49
164681084,45,2,0.0038449923,0,43-49
164682526,45,2,0.14436607,0,43-49
164686466,45,2,0.0006611279,0,43-49
164686469,45,2,0.000108932945,0,43-49
164686471,45,2,0.00034545717,0,43-49
164687321,45,2,9.852324e-05,0,43-49
164687325,45,2,0.00012229255,0,43-49
164687670,45,2,0.00045593028,0,43-49
164687671,45,2,5.663446e-05,0,43-49
164687672,45,2,4.798476e-05,0,43-49
164687757,45,2,0.63157374,0,43-49
164687876,45,2,0.00010327599,0,43-49
164688873,45,2,0.00035640295,0,43-49
164690577,45,2,0.0016169478,0,43-49
164695065,45,2,0.00039418406,0,43-49
164709792,45,2,0.00029085798,0,43-49
164710454,45,1,0.16485915,0,43-49
164710455,45,1,0.0010287841,0,43-49
164710543,45,1,0.14480487,0,43-49
164713969,45,1,0.0009702565,0,43-49
164714477,45,2,0.03246537,0,43-49
164714573,45,2,0.91720766,1,43-49
164714577,45,2,0.00092136685,0,43-49
164714657,45,2,0.00070102303,0,43-49
164716813,45,2,0.045163076,0,43-49
164750924,45,2,0.23737241,0,43-49
164752998,45,2,0.041836064,0,43-49
164753010,45,2,0.14949486,0,43-49
164753015,45,2,6.0304275e-05,0,43-49
164753016,45,2,0.49093774,0,43-49
164753018,45,2,0.13932726,0,43-49
164753019,45,2,0.0776487,0,43-49
164753022,45,2,0.13672426,0,43-49
164753025,45,2,0.39430276,0,43-49
164753185,45,2,0.040369272,0,43-49
164753191,45,2,0.023386596,0,43-49
164753193,45,2,0.013374395,0,43-49
164753456,45,2,0.0017722,0,43-49
164754320,45,2,0.07929391,0,43-49
164754558,45,2,0.031212635,0,43-49
164754574,45,2,0.00436221,0,43-49
164755142,45,2,0.38284615,0,43-49
164755143,45,2,0.044033624,0,43-49
164756127,45,2,4.8788686e-05,0,43-49
164756189,45,2,0.0038745923,0,43-49
164756190,45,2,0.14398262,0,43-49
164756191,45,2,0.06562559,0,43-49
164756194,45,2,0.07846856,0,43-49
164756195,45,2,0.39927644,0,43-49
164756207,45,2,0.12462127,0,43-49
164756209,45,2,0.03820791,0,43-49
164756212,45,2,0.0051493435,0,43-49
164756216,45,2,0.14382067,0,43-49
164756219,45,2,0.6754133,0,43-49
164756221,45,2,0.07997187,0,43-49
164756222,45,2,0.05940064,0,43-49
164756224,45,2,0.6698196,0,43-49
164756226,45,2,0.32932332,0,43-49
164756227,45,2,0.29252654,0,43-49
164756228,45,2,0.15415126,0,43-49
164756229,45,2,0.024437007,0,43-49
164756231,45,2,0.049907863,0,43-49
164756234,45,2,0.013175093,0,43-49
164756236,45,2,0.0011994021,0,43-49
164756239,45,2,0.025396833,0,43-49
164757545,45,2,0.0003379757,0,43-49
164757690,45,2,0.044854958,0,43-49
164757817,45,2,0.24493301,0,43-49
164757818,45,2,0.24190675,0,43-49
164757821,45,2,0.47828537,0,43-49
164757822,45,2,0.011593247,0,43-49
164758016,45,2,0.00892714,0,43-49
164758019,45,2,0.50884694,0,43-49
164758026,45,2,0.047443636,0,43-49
164758027,45,2,0.19111109,0,43-49
164758029,45,2,0.012256483,0,43-49
164758030,45,2,0.03054842,0,43-49
164758031,45,2,0.023151064,0,43-49
164758033,45,2,0.015362485,0,43-49
164801474,45,2,0.00064991927,0,43-49
164812762,45,2,0.012595584,0,43-49
164839778,45,2,0.21725678,0,43-49
164839927,45,2,0.00014731401,0,43-49
164849067,45,2,0.0058478923,0,43-49
164849069,45,2,0.00019015787,0,43-49
164849071,45,2,0.024315158,0,43-49
164849083,45,2,0.009039075,0,43-49
164849086,45,2,0.0011070796,0,43-49
164849570,45,2,0.0038866596,0,43-49
164849578,45,2,0.06673103,0,43-49
164857952,45,2,0.00033658597,0,43-49
164857966,45,2,0.004344215,0,43-49
164857971,45,2,0.00010550872,0,43-49
164858025,45,2,8.722474e-05,0,43-49
164858029,45,2,0.26612398,0,43-49
164858033,45,2,7.3043e-05,0,43-49
164858197,45,2,0.032491907,0,43-49
164858248,45,2,0.0064710304,0,43-49
164858710,45,2,0.0055872696,0,43-49
164858717,45,2,0.002651227,0,43-49
164861122,45,2,3.6087757e-05,0,43-49
164862487,45,2,0.041368123,0,43-49
164877489,45,2,0.0003952303,0,43-49
164878929,45,2,0.0019460189,0,43-49
164879629,45,2,0.0002731536,0,43-49
164882344,45,2,6.884764e-05,0,43-49
164885071,45,2,0.00016142569,0,43-49
164891783,45,2,0.0006962187,0,43-49
164891981,45,2,0.0006418616,0,43-49
164894136,45,2,0.0007783986,0,43-49
164895870,45,2,0.00014442668,0,43-49
164897012,45,2,0.00036753347,0,43-49
164898803,45,2,6.735147e-05,0,43-49
164899719,45,2,0.00017264117,0,43-49
164905484,45,2,0.00015990065,0,43-49
164905487,45,2,0.0012366894,0,43-49
164905771,45,2,0.0002448782,0,43-49
164913439,45,2,0.00028406314,0,43-49
164914807,45,2,0.0002824975,0,43-49
164916959,45,2,0.00017966,0,43-49
164920594,45,2,0.061097268,0,43-49
164946541,45,2,0.012529082,0,43-49
164949646,45,2,0.053956795,0,43-49
164958702,45,2,4.1662006e-05,0,43-49
164964361,45,2,0.00033504656,0,43-49
164964365,45,2,4.7103793e-05,0,43-49
164982939,45,2,0.0712633,0,43-49
165400002,45,2,0.015074022,0,43-49
166327344,45,2,0.17623524,0,43-49
168235520,45,2,0.014351789,0,43-49
168661811,45,2,0.0002958389,0,43-49
168666127,45,2,0.0011145343,0,43-49
169360875,45,2,0.00022391218,0,43-49
169360876,45,2,0.00023235827,0,43-49
169360877,45,2,0.0027909637,0,43-49
170455058,45,2,0.10039669,0,43-49
170455064,45,2,0.072763026,0,43-49
171533940,45,2,0.17203592,0,43-49
171566060,45,2,0.016435461,0,43-49
171576743,45,2,0.012403325,0,43-49
171980295,45,2,0.009907863,0,43-49
172032800,45,2,0.047989227,0,43-49
172173383,45,2,0.028376818,0,43-49
172876581,45,2,0.07501083,0,43-49
173302584,45,2,0.034755897,0,43-49
173302585,45,2,0.027876562,0,43-49
173502051,45,2,0.0017287434,0,43-49
173517961,45,2,0.0003792499,0,43-49
173567448,45,2,0.016395396,0,43-49
173664982,45,2,0.00026299848,0,43-49
173754103,45,2,0.0027768116,0,43-49
174135366,45,2,9.971596e-05,0,43-49
174191727,45,2,0.09671119,0,43-49
174229825,45,2,0.004294053,0,43-49
174257020,45,2,0.04032929,0,43-49
174257021,45,2,0.03261335,0,43-49
174776383,45,2,0.00013153767,0,43-49
175057040,45,2,0.0013389934,0,43-49
175889036,45,2,0.05258001,0,43-49
178061036,45,2,0.036108855,0,43-49
178061037,45,2,0.0075019416,0,43-49
179024802,45,2,0.355147,0,43-49
179994406,45,2,0.004424631,0,43-49
180015515,45,2,0.002814823,0,43-49
180288353,45,2,0.029892268,0,43-49
180297331,45,2,0.15760767,0,43-49
180807508,45,2,0.2727908,0,43-49
180939319,45,2,0.08941233,0,43-49
180939321,45,2,0.7275319,1,43-49
181152908,45,2,0.0034655011,0,43-49
181152918,45,2,0.00413084,0,43-49
181166458,45,2,0.01709473,0,43-49
181178950,45,2,0.0019859523,0,43-49
181187132,45,2,8.133111e-05,0,43-49
181189087,45,2,6.9847054e-05,0,43-49
181190171,45,2,0.00021881732,0,43-49
181202082,45,2,0.0019904664,0,43-49
181202361,45,2,0.006462436,0,43-49
181202368,45,2,0.002268959,0,43-49
181203538,45,2,9.0691196e-05,0,43-49
181206807,45,2,0.00034997019,0,43-49
181210107,45,2,0.0014575446,0,43-49
181210125,45,2,0.005631312,0,43-49
181320779,45,2,0.04193565,0,43-49
181327301,45,2,0.08806698,0,43-49
181454789,45,2,0.5371671,0,43-49
181470963,45,2,0.021283546,0,43-49
181510819,45,2,0.014206838,0,43-49
181605844,45,2,0.014156746,0,43-49
181883690,45,2,0.043323424,0,43-49
181949645,45,2,0.32431918,0,43-49
181971595,45,2,0.63180006,0,43-49
181971723,45,2,0.25324887,0,43-49
181971989,45,2,0.016818581,0,43-49
181972318,45,2,0.08787787,0,43-49
181973011,45,2,0.15731968,0,43-49
181973018,45,2,0.017608942,0,43-49
181974491,45,2,0.014450162,0,43-49
181975028,45,2,0.1570017,0,43-49
181977175,45,2,0.0252602,0,43-49
181978012,45,2,0.076402634,0,43-49
181978351,45,2,0.5787875,0,43-49
181978358,45,2,0.07083454,0,43-49
181978385,45,2,0.017582597,0,43-49
181978788,45,2,0.027848322,0,43-49
181979139,45,2,0.09228847,0,43-49
181979460,45,2,0.009034574,0,43-49
181979463,45,2,0.09033717,0,43-49
181980438,45,2,0.005174958,0,43-49
181980445,45,2,0.33236054,0,43-49
181980967,45,2,0.005885193,0,43-49
181981262,45,2,0.11243471,0,43-49
181981283,45,2,0.18616274,0,43-49
181981290,45,2,0.05034539,0,43-49
181981305,45,2,0.0036938305,0,43-49
181981499,45,2,0.24129108,0,43-49
181981518,45,2,0.0016208206,0,43-49
181981520,45,2,0.008772302,0,43-49
181982228,45,2,0.09637067,0,43-49
181982550,45,2,0.17713965,0,43-49
181982568,45,2,0.047697317,0,43-49
181982571,45,2,0.0059859566,0,43-49
181982828,45,2,0.015521169,0,43-49
181982834,45,2,0.33219382,0,43-49
181982846,45,2,0.0073813912,0,43-49
181983550,45,2,0.004920787,0,43-49
181983566,45,2,0.20053165,0,43-49
181983870,45,2,0.048240874,0,43-49
181984853,45,2,0.08420251,0,43-49
181985259,45,2,0.073681325,0,43-49
181985624,45,2,0.101643965,0,43-49
181986329,45,2,0.048757672,0,43-49
181986652,45,2,0.17123859,0,43-49
181988302,45,2,0.57136863,0,43-49
181988315,45,2,0.016351024,0,43-49
181988804,45,2,0.4238312,0,43-49
181988893,45,2,0.0006421681,0,43-49
181988914,45,2,9.171133e-05,0,43-49
181990740,45,2,0.06043992,0,43-49
181991817,45,2,0.005486188,0,43-49
181994695,45,2,0.20574155,0,43-49
181995815,45,2,0.01737197,0,43-49
181995819,45,2,0.26472956,0,43-49
181995824,45,2,0.0012858381,0,43-49
181995828,45,2,0.010205259,0,43-49
181995843,45,2,0.18790156,0,43-49
181997193,45,2,0.07206178,0,43-49
181997920,45,2,0.33321938,0,43-49
181998588,45,2,0.043373022,0,43-49
181999820,45,2,0.0051626517,0,43-49
182000101,45,2,0.008381583,0,43-49
182000112,45,2,0.31485963,0,43-49
182000392,45,2,0.050799284,0,43-49
182000458,45,2,0.018287605,0,43-49
182000469,45,2,0.43341747,0,43-49
182000683,45,2,0.22613174,0,43-49
182001085,45,2,0.00016179399,0,43-49
182001086,45,2,0.0001828048,0,43-49
182001350,45,2,0.07203784,0,43-49
182001839,45,2,0.067640126,0,43-49
182002396,45,2,0.0017962133,0,43-49
182002409,45,2,0.00775236,0,43-49
182002411,45,2,0.009902396,0,43-49
182002419,45,2,0.06780723,0,43-49
182002456,45,2,0.5936213,0,43-49
182002459,45,2,0.010253411,0,43-49
182002736,45,2,0.61484504,0,43-49
182002742,45,2,0.056608975,0,43-49
182002751,45,2,0.3769437,0,43-49
182003162,45,2,0.28302822,0,43-49
182004205,45,2,0.2219222,0,43-49
182004632,45,2,0.0012148676,0,43-49
182004653,45,2,0.48868144,0,43-49
182006745,45,2,0.0032825633,0,43-49
113780,46,2,0.00011025471,0,43-49
642998,46,2,0.00018265758,0,43-49
860310,46,2,0.00013277541,0,43-49
862692,46,2,0.004019276,0,43-49
1314792,46,2,0.0004031682,0,43-49
1314835,46,2,8.0297075e-05,0,43-49
1314836,46,2,0.00011597572,0,43-49
1315478,46,2,0.00017205549,0,43-49
1315771,46,2,0.00042443362,0,43-49
2256959,46,2,0.87633336,1,43-49
2947436,46,2,4.725307e-05,0,43-49
3509407,46,2,5.61772e-05,0,43-49
3586915,46,2,0.00045771673,0,43-49
3607094,46,2,5.3009677e-05,0,43-49
3641234,46,2,0.00012680025,0,43-49
3990007,46,2,0.002454667,0,43-49
4992401,46,2,0.0001045702,0,43-49
5162648,46,2,9.7768905e-05,0,43-49
5581060,46,2,2.5860796e-05,0,43-49
5616306,46,2,0.00018254126,0,43-49
5944784,46,2,0.005801506,0,43-49
6013421,46,2,6.970373e-05,0,43-49
6243943,46,2,5.5358694e-05,0,43-49
6243976,46,2,0.00013018529,0,43-49
6244017,46,2,4.793838e-05,0,43-49
6244808,46,2,6.9996415e-05,0,43-49
6245237,46,2,4.561067e-05,0,43-49
6341153,46,2,3.294294e-05,0,43-49
6417015,46,2,0.00022151436,0,43-49
6629462,46,2,2.9443156e-05,0,43-49
7218008,46,2,0.000103351056,0,43-49
7578699,46,2,0.00032796647,0,43-49
7591549,46,2,7.214088e-05,0,43-49
7592802,46,2,0.00030847747,0,43-49
7592815,46,2,0.00018822425,0,43-49
7597019,46,2,5.7675017e-05,0,43-49
7597463,46,2,5.1165156e-05,0,43-49
7877502,46,2,0.000100580495,0,43-49
7981490,46,2,7.335851e-05,0,43-49
7984087,46,2,8.226494e-05,0,43-49
7984089,46,2,5.620378e-05,0,43-49
7984090,46,2,7.48057e-05,0,43-49
7984091,46,2,6.052885e-05,0,43-49
8007690,46,2,7.262889e-05,0,43-49
8159507,46,2,0.00020739844,0,43-49
8180021,46,2,0.00010552996,0,43-49
9822768,46,2,0.0002545568,0,43-49
10350720,46,2,6.782644e-05,0,43-49
10825262,46,2,6.1480285e-05,0,43-49
12537161,46,2,1.8439268e-05,0,43-49
12959844,46,2,0.00012394316,0,43-49
13472060,46,2,0.00040805442,0,43-49
13526993,46,2,6.797744e-05,0,43-49
13636442,46,2,6.927519e-05,0,43-49
13678523,46,2,5.6015855e-05,0,43-49
13679280,46,2,0.00037511697,0,43-49
13835610,46,2,6.601852e-05,0,43-49
14090138,46,2,2.020422e-05,0,43-49
14096109,46,2,0.00014482661,0,43-49
14112275,46,2,7.709441e-05,0,43-49
14913694,46,2,3.8689577e-05,0,43-49
14950377,46,2,4.1803567e-05,0,43-49
14950809,46,2,0.00010594365,0,43-49
14952201,46,2,5.836485e-05,0,43-49
14952222,46,2,1.6734792e-05,0,43-49
14972558,46,2,0.00016719091,0,43-49
14993946,46,2,0.00029060576,0,43-49
15365487,46,2,0.00025412804,0,43-49
15629037,46,2,7.480998e-05,0,43-49
15629510,46,2,6.0070102e-05,0,43-49
15667547,46,2,0.00017135721,0,43-49
15814250,46,2,0.000107314154,0,43-49
15913585,46,2,0.0015654714,0,43-49
15984207,46,2,3.5068908e-05,0,43-49
16478142,46,2,0.00017244458,0,43-49
16542124,46,2,0.0070921495,0,43-49
16913271,46,2,6.643635e-05,0,43-49
16915265,46,2,7.5443786e-05,0,43-49
16915664,46,2,0.00021897575,0,43-49
16916395,46,2,9.892324e-05,0,43-49
16916513,46,2,4.726168e-05,0,43-49
16993937,46,2,0.00053535687,0,43-49
19210463,46,2,2.8271741e-05,0,43-49
20006516,46,2,2.8951223e-05,0,43-49
21541678,46,2,0.00010493289,0,43-49
21542091,46,2,6.5463704e-05,0,43-49
21783643,46,2,0.00021803303,0,43-49
21785013,46,2,0.00019448649,0,43-49
21785855,46,2,2.4720524e-05,0,43-49
21911936,46,2,0.011250744,0,43-49
22203150,46,2,0.00023315118,0,43-49
22203381,46,2,0.00017037024,0,43-49
22204803,46,2,4.144066e-05,0,43-49
22205367,46,2,0.00011219001,0,43-49
22650864,46,2,4.291706e-05,0,43-49
24453586,46,2,0.00017861312,0,43-49
24522913,46,2,0.00012599923,0,43-49
25456425,46,2,0.026889792,0,43-49
25634495,46,2,0.039595515,0,43-49
27031253,46,2,4.5674788e-05,0,43-49
29243157,46,2,3.3939974e-05,0,43-49
29454726,46,2,5.3682194e-05,0,43-49
30348305,46,2,0.21968782,0,43-49
30526323,46,2,0.1570767,0,43-49
31273765,46,2,6.0183917e-05,0,43-49
31409359,46,2,0.00014734674,0,43-49
31557301,46,2,0.00012227657,0,43-49
31580372,46,2,0.00018402042,0,43-49
32330985,46,2,0.004670291,0,43-49
32998848,46,2,9.852221e-05,0,43-49
33446037,46,2,0.0018744352,0,43-49
34137293,46,2,0.115984745,0,43-49
34786829,46,2,0.00018430015,0,43-49
35628304,46,2,0.00057651335,0,43-49
35650042,46,2,0.00020677468,0,43-49
36709781,46,2,0.00018360504,0,43-49
36882666,46,2,8.649107e-05,0,43-49
37710737,46,2,2.8702738e-05,0,43-49
37967815,46,2,0.0011181383,0,43-49
38200326,46,2,3.896045e-05,0,43-49
38741913,46,2,0.00013098032,0,43-49
39220656,46,2,0.0055346317,0,43-49
39422017,46,2,0.0020502566,0,43-49
40387777,46,2,7.7136836e-05,0,43-49
40734618,46,2,5.4479908e-05,0,43-49
40906110,46,2,0.002609327,0,43-49
41187779,46,2,0.0012378673,0,43-49
43351875,46,2,0.006513409,0,43-49
43649029,46,2,0.00014803454,0,43-49
44118784,46,2,0.086122945,0,43-49
44517537,46,2,9.989964e-05,0,43-49
44780814,46,2,0.0021693006,0,43-49
45521355,46,2,0.0004299378,0,43-49
45521358,46,2,0.00050599186,0,43-49
45956936,46,2,0.40754732,0,43-49
46047725,46,2,0.0022201184,0,43-49
46950741,46,2,0.000625753,0,43-49
46950744,46,2,0.0005235908,0,43-49
48285886,46,2,0.0006867557,0,43-49
48342473,46,2,0.021879297,0,43-49
48346142,46,2,0.0020297454,0,43-49
48350949,46,2,0.006665148,0,43-49
48428950,46,2,0.00036581192,0,43-49
48535465,46,2,0.001329101,0,43-49
48593138,46,2,0.00023205916,0,43-49
48811587,46,2,0.12520099,0,43-49
49315950,46,2,0.00023023676,0,43-49
49940238,46,2,0.00010178414,0,43-49
49970556,46,2,0.00021969328,0,43-49
50383542,46,2,0.0031622928,0,43-49
50434018,46,2,0.00012214803,0,43-49
52811306,46,2,0.00017948962,0,43-49
53738696,46,2,0.00045052017,0,43-49
55601897,46,2,7.1936374e-05,0,43-49
56147299,46,2,0.017821174,0,43-49
58191203,46,2,0.00016866867,0,43-49
59080968,46,2,0.0055830167,0,43-49
59080978,46,2,0.012473278,0,43-49
59086131,46,2,6.456062e-05,0,43-49
59215037,46,2,0.00016260115,0,43-49
60617667,46,2,0.000112468406,0,43-49
60768955,46,2,5.0841714e-05,0,43-49
61304091,46,2,7.611896e-05,0,43-49
65000360,46,2,0.00017942717,0,43-49
66418607,46,2,2.5305244e-05,0,43-49
66418610,46,2,0.00011165436,0,43-49
66418611,46,2,7.771436e-05,0,43-49
66418612,46,2,6.987457e-05,0,43-49
66418920,46,2,0.0002883952,0,43-49
66418992,46,2,8.844534e-05,0,43-49
66419090,46,2,5.7864203e-05,0,43-49
66419091,46,2,0.00022030472,0,43-49
66419170,46,2,8.598097e-05,0,43-49
66419172,46,2,4.786365e-05,0,43-49
66419173,46,2,0.00077943923,0,43-49
66419194,46,2,6.776799e-05,0,43-49
66419199,46,2,4.306827e-05,0,43-49
66419260,46,2,3.8356084e-05,0,43-49
66420365,46,2,0.001170268,0,43-49
66420374,46,2,0.0008841462,0,43-49
66420538,46,2,0.0021060088,0,43-49
66420548,46,2,0.0033831354,0,43-49
66420562,46,2,0.16070628,0,43-49
66420571,46,2,0.0026039444,0,43-49
66420576,46,2,4.8311216e-05,0,43-49
66420588,46,2,0.0014512456,0,43-49
66420801,46,2,0.0001405148,0,43-49
66420805,46,2,7.7161334e-05,0,43-49
66420812,46,2,0.00017986071,0,43-49
66420814,46,2,0.0002447622,0,43-49
66420815,46,2,0.010250338,0,43-49
66420816,46,2,0.00017040565,0,43-49
66420824,46,2,0.00026327572,0,43-49
66420987,46,2,0.00017676351,0,43-49
66421580,46,2,0.0010195179,0,43-49
66421736,46,2,4.6976795e-05,0,43-49
66421741,46,2,0.002410152,0,43-49
66421744,46,2,0.00017778107,0,43-49
66421745,46,2,4.180855e-05,0,43-49
66421754,46,2,4.5821896e-05,0,43-49
66421761,46,2,5.754998e-05,0,43-49
66421915,46,2,2.5777967e-05,0,43-49
66421930,46,2,2.6027132e-05,0,43-49
66421959,46,2,0.00026215182,0,43-49
66421968,46,2,0.012779072,0,43-49
66421983,46,2,0.00011170687,0,43-49
66421987,46,2,0.00032754653,0,43-49
66422101,46,2,0.00026798135,0,43-49
66422104,46,2,0.00010739994,0,43-49
66422110,46,2,8.406319e-05,0,43-49
66422365,46,2,0.00028434902,0,43-49
66422371,46,2,0.00062568294,0,43-49
66422375,46,2,0.00033640137,0,43-49
66422391,46,2,7.081301e-05,0,43-49
66422823,46,2,0.00018864054,0,43-49
66422866,46,2,0.00013113329,0,43-49
66422868,46,2,0.00013847653,0,43-49
66423013,46,2,0.00011269095,0,43-49
66423022,46,2,0.00014953781,0,43-49
66423046,46,2,8.448372e-05,0,43-49
66423057,46,2,0.00018245445,0,43-49
66423059,46,2,0.0006030615,0,43-49
66423232,46,2,2.8476632e-05,0,43-49
66423427,46,2,8.103074e-05,0,43-49
66423630,46,2,0.00012195879,0,43-49
66423833,46,2,4.7494046e-05,0,43-49
66424056,46,2,0.0003396918,0,43-49
66424061,46,2,0.00022757717,0,43-49
66424100,46,2,5.522477e-05,0,43-49
66424105,46,2,0.00026168834,0,43-49
66424296,46,2,0.00010878441,0,43-49
66424503,46,2,0.00054356473,0,43-49
66425212,46,2,0.0001513144,0,43-49
66426338,46,2,5.852749e-05,0,43-49
66426364,46,2,0.00043513646,0,43-49
66426611,46,2,0.0005497778,0,43-49
66426847,46,2,8.5380525e-05,0,43-49
66426860,46,2,0.0006674067,0,43-49
66427066,46,2,5.448729e-05,0,43-49
66427086,46,2,0.00021390611,0,43-49
66427463,46,2,9.991555e-05,0,43-49
66427513,46,2,0.00027457508,0,43-49
66427664,46,2,0.00032118964,0,43-49
66427749,46,2,0.00012746603,0,43-49
66427878,46,2,7.506645e-05,0,43-49
66427930,46,2,0.003727153,0,43-49
66428401,46,2,0.00015280885,0,43-49
66428705,46,2,0.000418046,0,43-49
66428717,46,2,0.0013921572,0,43-49
66428738,46,2,0.00020908873,0,43-49
66428743,46,2,0.00013725959,0,43-49
66428911,46,2,0.0034100942,0,43-49
66428942,46,2,0.0010587318,0,43-49
66429160,46,2,7.505543e-05,0,43-49
66429167,46,2,0.00017453752,0,43-49
66429170,46,2,0.00021568725,0,43-49
66429648,46,2,0.0003281635,0,43-49
66429650,46,2,0.00041965526,0,43-49
66429916,46,2,0.00011350247,0,43-49
66429923,46,2,0.00028835726,0,43-49
66430526,46,2,0.00044490976,0,43-49
66430527,46,2,0.00044403144,0,43-49
66430701,46,2,0.0001906077,0,43-49
66430704,46,2,0.0001349889,0,43-49
66430709,46,2,6.0990355e-05,0,43-49
66432746,46,2,0.003996442,0,43-49
66435532,46,2,2.582979e-05,0,43-49
66435614,46,2,3.3446606e-05,0,43-49
66436274,46,2,0.00047503988,0,43-49
66437434,46,2,0.02077437,0,43-49
66437606,46,2,0.09462858,0,43-49
66437629,46,2,0.0021532758,0,43-49
66437630,46,2,0.011085932,0,43-49
66437997,46,2,0.0029515575,0,43-49
66438003,46,2,0.00028585867,0,43-49
66438007,46,2,0.00044815088,0,43-49
66438008,46,2,0.02966018,0,43-49
66438035,46,2,0.008111777,0,43-49
66438045,46,2,0.0021248518,0,43-49
66438047,46,2,0.026625263,0,43-49
66438048,46,2,0.001182829,0,43-49
66438255,46,2,0.00015704105,0,43-49
66438398,46,2,0.0011662546,0,43-49
66438399,46,2,0.0055283103,0,43-49
66438401,46,2,0.00028128808,0,43-49
66439429,46,2,0.20336016,0,43-49
66439433,46,2,0.20810203,0,43-49
66440734,46,2,0.00012864449,0,43-49
66440913,46,2,2.6817754e-05,0,43-49
66441566,46,2,0.00014986355,0,43-49
66441574,46,2,8.534666e-05,0,43-49
66442559,46,2,0.00010056957,0,43-49
66447544,46,2,0.019221157,0,43-49
66447548,46,2,0.10543072,0,43-49
66447754,46,2,0.0008010272,0,43-49
66447964,46,2,0.0001399029,0,43-49
66447967,46,2,0.00025719666,0,43-49
66448112,46,2,0.0002812843,0,43-49
66457149,46,2,7.6779004e-05,0,43-49
66457389,46,2,0.0014488788,0,43-49
66464301,46,2,0.0001326648,0,43-49
66465234,46,2,5.8631173e-05,0,43-49
66474773,46,2,0.00018472431,0,43-49
66520942,46,2,0.014318491,0,43-49
66522249,46,2,0.00031520965,0,43-49
66522453,46,2,0.00020684428,0,43-49
66525811,46,2,0.00026064005,0,43-49
66525815,46,2,0.00050469494,0,43-49
66565043,46,2,5.47345e-05,0,43-49
67001612,46,2,0.00011645491,0,43-49
67749446,46,2,0.004723112,0,43-49
70672702,46,2,0.004718654,0,43-49
72570642,46,2,0.20047744,0,43-49
72869460,46,2,0.114510894,0,43-49
72869690,46,2,5.2427615e-05,0,43-49
74195778,46,2,0.9504536,1,43-49
75078587,46,1,0.89497924,1,43-49
75419743,46,2,0.00018146793,0,43-49
78087451,46,2,0.0036090207,0,43-49
78882623,46,2,0.00030911303,0,43-49
79244550,46,2,0.0007924213,0,43-49
79365126,46,2,0.00021897283,0,43-49
79393396,46,2,0.01465539,0,43-49
80119141,46,2,0.00037365043,0,43-49
80119175,46,2,0.0016280675,0,43-49
80406543,46,2,0.00015245446,0,43-49
80728293,46,2,0.0010299257,0,43-49
81026701,46,2,0.006089242,0,43-49
81726621,46,2,0.00077297713,0,43-49
82296271,46,2,4.315518e-05,0,43-49
83399487,46,2,0.00030714017,0,43-49
84256457,46,2,5.6779445e-05,0,43-49
84371036,46,2,8.612876e-05,0,43-49
85079055,46,2,0.0057668644,0,43-49
87021023,46,2,8.7620894e-05,0,43-49
87172265,46,2,0.017367508,0,43-49
87732051,46,2,0.9486766,1,43-49
87766870,46,2,0.010969531,0,43-49
88021508,46,2,0.00011606678,0,43-49
89376781,46,2,0.05525647,0,43-49
95641017,46,2,9.3099574e-05,0,43-49
97280909,46,2,0.00016579515,0,43-49
99887258,46,2,0.00016211397,0,43-49
104000053,46,2,0.0004525261,0,43-49
105097056,46,2,0.00013010959,0,43-49
109165316,46,2,9.389056e-05,0,43-49
109179805,46,2,0.000106006904,0,43-49
110963409,46,2,1.8428387e-05,0,43-49
111171925,46,2,0.00016902223,0,43-49
111690202,46,2,0.093860224,0,43-49
115786408,46,2,0.00017625473,0,43-49
116476641,46,2,0.16361567,0,43-49
116511766,46,2,0.0033879152,0,43-49
118535800,46,2,0.0045995736,0,43-49
118874815,46,2,0.00025305766,0,43-49
120324917,46,2,4.309814e-05,0,43-49
120480994,46,2,0.00042116438,0,43-49
120609415,46,2,0.0005346312,0,43-49
121739591,46,2,0.00010842287,0,43-49
123149957,46,2,4.873698e-05,0,43-49
125969180,46,2,9.369523e-05,0,43-49
126819049,46,2,0.0001307137,0,43-49
133876531,46,2,0.00016522165,0,43-49
138297866,46,2,0.00016941286,0,43-49
139157675,46,2,0.00020062238,0,43-49
141223547,46,2,0.00012020684,0,43-49
146898750,46,2,0.00014854188,0,43-49
170773113,46,2,0.00020729167,0,43-49
172563851,46,2,0.04779494,0,43-49
174906625,46,2,0.00014031451,0,43-49
175460621,46,2,6.883261e-05,0,43-49
177966468,46,2,0.000168037,0,43-49
187254716,46,2,0.0003905333,0,43-49
187407716,46,2,0.00015493273,0,43-49
191828721,46,2,0.0002046253,0,43-49
191870464,46,2,0.00017947952,0,43-49
192718359,46,2,6.310481e-05,0,43-49
194332374,46,2,0.0007294633,0,43-49
194332599,46,2,0.00031815088,0,43-49
194333181,46,2,0.011703748,0,43-49
194333523,46,2,0.0007530392,0,43-49
194333604,46,2,0.001021731,0,43-49
194334240,46,2,0.00097652106,0,43-49
194335151,46,2,0.00024184491,0,43-49
194335254,46,2,0.00038220538,0,43-49
194336453,46,2,0.00012997926,0,43-49
194336486,46,2,0.0001167135,0,43-49
194336530,46,2,0.003176007,0,43-49
194336630,46,2,0.00016222871,0,43-49
194337647,46,2,0.05101067,0,43-49
194337658,46,2,0.00029714967,0,43-49
194338137,46,2,0.0053550634,0,43-49
194341512,46,2,0.0059403228,0,43-49
194341524,46,2,0.0022779494,0,43-49
194341864,46,2,0.0020974332,0,43-49
194342024,46,2,0.006595921,0,43-49
194342201,46,2,0.005302511,0,43-49
194342266,46,2,8.558513e-05,0,43-49
194342283,46,2,5.474019e-05,0,43-49
194342287,46,2,0.00017274047,0,43-49
194342423,46,2,0.00017623592,0,43-49
194343372,46,2,0.005485168,0,43-49
194343386,46,2,3.3048636e-05,0,43-49
194343641,46,2,0.00026655334,0,43-49
194343771,46,2,7.6224715e-05,0,43-49
194343789,46,2,0.00013330403,0,43-49
194343804,46,2,6.1609695e-05,0,43-49
194343808,46,2,0.00017684695,0,43-49
194343823,46,2,7.259926e-05,0,43-49
194343827,46,2,0.00021171653,0,43-49
194344198,46,2,6.35013e-05,0,43-49
194344206,46,2,7.241195e-05,0,43-49
194344215,46,2,0.00014856426,0,43-49
194344401,46,2,0.0030986406,0,43-49
194344660,46,2,0.00011158847,0,43-49
194344741,46,2,4.4024186e-05,0,43-49
194346782,46,2,0.22615202,0,43-49
194347194,46,2,0.00027377962,0,43-49
194347223,46,2,0.00049390434,0,43-49
194348576,46,2,0.003025271,0,43-49
194349647,46,2,0.00044666306,0,43-49
194350837,46,2,0.0008801512,0,43-49
194375596,46,2,0.0030417787,0,43-49
194375616,46,2,0.0027939607,0,43-49
194375634,46,2,0.00069329183,0,43-49
194375950,46,2,0.0020514892,0,43-49
194376081,46,2,0.00021819753,0,43-49
194376117,46,2,0.00010745362,0,43-49
194376455,46,2,6.434095e-05,0,43-49
194376478,46,2,0.0012878206,0,43-49
194376485,46,2,0.00011537534,0,43-49
194376501,46,2,0.007168406,0,43-49
194376506,46,2,8.05802e-05,0,43-49
194378081,46,2,3.1915664e-05,0,43-49
194378535,46,2,0.0023468325,0,43-49
194378698,46,2,0.0019151879,0,43-49
194381494,46,2,0.031188438,0,43-49
195419049,46,2,0.00027941706,0,43-49
195419053,46,2,4.9899347e-05,0,43-49
195419435,46,2,0.001914039,0,43-49
195419474,46,2,0.00019795002,0,43-49
195419479,46,2,0.0003074032,0,43-49
195419512,46,2,7.845165e-05,0,43-49
195419540,46,2,9.524102e-05,0,43-49
195419583,46,2,0.0008402065,0,43-49
195419589,46,2,0.00015457031,0,43-49
195419596,46,2,0.00010996167,0,43-49
195419599,46,2,0.00019810296,0,43-49
195419622,46,2,0.00022718952,0,43-49
195419623,46,2,0.00023585837,0,43-49
195419629,46,2,0.00032948927,0,43-49
195419643,46,2,0.0001591424,0,43-49
195419659,46,2,8.107017e-05,0,43-49
195419662,46,2,0.0008602442,0,43-49
195419665,46,2,7.3164505e-05,0,43-49
195419687,46,2,0.00017714432,0,43-49
195419750,46,2,4.6196066e-05,0,43-49
195419751,46,2,9.259386e-05,0,43-49
195420415,46,2,0.00021873516,0,43-49
195420417,46,2,7.84014e-05,0,43-49
195421106,46,2,0.00020831206,0,43-49
195421116,46,2,6.8278496e-05,0,43-49
195421119,46,2,4.939348e-05,0,43-49
195421130,46,2,4.6951223e-05,0,43-49
195421132,46,2,0.0044372585,0,43-49
195421134,46,2,0.00017594761,0,43-49
195421152,46,2,0.005662238,0,43-49
195421162,46,2,0.00010409425,0,43-49
195421707,46,2,0.041548662,0,43-49
195421718,46,2,4.761367e-05,0,43-49
195422373,46,2,0.19643654,0,43-49
195422450,46,2,9.667504e-05,0,43-49
195424038,46,2,0.0003203218,0,43-49
195426630,46,2,0.17765495,0,43-49
195426635,46,2,0.38711676,0,43-49
195426636,46,2,0.32588416,0,43-49
195426637,46,2,0.9623805,1,43-49
195426929,46,2,0.030171186,0,43-49
195426930,46,2,0.87091637,1,43-49
195427104,46,2,0.00018727618,0,43-49
195428168,46,2,0.016720328,0,43-49
195428179,46,2,0.38761887,0,43-49
195428305,46,2,0.12553883,0,43-49
195428306,46,2,0.09041278,0,43-49
195428309,46,2,0.46062005,0,43-49
195428311,46,2,0.16935751,0,43-49
195428316,46,2,0.5657963,0,43-49
195428317,46,2,0.45791918,0,43-49
195428318,46,2,0.4867004,0,43-49
195428319,46,2,0.7888444,1,43-49
195428900,46,2,0.0965796,0,43-49
195428902,46,2,0.5909933,0,43-49
195428903,46,2,0.671485,0,43-49
195428904,46,2,0.6724264,0,43-49
195429515,46,2,0.122191176,0,43-49
195429518,46,2,0.00026034002,0,43-49
195429521,46,2,0.0008340052,0,43-49
195429583,46,2,0.79993045,1,43-49
195429584,46,2,0.8417962,1,43-49
195429588,46,2,0.061551582,0,43-49
195429592,46,2,0.0007039416,0,43-49
195429817,46,2,0.7233038,1,43-49
195429883,46,2,0.27630046,0,43-49
195429885,46,2,0.6584906,0,43-49
195429886,46,2,0.12985761,0,43-49
195429936,46,2,0.39326748,0,43-49
195436530,46,2,0.008671263,0,43-49
195436739,46,2,0.04093919,0,43-49
195436746,46,2,0.0005801019,0,43-49
195436769,46,2,0.012700979,0,43-49
195436934,46,2,2.6474656e-05,0,43-49
195437077,46,2,0.0003529566,0,43-49
195437101,46,2,0.0012104132,0,43-49
195437269,46,2,4.1446903e-05,0,43-49
195437272,46,2,0.0001097642,0,43-49
195437280,46,2,0.00011529012,0,43-49
195437282,46,2,0.00010160445,0,43-49
195437283,46,2,0.00011262186,0,43-49
195437286,46,2,6.264912e-05,0,43-49
195437297,46,2,0.00013860679,0,43-49
195437303,46,2,0.00014372315,0,43-49
195437311,46,2,7.956406e-05,0,43-49
195437318,46,2,0.19915174,0,43-49
195437322,46,2,0.00050353014,0,43-49
195437332,46,2,0.00011617319,0,43-49
195437391,46,2,5.759346e-05,0,43-49
195437399,46,2,0.0016690571,0,43-49
195437423,46,2,0.022124413,0,43-49
195438424,46,2,8.4290514e-05,0,43-49
195438513,46,2,0.0003380998,0,43-49
195438810,46,2,0.000114435796,0,43-49
195439221,46,2,0.0010114594,0,43-49
195440360,46,2,0.00019966801,0,43-49
195440365,46,2,0.00015094604,0,43-49
195440366,46,2,6.8083245e-05,0,43-49
195440367,46,2,0.00019132784,0,43-49
195440415,46,2,0.0004634042,0,43-49
195440419,46,2,0.00026824028,0,43-49
195440440,46,2,0.00022523353,0,43-49
195440489,46,2,0.0002602425,0,43-49
195440506,46,2,0.00011892409,0,43-49
195440515,46,2,0.00023030571,0,43-49
195440729,46,2,0.0002070884,0,43-49
195440736,46,2,0.0002934649,0,43-49
195440751,46,2,0.00011438768,0,43-49
195440754,46,2,5.5818775e-05,0,43-49
195440756,46,2,0.00011143993,0,43-49
195440805,46,2,0.00078958075,0,43-49
195440807,46,2,0.00016231225,0,43-49
195440832,46,2,0.00018935435,0,43-49
195440849,46,2,7.0713e-05,0,43-49
195440861,46,2,0.000278632,0,43-49
195440862,46,2,0.0003047812,0,43-49
195440866,46,2,0.00014229094,0,43-49
195440903,46,2,0.0002966956,0,43-49
195441370,46,2,0.006897531,0,43-49
195441679,46,2,0.00012822748,0,43-49
195441720,46,2,0.00020911304,0,43-49
195441763,46,2,0.00020272256,0,43-49
195441980,46,2,0.00022931401,0,43-49
195442209,46,2,0.0011484731,0,43-49
195449419,46,2,0.00015382428,0,43-49
195449994,46,2,0.0001513493,0,43-49
195451220,46,2,0.00016330705,0,43-49
195451869,46,2,0.025103007,0,43-49
195451909,46,2,0.0005542255,0,43-49
195452151,46,2,0.00022527194,0,43-49
195452570,46,2,0.51559585,0,43-49
195490427,46,2,0.002042104,0,43-49
195490638,46,2,0.0004769244,0,43-49
195498014,46,2,0.023632593,0,43-49
195498457,46,2,0.00016658811,0,43-49
195498690,46,2,0.00022281519,0,43-49
195500413,46,2,0.00015142235,0,43-49
195503362,46,2,0.0051006046,0,43-49
195503827,46,2,5.912639e-05,0,43-49
195535414,46,2,0.00030679832,0,43-49
195543816,46,2,0.00013202838,0,43-49
195543834,46,2,0.00053842936,0,43-49
195545072,46,2,0.00015377149,0,43-49
195545082,46,2,0.0009406565,0,43-49
195566114,46,2,0.00046692748,0,43-49
195569080,46,2,0.00019262913,0,43-49
195569888,46,2,0.00028237846,0,43-49
195576419,46,2,0.0011187941,0,43-49
195576681,46,2,0.00010701596,0,43-49
195576683,46,2,0.00012431684,0,43-49
195576685,46,2,0.00013984914,0,43-49
195583206,46,2,0.006263052,0,43-49
195583664,46,2,0.007908911,0,43-49
195599243,46,2,0.00016656175,0,43-49
195622265,46,2,5.5384044e-05,0,43-49
195626745,46,2,8.845917e-05,0,43-49
195640626,46,2,0.00063920877,0,43-49
195648047,46,2,0.0002047178,0,43-49
195654304,46,2,0.00011332922,0,43-49
195654305,46,2,0.0003159606,0,43-49
195777697,46,2,0.43067622,0,43-49
195784816,46,2,0.00014071661,0,43-49
196088629,46,2,0.00026605622,0,43-49
196089039,46,2,0.0004994755,0,43-49
196089283,46,2,0.0003596943,0,43-49
196089284,46,2,0.00027614922,0,43-49
196089385,46,2,0.00030381948,0,43-49
196089403,46,2,0.061150137,0,43-49
196089649,46,2,0.2488133,0,43-49
196089650,46,2,0.005179794,0,43-49
196089710,46,2,6.859534e-05,0,43-49
196089787,46,2,0.00040994948,0,43-49
196089923,46,2,0.013230831,0,43-49
196089959,46,2,0.0055993902,0,43-49
196090052,46,2,0.00029618267,0,43-49
196090350,46,2,0.0048361663,0,43-49
196090511,46,2,0.0059456304,0,43-49
196090570,46,2,6.893903e-05,0,43-49
196090624,46,2,0.0002462648,0,43-49
196090749,46,2,0.00010923565,0,43-49
196090876,46,2,0.0026750101,0,43-49
196091186,46,2,0.1176147,0,43-49
196091211,46,2,0.010169039,0,43-49
196091433,46,2,0.050486207,0,43-49
196091453,46,2,0.00051746896,0,43-49
196091565,46,2,0.00011905559,0,43-49
196091566,46,2,0.000121667465,0,43-49
196091571,46,2,9.0223584e-05,0,43-49
196092009,46,2,0.00018192409,0,43-49
196092023,46,2,0.0006513154,0,43-49
196092384,46,2,0.052514818,0,43-49
196092389,46,2,0.0047215368,0,43-49
196092403,46,2,0.00486626,0,43-49
196092691,46,2,0.017707538,0,43-49
196093530,46,2,0.00012361645,0,43-49
196093896,46,2,0.010552247,0,43-49
196094555,46,2,0.0024271668,0,43-49
196104081,46,2,0.2505844,0,43-49
196104130,46,2,0.000313603,0,43-49
196104258,46,2,0.000110805006,0,43-49
196104303,46,2,8.870506e-05,0,43-49
196104318,46,2,9.7785225e-05,0,43-49
196104353,46,2,0.00013756646,0,43-49
196104399,46,2,0.0001548633,0,43-49
196104560,46,2,0.0014511601,0,43-49
196104671,46,2,0.00016500422,0,43-49
196104686,46,2,0.005804045,0,43-49
196104721,46,2,0.0024844597,0,43-49
196105090,46,2,0.0001435499,0,43-49
196105093,46,2,0.00084291975,0,43-49
196105115,46,2,0.0057428577,0,43-49
196105139,46,2,8.7066685e-05,0,43-49
196105263,46,2,0.0001889208,0,43-49
196105355,46,2,0.00021624056,0,43-49
196105366,46,2,0.0004195807,0,43-49
196105522,46,2,0.0002605034,0,43-49
196105554,46,2,0.0010766776,0,43-49
196105600,46,2,0.00024491746,0,43-49
196105613,46,2,0.00022321791,0,43-49
196105664,46,2,0.00019048307,0,43-49
196105849,46,2,0.0017232962,0,43-49
196105861,46,2,7.7527315e-05,0,43-49
196105891,46,2,0.0056896852,0,43-49
196106160,46,2,0.00012429622,0,43-49
196106415,46,2,0.00022759759,0,43-49
196106480,46,2,0.00084586017,0,43-49
196107025,46,2,0.0073285066,0,43-49
196107057,46,2,0.00010643312,0,43-49
196107124,46,2,4.364059e-05,0,43-49
196107869,46,2,0.0013054848,0,43-49
196111623,46,2,0.0004059672,0,43-49
196115726,46,2,0.39684594,0,43-49
196122645,46,1,0.015582865,0,43-49
196255567,46,2,0.00025764358,0,43-49
196255569,46,2,8.767213e-05,0,43-49
196255579,46,2,0.0025690345,0,43-49
196255607,46,2,5.0906234e-05,0,43-49
196255739,46,2,0.00016313429,0,43-49
196255772,46,2,9.0776935e-05,0,43-49
196255787,46,2,9.99124e-05,0,43-49
196255811,46,2,0.0001493255,0,43-49
196255830,46,2,4.933299e-05,0,43-49
196255846,46,2,0.00012654961,0,43-49
196255854,46,2,0.00021109206,0,43-49
196255892,46,2,6.528055e-05,0,43-49
196255930,46,2,0.00015666385,0,43-49
196256022,46,2,0.0003220178,0,43-49
196256051,46,2,0.00012655914,0,43-49
196256088,46,2,0.00020802287,0,43-49
196256248,46,2,0.0001722477,0,43-49
196256253,46,2,9.93439e-05,0,43-49
196256872,46,2,0.00018601441,0,43-49
196256884,46,2,0.0001564841,0,43-49
196257164,46,2,0.00017055016,0,43-49
196257183,46,2,0.00014570216,0,43-49
196257230,46,2,0.00013910636,0,43-49
196257497,46,2,4.7494046e-05,0,43-49
196257515,46,2,0.00016179877,0,43-49
196257549,46,2,0.00013284392,0,43-49
196257565,46,2,0.00016962233,0,43-49
196257589,46,2,8.5912456e-05,0,43-49
196257689,46,2,0.00049250736,0,43-49
196257703,46,2,0.00020946306,0,43-49
196257710,46,2,0.00015311148,0,43-49
196257743,46,2,0.00032893624,0,43-49
196257764,46,2,0.00022813659,0,43-49
196257791,46,2,0.0002812213,0,43-49
196257796,46,2,0.00019260564,0,43-49
196257961,46,2,0.00011428704,0,43-49
196258345,46,2,0.00016030963,0,43-49
196260600,46,2,0.00027183874,0,43-49
196269119,46,2,0.9870259,1,43-49
196398158,46,2,0.027443582,0,43-49
196399472,46,2,0.14366853,0,43-49
235586,47,2,0.00011803316,0,43-49
1754564,47,2,3.6388166e-05,0,43-49
1785264,47,2,6.050594e-05,0,43-49
1787201,47,2,4.2974032e-05,0,43-49
1854409,47,2,7.43543e-05,0,43-49
1877747,47,2,0.00016708764,0,43-49
2191929,47,2,0.00021053026,0,43-49
2577047,47,2,0.00027841638,0,43-49
3098169,47,2,5.842449e-05,0,43-49
3510576,47,2,4.1364892e-05,0,43-49
3623625,47,2,5.3425516e-05,0,43-49
4374894,47,2,9.139572e-05,0,43-49
4547997,47,2,0.00016938911,0,43-49
4992641,47,2,3.988445e-05,0,43-49
4998737,47,2,0.22092241,0,43-49
6138366,47,2,0.00040500623,0,43-49
7491822,47,2,0.00014784635,0,43-49
7491830,47,2,0.00066132104,0,43-49
7491836,47,2,0.00033741022,0,43-49
7491846,47,2,0.0002076632,0,43-49
7491851,47,2,0.00023929798,0,43-49
7506925,47,2,0.00010191817,0,43-49
7564652,47,2,0.00042072477,0,43-49
7834222,47,2,5.9439302e-05,0,43-49
9273158,47,2,0.00024714757,0,43-49
11268149,47,2,8.5603904e-05,0,43-49
12081598,47,2,0.000116078176,0,43-49
12455512,47,2,5.5756103e-05,0,43-49
13269003,47,2,4.9345548e-05,0,43-49
13309176,47,2,0.00020584954,0,43-49
14737240,47,2,0.00032169378,0,43-49
14803706,47,1,0.0400575,0,43-49
15944534,47,2,0.000104683044,0,43-49
17294880,47,2,7.8629084e-05,0,43-49
18918220,47,2,0.000105535386,0,43-49
19170155,47,2,9.520043e-05,0,43-49
19254321,47,2,0.00011287528,0,43-49
22314581,47,2,0.00024700997,0,43-49
24459104,47,2,6.155543e-05,0,43-49
26047332,47,2,0.000430672,0,43-49
26181447,47,2,7.563691e-05,0,43-49
26945566,47,2,2.3825403e-05,0,43-49
27128073,47,2,0.0037682892,0,43-49
27496465,47,2,4.0632804e-05,0,43-49
28185424,47,2,0.0014800598,0,43-49
28967218,47,2,0.0285875,0,43-49
29141337,47,2,5.429237e-05,0,43-49
29646430,47,2,6.2277424e-05,0,43-49
29812110,47,2,8.6030836e-05,0,43-49
30084029,47,2,8.549418e-05,0,43-49
30938661,47,2,3.393483e-05,0,43-49
31139903,47,2,4.3304583e-05,0,43-49
31580387,47,2,0.00012623072,0,43-49
31582491,47,2,3.0112542e-05,0,43-49
31646401,47,2,0.00011802404,0,43-49
31945218,47,2,0.0009965769,0,43-49
32054179,47,1,0.00036879102,0,43-49
34649858,47,2,0.0020716644,0,43-49
34893448,47,2,9.011379e-05,0,43-49
35631809,47,2,3.538526e-05,0,43-49
35654921,47,2,0.027370617,0,43-49
36362457,47,2,0.00054508256,0,43-49
36364435,47,2,2.56783e-05,0,43-49
37366569,47,2,4.5204415e-05,0,43-49
38615823,47,2,4.5584064e-05,0,43-49
38688623,47,2,5.5089484e-05,0,43-49
39307276,47,2,0.00011368434,0,43-49
39393441,47,2,6.999594e-05,0,43-49
40190602,47,2,8.488758e-05,0,43-49
40619612,47,2,0.0027686357,0,43-49
41070254,47,2,5.436666e-05,0,43-49
41070601,47,2,8.787393e-05,0,43-49
41070604,47,2,8.052051e-05,0,43-49
41070608,47,2,7.445207e-05,0,43-49
41070611,47,2,5.619092e-05,0,43-49
42348879,47,2,5.4081796e-05,0,43-49
42785015,47,2,0.00033337157,0,43-49
43703461,47,2,0.000104935796,0,43-49
43965576,47,2,3.0745967e-05,0,43-49
44348901,47,2,0.26928994,0,43-49
47945520,47,2,0.00045143563,0,43-49
50081278,47,2,0.00012045755,0,43-49
50732436,47,2,0.00012160089,0,43-49
50908945,47,2,0.004598916,0,43-49
51241093,47,2,3.5384448e-05,0,43-49
51241159,47,2,0.0003229278,0,43-49
52178783,47,2,0.002072537,0,43-49
52223144,47,2,0.006407539,0,43-49
52455532,47,2,9.966196e-05,0,43-49
53845870,47,2,7.214659e-05,0,43-49
54095065,47,2,0.00015273353,0,43-49
56323413,47,2,9.545478e-05,0,43-49
56615777,47,2,6.4489424e-05,0,43-49
57836170,47,2,0.10987518,0,43-49
59500658,47,2,0.00029781304,0,43-49
60359459,47,2,0.009955233,0,43-49
60660610,47,2,2.9021354e-05,0,43-49
60673519,47,2,6.764519e-05,0,43-49
61067675,47,2,0.032205667,0,43-49
61158159,47,2,0.00017244901,0,43-49
62658387,47,2,0.00036316278,0,43-49
62673760,47,2,0.00014849046,0,43-49
62752980,47,2,6.332671e-05,0,43-49
63080024,47,2,2.6722731e-05,0,43-49
63254396,47,2,5.7190646e-05,0,43-49
64174053,47,2,0.00014977955,0,43-49
64495168,47,2,0.0025363453,0,43-49
65393287,47,2,0.00163785,0,43-49
65406297,47,2,0.00046282084,0,43-49
65470419,47,2,0.021685297,0,43-49
67319243,47,2,8.013781e-05,0,43-49
69071909,47,2,0.0011226626,0,43-49
70311541,47,2,0.007902685,0,43-49
70607352,47,2,5.2894342e-05,0,43-49
70669824,47,2,0.0046752654,0,43-49
70958108,47,2,0.0017670038,0,43-49
71382683,47,2,0.00955861,0,43-49
71382685,47,2,0.00010078519,0,43-49
71606734,47,2,0.012349708,0,43-49
73145456,47,2,3.4975223e-05,0,43-49
73148377,47,2,0.00027562867,0,43-49
74456968,47,2,5.3371183e-05,0,43-49
75730460,47,2,0.0011807741,0,43-49
75788193,47,2,0.018501734,0,43-49
75789567,47,2,0.00016456051,0,43-49
75791665,47,2,4.956627e-05,0,43-49
75792565,47,2,0.007671971,0,43-49
77724398,47,2,4.8913495e-05,0,43-49
83121915,47,2,8.4934385e-05,0,43-49
90578545,47,2,8.291935e-05,0,43-49
92257112,47,2,0.00668029,0,43-49
92692345,47,2,0.0003312139,0,43-49
93063701,47,2,0.00015729642,0,43-49
93662855,47,2,0.00010786272,0,43-49
94227091,47,2,0.00011977856,0,43-49
95277643,47,2,9.689867e-05,0,43-49
96027603,47,2,4.5703066e-05,0,43-49
97155673,47,2,0.0009412276,0,43-49
101211541,47,2,9.0567955e-05,0,43-49
101692510,47,2,0.10148161,0,43-49
102343697,47,2,0.000110050736,0,43-49
102436731,47,2,0.017945105,0,43-49
102932673,47,2,5.1098206e-05,0,43-49
103136115,47,2,5.6253102e-05,0,43-49
103136708,47,2,0.00011412739,0,43-49
103139209,47,2,0.0001551573,0,43-49
104004398,47,2,0.0006462261,0,43-49
104845273,47,2,0.0037084788,0,43-49
105490236,47,2,3.1955075e-05,0,43-49
108707984,47,2,0.00015022897,0,43-49
112511172,47,2,0.00021717799,0,43-49
113903860,47,2,8.1866456e-05,0,43-49
113974818,47,2,6.8939225e-05,0,43-49
121513111,47,2,5.4941327e-05,0,43-49
121714948,47,2,0.000100935424,0,43-49
123428355,47,2,0.00044542408,0,43-49
124922317,47,2,0.0005513248,0,43-49
125857230,47,2,0.00074465066,0,43-49
133130343,47,2,0.0001412017,0,43-49
135805287,47,2,0.0355221,0,43-49
140144678,47,2,0.00062992756,0,43-49
140964844,47,2,0.081872374,0,43-49
146581674,47,2,0.00039285698,0,43-49
148114185,47,2,0.0032246753,0,43-49
161157730,47,2,0.00022837707,0,43-49
162395844,47,2,0.04665334,0,43-49
163427085,47,2,0.0006485475,0,43-49
164028697,47,2,6.9754e-05,0,43-49
164594703,47,2,0.0004595939,0,43-49
168276620,47,2,0.00411521,0,43-49
176334020,47,2,0.00023640908,0,43-49
178102917,47,2,5.226622e-05,0,43-49
178991272,47,2,2.6951766e-05,0,43-49
178998421,47,2,1.8177756e-05,0,43-49
181403739,47,2,0.00042452608,0,43-49
183046403,47,2,0.00062847364,0,43-49
183288709,47,2,0.005621945,0,43-49
189578548,47,2,0.00025285556,0,43-49
192839947,47,2,0.11636002,0,43-49
201067742,47,2,0.0001772905,0,43-49
208130329,47,2,0.00024387053,0,43-49
212010797,47,2,0.000100761645,0,43-49
212255388,47,2,0.00012868988,0,43-49
212259150,47,2,0.00035929587,0,43-49
212722108,47,1,0.0008011372,0,43-49
212756739,47,2,0.0016487554,0,43-49
213767301,47,2,0.00011949016,0,43-49
213777237,47,2,0.00018355568,0,43-49
218010378,47,2,0.8072761,1,43-49
218010555,47,2,0.044567596,0,43-49
218011087,47,2,0.06038462,0,43-49
218011208,47,2,0.0011642732,0,43-49
218011322,47,2,0.008926512,0,43-49
218011326,47,2,0.00089468295,0,43-49
218011762,47,2,0.086610354,0,43-49
218011771,47,2,0.00037142844,0,43-49
218015597,47,2,0.00083260407,0,43-49
218015604,47,2,0.023555188,0,43-49
218016024,47,2,0.03427878,0,43-49
218016770,47,2,0.011081364,0,43-49
218016775,47,2,0.001226194,0,43-49
218016806,47,2,0.005267534,0,43-49
218016819,47,2,0.013008945,0,43-49
218016822,47,2,0.003027157,0,43-49
218019741,47,2,0.020647265,0,43-49
218021673,47,2,0.001434275,0,43-49
218022446,47,2,0.0006464558,0,43-49
218022450,47,2,0.00032266066,0,43-49
218023183,47,2,0.00058615085,0,43-49
218023850,47,2,5.9637565e-05,0,43-49
218023867,47,2,0.03834444,0,43-49
218023874,47,2,0.017867196,0,43-49
218024190,47,2,3.1603286e-05,0,43-49
218024205,47,2,0.0016560866,0,43-49
218024376,47,2,0.0005160885,0,43-49
218024707,47,2,2.9873054e-05,0,43-49
218024709,47,2,0.00011564751,0,43-49
218025376,47,2,0.00050720345,0,43-49
218027164,47,2,9.3262184e-05,0,43-49
218028288,47,2,0.00069640914,0,43-49
218028677,47,2,0.0005185123,0,43-49
218028684,47,2,0.0017116601,0,43-49
218028865,47,2,3.693933e-05,0,43-49
218028873,47,2,0.00050606276,0,43-49
218029198,47,2,3.1446743e-05,0,43-49
218030084,47,2,0.00010120509,0,43-49
218030526,47,2,0.00094028696,0,43-49
218030893,47,2,0.00038271528,0,43-49
218031007,47,2,0.00046602066,0,43-49
218031021,47,2,0.00026528668,0,43-49
218031494,47,2,0.0035189914,0,43-49
218031549,47,2,7.730171e-05,0,43-49
218031926,47,2,0.000446034,0,43-49
218032370,47,2,9.73939e-05,0,43-49
218032409,47,2,0.046482634,0,43-49
218032449,47,2,0.00010687605,0,43-49
218032470,47,2,0.00014785453,0,43-49
218032639,47,2,5.664937e-05,0,43-49
218032917,47,2,0.004925024,0,43-49
218032920,47,2,0.0006301777,0,43-49
218032934,47,2,0.0003791725,0,43-49
218033063,47,2,5.6955203e-05,0,43-49
218033192,47,2,0.00010806625,0,43-49
218033571,47,2,0.00033528206,0,43-49
218035272,47,2,6.291781e-05,0,43-49
218035934,47,2,0.00075865304,0,43-49
218037378,47,2,6.80072e-05,0,43-49
218039478,47,2,2.3749271e-05,0,43-49
218039532,47,2,5.6582907e-05,0,43-49
218039695,47,2,8.490531e-05,0,43-49
218039702,47,2,5.5440847e-05,0,43-49
218039707,47,2,0.0019995873,0,43-49
218039901,47,2,7.523644e-05,0,43-49
218039927,47,2,0.026842425,0,43-49
218039931,47,2,0.002205091,0,43-49
218039936,47,2,0.0146516645,0,43-49
218040017,47,2,0.0023861988,0,43-49
218040068,47,2,0.00018087367,0,43-49
218040083,47,2,0.017754626,0,43-49
218040097,47,2,0.0025278702,0,43-49
218040123,47,2,0.0024529672,0,43-49
218040246,47,2,0.0016585158,0,43-49
218043852,47,2,0.0078005916,0,43-49
218043862,47,2,0.008835838,0,43-49
218045454,47,2,0.0034307027,0,43-49
218045659,47,2,0.0011906577,0,43-49
218045663,47,2,0.00059776276,0,43-49
218045666,47,2,0.0011027068,0,43-49
218047016,47,2,0.10055609,0,43-49
218047554,47,2,0.0025909485,0,43-49
218047558,47,2,0.02830808,0,43-49
218047748,47,2,7.638057e-05,0,43-49
218047757,47,2,7.194357e-05,0,43-49
218047773,47,2,0.00012175835,0,43-49
218047781,47,2,0.000109622255,0,43-49
218047784,47,2,0.0009940829,0,43-49
218050039,47,2,0.003029593,0,43-49
218050775,47,2,0.09850537,0,43-49
218051244,47,2,0.017633606,0,43-49
218051282,47,2,0.00039276955,0,43-49
218051628,47,2,0.033402424,0,43-49
218053345,47,2,0.00016250598,0,43-49
218053350,47,2,7.580689e-05,0,43-49
218053353,47,2,0.00029657345,0,43-49
218053488,47,2,4.183415e-05,0,43-49
218053492,47,2,5.8297937e-05,0,43-49
218053497,47,2,0.00013779016,0,43-49
218053503,47,2,0.0007559684,0,43-49
218053505,47,2,0.00020239055,0,43-49
218053511,47,2,0.00014382885,0,43-49
218053666,47,2,0.00022712024,0,43-49
218053670,47,2,0.0002527946,0,43-49
218053690,47,2,0.00023590852,0,43-49
218054027,47,2,0.00011315892,0,43-49
218058339,47,2,0.0038166072,0,43-49
218059723,47,2,0.0012308581,0,43-49
218059737,47,2,0.0003496395,0,43-49
218061378,47,2,0.021424051,0,43-49
218061381,47,2,0.030588532,0,43-49
218061386,47,2,0.015176608,0,43-49
218061421,47,2,4.945494e-05,0,43-49
218061465,47,2,0.0030327633,0,43-49
218061480,47,2,0.014966201,0,43-49
218062869,47,2,0.00022160266,0,43-49
218062873,47,2,0.0010647192,0,43-49
218062887,47,2,0.00062910863,0,43-49
218062890,47,2,0.0003176638,0,43-49
218062893,47,2,0.0008583308,0,43-49
218064267,47,2,8.0565136e-05,0,43-49
218064695,47,2,0.00050787226,0,43-49
218064707,47,2,0.0005045521,0,43-49
218064717,47,2,0.0008856382,0,43-49
218065115,47,2,0.0010223697,0,43-49
218065494,47,2,0.0006524837,0,43-49
218066217,47,2,0.0011948387,0,43-49
218068135,47,2,0.054946464,0,43-49
218068197,47,2,0.045979846,0,43-49
218068208,47,2,0.39890486,0,43-49
218068433,47,2,0.002743905,0,43-49
218068532,47,2,0.0006305472,0,43-49
218068549,47,2,0.0016030839,0,43-49
218068850,47,2,0.0048236037,0,43-49
218068854,47,2,0.0046389764,0,43-49
218069252,47,2,0.03883491,0,43-49
218069948,47,2,0.00045005983,0,43-49
218070352,47,2,0.0015030876,0,43-49
218071878,47,2,0.0005601934,0,43-49
218072598,47,2,0.0012999808,0,43-49
218072619,47,2,0.06707669,0,43-49
218072630,47,2,0.0010331012,0,43-49
218073111,47,2,0.00012937398,0,43-49
218073389,47,2,0.00017285201,0,43-49
218073419,47,2,5.168513e-05,0,43-49
218073424,47,2,6.944067e-05,0,43-49
218073427,47,2,0.00017257403,0,43-49
218073432,47,2,0.00031008176,0,43-49
218073440,47,2,0.00012244645,0,43-49
218073784,47,2,0.0002190102,0,43-49
218075150,47,2,0.0002381059,0,43-49
218075696,47,2,0.00014517683,0,43-49
218075700,47,2,0.00014875917,0,43-49
218075956,47,2,0.00014713038,0,43-49
218075961,47,2,0.000118295124,0,43-49
218076473,47,2,0.00027769557,0,43-49
218077113,47,2,0.00080739975,0,43-49
218077477,47,2,0.000118180025,0,43-49
218079023,47,2,7.7586556e-05,0,43-49
218079030,47,2,0.00010579121,0,43-49
218079137,47,2,0.000117752,0,43-49
218079297,47,2,0.00014252492,0,43-49
218079318,47,2,9.000721e-05,0,43-49
218079391,47,2,0.0002754159,0,43-49
218079405,47,2,9.544294e-05,0,43-49
218079641,47,2,0.000103247236,0,43-49
218080593,47,2,3.8408754e-05,0,43-49
218080601,47,2,8.983546e-05,0,43-49
218080613,47,2,9.116079e-05,0,43-49
218080969,47,2,4.600913e-05,0,43-49
218080974,47,2,6.927275e-05,0,43-49
218080978,47,2,5.5355373e-05,0,43-49
218080986,47,2,3.9523653e-05,0,43-49
218080997,47,2,4.758267e-05,0,43-49
218081001,47,2,3.0960167e-05,0,43-49
218081006,47,2,4.1608208e-05,0,43-49
218081008,47,2,0.00013559395,0,43-49
218084627,47,2,0.16175151,0,43-49
218086718,47,2,6.704332e-05,0,43-49
218089074,47,2,8.392991e-05,0,43-49
218089235,47,2,0.0022817152,0,43-49
218089321,47,2,0.00046043796,0,43-49
218089571,47,2,0.017260555,0,43-49
218090483,47,2,0.0011130404,0,43-49
218091566,47,1,0.027840331,0,43-49
218091572,47,1,0.005930282,0,43-49
218091573,47,1,0.0020855751,0,43-49
218091577,47,1,0.018405378,0,43-49
218091648,47,2,0.000120050594,0,43-49
218092606,47,2,5.619863e-05,0,43-49
218093920,47,2,0.0005588407,0,43-49
218094265,47,2,0.0008272199,0,43-49
218094616,47,2,0.0005756944,0,43-49
218094668,47,2,0.00010486577,0,43-49
218095274,47,2,0.0036177454,0,43-49
218096188,47,2,0.00018672807,0,43-49
218096291,47,2,0.0002016011,0,43-49
218099150,47,2,0.00018273162,0,43-49
218099154,47,2,0.00016675467,0,43-49
218099484,47,2,3.6886002e-05,0,43-49
218099491,47,2,6.703539e-05,0,43-49
218100966,47,2,6.3087304e-05,0,43-49
218102606,47,2,0.000126609,0,43-49
218103291,47,2,5.3004518e-05,0,43-49
218116829,47,2,0.00014401948,0,43-49
218116989,47,2,0.10625553,0,43-49
218117022,47,2,5.26062e-05,0,43-49
218117899,47,2,0.00016757299,0,43-49
218118793,47,2,0.00040073926,0,43-49
218119412,47,2,0.0259389,0,43-49
218121498,47,2,0.0821429,0,43-49
218121514,47,2,0.0018172624,0,43-49
218121518,47,2,0.005296471,0,43-49
218121521,47,2,0.0014412104,0,43-49
218121627,47,2,0.0034504938,0,43-49
218122248,47,2,0.000706024,0,43-49
218124060,47,2,0.000113874004,0,43-49
218124798,47,2,0.0013284613,0,43-49
218124812,47,2,0.00015281088,0,43-49
218125499,47,2,0.00012745461,0,43-49
218125812,47,2,0.001027084,0,43-49
218127603,47,2,0.0038862908,0,43-49
218128373,47,2,6.409117e-05,0,43-49
218128759,47,2,0.012425025,0,43-49
218128787,47,2,0.0020539018,0,43-49
218130196,47,2,0.0013657153,0,43-49
218131048,47,2,0.0018117126,0,43-49
218131051,47,2,0.02616182,0,43-49
218133800,47,2,8.1518774e-05,0,43-49
218133812,47,2,5.8438036e-05,0,43-49
218133814,47,2,0.001071121,0,43-49
218135117,47,2,0.5894132,0,43-49
218135731,47,2,0.00019351703,0,43-49
218135738,47,2,0.00036854553,0,43-49
218135759,47,2,6.8735404e-05,0,43-49
218136481,47,2,0.00033670056,0,43-49
218136485,47,2,0.0002024004,0,43-49
218138897,47,2,0.00015876499,0,43-49
218139542,47,2,0.0004313109,0,43-49
218141918,47,2,0.0028161057,0,43-49
218142111,47,2,0.040507514,0,43-49
218142114,47,2,0.0026821576,0,43-49
218142122,47,2,0.0029911036,0,43-49
218143490,47,2,0.0022083079,0,43-49
218143497,47,2,0.0028909498,0,43-49
218143502,47,2,0.1632427,0,43-49
218144435,47,2,0.00016476179,0,43-49
218145212,47,2,7.219057e-05,0,43-49
218145289,47,2,5.637566e-05,0,43-49
218145290,47,2,0.00024697324,0,43-49
218145295,47,2,0.0002799146,0,43-49
218145690,47,2,0.00047709447,0,43-49
218145693,47,2,9.570068e-05,0,43-49
218146157,47,2,4.1822506e-05,0,43-49
218147941,47,2,0.000506346,0,43-49
218147946,47,2,0.00075117964,0,43-49
218148723,47,2,0.00081115455,0,43-49
218149291,47,2,0.00014883748,0,43-49
218149299,47,2,0.013491661,0,43-49
218151235,47,2,0.0016835299,0,43-49
218151306,47,1,0.0060807895,0,43-49
218152286,47,2,0.0020428542,0,43-49
218153088,47,2,0.0007684255,0,43-49
218153089,47,2,0.00011911032,0,43-49
218153352,47,2,0.001132082,0,43-49
218153433,47,2,0.00056537916,0,43-49
218156731,47,2,0.00022378349,0,43-49
218156765,47,2,5.4667e-05,0,43-49
218166682,47,1,0.002070811,0,43-49
218263214,47,2,0.003461125,0,43-49
218263226,47,2,0.027630491,0,43-49
218263227,47,2,0.0420846,0,43-49
218263270,47,2,0.0001893966,0,43-49
218263504,47,2,0.00036295163,0,43-49
218263798,47,2,0.022567391,0,43-49
218264913,47,2,9.524837e-05,0,43-49
218264956,47,2,7.719453e-05,0,43-49
218266389,47,2,0.006301596,0,43-49
218266524,47,2,0.00029063152,0,43-49
218266528,47,2,0.004769157,0,43-49
218266530,47,2,0.0065911324,0,43-49
218266535,47,2,0.00047425923,0,43-49
218266537,47,2,0.022922812,0,43-49
218266540,47,2,0.0011680691,0,43-49
218266543,47,2,0.0005246428,0,43-49
218266544,47,2,0.0002366603,0,43-49
218266550,47,2,0.0009333712,0,43-49
218266551,47,2,0.00012390593,0,43-49
218266553,47,2,0.00026410611,0,43-49
218266556,47,2,0.00039582755,0,43-49
218266570,47,2,2.6843749e-05,0,43-49
218267527,47,2,0.0011734281,0,43-49
218271078,47,2,0.0005665967,0,43-49
218271506,47,2,0.001976042,0,43-49
218272481,47,2,0.009401392,0,43-49
218274099,47,2,0.00045547305,0,43-49
218274123,47,2,0.0007424803,0,43-49
218274259,47,2,0.00090039044,0,43-49
218274281,47,2,0.00990674,0,43-49
218274306,47,2,0.0072853104,0,43-49
218274801,47,2,0.004049164,0,43-49
218275067,47,2,0.00024909142,0,43-49
218275074,47,2,0.0002074271,0,43-49
218275107,47,2,0.0012724549,0,43-49
218275113,47,2,0.0002555241,0,43-49
218275119,47,2,0.00043583364,0,43-49
218275121,47,2,9.2923074e-05,0,43-49
218275140,47,2,0.00043639741,0,43-49
218275223,47,2,0.00071764976,0,43-49
218275609,47,2,0.0002859808,0,43-49
218276181,47,2,0.00032836787,0,43-49
218276200,47,2,0.000522982,0,43-49
218277365,47,2,0.0016093013,0,43-49
218277979,47,2,0.0030693407,0,43-49
218279400,47,2,0.0011758999,0,43-49
218279406,47,2,0.0007330826,0,43-49
218279650,47,2,0.00064572063,0,43-49
218279669,47,2,0.0061193034,0,43-49
218280167,47,2,0.00023549703,0,43-49
218280797,47,2,0.11783111,0,43-49
218281869,47,2,3.152962e-05,0,43-49
218282940,47,2,3.2355827e-05,0,43-49
218283396,47,2,0.044302728,0,43-49
218283405,47,2,0.0021463926,0,43-49
218283424,47,2,0.012056511,0,43-49
218283428,47,2,0.0035093334,0,43-49
218283429,47,2,0.0016704592,0,43-49
218283759,47,2,0.00032444234,0,43-49
218283762,47,2,0.007944974,0,43-49
218283765,47,2,0.0022291967,0,43-49
218283768,47,2,0.08284745,0,43-49
218283769,47,2,0.022713814,0,43-49
218283770,47,2,0.020425692,0,43-49
218283773,47,2,0.004240616,0,43-49
218283788,47,2,0.0037657663,0,43-49
218283789,47,2,0.014571866,0,43-49
218283791,47,2,0.014030482,0,43-49
218283795,47,2,0.0125879655,0,43-49
218283812,47,2,0.0030086522,0,43-49
218283815,47,2,0.0032277466,0,43-49
218284846,47,2,0.0006516389,0,43-49
218284850,47,2,0.0010209676,0,43-49
218284856,47,2,0.0026690124,0,43-49
218284858,47,2,0.0009585731,0,43-49
218285334,47,2,0.012500538,0,43-49
218285486,47,2,0.17183758,0,43-49
218285493,47,2,0.016874705,0,43-49
218285924,47,2,0.015290041,0,43-49
218285993,47,2,5.9219103e-05,0,43-49
218285997,47,2,8.6584565e-05,0,43-49
218286004,47,2,0.008230246,0,43-49
218286154,47,2,0.013059976,0,43-49
218286163,47,2,6.4977896e-05,0,43-49
218286173,47,2,0.00023825168,0,43-49
218286175,47,2,0.00018152036,0,43-49
218286322,47,2,0.0031715748,0,43-49
218287846,47,2,2.3731478e-05,0,43-49
218287878,47,2,0.003064936,0,43-49
218292634,47,2,0.0038816545,0,43-49
218292796,47,2,0.0001635988,0,43-49
218292869,47,2,0.0001943117,0,43-49
218292978,47,2,0.00031452312,0,43-49
218292987,47,2,0.0001496134,0,43-49
218292990,47,2,0.00018183095,0,43-49
218293501,47,2,0.00019357276,0,43-49
218293503,47,2,0.00011435583,0,43-49
218293505,47,2,0.00077196164,0,43-49
218293508,47,2,0.00017756676,0,43-49
218293510,47,2,0.00029678104,0,43-49
218293512,47,2,0.00025092062,0,43-49
218293515,47,2,0.00012936632,0,43-49
218293647,47,2,0.00017705212,0,43-49
218293648,47,2,0.00023830915,0,43-49
218294915,47,2,0.0002754529,0,43-49
218295883,47,2,0.00089892297,0,43-49
218295886,47,2,0.00041725172,0,43-49
218295891,47,2,0.08377669,0,43-49
218295933,47,2,0.00073953485,0,43-49
218297456,47,2,0.035988566,0,43-49
218298067,47,2,6.960496e-05,0,43-49
218298082,47,2,4.423726e-05,0,43-49
218298206,47,2,2.6880252e-05,0,43-49
218298228,47,2,0.0003568332,0,43-49
218298231,47,2,0.0010268913,0,43-49
218299454,47,2,0.010115743,0,43-49
218299889,47,2,7.643879e-05,0,43-49
218303960,47,2,0.025510807,0,43-49
218304927,47,2,0.00013014583,0,43-49
218304932,47,2,0.00016479133,0,43-49
218304933,47,2,0.0001509154,0,43-49
218305782,47,2,8.685266e-05,0,43-49
218305784,47,2,0.00037394708,0,43-49
218305785,47,2,0.00014245372,0,43-49
218305950,47,2,0.00024512887,0,43-49
218306660,47,2,7.268751e-05,0,43-49
218306827,47,2,6.763106e-05,0,43-49
218306836,47,2,8.366022e-05,0,43-49
218306858,47,2,0.0007982076,0,43-49
218306861,47,2,0.0005120504,0,43-49
218306904,47,2,6.953729e-05,0,43-49
218306919,47,2,0.00024675246,0,43-49
218306920,47,2,0.0001246063,0,43-49
218306921,47,2,0.00018044078,0,43-49
218306923,47,2,0.00021659484,0,43-49
218306926,47,2,0.0011728068,0,43-49
218306935,47,2,0.00010742811,0,43-49
218306956,47,2,6.1277824e-05,0,43-49
218306958,47,2,5.9367474e-05,0,43-49
218306960,47,2,0.00010496332,0,43-49
218306966,47,2,0.00014575232,0,43-49
218306970,47,2,6.2891544e-05,0,43-49
218306973,47,2,6.159325e-05,0,43-49
218306975,47,2,4.07004e-05,0,43-49
218306977,47,2,0.0001156526,0,43-49
218307597,47,2,0.012322554,0,43-49
218307600,47,2,0.02158033,0,43-49
218307602,47,2,0.01686704,0,43-49
218307769,47,2,0.0104298135,0,43-49
218307774,47,2,0.0013711543,0,43-49
218307782,47,2,0.00049728365,0,43-49
218307785,47,2,0.24472234,0,43-49
218307786,47,2,0.045782804,0,43-49
218307883,47,2,0.580606,0,43-49
218307884,47,2,0.003356277,0,43-49
218307902,47,2,0.18982425,0,43-49
218308144,47,2,0.008963012,0,43-49
218308146,47,2,0.0240298,0,43-49
218308519,47,2,0.08735058,0,43-49
218308521,47,2,0.0030152388,0,43-49
218308522,47,2,0.0056550344,0,43-49
218309437,47,2,0.74678004,1,43-49
218310568,47,2,0.018636277,0,43-49
218312239,47,2,0.00013958482,0,43-49
218312273,47,2,0.0002672952,0,43-49
218312399,47,2,0.00012485524,0,43-49
218314014,47,2,0.0014272967,0,43-49
218314019,47,2,0.0065946025,0,43-49
218314022,47,2,0.00013005179,0,43-49
218314421,47,2,0.00023363475,0,43-49
218314433,47,2,5.570227e-05,0,43-49
218314448,47,2,0.0014147296,0,43-49
218314716,47,2,0.00037994864,0,43-49
218314791,47,2,8.381162e-05,0,43-49
218314801,47,2,0.011370834,0,43-49
218314810,47,2,2.4253497e-05,0,43-49
218395898,47,2,0.0016854014,0,43-49
218395925,47,2,0.0005841013,0,43-49
218395928,47,2,0.0009293345,0,43-49
218396032,47,2,0.0015680298,0,43-49
218396254,47,2,0.0031668777,0,43-49
218396285,47,2,0.00014747267,0,43-49
218397765,47,2,0.0009548395,0,43-49
218398208,47,2,0.00039191195,0,43-49
218398211,47,1,0.008304021,0,43-49
218398224,47,1,0.008067416,0,43-49
218398236,47,2,9.27287e-05,0,43-49
218398240,47,2,0.0313869,0,43-49
218398749,47,2,5.676331e-05,0,43-49
218399031,47,2,0.00046504303,0,43-49
218399034,47,2,0.00018719798,0,43-49
218399060,47,2,0.0005885081,0,43-49
218399064,47,2,0.0014216352,0,43-49
218399065,47,2,0.014009711,0,43-49
218399092,47,2,0.05334663,0,43-49
218400093,47,1,0.00069566787,0,43-49
218400096,47,1,0.0035586024,0,43-49
218400097,47,1,0.0029362272,0,43-49
218400309,47,2,0.00063388556,0,43-49
218400313,47,2,0.00049077295,0,43-49
218400384,47,2,0.001152829,0,43-49
218400386,47,2,0.008840233,0,43-49
218402110,47,2,0.0007775661,0,43-49
218402305,47,2,0.0007948645,0,43-49
218402726,47,2,2.8874214e-05,0,43-49
218413420,47,2,0.00016604671,0,43-49
218414030,47,2,8.738967e-05,0,43-49
218423469,47,1,0.0020375242,0,43-49
218434683,47,2,0.00037729714,0,43-49
218445832,47,2,0.028330924,0,43-49
218468513,47,2,0.0011785171,0,43-49
218468518,47,2,0.0006753654,0,43-49
218468774,47,2,0.00025946854,0,43-49
218470386,47,2,6.8994865e-05,0,43-49
218477279,47,2,4.559254e-05,0,43-49
218477656,47,2,0.080149285,0,43-49
218477668,47,2,0.0004584143,0,43-49
218488643,47,2,0.00025106635,0,43-49
218545234,47,2,3.667733e-05,0,43-49
218546987,47,2,0.00021460415,0,43-49
218548416,47,2,0.006497146,0,43-49
218550123,47,2,0.0030196945,0,43-49
218554996,47,2,5.8343096e-05,0,43-49
218555885,47,2,0.022201302,0,43-49
218555924,47,2,0.0013572663,0,43-49
218556062,47,2,0.0005265767,0,43-49
218556959,47,2,0.00788817,0,43-49
218559028,47,2,0.00012121919,0,43-49
218562519,47,2,0.00027830387,0,43-49
218562538,47,2,6.655423e-05,0,43-49
218564021,47,2,0.00011729578,0,43-49
218566611,47,2,0.00027020826,0,43-49
218570639,47,2,8.3259976e-05,0,43-49
218570980,47,2,0.00017448759,0,43-49
218573173,47,2,0.0013220777,0,43-49
218573176,47,2,0.00039962606,0,43-49
218573305,47,2,0.00012977628,0,43-49
218573519,47,2,7.164425e-05,0,43-49
218574366,47,2,0.0010066968,0,43-49
218576320,47,2,6.2848434e-05,0,43-49
218578063,47,2,8.410528e-05,0,43-49
218584530,47,2,0.00061834115,0,43-49
218584534,47,2,0.00012351878,0,43-49
218652980,47,2,0.002570418,0,43-49
218656365,47,2,0.00088920264,0,43-49
218658092,47,2,6.8428155e-05,0,43-49
218658380,47,2,6.891464e-05,0,43-49
218660876,47,2,0.0012408114,0,43-49
218660893,47,2,0.00024376265,0,43-49
218661503,47,2,0.015038087,0,43-49
218662075,47,2,0.00020985586,0,43-49
218680191,47,2,0.10563886,0,43-49
218680433,47,2,0.002252651,0,43-49
218680450,47,2,0.0173316,0,43-49
218687649,47,2,0.00023211249,0,43-49
218687876,47,2,0.00027699803,0,43-49
218690991,47,2,0.0001536683,0,43-49
218745506,47,2,4.74858e-05,0,43-49
218756018,47,2,7.510855e-05,0,43-49
218818729,47,2,0.00012764143,0,43-49
218834300,47,2,0.00019867234,0,43-49
218846767,47,2,0.00016697869,0,43-49
218957364,47,2,0.00073913083,0,43-49
218964646,47,2,0.0012114126,0,43-49
218978318,47,2,0.00012920299,0,43-49
218985003,47,2,0.00096745364,0,43-49
218988495,47,2,0.009909627,0,43-49
219159262,47,2,0.28774294,0,43-49
219163557,47,2,0.0015139962,0,43-49
219383083,47,2,0.0004684437,0,43-49
219383124,47,2,0.0027469755,0,43-49
219383192,47,2,0.00024503097,0,43-49
219384595,47,2,3.2563534e-05,0,43-49
219384809,47,2,0.0037500923,0,43-49
219384820,47,2,0.00026507356,0,43-49
219384893,47,2,0.00014508757,0,43-49
219384896,47,2,0.00094643974,0,43-49
219394265,47,2,0.00024708323,0,43-49
219394966,47,2,0.0006897972,0,43-49
219396923,47,2,5.3340296e-05,0,43-49
219396979,47,2,0.00042035576,0,43-49
219397720,47,2,0.00036458363,0,43-49
219397937,47,2,0.00040794123,0,43-49
219398576,47,2,0.051370934,0,43-49
219398596,47,2,7.830531e-05,0,43-49
219403068,47,2,0.0001075547,0,43-49
219403410,47,2,0.008246274,0,43-49
219405824,47,2,0.0006197545,0,43-49
219408232,47,2,0.20061152,0,43-49
219409913,47,2,0.00014532365,0,43-49
219413640,47,2,0.00055084965,0,43-49
219414384,47,2,0.0001929249,0,43-49
219414632,47,2,0.00018395814,0,43-49
219414636,47,2,0.00026313946,0,43-49
219414645,47,2,0.00027303773,0,43-49
219414648,47,2,0.0001737912,0,43-49
219415306,47,2,0.0003394634,0,43-49
219415322,47,2,7.354525e-05,0,43-49
219415325,47,2,0.00025250312,0,43-49
219415330,47,2,0.000536554,0,43-49
219422495,47,2,0.0026942485,0,43-49
219424473,47,2,0.019319411,0,43-49
219424475,47,2,0.038104706,0,43-49
219425081,47,2,0.006406531,0,43-49
219428772,47,2,0.003016951,0,43-49
219428783,47,2,0.026918162,0,43-49
219428788,47,2,0.028127303,0,43-49
219429100,47,2,0.0041805226,0,43-49
219429606,47,2,0.002523165,0,43-49
219436818,47,2,0.00017873663,0,43-49
219541259,47,2,0.00014336933,0,43-49
219541285,47,2,0.016028192,0,43-49
219541344,47,2,0.046443164,0,43-49
219541363,47,2,0.41949004,0,43-49
219541756,47,2,0.0019041952,0,43-49
219541794,47,2,0.0076150848,0,43-49
219541823,47,2,0.018435018,0,43-49
219541996,47,1,0.005555167,0,43-49
219542113,47,2,0.0028356547,0,43-49
219542135,47,2,0.00021287678,0,43-49
219542313,47,2,0.009644423,0,43-49
219542349,47,2,0.00053826027,0,43-49
219542384,47,2,0.0028566222,0,43-49
219542405,47,2,0.0049573267,0,43-49
219542887,47,2,0.009544715,0,43-49
219543494,47,1,0.0043360246,0,43-49
219543499,47,2,0.00020834761,0,43-49
219543500,47,2,0.042644735,0,43-49
219543504,47,2,6.835387e-05,0,43-49
219543605,47,2,9.782663e-05,0,43-49
219543633,47,2,0.045974813,0,43-49
219543654,47,2,0.009305699,0,43-49
219543900,47,2,0.0008404896,0,43-49
219543917,47,2,0.0003361829,0,43-49
219543918,47,2,0.00014927013,0,43-49
219543921,47,2,2.5824324e-05,0,43-49
219543922,47,2,0.0007197723,0,43-49
219543998,47,2,5.8582213e-05,0,43-49
219544001,47,2,0.006793296,0,43-49
219544003,47,2,0.8883834,1,43-49
219544394,47,2,0.0024911845,0,43-49
219546222,47,2,0.00024479747,0,43-49
219548645,47,2,0.0008511725,0,43-49
219551547,47,2,0.053462625,0,43-49
219553260,47,2,0.0001694392,0,43-49
219554793,47,2,7.499791e-05,0,43-49
219555853,47,2,2.8909975e-05,0,43-49
219555904,47,2,0.0032101215,0,43-49
219556165,47,2,0.0063766455,0,43-49
219556205,47,2,0.5868671,0,43-49
219557083,47,2,0.00027220105,0,43-49
219558751,47,2,0.0032480515,0,43-49
219560312,47,2,3.656805e-05,0,43-49
219562816,47,2,0.000118750715,0,43-49
219562863,47,2,0.00011464418,0,43-49
219562969,47,2,5.7075576e-05,0,43-49
219565903,47,1,0.0013755405,0,43-49
219565918,47,1,0.0047322595,0,43-49
219565927,47,1,0.016535737,0,43-49
219565930,47,1,0.0045395736,0,43-49
219565935,47,1,0.006363622,0,43-49
219566729,47,2,0.00019158798,0,43-49
219567373,47,2,0.027124854,0,43-49
219567670,47,2,0.00011795463,0,43-49
219580518,47,2,5.8347938e-05,0,43-49
219679807,47,2,0.035200033,0,43-49
219688185,47,2,0.00013828005,0,43-49
219713463,47,2,0.00085908716,0,43-49
219720174,47,2,0.06209811,0,43-49
219720175,47,2,0.0012007464,0,43-49
219752672,47,2,0.00012645793,0,43-49
219764897,47,2,5.8427613e-05,0,43-49
219850349,47,2,0.0030718048,0,43-49
219915455,47,2,0.0022329502,0,43-49
219917130,47,2,0.0022278458,0,43-49
219918390,47,2,0.00014161174,0,43-49
219922357,47,2,0.0002445679,0,43-49
219924596,47,2,0.07559265,0,43-49
219940486,47,2,9.6905416e-05,0,43-49
6418,48,2,2.9488257e-05,0,43-49
7952,48,2,3.2575026e-05,0,43-49
9351,48,2,5.8121524e-05,0,43-49
9363,48,2,0.00014363875,0,43-49
9466,48,2,6.790559e-05,0,43-49
9551,48,2,0.0006313858,0,43-49
10280,48,2,0.00018240992,0,43-49
10452,48,2,0.00014797683,0,43-49
13646,48,2,3.021685e-05,0,43-49
17122,48,2,0.0012264696,0,43-49
28907,48,2,0.0002035791,0,43-49
39994,48,2,0.000105622064,0,43-49
44664,48,2,2.3008944e-05,0,43-49
44703,48,2,2.3068178e-05,0,43-49
45766,48,2,6.748829e-05,0,43-49
72958,48,2,6.764054e-05,0,43-49
183452,48,2,0.00030789245,0,43-49
362808,48,2,3.158858e-05,0,43-49
401547,48,2,6.4681335e-05,0,43-49
424786,48,2,9.238826e-05,0,43-49
464474,48,2,0.000877906,0,43-49
549558,48,2,0.0002572268,0,43-49
549581,48,2,0.00012888416,0,43-49
563635,48,2,4.8112644e-05,0,43-49
593446,48,2,0.0003075055,0,43-49
597793,48,2,0.039978847,0,43-49
692149,48,2,6.9016314e-05,0,43-49
705092,48,2,0.0006327053,0,43-49
723904,48,2,0.0008441765,0,43-49
724580,48,2,0.0005170206,0,43-49
725203,48,2,0.0014727265,0,43-49
1435212,48,2,9.780229e-05,0,43-49
1739315,48,2,8.372758e-05,0,43-49
1803867,48,2,7.7158395e-05,0,43-49
1848064,48,2,0.00021382209,0,43-49
1852545,48,2,5.0365325e-05,0,43-49
1857358,48,2,0.00029168607,0,43-49
1857383,48,2,0.00013682927,0,43-49
1859446,48,2,0.015481634,0,43-49
1863668,48,2,0.0009395812,0,43-49
1865993,48,2,5.7422465e-05,0,43-49
1953446,48,2,1.7296605e-05,0,43-49
1966100,48,2,0.08145753,0,43-49
1981476,48,2,0.00011139647,0,43-49
1981616,48,2,4.5941524e-05,0,43-49
1982287,48,2,8.060172e-05,0,43-49
1986315,48,2,4.4162105e-05,0,43-49
2000606,48,2,0.0015457858,0,43-49
2106136,48,2,0.0014615253,0,43-49
2106177,48,2,0.026161596,0,43-49
2106217,48,2,0.006252727,0,43-49
2144054,48,1,0.0048788427,0,43-49
2149874,48,2,0.0020560503,0,43-49
2206944,48,2,4.6008383e-05,0,43-49
2207063,48,2,0.0005895593,0,43-49
2217421,48,2,3.134384e-05,0,43-49
2218496,48,2,0.00014310722,0,43-49
2218979,48,2,4.2710144e-05,0,43-49
2218993,48,2,0.0011424691,0,43-49
2226590,48,2,5.9537957e-05,0,43-49
2226591,48,2,0.012634029,0,43-49
2232001,48,2,7.548984e-05,0,43-49
2232003,48,2,0.00016906961,0,43-49
2235715,48,2,2.2426859e-05,0,43-49
2244527,48,2,1.8070974e-05,0,43-49
2244529,48,2,4.4760738e-05,0,43-49
2262862,48,2,2.416337e-05,0,43-49
2263486,48,2,0.00020297013,0,43-49
2291756,48,2,3.4977093e-05,0,43-49
2300731,48,2,4.4330885e-05,0,43-49
2304764,48,2,4.9311446e-05,0,43-49
2307236,48,2,0.0003162647,0,43-49
2307242,48,2,0.00018506545,0,43-49
2312675,48,2,0.01687725,0,43-49
2312940,48,2,8.6582506e-05,0,43-49
2315358,48,1,0.0006160799,0,43-49
2317702,48,2,0.00014985383,0,43-49
2462027,48,2,5.6708122e-05,0,43-49
3033851,48,2,0.00016520574,0,43-49
3043196,48,2,0.000103910475,0,43-49
3086047,48,2,0.011933882,0,43-49
3096027,48,2,0.00073455565,0,43-49
3118335,48,2,0.0001637655,0,43-49
3257779,48,2,2.6681353e-05,0,43-49
3258340,48,2,6.961731e-05,0,43-49
3274489,48,2,0.00036731403,0,43-49
3275110,48,2,0.00010704321,0,43-49
3282970,48,2,7.428053e-05,0,43-49
3283565,48,2,0.0001403809,0,43-49
3283567,48,2,0.00013269174,0,43-49
3285911,48,2,0.003990466,0,43-49
3286488,48,2,0.00035452135,0,43-49
3286491,48,2,0.00021565559,0,43-49
3286498,48,2,0.008789572,0,43-49
3287151,48,2,0.00019458443,0,43-49
3287171,48,2,8.603117e-05,0,43-49
3287185,48,2,0.00035719702,0,43-49
3287365,48,2,0.0006913303,0,43-49
3287369,48,2,7.156962e-05,0,43-49
3287373,48,2,0.00023288502,0,43-49
3287409,48,2,0.00097419793,0,43-49
3287416,48,2,0.007359243,0,43-49
3287421,48,2,0.011925058,0,43-49
3287458,48,2,0.0019312239,0,43-49
3287759,48,2,0.0057983166,0,43-49
3287787,48,2,0.0020346912,0,43-49
3288448,48,2,7.046952e-05,0,43-49
3288449,48,2,0.009815192,0,43-49
3289046,48,2,0.00017281511,0,43-49
3289053,48,2,0.00028635186,0,43-49
3289090,48,2,0.0042192307,0,43-49
3289104,48,2,0.0005430588,0,43-49
3289906,48,2,0.0016200816,0,43-49
3289917,48,2,0.00062897673,0,43-49
3289945,48,2,7.562862e-05,0,43-49
3289957,48,2,9.3177114e-05,0,43-49
3293433,48,2,7.921845e-05,0,43-49
3294761,48,2,0.00048548615,0,43-49
3295465,48,2,0.0009072821,0,43-49
3295466,48,2,0.00055465143,0,43-49
3295468,48,2,0.0015370923,0,43-49
3295484,48,2,0.0018902015,0,43-49
3295486,48,2,0.0042176642,0,43-49
3295790,48,2,0.00043395816,0,43-49
3295794,48,2,7.651653e-05,0,43-49
3295818,48,2,0.637426,0,43-49
3295820,48,2,0.00077027746,0,43-49
3295824,48,2,5.466721e-05,0,43-49
3298220,48,2,0.0051105935,0,43-49
3298231,48,2,0.0003365693,0,43-49
3300841,48,2,0.00024916363,0,43-49
3302055,48,2,0.00016294431,0,43-49
3302061,48,2,0.0010861994,0,43-49
3302092,48,2,0.00062853657,0,43-49
3302197,48,2,0.00016269342,0,43-49
3302240,48,2,4.353015e-05,0,43-49
3302275,48,2,0.0006452356,0,43-49
3302295,48,2,6.9706985e-05,0,43-49
3303220,48,2,0.00013947945,0,43-49
3304030,48,2,0.000149265,0,43-49
3304432,48,2,0.00037506333,0,43-49
3304679,48,2,0.00042364906,0,43-49
3304928,48,2,0.00038842254,0,43-49
3306258,48,2,0.00011952721,0,43-49
3306401,48,2,0.00021575514,0,43-49
3306473,48,2,0.0001781831,0,43-49
3307178,48,2,0.00012469046,0,43-49
3307215,48,2,0.010873155,0,43-49
3308230,48,2,0.00090390316,0,43-49
3308477,48,2,4.4442884e-05,0,43-49
3309701,48,2,0.0025566905,0,43-49
3310312,48,2,0.0002441625,0,43-49
3311004,48,2,0.0001818816,0,43-49
3311772,48,2,0.00018178363,0,43-49
3311901,48,2,0.055422477,0,43-49
3311935,48,2,0.00015045733,0,43-49
3312784,48,2,0.0032016144,0,43-49
3313163,48,2,0.00017772378,0,43-49
3313433,48,2,0.00038802729,0,43-49
3313464,48,2,0.00223808,0,43-49
3315431,48,2,0.000436485,0,43-49
3315496,48,2,0.11581454,0,43-49
3315597,48,2,0.00013965112,0,43-49
3315609,48,2,0.00059650955,0,43-49
3316485,48,2,0.001611741,0,43-49
3324306,48,2,1.7107133e-05,0,43-49
3326825,48,2,0.0021282071,0,43-49
3331946,48,2,3.5533474e-05,0,43-49
3332354,48,2,0.008818771,0,43-49
3332425,48,2,0.00043560006,0,43-49
3332603,48,2,0.0050844685,0,43-49
3332614,48,2,0.011062626,0,43-49
3334342,48,2,9.393068e-05,0,43-49
3335035,48,2,0.008607996,0,43-49
3335041,48,2,0.0006785328,0,43-49
3335067,48,2,0.00046999194,0,43-49
3335073,48,2,0.0026928922,0,43-49
3335092,48,2,0.00021962688,0,43-49
3335096,48,2,0.017666701,0,43-49
3336389,48,2,0.0006933903,0,43-49
3336480,48,2,0.0002659327,0,43-49
3336484,48,2,0.00039298699,0,43-49
3340340,48,2,0.122378595,0,43-49
3344190,48,2,5.1095085e-05,0,43-49
3346043,48,2,4.8579677e-05,0,43-49
3346664,48,2,0.000111413145,0,43-49
3346667,48,2,0.00016845009,0,43-49
3346671,48,2,0.0006412914,0,43-49
3346673,48,2,0.00031438642,0,43-49
3351943,48,2,6.1201674e-05,0,43-49
3351965,48,2,7.398644e-05,0,43-49
3352598,48,2,0.0006820539,0,43-49
3352606,48,2,0.00054908596,0,43-49
3352609,48,2,0.00030866926,0,43-49
3352697,48,2,0.0003035288,0,43-49
3353222,48,2,5.7949408e-05,0,43-49
3356216,48,2,0.40465167,0,43-49
3362199,48,2,0.00086297357,0,43-49
3362217,48,2,0.003453,0,43-49
3362224,48,2,0.0012714311,0,43-49
3362468,48,2,0.00082275,0,43-49
3362484,48,2,0.00032027627,0,43-49
3362494,48,2,0.00071296183,0,43-49
3369601,48,2,0.0018770393,0,43-49
3372493,48,2,5.9811337e-05,0,43-49
3374106,48,2,6.4260195e-05,0,43-49
3376204,48,2,8.427179e-05,0,43-49
3376359,48,2,0.0001364479,0,43-49
3378351,48,2,0.0024979704,0,43-49
3378406,48,2,0.0020863346,0,43-49
3380930,48,2,0.00018824777,0,43-49
3381500,48,2,0.4615905,0,43-49
3388162,48,2,5.157695e-05,0,43-49
3444154,48,1,0.0003194374,0,43-49
3459544,48,2,0.006944098,0,43-49
3519250,48,2,0.0002082785,0,43-49
3535985,48,1,0.0038115995,0,43-49
3536436,48,1,0.008733673,0,43-49
3646891,48,2,5.4596614e-05,0,43-49
4362585,48,2,0.00021867217,0,43-49
4590261,48,2,0.0115995,0,43-49
4590268,48,2,0.0071516545,0,43-49
4596053,48,2,4.984708e-05,0,43-49
4596055,48,2,7.2153816e-05,0,43-49
4596790,48,2,4.84221e-05,0,43-49
4602000,48,2,0.00034157268,0,43-49
4602013,48,2,4.5665645e-05,0,43-49
4604109,48,2,3.1141833e-05,0,43-49
4605278,48,2,8.185264e-05,0,43-49
4605287,48,2,0.0002708314,0,43-49
4605293,48,2,0.0005212901,0,43-49
4605584,48,2,0.008995187,0,43-49
4607636,48,2,0.0030090013,0,43-49
4607642,48,2,0.0003889272,0,43-49
4607644,48,2,0.0009378193,0,43-49
4608037,48,2,0.00022031943,0,43-49
4608163,48,2,0.00017105813,0,43-49
4608167,48,2,0.011039883,0,43-49
4608182,48,2,0.00014975741,0,43-49
4609429,48,2,0.0015310716,0,43-49
4609450,48,2,0.0009291122,0,43-49
4611382,48,2,0.010295383,0,43-49
4620483,48,2,0.00016072043,0,43-49
4620647,48,2,6.3835534e-05,0,43-49
4621507,48,2,0.0004304467,0,43-49
4625282,48,2,0.00052555004,0,43-49
4627535,48,2,0.00029756897,0,43-49
4627543,48,2,6.355352e-05,0,43-49
4628720,48,2,0.000150411,0,43-49
4632420,48,2,0.007650565,0,43-49
4632949,48,2,0.00023279089,0,43-49
4637054,48,2,0.00018210527,0,43-49
4639341,48,2,0.00025486667,0,43-49
4639938,48,2,0.00021325098,0,43-49
4640571,48,2,0.00017701532,0,43-49
4641296,48,2,0.018374605,0,43-49
4642101,48,2,0.00066686183,0,43-49
4642642,48,2,0.021262093,0,43-49
4642650,48,2,0.0017007523,0,43-49
4643617,48,2,0.002457016,0,43-49
4644028,48,2,3.3599834e-05,0,43-49
4644934,48,2,8.499588e-05,0,43-49
4645480,48,2,0.00021265242,0,43-49
4645539,48,2,0.0013879099,0,43-49
4646009,48,2,0.00018500157,0,43-49
4647712,48,2,0.0016204048,0,43-49
4653923,48,2,7.819749e-05,0,43-49
4654530,48,2,6.802627e-05,0,43-49
4654573,48,2,8.382784e-05,0,43-49
4656370,48,2,8.111354e-05,0,43-49
4656419,48,2,0.00023013582,0,43-49
4657094,48,2,0.001867486,0,43-49
4677904,48,2,0.19920287,0,43-49
4688155,48,2,0.0005685992,0,43-49
4688743,48,2,0.00026939568,0,43-49
4692401,48,2,0.00040589442,0,43-49
4707038,48,2,0.0019897514,0,43-49
4710490,48,2,8.1781094e-05,0,43-49
4710507,48,2,0.000283472,0,43-49
4711725,48,2,0.00035950297,0,43-49
4711738,48,2,0.063485354,0,43-49
4722739,48,2,0.0001014657,0,43-49
4723325,48,2,0.00038126213,0,43-49
4748710,48,2,0.00042100038,0,43-49
4757290,48,2,0.00025150503,0,43-49
4774648,48,2,0.0006121382,0,43-49
4778990,48,2,0.01335555,0,43-49
4800310,48,2,4.8696562e-05,0,43-49
4802034,48,2,9.6766256e-05,0,43-49
4802065,48,2,0.00024305923,0,43-49
4805770,48,2,0.00015150236,0,43-49
4827342,48,2,2.1850163e-05,0,43-49
4852709,48,2,0.009497974,0,43-49
4913828,48,2,5.1161056e-05,0,43-49
5578471,48,2,0.0002842685,0,43-49
5793265,48,2,0.0029608335,0,43-49
6242498,48,2,8.452047e-05,0,43-49
6885282,48,1,0.046026565,0,43-49
7061206,48,2,4.5246208e-05,0,43-49
7062253,48,2,6.3903564e-05,0,43-49
7066736,48,2,0.00017371814,0,43-49
7071482,48,2,4.078969e-05,0,43-49
7082603,48,2,0.00017072311,0,43-49
7100844,48,2,0.00084526953,0,43-49
7171666,48,2,8.074812e-05,0,43-49
7208069,48,2,0.03975391,0,43-49
7215225,48,2,3.292761e-05,0,43-49
7218938,48,2,0.0002237148,0,43-49
7619139,48,2,0.0002580325,0,43-49
7661940,48,2,0.16866189,0,43-49
8899549,48,2,0.013596871,0,43-49
9058320,48,2,0.0006078291,0,43-49
9256309,48,2,0.00018311795,0,43-49
9259579,48,2,3.335551e-05,0,43-49
9329089,48,2,0.00013024564,0,43-49
9330487,48,2,0.00013988528,0,43-49
9330904,48,2,0.00017775716,0,43-49
9335136,48,2,0.00025877307,0,43-49
9345207,48,2,6.5758955e-05,0,43-49
9347223,48,2,0.0004802329,0,43-49
9349481,48,2,0.00015474639,0,43-49
9351402,48,2,0.00031100845,0,43-49
9354066,48,2,0.00078066206,0,43-49
9358440,48,2,0.00013700669,0,43-49
9359455,48,2,0.00015961396,0,43-49
9359473,48,2,0.0010160088,0,43-49
9362117,48,2,0.00013988008,0,43-49
9363165,48,2,7.7889454e-05,0,43-49
9364173,48,2,0.0018722588,0,43-49
9387922,48,2,0.000584702,0,43-49
9387930,48,2,0.00077110436,0,43-49
9389902,48,2,0.00038836774,0,43-49
9389913,48,2,0.0004625465,0,43-49
9390205,48,2,0.00041649767,0,43-49
9394161,48,2,0.0003391446,0,43-49
9409337,48,2,0.0007898867,0,43-49
9409349,48,2,0.00037091767,0,43-49
9409956,48,2,0.0009274959,0,43-49
9448195,48,2,0.00022863221,0,43-49
9448579,48,2,0.000113004404,0,43-49
9450321,48,2,9.1428235e-05,0,43-49
9454736,48,2,0.0002557983,0,43-49
9456040,48,2,0.3457973,0,43-49
9461936,48,2,0.00014803864,0,43-49
9471318,48,2,0.0009267892,0,43-49
9472640,48,2,0.00022246642,0,43-49
9479179,48,2,0.0001689241,0,43-49
9539257,48,2,0.017530413,0,43-49
9629830,48,2,0.49772963,0,43-49
9959617,48,2,0.00041228216,0,43-49
10270505,48,2,3.508312e-05,0,43-49
10566186,48,2,0.00014403375,0,43-49
10711115,48,2,0.00035451475,0,43-49
10845402,48,2,0.00019261536,0,43-49
10910190,48,2,0.04763835,0,43-49
11561989,48,1,0.0021098997,0,43-49
11566029,48,1,0.03602642,0,43-49
11566998,48,1,0.0030614734,0,43-49
11567489,48,1,0.0154700745,0,43-49
11567844,48,1,0.0006710575,0,43-49
11568832,48,1,0.0010977387,0,43-49
11568841,48,1,0.001579382,0,43-49
11569447,48,1,0.0011234569,0,43-49
11569771,48,1,0.0025944493,0,43-49
11570254,48,1,0.0012965451,0,43-49
11570439,48,1,0.0011542311,0,43-49
11575625,48,1,0.0027350034,0,43-49
11575639,48,1,0.041705392,0,43-49
11576040,48,1,0.0014510929,0,43-49
11576071,48,1,0.0044492627,0,43-49
11579855,48,1,0.011024743,0,43-49
11579906,48,1,0.0074890684,0,43-49
11579970,48,1,0.0049726604,0,43-49
11586864,48,1,0.0019973246,0,43-49
11587238,48,1,0.0033060263,0,43-49
11587239,48,1,0.006275214,0,43-49
11592499,48,2,0.0027318164,0,43-49
11698664,48,2,0.0006302942,0,43-49
11933160,48,2,0.00028523852,0,43-49
13007435,48,2,0.000261521,0,43-49
13027062,48,2,0.0044830656,0,43-49
13035869,48,2,0.000105283594,0,43-49
13035877,48,2,8.1319944e-05,0,43-49
13035881,48,2,3.0291663e-05,0,43-49
13036330,48,2,0.17864355,0,43-49
13036357,48,2,0.00018604509,0,43-49
13061704,48,2,0.000115760056,0,43-49
13140491,48,2,0.023492081,0,43-49
13168555,48,2,0.00020245947,0,43-49
13203919,48,2,0.041824374,0,43-49
13211265,48,2,0.0005765422,0,43-49
13224998,48,2,0.0006604881,0,43-49
13226038,48,2,0.00066346145,0,43-49
13238065,48,2,0.03829653,0,43-49
14141562,48,2,0.0001367844,0,43-49
14196943,48,2,0.0005715537,0,43-49
14348310,48,2,0.00029047832,0,43-49
14350591,48,2,0.0039486256,0,43-49
14351337,48,2,0.0008750865,0,43-49
14949804,48,1,0.0010457889,0,43-49
14950644,48,1,0.0032060063,0,43-49
15225175,48,2,0.0001533688,0,43-49
15404309,48,2,0.68918407,1,43-49
15486701,48,2,0.009805039,0,43-49
15587899,48,2,0.0003782324,0,43-49
15588282,48,2,4.716654e-05,0,43-49
15601507,48,2,0.0002293971,0,43-49
15818749,48,1,0.005323202,0,43-49
16056481,48,2,0.00038097653,0,43-49
16075099,48,2,0.00034733734,0,43-49
19497952,48,1,0.04410153,0,43-49
19501341,48,1,0.0057231383,0,43-49
19502691,48,1,0.0039636856,0,43-49
19544326,48,2,8.960668e-05,0,43-49
21335993,48,2,0.00012363933,0,43-49
23490117,48,2,0.00076614384,0,43-49
23785608,48,2,0.00011320923,0,43-49
24098771,48,2,8.142602e-05,0,43-49
26115433,48,2,0.00031583715,0,43-49
28736131,48,2,3.9517094e-05,0,43-49
32252086,48,2,0.00018646136,0,43-49
34504653,48,2,0.00010188134,0,43-49
34514900,48,2,0.00010016453,0,43-49
36932721,48,2,0.009567095,0,43-49
38173991,48,2,0.005866901,0,43-49
38731910,48,2,7.910802e-05,0,43-49
45482328,48,1,0.0074730087,0,43-49
50429923,48,2,0.00056547293,0,43-49
50430861,48,2,0.0004097868,0,43-49
56282843,48,2,0.00022880186,0,43-49
56332416,48,2,0.2778326,0,43-49
61809700,48,2,0.017850904,0,43-49
65233753,48,2,4.0864055e-05,0,43-49
75132668,48,2,4.140965e-05,0,43-49
75136455,48,2,0.0003151922,0,43-49
83767109,48,2,8.4485575e-05,0,43-49
99987347,48,2,5.0347604e-05,0,43-49
101443442,48,2,0.00019382522,0,43-49
110842065,48,2,0.00019996142,0,43-49
114160184,48,2,0.0009013742,0,43-49
117183505,48,2,7.536102e-05,0,43-49
121546007,48,2,0.014330704,0,43-49
155071266,48,2,0.0008325307,0,43-49
155076784,48,2,0.010449715,0,43-49
155083299,48,2,0.12846911,0,43-49
155377639,48,2,0.00017652502,0,43-49
155377785,48,2,0.000122054305,0,43-49
155377928,48,2,0.00022596787,0,43-49
155381774,48,2,0.000458907,0,43-49
155390099,48,2,0.0007544535,0,43-49
155460571,48,2,0.038272344,0,43-49
155484608,48,2,0.00021044718,0,43-49
155489162,48,2,0.00021919445,0,43-49
155553249,48,2,0.00040013113,0,43-49
155553341,48,2,0.0006510985,0,43-49
155554019,48,2,0.000172991,0,43-49
155554176,48,2,0.0004210279,0,43-49
155554845,48,2,0.00083663897,0,43-49
155558177,48,2,0.0054265033,0,43-49
155668801,48,2,0.00015785896,0,43-49
155673418,48,2,6.963876e-05,0,43-49
155674575,48,1,0.09738602,0,43-49
155674580,48,1,0.3421548,0,43-49
155674591,48,2,0.010412387,0,43-49
155675917,48,2,9.721566e-05,0,43-49
155676998,48,2,0.00014115054,0,43-49
155677280,48,2,0.00012713623,0,43-49
155681710,48,2,8.590459e-05,0,43-49
155684872,48,2,0.0075908573,0,43-49
155694140,48,2,0.0023667612,0,43-49
155787645,48,2,0.00068165397,0,43-49
709696,49,2,0.00032815352,0,43-49
1001114,49,2,0.0002417497,0,43-49
1061125,49,2,2.2422946e-05,0,43-49
5313367,49,2,0.0002569518,0,43-49
9429605,49,2,4.9673497e-05,0,43-49
20535678,49,2,3.339953e-05,0,43-49
21644119,49,2,0.0003096549,0,43-49
26208419,49,2,0.00023120071,0,43-49
30749704,49,2,0.00010393635,0,43-49
30751217,49,2,6.555716e-05,0,43-49
36685785,49,2,0.73118,1,43-49
36864715,49,2,0.00016398315,0,43-49
41402314,49,2,6.531093e-05,0,43-49
47521535,49,2,7.118349e-05,0,43-49
50926361,49,2,3.6999263e-05,0,43-49
57345944,49,2,5.4513945e-05,0,43-49
59205071,49,2,0.0011622737,0,43-49
60792816,49,2,0.000985242,0,43-49
63160563,49,2,0.00024906432,0,43-49
65108418,49,2,4.736405e-05,0,43-49
67963170,49,2,9.6837895e-05,0,43-49
69828178,49,2,0.0011919963,0,43-49
70524334,49,2,0.00016857381,0,43-49
71046356,49,2,0.0005054932,0,43-49
78106386,49,2,0.00061184075,0,43-49
80329479,49,2,0.00010781922,0,43-49
82690941,49,2,0.00094931346,0,43-49
85780276,49,2,0.000555047,0,43-49
89749980,49,2,0.0017175963,0,43-49
92794218,49,2,0.0009438845,0,43-49
96477709,49,2,0.00011286248,0,43-49
103206927,49,2,7.47858e-05,0,43-49
104977964,49,2,6.990556e-05,0,43-49
105289871,49,2,0.00012935571,0,43-49
105309415,49,2,0.00048647143,0,43-49
106877725,49,2,7.194851e-05,0,43-49
109383451,49,2,5.4260694e-05,0,43-49
110435615,49,2,3.022264e-05,0,43-49
111526694,49,2,0.0010102243,0,43-49
113820630,49,2,0.0009008943,0,43-49
114362759,49,2,0.00029830806,0,43-49
115309894,49,2,0.07287907,0,43-49
119820263,49,1,0.023468824,0,43-49
121679856,49,2,0.062233604,0,43-49
123148866,49,2,0.00018380016,0,43-49
124241011,49,2,4.6094065e-05,0,43-49
124606491,49,2,6.2196945e-05,0,43-49
127392097,49,2,0.00076528976,0,43-49
128417783,49,2,0.00019855361,0,43-49
143689717,49,2,0.0015355715,0,43-49
147478192,49,2,0.0010684961,0,43-49
147587650,49,2,8.148248e-05,0,43-49
148848600,49,2,0.00064080383,0,43-49
149209137,49,2,0.00013545735,0,43-49
149843562,49,2,6.3478285e-05,0,43-49
150391411,49,2,0.0006783624,0,43-49
151134470,49,2,8.409614e-05,0,43-49
153968113,49,2,6.384393e-05,0,43-49
157574659,49,2,0.00079822354,0,43-49
157575175,49,2,0.0001272665,0,43-49
157578987,49,2,0.00066683476,0,43-49
157579625,49,2,0.54481703,0,43-49
157579668,49,2,0.9013309,1,43-49
157579674,49,2,0.87297165,1,43-49
157579675,49,2,0.39303327,0,43-49
157579678,49,2,0.0041397535,0,43-49
157579684,49,2,0.39734313,0,43-49
157579982,49,2,0.3051789,0,43-49
157581346,49,2,0.00024148065,0,43-49
157581347,49,2,6.966864e-05,0,43-49
157581359,49,2,0.00019513402,0,43-49
157581361,49,2,0.0008166611,0,43-49
157581524,49,2,0.0005779127,0,43-49
157581525,49,2,0.000116145944,0,43-49
157581526,49,2,0.0013763536,0,43-49
157581531,49,2,9.136287e-05,0,43-49
157581532,49,2,0.009355806,0,43-49
157581541,49,2,0.0014526116,0,43-49
157581542,49,2,0.00021409341,0,43-49
157581549,49,2,0.0013127257,0,43-49
157581550,49,2,0.00015180415,0,43-49
157581561,49,2,0.70852673,1,43-49
157581568,49,2,0.00042267947,0,43-49
157581579,49,2,0.017287,0,43-49
157581582,49,2,3.9587405e-05,0,43-49
157581680,49,2,0.00014168453,0,43-49
157581697,49,2,0.00016504845,0,43-49
157581699,49,2,7.802289e-05,0,43-49
157581707,49,2,5.42341e-05,0,43-49
157581708,49,2,0.68268114,0,43-49
157584410,49,2,0.6544152,0,43-49
157589239,49,2,0.0007241744,0,43-49
157589245,49,2,0.00028879583,0,43-49
157590868,49,2,0.00011305603,0,43-49
157592200,49,2,0.008130482,0,43-49
157592212,49,2,0.00026884786,0,43-49
157594782,49,2,0.0001408056,0,43-49
157594794,49,2,0.00037664562,0,43-49
157595699,49,2,0.0001738232,0,43-49
157595759,49,2,0.00014230669,0,43-49
157596658,49,2,0.00032927888,0,43-49
157596664,49,2,0.0005316394,0,43-49
157596720,49,2,0.00041549912,0,43-49
157596725,49,2,0.00037984544,0,43-49
157596728,49,2,0.00042378393,0,43-49
157596730,49,2,0.00089818455,0,43-49
157596734,49,2,0.00027421248,0,43-49
157596738,49,2,0.0011581156,0,43-49
157596907,49,2,0.00039812087,0,43-49
157597006,49,2,0.0005080255,0,43-49
157597009,49,2,0.002311633,0,43-49
157597769,49,2,0.0021194678,0,43-49
157597770,49,2,0.00066622405,0,43-49
157597778,49,2,0.0007404717,0,43-49
157599321,49,2,0.00035916743,0,43-49
157599327,49,2,0.0003569514,0,43-49
157599337,49,2,0.0005366617,0,43-49
157599341,49,2,0.0003418165,0,43-49
157599342,49,2,0.0005494742,0,43-49
157600154,49,2,0.00060613727,0,43-49
157603772,49,2,0.00032175693,0,43-49
157605352,49,2,0.0023817488,0,43-49
157605714,49,2,0.0006842496,0,43-49
157606820,49,2,6.561201e-05,0,43-49
157607141,49,2,0.0007775927,0,43-49
157607783,49,2,0.0004118139,0,43-49
157607789,49,2,0.0161694,0,43-49
157607791,49,2,5.211303e-05,0,43-49
157607805,49,2,9.532343e-05,0,43-49
157607833,49,2,0.00041612383,0,43-49
157616121,49,2,8.97964e-05,0,43-49
157617732,49,2,5.1757725e-05,0,43-49
157617747,49,2,6.532837e-05,0,43-49
157619070,49,2,0.00023669846,0,43-49
157619071,49,2,0.00015342365,0,43-49
157621349,49,2,0.025974374,0,43-49
157621354,49,2,0.0023300913,0,43-49
157621690,49,2,0.012754095,0,43-49
157621696,49,2,0.0010023892,0,43-49
157622998,49,2,0.0051840143,0,43-49
157623001,49,2,0.1814763,0,43-49
157623004,49,2,0.16455165,0,43-49
157623005,49,2,0.0053369342,0,43-49
157623008,49,2,0.007966772,0,43-49
157624987,49,2,0.00035935326,0,43-49
157626142,49,2,0.0010197117,0,43-49
157631640,49,2,0.00015050884,0,43-49
157631642,49,2,0.00011622837,0,43-49
157631750,49,2,0.00016414523,0,43-49
157632726,49,2,0.00013450554,0,43-49
157634100,49,2,0.019109292,0,43-49
157634641,49,2,0.00056598196,0,43-49
157634654,49,2,0.00013599393,0,43-49
157634683,49,2,0.00013287661,0,43-49
157634688,49,2,0.0019883334,0,43-49
157636225,49,1,0.0077990415,0,43-49
157636230,49,1,0.002319525,0,43-49
157636360,49,2,0.0025320048,0,43-49
157638186,49,2,0.0009960681,0,43-49
157638189,49,2,0.012297329,0,43-49
157638199,49,2,0.0009186211,0,43-49
157638295,49,2,0.00083989475,0,43-49
157639608,49,2,8.020708e-05,0,43-49
157653323,49,2,0.00051149284,0,43-49
157827208,49,2,0.000260977,0,43-49
157838888,49,2,0.26824775,0,43-49
157855335,49,2,0.00042427648,0,43-49
157855979,49,2,0.00024419485,0,43-49
157856400,49,2,0.00021650648,0,43-49
157856415,49,2,0.001985474,0,43-49
157856713,49,2,0.00010957721,0,43-49
157857384,49,2,6.554103e-05,0,43-49
157857401,49,2,0.00014126363,0,43-49
157860539,49,2,0.0041131997,0,43-49
157864782,49,2,0.00023517731,0,43-49
157864786,49,2,0.00043270428,0,43-49
157865531,49,2,0.00041489195,0,43-49
157867980,49,2,9.958966e-05,0,43-49
157874159,49,2,0.00033019332,0,43-49
157884960,49,2,0.00013793529,0,43-49
157886930,49,2,0.00063033507,0,43-49
157897055,49,2,0.016410673,0,43-49
157908358,49,2,0.0033923811,0,43-49
157908414,49,2,0.0002748844,0,43-49
157913836,49,2,0.0010157417,0,43-49
157914141,49,2,0.00068324734,0,43-49
157929208,49,2,0.00067531975,0,43-49
157930723,49,2,0.0016157705,0,43-49
157946384,49,2,0.00021648376,0,43-49
157946974,49,2,0.0002526348,0,43-49
157950441,49,2,0.0006725685,0,43-49
157955769,49,2,0.00023313986,0,43-49
157966645,49,2,0.00047096738,0,43-49
157976172,49,2,0.046641666,0,43-49
157995493,49,2,0.000569251,0,43-49
157995799,49,2,8.981498e-05,0,43-49
158269116,49,2,0.0403441,0,43-49
158269121,49,2,0.13245596,0,43-49
158269123,49,2,0.41142505,0,43-49
158269124,49,2,0.40899768,0,43-49
158269130,49,2,0.01650312,0,43-49
158269136,49,2,0.06268541,0,43-49
158269141,49,2,0.6140267,0,43-49
158269145,49,2,0.72604656,1,43-49
158269147,49,2,0.60994864,0,43-49
158269459,49,2,0.16553001,0,43-49
158269461,49,2,0.34592712,0,43-49
158269462,49,2,0.028222838,0,43-49
158269468,49,2,0.4029009,0,43-49
158269469,49,2,0.16887407,0,43-49
158269480,49,2,0.2956193,0,43-49
158269481,49,2,0.14392352,0,43-49
158269776,49,2,0.17491397,0,43-49
158277093,49,2,0.0010074419,0,43-49
158277527,49,2,0.00026248873,0,43-49
158277659,49,2,0.001274818,0,43-49
158277669,49,2,0.00024482826,0,43-49
158280850,49,2,0.00021746127,0,43-49
158281816,49,2,0.00058045174,0,43-49
158285738,49,2,0.0010917755,0,43-49
158287009,49,2,0.053470083,0,43-49
158310646,49,2,7.678618e-05,0,43-49
158319076,49,2,0.016085371,0,43-49
158337016,49,2,0.00021573539,0,43-49
158337697,49,2,0.00019988384,0,43-49
158337784,49,2,0.000318032,0,43-49
158345837,49,2,0.0007527228,0,43-49
158349653,49,2,0.000132924,0,43-49
158360758,49,1,0.0017404748,0,43-49
158360779,49,1,0.0026942922,0,43-49
158361294,49,1,0.0011439295,0,43-49
158361339,49,1,0.00076191704,0,43-49
158361554,49,1,0.0039407285,0,43-49
158362119,49,1,0.0046752966,0,43-49
158362959,49,1,0.0015355123,0,43-49
158365409,49,1,0.0038869588,0,43-49
158365908,49,1,0.0018274757,0,43-49
158366067,49,1,0.0013405553,0,43-49
158367221,49,1,0.0020215723,0,43-49
158367826,49,1,0.0074719335,0,43-49
158368167,49,1,0.0033610957,0,43-49
158369508,49,1,0.17053193,0,43-49
158371756,49,1,0.014978725,0,43-49
158371767,49,1,0.0024958255,0,43-49
158373268,49,1,0.003174902,0,43-49
158373282,49,1,0.005052941,0,43-49
158373293,49,1,0.0033743314,0,43-49
158373296,49,1,0.021969667,0,43-49
158373311,49,1,0.0025269974,0,43-49
158373337,49,1,0.0035587533,0,43-49
158373606,49,1,0.0011465942,0,43-49
158374219,49,1,0.0060628066,0,43-49
158374239,49,1,0.0033309574,0,43-49
158375075,49,1,0.004837399,0,43-49
158375088,49,1,0.0024510755,0,43-49
158375402,49,1,0.0011409068,0,43-49
158375408,49,1,0.0533913,0,43-49
158375988,49,1,0.003660622,0,43-49
158376400,49,1,0.004291642,0,43-49
158378208,49,1,0.029005062,0,43-49
158378210,49,1,0.0022856318,0,43-49
158378325,49,1,0.0042179204,0,43-49
158378328,49,1,0.00038526618,0,43-49
158378337,49,1,0.0060202023,0,43-49
158381579,49,2,0.0009482246,0,43-49
158388394,49,2,0.0002053005,0,43-49
158388402,49,2,0.00016061732,0,43-49
158391028,49,2,6.983953e-05,0,43-49
158391434,49,2,0.00031807748,0,43-49
158391449,49,2,8.214641e-05,0,43-49
158391785,49,2,5.2739008e-05,0,43-49
158392339,49,2,0.00027084482,0,43-49
158394593,49,2,0.00017301361,0,43-49
158397323,49,2,0.00010780194,0,43-49
158397612,49,2,8.4120686e-05,0,43-49
158397925,49,2,0.00011258525,0,43-49
158398005,49,2,0.00023458742,0,43-49
158398494,49,2,0.0012223836,0,43-49
158399717,49,2,9.91412e-05,0,43-49
158400995,49,2,0.00014998492,0,43-49
158402512,49,2,0.00010209832,0,43-49
158402581,49,2,0.00017209815,0,43-49
158402588,49,2,8.2685314e-05,0,43-49
158402920,49,2,0.00013133952,0,43-49
158404015,49,2,0.00015250506,0,43-49
158404057,49,2,0.0004586641,0,43-49
158404634,49,2,0.00010855084,0,43-49
158405236,49,2,8.986519e-05,0,43-49
158405741,49,2,0.00017345465,0,43-49
158406298,49,2,0.003792825,0,43-49
158407939,49,2,6.558717e-05,0,43-49
158573558,49,2,0.39604938,0,43-49
158573780,49,2,0.0011764696,0,43-49
158574146,49,2,0.0043173623,0,43-49
158574276,49,2,0.00015302376,0,43-49
158574291,49,2,0.0019649533,0,43-49
158574304,49,2,0.00014776913,0,43-49
158574309,49,2,0.00010367739,0,43-49
158574498,49,2,0.00081074925,0,43-49
158574502,49,2,6.866137e-05,0,43-49
158574504,49,2,0.00031916585,0,43-49
158574506,49,2,0.0005700668,0,43-49
158574513,49,2,0.002133107,0,43-49
158574519,49,2,0.026662769,0,43-49
158574520,49,2,0.0005596528,0,43-49
158574521,49,2,0.056295823,0,43-49
158574901,49,2,0.23457444,0,43-49
158574917,49,2,0.5080209,0,43-49
158575003,49,2,0.47574812,0,43-49
158575145,49,2,0.17150134,0,43-49
158575163,49,2,0.32374954,0,43-49
158577155,49,2,0.00020810441,0,43-49
158577170,49,2,0.00014086562,0,43-49
158577513,49,2,0.0010299432,0,43-49
158578724,49,2,0.00051726925,0,43-49
158581014,49,2,0.00012394175,0,43-49
158583653,49,2,0.001984299,0,43-49
158585890,49,2,0.0015841986,0,43-49
158585894,49,2,0.00092461373,0,43-49
158586297,49,2,0.18751267,0,43-49
158589464,49,2,0.0010589301,0,43-49
158589475,49,2,0.0005685255,0,43-49
158589488,49,2,0.00018192269,0,43-49
158589499,49,2,0.00052926707,0,43-49
158592508,49,2,0.000461973,0,43-49
158592510,49,2,0.0004372596,0,43-49
158594124,49,2,0.00023096499,0,43-49
158594127,49,2,0.00011680133,0,43-49
158594129,49,2,0.0003897339,0,43-49
158596419,49,2,0.0003739833,0,43-49
158596879,49,2,7.3662464e-05,0,43-49
158599828,49,2,0.023243506,0,43-49
158816890,49,2,0.0011174717,0,43-49
158921838,49,2,0.0019280298,0,43-49
159028474,49,1,0.00093251385,0,43-49
159028476,49,1,0.0012627888,0,43-49
159032608,49,1,0.031305432,0,43-49
159033509,49,1,0.03995411,0,43-49
159033510,49,1,0.0009642384,0,43-49
159033522,49,1,0.0050719194,0,43-49
159033526,49,1,0.0016780706,0,43-49
159033864,49,1,0.0019565364,0,43-49
159034545,49,1,0.0013652074,0,43-49
159039040,49,1,0.0013545131,0,43-49
159039422,49,1,0.0017614898,0,43-49
159041022,49,1,0.00049978273,0,43-49
159041217,49,1,0.000756431,0,43-49
159041245,49,1,0.001625545,0,43-49
159043651,49,1,0.0021330593,0,43-49
159044411,49,2,6.0646198e-05,0,43-49
159049871,49,1,0.0045409594,0,43-49
159146426,49,2,0.0007251601,0,43-49
159159047,49,2,0.0004621183,0,43-49
159209006,49,2,0.005560823,0,43-49
159445618,49,2,0.00040243825,0,43-49
159446405,49,2,0.000626204,0,43-49
159607593,49,2,0.00032107392,0,43-49
159966577,49,2,0.00064851384,0,43-49
159967188,49,2,0.00016142969,0,43-49
160941665,49,2,0.0010031249,0,43-49
161301419,49,2,0.0012230048,0,43-49
161418188,49,2,0.0005094861,0,43-49
161419973,49,2,0.0004642909,0,43-49
162151384,49,2,0.0010749829,0,43-49
163220740,49,2,0.00027590658,0,43-49
164169065,49,2,0.00014056386,0,43-49
164795847,49,2,0.0005319557,0,43-49
165092713,49,2,0.00035971295,0,43-49
165093069,49,2,0.00010620552,0,43-49
166366958,49,2,0.00026421493,0,43-49
166556233,49,2,0.00353041,0,43-49
167586018,49,2,0.00025027146,0,43-49
170913500,49,2,0.0005905781,0,43-49
171521584,49,2,0.0019676436,0,43-49
172534038,49,2,0.007655642,0,43-49
172568115,49,2,0.00041242523,0,43-49
173148984,49,2,0.0008225764,0,43-49
173222908,49,2,0.00115736,0,43-49
177602822,49,2,0.0011885478,0,43-49
177695304,49,2,0.004155186,0,43-49
178612336,49,2,0.0015127878,0,43-49
179125855,49,2,0.0010280287,0,43-49
180098540,49,2,0.0009910417,0,43-49
180098541,49,2,0.0021537798,0,43-49
184411659,49,2,0.000118388,0,43-49
184955328,49,2,0.0002997129,0,43-49
186179334,49,2,0.0020589014,0,43-49
186369913,49,2,0.23982207,0,43-49
187110962,49,2,0.00031767593,0,43-49
188618549,49,2,0.00044618687,0,43-49
188619422,49,2,0.0011095152,0,43-49
188632741,49,2,0.00048512878,0,43-49
188632772,49,2,0.00021006087,0,43-49
188753532,49,2,0.04060326,0,43-49
188755263,49,2,0.0008743285,0,43-49
188759299,49,2,0.00015879239,0,43-49
188759779,49,2,0.00029902565,0,43-49
188772009,49,2,0.00012084733,0,43-49
188918286,49,2,0.00041557138,0,43-49
188961759,49,2,0.0009531889,0,43-49
189092898,49,2,0.00056482357,0,43-49
189092998,49,2,0.00034143255,0,43-49
189132901,49,2,0.00040476385,0,43-49
189136357,49,2,0.0003092578,0,43-49
189140763,49,2,0.0003589809,0,43-49
189154265,49,2,0.00027643977,0,43-49
189189087,49,2,9.929731e-05,0,43-49
189233957,49,2,0.0023568852,0,43-49
189241730,49,2,0.00028667966,0,43-49
189680558,49,2,0.00061859697,0,43-49
189680934,49,2,0.00070904306,0,43-49
189702177,49,2,0.0008736012,0,43-49
189713241,49,2,0.00026821444,0,43-49
189718088,49,2,0.0005132261,0,43-49
189724493,49,2,0.00023362716,0,43-49
189727565,49,2,0.00022079088,0,43-49
189728121,49,2,0.00021581048,0,43-49
189732109,49,2,0.0005617702,0,43-49
189739182,49,2,0.00069927785,0,43-49
189776287,49,2,0.00045769557,0,43-49
189777417,49,2,0.0006132761,0,43-49
189778396,49,2,0.0006126282,0,43-49
189778399,49,2,0.0015328769,0,43-49
189807102,49,2,0.388277,0,43-49
190135471,49,1,0.92852676,1,43-49
191863943,49,2,0.0008392436,0,43-49
192018464,49,2,0.00082780654,0,43-49
193968898,49,2,0.7887383,1,43-49
193978703,49,2,0.002311267,0,43-49
193978718,49,2,0.1145172,0,43-49
194010390,49,2,0.0004042903,0,43-49
194015927,49,2,0.0012472828,0,43-49
194018582,49,2,0.00024729935,0,43-49
194019720,49,2,0.00043441178,0,43-49
194020062,49,2,0.00030256438,0,43-49
194027144,49,2,0.00094726204,0,43-49
194027152,49,2,0.0034403754,0,43-49
194027703,49,2,0.00040426795,0,43-49
194027717,49,2,0.0011806008,0,43-49
194027724,49,2,0.00060178747,0,43-49
194030265,49,2,0.0013325074,0,43-49
194052845,49,2,0.059752755,0,43-49
194053458,49,2,0.04848907,0,43-49
194064275,49,2,0.00078886026,0,43-49
194064281,49,2,0.00096352905,0,43-49
194064392,49,2,0.00059137517,0,43-49
194064396,49,2,0.0004160314,0,43-49
194064667,49,2,0.0002993879,0,43-49
194064677,49,2,0.00059985823,0,43-49
194065309,49,2,0.00039040545,0,43-49
194065318,49,2,0.0004907091,0,43-49
194065325,49,2,0.0004444543,0,43-49
194071359,49,2,0.00014926614,0,43-49
194089125,49,2,0.003015533,0,43-49
194089472,49,2,0.04831981,0,43-49
194315731,49,2,0.00025532075,0,43-49
194320795,49,2,0.00033161548,0,43-49
194321967,49,2,0.0010867112,0,43-49
194323477,49,2,0.00073358754,0,43-49
194325790,49,2,0.00034688896,0,43-49
194326090,49,2,0.00011636488,0,43-49
194328445,49,2,0.0017450126,0,43-49
194331394,49,2,0.0004885247,0,43-49
194331859,49,2,0.00071160996,0,43-49
194331865,49,2,0.0008799151,0,43-49
194333989,49,2,0.0005217387,0,43-49
194334173,49,2,0.00050261023,0,43-49
194334180,49,2,0.00072026736,0,43-49
194334187,49,2,0.00049516413,0,43-49
194334301,49,2,0.00040141022,0,43-49
194334312,49,2,0.00045429904,0,43-49
194334585,49,2,0.00032773675,0,43-49
194334621,49,2,0.00085575593,0,43-49
194335206,49,2,0.00045515143,0,43-49
194335216,49,2,0.00014981783,0,43-49
194345639,49,2,0.00016812322,0,43-49
67632590,35,2,0.0004786811,0,35-42
67604352,35,2,0.037446093,0,35-42
54852568,35,2,0.0003749389,0,35-42
64166774,35,2,0.036447804,0,35-42
67636538,35,2,0.0020670737,0,35-42
67632593,35,2,0.00032016088,0,35-42
67648478,35,2,0.0026315488,0,35-42
64186383,35,2,0.06584677,0,35-42
64183303,35,2,0.003878879,0,35-42
200636768,36,2,0.00022473713,0,35-42
216521845,36,2,0.0002584491,0,35-42
74020470,36,2,0.00012955446,0,35-42
198814121,36,2,0.0021835193,0,35-42
200964074,36,2,0.0016789488,0,35-42
72898028,36,2,0.00022041041,0,35-42
51968400,36,2,0.0089913495,0,35-42
200962778,36,2,0.00018516852,0,35-42
200969687,36,2,0.00012539298,0,35-42
199321563,36,2,0.00027266107,0,35-42
200620876,36,2,0.00010618112,0,35-42
70787113,36,2,0.000107642016,0,35-42
200979654,36,2,0.0005002987,0,35-42
200624815,36,2,0.0006320089,0,35-42
200984698,36,2,0.00026073624,0,35-42
198829051,36,2,0.0006195776,0,35-42
200968946,36,2,0.0008037175,0,35-42
200970408,36,2,0.00021629251,0,35-42
200028647,36,2,0.0005103482,0,35-42
200978063,36,2,0.014715563,0,35-42
199321560,36,2,0.00020903531,0,35-42
200634024,36,2,0.0002750999,0,35-42
73762180,36,2,0.0005920818,0,35-42
199321551,36,2,0.00054043357,0,35-42
200979315,36,2,7.722155e-05,0,35-42
72898301,36,2,0.00019348325,0,35-42
65248246,36,2,0.00058526796,0,35-42
200966481,36,2,0.0006185828,0,35-42
200966625,36,2,0.00031137755,0,35-42
200980514,36,2,0.0021835817,0,35-42
200981672,36,2,0.00015159225,0,35-42
74814838,36,2,0.000111465,0,35-42
200967019,36,2,0.0018423997,0,35-42
200975823,36,2,0.0028004434,0,35-42
200964086,36,2,0.00020569023,0,35-42
200043601,36,2,0.00022910748,0,35-42
200970024,36,2,0.0001625576,0,35-42
200983054,36,2,0.000116264506,0,35-42
199321362,36,2,0.00019475019,0,35-42
84942600,36,2,6.2423394e-05,0,35-42
39139477,36,2,0.00015098722,0,35-42
200982478,36,2,0.00045703267,0,35-42
199321378,36,2,0.00020652424,0,35-42
78903789,36,2,0.00013080846,0,35-42
199321359,36,2,0.00051613944,0,35-42
200638759,36,2,0.000109065055,0,35-42
202932695,36,2,0.0063588205,0,35-42
200968752,36,2,0.00029858376,0,35-42
33426175,36,2,0.00027389658,0,35-42
201003726,36,2,0.010533688,0,35-42
18064411,36,2,0.001627284,0,35-42
200984335,36,2,0.00022610169,0,35-42
201071186,36,2,0.0009760797,0,35-42
199321380,36,2,0.00047244446,0,35-42
49692276,36,2,0.0009612582,0,35-42
9500747,36,2,0.00059283315,0,35-42
118258721,36,2,0.00020689992,0,35-42
200978865,36,2,0.0028249074,0,35-42
72894255,36,2,0.000115124996,0,35-42
199988983,36,2,0.00025888265,0,35-42
100457195,36,2,0.0001975066,0,35-42
200964878,36,2,0.0011394352,0,35-42
200982516,36,2,0.0002697429,0,35-42
216521504,36,2,0.00015816724,0,35-42
199321557,36,2,0.0006565693,0,35-42
200637376,36,2,0.00078102626,0,35-42
74814093,36,2,2.4937392e-05,0,35-42
200622136,36,2,0.00014118096,0,35-42
38111789,36,2,0.22483128,0,35-42
106463807,36,2,0.0014348706,0,35-42
200983476,36,2,0.00013596358,0,35-42
198793596,36,2,0.00068037177,0,35-42
200982528,36,2,0.00017144613,0,35-42
200980507,36,2,0.002014651,0,35-42
200635038,36,2,0.00018503863,0,35-42
200978423,36,2,0.00026133828,0,35-42
203514078,36,2,0.0027155664,0,35-42
200963589,36,2,0.0001349651,0,35-42
200979610,36,2,0.00014140367,0,35-42
200969572,36,2,0.00015697068,0,35-42
198814109,36,2,0.002137716,0,35-42
132761454,36,2,0.0043799053,0,35-42
46116600,36,2,0.00045027822,0,35-42
73187140,36,2,0.00045358224,0,35-42
106025193,36,2,8.213701e-05,0,35-42
46201285,36,2,0.00014538254,0,35-42
57629819,36,2,0.00011870542,0,35-42
198829052,36,2,0.0013433659,0,35-42
55903932,36,2,0.0068856124,0,35-42
216521506,36,2,0.0001375713,0,35-42
200981216,36,2,0.0016851639,0,35-42
200982513,36,2,0.00090457645,0,35-42
72909388,36,2,0.00033119431,0,35-42
71363968,36,2,0.0007864146,0,35-42
200978895,36,2,0.00020921018,0,35-42
200976986,36,2,0.00081192557,0,35-42
201998234,36,2,0.00010484418,0,35-42
200984317,36,2,0.00011248095,0,35-42
200057747,36,2,0.46197045,0,35-42
200970414,36,2,0.00094551634,0,35-42
200978491,36,2,0.0004978957,0,35-42
200983456,36,2,0.00026955162,0,35-42
200967213,36,2,0.0006427167,0,35-42
202010503,36,2,0.00014523997,0,35-42
74020318,36,2,0.00012102654,0,35-42
215052628,36,2,0.003081957,0,35-42
74020474,36,2,0.00011820245,0,35-42
6727794,36,2,0.0051424475,0,35-42
200979643,36,2,0.0009180816,0,35-42
52193370,36,2,0.00047681847,0,35-42
212739621,36,2,0.000108295775,0,35-42
216559778,36,2,7.471288e-05,0,35-42
29222639,37,2,0.00048525297,0,35-42
29237239,37,2,0.00038813805,0,35-42
29240598,37,2,0.0021637073,0,35-42
30089221,37,2,0.00049753685,0,35-42
4833857,37,2,0.00072983676,0,35-42
30095697,37,2,0.0004218076,0,35-42
29236627,37,2,0.0015356344,0,35-42
23308178,37,2,0.004570585,0,35-42
29236903,37,2,0.000839318,0,35-42
19862275,37,2,0.00028466526,0,35-42
30100202,37,2,0.0008113234,0,35-42
28802176,37,2,0.00011449702,0,35-42
10035715,37,2,0.004672699,0,35-42
30119104,37,2,0.0017495729,0,35-42
29240285,37,2,0.00056119816,0,35-42
30083904,37,2,0.000271391,0,35-42
29251176,37,2,0.00023742918,0,35-42
29107406,37,2,0.00041717655,0,35-42
29251196,37,2,0.002311974,0,35-42
29236673,37,2,0.0005248134,0,35-42
29532367,37,2,0.001258215,0,35-42
5714238,37,2,0.00020155344,0,35-42
30118114,37,2,0.0016387788,0,35-42
29259799,37,2,0.0011175579,0,35-42
29238214,37,2,0.00067097944,0,35-42
22076384,37,2,0.0002365367,0,35-42
29237265,37,2,0.0013993897,0,35-42
29253866,37,2,0.00079283933,0,35-42
29238776,37,2,0.0008654254,0,35-42
19862566,37,2,0.00014589749,0,35-42
30115667,37,2,0.0010648846,0,35-42
30088118,37,2,0.00052636344,0,35-42
29513341,37,2,0.0012365663,0,35-42
9637991,37,2,0.00042646512,0,35-42
30123670,37,2,0.0007383687,0,35-42
29211497,37,2,0.000492398,0,35-42
38864315,37,2,0.00035457424,0,35-42
29232206,37,2,0.0009097722,0,35-42
29257723,37,2,0.000374689,0,35-42
23308171,37,2,0.003344291,0,35-42
29232119,37,2,0.00042663363,0,35-42
29235148,37,2,0.003828097,0,35-42
29703116,37,2,0.0004893575,0,35-42
29238551,37,2,0.00028415633,0,35-42
29234700,37,2,0.00032857707,0,35-42
29264993,37,2,0.0006437743,0,35-42
18797507,37,2,0.004164864,0,35-42
29210136,37,2,0.0013774821,0,35-42
30121375,37,2,0.00011661981,0,35-42
29239525,37,2,0.00039198052,0,35-42
29239520,37,2,0.00013730553,0,35-42
29232380,37,2,0.0016114058,0,35-42
114629244,38,2,0.00014770968,0,35-42
116103139,38,2,8.695327e-05,0,35-42
55534219,38,2,0.00018478968,0,35-42
114652354,38,2,0.0030665626,0,35-42
113947689,38,2,0.0002786097,0,35-42
77118140,38,2,0.00025758194,0,35-42
28229545,38,2,9.481041e-05,0,35-42
116822460,38,2,0.0034967344,0,35-42
33057580,38,2,0.0002533039,0,35-42
9947672,39,2,0.0015071162,0,35-42
148633702,39,2,7.0913564e-05,0,35-42
149570243,39,2,0.00047162708,0,35-42
149569108,39,2,0.017737264,0,35-42
153365280,39,2,0.0012291606,0,35-42
75405043,39,2,0.0007063524,0,35-42
153331582,39,2,0.0010743621,0,35-42
75404761,39,2,0.0010885939,0,35-42
149569116,39,2,0.03259205,0,35-42
149142484,39,2,0.00016483739,0,35-42
149569581,39,2,0.00063624245,0,35-42
149250123,39,2,0.035229243,0,35-42
148568433,39,2,0.0015100382,0,35-42
60731573,39,2,0.0008453767,0,35-42
153370646,39,2,0.0050613596,0,35-42
149556728,39,2,0.00023872736,0,35-42
149569452,39,2,0.019069333,0,35-42
44421661,39,2,0.016018607,0,35-42
152338737,39,2,0.019165521,0,35-42
149569579,39,2,0.0025056195,0,35-42
153371287,39,2,0.0033310365,0,35-42
148568921,39,2,0.026684824,0,35-42
153374395,39,2,0.019894173,0,35-42
148568442,39,2,0.0010387083,0,35-42
148699223,39,2,0.042035017,0,35-42
151777042,39,2,0.00977429,0,35-42
118179866,39,2,0.009346358,0,35-42
148652884,39,2,0.010657523,0,35-42
152355744,39,2,0.015632447,0,35-42
9802715,39,2,0.0019014312,0,35-42
122251077,39,2,0.24506697,0,35-42
148568426,39,2,0.006850149,0,35-42
36729550,40,2,6.7871144e-05,0,35-42
97830398,40,2,0.0009708914,0,35-42
96567151,40,2,9.774812e-05,0,35-42
12806658,41,2,0.00012621086,0,35-42
12978676,41,2,0.006682927,0,35-42
12981574,41,2,0.002735559,0,35-42
12981956,41,2,0.0002644087,0,35-42
12806657,41,2,0.000115787436,0,35-42
71455569,42,2,0.0042623007,0,35-42
42874117,42,2,0.0033299967,0,35-42
73248748,42,2,0.006004839,0,35-42
72654376,42,2,0.0001585798,0,35-42
73268173,42,2,0.004251231,0,35-42
73250570,42,2,0.0046216166,0,35-42
73250018,42,2,0.018157743,0,35-42
73252045,42,2,0.035402864,0,35-42
72681797,42,2,0.00023237357,0,35-42
3141441,42,2,0.0024290876,0,35-42
72654611,42,2,0.00033638743,0,35-42
73267335,42,2,0.05437971,0,35-42
98652913,43,2,0.00060663425,0,43-49
95010512,43,2,0.00061282585,0,43-49
98652753,43,2,0.00010190962,0,43-49
98640583,43,2,0.008306036,0,43-49
98638916,43,2,0.00017850006,0,43-49
98651777,43,2,0.00023816014,0,43-49
91974807,43,2,0.00025945096,0,43-49
94073046,43,2,0.00031619144,0,43-49
98652756,43,2,0.00048683072,0,43-49
94942960,43,2,0.0011870911,0,43-49
98651778,43,2,0.0008645456,0,43-49
94122042,43,2,0.0013801543,0,43-49
94282919,43,2,8.286868e-05,0,43-49
98652912,43,2,0.0008434468,0,43-49
94131636,43,2,0.0013576845,0,43-49
74344109,43,2,0.0010609435,0,43-49
94300954,43,2,0.00015405768,0,43-49
27544977,43,2,0.00045854953,0,43-49
94074607,43,2,0.0034605626,0,43-49
98663456,43,2,0.00073516776,0,43-49
90239546,43,2,0.00018212853,0,43-49
94106222,43,2,0.00922258,0,43-49
94076823,43,2,0.0050974744,0,43-49
98640582,43,2,0.0074743843,0,43-49
94117759,43,2,0.002400553,0,43-49
92041247,43,2,0.0011043929,0,43-49
94121660,43,2,0.003593051,0,43-49
94074322,43,2,0.0006492,0,43-49
94119524,43,2,0.0077607413,0,43-49
49027294,43,2,0.00037288983,0,43-49
94106235,43,2,0.000951299,0,43-49
94105706,43,2,0.0024444307,0,43-49
94122204,43,2,0.0008524691,0,43-49
94075210,43,2,0.00019626647,0,43-49
94129856,43,2,0.0044677416,0,43-49
94120624,43,2,0.0051527694,0,43-49
94117146,43,2,0.0015023799,0,43-49
99259921,43,2,0.00024520647,0,43-49
98652586,43,2,0.0007023849,0,43-49
94280719,43,2,0.00016298208,0,43-49
94074600,43,2,0.00039479462,0,43-49
94292248,43,2,4.62603e-05,0,43-49
94075697,43,2,0.0007180082,0,43-49
105848201,44,2,0.0037474672,0,43-49
106409581,44,2,0.00012774371,0,43-49
105857991,44,2,0.013220464,0,43-49
105848184,44,2,0.004267744,0,43-49
105974994,44,2,0.00021726375,0,43-49
106003750,44,2,0.012857609,0,43-49
105788970,44,2,0.19116504,0,43-49
106409331,44,2,9.8507364e-05,0,43-49
105858206,44,2,0.13145159,0,43-49
105858784,44,2,0.0048087942,0,43-49
105785721,44,2,0.36311266,0,43-49
106003753,44,2,0.003425641,0,43-49
79587724,44,2,0.12324308,0,43-49
78828422,45,2,0.0001924351,0,43-49
148750534,45,2,0.043752935,0,43-49
155720780,45,2,0.0004431815,0,43-49
164756218,45,2,0.23579797,0,43-49
121098985,45,2,0.00061446935,0,43-49
155748671,45,2,0.00041609487,0,43-49
155661727,45,2,0.0002506779,0,43-49
156222213,45,2,0.00013264052,0,43-49
155586758,45,2,4.6796915e-05,0,43-49
156289339,45,2,0.00046947345,0,43-49
155794863,45,2,0.00036435292,0,43-49
32997128,45,2,0.00020543992,0,43-49
155655480,45,2,0.00020144545,0,43-49
164756237,45,2,0.24605542,0,43-49
155586757,45,2,0.00018124779,0,43-49
155720769,45,2,0.0002292104,0,43-49
155672475,45,2,0.000540751,0,43-49
164756230,45,2,0.20519942,0,43-49
155586753,45,2,0.00014204477,0,43-49
155670112,45,2,6.287055e-05,0,43-49
155747593,45,2,0.00014670844,0,43-49
156289334,45,2,5.7538073e-05,0,43-49
155668583,45,2,5.1755163e-05,0,43-49
63078865,46,2,0.00022488117,0,43-49
219399167,47,2,3.8989925e-05,0,43-49
218128783,47,2,0.00022508623,0,43-49
218307607,47,2,0.0130773,0,43-49
187716426,47,2,7.3635216e-05,0,43-49
218128752,47,2,0.0002087469,0,43-49
218647960,47,2,0.00017855625,0,43-49
218122643,47,2,0.00015248876,0,43-49
219394523,47,2,4.3423268e-05,0,43-49
218307592,47,2,0.00952824,0,43-49
129788216,47,2,0.00012830575,0,43-49
