,Local_feature_1,Local_feature_2,Local_feature_3,Local_feature_4,Local_feature_5,Local_feature_6,Local_feature_7,Local_feature_8,Local_feature_9,Local_feature_10,Local_feature_11,Local_feature_12,Local_feature_13,Local_feature_14,Local_feature_15,Local_feature_16,Local_feature_17,Local_feature_18,Local_feature_19,Local_feature_20,Local_feature_21,Local_feature_22,Local_feature_23,Local_feature_24,Local_feature_25,Local_feature_26,Local_feature_27,Local_feature_28,Local_feature_29,Local_feature_30,Local_feature_31,Local_feature_32,Local_feature_33,Local_feature_34,Local_feature_35,Local_feature_36,Local_feature_37,Local_feature_38,Local_feature_39,Local_feature_40,Local_feature_41,Local_feature_42,Local_feature_43,Local_feature_44,Local_feature_45,Local_feature_46,Local_feature_47,Local_feature_48,Local_feature_49,Local_feature_50,Local_feature_51,Local_feature_52,Local_feature_53,Local_feature_54,Local_feature_55,Local_feature_56,Local_feature_57,Local_feature_58,Local_feature_59,Local_feature_60,Local_feature_61,Local_feature_62,Local_feature_63,Local_feature_64,Local_feature_65,Local_feature_66,Local_feature_67,Local_feature_68,Local_feature_69,Local_feature_70,Local_feature_71,Local_feature_72,Local_feature_73,Local_feature_74,Local_feature_75,Local_feature_76,Local_feature_77,Local_feature_78,Local_feature_79,Local_feature_80,Local_feature_81,Local_feature_82,Local_feature_83,Local_feature_84,Local_feature_85,Local_feature_86,Local_feature_87,Local_feature_88,Local_feature_89,Local_feature_90,Local_feature_91,Local_feature_92,Local_feature_93,Aggregate_feature_1,Aggregate_feature_2,Aggregate_feature_3,Aggregate_feature_4,Aggregate_feature_5,Aggregate_feature_6,Aggregate_feature_7,Aggregate_feature_8,Aggregate_feature_9,Aggregate_feature_10,Aggregate_feature_11,Aggregate_feature_12,Aggregate_feature_13,Aggregate_feature_14,Aggregate_feature_15,Aggregate_feature_16,Aggregate_feature_17,Aggregate_feature_18,Aggregate_feature_19,Aggregate_feature_20,Aggregate_feature_21,Aggregate_feature_22,Aggregate_feature_23,Aggregate_feature_24,Aggregate_feature_25,Aggregate_feature_26,Aggregate_feature_27,Aggregate_feature_28,Aggregate_feature_29,Aggregate_feature_30,Aggregate_feature_31,Aggregate_feature_32,Aggregate_feature_33,Aggregate_feature_34,Aggregate_feature_35,Aggregate_feature_36,Aggregate_feature_37,Aggregate_feature_38,Aggregate_feature_39,Aggregate_feature_40,Aggregate_feature_41,Aggregate_feature_42,Aggregate_feature_43,Aggregate_feature_44,Aggregate_feature_45,Aggregate_feature_46,Aggregate_feature_47,Aggregate_feature_48,Aggregate_feature_49,Aggregate_feature_50,Aggregate_feature_51,Aggregate_feature_52,Aggregate_feature_53,Aggregate_feature_54,Aggregate_feature_55,Aggregate_feature_56,Aggregate_feature_57,Aggregate_feature_58,Aggregate_feature_59,Aggregate_feature_60,Aggregate_feature_61,Aggregate_feature_62,Aggregate_feature_63,Aggregate_feature_64,Aggregate_feature_65,Aggregate_feature_66,Aggregate_feature_67,Aggregate_feature_68,Aggregate_feature_69,Aggregate_feature_70,Aggregate_feature_71,Aggregate_feature_72,in_txs_degree,out_txs_degree,total_BTC,fees,size,num_input_addresses,num_output_addresses,in_BTC_min,in_BTC_max,in_BTC_mean,in_BTC_median,in_BTC_total,out_BTC_min,out_BTC_max,out_BTC_mean,out_BTC_median,out_BTC_total
Local_feature_1,1.0,0.029764252697030147,-0.058029997654321486,0.0128823372613948,0.025300952098625616,0.010980002912801547,0.003918505097090031,0.967876921641368,0.9946157268642469,0.18641920126713576,0.9714939505893474,-0.002536847925327147,-0.002255609818739623,0.021083983405515316,0.02871250779541498,0.18067386997999865,0.9938026433898253,0.943519005114418,0.9159076276931176,-0.004049696761771048,0.0002955849075517203,0.06799723846593381,0.04698625601308736,-0.001575688141524461,0.05582455314304843,-0.0011828495163284,0.0004966052691562344,0.06782367863444103,0.04686920494446059,-0.0015764517245916885,0.055674536349752266,-0.0011838385891356769,0.0004689512117800232,0.12865778499399555,0.1302297479837721,0.015063473947605753,0.12882319972564735,-0.0034140318326049243,-0.0013581289590907256,0.02256988240360625,0.022007236022122057,-0.004350441224166418,0.021064513952372087,0.002959307180012404,0.003865597971965086,0.02321430385290391,0.023404653648991882,-0.00477129059615328,0.022304379103632484,0.003142027826543827,0.004236907935211276,-0.00043981157801283987,-0.0038886428347774038,-0.01705536683750252,-0.004364464351305021,0.004847862470010348,0.005327085601576904,0.04821946353531252,0.04435114986980099,0.01478089880041345,0.020929548865332992,-0.004860177486732403,-0.002830751005398285,0.04760912700874223,0.044315076864970236,0.014847072655316776,0.020830714487864763,-0.004886616467516996,-0.0029289965819398497,0.07043019739294736,0.08930803232671619,0.07337956937758625,0.07241752460458067,0.011401704931685724,0.010123687788341437,-0.009996541310090668,0.015081931337220212,0.006006852342953969,0.0014111086377737016,-0.0015382850233465453,-0.0031431564602689486,-0.0020735551386021206,0.020485851150316273,0.010024445573776424,0.00693899202988223,-0.003525279084268041,-0.005275896682822467,-0.017198621427992618,0.01841435851135853,0.008297148911228333,-0.0018643896542607852,0.007803202593859103,0.007206007875649547,0.7974554509827229,0.6763689822203077,0.03375671089251675,0.7871569291271557,0.001087736142813896,0.0021000932452546633,-0.02462659282687864,-0.026090731653550553,-0.0058469055655374835,-0.0255832287247815,-0.013173579494551262,-0.014630552351851272,-0.013328369960726831,-0.010258773300863737,-0.008803149159812769,-0.015732298813865987,-0.005824273040514477,-0.004187845479906897,-0.05851198890574148,-0.06889906358972434,-0.03214431822276437,-0.06787241127040673,-0.00252715961386199,-0.0023895564947394236,0.0003645978830341007,0.009853715259684011,0.002604646246191812,0.000643024345294471,-0.010846400560684673,-0.011427180413885085,-0.013880559016359869,-0.003487867131647378,0.002192772053976152,-0.006296149286250982,0.00247862869684215,0.0026112579945700436,0.1883781705522026,0.5026285926828445,0.46268718524154945,0.45303126816278555,0.018045508369564516,0.01843985188253488,-0.02353785812810672,-0.021637923505860118,-0.02059754148938669,-0.028503218864447014,0.004619463890980441,0.003042286638941631,-0.02178785357247963,0.012812735392365542,-0.0021632439801584015,-0.01813409953724035,0.008027591823391397,0.00802057489964644,-0.08756771730524629,-0.028882059876479696,0.04050345467665768,-0.06297972112445893,0.012285630937140175,0.012003551577943932,-0.03503402288657784,0.00823995672870332,0.00047702366791882846,-0.02243520810265326,0.013968439293595168,0.013531293490018857,-0.003260613750880577,0.02494909907703835,0.013878696097177378,0.0011699719452854152,-0.0056434745872790135,-0.00626908602636097,0.017198896977312,0.07908307684040436,1.0000000000000009,0.029960023954308895,0.02447497338216471,0.012804782780635904,0.025276584826675226,0.9678730476447718,0.994615066690447,0.9714904277674666,0.969480099361297,0.9999999997403795,0.18062321309864637,0.993802027614448,0.9158965438370804,0.8374129573144965,1.0000000000000009
Local_feature_2,0.029764252697030147,1.0,0.22002066528114403,0.531420553593022,0.1389378877751785,0.5417582236805453,0.09495029336178161,-0.0023763508281268815,0.013402709964747704,0.03672346431353051,-0.0018129994726500055,0.016320320621842015,0.04718396516556763,0.12991894009753566,0.08603333959533788,0.09414106877522566,0.02462461407755308,0.0012229060858855228,0.012221983562058654,-0.019658170163038485,-0.017310839778802788,0.001087201830691955,0.03186148173705918,0.0012673141219637775,-0.0025348063613933425,0.006504650079759864,0.0172844137081175,0.0010724813750200388,0.031805835411666455,0.0012527922433849586,-0.002549359911119337,0.006511480990555379,0.01729401138744428,0.009592769123181083,0.0634600532280353,0.22301287656339808,0.011645241171115256,-0.008873245616518819,-0.007929871913347394,-0.018383947359848333,3.853897524649464e-05,0.009621615037976546,-0.01772951897615117,-0.003432832371742352,-0.0008765700919710458,-0.02109926792336975,-0.012922007536478809,0.0036658404443263718,-0.021159080997505113,-0.0036180441116126054,-0.0013586745183011468,-0.03454517591264841,0.0852900196465226,0.08172111616615726,-0.004393465278642451,-0.006191636408807806,-0.0079411546131539,0.09137566871227353,0.04915318643524557,-0.0004401163288480651,0.01335489029129673,-0.010255582328861415,-0.010024598451870712,0.09144451412525535,0.048984359184577046,-0.0005707050430811735,0.013240474115659366,-0.010299354933216726,-0.009908520813190215,0.0034322138849828807,0.1256917247395791,0.09418490164086725,0.08293931269494055,-0.00965852911795557,-0.012514984175918785,0.011247782908778453,0.0010033160257199418,-0.019231246702463768,-0.020833653399945844,-0.008536390288243437,-0.009037844913973386,0.030055404631401737,-0.010808780960593647,-0.024178640602125354,-0.022377519519893887,-0.010934323087146796,-0.011381995234769253,-0.009712720682320873,0.04885198270848391,-0.018129659987015323,-0.017478473501115654,0.0048376836811208496,0.0029973841658387577,-0.005521966946916109,0.1731186957609238,0.11340221356714456,0.008941863041676242,0.0063283186583387545,0.013992303729960508,0.1553780617578259,0.16193889789572893,0.013702680008588765,0.16038694654979593,-0.0024389632112883407,-0.008524649252303463,0.0775211926646864,0.30625121576939235,0.1859888789557589,0.11551055757357324,0.005799289875228773,0.01351679503634584,0.030974264877485672,0.19074062004071987,0.13557503925916686,0.13429654185144083,0.010589760455274586,0.011363213908328855,0.001262370676914012,0.28497865705983655,0.16232419265720227,0.02149897798880545,0.0009029535734216342,0.005780781910142855,0.0025781538659280716,0.061814866377122336,0.031385646730359776,0.01872356574075384,0.002767537479646521,0.007651626976467808,0.017920742654124355,0.07447478015978255,0.02616071255730708,0.023850315718823536,0.0009441580680970156,0.001894217593141798,0.14889950251436732,0.16649446382914898,0.014914168537928395,0.1467073356818052,0.013875190424790055,0.01460425063967245,0.03161040440388381,0.17578061535560277,0.10424024886856781,0.0977522452435853,0.014505865231123585,0.015199590237016815,0.06455394258146573,0.12095354017447585,-0.0038790629564264606,0.12340195197094977,0.017970248264583724,0.01862830725759577,-0.007366714006902731,0.09186140586632183,0.03369599610316919,0.01936068886046351,0.025581484215063784,0.025477607211494873,0.004882872908253818,0.15913172943826367,0.0743780573382415,0.03397391416904612,-0.006870803674482113,-0.006449477128483888,0.4242141685542975,0.16049886791679058,0.029960023954308922,1.0000000000000007,0.5038792806041401,0.532700115748998,0.13927802948453305,-0.0022638391002158284,0.01355629500368357,-0.0016978289161544678,-0.0021778942551967497,0.02998280061505971,0.09442639683730894,0.024808986328785147,0.012377809728869303,0.010274701302865537,0.029960023954308922
Local_feature_3,-0.058029997654321486,0.22002066528114403,1.0,0.11035780793310772,0.041935006421446985,0.11446473293035946,0.010724537740771157,-0.06720315983309802,-0.06264757441189056,0.002972345330484247,-0.06734311115612186,0.07139669604979813,0.079523635161886,0.04429391341675461,-0.005739565202610529,0.013516721681408328,-0.06265629902819313,-0.0865316302970148,-0.08854648263375944,-0.055823289901657566,-0.052954078456129205,-0.0372833782594843,-0.08081329161319616,-0.08620726006977979,-0.07226917017088624,0.03164421823831288,0.03506448120014401,-0.03732450001182884,-0.08084940554104252,-0.08620985422495979,-0.07230791401809014,0.03166440336328822,0.03515591594882979,0.023497083353338367,0.0313624745473242,0.03892517634868583,0.023977897790406915,-0.0002913116885702354,-0.0014854920969108523,0.01906749766586848,0.0023928551753949695,-0.059299873706915675,0.009016501198889072,0.003458519078979202,-0.000345556342282701,0.015812660128107163,0.0008629368923563758,-0.07747392983313493,0.007736992116521903,0.005346125648940249,0.001515279027655267,-0.09833419353707612,-0.06333089038399055,-0.023179233327531076,-0.09788062964247063,-0.012077199986587614,-0.014777896023341779,-0.007196320391714084,-0.0959154948114322,-0.1187225377288674,-0.1187758049983251,-0.06274997184770148,-0.06063189803751805,-0.007255860790608469,-0.09596800768470268,-0.11874221272906188,-0.11881832320476768,-0.06253441503584199,-0.06031908715475119,-0.008399411927236262,0.036668424145950416,0.02555742700635014,0.02063412804322424,-0.09187564943587335,-0.0930478669089229,-0.04328478967190915,-0.012875822857810287,-0.01972690517249508,-0.03137293051673201,-0.0998751558654685,-0.10003316316524692,-0.03612798906639475,-0.009304156348723473,-0.016614503735687906,-0.02340859817991885,-0.10627092695683321,-0.1058633824946185,-0.11741158839938075,-0.12486444482124265,-0.16113725093750825,-0.1919920157601232,0.030449589783585067,0.028842000009673838,-0.04184063426024336,-0.004272252040459277,0.000798153268276208,-0.04411989118493074,0.026875551007115563,0.027724564677423104,0.558314919797869,0.5741558952611585,0.028153934063949705,0.5708585641808651,-0.02586445196815586,-0.028092568305630197,0.10833299828001974,0.16988030700257162,0.10511036610626395,0.12963760029514929,0.0025446911688299934,0.004683503655955302,0.7076588941640566,0.7630112875267355,0.08306454284975372,0.7727958238299035,0.016529586258366005,0.016068378836197193,0.03044267063723908,0.10644645245251831,0.09049416019499014,0.04470039481047282,-0.006535495472628198,-0.004838318228032379,0.01009025438673884,-0.0025482809034577517,-0.029886461519515052,-0.006818379855979083,-0.0061192810401471355,-0.004817832678257759,-0.01721139218807286,-0.008276197575540314,-0.036280202128765066,-0.043648495664710345,6.330387965494055e-05,0.0010005309511686774,0.5281976845932576,0.48646885810348517,0.01873589583879821,0.5197838854672451,0.08130824451128743,0.08053761001873891,0.058656561207227495,0.2699927759858353,0.23334281434179874,0.2172337519951095,0.07963545344212636,0.07930263607377376,0.6338996680794389,0.5130988177197201,-0.19011407991968665,0.6727401579032602,0.179751356662573,0.17979950473508313,0.03250797373663368,0.12611528681860765,0.057269336546999984,0.07337235845828106,0.14582036500735068,0.14560366456390408,-0.0106826268275438,0.08585350835765201,0.11274400231665074,0.04820240951932274,-0.08377074041193118,-0.08310122845293413,0.07753199653598321,0.05347118237727085,-0.05783906580510033,0.2193738810319677,0.11809940140241712,0.11067720059649709,0.04214022003763002,-0.06704200969682286,-0.062470953597766124,-0.06717900762310024,-0.06740096101144703,-0.05783402519068251,0.013726510787951172,-0.06247449077457291,-0.08840622658470171,-0.09408286355747031,-0.05783906580510033
Local_feature_4,0.0128823372613948,0.531420553593022,0.11035780793310772,1.0,0.014052083638853458,0.9393551185439248,0.3575940707253512,-0.020260607384524853,-0.00435353746506507,0.03403468114837632,-0.01973883724339983,0.015916968427788256,0.034558431374829744,0.014705510568454375,-0.0014199516860224394,0.11097494128986449,0.010011442825490893,-0.0031013933761999397,0.012889597155008358,-0.032887564436511016,-0.03320651105552634,-0.01528033380719929,0.00965948424976605,0.003554966996839616,-0.012925243066589069,-0.0013117179003246315,0.0007845456129975848,-0.015281404917511354,0.009637707742929536,0.003548050364754801,-0.01292628368784355,-0.001308673715127473,0.0007886775571870721,-0.0011949275207322515,0.02429218018944959,0.09350829031305738,-0.0005334312248489728,-0.008806125836957685,-0.008739309299510932,-0.02251715170279604,-0.009574183085121837,0.009204819921308869,-0.02075018505982362,-0.017918652090291542,-0.01829600593369858,-0.027163843237962795,-0.02091019131701171,0.0054040367443474275,-0.026647603824564912,-0.017591892498379468,-0.018617249508187945,-0.01943697227905305,0.12369856682404114,0.1157009622908194,0.026056425183607075,-0.016880203759764973,-0.020544305699077677,0.11667156462430509,0.0337954259965731,0.004638995573168343,0.030286973289765352,-0.016059046043268695,-0.01636570558086192,0.11678016144766992,0.03371018688359139,0.004566844874124994,0.03022694772422881,-0.016142791697885295,-0.016391908241080333,0.0027110189609560846,0.06325162493742408,0.050461694351899865,0.04542863606388297,-0.006567466392979538,-0.007597334885257192,0.025583411509314966,-0.009750595340480828,-0.01985244744923478,-0.015672844733677263,-0.01186943746137551,-0.012401070366921962,0.05081019368281507,-0.017645370364159838,-0.024797004617103973,-0.01814847555165484,-0.014779904849884,-0.015472932463692607,0.03827733796690329,0.016340247016917168,-0.01982305983301783,0.010348806136456296,0.007288153661010337,0.006422036518461787,-0.02372722286285033,0.19368068546827108,0.13838504791681186,-0.0001603438600465659,0.0009705755006922836,0.009425020739221685,-0.0202737742116869,-0.008669196229128368,0.04640785315492278,-0.011928196690708182,0.023689995223101085,0.022388993851614608,-0.016008707011979307,0.17718554827249341,0.12464351447572702,0.012593622379290091,0.0015652815254937114,0.007301584634496485,-0.10441761051928247,0.12262137570644435,0.22330489269324344,0.016983257941371843,0.01085304438044167,0.011144136453942174,-0.01105656999722552,0.3996713886897571,0.1962092966804741,0.015012660037993716,0.008211213282074097,0.013091366845897724,-0.0016235814081776402,0.13354496040688751,0.08449022155342079,0.04321252080998578,-0.007337515940759408,0.001140284250761746,0.03953788552396782,0.04357796868423944,0.017828690694620928,0.03450334857503107,-0.012069750693093323,-0.01194469121426667,-0.0026327724648672417,0.0012749718203143377,-0.005239369171252887,-0.00408367221236252,0.015296844803951716,0.015291243642828701,0.00768075794486791,0.03554359328986423,0.018772362752270667,0.017561648555299257,0.012999992828130197,0.013267073043712847,0.03431738130572807,0.03384777641533764,-0.01687260734493951,0.04250056446559253,0.02056833512112578,0.02098240438541112,0.011926651067128256,0.02886103046358135,0.013251872199525463,0.015043444604114864,0.027089994250339595,0.027422004302221015,0.009227604559933163,0.03268095662904161,0.04356062752018862,0.03398901111892303,-0.010857348128718103,-0.01131018002578363,0.5882239866571658,0.0248827699253673,0.012804782780635942,0.532700115748995,0.8368392080356329,1.0000000000000036,0.014034096941720059,-0.0203369521992218,-0.004430848238578492,-0.01981615075645712,-0.02027127212775997,0.012816918066095567,0.11096695538321598,0.009931932545172825,0.012812514221136249,0.011976868934600869,0.012804782780635942
Local_feature_5,0.025300952098625616,0.1389378877751785,0.041935006421446985,0.014052083638853458,1.0,0.0159677721862359,-0.001977562618759612,0.023902343964655594,0.024908645441105833,0.005419152541579024,0.02404978830839233,0.0022580793098137546,0.007003862090471742,0.986483555722822,0.264163794084745,-0.003864616477810696,0.01290273693765849,-0.004690528225751395,-0.007736012895981481,-0.015703424147316944,-0.020678110472086866,0.02013029821182842,0.013007658032449469,-0.00280696221996317,0.015393289772453814,-0.0007005824327152981,-0.0005629003581237592,0.020124540238427878,0.012999110414498836,-0.0028077176801301665,0.015387315868472853,-0.0007003542487001418,-0.0005657387874505557,0.00619366700773122,0.010747606837932954,0.0229906691771078,0.0065417361949715045,-0.001985464877443846,-0.001220461239958116,-0.006950967457177783,-0.005926906860300253,-0.0015104624056823707,-0.007175206950423812,-0.004136797974876642,-0.007520286395270299,-0.007075107520974396,-0.006845241192483031,-0.0022209260480234323,-0.007310910148494954,-0.004448301777159249,-0.006742700727605612,0.02750859854090824,0.03973325832749157,0.01595129343905104,0.033045989228916016,-0.006797943604957425,-0.006787612115370946,-0.002806551136748429,0.004053051875380566,-0.005176587937341254,-0.0076476949751155,-0.009468506169888173,-0.012334245536566691,-0.002806563444938676,0.004043600981761912,-0.005178676395250978,-0.007648128743998612,-0.00946087421049401,-0.0122906203677991,-0.0014870225636446903,0.017849420834302625,0.001423331695966435,-0.0003193402462676671,-0.006617439399057901,-0.007136780792539075,-0.007286785647892149,-0.006104300093144703,-0.01104422832720885,-0.013358447752265284,-0.008896069245070077,-0.009686718302593865,-0.004732500609752475,-0.007159519458964473,-0.011521450524616093,-0.01285002011620236,-0.010614357765145844,-0.010955198314546048,-0.017770057129322756,0.13143639985359867,0.024953422848578214,0.04102267789200603,0.0022976577168742907,0.0022880300297572456,0.04510338761312466,0.044931870391252085,0.009612042991502975,0.04589208846792314,0.007490617583349325,0.007129202988518116,0.003624275645101459,0.004490280060509845,0.0035753980156754688,0.004466570280093489,-0.008475991349037587,-0.007566884267707255,0.03719133649258241,0.0366494273960798,0.00838321781710152,0.03697778026759193,0.005718937963138143,0.0035018706296732244,0.0024623879494871746,0.025568864995191037,0.026725036474994936,0.015957969398967205,0.008281720004552838,0.007846351171090558,0.016580019975095017,0.02845025802222508,0.022066676883396384,0.02104229568667821,-0.00701369360637247,-0.005813597619787414,0.010920359580536458,0.01251101220484445,0.00401232926353746,0.009845741073868479,0.009791650186845302,0.006439621720195348,-0.005072431966960904,0.05927761948747128,0.004745020870380782,-0.004262680529026053,-0.0018987682387334246,-0.0034977983997032083,0.004300865413460224,0.11080737845733712,0.07653273648994648,0.020944449936709044,0.010201779453310255,0.012127448401694446,-0.010983041836572121,0.1366947064660913,0.019737994308083425,0.006037265850350795,0.006326257793596739,0.0067664060796518615,-0.05566367908109231,0.06278896753673062,0.022582401371224397,0.017979620545837464,0.009719185999089774,0.009386085551417336,-0.014813183964818268,0.14519599198157143,0.04007057789674217,0.031125628334604378,0.010834711916714592,0.01036092785346494,-0.0052159358357857346,0.3528648824704367,0.07222659424751032,0.002383850965520488,-0.0043827595244064505,-0.004886471511525574,0.0048784425356244885,0.544960463066662,0.025276584826675105,0.13927802948453327,0.5066511882996251,0.014034096941720054,1.0000000000000042,0.023879309408473843,0.024884872676993356,0.024026455457626408,0.02398111654898047,0.025279742695665734,-0.003870648855932846,0.012876827250128979,-0.007762655020470585,-0.008878596012239042,0.025276584826675105
Local_feature_6,0.010980002912801547,0.5417582236805453,0.11446473293035946,0.9393551185439248,0.0159677721862359,1.0,0.04021382026001454,-0.01871189700612837,-0.003951480108032845,0.032477181474235006,-0.018213953660278708,0.013040462237142442,0.03264370157651647,0.016671975645098664,-0.0013515819530936658,0.10010445484652879,0.007662720602697062,-0.00543284624937902,0.008719477141076954,-0.02699645465946668,-0.027423035221312255,-0.014586048627612301,0.012526388084867546,0.00515434142406175,-0.01222064124874966,-0.0007555649164134112,0.002056578672466009,-0.01458589737090398,0.01250328949836663,0.005146881809824071,-0.012220698391912326,-0.0007517778881167015,0.0020620752745501526,-0.0019612963313689214,0.02599013125218319,0.10126438522172956,-0.0012632076759561575,-0.009030754985104495,-0.008649177865405483,-0.025767473381818073,-0.01271586986012162,0.008698573706886318,-0.02477833842792484,-0.01736490014107397,-0.017719106870023073,-0.025834275957925052,-0.019277571379723992,0.006296372662743502,-0.025488277317865855,-0.01739454041078812,-0.018213030691260075,-0.04019318913979992,0.10693458299872154,0.11767033845414711,0.004486868962295463,-0.018151954809782822,-0.022129901050616345,0.11448138658063589,0.03835110900585875,0.007893950259895347,0.03227877656690263,-0.018165331554933183,-0.01833518379010135,0.11459313758993885,0.03825640335139793,0.007812968777633501,0.03221258887489548,-0.018263245109594147,-0.018371117519733852,0.002528643699619541,0.06985292628465506,0.05561918139716813,0.050000273406926386,-0.00941458633985927,-0.010568691616842258,0.02581313906725193,-0.008880843457673966,-0.019592202513812874,-0.015870951860733607,-0.016060838650330433,-0.01667682851197864,0.050055199375376155,-0.015593141567733552,-0.022961102597998734,-0.016833353212093227,-0.018430219996625728,-0.019029807508864346,0.02316879158229628,0.010024303904641513,-0.023962901749606236,-0.0030318734511924315,0.0032646213123208602,0.002483386610926783,-0.02173220896959924,0.1926937831869761,0.1359107072121615,-0.00017711596720852127,-0.00016810828049085915,0.0077913531373328725,-0.007396231143543893,0.0020190737124739814,0.0390927899565033,8.105205809553317e-05,0.005979567557643377,0.004443366724547078,-0.014564977206156446,0.1782601583395425,0.12195303759761711,0.011247385640993764,0.0015664914592040783,0.0063810240198497814,-0.09605891583947751,0.12438821084787252,0.21704940891089486,0.02437596508156134,0.009932398484187342,0.00983523549893719,-0.009893611209710147,0.4001669710662827,0.1935334245576014,0.015164244813764915,0.009610460676134972,0.014346815037947805,-1.1477960682176729e-05,0.12445559655744333,0.08120013868359105,0.039132189781002046,-0.00802965316886056,-0.0022059118684274424,0.0267621768113189,0.043818836811700755,0.02071295596861613,0.02912584684171255,-0.007180293350445818,-0.00701324908482636,0.002721161418574132,0.0069766426440528075,-0.004982087669242047,0.0011134353375290042,0.010119002968276329,0.010187190890957244,0.0031096381579854607,0.041002140765718,0.024385535059145317,0.018780255225030913,0.012917908618312284,0.013081667881119209,0.03493399219382973,0.04120370572675197,-0.012350600733647674,0.047560063119195334,0.02052363865384616,0.02095817296393856,0.0019232846476533228,0.03377813000651702,0.019219500922913142,0.014750603225740542,0.025467278234977693,0.025661536950786736,0.006262837865668546,0.03548299957423071,0.048519117993976985,0.03439101811375755,-0.012387696903003884,-0.012916344653969784,0.6188551071425055,0.031109635809239856,0.010908585887127882,0.5430421773649046,0.7636815819422771,0.9393514907094218,0.015951575341437436,-0.018782050821394114,-0.004022542507783381,-0.018284997562771806,-0.018729082064698414,0.01092095823752376,0.10009675450669099,0.007589443437134882,0.008648261096100176,0.007546375195985407,0.010908585887127882
Local_feature_7,0.003918505097090031,0.09495029336178161,0.010724537740771157,0.3575940707253512,-0.001977562618759612,0.04021382026001454,1.0,-0.008778547463712285,-0.00302517325984593,0.010931353396172431,-0.008590436900300324,0.008892128243934391,0.009359305348258119,-0.0019670216121713195,-0.0004878368879050283,0.011334013191256088,0.004057213191508446,0.004254572201764721,0.006198661454398591,-0.02487809626778038,-0.024687858487446444,-0.004907201862909847,-0.004297745994956793,-0.002989784006427039,-0.004448965286057782,-0.0026845830309988315,-0.0034239873833459542,-0.004911081305652274,-0.0043001782415142895,-0.0029898907360470517,-0.004452099135438695,-0.0026849497217445234,-0.003426531724124719,0.002081635932911567,0.002185419072677703,0.0004827799373865926,0.002089197355557745,-0.0014736068327849392,-0.001549540810586994,0.0054041684710134956,0.007824029430517866,0.0030024005036105683,0.007824752298971714,-0.006008688515298881,-0.0057737875703636615,-0.009402934624039658,-0.008962617873877237,-0.0016640475369776408,-0.00892416282777127,-0.004915784912926771,-0.005237825169005451,0.05654969859313309,0.06230683234255178,0.007845244977626138,0.0629908771072803,-0.001419720981903828,-0.0013663699958061,0.01911741941350005,-0.004475359098222078,-0.006898009182611056,-0.001390027248789299,0.00297591152803838,0.002393948224921298,0.019118936878506375,-0.004474980027122916,-0.006894952324936588,-0.0013916919419789445,0.0029889473287292435,0.00240739114194737,0.0019004523848066429,0.0008612284093911186,0.000921790499751115,0.001076289408024184,0.00795491798912234,0.008089995773349077,0.002401722666598685,-0.003192989048612462,-0.0040423081990965245,-0.0024783771475731676,0.010691096608501309,0.010673478947474915,0.009196012329258174,-0.00898791907189722,-0.009952488316324842,-0.0076065694476199226,0.008231460055397311,0.007646513696886839,0.034246947188228696,0.020332888495089345,0.011775157072540565,0.032201494240523355,0.014376204978116152,0.013899663395640287,-0.010587273989670602,0.024131203151580453,0.025158472063957067,-0.0013146875372147932,0.004317120063615526,0.005641104015027495,-0.036877518622741995,-0.02820995206110618,0.029651140651398896,-0.032627799967512354,0.05442914524325014,0.05446203037193883,-0.0076444950926805215,0.03079930186202236,0.03195930350238547,0.00551884320278067,0.0004458282605804614,0.0027563279822493095,-0.04102060564966254,0.016357907974385365,0.059377337848455856,-0.013395671081682119,0.00412782957646701,0.004773783132511033,-0.005269845094991004,0.05870138683990252,0.03992097067652555,0.003479424929849299,-0.002587446558669477,-0.0011374563332231698,-0.003730602287169459,0.037590307730178664,0.018387088222764573,0.017563882965362845,0.002505860722795939,0.007509066685694563,0.04038913610271348,0.009731045320592822,-0.002324809547624122,0.021701743016201917,-0.015266183802159645,-0.015465572604824547,-0.011306629329025191,-0.011296969718599935,-0.0005755266288196628,-0.011039870673102073,0.019921173051664708,0.019692808399167896,0.01464825330867396,-0.0024268137200674274,-0.007251447508237121,0.0037567455619764967,0.002013683315327468,0.00239049793964501,0.0039004570331408277,-0.01171402405200027,-0.014162850999420934,-0.004859736922303664,0.004017064345642788,0.004067552283414447,0.0328480624528038,-0.000718966057054588,-0.008043102098590497,0.010106681796051684,0.009830531862818249,0.01037504438249315,0.01028792057130288,3.5787850256532026e-05,-0.004571034512345197,0.006287727688725021,0.0019032267854669298,0.001970187122721136,0.04014686633891139,-0.010120020537842188,0.0038858174604138687,0.09521868896300088,0.36243359422180554,0.3575845734762606,-0.0019859258621532506,-0.008810234622454276,-0.0030575276930467224,-0.00862254033288862,-0.008744606559659708,0.0038879855183364554,0.011326569539827093,0.0040238255076284635,0.006166355017125777,0.006548939947046426,0.0038858174604138687
Local_feature_8,0.967876921641368,-0.0023763508281268815,-0.06720315983309802,-0.020260607384524853,0.023902343964655594,-0.01871189700612837,-0.008778547463712285,1.0,0.9743978199055167,-0.006761725679826572,0.9994283845896851,-0.004210861288191672,-0.0052538787635284185,0.019487615277806673,0.029561792174539293,0.11421876490211373,0.9657794887333505,0.9403711456255865,0.9126277861527539,-0.0016085024733437257,0.0032608456345048467,0.06276886266511189,0.030235639439903254,-0.01279961716991475,0.04701031867420519,-0.0011963213624823492,-0.001601156764985601,0.06269329159423286,0.03018337612740185,-0.012799416932254773,0.0469428884458358,-0.0011976977172919786,-0.0016097388862338804,0.0603346004658286,0.058916141464770096,-0.003871930661108124,0.06025355306769334,0.0002006392187352553,0.00014896709628931407,0.024849540185937605,0.019194961010207397,-0.012381753702192896,0.02222770898495161,0.007025764038745709,0.007802131691282139,0.025625002975824134,0.021576556198182974,-0.01547040552233721,0.023805790235918844,0.007476055826517145,0.008157717731034872,-0.0021931589913163027,-0.025150883659026884,-0.03722199426552676,-0.013452059307882649,0.009146253206762588,0.009743809617806161,0.0074132693581532095,0.021633434935788697,0.001077098973599616,-0.0025859369383005805,-0.004430591167942299,-0.0017775950327661935,0.007200287688087183,0.021615776377208133,0.0011006394810645502,-0.002617025285103274,-0.004454863527923806,-0.0018874009422373429,0.021869354682947536,0.036822203379450885,0.02446576626163534,0.02202404973122233,0.008217068080686835,0.007243910364815411,-0.01148036551681495,0.01167793356753892,0.004600111075728144,-1.1344097319236135e-05,-0.002053198300711082,-0.0023454106687741507,-0.004447862442252463,0.01775157908030767,0.008885803032986455,0.005639433457725746,-0.0038832198751506245,-0.004331278931949911,-0.023832754008592336,0.006289471541741851,0.0036689021800089157,-0.010575637112224848,0.006546970170562689,0.00655927120281754,0.8239637200337909,0.6437680542915604,-0.019163185292172084,0.8043385536895489,-0.0020320996024047315,-0.0026029320495902287,-0.027156061176864407,-0.029495378383669946,-0.010941710069390768,-0.028768861081614916,-0.015030934416667563,-0.015495073136773625,-0.011949435543705091,-0.023650070927120393,-0.021086589880300453,-0.016935657700065103,-0.0023033150276697513,-0.00217830874663663,-0.051134495453852416,-0.082285238805756,-0.05554170815938004,-0.06974081504100994,-0.0012619235983123487,-0.001102262212355827,0.0009423826138212698,-0.014986965676223167,-0.021954438912146972,-0.004529048596955924,-0.004866470084598882,-0.0051521346458432956,-0.013186380545945758,-0.02229781728999334,-0.01576475199321415,-0.01930267362407715,-0.0009765936626070224,-0.0012252792772585442,0.16854509507625084,0.47931535907838196,0.45669894423846963,0.4393011708941318,0.019592315932315273,0.02045186734223984,-0.026788009546985483,-0.025793611786322296,-0.020780072190792528,-0.031490003792786284,0.0018129514872777266,0.0009778452482801857,-0.021572941822978725,0.007064265967409147,-0.004487800271762507,-0.019323942071819526,0.007828270241076832,0.0074048205419454845,-0.08759989881225573,-0.03407198823579273,0.04139967551219108,-0.06641281654782019,0.01130808524516506,0.011104812000639067,-0.03447724593097077,0.0060034730959968655,0.001737655320388386,-0.02096081442102975,0.012010884998974852,0.011547443716893944,-0.0037162681417485985,0.019028479469448523,0.0066854364863971425,-0.003489291986686538,-0.005653144886457078,-0.006076496253483133,-0.010395213326361896,0.07123328881348899,0.9678730476447708,-0.0022638391002158666,-0.006283953898129397,-0.020336952199221783,0.023879309408473746,0.9999999999999958,0.9743947083314684,0.9994283231665961,0.9995035657020434,0.9678723347246474,0.1141586122676887,0.9657757364150368,0.9126167772565076,0.8441519699484465,0.9678730476447708
Local_feature_9,0.9946157268642469,0.013402709964747704,-0.06264757441189056,-0.00435353746506507,0.024908645441105833,-0.003951480108032845,-0.00302517325984593,0.9743978199055167,1.0,0.1824124039638051,0.9778160369443328,-0.0037440051460349774,-0.0036671045996079584,0.020623217126356615,0.02904839109846908,0.12441819305603456,0.9916799552644865,0.9447349158147681,0.9079770141225048,-0.002467692159990535,0.001953566579543804,0.06320715549436179,0.04274089668312485,-0.002010106158570372,0.05166263672389321,-0.0011663339197499896,0.0004200472539116455,0.06313305354996374,0.04268862808909853,-0.002010259166219917,0.05159698598366756,-0.0011672713030928263,0.0003925682292700544,0.059269690570165366,0.06020141266477106,0.005128465660666344,0.05929515310053357,-0.002955960779316335,-0.000934708917214451,0.023245214164525775,0.022027386001859176,-0.0050495601624253586,0.021593986032982813,0.0031924424981592723,0.004375905192255742,0.023939469185090857,0.023780806806296444,-0.005322237457015676,0.022944321650939053,0.0034399866459099886,0.0047329384621928785,-0.0013045356138042074,-0.009636643948792836,-0.021234035595563045,-0.0069343676184758255,0.005561620330960627,0.00613415131733903,0.020281622068290643,0.03469149650094447,0.008949267218579323,0.008433083985533196,-0.003890410975117299,-0.0018551235430966815,0.020083186545634537,0.03466555105705065,0.008966678519698979,0.008398907861152884,-0.003915605397294448,-0.0019557643098959106,0.021635187614904867,0.043343467961619,0.02849804899346397,0.025139838649706606,0.010698132639096549,0.009411812606460821,-0.011231836692314553,0.014479642781146395,0.0058296362686311555,0.0010760216356203473,-0.001062481878617179,-0.0026773029469941484,-0.003913009172798074,0.02019805766645085,0.009968404731065488,0.006674715024103345,-0.0029705239147843217,-0.004721994799879853,-0.021870749291333338,0.016143963124308842,0.008631696383793085,-0.004595422042027519,0.007404891047871928,0.006876164120587449,0.8028896236353359,0.6674764908017822,0.018076899155434565,0.7893381652786886,-0.00025034887469959597,0.00045590466770552653,-0.02471537198069824,-0.02654369880572273,-0.008160923613437263,-0.025954693703352988,-0.014555730061859834,-0.015534078975824286,-0.012834448674787526,-0.017157920582428543,-0.014884365408567662,-0.016518054705486437,-0.004491203131653865,-0.0032322004067746033,-0.055888584843913125,-0.07401658899069863,-0.0401605744099958,-0.06922412702065792,-0.0012666381786030616,-0.001111093171443419,0.00027831398794015273,-0.0029746234767095156,-0.01127164055847749,-0.0032853434278599463,-0.009129735303852304,-0.009673731062522445,-0.01359392907769492,-0.006751204314085357,0.00038593707810992075,-0.006671552072269974,0.002653324970736963,0.0026794165933403933,0.16996540237425165,0.4957998751710367,0.46187348257895655,0.4413717166825753,0.019735555368585907,0.020126044806275608,-0.024039495290088055,-0.02205987178689454,-0.0200053718043468,-0.028829771554992438,0.0028975713985933305,0.0013479902629979737,-0.021775335463493483,0.012246004838704694,-0.0020903449901778933,-0.018031373106292634,0.007641534890760806,0.0076185857815162066,-0.0889611909186536,-0.02996883649379985,0.042141333019269374,-0.06439180217346727,0.011152359347403685,0.010868619544774095,-0.03458380855614508,0.00874132785116214,0.0015631087552839794,-0.021238571427837614,0.012878938122815098,0.012419628514756422,-0.003694999972062324,0.023153852326729982,0.011067061774097364,-0.0015593706735520067,-0.005554193963718862,-0.006144234698953114,0.0038891097358779055,0.0748783143596581,0.994615066690438,0.013556295003683452,0.010089463341276413,-0.004430848238578485,0.024884872676993314,0.9743947083314622,1.0000000000000073,0.9778132854184857,0.9758502371464551,0.9946146961521753,0.12435993072929649,0.991679191013024,0.9079650881686178,0.8286200227286948,0.994615066690438
Local_feature_10,0.18641920126713576,0.03672346431353051,0.002972345330484247,0.03403468114837632,0.005419152541579024,0.032477181474235006,0.010931353396172431,-0.006761725679826572,0.1824124039638051,1.0,0.02340417165708347,0.0012423480984914683,0.004297551860257019,0.005455326289219823,0.0010089950883359156,0.08003166762627932,0.17904892158640462,0.09878367574635383,0.070799752726909,-0.0067238995549689625,-0.005075964248576743,0.02767407405675693,0.09945864832952174,0.09929551586149343,0.06797031100543,0.003026437093257424,0.010041786810662562,0.027672169411712855,0.09946047009314897,0.09929631984475273,0.06797379691661176,0.0030300745611345496,0.009986119267887854,0.003654188624676263,0.008579521856674445,0.03567865083085035,0.004431728406526809,-0.01484676180842943,-0.00879700201199923,-0.0038582742579601503,0.018058478892520765,0.054771627365217415,0.004031536774779023,-0.026324348942863385,-0.027973600522448818,-0.004523201623597299,0.016556295636066764,0.0793359315788901,0.0030538053904053644,-0.027384021817166565,-0.028162758634289,0.023708667570687313,0.07962409708451136,0.08899551436615559,0.04942145645388607,-0.021704132374035776,-0.023373615608397274,0.12319198409499474,0.09993845797477195,0.06690296415805704,0.10796073784935421,0.0050728396110926895,0.0039142636112059394,0.12328342286049501,0.099921790331109,0.06689168587201602,0.10795909529539995,0.00506196605195835,0.003905053556199194,0.002255903446116555,0.02091811224194725,0.012891990815824395,0.010062911379483935,0.016854366538868147,0.015619520830592905,0.0008353891187076294,0.01922924863214773,0.012791122590505579,0.015359569143801299,0.00790639721779431,0.001540926210803134,0.003249322388202485,0.01935392409493837,0.012846336057851827,0.016195068140978465,0.007203501753320842,0.0008892788211635077,0.0189107938011813,0.059180411454570245,0.03860881737910414,0.049403715224246775,0.009162912442405871,0.006573655456902935,-0.002475844782553392,0.143162496110638,0.18972165297998,0.031334739696494376,0.01776771829896396,0.020586321304629382,-0.0011836946280487123,0.0007945840779122881,0.01655812264364572,9.027693154333698e-05,-0.0010593089969225796,-0.0024533080955120284,-0.006765206160311917,0.014169361521207898,0.02229884977702547,-0.0014797871551012717,-0.013466322769866812,-0.008925191559774536,-0.02710117684261909,0.018795409617683993,0.06652694642800627,-0.007896169443299064,-0.001336232623843285,-0.0014833527253905006,-0.003272209734743448,0.03349988045277813,0.04367270924049239,0.006763628069494629,-0.04035336102861463,-0.04091594204606501,-0.0043946104237423175,0.05077072052383634,0.06199422636982438,0.03966654197705233,0.0354997295859287,0.03737890246114963,0.02179781426639744,0.12281326944468253,0.07847045437515233,0.06214024742685645,0.0023861312565850224,0.0015239736202385563,0.001176109752856486,0.0037018452508230477,-0.002905042378002492,-0.00025926644508194197,0.003955113301176594,0.0019534433278548475,-0.005650429864052981,0.016609131554617032,0.00521565547736206,-0.0012424985565104624,-0.0033229382183781776,-0.0024988717792395034,-0.026098439990070423,0.0038477557353322357,0.008600923404053917,-0.008790307702915839,-0.0014407464912166304,-0.00220035858710642,-0.008436715843469587,0.004855924350729537,-0.006409593284497594,-0.01137657312473533,0.0014466180753734752,0.0003566023483320584,0.00010772793568609174,0.030768708429630177,0.03013248567001371,0.010900195628418164,-0.004517741577308209,-0.002727558443006113,0.033882927735240896,0.02893034855733342,0.18639480437359615,0.03684625036069194,0.03628397096739355,0.03400888764289667,0.005409910323071445,-0.006797935322071998,0.18238819941820147,0.02336954401638677,0.015216134529129243,0.18639551700587625,0.08002759075361199,0.17902329869682662,0.07076733892267113,0.026742651925368083,0.18639480437359615
Local_feature_11,0.9714939505893474,-0.0018129994726500055,-0.06734311115612186,-0.01973883724339983,0.02404978830839233,-0.018213953660278708,-0.008590436900300324,0.9994283845896851,0.9778160369443328,0.02340417165708347,1.0,-0.004260899006013118,-0.005223459556108725,0.019637637409586142,0.029581208399117574,0.11707244920691573,0.9690438994271129,0.942015454204516,0.9140311940605095,-0.001915865137618259,0.0030737033002770056,0.06404114552996659,0.034191429433989326,-0.008540939998999532,0.05006701129770274,-0.0010837612627603436,-0.0013543129156037754,0.06396536276048234,0.03413924449342692,-0.008540674818810597,0.0499996303056212,-0.0010850032656130994,-0.0013635986158503873,0.06058967025904924,0.0592567449084691,-0.0026804476249794535,0.06054090054047392,-0.0002634536524015986,-0.00023144330954788644,0.02473128635297039,0.0198002697935504,-0.010177933682270967,0.022445241622917667,0.005964626845912353,0.006656310876076915,0.025477373510904858,0.022147368417956798,-0.012245762645640037,0.023987294451102627,0.006385422276274628,0.007003231622539798,-0.0009965701064610316,-0.022483513619503077,-0.03410081045695714,-0.011451587132944733,0.008340622541874862,0.008884180309517905,0.012784030487567712,0.025601903509519325,0.0038593400889451483,0.0021312362265207313,-0.004219819756768972,-0.001558069823361517,0.012574401070693665,0.025584248686349273,0.0038828765183908163,0.0021003009530819418,-0.004244524618580923,-0.001668865602748242,0.02203848806270951,0.03723924083754271,0.02477506272085328,0.02230290709257096,0.008834546382488439,0.007815803562343581,-0.01141660243573305,0.012371872530190326,0.005132099877186218,0.0006961601071736977,-0.0017456546296283858,-0.0022045187821382005,-0.00430069179827342,0.01846538003150957,0.009426432735753623,0.0063855192001464394,-0.0036001603651412747,-0.00421508275017061,-0.022931536786063873,0.008399599333486687,0.0051882944148550734,-0.00853329976828409,0.006954507804407711,0.006892289590281898,0.8236590759742619,0.6466661431762848,-0.013311896061322376,0.8052197936740838,-0.001317387995492072,-0.0018668423832063406,-0.027485025683950264,-0.029761140277362326,-0.010279553781556316,-0.029061388688257393,-0.015085603510366478,-0.01556640888062061,-0.012189735703299285,-0.023425690618382213,-0.020462831506945448,-0.017012809909221657,-0.0027589614452473436,-0.0025528561978904146,-0.05201147140109545,-0.08197421327792397,-0.05343770913314765,-0.07007382574409513,-0.0013615130882753932,-0.0012047897899080376,0.0008422161264824708,-0.014221114341796513,-0.020524706251764942,-0.004216563753341963,-0.006591551659286003,-0.006883761080425267,-0.01334327259288395,-0.02121521973602598,-0.014192419543554506,-0.018545490080094405,0.0005587468956864179,0.00035360125592276854,0.16924404751048613,0.48247359218740293,0.45881875822192236,0.44114459508473286,0.01961434005750639,0.020489909945919406,-0.02701146971037872,-0.02598794074225654,-0.020982255883892263,-0.03176925478345736,0.0019050226067130246,0.0010597582506022614,-0.02179241196383048,0.007322871518363042,-0.004510334617570282,-0.019506916824618026,0.007674499796703295,0.007250955890598236,-0.08858347404753417,-0.03426509986319226,0.04158813166761888,-0.06695561666969886,0.011237647836240513,0.01100947456447361,-0.03480042153425867,0.005961807172045948,0.0013947070180480115,-0.021482418662225108,0.011990795553545352,0.011473586294299867,-0.0036979743674103844,0.020209859129881397,0.007818242523731126,-0.0030809243672279287,-0.005857539482838964,-0.006153251448669943,-0.009829101818116779,0.07230704651460634,0.9714904277674651,-0.0016978289161544888,-0.005709355684228282,-0.019816150756457405,0.024026455457626227,0.999428323166603,0.97781328541849,0.999999999999998,0.9999249970676688,0.9714897252791433,0.11701246634387646,0.9690404233417915,0.9140201915790092,0.8448266381199215,0.9714904277674651
Local_feature_12,-0.002536847925327147,0.016320320621842015,0.07139669604979813,0.015916968427788256,0.0022580793098137546,0.013040462237142442,0.008892128243934391,-0.004210861288191672,-0.0037440051460349774,0.0012423480984914683,-0.004260899006013118,1.0,0.9755110132540278,0.0023827725538408664,-0.0003406357226811224,0.009919144045771974,-0.0025370499825733703,-0.00426594123207764,-0.003051743910482645,0.07408309612559351,0.07595830387110283,-0.06204404371143786,-0.1750883817204885,-0.18904249792735034,-0.1408658556996888,0.5774737068098715,0.5789925417662878,-0.06206979690381392,-0.17511003638270162,-0.1890406467449315,-0.14089557913657388,0.577433583027862,0.5788731878425998,0.009417904406275924,0.007634889282564724,-0.010271883760809914,0.009238406513395062,-0.009336382027236268,-0.009440274527632539,-0.019960277708303813,-0.06352970016261296,-0.14874244810169396,-0.04264441895087412,0.009305112934078236,0.005124181732011868,-0.02065684178299988,-0.059264037479403515,-0.19109371258968824,-0.0399643442650789,0.011718937387266124,0.00737621592736903,-0.06925080981669571,-0.10237529574769887,-0.13488283859562053,-0.09630703473705926,-0.12423934037554522,-0.12752364067848135,6.303880029912627e-05,-0.2002812307003989,-0.21060327829778852,-0.19958283999056015,-0.04751098075007661,-0.046874998986766635,5.446441197651539e-06,-0.2002941027598469,-0.21058761752364735,-0.19960807232183878,-0.04755984728879845,-0.04701128001183219,0.0005928663220204642,0.000872959474836136,0.001547188078627876,0.0016172949984875201,-0.09616771571720509,-0.09619663424753953,0.007175529791936928,-0.06704730007240413,-0.07101310138405935,-0.06877038222761453,-0.0752298904130218,-0.0760125207650469,0.008099363602437478,-0.07744137939409794,-0.08100081993793488,-0.0790486633819189,-0.07565168773856253,-0.07585392798635167,-0.040327154878406914,-0.10617419027772798,-0.12452758003110496,-0.1196708084631495,-0.06942142348261693,-0.07130354375203805,-0.012021148585538315,-0.019991597277809144,-0.05319758911782268,-0.024461101116812947,0.38107898213389635,0.3942273061493299,0.009984149220021511,0.010665923708440744,0.003126692305497971,0.010461867462341321,0.21881739226669086,0.22003959153939212,-0.0032670317485784194,0.010267054320088466,0.013262905398294144,0.0006497054784847052,0.028203541021462525,0.030290864197912392,0.027185527189272272,0.05695513348861314,0.036964487866834164,0.042938569670255236,0.016396089098394545,0.016015077419410367,0.0009955260481923217,0.01492144987525832,0.01775566395241471,0.0042947140649851065,-0.007632605210274178,-0.007163122350838739,-0.01487349246681049,-0.06138020784960232,-0.08207026562561821,-0.051326553291299044,0.023494074098216914,0.02722841908936122,-0.00408746171019362,-0.011987844141532544,-0.017206132562936096,-0.016857794988413954,0.014950780227806075,0.015962258569616597,0.005767358877436497,0.011346786772175921,0.00870730599786185,0.0069629594846354,-0.01320742020824571,-0.014232931457396892,0.0005723426142159869,0.02866437971887212,0.018381844427308242,0.02002126335345211,0.001872745706194681,0.0021295083416931946,0.03777034434484484,0.03995758740200663,-0.01328077342992698,0.05090689742744493,0.016408763938180047,0.01658267036810106,0.0015043145642733694,0.03460498120179336,0.02343872182841223,0.028397398430991948,-0.015860062464931282,-0.015908133826857407,0.0001552218625194031,-0.0015795259208606677,0.004187818678235743,0.0010801667984087979,0.0063971093522005845,0.006834391818084803,0.0021952873044319278,0.0023718397759906083,-0.0024943425961820274,0.01641513549165314,0.024246920316777724,0.01592975313843422,0.0022643418079756838,-0.0041711698260231125,-0.003703049084250636,-0.004220773863649158,-0.004490609567893559,-0.0024939666738928385,0.009942977949185774,-0.002494057641138656,-0.0030087127923443934,-0.0031776928820483295,-0.0024943425961820274
Local_feature_13,-0.002255609818739623,0.04718396516556763,0.079523635161886,0.034558431374829744,0.007003862090471742,0.03264370157651647,0.009359305348258119,-0.0052538787635284185,-0.0036671045996079584,0.004297551860257019,-0.005223459556108725,0.9755110132540278,1.0,0.007291393998363554,-0.00045601850948103905,0.01091398695444979,-0.002802936009287226,-0.005299082180406208,-0.0038534779811303177,0.07119803314905003,0.07325694278360259,-0.06209055023710257,-0.16999966186976787,-0.18657099231636454,-0.14009599104431178,0.5642739392122347,0.5875578201012922,-0.06211285128219709,-0.17002635238335814,-0.18657114377310877,-0.14012286469248092,0.5642330407289584,0.58742560984381,0.007030379738791007,0.013515452727681745,0.01684265806433981,0.006987424811906839,-0.012925515570924606,-0.014314521064516634,-0.020622083229802992,-0.05927823867004489,-0.14165174423598548,-0.04099715546930455,0.00906357903726212,0.003424358105303526,-0.021187446215753605,-0.058150613759565865,-0.18703616486646818,-0.03978847662373072,0.010828130873795925,0.004842348480119164,-0.06832464008318856,-0.08338446257067907,-0.11644147438427392,-0.08911757816088126,-0.12337199850527494,-0.12708955656574003,0.009939308738695175,-0.19539507992569174,-0.21043078777960122,-0.19745516724071357,-0.04657431213515381,-0.045860308911231114,0.00990510892852088,-0.19541288345830857,-0.2104151878269248,-0.1974749496880738,-0.04678307599740464,-0.046136839067474594,0.00036821473637387687,0.0034767903941892025,-0.0009752569411683444,-0.002105746195443416,-0.09345376873201393,-0.09388618653778052,0.013273421758179247,-0.0621142767975421,-0.06854480297002037,-0.06554853792439916,-0.07435187085530132,-0.07534418830376306,0.018032162752819283,-0.07561663786916334,-0.08048268972419655,-0.07748460767280262,-0.07497575251224231,-0.0753154375084431,-0.03619137300841941,-0.09623875893992215,-0.12236375498961422,-0.11558226292850016,-0.06875718969539119,-0.07068240371360879,-0.013387708907697906,-0.011763043704091999,-0.04171018657344695,-0.023961881360587207,0.37170496956068266,0.389229180323711,0.012059195618393458,0.01268325844277157,0.0034017831304587447,0.012560316071843953,0.21677881290553416,0.21682118658941146,-0.004435962322719028,0.016574735430086016,0.017333075591759697,-0.0006277649016655579,0.02854422160557116,0.03141352179648661,0.02271243371254895,0.06387929973309417,0.04893620393223867,0.04509973125895406,0.024152637260445566,0.023327607717574434,0.00030735961361114816,0.02600697272695004,0.02689134511272168,0.005233415918181197,-0.0071839708600644,-0.007305925484252444,-0.016309552186862232,-0.0569651072591586,-0.07684264817672656,-0.05230930355709132,0.015373674165726398,0.020027384718519836,-0.0041523260663267544,-0.005147678091828103,-0.013983893195865661,-0.015014900482448135,0.012805660000570242,0.014049516328171368,0.007700880711148319,0.016053387495599473,0.010556344788580477,0.009042754513677484,-0.012406446658027977,-0.013166182188498136,-0.0006724210362581348,0.03709732605024491,0.021102449963222945,0.021064594169538174,0.0036567768375770494,0.004118885196989959,0.036446093292861616,0.04442817679451649,-0.013546259453777703,0.05448652947269157,0.01862194146708701,0.01884908647898634,0.0005336329942447401,0.041101234249128066,0.024497711798215242,0.028332390688248003,-0.012426240888776379,-0.012409048513891761,0.0004492429376589653,0.005104532411634916,0.007554066067931369,0.001874202299674574,0.006087553726438016,0.006557537222256829,0.03622289302386389,0.011248822313060614,-0.0022182278624378747,0.04736939495678936,0.04550364779309886,0.03457685571442962,0.0070111095242280175,-0.005219687288355393,-0.003631231534058573,-0.005188857624530472,-0.005539221368507655,-0.002217146460490014,0.01093667643167656,-0.002765456489813569,-0.0038161335002232003,-0.0037290910232806343,-0.0022182278624378747
Local_feature_14,0.021083983405515316,0.12991894009753566,0.04429391341675461,0.014705510568454375,0.986483555722822,0.016671975645098664,-0.0019670216121713195,0.019487615277806673,0.020623217126356615,0.005455326289219823,0.019637637409586142,0.0023827725538408664,0.007291393998363554,1.0,0.10299960325090532,-0.00385966132309935,0.00888708914426212,-0.004756650073352122,-0.007653354610114007,-0.01590713938288567,-0.022699812707167203,0.020997496704925185,0.013689020900647619,-0.002727903504183724,0.016154682702596308,-0.0007103925499197369,-0.0005660632381464718,0.020991561081745096,0.013680197217682903,-0.0027286844477982615,0.01614852311831271,-0.000710139252115772,-0.0005688614126096796,0.006415278579942437,0.011119677444576082,0.023768853294354162,0.006775395736545705,-0.0020498693341551265,-0.0012623314312478963,-0.006716175025050897,-0.00563316086539249,-0.0013966123821097258,-0.006930339281402381,-0.0043561153995161795,-0.007853766449860565,-0.0068481353395072,-0.006577343955526388,-0.002089095877194007,-0.0070723818269424485,-0.004682404142823521,-0.007056420017504393,0.028736114322968097,0.0415692718690109,0.01692181532532709,0.034574120163145775,-0.0071252442725762335,-0.007123597900358569,-0.002968445651131529,0.0044560131255570136,-0.005035955470985099,-0.007677535723790318,-0.009283486486086503,-0.012524503859285187,-0.002968624276324925,0.00444623926153878,-0.005038139244965319,-0.007678003501859047,-0.009275498361397471,-0.01247604179706791,-0.0014922800259832053,0.018437079181408553,0.001499878938068144,-0.00029747076399222835,-0.006622291540614907,-0.006861598418068957,-0.007357374122315896,-0.005842604908369198,-0.01091087132166853,-0.013351514075199798,-0.008590574541638705,-0.009503139831601401,-0.005022039853799161,-0.0070156497252907265,-0.011426696282483273,-0.013010390582501315,-0.010246778040442711,-0.010661493819219488,-0.018461410123339007,0.13211979642390248,0.025565151189754384,0.040785968955253674,0.0024085929848884093,0.0023561111765061796,0.041473121097039815,0.042458021454804616,0.010182480641489012,0.0424395479971858,0.007724518140694751,0.0073639448044119085,0.0031789142088517724,0.004086113375437654,0.0038427082599728725,0.004054583080899333,-0.008516406092253688,-0.007617127712621786,0.033014611303822154,0.03395198195475091,0.008907550033639916,0.03308643644458026,0.00594939967036497,0.0036524311316401435,0.0033863166692357674,0.027551574215773523,0.028198199858136694,0.01752384549113196,0.008521802838731092,0.008071226443124066,0.017117481299931486,0.029540961975376284,0.02304126770257809,0.021788359141933687,-0.007170817304249523,-0.005926887761022628,0.0073527490684064875,0.010859104330243072,0.0043291508413154985,0.0069289089358018805,0.010082802208709935,0.006629164117146505,-0.005063876888423978,0.05841978830448711,0.004865274344784315,-0.004146062219234682,-0.0023823988452311333,-0.0040341837071313745,0.003934391693980909,0.10943422229206244,0.07751893583560153,0.020930102939313584,0.010129646630645353,0.012096754453270896,-0.011003739506582453,0.13878402066249612,0.020380110560513608,0.0065751559010364434,0.006100396721581639,0.0068081408273221915,-0.05546217268873029,0.06263976682764195,0.02360780081448537,0.017370839404775764,0.00970372537355815,0.009339643413938814,-0.014821496089107284,0.14365897047334564,0.039128525215696985,0.030871558160062547,0.010902970306097557,0.010536230522317057,-0.005209112899584876,0.31659335153732343,0.06876602151531001,0.0025140253288123793,-0.004586290691169653,-0.005194682829325648,0.005129693737361962,0.5552610071856825,0.021045537374761274,0.1302653528868986,0.5005578702452284,0.014677075937483745,0.986494231462359,0.019451175396413316,0.02058567568321807,0.019600739367960803,0.019554196518383582,0.02104849267149483,-0.0038707562906940395,0.008846976895870847,-0.007693811391465834,-0.008831473887406212,0.021045537374761274
Local_feature_15,0.02871250779541498,0.08603333959533788,-0.005739565202610529,-0.0014199516860224394,0.264163794084745,-0.0013515819530936658,-0.0004878368879050283,0.029561792174539293,0.02904839109846908,0.0010089950883359156,0.029581208399117574,-0.0003406357226811224,-0.00045601850948103905,0.10299960325090532,1.0,-0.0007376421901433672,0.025185544257056942,-0.0005062333257937134,-0.0019008041471781124,-0.001672231070770356,0.008118908734607947,-0.0014029155281399578,-0.00162178294832313,-0.0009841711080257056,-0.0016525800107350273,-8.429622070349532e-05,-9.346034346570281e-05,-0.0014028758790927652,-0.001621690122986463,-0.000984158682581889,-0.0016525411719687663,-8.440249033799647e-05,-9.423801981214386e-05,-0.00020140962487118726,-0.00025725393820468,-0.0003939038367456222,-0.00020895179983894415,1.5467613131625335e-05,2.4291429449661052e-05,-0.0026713395574837198,-0.002831568172864277,-0.0009522381272136218,-0.0027724075236074046,0.0005337639607781557,0.0005988399904751924,-0.0026290406920913925,-0.002828548525843681,-0.0011887481297290507,-0.002741112370893224,0.0005679317409764436,0.0006265437036176773,-0.0020708108830439676,-0.003484450748764287,-0.0028474555894766164,-0.0028514891103956636,0.0006979154324829139,0.0007502287150419986,0.0006157371747604132,-0.0015689430872208032,-0.0017513516307215403,-0.001097054395090494,-0.0029563709726722095,-0.0012163292670202242,0.0006168836958673555,-0.0015687358311399116,-0.0017511677811954162,-0.0010969171589328892,-0.0029566731754941383,-0.0012344368179256066,-0.00024123616082813613,-0.00021332329908866954,-0.00019347953697274365,-0.00018847914740007687,-0.0012801298215375256,-0.0028890403766934436,-0.0008720237193029378,-0.002602034605549274,-0.0027850477653949437,-0.0023717308566675835,-0.003479818453565426,-0.002790016058825577,0.001146183772089342,-0.001999333766706526,-0.0026060325280317345,-0.0010981108656126237,-0.004107462586269725,-0.00366823597970788,0.0016347753144675876,0.019950901023981164,0.0007512474404734611,0.009166836729337175,-0.00023212540780953806,6.728326523194701e-05,0.029081452461401033,0.022261833755563794,-0.0016798777975186433,0.02817340400794641,4.2877213544693155e-05,-3.771108383586276e-05,0.003599446267805668,0.0035191993203140645,-0.0009323900293848259,0.003560529375714595,-0.0013495426997824692,-0.0013725315189538026,0.0347957749848253,0.025041401979768785,-0.0016539529091451157,0.03290953799533424,-0.00035239594189092585,-0.00028547329482383625,-0.004095863446741323,-0.006188225201294445,-0.003824448533799881,-0.00543695051056524,0.00012575121188338858,0.00013652814114939932,6.304893500369244e-05,-0.001194966339966026,-0.0018107995296555521,-0.0003844931948581644,-0.0003647996282978792,-0.0004107549539494226,0.02345532131639223,0.012182261094243077,-0.0011599731590095784,0.019355557945905096,0.00011009698578726905,8.78726433085396e-05,-0.0009789373623490403,0.0159592907269377,0.0001505824326554173,-0.0014797837323489425,0.002572191686929994,0.0025063302848977727,0.003233122775556433,0.028325261749461088,0.007758691811410364,0.004103622221751554,0.0023970130390531244,0.002483309112824167,-0.0018747664168105875,0.012886936643180991,-6.488243553349275e-05,-0.002035782059755173,0.002570202155546568,0.0010710679702390657,-0.011260285434277838,0.012101417369180396,-0.0020557907859211338,0.006729539691258355,0.0018060251316952094,0.0019807643708739707,-0.002676567719505942,0.0350987206130476,0.012488668526437806,0.0068626404240148394,0.0015013531055659884,0.0007866756748304683,-0.0009815216584284111,0.2786267417823236,0.033381363337816376,-0.00036261074418221387,0.000503570154308046,0.001029628897602183,-0.000598935003286486,0.03749977243442804,0.028822251898268654,0.08608768881768436,0.12921925119341857,-0.001350645855608157,0.26420357346747125,0.02966754581014336,0.029156260199910477,0.0296880364171158,0.029686611265208905,0.02882419475745849,-0.0007032925152135012,0.02529432624093499,-0.0018088788674916684,-0.0018900418588489434,0.028822251898268654
Local_feature_16,0.18067386997999865,0.09414106877522566,0.013516721681408328,0.11097494128986449,-0.003864616477810696,0.10010445484652879,0.011334013191256088,0.11421876490211373,0.12441819305603456,0.08003166762627932,0.11707244920691573,0.009919144045771974,0.01091398695444979,-0.00385966132309935,-0.0007376421901433672,1.0,0.16289991623287606,0.10073906535314447,0.25548332493359627,-0.01422597944651428,-0.014326614731920019,0.03272748189231695,0.032498624451474875,0.012898104947687006,0.033323595597948105,-0.0007198482426873571,0.0007400876100180044,0.03208091013547258,0.03208640563413216,0.012898191967120201,0.03277660724652577,-0.000720332331475035,0.0007358382509554399,0.45161087335196526,0.44578170703757575,-0.0016517737672348501,0.4514655466286575,-0.0013648030525490254,-0.0021864662249505484,0.00216098874914266,0.0046911669773681604,0.005272929830736606,0.00279083733221731,-0.009629086257127932,-0.009966898726822751,0.00021859234211607664,0.002323746331174226,0.007485518193067151,0.0009506807878921911,-0.009753187416910194,-0.009976778616273682,0.01165530513883243,0.04262095315976887,0.02978108747449194,0.02526595664083563,-0.010651589151848422,-0.010488414099963116,0.36654347811819477,0.08870119863384528,0.04395274523475272,0.13606868097926605,-0.010718791671015648,-0.010954078042147571,0.36404185684062973,0.08868943871400944,0.04431736238903474,0.13569799820519213,-0.010731649391871696,-0.010964244022946821,0.3208360916010307,0.26188237901050077,0.25810602323398746,0.2763448335060227,0.009017939633800313,0.009242670714070745,0.0695611915600383,0.010965466815631262,0.004258688781895883,0.019356859549382346,-0.007609014992508794,-0.007775388957989595,0.11278315826123425,0.011755156149528911,0.00456844483915125,0.02060838012329316,-0.008450044964261522,-0.008626571155048097,0.0858894884463149,0.019468906102964017,-0.009121663687846913,0.04911972296134431,0.004483677576728447,0.004441609944172047,0.10000469460691717,0.16813363687062235,0.09804009394015374,0.11493042202347156,0.010920550366025204,0.014077494021937564,-0.0013360618390582505,-6.741263442967633e-05,0.006123848561814039,-0.0002289861365477883,0.013094298794730156,0.011876071283069254,-0.0022843007040253315,0.04355951189385639,0.02736659394356612,0.003509764293685956,-0.012405131137929772,-0.008572671704347647,-0.015100144829959201,0.026586838756971532,0.04064275519033114,0.008213833446284548,-0.005322551097286424,-0.005142519969244785,0.09515994280296897,0.14031453410738273,0.07218001742227102,0.1078857266461162,-0.02175538903488768,-0.0221143798391249,-0.003899783727627645,0.0314809063169534,0.021645256148038996,0.006821534973391927,-0.0032754124203138745,-0.002968354363881147,0.21957038376996507,0.12494772980931555,0.0731950296780963,0.18430315044397963,-0.008567011918268726,-0.00840938240183394,0.0008352761825384194,-0.007624424924854814,-0.016533649176056098,-0.0025539602166739952,0.013129675152879473,0.013183135956052763,-0.0036631453954921235,-0.018633249807408922,-0.017256480282960465,-0.015549117276681767,0.005467107448276885,0.0054060767508796095,0.015729594477441263,-0.013688783328225818,-0.02694567468322588,0.00047214735613467196,0.009968046709393162,0.00996705777854682,-0.0076680254273597615,-0.029126762958713658,-0.02660192154803981,-0.027136647869850258,0.010215391393700014,0.010358810809013685,0.006950595614515655,-0.0016878782966060614,-0.0008402371121308511,0.005759777392198208,-0.007001718328357109,-0.006947357137355496,0.06479635223805318,-0.009384769049032023,0.18062321309864507,0.09442639683730954,0.08635530824048245,0.11096695538321658,-0.00387064885593281,0.11415861226768752,0.12435993072929609,0.11701246634387609,0.11576601889791091,0.18062524233659621,0.9999999999999948,0.16285301538323768,0.25543638787797224,0.25777822830226466,0.18062321309864507
Local_feature_17,0.9938026433898253,0.02462461407755308,-0.06265629902819313,0.010011442825490893,0.01290273693765849,0.007662720602697062,0.004057213191508446,0.9657794887333505,0.9916799552644865,0.17904892158640462,0.9690438994271129,-0.0025370499825733703,-0.002802936009287226,0.00888708914426212,0.025185544257056942,0.16289991623287606,1.0,0.9651671897938426,0.9383457571208503,-0.0034890235698791616,0.0008055468968037665,0.0647988342155872,0.042787182867306615,-0.00375068159682552,0.052187440294369114,-0.0011445996622014266,0.00024549153135272774,0.06466304129638822,0.042695097398337836,-0.0037511506006435184,0.052069410126478,-0.0011456020547407986,0.00021797244806030672,0.10217014011800357,0.10296579006945179,0.009066297956788705,0.10224153735670997,-0.002982113373729345,-0.0010496618493262822,0.023101803826266316,0.02177892028565559,-0.005811995831443196,0.021396366398337415,0.003356679168329169,0.004124565454290359,0.023861934181291167,0.023487424979666792,-0.0066472342727624725,0.02277369450447297,0.0035788911875813297,0.0045209103157698915,-0.0021736960708500504,-0.007479683153009815,-0.01970536242788916,-0.006824353563675499,0.005295370272907396,0.005722052780228591,0.039128266173212856,0.037607628362981295,0.010695512458938527,0.013739682624611178,-0.004678788207908172,-0.0027032846237006426,0.03867425185542244,0.037572882837583955,0.010740280752271264,0.01366189209805364,-0.004705437295237796,-0.002806099337197279,0.052181659238927675,0.07325338958872941,0.058576826894714634,0.05677331691246211,0.011127882875902037,0.00983682908143714,-0.010185287574422771,0.014148991518537577,0.005779364084521906,0.0008888256072094833,-0.0009424082423105568,-0.0024457960303713687,-0.0019490170559516074,0.019942388616543294,0.010036779610518914,0.006659857440081241,-0.002856549486754236,-0.004519203807298177,-0.018577426258610554,0.014686014892406037,0.007784764818267252,-0.0037684548564311656,0.00720844711966909,0.006713229533013315,0.7940827980307036,0.669849901933313,0.027426147064789186,0.7822636110701257,0.00048420865479300944,0.0013082560890467039,-0.02592540302847002,-0.02755604613509115,-0.006651707578519574,-0.027013232720068732,-0.013715278957863604,-0.014862755912056559,-0.014161809380110324,-0.01316747624061965,-0.011395814501331838,-0.017128518639775773,-0.00479238007175575,-0.0033302593293917902,-0.061655750621080994,-0.07472804279031377,-0.03622320284352275,-0.07269952629201086,-0.0018673406851814013,-0.0017466714912101843,-0.00047237434380615484,0.005299394778973837,-0.0033691171474022783,-0.0022347672719059118,-0.009552396570560095,-0.010023553833514665,-0.014308976242952269,-0.00494858031201416,0.0012311534422634381,-0.007189332044484812,0.001972048931488558,0.002146873838963303,0.19119830560527495,0.4985749338481786,0.46850846273043467,0.46078262105575896,0.019063383903802283,0.019165203088877755,-0.024901610945144648,-0.024113485706562743,-0.021411959447760396,-0.0299377674942258,0.0029204203255212276,0.0012905404481971603,-0.022040874966375832,0.009216508747044747,-0.002788491342248458,-0.018655501198609214,0.007433036843986951,0.007498125997928626,-0.08955787743693167,-0.032112861527630945,0.04262168907630782,-0.06601077418834747,0.011181978579036906,0.010916041412697246,-0.035594526002825595,0.005765346031963292,0.0006278926274317704,-0.022657962193583715,0.013150805052666541,0.012676145801757495,-0.003403615419424937,0.020265629266566196,0.011425276365154523,-0.000583636182528202,-0.005870778499568724,-0.006509584628503999,0.013878320092042146,0.06395231880723165,0.9938020276144469,0.02480898632878514,0.015657061594216325,0.009931932545172717,0.012876827250129012,0.9657757364150262,0.991679191013026,0.9690404233417911,0.9670479829775632,0.9938019141607851,0.16285301538323807,0.9999999999999937,0.9383382173419696,0.8733313254325091,0.9938020276144469
Local_feature_18,0.943519005114418,0.0012229060858855228,-0.0865316302970148,-0.0031013933761999397,-0.004690528225751395,-0.00543284624937902,0.004254572201764721,0.9403711456255865,0.9447349158147681,0.09878367574635383,0.942015454204516,-0.00426594123207764,-0.005299082180406208,-0.004756650073352122,-0.0005062333257937134,0.10073906535314447,0.9651671897938426,1.0,0.9833943837168059,-0.00278706750978679,-0.0014517114474115963,0.029631168661713832,0.016304115771551168,-0.005955013118689633,0.021899041537586615,-0.001333527925530454,-0.0011890053006594922,0.02955300191549922,0.016252105821563355,-0.005955102395758436,0.021831236368634634,-0.0013344569622072656,-0.0012078319849925657,0.057913891512233986,0.057341563208780325,-0.00020681468572553748,0.057868750186352895,-0.0017970553132346928,-0.0006593108304905271,0.017131665391011745,0.014401229677588737,-0.00781524030364434,0.015436639435939339,0.004687297814735088,0.005116832831425534,0.01811997588490893,0.016455255394826375,-0.009222406768710546,0.016943447823484,0.004926738400583902,0.005467281370636479,-0.010329505129127236,-0.02212568181990595,-0.02647322912159962,-0.01740140266892878,0.006783743871711651,0.007120469166241605,0.0144664297347723,0.010064653226873822,0.0021086932914746747,0.0037584800930302894,-0.00509961202824026,-0.004612648351244015,0.014159025171065568,0.01004551001251398,0.00213580572349223,0.0037033064150795826,-0.005126446460149196,-0.0046619542990945844,0.032950588371379874,0.04340988660895887,0.03955772862243073,0.03977417124550413,0.00882366891780325,0.008551803499041877,-0.015165830210713745,0.006696331799834499,0.00627268081971417,0.0023577088414105597,-0.0009307792674486099,-0.0016537288856162341,-0.009976479185402475,0.012393204617733302,0.010824169681224769,0.008510966598351068,-0.0027824033214613195,-0.0035659534231246037,-0.02262969324245039,-0.008751694884004317,0.002902348215616007,-0.01306645076628669,0.004545567797631322,0.004347312662993539,0.770404030881164,0.6280364123605017,0.006819016335220417,0.755931143431865,-0.0010581779303511206,-0.0008940039503746157,-0.03313089711374521,-0.035260842437396384,-0.008186509531728644,-0.03463947628907923,-0.014741971683452927,-0.015533463728156538,-0.01765903462663421,-0.022629543283773732,-0.016298700054015087,-0.021420422169650725,-0.0033316158869497086,-0.002613523705259826,-0.07934074066735339,-0.0991228240927119,-0.043830999885130624,-0.09424357017647816,-0.0015815538599695043,-0.0014665345321894301,-0.008870103772348894,-0.011109792724533198,-0.012901391168468687,-0.012136310775309361,-0.007098488793055207,-0.0074479414858955525,-0.015513964683406347,-0.013564305530963912,-0.005689576974676269,-0.014022462608079326,0.0010579572059175408,0.0009641286170402378,0.19576633254632866,0.47309474618017694,0.47818584582947665,0.4785167823793326,0.018529744457029436,0.018477059032955944,-0.03200930297550944,-0.041218371506094476,-0.029838723220019986,-0.0377956323050685,-0.0011160051449455807,-0.0019178826040941773,-0.02167032734464781,-0.016662075841416123,-0.010976110158041641,-0.023266153290339004,0.00506886061903162,0.005056033597912674,-0.08850363004879876,-0.05148389433536777,0.042650936647887994,-0.07949189666694621,0.007822837512749913,0.007688316903749724,-0.035249431295805995,-0.018620658716300757,-0.006372925946237251,-0.027126328337166498,0.010031391147944931,0.009917928194057912,-0.003030962157141441,-0.004548296801476582,-0.0036341396322141875,-0.005157791821776761,-0.007892882140024657,-0.008159003290644144,0.004804148408460714,0.02564690867189984,0.9435124206848576,0.0013480223086895008,-0.004478132347804237,-0.0031806731515885743,-0.004717238066683133,0.9403647871122472,0.9447286987953993,0.9420091526837594,0.9408962995942161,0.9435118067495101,0.10069004638608889,0.9651628810082786,0.9833937297226768,0.9509712896941448,0.9435124206848576
Local_feature_19,0.9159076276931176,0.012221983562058654,-0.08854648263375944,0.012889597155008358,-0.007736012895981481,0.008719477141076954,0.006198661454398591,0.9126277861527539,0.9079770141225048,0.070799752726909,0.9140311940605095,-0.003051743910482645,-0.0038534779811303177,-0.007653354610114007,-0.0019008041471781124,0.25548332493359627,0.9383457571208503,0.9833943837168059,1.0,-0.005047553758678099,-0.004570486317966117,0.023930025742911126,0.013343069331653964,-0.004223349483477799,0.018027479089477483,-0.0014537191627534488,-0.0015779696053740966,0.02375769489243501,0.013231914612128663,-0.004223329868806924,0.017880514982572895,-0.0014546737051256574,-0.0015923085405181922,0.12236495665905474,0.12057539588148808,-0.0024161175610835947,0.12227187352635753,-0.0013530611953476463,-0.0008327761340735077,0.01525724620263551,0.01255750021710031,-0.0072246568936875115,0.013749624511007369,0.0032630553129197643,0.0035289878624190896,0.015903952502935952,0.014159670541823021,-0.00841662807236348,0.014884422514555502,0.003466633809699496,0.0038321932241440274,-0.010022758876689951,-0.018219569382075616,-0.022460148822350944,-0.015253848988080656,0.005137201561138494,0.005506019542006509,0.07268050009365253,0.017368508824561413,0.007244236858166543,0.025654165817835552,-0.007048011276346553,-0.006966422438791597,0.07198641195541386,0.017352871255480247,0.007329838067102536,0.0255423800017989,-0.007075543559870046,-0.006997441149267592,0.08282142182467563,0.07905714051980754,0.07794514519688064,0.08207041873610026,0.009158756768536455,0.009226348371774743,-0.003616754212386762,0.006382611349905776,0.00713644735687854,0.006597495455571943,-0.002344199010497347,-0.0026718938343020886,0.008094605078546193,0.011911048841801941,0.01163397002548495,0.012830890588970505,-0.004266073666327135,-0.004632010451607293,-0.007379013528051408,-0.012197707350072591,-0.0006658769584823058,-0.00665581469813536,0.004294316863292505,0.004189544795630452,0.7479677785102251,0.6155602148652582,0.015395742875214575,0.7357168567597037,0.0004487972440104938,0.0009187636121435552,-0.0343233619245125,-0.03627918954760368,-0.007152945854972756,-0.03569147846165918,-0.012223945490539583,-0.013076765193208066,-0.017848526879628148,-0.016327230815946107,-0.012157298230463671,-0.02066325742725436,-0.004867689028217045,-0.003823138194569063,-0.08483383990820743,-0.09857966090928004,-0.037189453760387695,-0.09611135071918178,-0.002321315387932966,-0.002168912425035987,0.0061151034758430605,0.009691410291944102,-0.0021116279368624227,0.004911358254010441,-0.00984495056601484,-0.01020552078533871,-0.01566985353139158,-0.01051279924453406,-0.004391537132507145,-0.01482871663521434,5.42537481719698e-05,-9.869549362777551e-05,0.22840952126386363,0.4660467000727205,0.4725857249980136,0.49624582093108527,0.01596709629364262,0.01604153221890299,-0.03280987585961952,-0.04610576640005083,-0.034525195178473425,-0.039231601615795704,-4.052659916448563e-05,-0.00044333521972075173,-0.021262572308057785,-0.026549966118066422,-0.016168402679900048,-0.026550416280467216,0.004984783261909427,0.004924329766128898,-0.0818905539041144,-0.05844531923680302,0.03580181207080032,-0.08072601989161501,0.008243209646926543,0.008163463727426169,-0.03494236092377519,-0.030434725525794605,-0.013129397732574866,-0.032214005389477274,0.010315232557928029,0.010380279655447007,-0.0015006373157908381,-0.010016419527850472,-0.00845933013003138,-0.005485442743944761,-0.009625620064585443,-0.009686497091563053,0.013326796432384654,0.014329843634028424,0.9158965438370785,0.012377809728869206,0.006467331866965171,0.012812514221136278,-0.007762655020470487,0.9126167772565125,0.907965088168618,0.9140201915790035,0.9131992371022639,0.9158962002181283,0.25543638787797307,0.938338217341977,0.9999999999999993,0.9826159053029172,0.9158965438370785
Local_feature_20,-0.004049696761771048,-0.019658170163038485,-0.055823289901657566,-0.032887564436511016,-0.015703424147316944,-0.02699645465946668,-0.02487809626778038,-0.0016085024733437257,-0.002467692159990535,-0.0067238995549689625,-0.001915865137618259,0.07408309612559351,0.07119803314905003,-0.01590713938288567,-0.001672231070770356,-0.01422597944651428,-0.0034890235698791616,-0.00278706750978679,-0.005047553758678099,1.0,0.9941206743216355,0.008333216202749027,-0.04581549551721183,-0.07050390307118984,-0.026880089465721402,0.057056914444606956,0.05753299427315141,0.008344564256255769,-0.04581318795309441,-0.07050396761445979,-0.026875253451981964,0.05704044724885829,0.05746121483813988,-0.006787504572501168,-0.006732901912680218,-0.0013684702213839777,-0.006841325386437185,-0.002534439169053799,-0.002473115566515226,0.11132577987719074,0.08718493366910841,-0.05392763685515748,0.09878758100526304,0.0060835031616689236,0.007684543613613769,0.11285514593548626,0.09561084589150122,-0.06835892967918727,0.10435866514161833,0.007767749313517434,0.00910860671744395,0.06024770032333275,-0.010335527339794766,-0.10972193946472386,0.02610998616157855,-0.006134024096880652,-0.004940170651637971,-0.019322850499557138,-0.05935413498535269,-0.06165165735383816,-0.06399924400766506,0.5195356391473321,0.5199931571563863,-0.01928703223903858,-0.05934521128132371,-0.06164165673082601,-0.06398353610920018,0.5147914061717046,0.5151600670399097,-0.009602083514019926,-0.014968492044614626,-0.01593266004421972,-0.01650440904677385,-0.002649501165946202,-0.0028406939108657327,-0.016754407400292378,0.07483236273931637,0.07818554204983544,0.0731998546971909,-0.029969415870315593,-0.032075643185067615,-0.012442752006518797,0.08659231590194612,0.08873798193720078,0.08585623914079031,-0.006939057730204235,-0.009323478578315331,0.011617935894578013,0.012905788598556464,0.028825524521267087,0.025887677550428336,-0.2514191764463234,-0.25473811500941873,-0.019266228599795807,-0.045814276291905404,-0.06386935749619553,-0.03260167525445352,0.029911733546269074,0.02881401375835631,0.030386853780352566,0.02878212370692418,-0.009535546506693133,0.02903199769830933,-0.044629606304293724,-0.0439466125403726,-0.006983680425635845,-0.026344844961718537,-0.030635517258414457,-0.013756557373976967,-0.008513997810530931,-0.006648064369208461,-0.04164140122265075,-0.09465759841346194,-0.09285297422166117,-0.06962071106347704,-0.019583759946514706,-0.019014888900498076,0.003159404747044027,-0.019469654342626375,-0.030030057513476763,-0.004209653703497066,0.01996335241639139,0.01989621400691913,-0.0395421389829366,-0.06794233767862849,-0.05335521891431366,-0.05958495834780436,-0.004321399875172183,-0.0034484046194392455,-0.009460178519998355,-0.017351900126363323,-0.014039486690868824,-0.016036426113237134,0.3663200492472172,0.3669037311940654,0.0255241439068559,0.023497961371139884,0.019859827328373065,0.029805670315957572,-0.3753037169836574,-0.3787671379773129,-0.027844774015390983,-0.025062031812652263,-0.006289378555946296,-0.022972506376326047,-0.18234882557407026,-0.18306375100824884,-0.046586387679610194,0.0018389660251511154,0.07487463444959831,-0.02613675994738731,-0.19442743104384394,-0.1946217824047601,-0.04556087715994962,-0.020786444000935236,0.01055165153762228,-0.01841477534791055,-0.41761022714353363,-0.41951039681929314,-0.00610831192115715,-0.019055255768768892,-0.019349726927531345,-0.015261484939555328,0.23305678494166876,0.23162834906633287,-0.018638937978894772,-0.0008210793085435334,-0.004198243654264254,-0.019724675186823148,-0.03639129528654392,-0.03305143063542389,-0.01581077713848416,-0.0017464175770391607,-0.0026100610905114524,-0.0020558290314659764,-0.0019939983237564044,-0.0041986904517731394,-0.014375915572016758,-0.0036337698274810344,-0.00520403651551604,-0.00521138015357699,-0.004198243654264254
Local_feature_21,0.0002955849075517203,-0.017310839778802788,-0.052954078456129205,-0.03320651105552634,-0.020678110472086866,-0.027423035221312255,-0.024687858487446444,0.0032608456345048467,0.001953566579543804,-0.005075964248576743,0.0030737033002770056,0.07595830387110283,0.07325694278360259,-0.022699812707167203,0.008118908734607947,-0.014326614731920019,0.0008055468968037665,-0.0014517114474115963,-0.004570486317966117,0.9941206743216355,1.0,0.02248256812268326,-0.036965594850653635,-0.07038267792959893,-0.014822165702128976,0.05837850154894645,0.05899397096429452,0.02248668994723361,-0.036968389858863325,-0.07038249772134018,-0.014823965757334011,0.05836422100826106,0.05891968642020826,-0.00015180645968528622,-0.0002652404860933118,0.0013882359406797494,-0.0001149215403523974,-0.003984477120239215,-0.004169546844184156,0.11493750419260719,0.0906392601979501,-0.05352653502776881,0.10244999992118049,0.006236951422794815,0.0075602362655583155,0.11639224686681314,0.09915388867326423,-0.06777251296873255,0.10800026347904401,0.007595040101325425,0.008543797590533891,0.0628482276073571,-0.007795727547982765,-0.10915912766202608,0.02877268662715112,-0.0065753765021849386,-0.005664632762866359,-0.019428862952854706,-0.05171307405756986,-0.05935838601470884,-0.06338979825749948,0.5184489785976344,0.5226391594202665,-0.019393281913590722,-0.05170924161846685,-0.05935017720515036,-0.0633746537270049,0.5137519408686496,0.5178381282123372,-0.009580759869603769,-0.0106312709418629,-0.014576476233005783,-0.016051268481797786,-0.0019088642360604933,-0.0028701625697145666,-0.01674094967090911,0.07784123336164384,0.07888483132535315,0.0731077478279491,-0.028376967031215804,-0.030008477028932227,-0.01243395499900931,0.08959242692421003,0.0891990205902365,0.0854742213922549,-0.005675608688736445,-0.007463159151922891,0.011010168779854305,0.01258361164648095,0.028739302410396756,0.02407917611010578,-0.2498122896411365,-0.2526691984446258,-0.01586876758386684,-0.04267423193463993,-0.06287739035263692,-0.029060496926994382,0.031122746181307524,0.03010498978026105,0.03379701333919296,0.03227817011039173,-0.00922279228559348,0.03250840433143943,-0.04270387842341514,-0.04219205283310644,-0.005590227914051898,-0.025523647272720013,-0.030459228993752748,-0.012267399798914388,-0.008723357105597284,-0.006760352105879555,-0.03809631096481919,-0.0912644409172347,-0.09285777395803001,-0.06586508587867482,-0.018508490289252867,-0.018074816161506052,0.003823264971301384,-0.01902560029618564,-0.029441878518790963,-0.003372318354646312,0.020606107615464393,0.020500562502106513,-0.039121404115095015,-0.06814000523452263,-0.05381185994884526,-0.059314129328682755,-0.005756383329976323,-0.004349026400699736,-0.009510931944348825,-0.013603560447431247,-0.012507080086340036,-0.01551522577580745,0.3668164343484743,0.3688902069977215,0.02942149823145419,0.024335356736723917,0.015481339322576936,0.03222442646398444,-0.37438505450684983,-0.37734684286474945,-0.0277262150819925,-0.019826634855327898,-0.00431220686773402,-0.0219817604433811,-0.18083849437781874,-0.18136115284278762,-0.04552381473942511,0.0036107435697607755,0.07461201713448994,-0.023601368535702685,-0.19332666146833338,-0.19349502293666868,-0.045532736777550986,-0.021018757033134078,0.01039210456099676,-0.019169126838044635,-0.41564794742016914,-0.4172217040894317,-0.006134529625287593,-0.018876506494784038,-0.017216783722608868,-0.014323208385000721,0.23062998373444205,0.23017610524097562,-0.018783061569752613,0.0024425874791565274,0.00014558903829715853,-0.017373441401289717,-0.038788677499847435,-0.03337548146286572,-0.020799779018101996,0.003123346492473819,0.0018101496542129052,0.002934342386193732,0.0029998419736059472,0.00014519287419683785,-0.014480787223827273,0.0006589054523463125,-0.004738629828631162,-0.005288360591088927,0.00014558903829715853
Local_feature_22,0.06799723846593381,0.001087201830691955,-0.0372833782594843,-0.01528033380719929,0.02013029821182842,-0.014586048627612301,-0.004907201862909847,0.06276886266511189,0.06320715549436179,0.02767407405675693,0.06404114552996659,-0.06204404371143786,-0.06209055023710257,0.020997496704925185,-0.0014029155281399578,0.03272748189231695,0.0647988342155872,0.029631168661713832,0.023930025742911126,0.008333216202749027,0.02248256812268326,1.0,0.6909771213899811,0.07713572896705982,0.8815528582279346,-0.004267430153338815,-0.004490272940777104,0.9999989719717527,0.6909207809976725,0.07713813845123867,0.8815123358444105,-0.004269028945239296,-0.004497491801356818,0.12672702845395423,0.12664032465441025,0.03335037755701837,0.12767971551934487,-0.00867633393908998,-0.00821086393827844,0.3968125227039144,0.37210001246985974,-0.004135034490547798,0.3873527342687859,0.006337655109133181,0.00676120454454107,0.3894508724966108,0.3798128637025323,-0.0032724372221370965,0.3867178147285451,-0.004446134760954525,-0.0039073200069857745,0.4551621873722564,0.35818444789282644,-0.031013145413684367,0.42753188517959373,0.002630556006566107,0.0032685256061235498,0.09436115504998294,0.4147796456522269,0.34269325290497304,0.3298597211716082,0.0800385160815638,0.08734192040020378,0.09423670491494256,0.41474028671509056,0.34269426233982037,0.3298622128707088,0.08002082131550448,0.08707943357123263,0.02246389202480607,0.078196549814534,0.03640448962804041,0.025373904250959953,0.16721829167925809,0.1616737556522927,-0.006943389375834311,0.33462080381648573,0.3066668931205882,0.2902347436058132,0.10405520604321648,0.10110166952995046,-0.002848077433844871,0.3639312127101942,0.3323223003404171,0.31724525092149686,0.10273019525138843,0.09951959360114854,0.04042770343020566,0.26471287736373533,0.26847524763381925,0.22561915638916175,0.10850463833999963,0.10756449487932107,0.056232018155675356,0.03687305702416142,-0.009139945397210103,0.05348868067367517,-0.04182726313346686,-0.04218600918801142,-0.0005926440820751714,-0.002162274989916103,-0.00925334304624122,-0.001621860289760822,3.0643436582330554e-05,-0.0004307358241528694,0.0013598065719223414,-0.009537019275221707,-0.012483396412082601,-0.0020161978738470025,-0.0030723677931907348,-0.0029019558445511993,-0.016020677337161407,-0.043137619939270046,-0.045904923361737515,-0.031050370242296295,-0.0011066654834241058,-0.0009667442644472147,0.03397851460281748,0.011979761150988701,-0.006219657819420903,0.031013284613852398,-0.014479921304994195,-0.014706891862190903,-0.012076899037123494,-0.01991364471782525,-0.013884632259905315,-0.017396704831079222,0.0012969199076876294,0.0010764739073700184,0.01079184651052603,0.10088136433892189,0.07470253305830128,0.0576909583443403,-0.0006285118765917444,0.0022602108791393676,-0.0017783132453389457,-0.0017501886502772433,-0.01932477947860152,-0.0069615476364925655,-0.015147484641697085,-0.016454980488934012,-0.019633122195887642,0.07271360968538304,0.02919793607817083,0.004009846862684081,-0.029044004464978023,-0.02763499861117794,-0.07493059548991035,-0.016563352057513355,0.029018341229515045,-0.04298097447470224,-0.02464570231876702,-0.024916221044721992,-0.028104465975561734,0.026985034275533063,0.009284205779146966,-0.012129139877034505,-0.03673297271753809,-0.03690595233166867,-0.0036391120158348373,0.03387279480107003,0.02920804365615545,0.006041630966894869,0.013952139495020456,0.01361558119740776,-0.009485683606438169,0.08312030167132851,0.0678712365679428,0.0012449863751948806,-0.0037451754039473403,-0.015314892389975202,0.020139733296338804,0.0626360644061222,0.06307702180168057,0.06390893484580461,0.06395232115497683,0.0678712185762094,0.032333805159415654,0.06469102509029181,0.02374837187879046,0.019149606193601197,0.0678712365679428
Local_feature_23,0.04698625601308736,0.03186148173705918,-0.08081329161319616,0.00965948424976605,0.013007658032449469,0.012526388084867546,-0.004297745994956793,0.030235639439903254,0.04274089668312485,0.09945864832952174,0.034191429433989326,-0.1750883817204885,-0.16999966186976787,0.013689020900647619,-0.00162178294832313,0.032498624451474875,0.042787182867306615,0.016304115771551168,0.013343069331653964,-0.04581549551721183,-0.036965594850653635,0.6909771213899811,1.0,0.7670604680089547,0.9449395745707168,-0.00332920449554809,0.0009333109235515357,0.6909871191012119,0.9999995708888811,0.7670587899930833,0.9449636707702207,-0.0033307888370506366,0.0009206273159347502,0.07964625760017437,0.0953156031042748,0.10676607747765877,0.08156250940333419,0.024794709362170764,0.025592259566147434,0.25784581989714617,0.33146379721413616,0.2790057255045186,0.2952780581801888,0.006340349202613019,0.01018238936457353,0.252595478732616,0.333173686237766,0.4044263398790284,0.29293838469732447,-0.0011232727485987926,0.003440843384851845,0.3704829016683947,0.4485277270584034,0.30721847123987445,0.43348063065636694,0.014596692427666433,0.017180149721094506,0.08518540560429755,0.5252744397150076,0.48094554868322686,0.46184886053167473,0.10006798381201665,0.10391312387521873,0.08513266647554929,0.5252433804756583,0.48092036823343665,0.4618604479241184,0.10004980554901952,0.10376427419593111,0.013356333214738635,0.07155053694329543,0.038833828090853534,0.029734111068853892,0.20289411157255746,0.19908496821354463,-0.0056652927970504184,0.2918812609446602,0.27228451995519315,0.2597609083477901,0.12829048883068966,0.12540935845066659,0.0009640918841376216,0.31337185877684837,0.2927712065071621,0.2825507634610386,0.12702969399722105,0.12396608063240311,0.059042665135094666,0.32777900231794826,0.3433945587818195,0.29247039561311355,0.13151886447760366,0.13059166849794376,0.02627587309975205,0.0626041411863182,0.10206136247219015,0.047294170318252136,-0.0822089418468965,-0.08191930316883923,-0.03102510907412526,-0.03324153106031719,-0.009520293301312318,-0.0325838446642776,0.025725183015628112,0.024447190350310684,-0.008385498589818857,0.0020380330974867603,0.005536081036525569,-0.00722714875017345,-0.027676343353150966,-0.027049601144764214,-0.0785617919344697,-0.0663813927888339,0.026530334243432777,-0.07404749484849867,-0.018286318346196515,-0.01827348660274247,0.016536533463461362,0.0227257885990898,0.01864132309358863,0.019139560129784666,-0.009795280900301509,-0.009746166259209718,-0.013500573171276125,0.04754149435145744,0.08514851744404645,0.028796118778719584,0.03048409104441722,0.02918758095742957,0.005983797991812914,0.09439057257722999,0.07811464178887133,0.059561637488931896,-0.029268009376663743,-0.027092835585553168,-0.03024895660536174,-0.0314915536962582,-0.025576133328520195,-0.0358261523977311,-0.005377594192324745,-0.006156282002587947,-0.02142049009175665,0.03721195810583856,0.006084766228810138,-0.013401855852204015,-0.03625962813025857,-0.03543934549973038,-0.10388583951844553,-0.04865312701018821,0.03561946197508072,-0.08007352851926738,-0.04248844895809234,-0.042617962007880435,-0.029479694809344335,0.006135164941702669,-0.005125241459089507,-0.024573422173538337,-0.03020230772995332,-0.030174671212860462,-0.0033237334079537517,0.0217843751794557,0.015437771609504752,0.0004427462862412072,0.01721534932604502,0.016877247747636992,0.028788686547011697,0.06825778485850816,0.04684540314186021,0.03208704065357576,0.011400978799231831,0.009615774376060982,0.012997555177240699,0.03008937371255348,0.04259930146572847,0.034045801070298434,0.033899764477460896,0.04684610262664491,0.0322322789484097,0.042657014093725756,0.013176094083384597,0.008484938461870765,0.04684540314186021
Local_feature_24,-0.001575688141524461,0.0012673141219637775,-0.08620726006977979,0.003554966996839616,-0.00280696221996317,0.00515434142406175,-0.002989784006427039,-0.01279961716991475,-0.002010106158570372,0.09929551586149343,-0.008540939998999532,-0.18904249792735034,-0.18657099231636454,-0.002727903504183724,-0.0009841711080257056,0.012898104947687006,-0.00375068159682552,-0.005955013118689633,-0.004223349483477799,-0.07050390307118984,-0.07038267792959893,0.07713572896705982,0.7670604680089547,1.0,0.535874237239577,0.001652646964128119,0.004022352118143136,0.07715062191468176,0.7671228469214162,0.9999999973311395,0.5359444273987322,0.001651747183165142,0.004015819912973089,-0.001307773817897262,0.005252235285443022,0.05873980927930103,-3.084388172651495e-05,0.0441760405848841,0.04408063191361042,0.00856372013671849,0.12494534463410097,0.38574255687172077,0.06779816503802118,0.00647533725151792,0.008604444982766477,0.007773173409375975,0.12384064539720688,0.5615163394579695,0.06577718333875622,0.005653160435377669,0.008277046048467686,0.11522897471043825,0.2915448777569502,0.44502677842829275,0.22281926469028673,0.02047257503151076,0.02207469565058269,0.02789030947235488,0.35075426214129907,0.36243162230441056,0.3481959026839965,0.06828836542144467,0.06758573372010812,0.027920307315287878,0.3507788126171092,0.36242137017456205,0.34823150148255466,0.06827938634920713,0.06758569997822349,-0.001486117615151552,0.005936314288576202,0.003929268070458275,0.0032025380633978503,0.13254847683670468,0.13272216368935483,-0.0034142561481435288,0.10434038461052415,0.10597244189977215,0.1038952834267532,0.0859785442151,0.08519267267591199,0.0008095668308738758,0.11067192238181905,0.11247695239554582,0.11194698163571525,0.08545883045720486,0.08467233201680559,0.04568038986624603,0.21076449029232408,0.2374261050252295,0.20495083938394648,0.08636286047687936,0.08625843401576871,-0.012301565491848035,0.04158502379131628,0.13994646861836887,0.017721204896625983,-0.07949400735825597,-0.08007589758741909,-0.04715097628071858,-0.048899348238566495,-0.004808475868711941,-0.048460856961866916,0.0390463038247649,0.038730504025935565,-0.012177328476493235,-0.004881465637691132,0.007482101140732593,-0.00982297367429536,-0.03429356473482028,-0.03427644069142981,-0.09055278315334478,-0.061927048078623044,0.06801460702771536,-0.07869400895784834,-0.02335961836523243,-0.023461337906539675,-0.006552482508045772,0.0029583959984683644,0.01880036974197954,-0.0018103715232792074,0.0017005192157931112,0.0014549683763606662,-0.007658444987805329,0.07536092604414477,0.12397825403780831,0.05189254801532983,0.039357163455842434,0.037933592538159394,-0.002084251700639149,0.029798050031155245,0.03650746724124121,0.02786739605075707,-0.04000887285722716,-0.03961002835999083,-0.044696944385691585,-0.047990340009456865,-0.019011216978570805,-0.04767626486919086,0.005059906626328575,0.005272337530880764,-0.011970710430266067,-0.021685532037351962,-0.02130460402056135,-0.024322996835759104,-0.025528917705164408,-0.025580920334301042,-0.07564659289014879,-0.058084492404766305,0.02226385256753711,-0.07620818505518305,-0.03784902345630443,-0.037844799478472815,-0.01538814608593427,-0.022707980052881268,-0.017433466230294695,-0.024080446061018446,-0.011024787769268258,-0.010702350080364648,-0.001310154669193993,-0.005805476544167344,-0.008663454606582926,-0.006196308272899982,0.011143243818898634,0.011295975818657376,0.013000282411385476,0.010466050030888248,-0.0016347996496562998,0.0013260609992460648,-0.0002228159397026645,0.0035126172249376015,-0.0028215854679666716,-0.01285626643796288,-0.0020677767271027056,-0.008598007547319115,-0.008660103358093436,-0.001634768302272655,0.01288342473362729,-0.0038111574576249014,-0.004282509376335556,-0.005422120382530794,-0.0016347996496562998
Local_feature_25,0.05582455314304843,-0.0025348063613933425,-0.07226917017088624,-0.012925243066589069,0.015393289772453814,-0.01222064124874966,-0.004448965286057782,0.04701031867420519,0.05166263672389321,0.06797031100543,0.05006701129770274,-0.1408658556996888,-0.14009599104431178,0.016154682702596308,-0.0016525800107350273,0.033323595597948105,0.052187440294369114,0.021899041537586615,0.018027479089477483,-0.026880089465721402,-0.014822165702128976,0.8815528582279346,0.9449395745707168,0.535874237239577,1.0,-0.0028142049680897094,-0.002151929272556966,0.8815590672359581,0.9449227195589502,0.5358767687843411,0.9999992629437209,-0.0028159784427729774,-0.0021605218312972943,0.1064543554999362,0.10798864071343374,0.04908770133247504,0.10779909070689071,0.013443842058878221,0.013878464656284676,0.3394198902065792,0.37398381933790753,0.1795820361393435,0.36078235523412455,0.008391325974463567,0.009109407756741168,0.33282751141398376,0.37955847698629425,0.26229426020759444,0.35867438627203985,-0.0010947308991402593,0.00031053200970801036,0.43927130383191904,0.4389795166927796,0.1823898891680415,0.46712408131469274,0.011745646344377197,0.01319601039092127,0.09180832465712697,0.5149361439960058,0.4606608587495263,0.44313772207373126,0.09946168538836107,0.10534376662544817,0.09171632355369223,0.5149175734249377,0.4606592302095826,0.4431586399881735,0.09944249399289844,0.1051195887319106,0.018247721595623684,0.06658551100618393,0.030966136452282206,0.02151973371655711,0.20381101055689568,0.1992489380510352,-0.0077926665234537675,0.3319130304907039,0.30949061106960835,0.294663022274085,0.12803414663865256,0.12522827161377523,-0.0025301092817897764,0.3598072350247724,0.3342144067725327,0.3212222551720225,0.12666666883689276,0.12364532274331179,0.05580635743961369,0.32199485114036946,0.3385731160504293,0.28718728892657824,0.13207202801128076,0.13126808179394567,0.0417148203432216,0.04897944615922949,0.05650287564689348,0.053242331144416837,-0.07286158550537203,-0.07367839621216514,-0.023614509370648396,-0.02578146669284088,-0.010084610619700132,-0.025116043472779393,0.019113661776098682,0.01849419405386254,-0.004592879771895505,-0.012264933439392557,-0.008589071793044144,-0.006703896857690167,-0.018346351602849975,-0.01811253317926536,-0.05568387245656755,-0.06633394280376584,-0.007736477921816338,-0.06359494063075453,-0.011276575399183536,-0.011200154392775746,0.02562531082973008,0.009730767020281377,0.0022898445759651784,0.025199146756227583,-0.01101485885058079,-0.011452568145146004,-0.0138088088371274,0.017303635404353854,0.04534791236314731,0.008956548571720365,0.019174420403827594,0.018407282655415226,0.008049227116228599,0.0982535904371288,0.08001313304003206,0.061732399835407036,-0.01951475636366012,-0.016880631334376398,-0.0233995179284456,-0.025074232523598135,-0.025455390441174633,-0.029176971795252193,-0.010436565544607866,-0.0114249887407174,-0.022238982671389664,0.0503410709233736,0.014245670651966635,-0.008340944835773766,-0.0368278708422079,-0.0356459786320686,-0.09836189573448476,-0.04126480741405225,0.03523528905344129,-0.07198289390594938,-0.03904963483655186,-0.03927760851163219,-0.030996219114117325,0.011359378732679783,-0.000584641596727582,-0.021715630557661156,-0.03656085965052114,-0.03653534639599062,-0.0036749770585783508,0.02525671564306747,0.0200084028821176,0.0019388890370585937,0.01694930914725239,0.016772104794944915,-0.00486678666029012,0.07381702238975348,0.05567848790612386,-0.0023853906094718335,-0.004367606458501857,-0.012972031099535306,0.015390328890810549,0.04685838201527236,0.05151447974108261,0.049916160077664105,0.04994501935054567,0.05567839548305422,0.03298169043274463,0.05205615224755328,0.017841217451480772,0.013623578720572524,0.05567848790612386
Local_feature_26,-0.0011828495163284,0.006504650079759864,0.03164421823831288,-0.0013117179003246315,-0.0007005824327152981,-0.0007555649164134112,-0.0026845830309988315,-0.0011963213624823492,-0.0011663339197499896,0.003026437093257424,-0.0010837612627603436,0.5774737068098715,0.5642739392122347,-0.0007103925499197369,-8.429622070349532e-05,-0.0007198482426873571,-0.0011445996622014266,-0.001333527925530454,-0.0014537191627534488,0.057056914444606956,0.05837850154894645,-0.004267430153338815,-0.00332920449554809,0.001652646964128119,-0.0028142049680897094,1.0,0.9755943389804006,-0.004268608653395723,-0.003328583740973869,0.0016531975711838649,-0.002814617531143587,0.9999967392566006,0.9756076028942191,-8.702786547819948e-05,-0.0007798476717412094,0.0028251074140777225,3.615093195636197e-05,0.21096719513673629,0.21045852210743987,-0.0030355520077193793,0.004787937884587057,0.023444954520422643,0.00229669305091353,0.46158636365463296,0.4560683535416397,-0.0027045913374213458,0.0005032277356067219,0.015661559842945594,-0.0006276344348249973,0.4627449472869727,0.45674146929444354,-0.016252035173647053,-0.02459530608108905,-0.02006067500674338,-0.020792097483084093,0.1484214470079868,0.14377202424680643,-0.00872976416005319,-0.030735614827368127,-0.030033662118986542,-0.02979983287223232,-0.004334982051971189,-0.004309745784120195,-0.008735066831154976,-0.030735109530234728,-0.030030603838616644,-0.029800024528037976,-0.004678891927183782,-0.004850052088008474,-0.005984073563923281,-0.0025021536934661196,-0.001950129913411617,-0.0023162257796459813,-0.03053289304898869,-0.029952982231276227,-0.00330103954526393,0.0012953409389821688,0.00110582237263375,0.00044822582536548506,-0.030946005241284474,-0.030695544192695264,-0.005497418063799972,-0.008733794524426736,-0.008578002313631199,-0.009114397769035986,-0.03025478059219373,-0.030107890112072922,-0.024656296738765134,-0.009815026823788655,-0.004056302300001648,-0.019413539948447772,-0.033958445960962085,-0.03606568826973534,-0.00802693216789029,-0.014038603107173161,-0.018559573351369294,-0.012540816492589592,0.2631404815306804,0.2661143307173426,0.014423564621247942,0.015468187792124194,0.008710273666028744,0.014875983711723152,0.12919151210012592,0.13081400157425074,-0.00015458917137794686,-0.0027206102885314032,-0.006286508018211912,-0.001422968213079078,-0.003166127759029014,-0.0037810608278688153,0.022278690162521608,0.014364524940238552,-0.016317229385928916,0.01826937437852302,-0.029505655754140606,-0.028987956257841754,0.004136521470136528,0.00043504381046091916,-0.003979730155959326,0.0020623622096636084,-0.007992441116456582,-0.008878987513677092,-0.028226288403912635,-0.05302115025343891,-0.048851605093842766,-0.04837470970340958,0.035182800632187,0.035561509975184744,-0.012871711878350279,-0.0005017882671337763,0.0019211994894290207,-0.0068049914094926245,-0.0020489135150980778,-0.0014174904063424334,0.013073982321154285,0.01364914537877595,0.0014247280177697962,0.012755078962785415,-0.029014983390933804,-0.030188418958963056,-0.00018112530282612314,0.019853301539991996,0.015560081719433221,0.015758565603340678,-0.013475219680797554,-0.014121390885464992,0.013301397615369285,0.020442489956206282,0.004136752115049239,0.022720843467195995,0.0015504029611668917,0.0016023382367139798,-0.009754497316967604,0.02483524424488688,0.026373581976499437,0.019987536210379256,-0.02756015470335019,-0.02746123167069993,6.17582684460107e-06,7.886079651452938e-05,0.0034098846353939178,0.001358914188426196,0.014572945728814074,0.014074051717405753,-0.0027421820138407486,0.004291629142155147,-0.0012067958245606239,0.006912721032296929,0.004641617670950125,-0.0013045224296454616,-0.0007083585712539548,-0.0012193369529480602,-0.0011899215831896843,-0.0011068634592575934,-0.0011821724937868005,-0.0012066374097936083,-0.0007267559744941088,-0.001168955729362892,-0.0014782126633018614,-0.0013468338105645176,-0.0012067958245606239
Local_feature_27,0.0004966052691562344,0.0172844137081175,0.03506448120014401,0.0007845456129975848,-0.0005629003581237592,0.002056578672466009,-0.0034239873833459542,-0.001601156764985601,0.0004200472539116455,0.010041786810662562,-0.0013543129156037754,0.5789925417662878,0.5875578201012922,-0.0005660632381464718,-9.346034346570281e-05,0.0007400876100180044,0.00024549153135272774,-0.0011890053006594922,-0.0015779696053740966,0.05753299427315141,0.05899397096429452,-0.004490272940777104,0.0009333109235515357,0.004022352118143136,-0.002151929272556966,0.9755943389804006,1.0,-0.004491397667632089,0.0009311118864785914,0.004021800456841333,-0.002152400948741723,0.9755811377712389,0.9999638513538607,-0.00013128252950587045,0.002651491916279823,0.017513762143657498,0.00015554786991589414,0.20742985486675658,0.20663930958731377,-0.00356009271018607,0.00579095633922305,0.024419355679557848,0.0018024208319969849,0.4547009685260281,0.4572857545828011,-0.00323302205597794,0.0007719096161320925,0.016115719352806483,-0.0011692796134663327,0.4554857035021641,0.45810669628364536,-0.016301534568389703,-0.017385605241815816,-0.013007792996058911,-0.018194984297044716,0.14632762859078605,0.14477595467457327,-0.0055951710528106624,-0.027801387360337337,-0.029688744114078146,-0.029283034178350077,-0.0019670319957652447,-0.0019274716582561371,-0.0055976812112303875,-0.02779994631595032,-0.029681486458326183,-0.029278435889356445,-0.0023724527526187344,-0.0025204846826964557,-0.005375076743937695,-0.002967907347678749,-0.004862220469783033,-0.0056998417794915145,-0.028108167603091642,-0.027524538838895496,-0.00040887648620153093,0.0026506458337412883,0.0011544236998761274,0.0008151524944102479,-0.02990774587537053,-0.029894334137615428,-0.0006476026673949186,-0.008215552004845195,-0.008859749648904777,-0.008875756445029099,-0.029035694345826105,-0.02914506913074892,-0.02195274420132573,-0.003777187502833574,-0.0020791797847034355,-0.016875345443287604,-0.034093609553847236,-0.03590341623084043,-0.008182330015637318,-0.010102528835642777,-0.014795237101901735,-0.012068749876725628,0.2622725143642535,0.2688143641229321,0.01724188186916746,0.01786283753030332,0.006079727766192467,0.01730860865879204,0.12693827104652508,0.12690485880212787,-0.0008571860942289487,-0.0008563810913533254,-0.0038955590317522335,-0.0012806597036161913,-0.0034519448035374048,-0.003924060911540884,0.023456068926954787,0.017783963238360193,-0.015080907398329861,0.021657273249295818,-0.029362201044214796,-0.02941050983623257,0.003835156276773674,0.0019425679834917478,0.00036648254188356624,0.003499281693586536,-0.015632370996783992,-0.016887766093136202,-0.026892944598428378,-0.053517794630352195,-0.050178155801632686,-0.04733783503896195,0.039112563443677216,0.04025176419143867,-0.013458464852349061,0.004227879590431299,0.004693229427389562,-0.005518824558102538,-0.0022265339591557172,-0.0015289606236064542,0.015290205928354866,0.016556187229326152,0.0019224318855698523,0.014803055074043017,-0.029823394530039817,-0.031193893983729938,-0.0009074404330809556,0.024580927029458414,0.017603050166405416,0.01728304206981453,-0.013345508006060589,-0.013723511385695211,0.011763796394426687,0.022640201328893092,0.004584623442895751,0.02458981978739714,0.0014211838854955926,0.0015007175336259897,-0.010500436154911792,0.029372283249093297,0.028361123821510528,0.021907518236398613,-0.026337746558094594,-0.02606297347384331,-0.0005310686191408879,0.002287925505274921,0.0044028539888560205,0.0007685990327680818,0.015697269498139585,0.015345191953568264,0.009051693497039381,0.0074825546634308465,0.00046537245729559053,0.017747292488120618,0.007738194559378978,0.00080369129520144,-0.0005735099921766594,-0.0016342835181328134,0.00038921829346471194,-0.0013874255176145735,-0.0015849829477283517,0.0004657767266812798,0.0007321201979131714,0.00021323541928313064,-0.001612685520401683,-0.0020103543781961894,0.00046537245729559053
Local_feature_28,0.06782367863444103,0.0010724813750200388,-0.03732450001182884,-0.015281404917511354,0.020124540238427878,-0.01458589737090398,-0.004911081305652274,0.06269329159423286,0.06313305354996374,0.027672169411712855,0.06396536276048234,-0.06206979690381392,-0.06211285128219709,0.020991561081745096,-0.0014028758790927652,0.03208091013547258,0.06466304129638822,0.02955300191549922,0.02375769489243501,0.008344564256255769,0.02248668994723361,0.9999989719717527,0.6909871191012119,0.07715062191468176,0.8815590672359581,-0.004268608653395723,-0.004491397667632089,1.0,0.6909320869268548,0.07715303005281775,0.8815202822012114,-0.004270204487310098,-0.004498616467005489,0.12530521901727876,0.12523501536597198,0.03333290200348605,0.12625777847806882,-0.008676815100944223,-0.00821127100268618,0.3968501018700352,0.37213519660748684,-0.004135807008385785,0.38738939080832807,0.006338707160464797,0.006762218760461935,0.38948799380095017,0.37984890438011804,-0.003273735677451677,0.3867545932913326,-0.004447100022876101,-0.003908307847739205,0.45518982356076887,0.3582069768024753,-0.031013996930066245,0.42755819982570276,0.00262861943892886,0.0032665918595214454,0.09416084238424353,0.41466818411282413,0.3426435315868033,0.3297731931226146,0.08006164085732291,0.08736123031017991,0.09404482515916483,0.41462891031337423,0.34264344073018577,0.3297768395542704,0.08004394650658027,0.08709887337225655,0.021510183714046702,0.07737670591882977,0.035618376599249615,0.024540821075777413,0.16721910131794715,0.16167742618637257,-0.0069462682630405635,0.33464438980839223,0.3067088714029957,0.2902803198261066,0.10408265483318997,0.10113056650824734,-0.002848266129638975,0.3639579646608983,0.33236890400482,0.3172966839961574,0.10275784160191265,0.09954864331332168,0.040399607340966495,0.2647208735895191,0.26851731077516927,0.22563079890998233,0.1085287655782312,0.10758902656586543,0.056169621541319444,0.03676874506039353,-0.009264332620129184,0.05340408974173986,-0.04185476560161884,-0.04221607566210382,-0.0006117763101464361,-0.002183443135373337,-0.009268028192147695,-0.0016424005135781575,1.1711810404618577e-05,-0.000440465471688563,0.001354715917855873,-0.009551233256939634,-0.012505004840530234,-0.002025893498549078,-0.0030514894721336517,-0.0028902239482462167,-0.016053806470624495,-0.04317909970637293,-0.04592153980224794,-0.03108923908288298,-0.0010910453614481452,-0.0009511205284244991,0.03398365327988074,0.01195338685429182,-0.006290211067465479,0.03100289933304434,-0.014457638974700792,-0.014684608726466498,-0.012077708040158959,-0.019914233371220464,-0.013884777749806513,-0.01739746611395821,0.0012976611249907327,0.0010771976003349257,0.010566900613896365,0.10075907763723511,0.0746599181069308,0.05753181394489344,-0.0006234489186619119,0.002263947586517763,-0.0017981904962409753,-0.0017750344139453333,-0.019329889305805387,-0.006981389747470828,-0.015163176155319825,-0.016470116132974527,-0.019633472841506416,0.07267622284795067,0.029188898692695225,0.004005188917218316,-0.029062301882547915,-0.02765370645194727,-0.0749413059961706,-0.01659186318953823,0.02902018191226005,-0.04300815092370691,-0.024666699074535826,-0.024937062830580527,-0.02810451742624011,0.026968156938266385,0.009284055413911267,-0.01212786850865882,-0.03675333603032769,-0.03692616991739681,-0.003638583980757562,0.03385302347353061,0.029192737550100527,0.006037414063649218,0.013951993844822815,0.013615850746190048,-0.009484036128671179,0.08308994422620242,0.0676975450416514,0.001230232546376215,-0.003752159358004845,-0.015315959453226486,0.02013397987700216,0.06256043492151693,0.06300286343579477,0.06383309386196742,0.06387639723352452,0.06769752683224957,0.03168666759521033,0.06455513295578416,0.023575894440476503,0.018977222487648174,0.0676975450416514
Local_feature_29,0.04686920494446059,0.031805835411666455,-0.08084940554104252,0.009637707742929536,0.012999110414498836,0.01250328949836663,-0.0043001782415142895,0.03018337612740185,0.04268862808909853,0.09946047009314897,0.03413924449342692,-0.17511003638270162,-0.17002635238335814,0.013680197217682903,-0.001621690122986463,0.03208640563413216,0.042695097398337836,0.016252105821563355,0.013231914612128663,-0.04581318795309441,-0.036968389858863325,0.6909207809976725,0.9999995708888811,0.7671228469214162,0.9449227195589502,-0.003328583740973869,0.0009311118864785914,0.6909320869268548,1.0,0.7671211761349297,0.9449479290024729,-0.003330167415174359,0.0009184285301237026,0.07873370520335057,0.0943938153461571,0.10667362513552749,0.08064913905332162,0.024798776890351117,0.02559637642236587,0.25784631522437645,0.3314653420213574,0.2790241214960457,0.29528191958827366,0.00634133352331676,0.010181988988454942,0.25259607157252767,0.33317883890643374,0.40445770214034077,0.29294244724360563,-0.0011229207854127874,0.0034398915927670395,0.37048122142588497,0.4485249712532439,0.30723733629706473,0.4334834198811929,0.014597454898077082,0.01718055774021918,0.08505438275248171,0.5251890974955089,0.4809124706321613,0.4617943889461408,0.10008143892447209,0.10392397642599942,0.08500701928296157,0.5251581103798852,0.48088659209174167,0.46180671270477763,0.10006326193801138,0.10377519395932132,0.01274810269745571,0.07101370647264785,0.038329781456758326,0.029202916987094426,0.202890623156783,0.19908436394341741,-0.005666458494637485,0.29187714256739966,0.27229787756132345,0.25977847195752934,0.1283059925406423,0.12542629405259748,0.0009646170300188682,0.3133714568245063,0.2927870982376707,0.28257105573880015,0.12704541143404138,0.1239832528201961,0.05902606961323411,0.3277709237811953,0.3434170455362399,0.2924759214997003,0.13153180790980465,0.13060528028079757,0.026232570396562137,0.06252899703306108,0.10198467530412281,0.04723797792856998,-0.08222762044629675,-0.08194148616320139,-0.031044420248388015,-0.03326243195561253,-0.009531135056863194,-0.03260427101723179,0.025716202530873835,0.024445149170408905,-0.008388966859527391,0.002012668730181172,0.005513962663329609,-0.0072346746140403255,-0.027663045347202743,-0.027043182232208866,-0.07858402294546174,-0.06641491907868668,0.026520139188355243,-0.07407801128846617,-0.018276350157803475,-0.018263554920167537,0.016537643634927438,0.022690486130159164,0.018587619398970474,0.019130353493210746,-0.009778415015128808,-0.009730174025668942,-0.01350050081122943,0.04754591837759088,0.08515695347254439,0.028800401281191188,0.030487852379609805,0.029190541074075513,0.005839876640066882,0.09430180846011951,0.07808374563909792,0.0594581957639815,-0.029267212813786445,-0.027093181386838167,-0.030268420450505183,-0.031516003980173644,-0.025580031786718974,-0.035845301394704904,-0.005386578007092296,-0.006165144364505306,-0.02141977123428374,0.037173675545966615,0.006071822478951945,-0.013408581625037648,-0.036271690770620056,-0.03545182731255938,-0.10388965515240844,-0.04867780470087084,0.03561895435586551,-0.08009507869805413,-0.04250321623469315,-0.04263269531907119,-0.02947821585991292,0.006114180782511299,-0.005129054556423783,-0.02457392637662374,-0.030214520057584484,-0.03018666665105678,-0.0033229546946434837,0.021762645823016902,0.015421335539946636,0.00043830738440946084,0.017214642075585717,0.01687693189739159,0.028756610470669117,0.06822042811452199,0.04672831099994519,0.03203124616299472,0.011378406229204859,0.009593996862998104,0.012989007679062862,0.030037092226334064,0.04254701553549548,0.03399359819079707,0.033847515857343156,0.046729009292780586,0.03181988671258,0.042564897946306676,0.01306489741221898,0.008374115486105012,0.04672831099994519
Local_feature_30,-0.0015764517245916885,0.0012527922433849586,-0.08620985422495979,0.003548050364754801,-0.0028077176801301665,0.005146881809824071,-0.0029898907360470517,-0.012799416932254773,-0.002010259166219917,0.09929631984475273,-0.008540674818810597,-0.1890406467449315,-0.18657114377310877,-0.0027286844477982615,-0.000984158682581889,0.012898191967120201,-0.0037511506006435184,-0.005955102395758436,-0.004223329868806924,-0.07050396761445979,-0.07038249772134018,0.07713813845123867,0.7670587899930833,0.9999999973311395,0.5358767687843411,0.0016531975711838649,0.004021800456841333,0.07715303005281775,0.7671211761349297,1.0,0.5359469595380083,0.0016522961250402494,0.004015268369785068,-0.0013076987010378492,0.005245463080583109,0.05870828459143867,-3.105931683337255e-05,0.04417522401370141,0.04407984029540216,0.00856412203111679,0.12494348344120708,0.385740299793294,0.06779838969457243,0.006474779626414478,0.008603387994110832,0.0077735415768347355,0.12384024793169675,0.561516075014731,0.06577759556993794,0.005652637849621779,0.00827603263845415,0.11523065906653619,0.29154070850970504,0.4450221446387529,0.22281937596283846,0.020473662617533795,0.022075740756945916,0.027890410650660478,0.35075132948206394,0.36243090612553375,0.34819587947538927,0.06828818712547348,0.06758579194440173,0.027920408542130477,0.35077588522000486,0.3624206555223692,0.3482314786594027,0.06827920819595748,0.06758574922683941,-0.00148609688916487,0.005932356754296782,0.003928214218433825,0.0032022604456152155,0.13254782161340514,0.13272167214671604,-0.0034141514121881914,0.10433877328115217,0.10597198206714901,0.10389517569350139,0.08597826317724899,0.08519255116747074,0.0008096418036516437,0.1106715848795124,0.11247685738513029,0.11194699659078483,0.08545856095791514,0.0846722684321941,0.045680649656300476,0.21076146418929537,0.2374253918542431,0.20495063756272586,0.0863625709575214,0.08625831446661676,-0.012301311608602308,0.041580580288694706,0.1399426362817724,0.017720975979662955,-0.07949306126431392,-0.08007546366911632,-0.04715232017141068,-0.048900975151322704,-0.004810705423132009,-0.04846239157304161,0.03904629133921804,0.03873080383311567,-0.012176999754872141,-0.004887558309489719,0.007478644594570257,-0.009823203957896985,-0.03429196937125183,-0.03427495472539589,-0.09055147492040772,-0.06192931376254731,0.0680115356606196,-0.07869506806674952,-0.023358063664340026,-0.023459747156116602,-0.006552350841655193,0.0029525727123103037,0.018797685939391857,-0.0018102654671632301,0.0017017754039667886,0.0014559517560583603,-0.007658355246588107,0.0753605841310158,0.12397818883054988,0.05189262191735921,0.039357370508052346,0.037933528825679026,-0.002084290082411808,0.029796227904631448,0.03650705626641912,0.027867293006051917,-0.04000886602524708,-0.03961001236483422,-0.04469843320552226,-0.047991968875343516,-0.019011342880288787,-0.04767769671231777,0.005059980242905597,0.005272251845811602,-0.011970579907523718,-0.021686868378645193,-0.021305670961762516,-0.024323410198963537,-0.02552920557648982,-0.02558121776936639,-0.07564584469441435,-0.05808589033933635,0.02226352568445644,-0.07620907480369182,-0.03784919879404823,-0.037844999425902096,-0.015387929251975536,-0.022709568581066205,-0.017433842082558115,-0.024080393199413574,-0.011025088413323654,-0.010702607949703647,-0.0013100681795065255,-0.005807329984976023,-0.008664850416760742,-0.006196658952822398,0.011143155632827731,0.01129577616457163,0.012990441610145537,0.010462032241932711,-0.0016355625568868614,0.001311503891064128,-0.00022836850899219172,0.0035057007488817813,-0.0028223407660442753,-0.012856065483929851,-0.0020679290269698413,-0.008597741637980771,-0.008659829515367033,-0.0016355315408423698,0.01288351195262751,-0.003811625746092523,-0.0042824890231357845,-0.005422036923559092,-0.0016355625568868614
Local_feature_31,0.055674536349752266,-0.002549359911119337,-0.07230791401809014,-0.01292628368784355,0.015387315868472853,-0.012220698391912326,-0.004452099135438695,0.0469428884458358,0.05159698598366756,0.06797379691661176,0.0499996303056212,-0.14089557913657388,-0.14012286469248092,0.01614852311831271,-0.0016525411719687663,0.03277660724652577,0.052069410126478,0.021831236368634634,0.017880514982572895,-0.026875253451981964,-0.014823965757334011,0.8815123358444105,0.9449636707702207,0.5359444273987322,0.9999992629437209,-0.002814617531143587,-0.002152400948741723,0.8815202822012114,0.9449479290024729,0.5359469595380083,1.0,-0.00281638999938032,-0.002160993451333577,0.10524734160274199,0.10679472340259528,0.04906903018702698,0.1065919562070731,0.013445958393844286,0.013880544655286348,0.33943424603718064,0.37400398860522227,0.17960461604429975,0.3608000657351796,0.008391950947844187,0.00910995233152811,0.3328417501707683,0.37957922080295,0.2623276451147957,0.35869210291935005,-0.0010953464913403647,0.00030990731832640446,0.4392815767330059,0.43899918604645155,0.18241627802253974,0.4671406463828728,0.011745522820073294,0.013195999813485555,0.09163639256251294,0.5148440793351711,0.4606252346081076,0.44307082003817594,0.09948165821795626,0.1053602481052528,0.09155152330300266,0.5148255851916339,0.4606226763956958,0.4430927159047688,0.09946246745104025,0.10513619079733459,0.017440877196333943,0.06588878403076046,0.030300184168078975,0.02081471415947658,0.20381203298348965,0.19925264430998732,-0.007795014901147238,0.331923811972786,0.30951845318311577,0.29469458246263697,0.12805773052147318,0.12525321820652646,-0.0025301425066912293,0.3598200469301107,0.3342454796174156,0.32125806372925575,0.1266904499488831,0.12367046203142947,0.05578358784808744,0.3220018133060096,0.3386106767285535,0.28719921118768293,0.1320926651247519,0.13128914369570657,0.04165885755487569,0.048890768855880784,0.056405328684147944,0.05316937920945858,-0.0728874696013258,-0.07370650825915377,-0.02363379234487719,-0.025802604809750357,-0.010097712713210085,-0.025136616455168063,0.019099974837970192,0.01848832174858739,-0.004597877504405363,-0.01227801222827504,-0.00860688529173609,-0.0067125882866570065,-0.01833008072425484,-0.01810392449604242,-0.055716262071199056,-0.06637126902761267,-0.00774517063973818,-0.06363133075456551,-0.011264044999609665,-0.011187611355312377,0.02562773250304401,0.009707157672775598,0.002231617621017208,0.025189008531506202,-0.01099468615331829,-0.01143245591791181,-0.013809397937100922,0.017308401933089267,0.045355764354572656,0.008959747446034337,0.019177142681502404,0.01840986048822559,0.007858548830878335,0.09814720312096492,0.07997589247987115,0.061597014269623246,-0.0195129013517142,-0.01687998322501321,-0.02341929432102725,-0.025098288521725704,-0.025459978008613677,-0.02919665275915671,-0.010448768946109866,-0.011436689149707717,-0.02223909745407467,0.050305194219768756,0.014235346926010856,-0.008346504091260531,-0.03684367120611663,-0.03566219214011203,-0.09837201685203138,-0.04129187907822845,0.03523687306418416,-0.07200866187157429,-0.03906860824331381,-0.039296437670314176,-0.030995890377515965,0.011342465175953931,-0.0005861949674971254,-0.021715355582445455,-0.03657712472893866,-0.03655145204744087,-0.003674435897951353,0.025237818052846413,0.019993337281543042,0.0019345978590539713,0.01694924501650052,0.016772360853631773,-0.004865517616101065,0.07378777600551649,0.05552838285097822,-0.0023999803896496284,-0.0043741079929368225,-0.012973068009428535,0.015384356164955003,0.046790909921777556,0.05144878917293616,0.04984873764171606,0.04987752727896583,0.055528290197864344,0.032434342790158194,0.05193805445613155,0.0176941591600257,0.013476778099133516,0.05552838285097822
Local_feature_32,-0.0011838385891356769,0.006511480990555379,0.03166440336328822,-0.001308673715127473,-0.0007003542487001418,-0.0007517778881167015,-0.0026849497217445234,-0.0011976977172919786,-0.0011672713030928263,0.0030300745611345496,-0.0010850032656130994,0.577433583027862,0.5642330407289584,-0.000710139252115772,-8.440249033799647e-05,-0.000720332331475035,-0.0011456020547407986,-0.0013344569622072656,-0.0014546737051256574,0.05704044724885829,0.05836422100826106,-0.004269028945239296,-0.0033307888370506366,0.001651747183165142,-0.0028159784427729774,0.9999967392566006,0.9755811377712389,-0.004270204487310098,-0.003330167415174359,0.0016522961250402494,-0.00281638999938032,1.0,0.9756083614517792,-8.745483979641762e-05,-0.0007813884240192014,0.0028111506045838727,3.513670934863e-05,0.21093470593867225,0.21047536829589814,-0.0030377701513189487,0.0047850027046282325,0.023442501174174034,0.0022940341847854026,0.46165942792225917,0.45614826957788024,-0.0027068441361505903,0.0005005739495695026,0.015659503463369827,-0.0006301139900842852,0.46282063410783586,0.4568218973326626,-0.016262619139092258,-0.024596154601741086,-0.0200528081357648,-0.020795839896778613,0.14846354295037784,0.1438118209859904,-0.008729992015834945,-0.030735370892422665,-0.030033334235059217,-0.029799519726384664,-0.004344563772714617,-0.0043200312858543005,-0.008735294688930254,-0.030734865578252717,-0.030030276067949665,-0.029799711418515777,-0.004688451197447315,-0.0048603017666053435,-0.005983837126153984,-0.0025021797746098643,-0.0019501162270705898,-0.002316174016482468,-0.030541784588949926,-0.02996179059754572,-0.0033019450220956783,0.0012925793835424496,0.0011032347515263397,0.00044559161227843093,-0.030940406501912182,-0.03068939007520243,-0.005497991379869381,-0.008735893106606572,-0.008580011048069432,-0.009116363513115929,-0.03024047785636645,-0.030092488639850964,-0.024655419792517848,-0.009823327357590107,-0.004064670340752761,-0.019420379524821098,-0.03392305567525778,-0.03603002719292999,-0.008028573681171504,-0.0140289257357828,-0.018534758478226204,-0.012536988724063287,0.26313834875423303,0.26611084435783444,0.014432825280163241,0.015479370039650026,0.008721193086467321,0.014886504362381932,0.12917551048718204,0.1307943936123084,-0.0001534712491935457,-0.002714073994256018,-0.006281889543938506,-0.001417828344119614,-0.0031109143723059163,-0.0037275948514342086,0.022278799990708635,0.01437965316790588,-0.016292588838303788,0.018280077840063226,-0.02949544968279304,-0.028979796676414423,0.0041356020261933465,0.0004431660474610951,-0.0039643754656270794,0.0020656569577459194,-0.007962894348391055,-0.008851234607340074,-0.02822465773252403,-0.053029720849178716,-0.048865444134192734,-0.04837985432831587,0.035221144180271974,0.03558904870682437,-0.012869942830773739,-0.0005025682934255822,0.0019199681798769239,-0.006804826163889715,-0.0020619994961875313,-0.001431068871244734,0.013085524565386954,0.013656918016625058,0.0014196612077007054,0.012765025151919109,-0.02898513700509871,-0.030158943254236084,-0.00017729454230714755,0.019845676144956546,0.015550088698395418,0.01575328071034758,-0.013487982905811206,-0.01413458548828043,0.013322640168009253,0.020448263856274754,0.004121561456306965,0.02273553615855615,0.0015244443903276962,0.001576765915475204,-0.009754215135984342,0.02481586427591299,0.026351995882525004,0.019970765093705854,-0.027577997630945386,-0.02747929971645749,7.5980065896501435e-06,7.880985921089027e-05,0.003409258097349607,0.0013599153306434566,0.014586262258786837,0.014087299233221912,-0.0027413853662527523,0.0042967304228943215,-0.0012077912578721626,0.00691955595701188,0.004644717855274765,-0.0013014787961821762,-0.0007081310626803536,-0.0012207199507241813,-0.0011908651058199669,-0.0011081119873760543,-0.0011835669156908955,-0.0012076326866083216,-0.0007272420298397934,-0.001169964611741613,-0.0014791734302269572,-0.00134778593950042,-0.0012077912578721626
Local_feature_33,0.0004689512117800232,0.01729401138744428,0.03515591594882979,0.0007886775571870721,-0.0005657387874505557,0.0020620752745501526,-0.003426531724124719,-0.0016097388862338804,0.0003925682292700544,0.009986119267887854,-0.0013635986158503873,0.5788731878425998,0.58742560984381,-0.0005688614126096796,-9.423801981214386e-05,0.0007358382509554399,0.00021797244806030672,-0.0012078319849925657,-0.0015923085405181922,0.05746121483813988,0.05891968642020826,-0.004497491801356818,0.0009206273159347502,0.004015819912973089,-0.0021605218312972943,0.9756076028942191,0.9999638513538607,-0.004498616467005489,0.0009184285301237026,0.004015268369785068,-0.002160993451333577,0.9756083614517792,1.0,-0.0001321847892664504,0.002649994979550114,0.01750996168850761,0.00015458080938443518,0.20743271455457848,0.2066433230354824,-0.003572034070845594,0.005775451898490468,0.02441065603690102,0.001789360911589858,0.4548748875143823,0.45745682453449943,-0.003245032665323732,0.0007567209346730336,0.01610611804564747,-0.0011820846658595874,0.45566027721021296,0.4582775646744131,-0.01633495347092602,-0.017405321850975562,-0.012995196909581244,-0.01821944520981569,0.14639479566860827,0.14485851727300575,-0.005601272380444976,-0.027813847340154,-0.02969762114798915,-0.029291604077084386,-0.0020339986135119816,-0.0019946158188503074,-0.005603785976346173,-0.02781240638802052,-0.0296903635352561,-0.02928700654593416,-0.002439383644204555,-0.002587568768377322,-0.005375841956487048,-0.002968894809326486,-0.004862520601522793,-0.00570000523690182,-0.028124448276720514,-0.027540820712249146,-0.00041443056438192875,0.0026331397401448704,0.0011389649983014301,0.0007995686223369095,-0.02991837217284204,-0.029904341132617304,-0.0006514081713469305,-0.008231745528917471,-0.008874311203060417,-0.008889932050761948,-0.029039493485621924,-0.029148130935291405,-0.02196689406911814,-0.003819535528476594,-0.002115680635164945,-0.016912403166200563,-0.03402670585933561,-0.03583422361494612,-0.008192377768862868,-0.010124293718170441,-0.014790273696798438,-0.012092744839111904,0.262143121952027,0.26866729648546783,0.017303464830044107,0.017926021202861617,0.006082160646869165,0.017371473641033638,0.12704917633199922,0.12701236739183255,-0.0008528146412918142,-0.0008191690019881479,-0.0038356512532304017,-0.0012530536300914734,-0.0034004207691377686,-0.003842372679502606,0.023477681303183007,0.01785584187979629,-0.014981291153076465,0.02172386575751492,-0.029367070068268105,-0.02941715246934107,0.0038287084912041014,0.001947228794569341,0.00038363954830782033,0.003500539685913214,-0.015452662383168135,-0.01670698991182433,-0.026894377970466947,-0.05355442666621932,-0.050210193504501975,-0.0473916835512781,0.0390780189084647,0.04015939054653021,-0.01346083484460125,0.0042065627545936285,0.004677458110860509,-0.0055307943698061435,-0.0022916060645169706,-0.0015914406810217721,0.01534863677052424,0.01659897521537413,0.0019060589947858689,0.014856897053982356,-0.02974400959723707,-0.03111461067712933,-0.0009108308838441098,0.024551902741837262,0.017576235870789974,0.017260133678797782,-0.013397783841748117,-0.013772464087731745,0.011843527053597657,0.022674344096328205,0.004545907707909833,0.02465557227230216,0.001369686906689696,0.0014491524261213524,-0.010508546168772727,0.029333389026091665,0.028325620497968922,0.021872594503648694,-0.02638902737074508,-0.02611232165340931,-0.0005301139522924353,0.002280353872547574,0.004390685627996793,0.0007635533561296835,0.015680934203680427,0.015328854021990529,0.009036658876537124,0.007522566108515315,0.00043763834541041486,0.017756913089702172,0.007739994278726812,0.0008077984583275302,-0.0005763612764346315,-0.0016429127528829065,0.00036166052229752416,-0.0013967599869283986,-0.0015936944286306088,0.00043804285306789966,0.0007278542403641674,0.00018563583937090066,-0.001627082686985895,-0.0020193462971554586,0.00043763834541041486
Local_feature_34,0.12865778499399555,0.009592769123181083,0.023497083353338367,-0.0011949275207322515,0.00619366700773122,-0.0019612963313689214,0.002081635932911567,0.0603346004658286,0.059269690570165366,0.003654188624676263,0.06058967025904924,0.009417904406275924,0.007030379738791007,0.006415278579942437,-0.00020140962487118726,0.45161087335196526,0.10217014011800357,0.057913891512233986,0.12236495665905474,-0.006787504572501168,-0.00015180645968528622,0.12672702845395423,0.07964625760017437,-0.001307773817897262,0.1064543554999362,-8.702786547819948e-05,-0.00013128252950587045,0.12530521901727876,0.07873370520335057,-0.0013076987010378492,0.10524734160274199,-8.745483979641762e-05,-0.0001321847892664504,1.0,0.9876710583501869,0.0004153330713193603,0.9997570966599191,2.640277796557092e-05,2.4899552308934908e-05,0.024631367837275403,0.022771245852666152,-0.0012363981562571351,0.02387346779396073,0.0006710463661152079,0.0007503892672467151,0.024033105857919644,0.023146529395848076,-0.0015195363431971675,0.023715797121786918,0.0007083264326276685,0.0007801720868872002,0.03759857453296753,0.02878438321788733,-0.0038824556422499177,0.03491802567005321,0.0010395449479089726,0.0011020138277174484,0.15068746988706627,0.129163693940888,0.07798792421410833,0.10194866733501363,-0.005817504257170311,-0.0023558930151769257,0.14483627708977412,0.12910030722517976,0.07874952668015886,0.10114995091845226,-0.005819990410166579,-0.0024792836341980483,0.6628131831493036,0.5768360533676412,0.5485442993448755,0.5797006944438781,0.020658580484797996,0.018020426840472278,0.0011458020602307507,0.02606851001512251,0.01011016175752375,0.005579835517290794,-0.005775342262311426,-0.007096754202755449,-0.00020620724255218247,0.027576532791625967,0.010180340814645469,0.004972095996528516,-0.006076064830800556,-0.00741830899101451,0.02466335884956096,0.027217659520362886,0.004570286982631253,0.020290724251530765,-0.0029619816455912404,-0.0033551273396425956,0.05039268439844273,0.07689343382244754,0.08479371125087358,0.06537491848924273,0.013353925141319235,0.015047778653290263,0.013033449963178557,0.014223616459594423,0.008828576737523986,0.013866792428389448,0.013558917713604589,0.007136056137502879,0.003598404514214077,0.007555588136650441,0.010798729330007546,0.005718106195068468,-0.015560411520098759,-0.00921207631929979,0.020789573879151597,0.023078628375034396,0.0054986055930663445,0.022823160661615424,-0.01155592215113903,-0.011541063767385937,0.0008143153240901919,0.018593877417441156,0.0444678683986491,0.010239993220452374,-0.017696965582087904,-0.01772585118432519,-0.0009427008993386657,-0.002086722553720849,-0.0016504006200269666,-0.0016489716259631463,0.00015510155256971922,0.00013578882849801853,0.15706661483719866,0.09729238934238624,0.03898422140901216,0.11748795683342922,-0.0035657858317007826,-0.0023356237303305033,0.013388106335946675,0.016399629739404627,0.0009285671519425083,0.012707863336848724,0.00876089594416037,0.008205141907651424,-0.0022023160151713904,0.03303936858018412,0.009408986611869568,0.003347427562198967,0.009027149963305035,0.009467408459406863,-0.0019291239867845747,0.01727867860088988,0.0023172485997732064,0.01314842893789603,0.011338617409299265,0.011199499262973964,-0.0034670724806705414,0.014559719508673642,0.0010921537924047711,-0.002537146725699683,0.009367696198474286,0.009231177825433621,-0.0008019468133294073,0.01776272822705246,0.014164625383313471,0.003632381303629137,0.001946064853858736,0.0016172249809801727,-0.0023520916218392474,0.03004519844171997,0.12865417906252583,0.009626908642420608,0.004161705450533365,-0.0012037490673178206,0.006190712916584467,0.06032680945430755,0.059261620377851786,0.06058182279309762,0.06064489555326301,0.12865431062388658,0.45163916881997235,0.1021645660202653,0.12236136764630566,0.12171590128109586,0.12865417906252583
Local_feature_35,0.1302297479837721,0.0634600532280353,0.0313624745473242,0.02429218018944959,0.010747606837932954,0.02599013125218319,0.002185419072677703,0.058916141464770096,0.06020141266477106,0.008579521856674445,0.0592567449084691,0.007634889282564724,0.013515452727681745,0.011119677444576082,-0.00025725393820468,0.44578170703757575,0.10296579006945179,0.057341563208780325,0.12057539588148808,-0.006732901912680218,-0.0002652404860933118,0.12664032465441025,0.0953156031042748,0.005252235285443022,0.10798864071343374,-0.0007798476717412094,0.002651491916279823,0.12523501536597198,0.0943938153461571,0.005245463080583109,0.10679472340259528,-0.0007813884240192014,0.002649994979550114,0.9876710583501869,1.0,0.12584980181914399,0.989197617190183,-0.0028795915040016632,-0.002636595107488878,0.023550888952547373,0.02963823223088158,0.007439634318941152,0.02360370852768556,-0.0009364923394762446,0.0008552463866166669,0.022932293727559214,0.02594069843118533,0.005937379262898719,0.02316273161532364,-0.0010123205156868324,0.0008127698795957536,0.038119674802482656,0.04645200289717189,0.008848582276125564,0.03923883508410566,0.001324085629967925,0.001970398650959052,0.148645263860715,0.14156752152568214,0.0805470137729228,0.10161257750362764,-0.005065413168864677,-0.0018121820978440548,0.14286610691066678,0.14148661507629226,0.08129441336915981,0.10082269365456985,-0.005068553310695446,-0.0018982804991465698,0.6545619010183477,0.5837499682924503,0.5451055765269599,0.5733552471706966,0.022874949471131854,0.019375372811170955,0.0006739295886037428,0.031969864394983984,0.01103454690622716,0.005288358633878194,-0.00459060545723699,-0.006461958624252802,-0.0005078985700019261,0.030028530968735905,0.01023001012328288,0.0044892173757796455,-0.0049441671926487634,-0.006838763986275638,0.023283243173806083,0.04050816315818617,0.008713448120406012,0.021996359265658884,-0.0014821434938178432,-0.0023005738671869305,0.04890833286902346,0.08653782872120092,0.0919970753205359,0.06473876834891865,0.012923065352720987,0.01673296732733604,0.017923086863577988,0.01944082045799384,0.010909552344134436,0.018984100115506455,0.011586905316849678,0.004012652923953039,0.0030249155933961495,0.02847854434987569,0.026805898855215587,0.008119909111547077,-0.01600159484566999,-0.008553009336200406,0.016543174152786177,0.029853798563290387,0.013564434629252461,0.025890933973337978,-0.011817942725096486,-0.011777339993363629,0.00031877324655230906,0.041230663622647906,0.06296603987004608,0.012577711658111524,-0.018696381544471327,-0.01775918229998657,-0.0013849817168519421,-0.00034224167344825297,-0.0011270913290458214,-0.00196725279925826,-0.0014762377003668357,-0.0007187728809510389,0.1551174566134783,0.10434044640452735,0.04049985277771712,0.11665716013156077,-0.003557231122853746,-0.002067628685131738,0.0181724664722541,0.023838191782651095,0.0019299338402065174,0.01730724552498663,0.00932282866416338,0.00912494302529896,-0.002844569017547092,0.04665884416953915,0.015014138688711183,0.006327721059521523,0.009556184415028084,0.010108039213904532,-0.005885228719198617,0.02232294079172593,0.004074047957303698,0.015815124753733697,0.011916140048545366,0.011859032174643305,-0.004441757181087016,0.023622380085409834,0.003763194876498261,-0.0017000420932934317,0.010280359969374464,0.010059879631644857,-0.00117322456068282,0.0256181298973158,0.01926633427394935,0.004878516776290488,0.002358456483924023,0.0019011295167694682,0.037119546372861315,0.04800790572005582,0.1302229821982351,0.06362463904029454,0.02551313814084479,0.024281973301101933,0.010743896867601096,0.05890515586824923,0.06019019149772052,0.05924566533499129,0.0592776966749977,0.1302243436810425,0.445808891940543,0.10295692680629176,0.12056842370401735,0.11972257696716687,0.1302229821982351
Local_feature_36,0.015063473947605753,0.22301287656339808,0.03892517634868583,0.09350829031305738,0.0229906691771078,0.10126438522172956,0.0004827799373865926,-0.003871930661108124,0.005128465660666344,0.03567865083085035,-0.0026804476249794535,-0.010271883760809914,0.01684265806433981,0.023768853294354162,-0.0003939038367456222,-0.0016517737672348501,0.009066297956788705,-0.00020681468572553748,-0.0024161175610835947,-0.0013684702213839777,0.0013882359406797494,0.03335037755701837,0.10676607747765877,0.05873980927930103,0.04908770133247504,0.0028251074140777225,0.017513762143657498,0.03333290200348605,0.10667362513552749,0.05870828459143867,0.04906903018702698,0.0028111506045838727,0.01750996168850761,0.0004153330713193603,0.12584980181914399,1.0,0.02055057793038257,-0.01726229603856122,-0.013989400575690416,-0.002196165622230807,0.044529825653081515,0.08539266670107237,0.008492957895875907,-0.011241542058264945,-0.005197112081089187,-0.0026716482247811047,0.02526685270730827,0.090056227297918,0.005614046205528498,-0.012784917219614661,-0.006039821335824245,0.034538842955809494,0.1170186697483178,0.0934509975060689,0.0611465193396532,0.010981653302541581,0.012255400771797615,-0.0012228022177265155,0.08463595468419467,0.027989474390400306,0.013462239495694939,0.005836340753906459,0.006455931877194711,-0.001222472279170625,0.0845455832951097,0.027964549704667354,0.013458016513396823,0.005831808091843803,0.006576279015466493,-0.0006473046531194302,0.07022844549734736,0.016969340919142734,0.004128922088378356,0.01802830407524404,0.014054671795241261,-0.0030447044017119897,0.03831638534641049,0.010655662795677104,0.0036850089613914908,0.009016963761158974,0.004738047866303907,-0.0020044860255860474,0.02290998463747023,0.0062022387530010934,0.0025334918115635144,0.00864460025042583,0.004403179609776194,-0.004042898851350724,0.08706182701705192,0.04083430267142656,0.02755003444470565,0.011070249428472038,0.008498066220565625,-0.004965761881037189,0.061544674511648564,0.060089955177234734,0.0033581983260672302,-0.00014122410302327152,0.007405324195898652,0.020942050964971207,0.025251852524592604,0.034627112338122996,0.023760736633786472,-0.0147121361731449,-0.019052938352186983,-0.0014614351089296798,0.11997187331142417,0.13745049665486725,0.02862271341210967,0.004960183161480811,0.006546273203109963,-0.017925460965860455,0.032294427296360735,0.048237103115604384,0.01516080726062076,-1.346353005840333e-05,-0.00048425482616560814,-0.0028670382168852564,0.12117746213904723,0.16265774862109417,0.030733631577072328,-0.0031963127853532067,0.0004494995074047069,-0.002955070855519305,0.005185321334096899,0.0037663669620245158,-0.0012234416977345384,-0.016169849370905976,-0.012236201446980217,-0.000597182616407789,0.03326049402521163,0.008290252737772147,0.002405846878639969,-0.0009714060220733359,0.0008875627958372122,0.023246465105181684,0.04027472230806124,0.005953691306809708,0.022157822122588298,0.005363075646824829,0.007668506692795566,-0.004493755825787829,0.09182745786499497,0.033371265483274334,0.017888293228090314,0.0012445364176334797,0.0021692293777061554,-0.021191247325377048,0.028991642888256987,0.009640753208645885,0.015412487428981823,0.002541424404779361,0.0027081497749627892,-0.00669153787104763,0.03955224852130973,0.009958435501047472,0.0008848293569369948,0.004073842852551365,0.0038959891827096108,-0.0021569855082936096,0.03380488719098075,0.024487173762402472,0.0067502438633164664,-0.0008476613471886748,0.0005908919909700835,0.13389008318850198,0.10996896385094448,0.015041124181120098,0.22356233120154928,0.08219862736760349,0.0934952569214863,0.022985235682370306,-0.0038942421535793246,0.005106007102511095,-0.002702977557014606,-0.0028638000612448843,0.015046210483907002,-0.0016581447139819986,0.009043071895657982,-0.0024395978882068695,-0.0036193806115756167,0.015041124181120098
Local_feature_37,0.12882319972564735,0.011645241171115256,0.023977897790406915,-0.0005334312248489728,0.0065417361949715045,-0.0012632076759561575,0.002089197355557745,0.06025355306769334,0.05929515310053357,0.004431728406526809,0.06054090054047392,0.009238406513395062,0.006987424811906839,0.006775395736545705,-0.00020895179983894415,0.4514655466286575,0.10224153735670997,0.057868750186352895,0.12227187352635753,-0.006841325386437185,-0.0001149215403523974,0.12767971551934487,0.08156250940333419,-3.084388172651495e-05,0.10779909070689071,3.615093195636197e-05,0.00015554786991589414,0.12625777847806882,0.08064913905332162,-3.105931683337255e-05,0.1065919562070731,3.513670934863e-05,0.00015458080938443518,0.9997570966599191,0.989197617190183,0.02055057793038257,1.0,-0.0002918096913713047,-0.00021546690458936843,0.024629244456383412,0.023574096740338436,0.0007611728018691232,0.024172283126113928,0.00038776260709894224,0.0005305709996304151,0.02401843488271315,0.02370121398114337,0.0007800382934589238,0.02394128543355222,0.0003867183673090347,0.0005448070475396896,0.038676120023100204,0.03095069407224284,-0.0020567403924998374,0.03650956525664165,0.001360227240388007,0.0014232149411422036,0.15062552407053323,0.13058466977754601,0.07855110684295522,0.10228415012430168,-0.005692607805351484,-0.002203234122896703,0.14477585595473133,0.130520097526261,0.07931218095884139,0.10148561062946215,-0.005695179713705472,-0.0023260047686369236,0.6626288009898381,0.5776423568453338,0.5486247124952627,0.5796017645857452,0.021010436963150844,0.018323786192052976,0.0010875954250986171,0.026751345367349102,0.010377913175091366,0.0057439701212970325,-0.005586624811981773,-0.007003237245908992,-0.00024401076456178966,0.028078897961426656,0.010382757279063858,0.005112287532760469,-0.005894710583635792,-0.0073307081203865315,0.024626740634539915,0.02881555191014399,0.005537524288071197,0.02102283411438474,-0.002740862896575089,-0.0031748740369360096,0.050295953734060775,0.07786249114034294,0.08593176016771532,0.06544296576947362,0.013384374418534064,0.015121141027297414,0.013258210567326612,0.014544978786784572,0.00964743197653577,0.014153557073146594,0.013256248678791875,0.006790946761915793,0.003599983778786746,0.00939462839141704,0.013665612273304352,0.00639822139126524,-0.015289818261676467,-0.008990677438599767,0.020552697783439763,0.02345332769374659,0.006288588724720896,0.0229804247613709,-0.01146913312598804,-0.011471289484022436,0.0007639678743963948,0.020375263672870365,0.04792375094248866,0.011002773637805571,-0.017698861871652604,-0.017696267368258984,-0.0009978671466647597,-0.00204812934678743,-0.0015683932503172161,-0.0016592491423142851,-0.00017368443705745973,-0.0001376416371060599,0.15699696434417973,0.0976460455393883,0.03907094042085345,0.11747592819337056,-0.00361084467366272,-0.00234022364451457,0.013685285091579109,0.01701005547679445,0.001027757538224394,0.012987827296651799,0.008873823174154402,0.008356000537539158,-0.0022899321455973273,0.03477345304042029,0.009980504570824712,0.003658002704644441,0.008990112362011447,0.009455102989902433,-0.0022564298312118874,0.017743831689402148,0.002480022635171454,0.013383474639107414,0.011350148814886555,0.011207595619558409,-0.003591838311545149,0.015067093351294485,0.0012092839321821423,-0.0025529786732962478,0.009399259449770807,0.009271449919403946,-0.0008370626928320005,0.018181422991459993,0.014481058519023877,0.003721608598921864,0.001869403263296674,0.001588225307841292,-0.0015605355848346439,0.03185205270001413,0.1288191643336981,0.011684653390236607,0.004852544182323988,-0.000542549218778317,0.006538676633830357,0.06024533828088524,0.05928665175136584,0.0605326256822623,0.060592711395998554,0.12881934269300743,0.4514937349303426,0.1022355172618485,0.1222678385949319,0.1216046423034437,0.1288191643336981
Local_feature_38,-0.0034140318326049243,-0.008873245616518819,-0.0002913116885702354,-0.008806125836957685,-0.001985464877443846,-0.009030754985104495,-0.0014736068327849392,0.0002006392187352553,-0.002955960779316335,-0.01484676180842943,-0.0002634536524015986,-0.009336382027236268,-0.012925515570924606,-0.0020498693341551265,1.5467613131625335e-05,-0.0013648030525490254,-0.002982113373729345,-0.0017970553132346928,-0.0013530611953476463,-0.002534439169053799,-0.003984477120239215,-0.00867633393908998,0.024794709362170764,0.0441760405848841,0.013443842058878221,0.21096719513673629,0.20742985486675658,-0.008676815100944223,0.024798776890351117,0.04417522401370141,0.013445958393844286,0.21093470593867225,0.20743271455457848,2.640277796557092e-05,-0.0028795915040016632,-0.01726229603856122,-0.0002918096913713047,1.0,0.9926486530394166,0.00021411507320509993,0.032617587054297834,0.10078046127850379,0.020060473195915845,0.2729239671653944,0.27228548370261696,0.0013888188584672966,0.015500062806207906,0.06639125594382,0.00949238224300224,0.27622313449875197,0.275140812160707,0.006606304270512725,0.00695970605616279,0.0242717102817881,0.009838215336095009,0.2215608927359703,0.2182381912241422,-0.009427341391372924,0.015204352882969266,0.022183772510569525,0.020985623420056086,0.004960422233900294,0.006646472387320986,-0.00943638512934455,0.015208047255559192,0.022183990484010502,0.020988151593010214,0.005120778584986438,0.0065039713108622004,0.0001305594891569354,-0.0015786550710055998,-0.0002585014057166963,-8.068568559286497e-05,0.0036674519754283223,0.004764138101838828,-8.288506220612884e-05,0.023146787426291473,0.02498840794588882,0.025363029644650318,0.005179287638656826,0.006542836499759561,-0.0010298652283879486,0.011532758628526185,0.012714469258750194,0.01320577095000442,0.005818102636826225,0.007274613701394296,0.009503825064179934,0.00461973489412372,0.006552422445346006,0.013391162691412722,0.0049186689233370485,0.004756539209481154,-0.0005393145301756651,-0.006952005265429752,-0.00024303426292322824,-1.031479647307993e-05,-0.04461443436234411,-0.04464589204367858,0.003945090405627967,0.0024829518984877032,-0.0041481949106355175,0.002699242750188496,0.005875149331308086,0.007962671925099977,0.0003445772185300579,-0.008684438859193995,-0.010213357830921047,-0.0009952034826486349,0.0038193455406509095,0.005480048447254521,0.006007472818997439,-0.009984837867947202,-0.019454167917441055,-0.002064321853195743,-0.04143973144816647,-0.04053865186252207,-0.00021098942244335023,-0.013453002945810298,-0.01916100861237454,-0.004372683495960431,0.06065464628190459,0.059690104479783956,-0.007034522851558958,-0.03740082701105013,-0.04415227644865589,-0.027920578582267163,-0.004000751951576684,-0.005210073914282879,-0.0003886032782313126,-0.0061418538913647755,-0.004168320446987328,-0.0031168266589593242,-0.00994476252839294,-0.009988468448282354,0.002358038248307373,-0.00023738600482299443,-0.002620140946342129,0.0017943639358343315,-0.003713101653201297,-0.003248024547454663,-0.00017109506774285176,-0.001745713429889776,0.002730850181918003,0.001993419037921252,-0.0029586834680340184,-0.003402955376048717,0.0019393792313529123,-0.007808394298188775,-0.00732512856756557,-0.004084622775071331,-0.005322388945967466,-0.005350656098311493,-0.00406175728456372,-0.002034923971245668,0.0024944972136236795,-0.00011661786302026647,-0.0006627941642165086,-0.0016673244202890644,0.00014734423439547505,0.0043287607361392555,0.0038138907827876193,0.001886436022606202,0.009337396393414337,0.009025364791428684,-0.016616447189927715,-0.002389421020035684,-0.003412590286052531,-0.008895781320033533,-0.008806870600865834,-0.008805262905873926,-0.0019850777175149464,0.00020222437494785096,-0.002954523120066049,-0.0002618762740070701,-9.169547921004062e-05,-0.0034127907526533222,-0.0013644518054159581,-0.002980611012666534,-0.0013514933682841875,-0.00033147605238949843,-0.003412590286052531
Local_feature_39,-0.0013581289590907256,-0.007929871913347394,-0.0014854920969108523,-0.008739309299510932,-0.001220461239958116,-0.008649177865405483,-0.001549540810586994,0.00014896709628931407,-0.000934708917214451,-0.00879700201199923,-0.00023144330954788644,-0.009440274527632539,-0.014314521064516634,-0.0012623314312478963,2.4291429449661052e-05,-0.0021864662249505484,-0.0010496618493262822,-0.0006593108304905271,-0.0008327761340735077,-0.002473115566515226,-0.004169546844184156,-0.00821086393827844,0.025592259566147434,0.04408063191361042,0.013878464656284676,0.21045852210743987,0.20663930958731377,-0.00821127100268618,0.02559637642236587,0.04407984029540216,0.013880544655286348,0.21047536829589814,0.2066433230354824,2.4899552308934908e-05,-0.002636595107488878,-0.013989400575690416,-0.00021546690458936843,0.9926486530394166,1.0,0.00034049618986355503,0.03333812361280682,0.10154664096739814,0.020204200119530665,0.27429101647130466,0.2738508049790379,0.0015115284160337546,0.01626923503143282,0.06769604935110865,0.009660682670531238,0.27759100645395174,0.2767695991476661,0.008386011330366667,0.009276903700448523,0.02503622375218406,0.011799458546595325,0.22249933851253031,0.21953950707597736,-0.009918934310830694,0.020545152281581082,0.02612333592692895,0.02378363450185573,0.0060026139936280405,0.007403855831906221,-0.009928425830633691,0.020550119000019525,0.026123664938962808,0.023786530309597712,0.0061625388014646815,0.00726188615669045,0.00011700492386347592,-0.002126827217304185,-0.0004264412691816263,-0.00011329804572081385,0.00553251733050774,0.006852907549619197,-0.00030309410055434817,0.023924918432190644,0.025418258203594248,0.02557066654510746,0.006372055973523046,0.007600624251751394,-0.0013313460716513831,0.012433117772504422,0.013237989704903584,0.013499182600702753,0.007078749318061561,0.008376548457342358,0.0104695080448879,0.007903041176165911,0.008884861299875157,0.015856920362642753,0.0059064674217855955,0.0055100445469336255,-0.0006000981161416217,-0.007049950207075484,1.5296447216981316e-05,0.0005403459475978318,-0.044434249308686384,-0.04406699437456836,0.004655689217818987,0.0032764122000070828,-0.003066680063319413,0.0034089986929767917,0.003920421779292585,0.005699346308732529,0.00033464700534766717,-0.008685607444693804,-0.010492921918257184,-0.000997540130891852,0.0051813321627713444,0.00620110805166833,0.00560932889644655,-0.010368695243607912,-0.0195532782280939,-0.0021193037182647262,-0.04118848550912569,-0.04007603618720785,-0.00018159834510095993,-0.011011112804174534,-0.01626469708195757,-0.003096689653683087,0.0600423130069736,0.059009963176438765,-0.007111752763669062,-0.038597662580805936,-0.044751763381637534,-0.02791340997317367,-0.0017273495815038184,-0.002680994445327162,-0.0004244040416259429,-0.004035050663765831,-0.0028463398875857252,-0.0022586332512114964,-0.009716348440575326,-0.010241221573325016,0.003128392105441058,0.00043951657469710575,-0.0027628732856541773,0.0025517519783444342,-0.004396605867008007,-0.003746796142019045,-0.00015214368221526877,-0.0015237300249087544,0.0028602385513868166,0.0020015068004189877,-0.002972533956619233,-0.0036497967486504384,0.0016136317337593013,-0.008069247375577477,-0.007509139888396664,-0.004030999327018938,-0.005625559170520026,-0.005609114257910506,-0.0038288220903994648,-0.002450474399411491,0.0017391839549275737,-0.00047778807034396393,-0.0014687041367623932,-0.0025851766782212893,0.00011841414183206243,0.005711609071440271,0.00482825842745688,0.003350269260610498,0.010901798780332643,0.010629462193230133,-0.01783119516667523,-0.002191099608691796,-0.0013567976980666965,-0.007949946866045192,-0.008792323030403176,-0.00873862101946086,-0.0012201255061564879,0.00015031715360809073,-0.0009333828254184344,-0.0002300989674390754,-0.00013686049771679623,-0.0013569780070006485,-0.002186237557089882,-0.0010482821087041923,-0.0008314173316676184,-0.00040668933987304156,-0.0013567976980666965
Local_feature_40,0.02256988240360625,-0.018383947359848333,0.01906749766586848,-0.02251715170279604,-0.006950967457177783,-0.025767473381818073,0.0054041684710134956,0.024849540185937605,0.023245214164525775,-0.0038582742579601503,0.02473128635297039,-0.019960277708303813,-0.020622083229802992,-0.006716175025050897,-0.0026713395574837198,0.00216098874914266,0.023101803826266316,0.017131665391011745,0.01525724620263551,0.11132577987719074,0.11493750419260719,0.3968125227039144,0.25784581989714617,0.00856372013671849,0.3394198902065792,-0.0030355520077193793,-0.00356009271018607,0.3968501018700352,0.25784631522437645,0.00856412203111679,0.33943424603718064,-0.0030377701513189487,-0.003572034070845594,0.024631367837275403,0.023550888952547373,-0.002196165622230807,0.024629244456383412,0.00021411507320509993,0.00034049618986355503,1.0,0.9413998103855346,-0.0021674338214411385,0.9786004625715935,0.011338784309504578,0.012320406645482338,0.995285900414322,0.9697983979747307,-0.014219054122950837,0.9878249445519569,0.008376519879429837,0.009319194091607346,0.4633119310477776,0.3521105121936726,-0.05198063585362066,0.4290696852879885,0.011075436197060654,0.011964954573483512,-0.004825161291485753,0.20229433088840096,0.19405379393192254,0.17647673999917132,0.15283071544817953,0.15460244055058323,-0.004822368612574606,0.20229720606914706,0.19404730863742048,0.17649834790428928,0.1528055149484882,0.1545073829069796,-0.002671548302949926,0.011910432063934825,0.002182631165808878,-0.0009270501820780762,0.22920848144641448,0.22811271611529513,-0.014483543573093992,0.843863341444568,0.8480762083268436,0.8210908116452105,0.1921532855814773,0.1918510901896157,-0.00617128561204071,0.9142127228493534,0.9175797633133045,0.8957777235481197,0.1906992770267614,0.19033386316560258,0.09676620223513421,0.2507177349435123,0.26266359515230314,0.2549285955367415,0.12571866421089287,0.12579100405675195,0.008351061704736323,-0.012233509450828657,-0.03098434959900132,0.0018409888444119893,-0.011548324806360956,-0.012242957885312763,0.07474409193930875,0.07352850806309975,-0.016406605139874016,0.07420558440474284,-0.017565549487240376,-0.018176987424436995,-0.015293038862750125,-0.032087570231970945,-0.030199295996460186,-0.022516273877804655,-0.0028576543986355784,-0.003018489351737441,0.03289161296979186,-0.013050043245072149,-0.07673384067598425,0.009612401012707212,-0.001764207253833541,-0.0015282710533795927,-0.012765702676608655,-0.03012923845982887,-0.03252346434620775,-0.020181506649318504,-0.00941700452120923,-0.00969999413756999,-0.01948474427399978,-0.03185185955426485,-0.022103809471163523,-0.02791006536919149,0.0002199784757531573,-0.00012822886177012667,-0.0010545144324832355,0.025025073285033828,0.024502754072705524,0.017388960019391893,0.05586369185068344,0.055779846362328744,0.0661592570339844,0.047134718454452676,-0.01920122990040182,0.06075847073210324,-0.07451142308903859,-0.0745387642044735,-0.02798811905512309,0.04643510917503822,0.05834779023905654,0.024798562058373257,-0.06365194267360762,-0.06344340065736813,0.006798451387682829,0.038938723892586444,0.043280677052275465,0.027550732134182968,-0.06528436530201212,-0.06545794807127091,-0.045571195209780965,-0.008821793568008931,0.010223723960752778,-0.018938041326616546,-0.10030937667774154,-0.10112823515280316,-0.003738515405107687,-0.0018482092418159186,0.005795093939533895,-0.00027677077604495277,0.027987430649242504,0.02756719192356513,-0.01819665991180438,0.015787540525365594,0.022420493900418066,-0.018227533252182352,-0.017012329922442247,-0.022602197464888375,-0.006978728657247224,0.024705858571462923,0.023098487248939554,0.024586171047709354,0.024636431348040635,0.02242006304587265,0.0020112665546955207,0.022956843335902085,0.015099692994661811,0.015167468949375939,0.022420493900418066
Local_feature_41,0.022007236022122057,3.853897524649464e-05,0.0023928551753949695,-0.009574183085121837,-0.005926906860300253,-0.01271586986012162,0.007824029430517866,0.019194961010207397,0.022027386001859176,0.018058478892520765,0.0198002697935504,-0.06352970016261296,-0.05927823867004489,-0.00563316086539249,-0.002831568172864277,0.0046911669773681604,0.02177892028565559,0.014401229677588737,0.01255750021710031,0.08718493366910841,0.0906392601979501,0.37210001246985974,0.33146379721413616,0.12494534463410097,0.37398381933790753,0.004787937884587057,0.00579095633922305,0.37213519660748684,0.3314653420213574,0.12494348344120708,0.37400398860522227,0.0047850027046282325,0.005775451898490468,0.022771245852666152,0.02963823223088158,0.044529825653081515,0.023574096740338436,0.032617587054297834,0.03333812361280682,0.9413998103855346,1.0,0.32545621490939247,0.9873424311681216,0.02660408345528581,0.028490890852829236,0.940034972553629,0.9796598581926276,0.26281159686855204,0.9665698433223839,0.023963156776429236,0.026075694942453473,0.46411990622725796,0.4235267214307125,0.08982077775372836,0.4683652673642851,0.01932002158362642,0.02116970104474926,-0.0010672196234272075,0.265119998257447,0.2565343185040828,0.235508994707406,0.16097441798186274,0.16216457008419316,-0.0010600869393380629,0.26512237731427796,0.2565243068131951,0.2355356817916143,0.16094772975852834,0.16208432225455488,-0.003009489168978073,0.01642497904057275,0.004067989084130681,0.000299818096289068,0.25242750107337514,0.2511236060342539,-0.013261213438881975,0.8933990129555485,0.895501555648601,0.8669187571259839,0.203159260318875,0.2021626344509049,-0.004017857961579186,0.9218359579763827,0.9226235258813245,0.9002741452100032,0.20156867152311295,0.200477566712298,0.11493515438211452,0.29975808900565837,0.30956076375718083,0.301066152444326,0.13987970238158806,0.13952143069465028,0.003440816030748617,0.0020726492483916985,0.005654480438366633,0.004697296285933314,-0.02996343438051721,-0.02875979337486074,0.06089667845163051,0.059412930795682085,-0.01630208359087054,0.06013240313383486,-0.022160221394711833,-0.022883451316861213,-0.017911308096350383,-0.021401117028855637,-0.014111514327481691,-0.020708206029361343,-0.013267449417053281,-0.013008079980381851,0.0071043292044810965,-0.019352958323244674,-0.04333496189055596,-0.006761016308685899,-0.013751628234456524,-0.013667064588021456,-0.014213341331583198,-0.01860983499969392,-0.01497807750984604,-0.017838004339714133,-0.01221987462449132,-0.012379618330365489,-0.02071583803569989,-0.007383318919982447,0.013450732578939757,-0.010910556868269219,0.014148679701019707,0.014455724835313046,-0.0017162103190213685,0.02906890039489337,0.02661415697866085,0.018271503104711248,0.041605785542199666,0.041722948148858255,0.05333993638601114,0.03550768956792668,-0.023100469335403842,0.04722824749024995,-0.06807856828279563,-0.06800447002447332,-0.02995159185888723,0.04698911298550897,0.05576664973633097,0.021067026731208482,-0.06805004447538897,-0.06811046727272901,-0.011058483179232963,0.025446277527674817,0.04490319840273418,0.010131416530044004,-0.06926829578074682,-0.06937180062462239,-0.04773641743039311,-0.00975242667148902,0.0073730963368971395,-0.02290546901030403,-0.09386374498647632,-0.09477751395849666,-0.003950000707615596,-8.96779835320038e-06,0.007364049967400616,0.00017176446050500276,0.027251303272280286,0.026899874448498808,-0.0003080747650026791,0.021571715096538154,0.021847310242665927,0.0002491588848979173,-0.0068590200509397676,-0.009665051313258252,-0.005957588481901598,0.01903994560614482,0.021870250240884608,0.01964388158448382,0.019588464042772535,0.02184730099533211,0.004545848368009412,0.021622542938342183,0.01238919519821685,0.011850327871994684,0.021847310242665927
Local_feature_42,-0.004350441224166418,0.009621615037976546,-0.059299873706915675,0.009204819921308869,-0.0015104624056823707,0.008698573706886318,0.0030024005036105683,-0.012381753702192896,-0.0050495601624253586,0.054771627365217415,-0.010177933682270967,-0.14874244810169396,-0.14165174423598548,-0.0013966123821097258,-0.0009522381272136218,0.005272929830736606,-0.005811995831443196,-0.00781524030364434,-0.0072246568936875115,-0.05392763685515748,-0.05352653502776881,-0.004135034490547798,0.2790057255045186,0.38574255687172077,0.1795820361393435,0.023444954520422643,0.024419355679557848,-0.004135807008385785,0.2790241214960457,0.385740299793294,0.17960461604429975,0.023442501174174034,0.02441065603690102,-0.0012363981562571351,0.007439634318941152,0.08539266670107237,0.0007611728018691232,0.10078046127850379,0.10154664096739814,-0.0021674338214411385,0.32545621490939247,1.0,0.18322224390232958,0.04993891349672148,0.05042019716837201,0.005657515287226201,0.19575829451536972,0.8629664473787914,0.10537891526573348,0.050395574927502323,0.05138456467881573,0.08544185098889714,0.27242804479257643,0.4413592618841633,0.19770357845106185,0.029475606238170297,0.031312347454776616,0.007233117916992465,0.2335238829355104,0.2410105358551551,0.22820988778160214,0.053778825468223074,0.052910395634056,0.007243544268143249,0.23353979755985252,0.24100520703255093,0.22823528818145838,0.05376971600053409,0.05291195890391488,-0.001497605565341586,0.004197914887302214,0.0014163594922320776,0.0006192511003502079,0.1138948884381424,0.11366332079988675,-0.0004647442347207574,0.2837309294929128,0.28287884101932237,0.2748177399430836,0.06927392972656488,0.06789556101321596,0.002476458705249574,0.17994149135129506,0.17608743282693837,0.1715031184700534,0.06865874490556913,0.06720591882236127,0.07272152550106319,0.1910423080964718,0.19713275884715614,0.19187749786971073,0.06794525313701197,0.06715713826618674,-0.0126960250848302,0.03011542086465055,0.10277220315452906,0.009554556215363162,-0.06400367289418664,-0.061125950015698115,-0.03648163554927182,-0.03777035066882553,-0.002944705281527415,-0.03747104051253527,-0.012741881962629575,-0.01228452236889444,-0.010167419683149595,0.009207476067926918,0.03097206345215137,-0.0008674575956323734,-0.035679055643266504,-0.03501321652187224,-0.07156536418644008,-0.03472506276973226,0.07923702090265244,-0.05518097585866767,-0.038163197760966244,-0.038487220658595875,-0.006232055321232285,0.01159171504824835,0.03708290017306667,0.0031229081017027475,-0.010611801741311641,-0.010852365463778718,-0.00703202657745775,0.06563769388680774,0.10599125121973295,0.0461743523872027,0.04704099427103817,0.04855919678555596,-0.003160401302913623,0.006307499321628531,0.007131548478507586,0.0036978197285565543,-0.03433223110290288,-0.03381954940144388,-0.03447770683409224,-0.03601901534442085,-0.016772963378820237,-0.03751667190116574,0.005010844094942309,0.0052693436463481305,-0.01077083882500954,-0.0021881949392989278,-0.004160381662979304,-0.011168826388351098,-0.029580304809484377,-0.0301653107868437,-0.05516098786221797,-0.04250730263702857,0.013040884817083648,-0.05544173511378252,-0.025178557571337322,-0.02506424280216481,-0.014417099209740105,-0.013232788538534336,-0.009645983262937075,-0.016847059603426456,-0.0025250654046103734,-0.002715110446636361,-0.0012194383617991366,-0.0014454925639610073,0.0006506048144299107,-0.0005792246093337377,0.00390082330126367,0.004295617889821605,0.01594835834992377,0.009275499839451,-0.004407746333158384,0.009697394467741762,0.005795169555134633,0.009163657402757784,-0.0015245326272027796,-0.012436442032894754,-0.005105487280934663,-0.01023317640437775,-0.010353529320049591,-0.0044075222487368095,0.005258160366491405,-0.005870566842913192,-0.00728203876027054,-0.007883706311629515,-0.004407746333158384
Local_feature_43,0.021064513952372087,-0.01772951897615117,0.009016501198889072,-0.02075018505982362,-0.007175206950423812,-0.02477833842792484,0.007824752298971714,0.02222770898495161,0.021593986032982813,0.004031536774779023,0.022445241622917667,-0.04264441895087412,-0.04099715546930455,-0.006930339281402381,-0.0027724075236074046,0.00279083733221731,0.021396366398337415,0.015436639435939339,0.013749624511007369,0.09878758100526304,0.10244999992118049,0.3873527342687859,0.2952780581801888,0.06779816503802118,0.36078235523412455,0.00229669305091353,0.0018024208319969849,0.38738939080832807,0.29528191958827366,0.06779838969457243,0.3608000657351796,0.0022940341847854026,0.001789360911589858,0.02387346779396073,0.02360370852768556,0.008492957895875907,0.024172283126113928,0.020060473195915845,0.020204200119530665,0.9786004625715935,0.9873424311681216,0.18322224390232958,1.0,0.021120144091261377,0.02195160958744319,0.9762043673635236,0.985505109013561,0.13401686305688285,0.9887176522714158,0.018314183796674214,0.019307381675282263,0.470588233757609,0.3899852884219259,0.017422830099583737,0.4550773697203628,0.015956745354383656,0.017145349905090774,-0.0038665263438499684,0.23367222351192599,0.22715045008864732,0.2080046442277269,0.15855187744721014,0.16010280332490526,-0.003862390954492508,0.2336780862282259,0.2271435235723009,0.20802986681396235,0.15852569570820496,0.1600091262935874,-0.0028653151009951504,0.011857362873295493,0.002179094016778343,-0.0009169874918713913,0.24392338760810126,0.24282888202015446,-0.014290505752029347,0.883748459514951,0.8879100590275701,0.8597922911354062,0.1995874958377217,0.19902485347520357,-0.0057893701420878895,0.928388103222087,0.9309348517477372,0.9085763588174218,0.1980648725072115,0.19742869858636053,0.10908970539161088,0.27722064289741283,0.28931947722662926,0.2824532041951372,0.13389073676058183,0.13378298686962256,0.005998285150895426,-0.008262755668330717,-0.015372337582228586,0.0028856534960226238,-0.02161573148046568,-0.021450173872545327,0.06686198021672587,0.06546139208441251,-0.016516739028358634,0.06616983785448866,-0.019674672390531753,-0.020202674596499628,-0.016683140550115702,-0.031113858708520032,-0.025911343235360932,-0.022618509701962223,-0.007865507226365512,-0.00790346816439929,0.02071057537581928,-0.0186450302734036,-0.06306379824378552,5.051738522936137e-05,-0.008291452991480954,-0.008106797198759313,-0.01351713260060334,-0.028390134397879914,-0.026579229232840916,-0.01937349625553392,-0.010501205017029445,-0.010856677284289538,-0.020212607488759707,-0.021743746420750897,-0.005989212587857899,-0.020745483611923236,0.006303891786867382,0.00620533631853355,-0.0014541559254416198,0.024893397338965485,0.02472792768828356,0.01741377574512405,0.04869010213224213,0.04869682078860173,0.05881639745075992,0.03985709004039205,-0.021701811785077085,0.05301039008752764,-0.07156469103902348,-0.07147724279096464,-0.029120590605020258,0.04574486513080204,0.05721417150133602,0.022957788767283785,-0.06637786806159941,-0.06634447350523454,-0.0019358727465090448,0.03101461441972559,0.04415342563062312,0.017965516122963446,-0.0682650937480361,-0.0684149192025884,-0.04690347326626615,-0.011098184989666696,0.008271056167482934,-0.021388624896161144,-0.09729969791840737,-0.09821317345568469,-0.003812651352009087,-0.002355032413314167,0.005398463434461437,-0.0005031142433150615,0.02721329948679439,0.02695033445369339,-0.016210802038154726,0.016315713108406352,0.02090858592236852,-0.017567060443161857,-0.015681903938943014,-0.020839869320763465,-0.007204789913968594,0.022077562572795573,0.02144085822071239,0.02229367806786034,0.022329092706113156,0.02090817115773827,0.002642130088504218,0.02124451444230871,0.01358569509801877,0.0136400035722743,0.02090858592236852
Local_feature_44,0.002959307180012404,-0.003432832371742352,0.003458519078979202,-0.017918652090291542,-0.004136797974876642,-0.01736490014107397,-0.006008688515298881,0.007025764038745709,0.0031924424981592723,-0.026324348942863385,0.005964626845912353,0.009305112934078236,0.00906357903726212,-0.0043561153995161795,0.0005337639607781557,-0.009629086257127932,0.003356679168329169,0.004687297814735088,0.0032630553129197643,0.0060835031616689236,0.006236951422794815,0.006337655109133181,0.006340349202613019,0.00647533725151792,0.008391325974463567,0.46158636365463296,0.4547009685260281,0.006338707160464797,0.00634133352331676,0.006474779626414478,0.008391950947844187,0.46165942792225917,0.4548748875143823,0.0006710463661152079,-0.0009364923394762446,-0.011241542058264945,0.00038776260709894224,0.2729239671653944,0.27429101647130466,0.011338784309504578,0.02660408345528581,0.04993891349672148,0.021120144091261377,1.0,0.9839673950933987,0.011952459451673081,0.017494242855627035,0.02841971680756171,0.015442499307994228,0.9632284829381366,0.9479988020274576,0.020904597098896825,-0.007136868910259172,-0.03325758868183062,0.009101387026560156,0.5524037465926159,0.5473896723561203,-0.01026152781566155,0.007817131936247465,0.012463882822990302,0.010401322636440394,0.02500723215853734,0.026053213421933317,-0.010271884760564445,0.007819709519116955,0.012464322284323284,0.010402665705871108,0.024323460312766162,0.02525561519604363,-0.002266849153395994,-0.0011825309006374624,-4.656293701325845e-05,-0.00010436991145108995,0.02325768034796827,0.024912683612755428,0.002460738767331731,0.02160341553809602,0.02187163891849953,0.022214058649111027,0.02131670365584278,0.022992978196439463,-0.00043871756068260503,0.02017812991540821,0.02098970107310247,0.02094010634196322,0.023975661796381012,0.025160668941303872,0.012670533062683651,0.004837663152241783,0.006233079400615433,0.013483209928900161,0.006753801762137648,0.0068074131656984255,0.006106115853250415,-0.004567163966839759,-0.015721476016230918,0.0019632593371862518,0.03979593649077472,0.0386117892881943,0.028161363873815792,0.029654079440062577,0.014991081765665088,0.028682250008838003,-0.051182103149082406,-0.05139034280305236,0.002434738247952868,-0.01495405272028795,-0.028048076834854583,-0.0033263120573416767,0.033867114436831575,0.030687410835114688,0.031005764561092306,-0.012187688034586319,-0.07611529858240991,0.009831416289086061,-0.0043772558602638715,-0.004223426866382704,0.0007931879787165801,-0.024733859660024407,-0.04353365292171568,-0.01048344459631695,-0.025670667389621097,-0.02843079501982217,-0.0050028417331843,-0.039379430604986956,-0.039220848339896724,-0.02618898856048983,0.07074476679884407,0.07072133675373718,-0.019767714883579902,-0.005301800983458645,0.002372239199081361,-0.009678672093607742,-0.002972855762883838,-0.0030423982619166754,0.026277319988986747,0.018119353103995376,-0.010707421879255311,0.022968175202000177,-0.0025934363845247325,-0.003005817812728175,8.598644837260106e-05,0.0021212181864632682,0.007194169465210203,0.006666811244063765,-0.002332504928007841,-0.003073692286392295,0.007948999841079793,0.00214164239832696,-0.0022867754348363254,0.0042743474317239296,0.00014452880211197766,-7.202220616812716e-05,-0.0006037566815604247,-0.005182370130590841,-0.001725400835854741,-0.004404107526850558,-0.010957200916235123,-0.011735563912919945,-0.0026366444095007025,-0.0030539241174264964,-0.0005832984546072519,-0.001620522040432766,0.004356341287457921,0.0034579423522851822,-0.012721767021331595,0.0007157460965460127,0.0029418670779711277,-0.0025404914275154998,-0.016134251674670246,-0.01793626854211893,-0.0041589956869303715,0.007020542114022882,0.0031758268900133257,0.005956142580055236,0.006075683790753239,0.0029418071519878176,-0.009666484102586397,0.0033400065787722896,0.0032458121993644536,0.0035358271399240676,0.0029418670779711277
Local_feature_45,0.003865597971965086,-0.0008765700919710458,-0.000345556342282701,-0.01829600593369858,-0.007520286395270299,-0.017719106870023073,-0.0057737875703636615,0.007802131691282139,0.004375905192255742,-0.027973600522448818,0.006656310876076915,0.005124181732011868,0.003424358105303526,-0.007853766449860565,0.0005988399904751924,-0.009966898726822751,0.004124565454290359,0.005116832831425534,0.0035289878624190896,0.007684543613613769,0.0075602362655583155,0.00676120454454107,0.01018238936457353,0.008604444982766477,0.009109407756741168,0.4560683535416397,0.4572857545828011,0.006762218760461935,0.010181988988454942,0.008603387994110832,0.00910995233152811,0.45614826957788024,0.45745682453449943,0.0007503892672467151,0.0008552463866166669,-0.005197112081089187,0.0005305709996304151,0.27228548370261696,0.2738508049790379,0.012320406645482338,0.028490890852829236,0.05042019716837201,0.02195160958744319,0.9839673950933987,1.0,0.012934807260157317,0.019150819556673616,0.028915459144352836,0.016295485809690344,0.9486648653942437,0.962672943005506,0.021022035682773228,-0.01100440395906886,-0.03917526008238283,0.00718593085716189,0.5535648618952035,0.5546738993410503,-0.01139785938967757,0.009707527614916722,0.012896679153787144,0.009992847231676344,0.02724957860500181,0.028018580090371913,-0.011409510604143386,0.00971215834774443,0.012900714859834003,0.009997819070349577,0.02662610044200727,0.02729589708303241,-0.0021875653127815305,-0.002506109375144132,-0.002535712776841891,-0.0027335922302230637,0.024753992467153835,0.025985467195629462,0.0036521628831762774,0.023200990105162942,0.02292864731400466,0.023371803483282827,0.023466129099707717,0.025149591313779786,0.0014720147954893116,0.021724177544307794,0.022236722335133744,0.022348136717640806,0.026225067298598994,0.02731076484079195,0.01522855813234178,0.0034886369528003233,0.005310153241027366,0.013853665119844509,0.007869419435523977,0.00801167990798098,0.006819181250164341,-0.007330335845813843,-0.01975472937726718,0.0022815517993451354,0.041703661885690496,0.04073425209601984,0.030060525888522288,0.03172825811282365,0.014673548226091564,0.030737609910818833,-0.0560325952268055,-0.056437038585916394,0.0035693509517030863,-0.018239151635569828,-0.03542057652275617,-0.003913923309300488,0.03603853022552918,0.03212087469207963,0.034092040364324304,-0.01621875770266946,-0.08583478927262642,0.008967984223565362,-0.004379713824447213,-0.0038344398837683756,0.0013650440010213084,-0.02693829724043093,-0.04817484029997502,-0.011184804249268241,-0.03106431129049972,-0.03367848288813607,-0.006024458553909029,-0.04069090319549503,-0.040473154392560794,-0.026635995831201447,0.07856073176974665,0.07852647867751694,-0.01957797142882459,-0.004340138666438314,0.003219311835547096,-0.008886166935553145,-0.0017090173023493903,-0.0018210606544368198,0.028240574415691982,0.018747595376987045,-0.011009686222826203,0.024766863710315723,-0.0027198465465204163,-0.0029461991667676934,0.0010447458123063178,0.0010524230572151198,0.006339717051579932,0.00642444607724748,-0.0015083897011851032,-0.002455897702015788,0.007648927365665904,-0.0005437249283347397,-0.0029255741970358145,0.0023539774647454766,-0.0009798573533338583,-0.001202355100928206,0.0006694047080301536,-0.007142645987797504,-0.002150516008916004,-0.0046326385721024285,-0.010597489599932671,-0.011606305705991346,-0.0023846961551859465,-0.0027936278426727657,0.003277140097929965,0.0005581257512635932,0.004256938245678575,0.0033193303435318003,-0.011445697526380541,-0.001242789989060092,0.0038572607658708315,2.6592958509677284e-05,-0.018775170156675562,-0.01829727163661041,-0.007548993840159188,0.007804835511546233,0.004369001276442299,0.006655738580527119,0.006856103812808868,0.0038572587365934526,-0.010002075188256394,0.004116708828013489,0.00351908564330941,0.0037834927626603293,0.0038572607658708315
Local_feature_46,0.02321430385290391,-0.02109926792336975,0.015812660128107163,-0.027163843237962795,-0.007075107520974396,-0.025834275957925052,-0.009402934624039658,0.025625002975824134,0.023939469185090857,-0.004523201623597299,0.025477373510904858,-0.02065684178299988,-0.021187446215753605,-0.0068481353395072,-0.0026290406920913925,0.00021859234211607664,0.023861934181291167,0.01811997588490893,0.015903952502935952,0.11285514593548626,0.11639224686681314,0.3894508724966108,0.252595478732616,0.007773173409375975,0.33282751141398376,-0.0027045913374213458,-0.00323302205597794,0.38948799380095017,0.25259607157252767,0.0077735415768347355,0.3328417501707683,-0.0027068441361505903,-0.003245032665323732,0.024033105857919644,0.022932293727559214,-0.0026716482247811047,0.02401843488271315,0.0013888188584672966,0.0015115284160337546,0.995285900414322,0.940034972553629,0.005657515287226201,0.9762043673635236,0.011952459451673081,0.012934807260157317,1.0,0.9751031207182776,-0.011545975097613407,0.9929888314601919,0.00908344211486788,0.010027580208020664,0.45960611276178526,0.34906548940608395,-0.05190553274583717,0.4255425972353162,0.01132353813133565,0.012215127794986283,-0.005933654244449117,0.1979219892841263,0.189701899231282,0.1720212902025687,0.15271931616714624,0.15456169834177214,-0.005930049827931921,0.1979247884621629,0.1896954819275722,0.1720428425573434,0.15269280226274048,0.1544658174047125,-0.003188517974898069,0.011524547825850402,0.0018599312820553296,-0.0012541172714080177,0.2278042005998346,0.2265416457366377,-0.016333190459643286,0.8548423299267404,0.8603553666728149,0.8327930740156982,0.19213543917866688,0.19184203613337567,-0.00904279513644027,0.9181772579348648,0.9224870184986956,0.9003315948996864,0.1906251319066881,0.19033741828152384,0.09893822161777036,0.24927911245694784,0.2607780823191992,0.2546136063773944,0.1235634922853395,0.12368513855264335,0.008923873849531649,-0.011911408992351121,-0.031253764679101716,0.0023459525838692317,-0.012354057962645737,-0.013054259046108093,0.07302717541630102,0.07175001733740681,-0.016534678958151906,0.07245350751649256,-0.018411096413448024,-0.018651331819388973,-0.015202409003903948,-0.032529598668500116,-0.0305775188336308,-0.0224971414817255,-0.0029028238364943084,-0.002987795464792126,0.03134381757227341,-0.015433911459448843,-0.07771203491444824,0.0077216207621233985,-0.001687066720762191,-0.001466155127896403,-0.015350938373787168,-0.032447626254574036,-0.03311412975738078,-0.022751808457693524,-0.009122061943007156,-0.009413765301066537,-0.019443555161747117,-0.03189715698165705,-0.022172373051251092,-0.027914702557366746,0.0001491871742507831,-0.00020293708483988104,-0.0013396538348721988,0.024559410576184566,0.024112777074151378,0.016924910102657946,0.058174142816105584,0.058131482469954074,0.06439815863433758,0.045823999022889035,-0.018479099291858175,0.05920019334992056,-0.0766233195842811,-0.07667040193991115,-0.02851820993169902,0.043239079769393556,0.05520231724085389,0.022018437732146966,-0.06351996235145861,-0.06336235420173067,0.004191836016400719,0.03637378441582273,0.043813137127866275,0.024562689407119077,-0.06540015355155755,-0.06556821186047661,-0.046258814065505124,-0.010513138148212755,0.008871787744637467,-0.020458715082551995,-0.10003897845866855,-0.10091569040241012,-0.0037305302932513183,-0.002445303599642261,0.004852592481929795,-0.0008017788624253317,0.027932145441729957,0.02752598001230624,-0.01794806149519962,0.015896031080339865,0.02309615550802781,-0.02094031898559767,-0.024411572028962648,-0.02723162041645903,-0.00710035732530943,0.02551151351600568,0.023823455886924336,0.025362742580319078,0.025415617142659466,0.023095662348096076,8.165733267805961e-05,0.023748542074623628,0.015777347658206497,0.015841025024770736,0.02309615550802781
Local_feature_47,0.023404653648991882,-0.012922007536478809,0.0008629368923563758,-0.02091019131701171,-0.006845241192483031,-0.019277571379723992,-0.008962617873877237,0.021576556198182974,0.023780806806296444,0.016556295636066764,0.022147368417956798,-0.059264037479403515,-0.058150613759565865,-0.006577343955526388,-0.002828548525843681,0.002323746331174226,0.023487424979666792,0.016455255394826375,0.014159670541823021,0.09561084589150122,0.09915388867326423,0.3798128637025323,0.333173686237766,0.12384064539720688,0.37955847698629425,0.0005032277356067219,0.0007719096161320925,0.37984890438011804,0.33317883890643374,0.12384024793169675,0.37957922080295,0.0005005739495695026,0.0007567209346730336,0.023146529395848076,0.02594069843118533,0.02526685270730827,0.02370121398114337,0.015500062806207906,0.01626923503143282,0.9697983979747307,0.9796598581926276,0.19575829451536972,0.985505109013561,0.017494242855627035,0.019150819556673616,0.9751031207182776,1.0,0.20634289852747958,0.9934326636294568,0.014772101720199432,0.01665360393921077,0.4651541098081971,0.41624597325141993,0.07938017079135852,0.465798266621983,0.016081424027308895,0.017850146730395307,-0.0023673986438496842,0.2662986053940797,0.2590221726462945,0.23763033248971172,0.16487489837581623,0.16629085275522484,-0.002359624410172281,0.26630432778403945,0.25901315279646475,0.237658248780301,0.16484672398961134,0.16620064766143836,-0.0035288747289928205,0.013987763099835014,0.0030529257172570217,-0.00040476917258974705,0.25502557117467656,0.2536904666932572,-0.016240278439339804,0.8879845472237796,0.8910937628385038,0.8619150361872472,0.20790006410149833,0.20697534414391505,-0.007704517708313803,0.9402486515309014,0.9419721056830525,0.9187359196210714,0.20625397307206564,0.20534394025975103,0.110003708343785,0.2961152749317171,0.3100796241102952,0.2980035648996878,0.14087416342839088,0.1406230428467743,0.00522244137142448,0.00014702631249822388,0.0024825569832795003,0.0059544237269668785,-0.027209556663919564,-0.02744735775229126,0.06338634635105603,0.06184937578237371,-0.016820632758003915,0.06260538570469583,-0.0161850232923644,-0.01633866483150633,-0.017727782392384754,-0.02660338600867059,-0.01851287505873972,-0.021516799188133637,-0.010213489583712944,-0.010084577403961617,0.010836468415651057,-0.021927026468116954,-0.050754499647139954,-0.006014333356530508,-0.010390374897908871,-0.010294515744293782,-0.01686613278345347,-0.026340655594416028,-0.020687131485461918,-0.021405931996325626,-0.011357468747736856,-0.011720928004649333,-0.02093066360734899,-0.008839251403157276,0.012495010198915872,-0.011651037367628026,0.010833181710805686,0.010992502204688837,-0.0020128097678346465,0.02866677074872417,0.027353844295560228,0.018791511706646547,0.04621246950928967,0.04634598618870174,0.05539479798896459,0.03714044895600733,-0.022275336750808093,0.04946614398431835,-0.07449459491083274,-0.07449982073395034,-0.030836881475950265,0.04468600828579529,0.054912151154946555,0.019898936644599467,-0.07019109344049844,-0.07029337345865053,-0.010823560098913509,0.027273002042044504,0.0486881838072585,0.011023044995471144,-0.07243365916042191,-0.07255974568112955,-0.04908530189630979,-0.011605375089588121,0.007480380282509859,-0.02346775455553402,-0.1002414715445502,-0.10123415162010498,-0.004010082226120979,-0.0018146972361120308,0.005855127066539712,-0.0005384302626843807,0.02768157874586306,0.02734947144113335,-0.00863769310542489,0.01925541885795737,0.023273497593878194,-0.012731005984522812,-0.019699403565610337,-0.020986036265080298,-0.0068737997229428305,0.021449106616003088,0.02365199334262506,0.022018898319615187,0.02197951994411948,0.02327319146156149,0.00218654928972736,0.023360364671505134,0.014019429316916064,0.013490218865153813,0.023273497593878194
Local_feature_48,-0.00477129059615328,0.0036658404443263718,-0.07747392983313493,0.0054040367443474275,-0.0022209260480234323,0.006296372662743502,-0.0016640475369776408,-0.01547040552233721,-0.005322237457015676,0.0793359315788901,-0.012245762645640037,-0.19109371258968824,-0.18703616486646818,-0.002089095877194007,-0.0011887481297290507,0.007485518193067151,-0.0066472342727624725,-0.009222406768710546,-0.00841662807236348,-0.06835892967918727,-0.06777251296873255,-0.0032724372221370965,0.4044263398790284,0.5615163394579695,0.26229426020759444,0.015661559842945594,0.016115719352806483,-0.003273735677451677,0.40445770214034077,0.561516075014731,0.2623276451147957,0.015659503463369827,0.01610611804564747,-0.0015195363431971675,0.005937379262898719,0.090056227297918,0.0007800382934589238,0.06639125594382,0.06769604935110865,-0.014219054122950837,0.26281159686855204,0.8629664473787914,0.13401686305688285,0.02841971680756171,0.028915459144352836,-0.011545975097613407,0.20634289852747958,1.0,0.10002030449570652,0.02879625568876159,0.030029928571810062,0.0755482793798801,0.3371706342308691,0.6117562966552412,0.2306857748143608,0.024702840302731628,0.02719403875207682,0.010942657637102272,0.33830701253274775,0.3508563198451861,0.33276479167496553,0.07346282868629053,0.07242476267900312,0.010957488687200121,0.3383341060280823,0.3508500153241021,0.3328023423613053,0.0734519426235256,0.07242256429294523,-0.0018699671552046015,0.0032084685609663362,0.0011473356445833975,0.000535999271726615,0.1512455816307912,0.15117815219431371,-0.00412215558538993,0.2269652334139941,0.22169280871141192,0.21302227980766286,0.09375101682664425,0.09178346055179469,0.0002632155469858707,0.1885182508441554,0.1813909460515568,0.17535265643948095,0.09303686352930361,0.09116848672644778,0.061423577641758875,0.23822654794650847,0.2599042412400505,0.2307789995573266,0.0941509617157108,0.09303198970522841,-0.01529366266521758,0.042605210073080546,0.14711529146159258,0.01681146290115293,-0.07685509291618782,-0.07608676903120892,-0.04331243298513032,-0.044874869214154775,-0.0033831194428959746,-0.04451560090214469,0.014406261064760683,0.015220219701273827,-0.01268506292386796,0.009086300061615279,0.040025132496802625,-0.0005916968867662691,-0.03567265628136285,-0.03483367017281187,-0.09020914007426789,-0.04371672577654296,0.10682626910469102,-0.06918095148180703,-0.04147895308463368,-0.04185966150598124,-0.008092345750331026,0.010435417597360299,0.04469847242434606,0.003505955392284635,-0.011167736722469016,-0.011716389889163369,-0.00873140948380465,0.0960901096359855,0.1546789153013598,0.06838347065477117,0.04981694659990164,0.05182766045740716,-0.003957154887115309,0.010152320813957335,0.01238476319322303,0.007439914003895883,-0.04968198544410927,-0.048892447500050874,-0.04094822105401761,-0.04292239351599253,-0.02071733097552106,-0.04476480278703692,-0.00012886909638393324,0.00016926607317974699,-0.013418947280268784,-0.0009381889825061795,-0.0032794475094817302,-0.012467132984836492,-0.04034118736405111,-0.04114123237269438,-0.07099486880457165,-0.046018655123224776,0.027527935269065926,-0.06658472029394415,-0.0410278268155129,-0.04090166788752028,-0.017422516767289637,-0.014058609894644568,-0.008424118262255899,-0.017587963699574247,-0.013867450718897866,-0.014127847903804256,-0.0015484984601139063,-0.002764886552508823,0.00012369860236680842,-0.000987137767443107,0.0023629289866989095,0.0028452950468826933,0.013740025788418368,0.008829440980311042,-0.004842924569783924,0.003740455444616344,0.0019324691198804418,0.005352114989452503,-0.0022385398004841515,-0.015538908259102414,-0.005392129259608859,-0.012314896135916823,-0.012466522362915036,-0.004842835989142584,0.007467195503293072,-0.006720470547906664,-0.00848838917311971,-0.009382394790061525,-0.004842924569783924
Local_feature_49,0.022304379103632484,-0.021159080997505113,0.007736992116521903,-0.026647603824564912,-0.007310910148494954,-0.025488277317865855,-0.00892416282777127,0.023805790235918844,0.022944321650939053,0.0030538053904053644,0.023987294451102627,-0.0399643442650789,-0.03978847662373072,-0.0070723818269424485,-0.002741112370893224,0.0009506807878921911,0.02277369450447297,0.016943447823484,0.014884422514555502,0.10435866514161833,0.10800026347904401,0.3867178147285451,0.29293838469732447,0.06577718333875622,0.35867438627203985,-0.0006276344348249973,-0.0011692796134663327,0.3867545932913326,0.29294244724360563,0.06577759556993794,0.35869210291935005,-0.0006301139900842852,-0.0011820846658595874,0.023715797121786918,0.02316273161532364,0.005614046205528498,0.02394128543355222,0.00949238224300224,0.009660682670531238,0.9878249445519569,0.9665698433223839,0.10537891526573348,0.9887176522714158,0.015442499307994228,0.016295485809690344,0.9929888314601919,0.9934326636294568,0.10002030449570652,1.0,0.012636312956573493,0.01364941566131841,0.4658113231251765,0.38291583277971836,0.011944204287134224,0.44861144717532914,0.014097826594031205,0.01528779702092062,-0.0049693502628657535,0.23190522516729747,0.22527384714363968,0.20581525126062541,0.15969021897854016,0.16136259350486723,-0.004964412254530961,0.23191113594472512,0.22526695306814506,0.20584070076659505,0.1596626897225636,0.16126667713950343,-0.0033694804890537695,0.01156561225147147,0.0018660170219180396,-0.001259544035507738,0.24287110370074882,0.24160999842145994,-0.0167542519557041,0.8776851845456011,0.8824274822708388,0.8538230048291958,0.20103077368920955,0.2004733521107073,-0.00912367409159532,0.9348984110389403,0.9381498630510698,0.915215334439773,0.19945454307365912,0.19891246411866648,0.105513500049667,0.2731976995889515,0.28679628498029514,0.2779426376325857,0.13280726757924502,0.1327511887132863,0.007209355915609697,-0.00799002414024008,-0.016371122775390677,0.003885493063953859,-0.019967622166840903,-0.020628847367252703,0.06783880366191944,0.06640184853457592,-0.016794316952741466,0.0671383379118464,-0.016775857985220622,-0.01689309806060759,-0.01647449042582726,-0.032042454023670355,-0.02701419232756436,-0.022705427215418503,-0.006375080158896151,-0.0063510010511671,0.02195215124241439,-0.02005744652239794,-0.06657390436689276,0.0003951530229781485,-0.006042636457598023,-0.005858763802690904,-0.016121429320299693,-0.03157179844944384,-0.028617459921972368,-0.022317966589325357,-0.009983108152484306,-0.010352750275361054,-0.020238793701289923,-0.02223314872598319,-0.00652508137377358,-0.02106356496163132,0.004812851428577888,0.004693523055847486,-0.0017696959792159227,0.025112450686430945,0.025070540345440692,0.017481242755690976,0.05229357492754774,0.052343855298247,0.05952479630599291,0.040857912281722385,-0.020604817715484794,0.05394646583204693,-0.0758586199899361,-0.07578953570849982,-0.029749395149932432,0.04400139897370664,0.0556671673306101,0.021325049914519695,-0.06736805843104227,-0.06737263009670631,-0.002930910878636361,0.031506156776927724,0.04636648827649133,0.017676094442145216,-0.06943882045084109,-0.06958940624573125,-0.04782656828907222,-0.011805721105789271,0.008129459772486858,-0.022042630880543385,-0.10073258833361201,-0.1017120885690626,-0.003854546438788127,-0.0028530466952920944,0.0046761742329903665,-0.0009573986426943826,0.02768092237017661,0.027410093956466177,-0.016738171458935112,0.016491412817869748,0.02217906322825883,-0.020994628233260346,-0.02415609312359458,-0.026720440244486044,-0.007337999083853951,0.023685167435862936,0.022821287365985703,0.023865577857491146,0.02390799367458986,0.02217856945684631,0.0008128936805578649,0.02265287769878305,0.014750645032302992,0.01479370714048924,0.02217906322825883
Local_feature_50,0.003142027826543827,-0.0036180441116126054,0.005346125648940249,-0.017591892498379468,-0.004448301777159249,-0.01739454041078812,-0.004915784912926771,0.007476055826517145,0.0034399866459099886,-0.027384021817166565,0.006385422276274628,0.011718937387266124,0.010828130873795925,-0.004682404142823521,0.0005679317409764436,-0.009753187416910194,0.0035788911875813297,0.004926738400583902,0.003466633809699496,0.007767749313517434,0.007595040101325425,-0.004446134760954525,-0.0011232727485987926,0.005653160435377669,-0.0010947308991402593,0.4627449472869727,0.4554857035021641,-0.004447100022876101,-0.0011229207854127874,0.005652637849621779,-0.0010953464913403647,0.46282063410783586,0.45566027721021296,0.0007083264326276685,-0.0010123205156868324,-0.012784917219614661,0.0003867183673090347,0.27622313449875197,0.27759100645395174,0.008376519879429837,0.023963156776429236,0.050395574927502323,0.018314183796674214,0.9632284829381366,0.9486648653942437,0.00908344211486788,0.014772101720199432,0.02879625568876159,0.012636312956573493,1.0,0.9843534298015042,0.009930779299616188,-0.014760312150881635,-0.030156838502155378,-0.0005642348899819425,0.5678822397145474,0.5626684322433946,-0.011222394446807836,0.003418627032898618,0.00797830276489886,0.005948283152996849,0.022697194342715648,0.023386084439232895,-0.011233489415845687,0.0034208336687006247,0.00797879462814115,0.005949163578149568,0.022013507649969306,0.02267034276488083,-0.0028848807008011374,-0.0012060116420572356,-3.451831832073212e-05,-0.0001400515299542961,0.022336936755234175,0.02385344748389138,0.0026408171821162806,0.019938584446209724,0.02022648287963551,0.0206389509878723,0.018747019596937163,0.02052912622980676,-0.00048231313024076577,0.018369680101677402,0.019179889666130538,0.019170189226664133,0.021306238028338875,0.0224504874496522,0.014533330598065499,0.0003344086546058651,0.0007833829916612362,0.010377337475029476,0.005255286078611752,0.005240638440857016,0.007199682187372612,-0.004107127538869786,-0.01584605177392023,0.003152262658319958,0.04779747542330266,0.046116625458736044,0.029367937043461353,0.030606109043617782,0.011820342330465704,0.02976800839399799,-0.05440669876755799,-0.05447837180858028,0.002695794988979932,-0.013400545175317672,-0.02575011747962138,-0.0025934436537212655,0.0337248089250474,0.030155378163000547,0.03276154950515683,-0.010731830683595733,-0.0761053194562433,0.01163657868409361,-0.008806735317590148,-0.008799323602201451,0.0006822361863371287,-0.024654626971919797,-0.04316644925885006,-0.011069539346581133,-0.018370880735657104,-0.02086737934925759,-0.0009346636084079504,-0.03702337730116492,-0.039303123872100346,-0.022795030353977515,0.0713781671881008,0.07105235424127927,-0.018949038852822137,-0.00549925058052715,0.0019337147494502642,-0.009540027417618011,-0.004223780002703835,-0.004466546480591772,0.027253054067338515,0.018524745025893557,-0.011235842269150947,0.023907880268358373,-0.0057039643486693605,-0.00620634273134057,0.0025633334014041526,0.004161666866009553,0.008591284150244438,0.009350671684031751,-0.003079134613612236,-0.003539626238457538,0.009495562392816927,0.0024543069282066386,-0.0033238792176795238,0.005298112749069122,-0.00048285108477043575,-0.0007322368406237151,0.0029527981832944777,-0.0032433841896918965,-0.0006580871810924818,-0.0016901742560688562,-0.012994902733726445,-0.013554991441889049,-0.003411403604952507,-0.0032424021296965444,0.0003160278208944097,-0.0019066442034222659,0.004936730512658709,0.004046653750554838,-0.01465085671582527,-0.0008061561991245644,0.003129336114164348,-0.002723765849064314,-0.016062559019695593,-0.017605022208667106,-0.004469968820870339,0.007475982584922657,0.003428211689390155,0.006382093465347228,0.006523967062457484,0.003129271881959505,-0.009789339921428419,0.0035671467202397986,0.0034542022158809966,0.0037418124512890016,0.003129336114164348
Local_feature_51,0.004236907935211276,-0.0013586745183011468,0.001515279027655267,-0.018617249508187945,-0.006742700727605612,-0.018213030691260075,-0.005237825169005451,0.008157717731034872,0.0047329384621928785,-0.028162758634289,0.007003231622539798,0.00737621592736903,0.004842348480119164,-0.007056420017504393,0.0006265437036176773,-0.009976778616273682,0.0045209103157698915,0.005467281370636479,0.0038321932241440274,0.00910860671744395,0.008543797590533891,-0.0039073200069857745,0.003440843384851845,0.008277046048467686,0.00031053200970801036,0.45674146929444354,0.45810669628364536,-0.003908307847739205,0.0034398915927670395,0.00827603263845415,0.00030990731832640446,0.4568218973326626,0.4582775646744131,0.0007801720868872002,0.0008127698795957536,-0.006039821335824245,0.0005448070475396896,0.275140812160707,0.2767695991476661,0.009319194091607346,0.026075694942453473,0.05138456467881573,0.019307381675282263,0.9479988020274576,0.962672943005506,0.010027580208020664,0.01665360393921077,0.030029928571810062,0.01364941566131841,0.9843534298015042,1.0,0.011261009351500274,-0.016666647056610827,-0.03502161297045763,-0.0005963688084928508,0.5694554768806019,0.5702856679540154,-0.012857009955992529,0.005444686316366952,0.008576144665729462,0.005558728159872388,0.024843905610809087,0.02525881970842468,-0.0128701099528404,0.005448843078560525,0.008580192212732124,0.005563147257338094,0.024221800360667352,0.024618833804738973,-0.002223541840677451,-0.0024483520758151575,-0.0024933339866596966,-0.002703271470437418,0.024298315442356205,0.025453058891647888,0.0035486031950478884,0.02171912069654754,0.021484919430888545,0.02193746936229873,0.02104861629737814,0.022829058298525946,0.00098494928079192,0.020075901306834183,0.020601492118847407,0.020691550280247942,0.02366520448653723,0.024707217817835248,0.01644222631602652,0.00026494674709023994,0.0010909199818500389,0.01140855010875859,0.0066388539598603875,0.006712802064339127,0.007926548965045169,-0.006662714483780923,-0.01958747544017479,0.0036311031121727955,0.049425183893681925,0.04796473798939123,0.030286125487838177,0.031872860126048425,0.013061564597074304,0.03090859907295444,-0.05839424824080852,-0.05891151756497276,0.003956384937692164,-0.015854736503747118,-0.03194565639864343,-0.0026140248515566693,0.03573587589093554,0.031376817002633596,0.034917736066765306,-0.015079140466932692,-0.08507100597490883,0.0099633728845964,-0.009270720572693635,-0.008908233655805047,0.0011857713909341427,-0.026920470374252665,-0.0471982231769163,-0.011582731117540908,-0.02278829747224555,-0.02526168957195851,-0.0012167890564768731,-0.03601737903032198,-0.03843138784836899,-0.021435870187383542,0.0774869064577023,0.07732363367511905,-0.018759679668445748,-0.004197730658036891,0.002942549819774707,-0.008641285610811933,-0.00328485609378076,-0.003567720052693969,0.028453485456755894,0.018649101589783727,-0.011626697506087231,0.02493126509721808,-0.005359141331451859,-0.005682140626742661,0.003247428749303549,0.0034070301673810584,0.008077972517255387,0.009124623158313003,-0.0027983366120664186,-0.003417285295662195,0.008647398021930038,-1.7353156460378797e-05,-0.003364487959460357,0.0031606984289851638,-0.0018636765639529695,-0.002143736182171721,0.004002848206778854,-0.004607670605067466,-0.0007620556198923022,-0.0018315782347980908,-0.012860351112473302,-0.01357570865073109,-0.003251077432812049,-0.0018330073915885682,0.0047550365640378605,0.0005888752612464508,0.004499565807968245,0.003558524501575753,-0.013238585511795175,-0.0018131431509386558,0.004231012255452518,-0.0004544414925151352,-0.01853901938650578,-0.018618630737024466,-0.0067692245860108925,0.008162852176670718,0.004728415445591266,0.007005050793288728,0.007209278856058577,0.0042309990045993175,-0.010011929653525218,0.004515598678564168,0.0038245289803298175,0.004051907766667812,0.004231012255452518
Local_feature_52,-0.00043981157801283987,-0.03454517591264841,-0.09833419353707612,-0.01943697227905305,0.02750859854090824,-0.04019318913979992,0.05654969859313309,-0.0021931589913163027,-0.0013045356138042074,0.023708667570687313,-0.0009965701064610316,-0.06925080981669571,-0.06832464008318856,0.028736114322968097,-0.0020708108830439676,0.01165530513883243,-0.0021736960708500504,-0.010329505129127236,-0.010022758876689951,0.06024770032333275,0.0628482276073571,0.4551621873722564,0.3704829016683947,0.11522897471043825,0.43927130383191904,-0.016252035173647053,-0.016301534568389703,0.45518982356076887,0.37048122142588497,0.11523065906653619,0.4392815767330059,-0.016262619139092258,-0.01633495347092602,0.03759857453296753,0.038119674802482656,0.034538842955809494,0.038676120023100204,0.006606304270512725,0.008386011330366667,0.4633119310477776,0.46411990622725796,0.08544185098889714,0.470588233757609,0.020904597098896825,0.021022035682773228,0.45960611276178526,0.4651541098081971,0.0755482793798801,0.4658113231251765,0.009930779299616188,0.011261009351500274,1.0,0.8094018137752688,-0.016173908404543115,0.9533880657055216,0.027334836662860598,0.029541389627571007,0.01655583120154713,0.30147573067811706,0.29450604490879123,0.276644094531285,0.16758771149758134,0.16875192158484825,0.016491288746898147,0.3014869407123709,0.2945098948352709,0.27666602375065097,0.16838215129979517,0.16938829747632675,0.006029241297115949,0.020763019140199363,0.010074849144674372,0.007089539854134875,0.28392932587101216,0.28341310792237095,-0.011663065134516721,0.45442711303680816,0.45073144750441874,0.4352338138430815,0.21977969356430238,0.218346907153986,0.014209980453838417,0.46273298331626916,0.45541318933982244,0.4468876128956983,0.21732617394708187,0.21583317414327985,0.24884722950609622,0.49058588882803894,0.47134625549685744,0.5124375080274078,0.21253170070380356,0.21120766379130873,0.02148098120715128,0.00701578775951648,0.0012264672641189402,0.022667978257885295,-0.028522075504205713,-0.029920737200064985,-0.028847820098932702,-0.02544455465591034,0.03850434797602189,-0.027510183825391346,0.020128686101470127,0.019527370649028545,0.0354575472459858,0.006578919883663705,-0.026492964690571018,0.027816544626880456,-0.004227310690294666,-0.002235338261042931,-0.05645723443680839,-0.08333526372750075,-0.03750467010407859,-0.07390099418861167,0.002638600840410644,0.002860839663746089,0.02292409118704644,-0.009790011699764787,-0.026992739754497595,0.015151680072105963,-0.03660885214008705,-0.03808497406686667,0.08127684160629342,0.05477775657611696,0.021755695023157474,0.0816078761813194,0.022006284493420798,0.02321691890189475,-0.0070254794737909,0.02941713963083279,0.030665393621713364,0.018343060460425175,0.014461714409460853,0.014963136749588856,-0.018641847574563143,-0.010773557319034177,0.013719937288728008,-0.015398869713148348,-0.03462279138804242,-0.035192373280209854,-0.030915482636506623,0.00551260906575596,0.009435526874500695,-0.015277504785341177,-0.07187586658107263,-0.07147144917004096,-0.07260002826799547,-0.040796399424576114,0.035944783977125624,-0.064787186665746,-0.07646355625475669,-0.07698067515966962,-0.007801958228367278,-0.021943613395463364,-0.016603305386288115,-0.023656225542857845,-0.08785991691122391,-0.08871954910046062,-0.00460267507905615,0.019194256049321814,0.001410903436506534,-0.008479228311514405,0.0319420378925927,0.03176467916576836,-0.03544367035756897,0.014533555054703272,-0.0003182189644611232,-0.03448065622390271,0.0027495610460838583,-0.019308391686871224,0.027519241802092118,-0.002091371654826138,-0.0011915834368486573,-0.0008886459464994995,-0.000829000288131798,-0.0003190048070813957,0.011446295106339956,-0.002036181233831997,-0.009943234459500273,-0.010076184889321731,-0.0003182189644611232
Local_feature_53,-0.0038886428347774038,0.0852900196465226,-0.06333089038399055,0.12369856682404114,0.03973325832749157,0.10693458299872154,0.06230683234255178,-0.025150883659026884,-0.009636643948792836,0.07962409708451136,-0.022483513619503077,-0.10237529574769887,-0.08338446257067907,0.0415692718690109,-0.003484450748764287,0.04262095315976887,-0.007479683153009815,-0.02212568181990595,-0.018219569382075616,-0.010335527339794766,-0.007795727547982765,0.35818444789282644,0.4485277270584034,0.2915448777569502,0.4389795166927796,-0.02459530608108905,-0.017385605241815816,0.3582069768024753,0.4485249712532439,0.29154070850970504,0.43899918604645155,-0.024596154601741086,-0.017405321850975562,0.02878438321788733,0.04645200289717189,0.1170186697483178,0.03095069407224284,0.00695970605616279,0.009276903700448523,0.3521105121936726,0.4235267214307125,0.27242804479257643,0.3899852884219259,-0.007136868910259172,-0.01100440395906886,0.34906548940608395,0.41624597325141993,0.3371706342308691,0.38291583277971836,-0.014760312150881635,-0.016666647056610827,0.8094018137752688,1.0,0.5317175957635333,0.938701321812879,0.007358397353640584,0.005259882832385879,0.06761597450800873,0.40921658854002163,0.3942265428521676,0.3816323637544714,0.14985413039310116,0.15056402361809573,0.06761766958274563,0.4092000410327303,0.3941982109589758,0.3816439604597923,0.15071466567038247,0.15135454828802425,0.0077598719469496764,0.04596622778915591,0.028380112572688233,0.02312351217126768,0.28262749218191674,0.28193823043437416,0.012549715883366013,0.4173105806882783,0.407646975340757,0.3973087869154069,0.20856194247830181,0.20625922239329916,0.058452230429263424,0.41815604692536446,0.4068957728167509,0.4049693712143068,0.204561144405399,0.20215640899638984,0.24595747956307937,0.5295540983325698,0.49781898007317793,0.5306736526521493,0.22210308301482365,0.22084629055801763,-0.002673379901109828,0.11315132924186985,0.18129818199947795,0.03520152327471252,-0.054617823797827376,-0.051711484964302945,-0.07751955610121117,-0.053598256094739914,0.14341894429584606,-0.06121298713069941,0.04272811549501863,0.04075200282279919,0.010953193405106882,0.11176062574829446,0.11992333302109458,0.03991995521756856,-0.006990933616251602,-0.005670539959971527,-0.15633357231258355,0.010433694549421882,0.2324381688815208,-0.07626720822801955,0.007625910684785746,0.006411243488730342,0.005423590716514089,0.09106449441610052,0.09466874119665024,0.021786903919915654,-0.013856558049713084,-0.011039187511773359,0.0956319985227726,0.23441077523497003,0.19268044829396153,0.1809633740018232,0.02111969544956004,0.02437969495087424,-0.005580045640467966,0.04778266136624345,0.038476373473731604,0.023294900499418174,-0.018042094146885543,-0.01691305456739488,-0.043436988031560465,-0.02973657597594239,0.007479712378500469,-0.04124094569109273,-0.01078467342608298,-0.011588410792058626,-0.037553616529252265,0.01753495602295826,0.00903731748334885,-0.018716201530128273,-0.059227931674383845,-0.0589636985156455,-0.07964258113119572,-0.03079605328782982,0.034405527146127324,-0.05788559677364787,-0.06522382221787568,-0.06537382975868558,-0.01914559632271626,-0.005459063480956842,-0.013369226934079038,-0.02581432884457914,-0.051363255885856454,-0.051718954801649376,-0.0041989920542604775,0.04308685881635209,0.03443325302991125,0.01086815339830417,0.02487528700190031,0.024151624040606463,0.09524900807579377,0.031166479012653736,-0.0038670906936012044,0.08581892844007187,0.12831273444831684,0.12397442769400521,0.03974264480210696,-0.025182269912443923,-0.009630430065041457,-0.02250804914490936,-0.023043770189707147,-0.003865131625984272,0.04249371203713105,-0.007449938379001294,-0.018239128399750257,-0.020208490865512043,-0.0038670906936012044
Local_feature_54,-0.01705536683750252,0.08172111616615726,-0.023179233327531076,0.1157009622908194,0.01595129343905104,0.11767033845414711,0.007845244977626138,-0.03722199426552676,-0.021234035595563045,0.08899551436615559,-0.03410081045695714,-0.13488283859562053,-0.11644147438427392,0.01692181532532709,-0.0028474555894766164,0.02978108747449194,-0.01970536242788916,-0.02647322912159962,-0.022460148822350944,-0.10972193946472386,-0.10915912766202608,-0.031013145413684367,0.30721847123987445,0.44502677842829275,0.1823898891680415,-0.02006067500674338,-0.013007792996058911,-0.031013996930066245,0.30723733629706473,0.4450221446387529,0.18241627802253974,-0.0200528081357648,-0.012995196909581244,-0.0038824556422499177,0.008848582276125564,0.0934509975060689,-0.0020567403924998374,0.0242717102817881,0.02503622375218406,-0.05198063585362066,0.08982077775372836,0.4413592618841633,0.017422830099583737,-0.03325758868183062,-0.03917526008238283,-0.05190553274583717,0.07938017079135852,0.6117562966552412,0.011944204287134224,-0.030156838502155378,-0.03502161297045763,-0.016173908404543115,0.5317175957635333,1.0,0.269811110559553,-0.01887249106608217,-0.024489182137098695,0.05419723547286062,0.329297056626536,0.3342664431155188,0.3276472178035068,0.038486904479818715,0.03837319079307311,0.05425551518316124,0.32929815557851394,0.334238724017378,0.3276657305896097,0.03862929124003909,0.03859824750991278,0.004068760937614072,0.020672927887504952,0.015351782706882313,0.013732158607652058,0.11518183308715346,0.11525463592904603,0.019604329240657272,0.09163940569917389,0.08842959336501888,0.09006697382880555,0.06705904199046601,0.06595530498184322,0.04928339920652435,0.08634721857998429,0.08336719000781359,0.08872628509700863,0.064452173550572,0.06345586115569869,0.07222420530928884,0.2452586685103642,0.24506064023693064,0.2287469492490744,0.09676849885682826,0.0967984288553908,-0.030794460059954572,0.12621762995256372,0.27725984999487346,0.028068789572589504,-0.07301362627217328,-0.06937257200737935,-0.08750872468032567,-0.06472219445659322,0.132189710765786,-0.07151608377859656,0.05713417410571084,0.05651475197759994,-0.02868424801736163,0.10507606382350093,0.1759009624881069,0.016463245953273503,-0.006675640093523934,-0.00851796481942828,-0.1668138317434494,0.07161046926744445,0.3820297756735479,-0.05010751812136589,-0.0005493629562587017,-0.0022107501162673348,-0.02039243960920806,0.09360264164947364,0.14772013806787876,0.011760907276779604,0.02744522879283557,0.0315063206722889,0.043905088542746704,0.2653699603379832,0.2770561873351907,0.1759821424249568,0.022041219331971024,0.023583924536692138,-0.004635482115020966,0.0207846389535103,0.016898732846250913,0.00913912764966734,-0.05860141367005143,-0.057420058803532306,-0.05699639965682584,-0.0538813939843476,-0.01957817978999586,-0.06001395577060863,0.02473938601709252,0.0244694913088573,-0.020119257909804036,0.0037924670449735543,-0.005079286587660203,-0.014778767296777849,-0.014536335271170488,-0.014651006172699401,-0.0561501665037526,-0.02408261617104096,0.016705026399587007,-0.03982730857991071,-0.020913423247548926,-0.020672459425780235,-0.023921916821245368,0.004123922343743837,-0.003533710145649524,-0.013343980915385908,0.023556716356766007,0.02405147600268255,-0.0017015203400952193,0.026120009161002662,0.036185729407606074,0.01859500083198636,-0.0019680572439171986,-0.0021844780973236722,0.09900252081701395,0.012728302893553282,-0.01718102367004999,0.0818184997169851,0.1067841613898627,0.11556408566651483,0.01593305285864057,-0.03735022826495013,-0.02135854739459454,-0.03422910067343766,-0.034827729583610495,-0.017179146703824446,0.02976921778112709,-0.019834961359848892,-0.022587399597351482,-0.024026672243785952,-0.01718102367004999
Local_feature_55,-0.004364464351305021,-0.004393465278642451,-0.09788062964247063,0.026056425183607075,0.033045989228916016,0.004486868962295463,0.0629908771072803,-0.013452059307882649,-0.0069343676184758255,0.04942145645388607,-0.011451587132944733,-0.09630703473705926,-0.08911757816088126,0.034574120163145775,-0.0028514891103956636,0.02526595664083563,-0.006824353563675499,-0.01740140266892878,-0.015253848988080656,0.02610998616157855,0.02877268662715112,0.42753188517959373,0.43348063065636694,0.22281926469028673,0.46712408131469274,-0.020792097483084093,-0.018194984297044716,0.42755819982570276,0.4334834198811929,0.22281937596283846,0.4671406463828728,-0.020795839896778613,-0.01821944520981569,0.03491802567005321,0.03923883508410566,0.0611465193396532,0.03650956525664165,0.009838215336095009,0.011799458546595325,0.4290696852879885,0.4683652673642851,0.19770357845106185,0.4550773697203628,0.009101387026560156,0.00718593085716189,0.4255425972353162,0.465798266621983,0.2306857748143608,0.44861144717532914,-0.0005642348899819425,-0.0005963688084928508,0.9533880657055216,0.938701321812879,0.269811110559553,1.0,0.01987828064776237,0.020939688063202334,0.039078469532915064,0.3762460441819322,0.3689590017978612,0.3521666046091127,0.16893799185855604,0.17000835216157748,0.03904029244425607,0.37625677553451564,0.3689557019895425,0.3521929574172634,0.1697365650356178,0.1706788149875414,0.007652091497500266,0.025585936059846895,0.013487381941625971,0.010142924004795238,0.3009254371403979,0.30043328935307156,-0.001764182942899623,0.4598614197397114,0.4546366283330432,0.44093579929347704,0.22741503571309465,0.22561631132741725,0.03405540366635295,0.4655675264070537,0.4569268793617713,0.4510547200242749,0.2243159930212359,0.22244805619377703,0.26266227031314604,0.5381175616983048,0.5155440040770378,0.5547282689021196,0.23007514389855302,0.22887131092848725,0.011431062057675226,0.05162786241978739,0.08802511007080217,0.03139115605447341,-0.04568915935629963,-0.04618884879154842,-0.05808169978451953,-0.045336013057074666,0.09008994152934091,-0.050354873674378645,0.03374701850061946,0.03240871226398728,0.02492534920722212,0.04371798463478472,0.03431038990701287,0.03396905884601182,-0.004760765841646424,-0.003474884819572213,-0.1071444135159726,-0.050716006482691485,0.08837044671886311,-0.0838539095743064,0.004735763665356535,0.004151142212309222,0.01555582213439281,0.024382405539121615,0.021709195900733943,0.018123658895263576,-0.025409510571603,-0.02552280420369086,0.09559483985351587,0.1488317793226944,0.1131212739977833,0.14241633007262094,0.025383963845230676,0.02735745740029976,-0.0066853094193599595,0.03516081652729119,0.03369505038791368,0.020349774530640463,-0.002999275137495165,-0.002112892628608693,-0.03629975465736224,-0.026702295127041743,0.008506026950205463,-0.03384376521478133,-0.02433753029724525,-0.02508687450083715,-0.035291787403141116,0.006421333897391639,0.006836731226775363,-0.01948045162468475,-0.07174699994006724,-0.07138041141753693,-0.08432829205057656,-0.044763082986876104,0.037729647098998585,-0.07195683316605797,-0.0779320872620667,-0.07835195233299344,-0.013868760859739898,-0.01889342330587031,-0.01733005936227816,-0.02692061695080229,-0.07645458910312809,-0.07703911775931768,-0.0045076333576079125,0.028290087865296257,0.013937420142738636,-0.0012292497641803266,0.03022470858461992,0.029864591211729002,0.000915342890045606,0.01791917302161597,-0.004295694484149924,-0.0042050527893232655,0.04460954167158824,0.026246102574259647,0.03305735256989494,-0.013419271582744842,-0.006877281808360614,-0.011411482151497555,-0.011571867334931936,-0.004295787412204777,0.025090880111712708,-0.006742754481096046,-0.015226886659933424,-0.01588390334871435,-0.004295694484149924
Local_feature_56,0.004847862470010348,-0.006191636408807806,-0.012077199986587614,-0.016880203759764973,-0.006797943604957425,-0.018151954809782822,-0.001419720981903828,0.009146253206762588,0.005561620330960627,-0.021704132374035776,0.008340622541874862,-0.12423934037554522,-0.12337199850527494,-0.0071252442725762335,0.0006979154324829139,-0.010651589151848422,0.005295370272907396,0.006783743871711651,0.005137201561138494,-0.006134024096880652,-0.0065753765021849386,0.002630556006566107,0.014596692427666433,0.02047257503151076,0.011745646344377197,0.1484214470079868,0.14632762859078605,0.00262861943892886,0.014597454898077082,0.020473662617533795,0.011745522820073294,0.14846354295037784,0.14639479566860827,0.0010395449479089726,0.001324085629967925,0.010981653302541581,0.001360227240388007,0.2215608927359703,0.22249933851253031,0.011075436197060654,0.01932002158362642,0.029475606238170297,0.015956745354383656,0.5524037465926159,0.5535648618952035,0.01132353813133565,0.016081424027308895,0.024702840302731628,0.014097826594031205,0.5678822397145474,0.5694554768806019,0.027334836662860598,0.007358397353640584,-0.01887249106608217,0.01987828064776237,1.0,0.9847498952867156,-0.0014655774295589622,0.0009618227535525999,0.001705207683702566,0.0019389589030711703,0.028484837741723813,0.028199862381686938,-0.0014715032935724447,0.0009634645149767843,0.0017070827860030707,0.0019397541262605137,0.029141939292107292,0.028876703050761413,0.005311472625166406,-0.0009434957223145367,-0.0009428766747461761,-0.0004091814231537525,0.030716018299300218,0.03085536655596251,0.011889000204956937,0.01338171373182025,0.011943204578241048,0.014193181422817946,0.03517989863228405,0.0351590583401411,0.014246787804026896,0.017465993212541914,0.016382683397935503,0.018217137427994322,0.03956509294642138,0.039647223863299386,0.03473317826512397,0.005385767808505361,-0.0025211498543644024,0.021165190772139342,0.028691762609137906,0.030050322803518884,0.01062937417001955,-0.003655650199937581,-0.019256970878461493,0.00612987471917106,-0.06148073710745317,-0.06035663741198749,0.019715443178270436,0.019720896007035225,0.0017986054864631699,0.01947994997653752,-0.4868923584665798,-0.4805748391184321,0.0065086816164267505,-0.009290149446454034,-0.0238853258624984,0.0012220071023162512,0.005604193403628892,0.005478962812653024,0.024174849293014836,-0.025176883445251146,-0.092021283961976,-0.0010797028603582585,-0.013835521786366807,-0.013174159467454266,0.0023360842990995637,-0.021950719466476906,-0.04216041324285448,-0.01013249555503318,-0.027512478289151536,-0.029664952534655703,0.006521928115350301,-0.025242624888635764,-0.03285074620302117,-0.0111912757455444,0.018883250365345442,0.018298630333082076,-0.015267523150919506,-0.01128416019754926,-0.005530731587492107,-0.012761076803238139,-0.0038167516359380233,-0.0051164445741496535,0.01761727287976503,0.01215043585176438,-0.004833907125463828,0.016054388827957615,0.02125481207407212,0.023069948533928387,-0.0011089279699723173,0.0036156643855195267,0.00805112369246517,0.005361328587756704,-0.003996202875150667,-0.004048921334318973,0.005046458106862835,0.0002343271025858692,-0.0008772547330239705,-0.001145431978567747,-0.0022900313759047514,-0.002018258495928744,0.004083143375010601,-0.01296667438263544,-0.009877723083246331,-0.008363667117892727,-0.008429599825941861,-0.0090225420117152,-0.005045891209455606,-0.006475436274547471,0.0015153038731745795,-0.002262142031942553,0.012408476106362906,0.012107561639965736,-0.015286813787791027,-0.005484646360713908,0.004888479873335702,-0.005817736782035539,-0.017474966082030304,-0.016873848958501532,-0.006803797972589316,0.00919308461022825,0.005602622201167313,0.008386319460691044,0.008608569496484008,0.00488834390551287,-0.01066288761493994,0.005337411613156361,0.005178182854430254,0.005402346490746235,0.004888479873335702
Local_feature_57,0.005327085601576904,-0.0079411546131539,-0.014777896023341779,-0.020544305699077677,-0.006787612115370946,-0.022129901050616345,-0.0013663699958061,0.009743809617806161,0.00613415131733903,-0.023373615608397274,0.008884180309517905,-0.12752364067848135,-0.12708955656574003,-0.007123597900358569,0.0007502287150419986,-0.010488414099963116,0.005722052780228591,0.007120469166241605,0.005506019542006509,-0.004940170651637971,-0.005664632762866359,0.0032685256061235498,0.017180149721094506,0.02207469565058269,0.01319601039092127,0.14377202424680643,0.14477595467457327,0.0032665918595214454,0.01718055774021918,0.022075740756945916,0.013195999813485555,0.1438118209859904,0.14485851727300575,0.0011020138277174484,0.001970398650959052,0.012255400771797615,0.0014232149411422036,0.2182381912241422,0.21953950707597736,0.011964954573483512,0.02116970104474926,0.031312347454776616,0.017145349905090774,0.5473896723561203,0.5546738993410503,0.012215127794986283,0.017850146730395307,0.02719403875207682,0.01528779702092062,0.5626684322433946,0.5702856679540154,0.029541389627571007,0.005259882832385879,-0.024489182137098695,0.020939688063202334,0.9847498952867156,1.0,-0.002544355544611492,0.002584881434906323,0.003156532377024765,0.002893846020480857,0.029563250836368526,0.029340437283981627,-0.0025511587566995424,0.002588740672516183,0.0031608810490947746,0.0028971923301721295,0.030190590928742315,0.02999123914996993,0.00467605826440907,-0.002407364553389327,-0.0026555279118425134,-0.002155315710116374,0.03237764910244522,0.032427855369401105,0.011659402486156888,0.014885832403179514,0.013362889348506761,0.015496436151882535,0.03602298014167527,0.03590938493786918,0.013556504272739599,0.019129099172448302,0.018019618554554025,0.019691930215697574,0.040088840393289187,0.04001581879982922,0.03464064683639068,0.007267133524800205,-0.0005512504661946166,0.02243431235017118,0.02831760300907077,0.029539597061434865,0.011408602480413805,-0.00635844508863605,-0.02468251595625199,0.005991648650388221,-0.061336933718040144,-0.0618124914764141,0.01842897676129278,0.018475867966581613,0.0016786128511406251,0.018228926710447242,-0.4967843236776669,-0.49805558595905863,0.006807577392619672,-0.010929755513905614,-0.025391688499797265,0.0014010160107515246,0.0035097034725761135,0.0028729800522516837,0.026199005239436027,-0.028878718457359905,-0.09957533366553631,-0.002462232222610251,-0.017043903638994683,-0.016512364380333086,0.0027774559935668185,-0.02492772684664836,-0.045837025275970875,-0.010203789852820427,-0.030315889932747662,-0.03315385730325151,0.007247756817912165,-0.02467506629639034,-0.032477618213253845,-0.010427832122181511,0.01984841632717073,0.019121477165138227,-0.015491885749182704,-0.011086196779402152,-0.005537553138190605,-0.012947184218006409,-0.003627108478829195,-0.004584608539293791,0.01643181692733785,0.010630863711386433,-0.005826569358274966,0.014632522336100157,0.02019884128291737,0.021840358772789434,-0.000768403400166197,0.003859370062937893,0.008512145088536456,0.0056785413741761255,-0.0035027072284557494,-0.003501552658334015,0.0017653037719662125,-0.0024948050169304693,-0.0005232156583438916,-0.004922874698285413,-0.001945580015783534,-0.0017195038345604408,0.003618606180210056,-0.012802898275485296,-0.009338141318413313,-0.008470478017135352,-0.008502401250599721,-0.009139729870373583,-0.005652669967720512,-0.006407005020793141,0.0018004352662456427,-0.0021351725631251523,0.011663488092015433,0.011209084980393014,-0.01423698419071772,-0.004334754296169562,0.005365260646679389,-0.007567251437873942,-0.022372868460803174,-0.02053558209768548,-0.006794845770330831,0.009788614473215855,0.006172947762635451,0.008927698734079705,0.009203898217398174,0.005365084469174847,-0.010501024189808104,0.005761519303738944,0.00554427686243615,0.005849928707186169,0.005365260646679389
Local_feature_58,0.04821946353531252,0.09137566871227353,-0.007196320391714084,0.11667156462430509,-0.002806551136748429,0.11448138658063589,0.01911741941350005,0.0074132693581532095,0.020281622068290643,0.12319198409499474,0.012784030487567712,6.303880029912627e-05,0.009939308738695175,-0.002968445651131529,0.0006157371747604132,0.36654347811819477,0.039128266173212856,0.0144664297347723,0.07268050009365253,-0.019322850499557138,-0.019428862952854706,0.09436115504998294,0.08518540560429755,0.02789030947235488,0.09180832465712697,-0.00872976416005319,-0.0055951710528106624,0.09416084238424353,0.08505438275248171,0.027890410650660478,0.09163639256251294,-0.008729992015834945,-0.005601272380444976,0.15068746988706627,0.148645263860715,-0.0012228022177265155,0.15062552407053323,-0.009427341391372924,-0.009918934310830694,-0.004825161291485753,-0.0010672196234272075,0.007233117916992465,-0.0038665263438499684,-0.01026152781566155,-0.01139785938967757,-0.005933654244449117,-0.0023673986438496842,0.010942657637102272,-0.0049693502628657535,-0.011222394446807836,-0.012857009955992529,0.01655583120154713,0.06761597450800873,0.05419723547286062,0.039078469532915064,-0.0014655774295589622,-0.002544355544611492,1.0,0.19872745460349794,0.06572942601015996,0.33509808852203593,-0.015646265505225233,-0.016133698181498037,0.9999815514542353,0.1987394858557058,0.06585233197648048,0.33500539070472757,-0.01565312921760139,-0.016138786743764216,0.1388769399446082,0.08755887952137816,0.08511740005220504,0.09389252575739533,-0.014499146278228237,-0.014124175412027158,0.15249100506133392,0.01946397597541258,0.0028383650912848744,0.03811133427556167,-0.011901165360470398,-0.012289987239043313,0.19648870216999242,0.018475537735814604,0.004223312142813526,0.03490999448898182,-0.01257606504970814,-0.012971500906705962,0.1874933260876894,0.060153640602816826,-0.008444758043105186,0.11995603831624509,-0.0033029163123532023,-0.003149607349103598,0.017231902877784203,0.10008041069746715,0.08113518704813481,0.03393614657987117,-0.004580105603742749,-0.0033543191420924716,-0.007497566675984557,-0.007425455176448611,-0.0002716923355020494,-0.0073399177142419916,-0.014914729196690131,-0.014361572433218528,-0.0048702195409362475,0.041079920654383276,0.0317103254711144,0.0030283281336557087,0.0006282141190056966,-0.0008792578019560036,-0.037469158070404324,0.016532654623844484,0.05438353352099631,-0.006943781921713679,0.005690310468522952,0.003644941398980896,0.0005158984858971315,0.07293639332734139,0.05027170419619951,0.007219781374993141,-0.017528156050880834,-0.018434328286401947,0.031057932170056587,0.054662365678192874,0.020761885008729334,0.03738145636514279,0.009449857521860299,0.010795563651060066,0.07434062847856046,0.02771660657999446,0.0059208987628681115,0.0501314712648082,-0.0001714274098549815,0.0003778341930026795,-0.006083444322579375,-0.011289349464232655,-0.012009267912205397,-0.008407040773240199,0.014753209939573892,0.015025843970667922,-0.0011915284771941888,-0.0165224094666049,-0.017124612906747643,-0.013824760794226223,0.00713942147076109,0.007198197782285731,-0.00035324408319883883,-0.03893616213280953,-0.040012774986454024,-0.0230922146464558,0.011024476853647845,0.011026238922157655,-0.0012581478813408246,-0.0226468800864237,-0.02291736029453046,-0.020336723596373382,0.013864161888269964,0.014217511456505058,0.024679863972429692,0.0015147693659364866,-0.006983510734195491,0.016210741312296998,-0.01338707296340283,-0.013346959104065205,0.10918595313051446,-0.012052010365784755,0.048177595841851856,0.09162761239144,0.09632806123152644,0.11666183331791552,-0.002811923921207193,0.007368427235409202,0.020237688602999487,0.012739348988042406,0.012505915598958504,0.04817965177063166,0.36650296915018,0.03908864324740695,0.07263747365551672,0.07347460448718697,0.048177595841851856
Local_feature_59,0.04435114986980099,0.04915318643524557,-0.0959154948114322,0.0337954259965731,0.004053051875380566,0.03835110900585875,-0.004475359098222078,0.021633434935788697,0.03469149650094447,0.09993845797477195,0.025601903509519325,-0.2002812307003989,-0.19539507992569174,0.0044560131255570136,-0.0015689430872208032,0.08870119863384528,0.037607628362981295,0.010064653226873822,0.017368508824561413,-0.05935413498535269,-0.05171307405756986,0.4147796456522269,0.5252744397150076,0.35075426214129907,0.5149361439960058,-0.030735614827368127,-0.027801387360337337,0.41466818411282413,0.5251890974955089,0.35075132948206394,0.5148440793351711,-0.030735370892422665,-0.027813847340154,0.129163693940888,0.14156752152568214,0.08463595468419467,0.13058466977754601,0.015204352882969266,0.020545152281581082,0.20229433088840096,0.265119998257447,0.2335238829355104,0.23367222351192599,0.007817131936247465,0.009707527614916722,0.1979219892841263,0.2662986053940797,0.33830701253274775,0.23190522516729747,0.003418627032898618,0.005444686316366952,0.30147573067811706,0.40921658854002163,0.329297056626536,0.3762460441819322,0.0009618227535525999,0.002584881434906323,0.19872745460349794,1.0,0.9695036335155609,0.955385118998145,0.11548843750812951,0.11848273171482288,0.19842075216639918,0.999999338746763,0.9695050605396673,0.955390868592771,0.11546797684779517,0.11835410430051202,0.056915791915248065,0.11294967245251632,0.08142761645844329,0.07454086057361735,0.2568086463725409,0.25339161389698633,0.008721742687442156,0.3126856477938875,0.29368659423136867,0.2845631951132325,0.1464778673248051,0.14379684154113215,0.019399763636237525,0.3330842447126087,0.3143011894963551,0.30758207358824124,0.14508799928826355,0.14231099574061923,0.08556406986920849,0.38896514815956024,0.4079864487344649,0.35745280829409176,0.15031736559774908,0.14913813839189635,0.04028446334341473,0.10106151404101298,0.150484787614162,0.07203948827643566,-0.0672906477350687,-0.06605313899975511,-0.0449236684183983,-0.04748640808859998,-0.010119913440841587,-0.04674043248726977,0.017366858215073343,0.014451878302489753,-0.01528451590313236,0.0046531710402648585,0.010265974874146986,-0.012547284952724549,-0.017609271284305613,-0.017226211454306594,-0.09951518739285173,-0.0622779560591251,0.06557631292998677,-0.08240505724292482,-0.015062032009154474,-0.015771039676449217,-0.00618521266775861,0.020083569912659922,0.022936227454435392,-0.002690200065643088,-0.034453532156339145,-0.03394302507577686,0.03822356049857839,0.0933655361026001,0.10254573544563843,0.0836950660035284,0.03900661726432911,0.03919609848741035,0.020148162232463424,0.09898395359483987,0.08009447507442903,0.06957114768111314,-0.048904805879225695,-0.047093641579582526,-0.04304990596627585,-0.04525544091813048,-0.02885595771637853,-0.04897071543092666,-0.012311619441144134,-0.012969968563789635,-0.02359379963971955,0.02731963781513221,0.0011836928250245024,-0.01830359670215456,-0.05123511615241045,-0.05064204594402074,-0.11972899028962895,-0.053101984596986666,0.05345336381624301,-0.09212858546485471,-0.05506423147273709,-0.055143229226786813,-0.03177845555422593,0.004779182197058728,-0.0008263860559811719,-0.022572335811340445,-0.03923767498212661,-0.03908842262251132,-0.0009238471530496631,0.015050176172594767,0.009253921572250374,3.84369721608096e-05,0.019434091904904218,0.01916088670223787,0.05590846196603408,0.040634465851759005,0.04420553627833559,0.049437464419710794,0.025828575327652776,0.03375183532583326,0.0040374847502848785,0.021481614672147174,0.03454370409484046,0.025450491320206554,0.025194566701389424,0.04420663310673044,0.08847803724291561,0.03747027699742063,0.017201208422843003,0.013442237531311697,0.04420553627833559
Local_feature_60,0.01478089880041345,-0.0004401163288480651,-0.1187225377288674,0.004638995573168343,-0.005176587937341254,0.007893950259895347,-0.006898009182611056,0.001077098973599616,0.008949267218579323,0.06690296415805704,0.0038593400889451483,-0.21060327829778852,-0.21043078777960122,-0.005035955470985099,-0.0017513516307215403,0.04395274523475272,0.010695512458938527,0.0021086932914746747,0.007244236858166543,-0.06165165735383816,-0.05935838601470884,0.34269325290497304,0.48094554868322686,0.36243162230441056,0.4606608587495263,-0.030033662118986542,-0.029688744114078146,0.3426435315868033,0.4809124706321613,0.36243090612553375,0.4606252346081076,-0.030033334235059217,-0.02969762114798915,0.07798792421410833,0.0805470137729228,0.027989474390400306,0.07855110684295522,0.022183772510569525,0.02612333592692895,0.19405379393192254,0.2565343185040828,0.2410105358551551,0.22715045008864732,0.012463882822990302,0.012896679153787144,0.189701899231282,0.2590221726462945,0.3508563198451861,0.22527384714363968,0.00797830276489886,0.008576144665729462,0.29450604490879123,0.3942265428521676,0.3342664431155188,0.3689590017978612,0.001705207683702566,0.003156532377024765,0.06572942601015996,0.9695036335155609,1.0,0.9573757043617828,0.12219390089995555,0.1226834415733102,0.06539679199873037,0.9695423419568526,0.9999989718661547,0.9573971645160315,0.12217520457068301,0.12263615027661373,0.04183926560396069,0.07303799414501232,0.06483495081313809,0.06346725491801163,0.2661516718090332,0.2652655169970315,-0.010355106438514233,0.3034454192290221,0.3049804782081216,0.29578181006708676,0.15317608320496615,0.15227045058644914,-0.005435812066954176,0.325502071979638,0.32676560162754115,0.32049652077676044,0.15198284621034425,0.15103573167505957,0.06825582047434023,0.37412549896144087,0.42438325786637543,0.3567546680513489,0.15554595619749664,0.15507333119050273,0.021723078578180073,0.06987136374832438,0.14201881924858914,0.05250534764022966,-0.07045097641529836,-0.07052804980616785,-0.060622885767805626,-0.06348325808537295,-0.009889982611055866,-0.06270592933172937,0.024244521981707585,0.02230836206901522,-0.019896673324660552,-0.0163979736787646,-0.003223467832861881,-0.019968045854248904,-0.018058864812071217,-0.01763972034934997,-0.11083680207271844,-0.08545183560976267,0.057544442435080646,-0.10219164285086564,-0.016820606106977852,-0.017248706894237312,-0.010213577917328673,-0.004149786877584384,0.005359875935521004,-0.009229124631936762,-0.0314670903413289,-0.031190582399179323,0.037171904487022955,0.08980283707450706,0.10472657208325334,0.08341296634475816,0.039971358495929185,0.039525939697100505,0.011961916542984626,0.06878448381627256,0.07292818020734498,0.06294526863192466,-0.05549271362821084,-0.05489273136432562,-0.05781660308816031,-0.06592448727037042,-0.032754553885994867,-0.06345408760509431,-0.016647632868499122,-0.01690896956553664,-0.02272854309456628,-0.01460612137064703,-0.012183447334616652,-0.025268238718671072,-0.0573890490545253,-0.05724751719457787,-0.11540383017827148,-0.06755473193540963,0.05642503187217777,-0.10306251606578332,-0.0631401220572079,-0.06319642074602977,-0.030529072074906516,-0.017386249029244884,-0.0047689514117360415,-0.023227887283704313,-0.04541417074816651,-0.045303237857886536,-0.003131444333933876,-0.005735396796244374,-0.007119364311553412,-0.007307504236085919,0.020103423719553988,0.020050041266576214,0.017938079472800853,0.0014048659838424796,0.014630268649776386,-0.000293678698229332,-0.001970450938746643,0.004591228417713759,-0.005192906221250514,0.0009230027082807859,0.008797642751445714,0.0037053156768157417,0.003561299104412713,0.014630251958434808,0.04371036138503917,0.010554422441244014,0.007078297850075384,0.006036023109881571,0.014630268649776386
Local_feature_61,0.020929548865332992,0.01335489029129673,-0.1187758049983251,0.030286973289765352,-0.0076476949751155,0.03227877656690263,-0.001390027248789299,-0.0025859369383005805,0.008433083985533196,0.10796073784935421,0.0021312362265207313,-0.19958283999056015,-0.19745516724071357,-0.007677535723790318,-0.001097054395090494,0.13606868097926605,0.013739682624611178,0.0037584800930302894,0.025654165817835552,-0.06399924400766506,-0.06338979825749948,0.3298597211716082,0.46184886053167473,0.3481959026839965,0.44313772207373126,-0.02979983287223232,-0.029283034178350077,0.3297731931226146,0.4617943889461408,0.34819587947538927,0.44307082003817594,-0.029799519726384664,-0.029291604077084386,0.10194866733501363,0.10161257750362764,0.013462239495694939,0.10228415012430168,0.020985623420056086,0.02378363450185573,0.17647673999917132,0.235508994707406,0.22820988778160214,0.2080046442277269,0.010401322636440394,0.009992847231676344,0.1720212902025687,0.23763033248971172,0.33276479167496553,0.20581525126062541,0.005948283152996849,0.005558728159872388,0.276644094531285,0.3816323637544714,0.3276472178035068,0.3521666046091127,0.0019389589030711703,0.002893846020480857,0.33509808852203593,0.955385118998145,0.9573757043617828,1.0,0.11008732829161326,0.10975911998453759,0.3347949877296841,0.9554361515475505,0.9574103760649665,0.9999990294639162,0.11006839830079924,0.10973690428286596,0.07517990924288047,0.08220254186677459,0.08008837108541428,0.08302063411006036,0.2441957266376947,0.24422646158767128,0.030080898765546978,0.2862042907056461,0.28782309391923716,0.2912572554794575,0.13985995639572282,0.1394237752393716,0.045866971608285255,0.3069357624193624,0.3088455432482279,0.31391029412628335,0.13860072954320973,0.13815606555673926,0.11517443962546506,0.3616274699107425,0.39581357290202024,0.3685507758351536,0.14442516469053565,0.1441837695649077,0.021309924305672315,0.0862113377136473,0.15316061620862376,0.054449675765143334,-0.0666264729400499,-0.06670792051610511,-0.06283914104767112,-0.06556320213965175,-0.00925340200083304,-0.06480475534094213,0.01846746856026125,0.017127431598439925,-0.02107646069771611,-0.008800331236894136,0.0027983927824725605,-0.019619241769506975,-0.018346204275840845,-0.01824425044034056,-0.11702710041585222,-0.08133439722902193,0.06671224066062068,-0.10265887032702851,-0.014644862499131052,-0.015546769177416831,-0.010298525104611607,0.011205744460625734,0.015347323714693618,-0.007988392893272855,-0.03485931774150808,-0.034893685446771135,0.04321473360258068,0.09774420807648888,0.10324938559911169,0.08775427475334477,0.04181728850350863,0.0416232644952249,0.031023219340150603,0.06395892592536136,0.0672327925503136,0.07204203923694094,-0.05347308217207461,-0.05294862545574931,-0.05957576601017008,-0.07023344488722641,-0.035248197941765605,-0.06545474690920933,-0.011828837182203738,-0.011844947817492468,-0.021250982765446964,-0.02901686101983062,-0.02006878152596108,-0.02958502150639762,-0.05345857052676616,-0.05346007832755863,-0.10621280898867258,-0.07926033693814442,0.04053670850965806,-0.10621026698295251,-0.05755595493756064,-0.05759771425490306,-0.028424248051907672,-0.028943734932945737,-0.012549508580854086,-0.02803583772764919,-0.040320398227095815,-0.04009783058725352,0.0037431675415607476,-0.010380527348621358,-0.013329206034966087,-0.004207906983528419,0.015013646954494987,0.015098428731959053,0.038144038311977255,-0.010995001843890118,0.020782563605256602,0.013538142810133451,0.018912833557297514,0.030249657364071487,-0.007664415305220835,-0.002740207060377196,0.008282573414444067,0.0019777790324825607,0.0018227008106835108,0.02078285803613538,0.1358575496732146,0.013601385799404973,0.02549618573235002,0.025952333819978735,0.020782563605256602
Local_feature_62,-0.004860177486732403,-0.010255582328861415,-0.06274997184770148,-0.016059046043268695,-0.009468506169888173,-0.018165331554933183,0.00297591152803838,-0.004430591167942299,-0.003890410975117299,0.0050728396110926895,-0.004219819756768972,-0.04751098075007661,-0.04657431213515381,-0.009283486486086503,-0.0029563709726722095,-0.010718791671015648,-0.004678788207908172,-0.00509961202824026,-0.007048011276346553,0.5195356391473321,0.5184489785976344,0.0800385160815638,0.10006798381201665,0.06828836542144467,0.09946168538836107,-0.004334982051971189,-0.0019670319957652447,0.08006164085732291,0.10008143892447209,0.06828818712547348,0.09948165821795626,-0.004344563772714617,-0.0020339986135119816,-0.005817504257170311,-0.005065413168864677,0.005836340753906459,-0.005692607805351484,0.004960422233900294,0.0060026139936280405,0.15283071544817953,0.16097441798186274,0.053778825468223074,0.15855187744721014,0.02500723215853734,0.02724957860500181,0.15271931616714624,0.16487489837581623,0.07346282868629053,0.15969021897854016,0.022697194342715648,0.024843905610809087,0.16758771149758134,0.14985413039310116,0.038486904479818715,0.16893799185855604,0.028484837741723813,0.029563250836368526,-0.015646265505225233,0.11548843750812951,0.12219390089995555,0.11008732829161326,1.0,0.9953524471478881,-0.015609655762075621,0.1155097537692029,0.1221986726678521,0.11011952897887871,0.9930195377331743,0.9883757702019356,-0.008572251647773664,-0.01166579160318748,-0.013197874791230604,-0.01396948160834487,0.27126126117490684,0.27137330935763027,-0.015399515677838219,0.15807701908487856,0.16184223377936424,0.1549749244153776,0.4946406660006931,0.4918996031684333,-0.01256725239880736,0.172333616074896,0.17581225192771122,0.17141953415124586,0.4950383349734011,0.4926447649304915,0.04932211741903163,0.1023836368419185,0.11588585947975812,0.1160720289924921,0.1844574136570138,0.1810933703437259,-0.00993523169239537,-0.00870774387887813,0.009638574716977592,-0.007811699334690425,-0.011501041510435165,-0.010216142230027635,0.03291718937744968,0.032637297053263424,-0.005493971582215689,0.03268210965223718,-0.008956828508438066,-0.007984054220753352,-0.004000517362597003,-0.017725128757732776,-0.021906738854004397,-0.008721136837880006,0.00010382203089521208,0.0008541822736458293,-0.048276256551120396,-0.07400683828674781,-0.04456149187297013,-0.06392009048983129,0.010280715102232692,0.010789014403735269,0.004646279772204935,-0.009351600969270303,-0.01828827586861039,-7.800217610074185e-05,-0.027119810039177336,-0.02799124749597702,-0.002189878211133936,-0.011453890378871142,-0.004417058481918154,-0.004698999169526046,0.02042122421892861,0.022269638159334065,-0.00556636102859806,0.004031084038310385,0.009293321469997793,0.00411459248182954,0.349522747163889,0.35070667357074226,0.032675258158697124,0.027105493607298248,0.008164535821430851,0.03417296279172023,-0.13248941019752714,-0.13270784103947816,-0.020552236697616296,-0.016459704684839614,-0.002934003922234626,-0.015072978600382378,-0.02583147619084434,-0.025331808171143094,-0.047124258010155344,0.012498132743923184,0.08347461979308131,-0.019380443859635152,-0.11919804234830077,-0.11871292649734358,-0.03374875790659774,-0.013605499860949525,0.01023304100338461,-0.011861041817870925,-0.16283344454299178,-0.16305489804056778,-0.003939577242839809,-0.017958980932887333,-0.022653044442700578,-0.01565966751307762,0.12289234784980062,0.12243212192035068,-0.010142031419011705,-0.0025789555446116877,-0.00502909930127067,-0.009928423415144506,-0.018328839424648177,-0.016165955872770945,-0.009515343829044676,-0.0045943119147547696,-0.004054797677421719,-0.00438430404774521,-0.004327398102699643,-0.005029322204649397,-0.010864137507741784,-0.004845431488131217,-0.0072298634367735995,-0.007677566703502264,-0.00502909930127067
Local_feature_63,-0.002830751005398285,-0.010024598451870712,-0.06063189803751805,-0.01636570558086192,-0.012334245536566691,-0.01833518379010135,0.002393948224921298,-0.0017775950327661935,-0.0018551235430966815,0.0039142636112059394,-0.001558069823361517,-0.046874998986766635,-0.045860308911231114,-0.012524503859285187,-0.0012163292670202242,-0.010954078042147571,-0.0027032846237006426,-0.004612648351244015,-0.006966422438791597,0.5199931571563863,0.5226391594202665,0.08734192040020378,0.10391312387521873,0.06758573372010812,0.10534376662544817,-0.004309745784120195,-0.0019274716582561371,0.08736123031017991,0.10392397642599942,0.06758579194440173,0.1053602481052528,-0.0043200312858543005,-0.0019946158188503074,-0.0023558930151769257,-0.0018121820978440548,0.006455931877194711,-0.002203234122896703,0.006646472387320986,0.007403855831906221,0.15460244055058323,0.16216457008419316,0.052910395634056,0.16010280332490526,0.026053213421933317,0.028018580090371913,0.15456169834177214,0.16629085275522484,0.07242476267900312,0.16136259350486723,0.023386084439232895,0.02525881970842468,0.16875192158484825,0.15056402361809573,0.03837319079307311,0.17000835216157748,0.028199862381686938,0.029340437283981627,-0.016133698181498037,0.11848273171482288,0.1226834415733102,0.10975911998453759,0.9953524471478881,1.0,-0.01609754834687777,0.11850171773307211,0.1226874476190327,0.10979105307830227,0.9884755018033151,0.9930243537101118,-0.008579691952705042,-0.009784131674129313,-0.01263816465100042,-0.01380509696265211,0.2708768178307084,0.27088297417116297,-0.015466614809324906,0.15872603591824622,0.16152860851496012,0.15449362157761562,0.4931847353541147,0.49301316770811715,-0.012615766082812792,0.17324230846219096,0.17555309986982984,0.1709112918469774,0.4934499634444426,0.4937281739982943,0.048958434526145594,0.10326924123291098,0.11636247028399756,0.11555883454415124,0.1845591074936928,0.18174028344736812,-0.007892967930676531,-0.007662109269318531,0.008451781853280748,-0.006095689864447064,-0.011951366389328257,-0.010570067053203095,0.03361529084337477,0.033366587636907225,-0.0051599223660873765,0.03340298279972845,-0.00710220377953312,-0.0060289437798506686,-0.0036310938309237705,-0.017500012539755853,-0.021719155902579244,-0.00830862021639197,-0.00020090667629495162,0.0004735603646415656,-0.046127915762465256,-0.07216204622605239,-0.04487251425495512,-0.061791589764134326,0.009717505916861031,0.010184752373845096,0.005105760715354886,-0.008816677527656015,-0.017252710056773223,0.00054557102829691,-0.026893035821437306,-0.027813205870375824,-0.0022090798245052827,-0.011897441163916219,-0.004938710895904866,-0.005040499235971305,0.019361217691525073,0.021282008373547254,-0.005658205963699794,0.005133129663286923,0.00947290389126533,0.004008782314462772,0.3504306508403597,0.35272119392810924,0.03271920149414841,0.026749317980337185,0.007484961742436728,0.0340006542738031,-0.13202876140276879,-0.13242112315700166,-0.020535177293875148,-0.013686694534714565,-0.0017157053550867125,-0.01445304268924182,-0.02510239819935447,-0.024504361179454915,-0.04747627050849629,0.013023574861048794,0.08389594802250284,-0.019219680230337793,-0.11776802542725687,-0.11725237223433804,-0.03371633758953912,-0.012488847706333066,0.010737218384243475,-0.011581675834127133,-0.16194935084518408,-0.16215551988512242,-0.004018900558658138,-0.01830785938713055,-0.022405598540775104,-0.015780219425255232,0.12280419834932353,0.12264885305893576,-0.010041114428906794,-0.0006723238838781924,-0.002989067225400124,-0.009694875027131017,-0.019954140043216086,-0.016471856810218115,-0.012387390941130859,-0.0019294048465820781,-0.0020090515385491627,-0.001710567953219204,-0.0016313102949398217,-0.0029892861984224385,-0.011097590593180452,-0.002859374784128248,-0.007142428924197566,-0.007811671870152799,-0.002989067225400124
Local_feature_64,0.04760912700874223,0.09144451412525535,-0.007255860790608469,0.11678016144766992,-0.002806563444938676,0.11459313758993885,0.019118936878506375,0.007200287688087183,0.020083186545634537,0.12328342286049501,0.012574401070693665,5.446441197651539e-06,0.00990510892852088,-0.002968624276324925,0.0006168836958673555,0.36404185684062973,0.03867425185542244,0.014159025171065568,0.07198641195541386,-0.01928703223903858,-0.019393281913590722,0.09423670491494256,0.08513266647554929,0.027920307315287878,0.09171632355369223,-0.008735066831154976,-0.0055976812112303875,0.09404482515916483,0.08500701928296157,0.027920408542130477,0.09155152330300266,-0.008735294688930254,-0.005603785976346173,0.14483627708977412,0.14286610691066678,-0.001222472279170625,0.14477585595473133,-0.00943638512934455,-0.009928425830633691,-0.004822368612574606,-0.0010600869393380629,0.007243544268143249,-0.003862390954492508,-0.010271884760564445,-0.011409510604143386,-0.005930049827931921,-0.002359624410172281,0.010957488687200121,-0.004964412254530961,-0.011233489415845687,-0.0128701099528404,0.016491288746898147,0.06761766958274563,0.05425551518316124,0.03904029244425607,-0.0014715032935724447,-0.0025511587566995424,0.9999815514542353,0.19842075216639918,0.06539679199873037,0.3347949877296841,-0.015609655762075621,-0.01609754834687777,1.0,0.1984329994208263,0.06551494492738141,0.33470723394599605,-0.01561651674202272,-0.01610263474983695,0.13459638336934032,0.08418201765242446,0.08180170237170344,0.09033119337501487,-0.014593373226192145,-0.01421806664550248,0.1526082336015594,0.019451805695002048,0.002811976247117387,0.038113080630053094,-0.011855426712190718,-0.012244643141525704,0.19666544029999816,0.01846693681515919,0.004200670934630776,0.034915372715451955,-0.012529815213584195,-0.012925629706668587,0.18746306631801268,0.06015198348265982,-0.008436158540180235,0.11994670400418475,-0.003263813274178156,-0.0031103489195747082,0.017068947304216688,0.09979488261331426,0.08066927534783633,0.03369029829505417,-0.0046689694423268915,-0.003453159068949762,-0.0075258196018437775,-0.0074604953824206075,-0.00033036224657485803,-0.007372639009372357,-0.015019077769209872,-0.014425005636934704,-0.004869030854574369,0.041086802493497956,0.03166479057885029,0.0030205087467479047,0.0007277893296936349,-0.0008204660999563949,-0.037545390609725636,0.016477714729753856,0.05438003377185557,-0.007008652191080518,0.005765452132543178,0.0037181171555808017,0.0005214267711275451,0.07288763344705208,0.05003008342437877,0.007169511591044569,-0.017433538012069667,-0.018340452799940635,0.031091687841595758,0.05472037182353596,0.020785766134804397,0.03742270621435436,0.00945851367278067,0.010805069637184679,0.07341743442937358,0.027289748920907637,0.00573515078677202,0.04945535778211541,-0.00012752305595731435,0.00042223714489336413,-0.006047269759763764,-0.011257106531417042,-0.012008619873783115,-0.00837156631257249,0.014715339469467268,0.014988286415175325,-0.0011886201203007427,-0.016520783665724792,-0.017124394918650886,-0.013822698347394679,0.0070957511280803605,0.007154569083052912,-0.0003907962842684289,-0.03898228724235427,-0.040024923109600166,-0.02313992907217456,0.010976456564079709,0.010978214908029436,-0.001250900031973799,-0.022640351467060928,-0.022912555220484205,-0.02032868738949769,0.013819795235457632,0.01417346655002771,0.024702586460266074,0.0015218534989146358,-0.0069808594188495885,0.016230811435739886,-0.01339417962764203,-0.013354077898952993,0.10929804121124895,-0.012054896844184423,0.04756719842696019,0.09169662546860013,0.09640555401931854,0.11677044862268901,-0.002811932828841241,0.007155417320689496,0.02003922672167342,0.012529691631796428,0.012295667493333745,0.04756925634610175,0.364001075688531,0.038634584537385754,0.0719433125131184,0.07276792058631018,0.04756719842696019
Local_feature_65,0.044315076864970236,0.048984359184577046,-0.09596800768470268,0.03371018688359139,0.004043600981761912,0.03825640335139793,-0.004474980027122916,0.021615776377208133,0.03466555105705065,0.099921790331109,0.025584248686349273,-0.2002941027598469,-0.19541288345830857,0.00444623926153878,-0.0015687358311399116,0.08868943871400944,0.037572882837583955,0.01004551001251398,0.017352871255480247,-0.05934521128132371,-0.05170924161846685,0.41474028671509056,0.5252433804756583,0.3507788126171092,0.5149175734249377,-0.030735109530234728,-0.02779994631595032,0.41462891031337423,0.5251581103798852,0.35077588522000486,0.5148255851916339,-0.030734865578252717,-0.02781240638802052,0.12910030722517976,0.14148661507629226,0.0845455832951097,0.130520097526261,0.015208047255559192,0.020550119000019525,0.20229720606914706,0.26512237731427796,0.23353979755985252,0.2336780862282259,0.007819709519116955,0.00971215834774443,0.1979247884621629,0.26630432778403945,0.3383341060280823,0.23191113594472512,0.0034208336687006247,0.005448843078560525,0.3014869407123709,0.4092000410327303,0.32929815557851394,0.37625677553451564,0.0009634645149767843,0.002588740672516183,0.1987394858557058,0.999999338746763,0.9695423419568526,0.9554361515475505,0.1155097537692029,0.11850171773307211,0.1984329994208263,1.0,0.9695450970206536,0.9554432009883924,0.11548928539941462,0.1183731447484266,0.05686444530177801,0.11198664127604949,0.08046608348228712,0.07361530504852913,0.2568457219183165,0.2534311686229551,0.008723407932442723,0.31269085023231713,0.29371017103899993,0.28459186198790287,0.14650206252130912,0.14382272606017682,0.019402514694154896,0.33309566528037443,0.3143288941491585,0.30761439758415066,0.14511263681031517,0.1423372367475308,0.08557235282962761,0.3889509062102515,0.4079949350294004,0.35746504657985867,0.1503367205107059,0.14915836613137326,0.04027195353128406,0.1010160492276369,0.1504630444120555,0.07202595070333273,-0.06729302215030339,-0.06606075436465683,-0.04495846662538127,-0.04752188120961757,-0.010120409210643302,-0.04677577193529086,0.017370444400781043,0.014457260675192027,-0.015288317132496324,0.004568476266818879,0.010197607007603702,-0.012562127868863767,-0.01760501764502104,-0.017229518457461363,-0.09952040629372579,-0.06232430121844347,0.06555206025369302,-0.08244154444221824,-0.015061882838785859,-0.01577245729268105,-0.006188330088734908,0.020002923470749518,0.022864150155804924,-0.0027022044218032865,-0.03445191010144696,-0.03394877067829471,0.03822931002894527,0.09334492274713962,0.10254824723492866,0.08370485417104306,0.039010155128851205,0.03919549642553118,0.020127433756276486,0.09887277565772293,0.07999292159827018,0.06948434696716789,-0.04890148821882624,-0.047091395742610655,-0.04307348833468674,-0.04528445273569253,-0.02886050117585811,-0.04899391487687266,-0.012305833247061762,-0.012963861927143112,-0.023600850671182786,0.027271097229802792,0.0011657385703017474,-0.01831889708115362,-0.05123343270537565,-0.050641017285479754,-0.11974158416387971,-0.05313562236438063,0.05345409347990968,-0.0921607815605812,-0.055069655945491194,-0.05514874470266131,-0.03177864246708005,0.004757253503660177,-0.000828707427814076,-0.022572039814718857,-0.03925951599438018,-0.03911030688091287,-0.0009227498480068213,0.015029551430772345,0.009237248711650894,3.37934243387415e-05,0.01942602173633088,0.01915336036201434,0.055781657766689974,0.04060079200737364,0.04416945821922164,0.049268186581003015,0.025760291661225104,0.03366658009159417,0.004028034860310971,0.021463955718874547,0.0345177564326738,0.025432836401054242,0.025177233209012058,0.044170551213218626,0.08846625805410026,0.037435528044392756,0.017185570636559212,0.013428933967020714,0.04416945821922164
Local_feature_66,0.014847072655316776,-0.0005707050430811735,-0.11874221272906188,0.004566844874124994,-0.005178676395250978,0.007812968777633501,-0.006894952324936588,0.0011006394810645502,0.008966678519698979,0.06689168587201602,0.0038828765183908163,-0.21058761752364735,-0.2104151878269248,-0.005038139244965319,-0.0017511677811954162,0.04431736238903474,0.010740280752271264,0.00213580572349223,0.007329838067102536,-0.06164165673082601,-0.05935017720515036,0.34269426233982037,0.48092036823343665,0.36242137017456205,0.4606592302095826,-0.030030603838616644,-0.029681486458326183,0.34264344073018577,0.48088659209174167,0.3624206555223692,0.4606226763956958,-0.030030276067949665,-0.0296903635352561,0.07874952668015886,0.08129441336915981,0.027964549704667354,0.07931218095884139,0.022183990484010502,0.026123664938962808,0.19404730863742048,0.2565243068131951,0.24100520703255093,0.2271435235723009,0.012464322284323284,0.012900714859834003,0.1896954819275722,0.25901315279646475,0.3508500153241021,0.22526695306814506,0.00797879462814115,0.008580192212732124,0.2945098948352709,0.3941982109589758,0.334238724017378,0.3689557019895425,0.0017070827860030707,0.0031608810490947746,0.06585233197648048,0.9695050605396673,0.9999989718661547,0.9574103760649665,0.1221986726678521,0.1226874476190327,0.06551494492738141,0.9695450970206536,1.0,0.9574325271616588,0.12217997100683671,0.12264017492698015,0.04237798006483905,0.07251175664595724,0.06427812501415243,0.06297589049052182,0.2661801932080166,0.2652948522756391,-0.010351485863169894,0.30343943235272286,0.30498021039824447,0.29578419105749243,0.1531806761525488,0.15227566369528153,-0.005434226531272469,0.32549744715249607,0.3267663261748529,0.32049911332808356,0.15198771479469955,0.15104119117573978,0.06828028182028278,0.37410102622130637,0.4243519193131488,0.35674778052297196,0.15554751980699916,0.1550752712815113,0.021742448035938243,0.06988537271098806,0.14206064496827767,0.05253405575738432,-0.07043485457468643,-0.07051423243819678,-0.06063998493136656,-0.06349972919580694,-0.009882039785176277,-0.06272264940119757,0.024254480236334038,0.022313880994180777,-0.019896383713117142,-0.016464744523904694,-0.0032754450914004632,-0.019975714460744632,-0.01806565330844383,-0.017648255288276953,-0.11081888413957826,-0.08546950477448183,0.05752375280506224,-0.10220024362564394,-0.01682782114599692,-0.017257584440273435,-0.01021398386242939,-0.0041998988157565765,0.005335806623190874,-0.009228885142326573,-0.03147719156153011,-0.031207851792429013,0.03717250704101614,0.08977033370667618,0.10471672715416563,0.08341224041069377,0.039969009493711065,0.0395198986627076,0.012071873540132892,0.0687439406723263,0.07284603141663801,0.06294616680708635,-0.0554868569501734,-0.0548872356211571,-0.05783144116143705,-0.0659392376152713,-0.03275474443937154,-0.06346838744925958,-0.01663160022501347,-0.016892784145522134,-0.022735687931910366,-0.014623663771892425,-0.01219117630365968,-0.025277784882830816,-0.05737275760457131,-0.05723146859637719,-0.11540838873090595,-0.06756901221848473,0.05642114513190235,-0.10307512455430652,-0.06312889577758875,-0.06318520543310513,-0.030529321854979405,-0.01739141098979041,-0.004768685823941824,-0.023226910962603597,-0.04542333487003432,-0.04531242700813192,-0.0031310551399753436,-0.0057413861877817305,-0.007124958297278279,-0.007309205237218629,0.020093715312845442,0.020040531512750637,0.017835656206883824,0.0014016455165511324,0.014696477148153907,-0.0004246246191561521,-0.002023399532290438,0.004519061624260594,-0.005194992689781361,0.0009465622435275083,0.00881507119810693,0.0037288712585801702,0.003585111159446011,0.014696457426383197,0.04407511366404089,0.010599217945311929,0.007163941060124691,0.006124169432864335,0.014696477148153907
Local_feature_67,0.020830714487864763,0.013240474115659366,-0.11881832320476768,0.03022694772422881,-0.007648128743998612,0.03221258887489548,-0.0013916919419789445,-0.002617025285103274,0.008398907861152884,0.10795909529539995,0.0021003009530819418,-0.19960807232183878,-0.1974749496880738,-0.007678003501859047,-0.0010969171589328892,0.13569799820519213,0.01366189209805364,0.0037033064150795826,0.0255423800017989,-0.06398353610920018,-0.0633746537270049,0.3298622128707088,0.4618604479241184,0.34823150148255466,0.4431586399881735,-0.029800024528037976,-0.029278435889356445,0.3297768395542704,0.46180671270477763,0.3482314786594027,0.4430927159047688,-0.029799711418515777,-0.02928700654593416,0.10114995091845226,0.10082269365456985,0.013458016513396823,0.10148561062946215,0.020988151593010214,0.023786530309597712,0.17649834790428928,0.2355356817916143,0.22823528818145838,0.20802986681396235,0.010402665705871108,0.009997819070349577,0.1720428425573434,0.237658248780301,0.3328023423613053,0.20584070076659505,0.005949163578149568,0.005563147257338094,0.27666602375065097,0.3816439604597923,0.3276657305896097,0.3521929574172634,0.0019397541262605137,0.0028971923301721295,0.33500539070472757,0.955390868592771,0.9573971645160315,0.9999990294639162,0.11011952897887871,0.10979105307830227,0.33470723394599605,0.9554432009883924,0.9574325271616588,1.0,0.1101005948656282,0.10976883945114604,0.07456570288198361,0.0808380505605863,0.07870489228241881,0.0816321398536637,0.2442347522609733,0.2442656822652249,0.030080396464615123,0.28623163056656636,0.28785263237708647,0.29128701521727657,0.13989742926029708,0.13946136182990607,0.045871074793768694,0.3069675043295288,0.30887902527209127,0.3139447327014934,0.13863855771578504,0.1381939952463371,0.11515729873049402,0.36164120852537035,0.3958401655042472,0.3685596276709244,0.14445664912679865,0.1442153775377108,0.02128782207922522,0.08614253272794341,0.1530816926235478,0.054415322508711214,-0.06664137467130611,-0.06672744896942193,-0.06286558332812459,-0.06559111699996743,-0.009262153208621247,-0.06483223938333851,0.01845515840856062,0.01712089679105661,-0.02107643747421234,-0.008868264384686308,0.002732710424321049,-0.019630420555238285,-0.018329561729468105,-0.01823911647260849,-0.11703341885105252,-0.08137582757502217,0.06668784806768117,-0.10269161741855491,-0.014635672078140836,-0.015539264775768164,-0.010298073591431506,0.011134124324478266,0.015255373151773317,-0.00800263215487741,-0.03484485749223548,-0.03488581042266894,0.043221574033453815,0.0977273721768663,0.103253958954988,0.08776574483132168,0.041819797047755285,0.04162233361744952,0.030875599212785692,0.06381851190199171,0.06711667715707792,0.07186679919337047,-0.05346222160315933,-0.05293780646595465,-0.05958370363562423,-0.0702410633907774,-0.035248910488854396,-0.06546259999580253,-0.011828179891121896,-0.011844223242915307,-0.021259793943542778,-0.029023672845122278,-0.020071057680014326,-0.029592222573236508,-0.05346236305004441,-0.053463956724728215,-0.10624235898032901,-0.07928246003001818,0.04054615442361702,-0.10624015949283072,-0.05756689125895356,-0.05760865006170435,-0.028426513452440846,-0.02893983163454369,-0.012542499238378036,-0.028030980190914496,-0.04034845374933856,-0.040125884322346275,0.0037435127637146727,-0.01038202614115993,-0.013330372794139162,-0.004207907268579247,0.015008413258071096,0.01509325152493753,0.03806355175207268,-0.010988983247473631,0.02068369255637247,0.013423425106312495,0.01886610282526033,0.030189619321619395,-0.007664847382056962,-0.002771309468894653,0.00824838313758214,0.001946830079905982,0.001791850997166166,0.02068398443957164,0.13548671337976728,0.013523567397791128,0.025384356938364872,0.025838933174603024,0.02068369255637247
Local_feature_68,-0.004886616467516996,-0.010299354933216726,-0.06253441503584199,-0.016142791697885295,-0.00946087421049401,-0.018263245109594147,0.0029889473287292435,-0.004454863527923806,-0.003915605397294448,0.00506196605195835,-0.004244524618580923,-0.04755984728879845,-0.04678307599740464,-0.009275498361397471,-0.0029566731754941383,-0.010731649391871696,-0.004705437295237796,-0.005126446460149196,-0.007075543559870046,0.5147914061717046,0.5137519408686496,0.08002082131550448,0.10004980554901952,0.06827938634920713,0.09944249399289844,-0.004678891927183782,-0.0023724527526187344,0.08004394650658027,0.10006326193801138,0.06827920819595748,0.09946246745104025,-0.004688451197447315,-0.002439383644204555,-0.005819990410166579,-0.005068553310695446,0.005831808091843803,-0.005695179713705472,0.005120778584986438,0.0061625388014646815,0.1528055149484882,0.16094772975852834,0.05376971600053409,0.15852569570820496,0.024323460312766162,0.02662610044200727,0.15269280226274048,0.16484672398961134,0.0734519426235256,0.1596626897225636,0.022013507649969306,0.024221800360667352,0.16838215129979517,0.15071466567038247,0.03862929124003909,0.1697365650356178,0.029141939292107292,0.030190590928742315,-0.01565312921760139,0.11546797684779517,0.12217520457068301,0.11006839830079924,0.9930195377331743,0.9884755018033151,-0.01561651674202272,0.11548928539941462,0.12217997100683671,0.1101005948656282,1.0,0.9953847745283549,-0.008575692221023945,-0.011662209303637682,-0.013194996137195823,-0.01396809134368349,0.25673614729783706,0.25702772741648783,-0.01541481002119459,0.15805981717119702,0.1618249437680657,0.1549530256392877,0.49047540269610257,0.487833550474837,-0.01257760255519023,0.17230186156276103,0.17578201047413577,0.17138886166347886,0.5020950073615859,0.4997265047351098,0.0493079538026903,0.10287402919098312,0.11636853909954814,0.11642324899989379,0.18560883809241926,0.18227743517426678,-0.00978703161038536,-0.008587316638008468,0.00962528848019547,-0.007669757170994092,-0.011550758140325289,-0.010111070282607618,0.034223420692545165,0.03400054226237633,-0.005321911065139039,0.034021966448161134,-0.009777802083135825,-0.008771742951703753,-0.005494865846331196,-0.01777366975700014,-0.02124668003815616,-0.010090278133570076,0.0004296074302286243,0.001134636108676415,-0.04802923325871434,-0.0738378899269698,-0.04482348530448807,-0.0636865412827868,0.010902199840149401,0.01142515302854988,0.004631616237546534,-0.009357067366693875,-0.01828450752331005,-9.85348619998975e-05,-0.02643756857337668,-0.02733245159038058,-0.00288560956251086,-0.011697702147795787,-0.004349468461161395,-0.005273566563293923,0.020602916574013547,0.02254345969930231,-0.005583518150695964,0.004015276488679248,0.00928275609211949,0.004096937313037012,0.3494969749507879,0.35067945997903965,0.034417457280174146,0.028636514436630626,0.008162389107361497,0.035874250187736975,-0.13256570004549686,-0.1328093923404322,-0.02046051196034409,-0.016262782422723655,-0.0027226078464781906,-0.014856297004373546,-0.02587336989649469,-0.025381377594665338,-0.04684842163650914,0.012898599221205818,0.08361407874757092,-0.018969404140903413,-0.11935755251312245,-0.11887194424246178,-0.032819462145252,-0.01334498825117748,0.010268788013791691,-0.011332745115946608,-0.1631513744144225,-0.16337491829578835,-0.004015113439037522,-0.01800130462503005,-0.022684505204217126,-0.01573765919510233,0.12333566777047189,0.12286656981541699,-0.01057335308238495,-0.003056413018635751,-0.005052267626999214,-0.009970698077984801,-0.0183876085104422,-0.016248653002943342,-0.009507004702237571,-0.004615471043931556,-0.004076807469282827,-0.0044058643852894225,-0.004348836415740561,-0.005052491478288987,-0.010875622783370857,-0.004868768464269662,-0.00725404930002852,-0.007700775064397883,-0.005052267626999214
Local_feature_69,-0.0029289965819398497,-0.009908520813190215,-0.06031908715475119,-0.016391908241080333,-0.0122906203677991,-0.018371117519733852,0.00240739114194737,-0.0018874009422373429,-0.0019557643098959106,0.003905053556199194,-0.001668865602748242,-0.04701128001183219,-0.046136839067474594,-0.01247604179706791,-0.0012344368179256066,-0.010964244022946821,-0.002806099337197279,-0.0046619542990945844,-0.006997441149267592,0.5151600670399097,0.5178381282123372,0.08707943357123263,0.10376427419593111,0.06758569997822349,0.1051195887319106,-0.004850052088008474,-0.0025204846826964557,0.08709887337225655,0.10377519395932132,0.06758574922683941,0.10513619079733459,-0.0048603017666053435,-0.002587568768377322,-0.0024792836341980483,-0.0018982804991465698,0.006576279015466493,-0.0023260047686369236,0.0065039713108622004,0.00726188615669045,0.1545073829069796,0.16208432225455488,0.05291195890391488,0.1600091262935874,0.02525561519604363,0.02729589708303241,0.1544658174047125,0.16620064766143836,0.07242256429294523,0.16126667713950343,0.02267034276488083,0.024618833804738973,0.16938829747632675,0.15135454828802425,0.03859824750991278,0.1706788149875414,0.028876703050761413,0.02999123914996993,-0.016138786743764216,0.11835410430051202,0.12263615027661373,0.10973690428286596,0.9883757702019356,0.9930243537101118,-0.01610263474983695,0.1183731447484266,0.12264017492698015,0.10976883945114604,0.9953847745283549,1.0,-0.008582240761501325,-0.009831784075476337,-0.012651363908988501,-0.013808409764930966,0.2561427038029182,0.2562475579802204,-0.015477702221346033,0.1586885446058277,0.16151858831007507,0.15448649398522976,0.4890356430397015,0.48890957266448165,-0.012623289145472023,0.17318095219358298,0.17553114099406833,0.1708972969261203,0.5005402928388996,0.5008744753006085,0.048947960118230785,0.10375835208073701,0.11680675946798971,0.1158819727370992,0.18574043067488705,0.18297897784990233,-0.007846482721413011,-0.007585666584085937,0.00846734853900972,-0.006047823147449413,-0.01218555005724949,-0.010646607749864109,0.03494910601785376,0.034759971390515176,-0.004975453729280328,0.034772295858972846,-0.007875835685105127,-0.006766481410010713,-0.005114344560666714,-0.017488083032483025,-0.021022136524359154,-0.009660132116965845,0.0001262094863340762,0.0007708739051086359,-0.04582196625930363,-0.07191945821139277,-0.04512975555215577,-0.06148619419495538,0.010389331373320107,0.010871255838419412,0.005087079315147152,-0.008768279828189667,-0.01719253474802887,0.0005311663238742361,-0.02605564060522656,-0.026994654437504893,-0.002897630019868193,-0.0121243651482238,-0.004861185083510549,-0.005600895882335443,0.01959712537323525,0.021596116266446558,-0.005671933640096143,0.005098969793401292,0.009458475799597712,0.003991299093901262,0.35040936009862866,0.352682940412169,0.034756145244613706,0.0285123960005048,0.007462633387597857,0.035993958506967204,-0.13208638938485845,-0.13251161530641575,-0.02039938642013503,-0.01332007522205275,-0.0013634923828845398,-0.014096032563375643,-0.025104789584456506,-0.02451412773654212,-0.04718821732467555,0.013453840284216765,0.08400161082807409,-0.01875381418073985,-0.11785366841156594,-0.11733872409110276,-0.03252239979103661,-0.011991743775207293,0.010849544505670862,-0.01084624855916838,-0.16214812512080023,-0.16232665683229305,-0.004091066530051451,-0.018300056150424255,-0.02248134230693214,-0.015902588204641705,0.12301698287839591,0.12287955308786079,-0.01045240908182246,-0.0011718995359849018,-0.0030876491578272314,-0.009578146404585786,-0.019944918716112797,-0.016498189812538606,-0.012343680963605304,-0.002039571089556425,-0.0021100321784089135,-0.0018217276929105308,-0.001742633584301177,-0.0030878654024145405,-0.011107811827276739,-0.0029625389901069706,-0.007173614121955091,-0.007831345127554774,-0.0030876491578272314
Local_feature_70,0.07043019739294736,0.0034322138849828807,-0.008399411927236262,0.0027110189609560846,-0.0014870225636446903,0.002528643699619541,0.0019004523848066429,0.021869354682947536,0.021635187614904867,0.002255903446116555,0.02203848806270951,0.0005928663220204642,0.00036821473637387687,-0.0014922800259832053,-0.00024123616082813613,0.3208360916010307,0.052181659238927675,0.032950588371379874,0.08282142182467563,-0.009602083514019926,-0.009580759869603769,0.02246389202480607,0.013356333214738635,-0.001486117615151552,0.018247721595623684,-0.005984073563923281,-0.005375076743937695,0.021510183714046702,0.01274810269745571,-0.00148609688916487,0.017440877196333943,-0.005983837126153984,-0.005375841956487048,0.6628131831493036,0.6545619010183477,-0.0006473046531194302,0.6626288009898381,0.0001305594891569354,0.00011700492386347592,-0.002671548302949926,-0.003009489168978073,-0.001497605565341586,-0.0028653151009951504,-0.002266849153395994,-0.0021875653127815305,-0.003188517974898069,-0.0035288747289928205,-0.0018699671552046015,-0.0033694804890537695,-0.0028848807008011374,-0.002223541840677451,0.006029241297115949,0.0077598719469496764,0.004068760937614072,0.007652091497500266,0.005311472625166406,0.00467605826440907,0.1388769399446082,0.056915791915248065,0.04183926560396069,0.07517990924288047,-0.008572251647773664,-0.008579691952705042,0.13459638336934032,0.05686444530177801,0.04237798006483905,0.07456570288198361,-0.008575692221023945,-0.008582240761501325,1.0,0.4032216656424548,0.3753346263120933,0.4455201621663722,0.0073732287570175145,0.0073918478760616555,0.03233785840925648,0.003957510109513132,0.0008425755963679124,0.007642172341050721,-0.008690869218906867,-0.008670922673568981,0.015204989798219529,0.001191554636556938,0.00036676068125565876,0.0024893135018444253,-0.009060442497783431,-0.009046847114405312,0.0997571758138159,0.025005475864156638,-0.011964092093063766,0.05609186262805666,-0.004006362679193142,-0.004007682703194476,0.021075333579897628,0.04432418370493957,0.05990727279752467,0.03180135677587149,0.005241580260716737,0.006972390946203287,0.006150917884060121,0.006814717814240025,0.005450750166411245,0.006610016424744493,0.007710855401894224,0.0031041495129284853,-0.002346222867839452,0.0024445483185998617,0.007531619096342694,-0.0007340028248653975,-0.011323762785842186,-0.00823185832189607,0.009143757450695338,0.012138751887957286,0.005173541122542739,0.011468009026727271,-0.004838326293876849,-0.004837418242034466,-0.0021188235809105165,0.013734574057082886,0.033238115359768304,0.00523712429658075,-0.012336200956289255,-0.012427551771769425,-0.0017229126512104125,-0.0016174637530163942,-0.0011588987385043807,-0.002038524435667369,0.0010566335487598095,0.0021375092792704515,0.11058943758132642,0.0476634749029374,0.018403175321617577,0.07836064021249817,-0.005580345059072884,-0.005572931787244941,-0.1494400716506045,-0.1340664137782774,-0.005857676324066953,-0.14727775958447104,0.0082938149541925,0.008279483597493717,-0.000270972791287485,-0.007626876411473881,-0.007918713164633138,-0.006218448036494535,0.0076352056514809785,0.007641857237226121,-0.013062844050601834,-0.030765860472002818,-0.018664268281966292,-0.025314734669223134,0.00911328266655446,0.009114439125106438,-0.0026241361325711095,-0.011931816928961678,-0.011572222651618846,-0.011346372908966392,0.01007857777301182,0.010089299793134379,-5.2917090372511844e-05,-0.0025350594116070584,-0.004005928958744624,-0.0023122344337118688,-0.002524760854470576,-0.0025027036195940525,0.003092492660804614,-0.011713252662015217,0.07042054674723329,0.003453522598203257,0.003474514488970892,0.0027007842950251175,-0.0014910307778951521,0.021857150671105798,0.021622580488488682,0.022026144668077282,0.022068361402656472,0.07042057736194228,0.3208547875677553,0.05217051859426221,0.08281291844009438,0.08435999766600773,0.07042054674723329
Local_feature_71,0.08930803232671619,0.1256917247395791,0.036668424145950416,0.06325162493742408,0.017849420834302625,0.06985292628465506,0.0008612284093911186,0.036822203379450885,0.043343467961619,0.02091811224194725,0.03723924083754271,0.000872959474836136,0.0034767903941892025,0.018437079181408553,-0.00021332329908866954,0.26188237901050077,0.07325338958872941,0.04340988660895887,0.07905714051980754,-0.014968492044614626,-0.0106312709418629,0.078196549814534,0.07155053694329543,0.005936314288576202,0.06658551100618393,-0.0025021536934661196,-0.002967907347678749,0.07737670591882977,0.07101370647264785,0.005932356754296782,0.06588878403076046,-0.0025021797746098643,-0.002968894809326486,0.5768360533676412,0.5837499682924503,0.07022844549734736,0.5776423568453338,-0.0015786550710055998,-0.002126827217304185,0.011910432063934825,0.01642497904057275,0.004197914887302214,0.011857362873295493,-0.0011825309006374624,-0.002506109375144132,0.011524547825850402,0.013987763099835014,0.0032084685609663362,0.01156561225147147,-0.0012060116420572356,-0.0024483520758151575,0.020763019140199363,0.04596622778915591,0.020672927887504952,0.025585936059846895,-0.0009434957223145367,-0.002407364553389327,0.08755887952137816,0.11294967245251632,0.07303799414501232,0.08220254186677459,-0.01166579160318748,-0.009784131674129313,0.08418201765242446,0.11198664127604949,0.07251175664595724,0.0808380505605863,-0.011662209303637682,-0.009831784075476337,0.4032216656424548,1.0,0.9893949189332277,0.9827637666774395,-0.0017901220864219042,-0.003684905619307961,0.0005254461026114853,0.020790657777727144,0.005825050924237811,0.0016015661867109022,-0.012118206779741706,-0.013417335175208168,-0.0004380680052292177,0.017509342825082957,0.0040934298439791825,0.00015671672849615608,-0.012658108902055903,-0.013916755717207824,0.014683844300591106,0.04225765268759895,0.02098657831219867,0.024907096181552922,-0.007114518083384717,-0.007836922221974267,0.03051403869381756,0.07494176718260856,0.07290665646660034,0.041922175116900176,0.004661182831853608,0.009426840434109988,0.023828541489222088,0.024737804295178342,0.00475357631151183,0.024497448534307804,0.00652858425839567,0.0015394081902244613,0.001275988904896896,0.06367418734703373,0.05611589509573671,0.0107817122009892,-0.012817541441590656,-0.003907132165891783,0.0007985438362770089,0.035244777415541585,0.026475327565275295,0.0257922019680949,-0.007280647499587283,-0.006205156467967391,0.0015952996617532263,0.06929998899627932,0.07812657937393833,0.013550323666815033,-0.013140396474533137,-0.00785510507672836,-0.0018511042567690966,0.020521657245734605,0.004779938367051016,-0.0017974126775138675,0.00014670860254413468,0.003112402567855026,0.10251284871971396,0.128134913704549,0.0957041240779076,0.13014034037367916,-0.009326998248187723,-0.00847178379340966,0.016515560753758544,0.019819365968188247,0.0004561700295906028,0.015596556833701017,-0.0005131599842007537,-0.0007666538290328201,0.0030090261082149185,0.036866993876311135,0.012013815882392136,0.008758959554768036,-0.00034370263318783754,0.0001818575369096563,0.0045223405313757434,0.0231794049020809,0.0017268232905053983,0.020586015588678428,0.005191062975090801,0.005233907781485732,-0.002793961269550862,0.014640744281643895,-0.00018446285529298518,-0.0036778681530904712,0.017854871562669676,0.017913264067058093,-0.0008275657245659581,0.017861292602277992,0.013794005865202777,0.0033856781947203415,0.006763056326748097,0.006460942354290233,0.09346133621743001,0.03237288218183997,0.08929606642642672,0.1260059487169827,0.057085238119837955,0.06324118721509928,0.01784521400573177,0.0368075166450949,0.043328745762711986,0.03722440530779856,0.037009162496437216,0.08929887798795595,0.26189608040400497,0.07324000878529631,0.0790447980115729,0.07789909371431662,0.08929606642642672
Local_feature_72,0.07337956937758625,0.09418490164086725,0.02555742700635014,0.050461694351899865,0.001423331695966435,0.05561918139716813,0.000921790499751115,0.02446576626163534,0.02849804899346397,0.012891990815824395,0.02477506272085328,0.001547188078627876,-0.0009752569411683444,0.001499878938068144,-0.00019347953697274365,0.25810602323398746,0.058576826894714634,0.03955772862243073,0.07794514519688064,-0.01593266004421972,-0.014576476233005783,0.03640448962804041,0.038833828090853534,0.003929268070458275,0.030966136452282206,-0.001950129913411617,-0.004862220469783033,0.035618376599249615,0.038329781456758326,0.003928214218433825,0.030300184168078975,-0.0019501162270705898,-0.004862520601522793,0.5485442993448755,0.5451055765269599,0.016969340919142734,0.5486247124952627,-0.0002585014057166963,-0.0004264412691816263,0.002182631165808878,0.004067989084130681,0.0014163594922320776,0.002179094016778343,-4.656293701325845e-05,-0.002535712776841891,0.0018599312820553296,0.0030529257172570217,0.0011473356445833975,0.0018660170219180396,-3.451831832073212e-05,-0.0024933339866596966,0.010074849144674372,0.028380112572688233,0.015351782706882313,0.013487381941625971,-0.0009428766747461761,-0.0026555279118425134,0.08511740005220504,0.08142761645844329,0.06483495081313809,0.08008837108541428,-0.013197874791230604,-0.01263816465100042,0.08180170237170344,0.08046608348228712,0.06427812501415243,0.07870489228241881,-0.013194996137195823,-0.012651363908988501,0.3753346263120933,0.9893949189332277,1.0,0.9961711327864285,-0.007122575470236988,-0.007634928193923583,-3.747163340352336e-05,0.007633759690432495,0.0034282960664974702,0.0020178026493843587,-0.014346763961501113,-0.014735156277457718,-0.0005703091138862568,0.005928360739468081,0.0021625964774403023,0.000864755700416078,-0.014726440887751253,-0.015096545613044304,0.013336912899202911,0.023741481783183565,0.01679932816322367,0.020912031443773987,-0.009824552176717656,-0.010085101402630265,0.01939632780636341,0.05892118590015258,0.06772118412677408,0.03044915857962842,0.004907969124190829,0.008497310250955535,0.015940663881874,0.016766270361274666,0.0051285434303750335,0.01652787869614858,0.009248756110516006,0.005094903540191503,-0.0009581751752919961,0.052552231839960696,0.04995161107868852,0.007578164528427895,-0.01285038834863603,-0.0044357670564022225,-0.004568142523007778,0.0254978365333317,0.024022760650939525,0.01702537140401735,-0.007532057476376898,-0.006375883332674126,-0.0004295235596996227,0.05636615783565636,0.06893699558230246,0.010288596143817594,-0.012665572354946126,-0.007686418783736138,-0.0013757554711132107,0.020941994028414603,0.005379864916845488,-0.0010532047244224691,0.001373288647321463,0.00394236737058317,0.10214317171003053,0.11048749376262694,0.0918278852916937,0.12954900646499726,-0.01146526007285697,-0.011213355410274147,0.015583722601884013,0.014093264326948908,-0.001428437507656986,0.0147737596595222,-0.001916635940906562,-0.0020358076229916844,0.004380203866606436,0.009928159810791086,0.003105370612903103,0.004540494261876021,-0.0019906214142412625,-0.0018173728647832984,0.01210423982425651,0.015003530720379334,-0.0009443836776450532,0.01673811960433817,0.0029847043626645316,0.0029946283616461462,-0.0010170430294330613,-0.00040428980954893646,-0.0041627719229736055,-0.004724768369443732,0.016804567733026247,0.016830616203799453,-0.0001314051994432286,0.004110910520172627,0.003140202858455434,0.0006715233895553399,0.0058292388686407536,0.005710106830283312,0.06954951406810861,0.0019184525175430889,0.07337237468818153,0.09441901999486627,0.03943014079044975,0.05045496215751299,0.001420377146978095,0.024455864903257168,0.02848809718710243,0.024765062642479983,0.02464111829758727,0.07337447703840651,0.25812082905632106,0.05856842650911224,0.07793854598617835,0.0784362940003071,0.07337237468818153
Local_feature_73,0.07241752460458067,0.08293931269494055,0.02063412804322424,0.04542863606388297,-0.0003193402462676671,0.050000273406926386,0.001076289408024184,0.02202404973122233,0.025139838649706606,0.010062911379483935,0.02230290709257096,0.0016172949984875201,-0.002105746195443416,-0.00029747076399222835,-0.00018847914740007687,0.2763448335060227,0.05677331691246211,0.03977417124550413,0.08207041873610026,-0.01650440904677385,-0.016051268481797786,0.025373904250959953,0.029734111068853892,0.0032025380633978503,0.02151973371655711,-0.0023162257796459813,-0.0056998417794915145,0.024540821075777413,0.029202916987094426,0.0032022604456152155,0.02081471415947658,-0.002316174016482468,-0.00570000523690182,0.5797006944438781,0.5733552471706966,0.004128922088378356,0.5796017645857452,-8.068568559286497e-05,-0.00011329804572081385,-0.0009270501820780762,0.000299818096289068,0.0006192511003502079,-0.0009169874918713913,-0.00010436991145108995,-0.0027335922302230637,-0.0012541172714080177,-0.00040476917258974705,0.000535999271726615,-0.001259544035507738,-0.0001400515299542961,-0.002703271470437418,0.007089539854134875,0.02312351217126768,0.013732158607652058,0.010142924004795238,-0.0004091814231537525,-0.002155315710116374,0.09389252575739533,0.07454086057361735,0.06346725491801163,0.08302063411006036,-0.01396948160834487,-0.01380509696265211,0.09033119337501487,0.07361530504852913,0.06297589049052182,0.0816321398536637,-0.01396809134368349,-0.013808409764930966,0.4455201621663722,0.9827637666774395,0.9961711327864285,1.0,-0.00781057150654003,-0.007947560057523556,0.002835739822766636,0.004006461122985287,0.002567114191461964,0.0026915588213980604,-0.015289502030657839,-0.015406757421029177,0.0008411284018308925,0.0025645017063907496,0.001477054805814028,0.0012098135108541104,-0.015647315162513494,-0.0157565360777457,0.0217424769227818,0.019944511167044574,0.013564702516168025,0.024009908067987695,-0.01063024864686135,-0.01073848533159878,0.017563698788477654,0.05631245202008362,0.06906180078841069,0.029054919631324328,0.0051738234613198575,0.008476530046134422,0.013740370228220763,0.014569418155424342,0.005497783518636649,0.0143237019870571,0.010325592927105554,0.006084271560210175,-0.0017517610601614849,0.047866870670582394,0.04721180244024126,0.006380804227755112,-0.0134144944063352,-0.00517421961624952,-0.0051149588847470085,0.022938418169465267,0.022939767621094852,0.014971873245440985,-0.007779403624307514,-0.00664767477722776,-0.001170800109206875,0.0521511364924618,0.06703409003138337,0.00952743433262966,-0.013213001793771459,-0.008505536905025266,-0.001335123744056443,0.02008935049972002,0.005228913007435692,-0.0009798465675937014,0.0016483509321055655,0.004092534933927664,0.10814407829176587,0.10570115951016922,0.0885903079578378,0.1312770452284547,-0.012170619274187625,-0.01209770182193352,0.000772982144260641,-0.00033268868932131046,-0.002392185952395899,0.00022851751154017417,-0.0014439745021532142,-0.0014934275189719274,0.004552961255317322,0.0024835228013054805,-2.4098627584962763e-05,0.0027151657232788893,-0.0016883287566543887,-0.0016270288238724806,0.012392461589372234,0.009299033193172738,-0.0034192516203707763,0.012637668045174608,0.003084179761190527,0.0030803737877164845,-0.000719666133135734,-0.005174794095089503,-0.0060468140142224515,-0.005782599843180254,0.016748180978202246,0.016765225860418665,6.123035194023037e-05,0.0002174678780123429,-0.00026278385409675696,-0.00034621805501000965,0.004979589731153996,0.004946163648915381,0.06069448574204385,-0.0052090884553925194,0.07241108790766605,0.08314603350296408,0.03497312109714162,0.04542230132958503,-0.0003221495472120575,0.022014779008296376,0.0251304774297451,0.022293542790286117,0.022209881678037596,0.07241293392294795,0.27636111338094127,0.05676563569704122,0.0820649264879897,0.08322647201670733,0.07241108790766605
Local_feature_74,0.011401704931685724,-0.00965852911795557,-0.09187564943587335,-0.006567466392979538,-0.006617439399057901,-0.00941458633985927,0.00795491798912234,0.008217068080686835,0.010698132639096549,0.016854366538868147,0.008834546382488439,-0.09616771571720509,-0.09345376873201393,-0.006622291540614907,-0.0012801298215375256,0.009017939633800313,0.011127882875902037,0.00882366891780325,0.009158756768536455,-0.002649501165946202,-0.0019088642360604933,0.16721829167925809,0.20289411157255746,0.13254847683670468,0.20381101055689568,-0.03053289304898869,-0.028108167603091642,0.16721910131794715,0.202890623156783,0.13254782161340514,0.20381203298348965,-0.030541784588949926,-0.028124448276720514,0.020658580484797996,0.022874949471131854,0.01802830407524404,0.021010436963150844,0.0036674519754283223,0.00553251733050774,0.22920848144641448,0.25242750107337514,0.1138948884381424,0.24392338760810126,0.02325768034796827,0.024753992467153835,0.2278042005998346,0.25502557117467656,0.1512455816307912,0.24287110370074882,0.022336936755234175,0.024298315442356205,0.28392932587101216,0.28262749218191674,0.11518183308715346,0.3009254371403979,0.030716018299300218,0.03237764910244522,-0.014499146278228237,0.2568086463725409,0.2661516718090332,0.2441957266376947,0.27126126117490684,0.2708768178307084,-0.014593373226192145,0.2568457219183165,0.2661801932080166,0.2442347522609733,0.25673614729783706,0.2561427038029182,0.0073732287570175145,-0.0017901220864219042,-0.007122575470236988,-0.00781057150654003,1.0,0.9970345635683956,-0.0118289008464293,0.26905829182287366,0.2711651175091278,0.2619408266660158,0.38640507107705196,0.38560362776500795,-0.008556531183733677,0.2824265656193375,0.28440672719325116,0.2783381462657401,0.34110423656487393,0.34028951252391776,0.0714972161943827,0.20553858851201928,0.22368148372265764,0.2106427651438574,0.28427569864153956,0.282188410702995,0.013362777218140815,0.026801516919696212,0.04764759785118096,0.023151203006737096,-0.02683442728994282,-0.02491393971440001,-0.01702619743051372,-0.02002401264493864,-0.016748477315465582,-0.01918112603570617,0.013488851920033169,0.013853144839344592,-0.01721758969621649,-0.02300309046825031,-0.012976145707851897,-0.01937729035688935,0.004315014069779563,0.0029577274440625093,-0.07072753279528832,-0.08235964274359146,-0.012702174673649423,-0.07999776215249498,0.002765238687463827,0.0030921284996664813,-0.011003909422702152,-0.015517307889495987,-0.013613132207351126,-0.014424676548115216,-0.030479892942715664,-0.031302417169812614,0.019812300616594163,0.031989332773024376,0.03817802111192992,0.0345657162991102,0.0252258228500495,0.02636859460939229,-0.002394496337177958,0.028416477655883732,0.034249178512239915,0.02492758653545296,-0.031260464230937264,-0.030771868943849295,-0.01455364796269937,-0.01898129451099642,-0.0069905888716635285,-0.015443204894943195,0.020907458102435463,0.02217650812818898,-0.02448717902446461,0.0027442219533081623,0.01371951244548081,-0.004480187455099132,-0.0856953708431383,-0.08478342479093127,-0.08204147697534561,-0.016593299950100057,0.08111543140606037,-0.055879718767724476,-0.10629525410275707,-0.1062749798226645,-0.037295616227054074,0.002349494554812423,0.023668619437867335,-0.0009869057808335247,-0.07541614736469045,-0.07528764737764908,-0.005709380595488889,-0.008080993235681466,-0.0027605284684882867,-0.0053998344943804845,0.0478521458795637,0.04869293080959316,-0.0008723505895840164,0.008519776476307403,0.011325784410993986,-0.009498797028674793,-0.008680033785876345,-0.006567941460905587,-0.006623374716122265,0.008133341930783279,0.010620639177067685,0.008751817264318729,0.008730511542180085,0.011325560127190267,0.008861570808073527,0.011059179743384981,0.009066749092386818,0.008722958723016138,0.011325784410993986
Local_feature_75,0.010123687788341437,-0.012514984175918785,-0.0930478669089229,-0.007597334885257192,-0.007136780792539075,-0.010568691616842258,0.008089995773349077,0.007243910364815411,0.009411812606460821,0.015619520830592905,0.007815803562343581,-0.09619663424753953,-0.09388618653778052,-0.006861598418068957,-0.0028890403766934436,0.009242670714070745,0.00983682908143714,0.008551803499041877,0.009226348371774743,-0.0028406939108657327,-0.0028701625697145666,0.1616737556522927,0.19908496821354463,0.13272216368935483,0.1992489380510352,-0.029952982231276227,-0.027524538838895496,0.16167742618637257,0.19908436394341741,0.13272167214671604,0.19925264430998732,-0.02996179059754572,-0.027540820712249146,0.018020426840472278,0.019375372811170955,0.014054671795241261,0.018323786192052976,0.004764138101838828,0.006852907549619197,0.22811271611529513,0.2511236060342539,0.11366332079988675,0.24282888202015446,0.024912683612755428,0.025985467195629462,0.2265416457366377,0.2536904666932572,0.15117815219431371,0.24160999842145994,0.02385344748389138,0.025453058891647888,0.28341310792237095,0.28193823043437416,0.11525463592904603,0.30043328935307156,0.03085536655596251,0.032427855369401105,-0.014124175412027158,0.25339161389698633,0.2652655169970315,0.24422646158767128,0.27137330935763027,0.27088297417116297,-0.01421806664550248,0.2534311686229551,0.2652948522756391,0.2442656822652249,0.25702772741648783,0.2562475579802204,0.0073918478760616555,-0.003684905619307961,-0.007634928193923583,-0.007947560057523556,0.9970345635683956,1.0,-0.011703477768402306,0.267983682717922,0.27119332404905006,0.262345925922769,0.38681003638232125,0.3864691487711834,-0.008471829508442863,0.28109642527104145,0.28423115896811946,0.2785372817811679,0.34134836351158027,0.3408231114193847,0.07264261318031574,0.20343141139859922,0.2232366122912307,0.21107150158622176,0.28456139772919625,0.2825663092691015,0.01257438608230742,0.026366685874106746,0.04844229427238652,0.02252088579643523,-0.02685720263378544,-0.025033704777300186,-0.01754009908052711,-0.020555531942810734,-0.016918765212109273,-0.019700153472093744,0.014288949555353881,0.01466316334309311,-0.01736630814460164,-0.02377029342976398,-0.013339546169680378,-0.019555793849681195,0.003892803669422032,0.002503574337507492,-0.07145479640442982,-0.08305876607925182,-0.012243403969164854,-0.08070943624901149,0.002345922304908173,0.002659530277958468,-0.01141857634643727,-0.0168345453411631,-0.014223930629907186,-0.014716903434654535,-0.031148453525981022,-0.0320125807787596,0.019805164621687844,0.031940920307518356,0.03816997604110079,0.03455648607880679,0.025771223838220184,0.026742900320375844,-0.0022812827886200004,0.025884315290650012,0.03331124756441304,0.024722258668411195,-0.0321752466638346,-0.03183897008916732,-0.016648786388080396,-0.021732820821978985,-0.007841337102793285,-0.017552689767278962,0.02109636047629556,0.02235626726313108,-0.02425880768065039,-0.0006216279561349657,0.012742588401741143,-0.004960788017549151,-0.08620650112999148,-0.0853261896960849,-0.0806976796010933,-0.018041929099619755,0.08020753137447033,-0.056426639510797565,-0.10716980574834883,-0.10712387891284599,-0.037197376172322126,-0.000913533305453695,0.022370931294427982,-0.0019060760613930964,-0.07607977865035177,-0.07590236370004921,-0.005571505019370422,-0.01072069995663306,-0.0035429325546968236,-0.005264573147816358,0.04773376848427246,0.048605580125731136,-0.0023238455505335412,0.005231001216875394,0.010063662525319102,-0.01235789891109007,-0.010011000837658622,-0.007591741784093395,-0.00713900699438518,0.0071762933894785295,0.009349886765762644,0.0077492065247406075,0.00772910773557357,0.010063373924554732,0.00909252631176772,0.009784339310002986,0.00915342607971472,0.008952290760228463,0.010063662525319102
Local_feature_76,-0.009996541310090668,0.011247782908778453,-0.04328478967190915,0.025583411509314966,-0.007286785647892149,0.02581313906725193,0.002401722666598685,-0.01148036551681495,-0.011231836692314553,0.0008353891187076294,-0.01141660243573305,0.007175529791936928,0.013273421758179247,-0.007357374122315896,-0.0008720237193029378,0.0695611915600383,-0.010185287574422771,-0.015165830210713745,-0.003616754212386762,-0.016754407400292378,-0.01674094967090911,-0.006943389375834311,-0.0056652927970504184,-0.0034142561481435288,-0.0077926665234537675,-0.00330103954526393,-0.00040887648620153093,-0.0069462682630405635,-0.005666458494637485,-0.0034141514121881914,-0.007795014901147238,-0.0033019450220956783,-0.00041443056438192875,0.0011458020602307507,0.0006739295886037428,-0.0030447044017119897,0.0010875954250986171,-8.288506220612884e-05,-0.00030309410055434817,-0.014483543573093992,-0.013261213438881975,-0.0004647442347207574,-0.014290505752029347,0.002460738767331731,0.0036521628831762774,-0.016333190459643286,-0.016240278439339804,-0.00412215558538993,-0.0167542519557041,0.0026408171821162806,0.0035486031950478884,-0.011663065134516721,0.012549715883366013,0.019604329240657272,-0.001764182942899623,0.011889000204956937,0.011659402486156888,0.15249100506133392,0.008721742687442156,-0.010355106438514233,0.030080898765546978,-0.015399515677838219,-0.015466614809324906,0.1526082336015594,0.008723407932442723,-0.010351485863169894,0.030080396464615123,-0.01541481002119459,-0.015477702221346033,0.03233785840925648,0.0005254461026114853,-3.747163340352336e-05,0.002835739822766636,-0.0118289008464293,-0.011703477768402306,1.0,0.09564219192489419,-0.007196185285767786,0.20251437078959156,-0.014295404076436055,-0.014200252410594827,0.6992562777544594,0.03175264862938272,-0.015140697753724596,0.08159420148789669,-0.008289887090378747,-0.008213263213578325,0.4197838692167356,0.10152507487794225,-0.05377170698299361,0.23354020429470201,0.001377356191945785,0.001382485702435155,-0.0038175369878459815,0.011736318291877533,0.016269508504294917,0.001608796355116098,-0.005577022145651875,-0.005333867614647261,0.014331411665843818,0.013566242571571846,-0.006501463381831714,0.013856929051183136,-0.012464679168190782,-0.01249850607101985,0.009275194253966794,0.020744001283470204,0.004557916963061282,0.010396506482149011,0.003279190243797295,0.002393887748558215,0.024654840338440436,0.03313622404243543,0.004346962704489532,0.03073756761358142,0.004663534560741889,0.003347599284458342,0.04104410213817183,0.02736057946704544,-0.002832748291446695,0.03772498479111711,0.00209615031433276,0.002269869241798561,0.02624561930295604,0.023472806754712465,0.006026701590724137,0.027668127711270196,0.0006572691931954382,0.0023796593030602233,0.014474338333230521,-0.011656319161930554,-0.016460644505423866,-0.0038846305744124087,0.002849803716719304,0.0028898133330133528,0.011381704714736238,-0.003512054308102747,-0.02689228811175367,0.005637848794759453,0.012531910641489636,0.012490314983224705,0.10125872188266569,0.001869168047341507,-0.03361505798685355,0.03957518344769759,0.008235248616228244,0.008268994918084856,0.042601880094845425,-0.04283745795372026,-0.08630125386813209,-0.001745432387022103,0.02000609359989337,0.020010033505083426,0.09801583440394644,-0.014964510900772285,-0.03928237939160211,0.018463678852544643,0.013560368218619024,0.013635035739240367,0.006542374355942021,-0.010042123973997594,-0.018030311647897233,-0.0047995858083431245,-0.005558293484191445,-0.005449804860292778,0.04381220867652288,-0.050119572928581616,-0.010059118801542803,0.011346423799659153,0.015283121924606423,0.025545864404759026,-0.007303752299696327,-0.011540027971859093,-0.011293140517753602,-0.011476973773063656,-0.011483719200530889,-0.01005885326261388,0.06953484898521481,-0.010248075574799313,-0.0036794381415946186,-0.0031220296100819387,-0.010059118801542803
Local_feature_77,0.015081931337220212,0.0010033160257199418,-0.012875822857810287,-0.009750595340480828,-0.006104300093144703,-0.008880843457673966,-0.003192989048612462,0.01167793356753892,0.014479642781146395,0.01922924863214773,0.012371872530190326,-0.06704730007240413,-0.0621142767975421,-0.005842604908369198,-0.002602034605549274,0.010965466815631262,0.014148991518537577,0.006696331799834499,0.006382611349905776,0.07483236273931637,0.07784123336164384,0.33462080381648573,0.2918812609446602,0.10434038461052415,0.3319130304907039,0.0012953409389821688,0.0026506458337412883,0.33464438980839223,0.29187714256739966,0.10433877328115217,0.331923811972786,0.0012925793835424496,0.0026331397401448704,0.02606851001512251,0.031969864394983984,0.03831638534641049,0.026751345367349102,0.023146787426291473,0.023924918432190644,0.843863341444568,0.8933990129555485,0.2837309294929128,0.883748459514951,0.02160341553809602,0.023200990105162942,0.8548423299267404,0.8879845472237796,0.2269652334139941,0.8776851845456011,0.019938584446209724,0.02171912069654754,0.45442711303680816,0.4173105806882783,0.09163940569917389,0.4598614197397114,0.01338171373182025,0.014885832403179514,0.01946397597541258,0.3126856477938875,0.3034454192290221,0.2862042907056461,0.15807701908487856,0.15872603591824622,0.019451805695002048,0.31269085023231713,0.30343943235272286,0.28623163056656636,0.15805981717119702,0.1586885446058277,0.003957510109513132,0.020790657777727144,0.007633759690432495,0.004006461122985287,0.26905829182287366,0.267983682717922,0.09564219192489419,1.0,0.9872536520493839,0.9804678730589346,0.19976388007906734,0.19834630979936177,0.0665789655775511,0.95146191367008,0.9423193886073069,0.9322301184464359,0.19981178928402887,0.19836985359781872,0.18854874647473732,0.36541825126407934,0.35244997945057815,0.3835833144781836,0.14460258162468095,0.14362145557793254,0.007749425266326908,0.012145717430109415,0.02230220182355564,0.012693809787392306,-0.02379073006807498,-0.022800085066638734,0.04470295943437201,0.04270646621957366,-0.017077968842598237,0.04353190065610468,-0.01735916342538631,-0.0179248861541682,-0.025523446943655652,-0.025973229460433008,-0.01364361971302398,-0.02789539556602351,-0.015874885609344018,-0.015575002652117698,0.001752813399210961,-0.01740903134672927,-0.027742891250870354,-0.00864161815355187,-0.015406127790182533,-0.0155198398197347,-0.008982707239687039,-0.01573594184728084,-0.015278214862524252,-0.012955640176521835,-0.01613039738371849,-0.016173971202691935,-0.0006086828965397212,0.008636931979707245,0.020662017661877058,0.009936608113721202,0.012451420896457054,0.012844796507096226,-0.0014586509425408573,0.030068720790532036,0.026991220785704456,0.018459216080182635,0.03217936626527774,0.03245203824527094,0.03699526140739003,0.020929226248731718,-0.02400733280461918,0.031009278058855342,-0.056038230883316456,-0.055753350462237894,-0.018451412551698188,0.05081158875110705,0.05385488561502665,0.02775499016104616,-0.06914399394287675,-0.06948815988267373,-0.019361132234493084,0.013840391793552771,0.04062138899463873,-0.0011136392839056644,-0.0649055851907313,-0.06511474635833793,-0.03567963126714294,-0.0005584118152038625,0.01332028744585104,-0.011599225216123934,-0.08656298178487201,-0.08743081742238944,-0.004232197959507147,-0.0008566791622353632,0.0052649086160153555,-0.0010005836848426604,0.025982286779043635,0.025927850236016223,0.008692858147590457,0.016770861808962756,0.015451496053028741,0.0015824213183703749,-0.008914962160296197,-0.009706241692319179,-0.006112077733947784,0.01198928847641532,0.014835911571452545,0.012695089852640526,0.012619602338668686,0.015451521570271867,0.011094729124210449,0.014515428668162493,0.006629814915296185,0.0062806663249414425,0.015451496053028741
Local_feature_78,0.006006852342953969,-0.019231246702463768,-0.01972690517249508,-0.01985244744923478,-0.01104422832720885,-0.019592202513812874,-0.0040423081990965245,0.004600111075728144,0.0058296362686311555,0.012791122590505579,0.005132099877186218,-0.07101310138405935,-0.06854480297002037,-0.01091087132166853,-0.0027850477653949437,0.004258688781895883,0.005779364084521906,0.00627268081971417,0.00713644735687854,0.07818554204983544,0.07888483132535315,0.3066668931205882,0.27228451995519315,0.10597244189977215,0.30949061106960835,0.00110582237263375,0.0011544236998761274,0.3067088714029957,0.27229787756132345,0.10597198206714901,0.30951845318311577,0.0011032347515263397,0.0011389649983014301,0.01011016175752375,0.01103454690622716,0.010655662795677104,0.010377913175091366,0.02498840794588882,0.025418258203594248,0.8480762083268436,0.895501555648601,0.28287884101932237,0.8879100590275701,0.02187163891849953,0.02292864731400466,0.8603553666728149,0.8910937628385038,0.22169280871141192,0.8824274822708388,0.02022648287963551,0.021484919430888545,0.45073144750441874,0.407646975340757,0.08842959336501888,0.4546366283330432,0.011943204578241048,0.013362889348506761,0.0028383650912848744,0.29368659423136867,0.3049804782081216,0.28782309391923716,0.16184223377936424,0.16152860851496012,0.002811976247117387,0.29371017103899993,0.30498021039824447,0.28785263237708647,0.1618249437680657,0.16151858831007507,0.0008425755963679124,0.005825050924237811,0.0034282960664974702,0.002567114191461964,0.2711651175091278,0.27119332404905006,-0.007196185285767786,0.9872536520493839,1.0,0.975280892801327,0.2034627123948644,0.20307399745596735,-0.005367976657214199,0.9439140411897909,0.9546061117912197,0.9374941512696998,0.2031398115420101,0.20272734495666891,0.1510762139168915,0.34379835510654544,0.35899457319257383,0.36255584467435076,0.14443288690713285,0.14393085647896858,0.0007858341777503391,0.0009353301809184798,0.017957275964440977,0.004994083939148283,-0.025067006216812522,-0.024575260621455746,0.03670483059647031,0.034668264823222196,-0.016446151565657565,0.035486752260814484,-0.015020652668054725,-0.015035595635569747,-0.02875522908543606,-0.03577801623428276,-0.018862474368137365,-0.032061026486817475,-0.01634457769900087,-0.016347634958464374,-0.007191528522534954,-0.03093815246780516,-0.03143135805070788,-0.020842174583142564,-0.015629665841255934,-0.01559906520317562,-0.015127207599685064,-0.026048463746026203,-0.020668800680752376,-0.019588636477465487,-0.016670741121648774,-0.016927118603616093,-0.0027077830032273846,0.0060149253005306194,0.020336656197866423,0.007588154586157996,0.013362106172074876,0.013006369934889891,-0.002270703308472149,0.017533248876845035,0.024628061887316033,0.018162108416132194,0.031976907519729585,0.03185588941372795,0.03023727148545688,0.011086653467200424,-0.02458958435732572,0.024760373713761778,-0.06085750639560903,-0.060518653361318675,-0.028358115184863503,0.024791841290669595,0.04667181798622007,0.01682644907658771,-0.07216164964145308,-0.07256160873057474,-0.01981530384032348,0.007487534516671854,0.047639812604302154,-0.007526688519380296,-0.06976379663354854,-0.06993097060824789,-0.04493958857551393,-0.01586731324928964,0.011080983547039736,-0.017763446837420874,-0.09084365850849806,-0.09144766899083101,-0.004270321898096082,-0.01106359191276825,-0.0021597187487744974,-0.0033626473822066347,0.026276061319515313,0.026412773722535345,-0.00823354001787055,0.0001621472397379944,0.006259483991987088,-0.018992854815730174,-0.019397077161404628,-0.019945277374290152,-0.011117730855135751,0.0048213506867597275,0.00607462499217507,0.005363147460588926,0.005329170977046758,0.00625904673251313,0.004296650644082179,0.006038248984313916,0.007401406352283717,0.008327851879524244,0.006259483991987088
Local_feature_79,0.0014111086377737016,-0.020833653399945844,-0.03137293051673201,-0.015672844733677263,-0.013358447752265284,-0.015870951860733607,-0.0024783771475731676,-1.1344097319236135e-05,0.0010760216356203473,0.015359569143801299,0.0006961601071736977,-0.06877038222761453,-0.06554853792439916,-0.013351514075199798,-0.0023717308566675835,0.019356859549382346,0.0008888256072094833,0.0023577088414105597,0.006597495455571943,0.0731998546971909,0.0731077478279491,0.2902347436058132,0.2597609083477901,0.1038952834267532,0.294663022274085,0.00044822582536548506,0.0008151524944102479,0.2902803198261066,0.25977847195752934,0.10389517569350139,0.29469458246263697,0.00044559161227843093,0.0007995686223369095,0.005579835517290794,0.005288358633878194,0.0036850089613914908,0.0057439701212970325,0.025363029644650318,0.02557066654510746,0.8210908116452105,0.8669187571259839,0.2748177399430836,0.8597922911354062,0.022214058649111027,0.023371803483282827,0.8327930740156982,0.8619150361872472,0.21302227980766286,0.8538230048291958,0.0206389509878723,0.02193746936229873,0.4352338138430815,0.3973087869154069,0.09006697382880555,0.44093579929347704,0.014193181422817946,0.015496436151882535,0.03811133427556167,0.2845631951132325,0.29578181006708676,0.2912572554794575,0.1549749244153776,0.15449362157761562,0.038113080630053094,0.28459186198790287,0.29578419105749243,0.29128701521727657,0.1549530256392877,0.15448649398522976,0.007642172341050721,0.0016015661867109022,0.0020178026493843587,0.0026915588213980604,0.2619408266660158,0.262345925922769,0.20251437078959156,0.9804678730589346,0.975280892801327,1.0,0.1959098985973476,0.19590142907997657,0.14126361307251292,0.9259735250274729,0.9296824513171276,0.9403123914718946,0.19680246853341432,0.19684630342175638,0.23815766562518073,0.35385733407798825,0.3386226224115142,0.40581588325606216,0.141055107646871,0.14064690855368786,-0.001550689161507595,0.0009327189439942713,0.020324023827734784,0.0036639373334057565,-0.026159526389106836,-0.025802875499354526,0.036268478994414474,0.034082960705989436,-0.017376612571035396,0.034945497625941915,-0.017056065708204945,-0.017046825586094064,-0.026523208083121218,-0.032435655410838767,-0.018669827107184105,-0.029731324179793454,-0.015277582279826327,-0.015511897414356737,-0.003987917213652361,-0.025801701009113845,-0.02976297022736426,-0.016658105786505985,-0.013965147950196644,-0.014204825711330903,-0.006254004511231615,-0.02126885338222245,-0.022041391746131178,-0.01147500681235602,-0.0158610021412459,-0.01612654768371121,0.0030090082080565118,0.010464770852057895,0.020886309820391854,0.013111105105083629,0.013750096261124913,0.013595426249700473,0.0011236278676023438,0.010737944548667402,0.019199282514363696,0.01678327327678713,0.03181443775909196,0.03165767632739977,0.029419705326951567,0.006515180891531081,-0.030606447780628546,0.022874383474822523,-0.05765206628961405,-0.05745346912547539,-0.006352553621524913,0.015743598681918936,0.033530665766781424,0.021167843480468084,-0.06962994677744457,-0.06999740521770016,-0.010022619677269624,-0.005640499490694762,0.027438296933071663,-0.010799567720114249,-0.0644041233224541,-0.06453326437730784,-0.023089899600197517,-0.02411255312606107,-6.102406359319002e-05,-0.015456508901260118,-0.0869926138908841,-0.08732554156811896,-0.0025692075346566904,-0.015913970350446525,-0.008953901193089685,-0.005415752084381477,0.024433987120419456,0.024685044581783937,-0.0016249411459172572,-0.013876363360195437,0.0015851081927822387,-0.02060911815434431,-0.017272574430153804,-0.015711111558932938,-0.013462746853759824,0.00013242218295884562,0.0012406729459629945,0.000851694082074089,0.0008356477381995315,0.0015846372809650206,0.01959041143885323,0.0010650354100189931,0.006837892475013701,0.008447567389152807,0.0015851081927822387
Local_feature_80,-0.0015382850233465453,-0.008536390288243437,-0.0998751558654685,-0.01186943746137551,-0.008896069245070077,-0.016060838650330433,0.010691096608501309,-0.002053198300711082,-0.001062481878617179,0.00790639721779431,-0.0017456546296283858,-0.0752298904130218,-0.07435187085530132,-0.008590574541638705,-0.003479818453565426,-0.007609014992508794,-0.0009424082423105568,-0.0009307792674486099,-0.002344199010497347,-0.029969415870315593,-0.028376967031215804,0.10405520604321648,0.12829048883068966,0.0859785442151,0.12803414663865256,-0.030946005241284474,-0.02990774587537053,0.10408265483318997,0.1283059925406423,0.08597826317724899,0.12805773052147318,-0.030940406501912182,-0.02991837217284204,-0.005775342262311426,-0.00459060545723699,0.009016963761158974,-0.005586624811981773,0.005179287638656826,0.006372055973523046,0.1921532855814773,0.203159260318875,0.06927392972656488,0.1995874958377217,0.02131670365584278,0.023466129099707717,0.19213543917866688,0.20790006410149833,0.09375101682664425,0.20103077368920955,0.018747019596937163,0.02104861629737814,0.21977969356430238,0.20856194247830181,0.06705904199046601,0.22741503571309465,0.03517989863228405,0.03602298014167527,-0.011901165360470398,0.1464778673248051,0.15317608320496615,0.13985995639572282,0.4946406660006931,0.4931847353541147,-0.011855426712190718,0.14650206252130912,0.1531806761525488,0.13989742926029708,0.49047540269610257,0.4890356430397015,-0.008690869218906867,-0.012118206779741706,-0.014346763961501113,-0.015289502030657839,0.38640507107705196,0.38681003638232125,-0.014295404076436055,0.19976388007906734,0.2034627123948644,0.1959098985973476,1.0,0.9964649651040887,-0.008782449274731808,0.21785649605664612,0.22141335928946604,0.21678752055811273,0.9458107389187252,0.9432054682723189,0.07748414999318022,0.1543206237568112,0.16395229842017278,0.17006400327430546,0.5729985784964663,0.5706358364492002,2.2552144223280905e-05,0.0036087629167806737,0.020971059700727712,0.004934707870610628,-0.0254738366912531,-0.023171585867263516,-0.00017275998802886595,-0.0010071539720518602,-0.005021570269602534,-0.0007530815389019634,-0.004120863831229515,-0.0035916829260026675,-0.01914297921976716,-0.029602419405750875,-0.023134356284766473,-0.024547568082906954,0.007510345603944067,0.00829777244170197,-0.08343449717453452,-0.09871131724915527,-0.026469291035724263,-0.09572668948823103,0.019745783980094574,0.019815149406605417,-0.011380319454069919,-0.020461181770451843,-0.018004235643737633,-0.014938497885604548,-0.03536057643357873,-0.036745882191325484,0.0005332097940494583,0.0042793097118476306,0.012449881808220396,0.005732613960369928,0.025314407233568877,0.02610795172078608,-0.010133378645791306,0.005481954998253493,0.012015167747054344,0.0034854165299132247,0.13419713681064363,0.1356651450004217,0.0024191126308342743,0.00165343920032483,0.010293930258948262,0.004944682655540556,0.14401978021557518,0.14528906101178551,-0.019046790978002017,-0.020317197646192813,-0.01081977500999588,-0.02004794267610124,0.1065714263153308,0.10736859158999892,-0.07562787654468156,-0.014638261382363828,0.08220098498067677,-0.05120435421393089,-0.007396089920634399,-0.006769504456872371,-0.029314976841746745,-0.015077600960526696,0.005362877902505415,-0.013528899853538025,0.16852834304724112,0.16916509788182027,-0.001834993892799479,-0.015928760177569754,-0.01580800814515224,-0.009613492061854943,-0.026670786287844816,-0.026623011943472663,-0.006580924242935106,-0.0008767615230306357,-0.0016299505633194046,-0.008204609515867841,-0.013639483978149583,-0.01191649339626377,-0.008917084686261489,-0.002144108992170038,-0.0011522894104034713,-0.0018366250284319783,-0.0018047841236058888,-0.0016301364911961555,-0.007721020009074826,-0.0010297369746055103,-0.002442448139666369,-0.002348916991846808,-0.0016299505633194046
Local_feature_81,-0.0031431564602689486,-0.009037844913973386,-0.10003316316524692,-0.012401070366921962,-0.009686718302593865,-0.01667682851197864,0.010673478947474915,-0.0023454106687741507,-0.0026773029469941484,0.001540926210803134,-0.0022045187821382005,-0.0760125207650469,-0.07534418830376306,-0.009503139831601401,-0.002790016058825577,-0.007775388957989595,-0.0024457960303713687,-0.0016537288856162341,-0.0026718938343020886,-0.032075643185067615,-0.030008477028932227,0.10110166952995046,0.12540935845066659,0.08519267267591199,0.12522827161377523,-0.030695544192695264,-0.029894334137615428,0.10113056650824734,0.12542629405259748,0.08519255116747074,0.12525321820652646,-0.03068939007520243,-0.029904341132617304,-0.007096754202755449,-0.006461958624252802,0.004738047866303907,-0.007003237245908992,0.006542836499759561,0.007600624251751394,0.1918510901896157,0.2021626344509049,0.06789556101321596,0.19902485347520357,0.022992978196439463,0.025149591313779786,0.19184203613337567,0.20697534414391505,0.09178346055179469,0.2004733521107073,0.02052912622980676,0.022829058298525946,0.218346907153986,0.20625922239329916,0.06595530498184322,0.22561631132741725,0.0351590583401411,0.03590938493786918,-0.012289987239043313,0.14379684154113215,0.15227045058644914,0.1394237752393716,0.4918996031684333,0.49301316770811715,-0.012244643141525704,0.14382272606017682,0.15227566369528153,0.13946136182990607,0.487833550474837,0.48890957266448165,-0.008670922673568981,-0.013417335175208168,-0.014735156277457718,-0.015406757421029177,0.38560362776500795,0.3864691487711834,-0.014200252410594827,0.19834630979936177,0.20307399745596735,0.19590142907997657,0.9964649651040887,1.0,-0.008720251586963676,0.21680713999617143,0.2212744199139106,0.21697158688914203,0.943127969434022,0.9460276909946939,0.07778051282858196,0.1523240028011145,0.1632391330656847,0.16950561307621215,0.5732016768324929,0.5727274897912455,-0.0003287482531861217,0.0018940568445975708,0.01886226158131112,0.00413466664084492,-0.02648986570307099,-0.024277329288346295,-0.0012768881257121233,-0.002134905468500114,-0.004981487647201365,-0.001873758988175918,-0.0033133051470864198,-0.0026072534817294197,-0.01905890608477837,-0.02992065714092571,-0.023765538360573397,-0.024619949025876525,0.008263479271845082,0.009015292401165846,-0.08250029352016101,-0.09915548517743292,-0.028770067364287045,-0.09551926484016027,0.01941159642577071,0.019451635267374996,-0.011576153593505577,-0.021002216917957728,-0.018467981048759952,-0.015318250582824742,-0.033594215563336194,-0.034934391296543,0.0006537119681231831,0.003626657493432026,0.011679378090406731,0.005256423121817744,0.025173074537959833,0.026039487124721056,-0.01007833538410001,0.0028312250534049148,0.010456359152449406,0.002683530903077209,0.13432792729492624,0.13542276180681287,0.00034392798590719605,-0.0014673471065194984,0.008690702620922135,0.002647042714755263,0.14478101979837446,0.1464015496191491,-0.018860266957696187,-0.0231380282004174,-0.012103917282168388,-0.020931558125067466,0.10783597389701594,0.10851054194813614,-0.07520223457954943,-0.016210741786726813,0.08187659853037554,-0.052148854983609466,-0.0066029075492749,-0.00588021344637054,-0.029037975118684688,-0.01645889214393625,0.005279376904542615,-0.013166516637992709,0.16976794678192422,0.17110450443737504,-0.0017386643463369732,-0.017905518254692714,-0.01784846846031849,-0.01050863068498581,-0.02959772148466853,-0.0292395633957187,-0.007535604889791969,-0.002745748102727464,-0.003225401056368601,-0.00870310131800879,-0.014314702124363449,-0.012443873260630296,-0.00970659453567335,-0.0024249116281678247,-0.0027580137836375196,-0.002284282283622182,-0.002187331488216242,-0.003225597258317418,-0.007882764176527937,-0.002523333965581743,-0.0027580378027421953,-0.002194961667588629,-0.003225401056368601
Local_feature_82,-0.0020735551386021206,0.030055404631401737,-0.03612798906639475,0.05081019368281507,-0.004732500609752475,0.050055199375376155,0.009196012329258174,-0.004447862442252463,-0.003913009172798074,0.003249322388202485,-0.00430069179827342,0.008099363602437478,0.018032162752819283,-0.005022039853799161,0.001146183772089342,0.11278315826123425,-0.0019490170559516074,-0.009976479185402475,0.008094605078546193,-0.012442752006518797,-0.01243395499900931,-0.002848077433844871,0.0009640918841376216,0.0008095668308738758,-0.0025301092817897764,-0.005497418063799972,-0.0006476026673949186,-0.002848266129638975,0.0009646170300188682,0.0008096418036516437,-0.0025301425066912293,-0.005497991379869381,-0.0006514081713469305,-0.00020620724255218247,-0.0005078985700019261,-0.0020044860255860474,-0.00024401076456178966,-0.0010298652283879486,-0.0013313460716513831,-0.00617128561204071,-0.004017857961579186,0.002476458705249574,-0.0057893701420878895,-0.00043871756068260503,0.0014720147954893116,-0.00904279513644027,-0.007704517708313803,0.0002632155469858707,-0.00912367409159532,-0.00048231313024076577,0.00098494928079192,0.014209980453838417,0.058452230429263424,0.04928339920652435,0.03405540366635295,0.014246787804026896,0.013556504272739599,0.19648870216999242,0.019399763636237525,-0.005435812066954176,0.045866971608285255,-0.01256725239880736,-0.012615766082812792,0.19666544029999816,0.019402514694154896,-0.005434226531272469,0.045871074793768694,-0.01257760255519023,-0.012623289145472023,0.015204989798219529,-0.0004380680052292177,-0.0005703091138862568,0.0008411284018308925,-0.008556531183733677,-0.008471829508442863,0.6992562777544594,0.0665789655775511,-0.005367976657214199,0.14126361307251292,-0.008782449274731808,-0.008720251586963676,1.0,0.05959729077420646,-0.007602976186864625,0.12998043757299374,-0.010544452811023994,-0.010499268711923204,0.23127672897440565,0.051571968826597446,-0.03381830653306383,0.1254498744843895,-0.0010380432801983923,-0.00103524891143905,0.0023755061143925474,0.03142147422208027,0.035568144494845653,0.012672111758931947,-0.006624048219047688,-0.005790464190585652,-0.002918624225233575,-0.00356603813845724,-0.003792490928596382,-0.0033945521796963996,-0.01517288357640499,-0.015138837212492748,-0.00031511824124518705,0.030461300628206175,0.01843569816078083,0.005080686840825389,0.005766543615798543,0.004510470658129214,-0.011358923049483308,0.01855728074694638,0.030725006021243194,0.005364473129743812,0.004791056664145999,0.0027094482792110225,0.06891255725759055,0.05348722764927905,0.007174333307555343,0.0664761218376524,-0.00020750200327478532,0.00024501244372225167,0.029824254857886142,0.03670290765524583,0.01567478607851381,0.03694047095216793,0.004139047685795477,0.0068276949855290816,0.02010669523536897,-0.0047608112433041765,-0.011149233710699862,0.0033315622453853337,-0.0014423192641252736,-0.0014099335943828443,-0.002625789469886654,-0.01154838962915963,-0.01865518717305321,-0.006368397103475077,0.009973970920962996,0.009984118383107303,0.010195341730815675,-0.02158350987610642,-0.02650945376762675,-0.01366032251681311,0.008619335555203179,0.008642236415016722,0.0009576185159017922,-0.05970134012641519,-0.06297843282192464,-0.0344587301101324,0.009729171362205635,0.009731414714503592,0.007402085811441298,-0.032850507093268616,-0.035584084121833545,-0.026570866064187005,0.0120003147476144,0.012049508435184736,0.006246830214510688,-0.006247786906485168,-0.012247456269615603,-0.0018485097217217157,-0.008524046061831788,-0.008453947173822857,0.07374150941432182,-0.02065303912820854,-0.0020634808442372633,0.03005985804570338,0.03659588923019014,0.05084350089518911,-0.0048102668902678565,-0.004439596343452389,-0.0039039719443731743,-0.004292188838433276,-0.004342860799558731,-0.0020627941558079756,0.11279945034674958,-0.0019371619789936214,0.008107266867813571,0.008651136155747304,-0.0020634808442372633
Local_feature_83,0.020485851150316273,-0.010808780960593647,-0.009304156348723473,-0.017645370364159838,-0.007159519458964473,-0.015593141567733552,-0.00898791907189722,0.01775157908030767,0.02019805766645085,0.01935392409493837,0.01846538003150957,-0.07744137939409794,-0.07561663786916334,-0.0070156497252907265,-0.001999333766706526,0.011755156149528911,0.019942388616543294,0.012393204617733302,0.011911048841801941,0.08659231590194612,0.08959242692421003,0.3639312127101942,0.31337185877684837,0.11067192238181905,0.3598072350247724,-0.008733794524426736,-0.008215552004845195,0.3639579646608983,0.3133714568245063,0.1106715848795124,0.3598200469301107,-0.008735893106606572,-0.008231745528917471,0.027576532791625967,0.030028530968735905,0.02290998463747023,0.028078897961426656,0.011532758628526185,0.012433117772504422,0.9142127228493534,0.9218359579763827,0.17994149135129506,0.928388103222087,0.02017812991540821,0.021724177544307794,0.9181772579348648,0.9402486515309014,0.1885182508441554,0.9348984110389403,0.018369680101677402,0.020075901306834183,0.46273298331626916,0.41815604692536446,0.08634721857998429,0.4655675264070537,0.017465993212541914,0.019129099172448302,0.018475537735814604,0.3330842447126087,0.325502071979638,0.3069357624193624,0.172333616074896,0.17324230846219096,0.01846693681515919,0.33309566528037443,0.32549744715249607,0.3069675043295288,0.17230186156276103,0.17318095219358298,0.001191554636556938,0.017509342825082957,0.005928360739468081,0.0025645017063907496,0.2824265656193375,0.28109642527104145,0.03175264862938272,0.95146191367008,0.9439140411897909,0.9259735250274729,0.21785649605664612,0.21680713999617143,0.05959729077420646,1.0,0.9894263167791261,0.9816618059268513,0.2155540146777995,0.21434536037263158,0.13967791662360687,0.35048882860195163,0.35872040120120635,0.3570385768096474,0.15447224044871113,0.15383040421779393,0.012380948367640497,0.013625280373608294,0.02163125630067595,0.01727469941254485,-0.02671836487445345,-0.02695217199912043,0.05423136059001541,0.05231001049328908,-0.017993964860185105,0.053154767836037196,-0.017389858218478924,-0.017797469625394875,-0.027615270249283425,-0.03270858706196224,-0.0186645539200402,-0.030988430427150073,-0.009874306362341037,-0.009626038188877861,0.004176086936296637,-0.022669690968809348,-0.03897512650442884,-0.010128534620125992,-0.008829829436157916,-0.008822905005236494,-0.010274579708431304,-0.02203598603386014,-0.02102122063568009,-0.015284814800007158,-0.016434855162955515,-0.016786911662601427,-0.00039551250642290203,0.009205912504077832,0.022106417084812285,0.010719594808440478,0.015231216455081563,0.015638021304576522,-0.0007470476562632695,0.03236610667415957,0.030670248816876043,0.02193170381149444,0.03725095685062811,0.03714533007791062,0.04540346454385343,0.027075865319936762,-0.025677053220059365,0.03889253980812247,-0.06841414246561388,-0.06826717789237877,-0.03202587363907347,0.04128875293184518,0.05103448703863812,0.015597059819211834,-0.07413982622658778,-0.07454680476834807,-0.021839910819989067,0.01568252102337347,0.04732259073316937,-0.0021860100694852014,-0.07610650355824108,-0.07631779109010883,-0.051090765061676216,-0.01405648517420736,0.00484062217613754,-0.027674548170670398,-0.10082177504670117,-0.10197644752596419,-0.004154126559056429,-0.0023124354524921235,0.004658930335531591,-0.0010185381228081853,0.02858989669280033,0.028540609695790763,-0.0017071689856812179,0.021471966472090806,0.02065101174414318,-0.010469920268011391,-0.017473192706898236,-0.01766335215170341,-0.00717028310184084,0.017894341838827592,0.020359025112571344,0.01861346052188786,0.01856995237046274,0.02065075894994004,0.011755023165680707,0.020112703282377895,0.012019969254630038,0.011628177964622158,0.02065101174414318
Local_feature_84,0.010024445573776424,-0.024178640602125354,-0.016614503735687906,-0.024797004617103973,-0.011521450524616093,-0.022961102597998734,-0.009952488316324842,0.008885803032986455,0.009968404731065488,0.012846336057851827,0.009426432735753623,-0.08100081993793488,-0.08048268972419655,-0.011426696282483273,-0.0026060325280317345,0.00456844483915125,0.010036779610518914,0.010824169681224769,0.01163397002548495,0.08873798193720078,0.0891990205902365,0.3323223003404171,0.2927712065071621,0.11247695239554582,0.3342144067725327,-0.008578002313631199,-0.008859749648904777,0.33236890400482,0.2927870982376707,0.11247685738513029,0.3342454796174156,-0.008580011048069432,-0.008874311203060417,0.010180340814645469,0.01023001012328288,0.0062022387530010934,0.010382757279063858,0.012714469258750194,0.013237989704903584,0.9175797633133045,0.9226235258813245,0.17608743282693837,0.9309348517477372,0.02098970107310247,0.022236722335133744,0.9224870184986956,0.9419721056830525,0.1813909460515568,0.9381498630510698,0.019179889666130538,0.020601492118847407,0.45541318933982244,0.4068957728167509,0.08336719000781359,0.4569268793617713,0.016382683397935503,0.018019618554554025,0.004223312142813526,0.3143011894963551,0.32676560162754115,0.3088455432482279,0.17581225192771122,0.17555309986982984,0.004200670934630776,0.3143288941491585,0.3267663261748529,0.30887902527209127,0.17578201047413577,0.17553114099406833,0.00036676068125565876,0.0040934298439791825,0.0021625964774403023,0.001477054805814028,0.28440672719325116,0.28423115896811946,-0.015140697753724596,0.9423193886073069,0.9546061117912197,0.9296824513171276,0.22141335928946604,0.2212744199139106,-0.007602976186864625,0.9894263167791261,1.0,0.9836675267967314,0.21930804407892887,0.2190736135079922,0.12846793536775514,0.33729282070803146,0.36262930612489425,0.35067795976669014,0.15502441301383732,0.1547315415591662,0.004038872031063328,0.0026918086326411235,0.018128742481984716,0.008288197158568808,-0.0278612569552868,-0.028386987988168796,0.04905972289690303,0.047094559413743645,-0.017679572503811018,0.04794092701732619,-0.01506700633071148,-0.015201551340571736,-0.030011183524962192,-0.03978673168649359,-0.02293124896125284,-0.03428700773883473,-0.0104051820765013,-0.010320518607040604,-0.0019049310212945099,-0.03298814875051487,-0.04309987776897989,-0.018830175886721052,-0.009326084676787846,-0.009177485462479184,-0.016844799625973655,-0.030371096209038922,-0.025397650334742276,-0.022326175287055054,-0.016887989001683586,-0.017319638913982815,-0.0018534164953215198,0.006731833650747844,0.02135529192806689,0.008644344150179326,0.015736263886654302,0.015497362657212289,-0.001470588276568569,0.01980056470877149,0.027636404787184213,0.021078321862439686,0.03730578383077845,0.03686821432860042,0.04103116521658279,0.019119774479757625,-0.027464507384092132,0.03471643557378903,-0.07267032380112681,-0.07239618288504987,-0.03231710225615362,0.01925335817972984,0.043670631564992485,0.010904375454763979,-0.07675550595494313,-0.07719865373118447,-0.017810907130101646,0.010288219826910016,0.05007475728372393,-0.005212238422700624,-0.07939058061010118,-0.07954187445699155,-0.051014820290466945,-0.026693901025790993,0.0019026156875962081,-0.02939558931478017,-0.10453159384012957,-0.10535976009349067,-0.004028166957944817,-0.011957514924562268,-0.003290895841133796,-0.003729485549507684,0.028731409197155333,0.028885008678529514,-0.01301618700605892,0.0020619256102548545,0.010117357912908742,-0.023947045502575013,-0.025213642609633775,-0.024854431659271942,-0.011548800619058344,0.008966613095852442,0.010058684963683822,0.009511265030422798,0.00951011409965133,0.010116805076159687,0.004519458895156335,0.010137682183299478,0.011730957937890288,0.012704267021290976,0.010117357912908742
Local_feature_85,0.00693899202988223,-0.022377519519893887,-0.02340859817991885,-0.01814847555165484,-0.01285002011620236,-0.016833353212093227,-0.0076065694476199226,0.005639433457725746,0.006674715024103345,0.016195068140978465,0.0063855192001464394,-0.0790486633819189,-0.07748460767280262,-0.013010390582501315,-0.0010981108656126237,0.02060838012329316,0.006659857440081241,0.008510966598351068,0.012830890588970505,0.08585623914079031,0.0854742213922549,0.31724525092149686,0.2825507634610386,0.11194698163571525,0.3212222551720225,-0.009114397769035986,-0.008875756445029099,0.3172966839961574,0.28257105573880015,0.11194699659078483,0.32125806372925575,-0.009116363513115929,-0.008889932050761948,0.004972095996528516,0.0044892173757796455,0.0025334918115635144,0.005112287532760469,0.01320577095000442,0.013499182600702753,0.8957777235481197,0.9002741452100032,0.1715031184700534,0.9085763588174218,0.02094010634196322,0.022348136717640806,0.9003315948996864,0.9187359196210714,0.17535265643948095,0.915215334439773,0.019170189226664133,0.020691550280247942,0.4468876128956983,0.4049693712143068,0.08872628509700863,0.4510547200242749,0.018217137427994322,0.019691930215697574,0.03490999448898182,0.30758207358824124,0.32049652077676044,0.31391029412628335,0.17141953415124586,0.1709112918469774,0.034915372715451955,0.30761439758415066,0.32049911332808356,0.3139447327014934,0.17138886166347886,0.1708972969261203,0.0024893135018444253,0.00015671672849615608,0.000864755700416078,0.0012098135108541104,0.2783381462657401,0.2785372817811679,0.08159420148789669,0.9322301184464359,0.9374941512696998,0.9403123914718946,0.21678752055811273,0.21697158688914203,0.12998043757299374,0.9816618059268513,0.9836675267967314,1.0,0.21450555253668105,0.21463399531546812,0.1622714306163013,0.3369307448343609,0.3511163726904668,0.366934083189887,0.15235071000082825,0.15214096460007787,0.0024348406377393793,0.004695397642955764,0.022424560034436415,0.00803881848196768,-0.02874987344921786,-0.02931135802703269,0.04567789216104867,0.04362103639431516,-0.017895736825148823,0.04448308425435348,-0.016733641717147966,-0.0167825610999454,-0.029915589571733188,-0.036025639894444,-0.020698151963922027,-0.0334955158606906,-0.009843755995156956,-0.009853388291298136,-0.00597312317730962,-0.03157595661390955,-0.03660344002833939,-0.020519049514823057,-0.00807999710860296,-0.008216627004449143,-0.007115198964838423,-0.023337007597213993,-0.02472339396260539,-0.012929116439805505,-0.016748763740890606,-0.01716534358856725,0.0023825119490797054,0.011315410924802666,0.02285441998181269,0.013392222986183552,0.016619955157563968,0.016617888801164365,0.00159822967845442,0.01495263492116553,0.024212202349370732,0.02099793576098227,0.03630341113151017,0.03580984787890578,0.03839236372932711,0.014344954838698057,-0.03079193894592572,0.03160350614789879,-0.07082121271860724,-0.0705874851659209,-0.03023291374445271,0.007285227480919174,0.03429319588019521,0.005386886477968119,-0.07508121146651509,-0.07547695167691724,-0.01707137117100889,-0.0018229441708142232,0.039355515193214036,-0.013214007401738144,-0.07718951560573417,-0.07729636451699522,-0.04892176278873186,-0.036362789879813256,-0.005957548478367324,-0.03480627295468219,-0.10211637332222298,-0.10262671578299784,-0.002855793228871735,-0.015596699024586273,-0.00806871805682087,-0.005097768533676014,0.026809071069150654,0.027064609890256684,-0.0033075075809953407,-0.0013062517603086507,0.007016830488303199,-0.022145570592325282,-0.020804002731306573,-0.018163130695987673,-0.012894020101414307,0.005704208038160592,0.006748682369010533,0.006455444342199647,0.006466288255267325,0.007016320838487478,0.020647491561743267,0.006744261426691316,0.012936561986925839,0.01458073164385334,0.007016830488303199
Local_feature_86,-0.003525279084268041,-0.010934323087146796,-0.10627092695683321,-0.014779904849884,-0.010614357765145844,-0.018430219996625728,0.008231460055397311,-0.0038832198751506245,-0.0029705239147843217,0.007203501753320842,-0.0036001603651412747,-0.07565168773856253,-0.07497575251224231,-0.010246778040442711,-0.004107462586269725,-0.008450044964261522,-0.002856549486754236,-0.0027824033214613195,-0.004266073666327135,-0.006939057730204235,-0.005675608688736445,0.10273019525138843,0.12702969399722105,0.08545883045720486,0.12666666883689276,-0.03025478059219373,-0.029035694345826105,0.10275784160191265,0.12704541143404138,0.08545856095791514,0.1266904499488831,-0.03024047785636645,-0.029039493485621924,-0.006076064830800556,-0.0049441671926487634,0.00864460025042583,-0.005894710583635792,0.005818102636826225,0.007078749318061561,0.1906992770267614,0.20156867152311295,0.06865874490556913,0.1980648725072115,0.023975661796381012,0.026225067298598994,0.1906251319066881,0.20625397307206564,0.09303686352930361,0.19945454307365912,0.021306238028338875,0.02366520448653723,0.21732617394708187,0.204561144405399,0.064452173550572,0.2243159930212359,0.03956509294642138,0.040088840393289187,-0.01257606504970814,0.14508799928826355,0.15198284621034425,0.13860072954320973,0.4950383349734011,0.4934499634444426,-0.012529815213584195,0.14511263681031517,0.15198771479469955,0.13863855771578504,0.5020950073615859,0.5005402928388996,-0.009060442497783431,-0.012658108902055903,-0.014726440887751253,-0.015647315162513494,0.34110423656487393,0.34134836351158027,-0.008289887090378747,0.19981178928402887,0.2031398115420101,0.19680246853341432,0.9458107389187252,0.943127969434022,-0.010544452811023994,0.2155540146777995,0.21930804407892887,0.21450555253668105,1.0,0.9963704079159608,0.08094291115909578,0.1554230781890628,0.16464248966912373,0.1726684707640592,0.5644186593610953,0.561980661694077,-0.003506680674905599,-0.0008282824431630039,0.018360993456098984,0.0008917338066548493,-0.026017025349112256,-0.02360026732111652,0.0028859459627569163,0.0020731542970809508,-0.005139260476390086,0.0022689738998498753,-0.01216478259971425,-0.011846715317928396,-0.01714490455302809,-0.02916947035113668,-0.02418762679757904,-0.022945055894401364,0.007071378696069346,0.007860712740681454,-0.08899838928394968,-0.10609806659691186,-0.02947486511309324,-0.10248109440664424,0.02008228946625664,0.020371317982336924,-0.011270365540868873,-0.021293204915436185,-0.018601304765827914,-0.01515890730013577,-0.033791880162918175,-0.03540830635855489,-0.0007611672044248774,0.0031357854727126094,0.012233366379443803,0.0044172626622643535,0.02722056756816367,0.028072654176745322,-0.011586293473954535,0.0019065858936288572,0.008823901157752896,0.00020602374040553127,0.143711560979011,0.14482326654884733,0.0058061337865250974,0.0050435289694031014,0.012118313516084498,0.008671654928231607,0.12062831468688778,0.12181723091508719,-0.016288666211194826,-0.02301125450900304,-0.014241141937054889,-0.02092495211576569,0.0982260505525063,0.09882088153860294,-0.08123775608129853,-0.016900819694571176,0.08703310919759294,-0.05599544844394196,-0.012355824981078737,-0.011906160367936859,-0.030875023128736363,-0.017686995837964733,0.004043530198639152,-0.01569746788706732,0.14692504126010444,0.14762828394684263,-0.0016852887429398763,-0.01645868167395749,-0.018295876571916087,-0.011103277725574413,-0.008410420765994795,-0.008783452927811655,-0.008448284148470936,-0.004747882353370916,-0.00365515419238039,-0.010588683557761172,-0.016527979393445365,-0.014827467660225593,-0.010648589880259206,-0.00401026977006498,-0.0030976272327748115,-0.0037277354184334466,-0.0036892477675287815,-0.0036553930865609666,-0.008575342378364149,-0.002982495830937857,-0.00440262364528503,-0.0043443496912850075,-0.00365515419238039
Local_feature_87,-0.005275896682822467,-0.011381995234769253,-0.1058633824946185,-0.015472932463692607,-0.010955198314546048,-0.019029807508864346,0.007646513696886839,-0.004331278931949911,-0.004721994799879853,0.0008892788211635077,-0.00421508275017061,-0.07585392798635167,-0.0753154375084431,-0.010661493819219488,-0.00366823597970788,-0.008626571155048097,-0.004519203807298177,-0.0035659534231246037,-0.004632010451607293,-0.009323478578315331,-0.007463159151922891,0.09951959360114854,0.12396608063240311,0.08467233201680559,0.12364532274331179,-0.030107890112072922,-0.02914506913074892,0.09954864331332168,0.1239832528201961,0.0846722684321941,0.12367046203142947,-0.030092488639850964,-0.029148130935291405,-0.00741830899101451,-0.006838763986275638,0.004403179609776194,-0.0073307081203865315,0.007274613701394296,0.008376548457342358,0.19033386316560258,0.200477566712298,0.06720591882236127,0.19742869858636053,0.025160668941303872,0.02731076484079195,0.19033741828152384,0.20534394025975103,0.09116848672644778,0.19891246411866648,0.0224504874496522,0.024707217817835248,0.21583317414327985,0.20215640899638984,0.06345586115569869,0.22244805619377703,0.039647223863299386,0.04001581879982922,-0.012971500906705962,0.14231099574061923,0.15103573167505957,0.13815606555673926,0.4926447649304915,0.4937281739982943,-0.012925629706668587,0.1423372367475308,0.15104119117573978,0.1381939952463371,0.4997265047351098,0.5008744753006085,-0.009046847114405312,-0.013916755717207824,-0.015096545613044304,-0.0157565360777457,0.34028951252391776,0.3408231114193847,-0.008213263213578325,0.19836985359781872,0.20272734495666891,0.19684630342175638,0.9432054682723189,0.9460276909946939,-0.010499268711923204,0.21434536037263158,0.2190736135079922,0.21463399531546812,0.9963704079159608,1.0,0.08130768403621759,0.1537329839384359,0.1638813186685315,0.172212443251565,0.5645562419013944,0.5640212406218027,-0.0038760078751522626,-0.002604459334856273,0.016251039389503265,8.819520279181957e-05,-0.026816355669240698,-0.024461106597284215,0.0016566834932763433,0.0008519495749273706,-0.004739471403762602,0.0010427771069676855,-0.011221867148496103,-0.010636448930577417,-0.01705862078602439,-0.029389975655801988,-0.02454452896981156,-0.022934626823577716,0.007315572159597086,0.008120390646333728,-0.08791440745282986,-0.10632295744621874,-0.03147370667026861,-0.1020230037970985,0.020020553161551893,0.02029146834991342,-0.011319743452012167,-0.021640150363425557,-0.01882441780189768,-0.015357883525225628,-0.03260957124517702,-0.034104348144272635,-0.0006564969596794224,0.0023313447485342823,0.011354860060730195,0.003910830903242662,0.02653613253849265,0.02735700897058689,-0.01155348357296217,-0.0010409373061228918,0.007110557981433462,-0.0006612509706347941,0.14380269452423372,0.14472625327164015,0.003987409358454972,0.0028934738547637816,0.011501207924123315,0.006869522548994493,0.12148086036791947,0.12304824284323262,-0.016129710634821128,-0.025273492622734157,-0.015354129849256517,-0.02170674496256322,0.09967608579456934,0.10016634142574457,-0.08099965511053413,-0.01810181252678121,0.0868085396963888,-0.05669605100483507,-0.01158044347153286,-0.010935095700939894,-0.030585489788872686,-0.01882218998079061,0.0037798764646650965,-0.015611552307577367,0.1487241931491022,0.1499584697339209,-0.0016300339139224487,-0.017522103237098054,-0.019908097617259556,-0.011907208038127268,-0.012036548231799903,-0.011834157819267395,-0.009683891531130915,-0.006171024391975622,-0.005399903827940345,-0.011034330860415924,-0.01725957721957278,-0.015517778441313362,-0.010988103625391614,-0.00445039371184111,-0.004843454374636253,-0.0043349503915375105,-0.004230897141250956,-0.005400151689479567,-0.008748627590186651,-0.004638980776982524,-0.004759906968285076,-0.004228732814523615,-0.005399903827940345
Local_feature_88,-0.017198621427992618,-0.009712720682320873,-0.11741158839938075,0.03827733796690329,-0.017770057129322756,0.02316879158229628,0.034246947188228696,-0.023832754008592336,-0.021870749291333338,0.0189107938011813,-0.022931536786063873,-0.040327154878406914,-0.03619137300841941,-0.018461410123339007,0.0016347753144675876,0.0858894884463149,-0.018577426258610554,-0.02262969324245039,-0.007379013528051408,0.011617935894578013,0.011010168779854305,0.04042770343020566,0.059042665135094666,0.04568038986624603,0.05580635743961369,-0.024656296738765134,-0.02195274420132573,0.040399607340966495,0.05902606961323411,0.045680649656300476,0.05578358784808744,-0.024655419792517848,-0.02196689406911814,0.02466335884956096,0.023283243173806083,-0.004042898851350724,0.024626740634539915,0.009503825064179934,0.0104695080448879,0.09676620223513421,0.11493515438211452,0.07272152550106319,0.10908970539161088,0.012670533062683651,0.01522855813234178,0.09893822161777036,0.110003708343785,0.061423577641758875,0.105513500049667,0.014533330598065499,0.01644222631602652,0.24884722950609622,0.24595747956307937,0.07222420530928884,0.26266227031314604,0.03473317826512397,0.03464064683639068,0.1874933260876894,0.08556406986920849,0.06825582047434023,0.11517443962546506,0.04932211741903163,0.048958434526145594,0.18746306631801268,0.08557235282962761,0.06828028182028278,0.11515729873049402,0.0493079538026903,0.048947960118230785,0.0997571758138159,0.014683844300591106,0.013336912899202911,0.0217424769227818,0.0714972161943827,0.07264261318031574,0.4197838692167356,0.18854874647473732,0.1510762139168915,0.23815766562518073,0.07748414999318022,0.07778051282858196,0.23127672897440565,0.13967791662360687,0.12846793536775514,0.1622714306163013,0.08094291115909578,0.08130768403621759,1.0,0.3392727047436082,-0.007145000225471122,0.6465834959599359,0.02689137517156708,0.02683959893647256,-0.009426446241683473,0.011446449812440604,0.03184415131753843,-0.0018533412354880515,-0.021329577073610856,-0.022119282952028686,-0.04050984760835927,-0.041786294196898416,-0.0008078739896095258,-0.04180745196096033,0.0020395685128005723,0.0022038994373607523,-0.0002104149850940132,0.005486644198933543,0.005599812592662612,0.004468875642914058,0.010498626542691172,0.010614832303204735,-0.041137798055824286,-0.022781928326622892,0.028926457213125107,-0.03330119842332538,0.0065261160655863395,0.0060935206906610395,0.009995300851503816,0.01773415774412753,0.0012163114023365298,0.008631701560656565,-0.013240751601408,-0.013626611664114403,0.025097735857582387,0.04001084967429659,0.029420387527489676,0.03911882489866023,0.028309620722086374,0.029631616453368155,0.031036079420667394,-0.01394272994392454,-0.019162337430963516,0.004754790985121221,0.017137381114664143,0.017470084962027243,-0.04032780995046266,-0.041027444653494456,0.006200288955898201,-0.03711025261389085,-0.020898595496420178,-0.021000073051598643,0.09471077590731902,-0.03399221735747357,-0.061895280029725754,0.013546532150884276,-0.02114030946213538,-0.02108747152561795,-0.009919526711959998,-0.12467490900354175,-0.10316993660979172,-0.08005425791886944,-0.019468387458317027,-0.019529012379743638,0.16792653112987008,-0.03764855161616127,-0.07003737323775036,0.028106606132211363,-0.04071778233714144,-0.040618956734786646,0.018171455421147013,-0.022180629061290646,-0.033985640838963604,-0.0034745578063788388,0.021001177707975195,0.021109396665095495,0.03038819067154714,-0.08324856824786595,-0.017037081571206293,-0.009721768410868746,0.021857819963238864,0.03898815374195777,-0.01809491089766054,-0.023758964976959313,-0.021765160650942913,-0.022844266965967926,-0.02290058721648674,-0.017037291558843096,0.08664801632885988,-0.018411161756295976,-0.00712736559452001,-0.005484521735687536,-0.017037081571206293
Local_feature_89,0.01841435851135853,0.04885198270848391,-0.12486444482124265,0.016340247016917168,0.13143639985359867,0.010024303904641513,0.020332888495089345,0.006289471541741851,0.016143963124308842,0.059180411454570245,0.008399599333486687,-0.10617419027772798,-0.09623875893992215,0.13211979642390248,0.019950901023981164,0.019468906102964017,0.014686014892406037,-0.008751694884004317,-0.012197707350072591,0.012905788598556464,0.01258361164648095,0.26471287736373533,0.32777900231794826,0.21076449029232408,0.32199485114036946,-0.009815026823788655,-0.003777187502833574,0.2647208735895191,0.3277709237811953,0.21076146418929537,0.3220018133060096,-0.009823327357590107,-0.003819535528476594,0.027217659520362886,0.04050816315818617,0.08706182701705192,0.02881555191014399,0.00461973489412372,0.007903041176165911,0.2507177349435123,0.29975808900565837,0.1910423080964718,0.27722064289741283,0.004837663152241783,0.0034886369528003233,0.24927911245694784,0.2961152749317171,0.23822654794650847,0.2731976995889515,0.0003344086546058651,0.00026494674709023994,0.49058588882803894,0.5295540983325698,0.2452586685103642,0.5381175616983048,0.005385767808505361,0.007267133524800205,0.060153640602816826,0.38896514815956024,0.37412549896144087,0.3616274699107425,0.1023836368419185,0.10326924123291098,0.06015198348265982,0.3889509062102515,0.37410102622130637,0.36164120852537035,0.10287402919098312,0.10375835208073701,0.025005475864156638,0.04225765268759895,0.023741481783183565,0.019944511167044574,0.20553858851201928,0.20343141139859922,0.10152507487794225,0.36541825126407934,0.34379835510654544,0.35385733407798825,0.1543206237568112,0.1523240028011145,0.051571968826597446,0.35048882860195163,0.33729282070803146,0.3369307448343609,0.1554230781890628,0.1537329839384359,0.3392727047436082,1.0,0.8763954905308154,0.8998751118866892,0.09854547862866973,0.09696957633178147,0.013484624141067991,0.05555746370753571,0.09410788604118421,0.032603585576375084,-0.03283898441799325,-0.032053374898443204,-0.12940157350800635,-0.1307739121263069,0.014856298185325958,-0.131082396155402,0.020184797216411275,0.018148602531942316,-0.032350408529911515,-0.012084665078239566,0.009316682395063816,-0.027769596091186413,-0.016400459640181136,-0.015591219260630514,-0.12469957976570266,-0.08613396976852469,0.06816953867027431,-0.10628202580839953,-0.0051555083904189745,-0.005224502635943052,-0.0009811540910107009,0.016974308740969505,0.023026963290358183,0.0031157251319067383,-0.036566570809058674,-0.03583893735352065,0.0241790431070084,0.05607862880352976,0.06447392255976792,0.05269744373048289,0.03843025158214877,0.039343202809838385,-0.012064213341655876,0.08656865758341213,0.05585409011419562,0.027618081613232783,-0.0019477661897805679,-0.0018233906701347411,-0.11876835837847205,0.03532517999881107,0.2021612378510818,-0.07721410172550436,-0.050005931078829835,-0.05093711713985974,-0.043228314349586516,0.08350030541854475,0.020608424032369097,-0.015831507929814238,-0.06601708016499092,-0.06611379061113873,-0.24124706511300267,-0.00863819644121015,0.12021119592256917,-0.13193989675078138,-0.08273168488724304,-0.08254430196423483,-0.036641668172904825,0.1859367315499616,0.09252143073105111,0.05853355646382196,-0.08090457258327555,-0.08202096692469402,-0.016415451868035856,0.1322055672306126,0.0604095170046338,-0.00013951423035761108,0.05172103805752946,0.05081278034737414,0.018821548305891205,0.17036690189415116,0.0183212743333996,0.04966921058878304,0.08314425613022153,0.01635716865934007,0.1316086078750423,0.006173459526032482,0.016047146890010633,0.008287003593622276,0.007999766511973167,0.018322394130680653,0.019295698285899835,0.014594848527630652,-0.012361446751527564,-0.01686168771998979,0.0183212743333996
Local_feature_90,0.008297148911228333,-0.018129659987015323,-0.16113725093750825,-0.01982305983301783,0.024953422848578214,-0.023962901749606236,0.011775157072540565,0.0036689021800089157,0.008631696383793085,0.03860881737910414,0.0051882944148550734,-0.12452758003110496,-0.12236375498961422,0.025565151189754384,0.0007512474404734611,-0.009121663687846913,0.007784764818267252,0.002902348215616007,-0.0006658769584823058,0.028825524521267087,0.028739302410396756,0.26847524763381925,0.3433945587818195,0.2374261050252295,0.3385731160504293,-0.004056302300001648,-0.0020791797847034355,0.26851731077516927,0.3434170455362399,0.2374253918542431,0.3386106767285535,-0.004064670340752761,-0.002115680635164945,0.004570286982631253,0.008713448120406012,0.04083430267142656,0.005537524288071197,0.006552422445346006,0.008884861299875157,0.26266359515230314,0.30956076375718083,0.19713275884715614,0.28931947722662926,0.006233079400615433,0.005310153241027366,0.2607780823191992,0.3100796241102952,0.2599042412400505,0.28679628498029514,0.0007833829916612362,0.0010909199818500389,0.47134625549685744,0.49781898007317793,0.24506064023693064,0.5155440040770378,-0.0025211498543644024,-0.0005512504661946166,-0.008444758043105186,0.4079864487344649,0.42438325786637543,0.39581357290202024,0.11588585947975812,0.11636247028399756,-0.008436158540180235,0.4079949350294004,0.4243519193131488,0.3958401655042472,0.11636853909954814,0.11680675946798971,-0.011964092093063766,0.02098657831219867,0.01679932816322367,0.013564702516168025,0.22368148372265764,0.2232366122912307,-0.05377170698299361,0.35244997945057815,0.35899457319257383,0.3386226224115142,0.16395229842017278,0.1632391330656847,-0.03381830653306383,0.35872040120120635,0.36262930612489425,0.3511163726904668,0.16464248966912373,0.1638813186685315,-0.007145000225471122,0.8763954905308154,1.0,0.7442195649867035,0.10227575497534672,0.10115956833743067,0.00906197656280345,0.03340656732086977,0.08149609240563781,0.02632264528511455,-0.037416991427842085,-0.03867312542913542,-0.1357952466618409,-0.1365695145275895,0.019673537153081035,-0.1371125270266693,0.029618588217839283,0.028391592493949014,-0.04334788406010642,-0.03871642402303741,-0.0062248164363501645,-0.04255254606766856,-0.02836573242406195,-0.027908765034956866,-0.15891187325460782,-0.14259589460943087,0.04509026942189903,-0.1557803053633507,-0.01349183162036179,-0.013545213658334172,-0.017395232878987445,-0.0194846217479312,-0.0005214555319558918,-0.017066741003258255,-0.03377582270814546,-0.033819646966123044,0.0223086837381503,0.04959168385308323,0.06484163721005895,0.049412422341411966,0.02593937154416969,0.02570484086279977,-0.02084082733672262,0.05711911013467609,0.06403969830349181,0.034911496283491064,-0.007771768762866492,-0.007491112377780178,-0.12208974164795049,-0.027273836305199972,0.1572479724206801,-0.08745608786634496,-0.06760721447782887,-0.06840443941636516,-0.07992030849630068,0.00436592468447631,0.014725275850595729,-0.042907039083473715,-0.08275371769945938,-0.08302591703703097,-0.21937129638238234,-0.044017263258221,0.1541891443676885,-0.14854728520829397,-0.10724439734946355,-0.10720029751728588,-0.09912030613609582,0.0714137122104777,0.07865587220151773,0.009365410880761744,-0.10047284344129323,-0.1010833684822384,-0.019867654144715096,0.030629176166282013,0.029254110419956115,-0.004931209441850615,0.05857041072601758,0.05831169523805485,-0.016304369369977017,0.04828885577156717,0.00806690312732255,-0.017583979346623174,-0.0010962138135274433,-0.01997054326573539,0.02497470607003676,0.003439325714816475,0.00840560700744756,0.004958784329055574,0.004854968603163254,0.008066496751226573,-0.0093358418884194,0.007557903479053419,-0.0009192649043508581,-0.002140768113430714,0.00806690312732255
Local_feature_91,-0.0018643896542607852,-0.017478473501115654,-0.1919920157601232,0.010348806136456296,0.04102267789200603,-0.0030318734511924315,0.032201494240523355,-0.010575637112224848,-0.004595422042027519,0.049403715224246775,-0.00853329976828409,-0.1196708084631495,-0.11558226292850016,0.040785968955253674,0.009166836729337175,0.04911972296134431,-0.0037684548564311656,-0.01306645076628669,-0.00665581469813536,0.025887677550428336,0.02407917611010578,0.22561915638916175,0.29247039561311355,0.20495083938394648,0.28718728892657824,-0.019413539948447772,-0.016875345443287604,0.22563079890998233,0.2924759214997003,0.20495063756272586,0.28719921118768293,-0.019420379524821098,-0.016912403166200563,0.020290724251530765,0.021996359265658884,0.02755003444470565,0.02102283411438474,0.013391162691412722,0.015856920362642753,0.2549285955367415,0.301066152444326,0.19187749786971073,0.2824532041951372,0.013483209928900161,0.013853665119844509,0.2546136063773944,0.2980035648996878,0.2307789995573266,0.2779426376325857,0.010377337475029476,0.01140855010875859,0.5124375080274078,0.5306736526521493,0.2287469492490744,0.5547282689021196,0.021165190772139342,0.02243431235017118,0.11995603831624509,0.35745280829409176,0.3567546680513489,0.3685507758351536,0.1160720289924921,0.11555883454415124,0.11994670400418475,0.35746504657985867,0.35674778052297196,0.3685596276709244,0.11642324899989379,0.1158819727370992,0.05609186262805666,0.024907096181552922,0.020912031443773987,0.024009908067987695,0.2106427651438574,0.21107150158622176,0.23354020429470201,0.3835833144781836,0.36255584467435076,0.40581588325606216,0.17006400327430546,0.16950561307621215,0.1254498744843895,0.3570385768096474,0.35067795976669014,0.366934083189887,0.1726684707640592,0.172212443251565,0.6465834959599359,0.8998751118866892,0.7442195649867035,1.0,0.09363277289115507,0.09264318670977692,0.0025294151139473838,0.03494005037137234,0.0820582774597958,0.020270399846374618,-0.041188150227705,-0.04270038743672781,-0.13535013642107607,-0.1369312537971767,0.013827982796704021,-0.1372922450998339,0.021432188599967768,0.020752874083854077,-0.033229992855411644,-0.02680422364998071,-0.0019927447533839467,-0.029820944651948345,-0.014503392998890656,-0.014250216258986138,-0.14513811185766914,-0.11878119711740684,0.0551954166255173,-0.1365304093705517,-0.00575985269219368,-0.0060023080293474945,-0.007857274268422244,-0.003345214663447513,0.0018229427886212466,-0.007995892560703806,-0.033251787480699506,-0.03353101129574434,0.03251607388343045,0.06243315017862887,0.06666171047540763,0.06135005233184789,0.03779974408554295,0.038214659632303416,0.0038304401532611105,0.038475065570442335,0.03510916455479375,0.027769130539085276,0.005205406022811106,0.005222802306377828,-0.12582363146951803,-0.026919182765742514,0.1518026423229796,-0.09144502066902267,-0.06073514300322313,-0.061670922235821664,0.0007549760496254838,-0.015153551113872721,-0.03194798178345211,-0.02710741931689105,-0.07320010931222504,-0.07381422073120683,-0.1807261589277389,-0.10340060957678801,0.052703504480783994,-0.16353229097549624,-0.09030301740560352,-0.09038157702864624,0.03373798741726315,0.050446630841868526,0.01917771521292439,0.02930576893289979,-0.09790695650240704,-0.09845785570637826,-0.0039473025377682715,0.043003367158036675,0.01003015637294013,-0.005581119377863416,0.05566785419908759,0.0555225154631492,0.005396886045251742,0.012698723993041509,-0.0018358845715453315,-0.017052692805728364,0.031116968732602064,0.010519675521238489,0.04109051824183818,-0.010593840659855844,-0.004582366589717621,-0.00854125014285177,-0.008675134057537438,-0.0018362720696314405,0.049126353756244884,-0.0037331093563976276,-0.006660005462051611,-0.007212928131479759,-0.0018358845715453315
Local_feature_92,0.007803202593859103,0.0048376836811208496,0.030449589783585067,0.007288153661010337,0.0022976577168742907,0.0032646213123208602,0.014376204978116152,0.006546970170562689,0.007404891047871928,0.009162912442405871,0.006954507804407711,-0.06942142348261693,-0.06875718969539119,0.0024085929848884093,-0.00023212540780953806,0.004483677576728447,0.00720844711966909,0.004545567797631322,0.004294316863292505,-0.2514191764463234,-0.2498122896411365,0.10850463833999963,0.13151886447760366,0.08636286047687936,0.13207202801128076,-0.033958445960962085,-0.034093609553847236,0.1085287655782312,0.13153180790980465,0.0863625709575214,0.1320926651247519,-0.03392305567525778,-0.03402670585933561,-0.0029619816455912404,-0.0014821434938178432,0.011070249428472038,-0.002740862896575089,0.0049186689233370485,0.0059064674217855955,0.12571866421089287,0.13987970238158806,0.06794525313701197,0.13389073676058183,0.006753801762137648,0.007869419435523977,0.1235634922853395,0.14087416342839088,0.0941509617157108,0.13280726757924502,0.005255286078611752,0.0066388539598603875,0.21253170070380356,0.22210308301482365,0.09676849885682826,0.23007514389855302,0.028691762609137906,0.02831760300907077,-0.0033029163123532023,0.15031736559774908,0.15554595619749664,0.14442516469053565,0.1844574136570138,0.1845591074936928,-0.003263813274178156,0.1503367205107059,0.15554751980699916,0.14445664912679865,0.18560883809241926,0.18574043067488705,-0.004006362679193142,-0.007114518083384717,-0.009824552176717656,-0.01063024864686135,0.28427569864153956,0.28456139772919625,0.001377356191945785,0.14460258162468095,0.14443288690713285,0.141055107646871,0.5729985784964663,0.5732016768324929,-0.0010380432801983923,0.15447224044871113,0.15502441301383732,0.15235071000082825,0.5644186593610953,0.5645562419013944,0.02689137517156708,0.09854547862866973,0.10227575497534672,0.09363277289115507,1.0,0.9968928799339583,0.0146875745220639,0.02730532794400538,0.0398932803333193,0.023406494807073144,-0.02855688164601293,-0.025489880995521002,0.018510264459996265,0.019892513222795873,0.0038417564795952645,0.01964768078187641,-0.0013799426489983573,-5.185731280496432e-05,0.0020175746043063626,-6.909928000815727e-05,-0.005326798849872078,0.0007861495016831073,0.008004083211040224,0.008139040189358427,0.03348298329179005,0.04618757538544328,0.02694547371438398,0.04197188950986005,0.010576942672606976,0.010523603833840092,0.004646192696742368,0.001275462084959784,-0.0024013160003910254,0.0037979139239294434,-0.02310126745783008,-0.02370344341903865,0.01573768507499957,0.03093560561106673,0.030182317374770225,0.028124351857369764,0.015622063072190991,0.01593633144353185,-3.265495375304107e-05,0.012368892364267796,0.01156247627968232,0.008288295952778779,-0.03996681120890946,-0.039316978394875544,0.019688286415030613,-0.005896388707721226,-0.06217844148720371,0.005622871817794616,0.5733466740359011,0.5738718665302225,0.009768305392786055,0.03020164210054749,0.027543046819575825,0.02819759977077433,0.12075040856706916,0.12095779302385733,0.02907835085777644,0.014274475390039365,-0.020783327367175575,0.0251360558858502,0.1110410871839115,0.11134570155700041,0.010761135187536096,0.002878816545675113,-0.004378880228120598,0.0026859772696525867,0.33014290363868,0.33102793345408155,0.0035437703227877352,0.004468089404629692,0.010125464984035808,0.009323752244700648,-0.13025823297783612,-0.13053941156419993,-0.00021507803226926715,0.005466296537979154,0.007866279133231641,0.005314704756172958,0.0037789201546123007,0.007421351960709239,0.0023272990385448935,0.006601636465547656,0.007464691469739775,0.0070110875733518105,0.007038093464395168,0.007866394918522451,0.004443097686107645,0.007275238209571951,0.004344186434965981,0.003153302508677121,0.007866279133231641
Local_feature_93,0.007206007875649547,0.0029973841658387577,0.028842000009673838,0.006422036518461787,0.0022880300297572456,0.002483386610926783,0.013899663395640287,0.00655927120281754,0.006876164120587449,0.006573655456902935,0.006892289590281898,-0.07130354375203805,-0.07068240371360879,0.0023561111765061796,6.728326523194701e-05,0.004441609944172047,0.006713229533013315,0.004347312662993539,0.004189544795630452,-0.25473811500941873,-0.2526691984446258,0.10756449487932107,0.13059166849794376,0.08625843401576871,0.13126808179394567,-0.03606568826973534,-0.03590341623084043,0.10758902656586543,0.13060528028079757,0.08625831446661676,0.13128914369570657,-0.03603002719292999,-0.03583422361494612,-0.0033551273396425956,-0.0023005738671869305,0.008498066220565625,-0.0031748740369360096,0.004756539209481154,0.0055100445469336255,0.12579100405675195,0.13952143069465028,0.06715713826618674,0.13378298686962256,0.0068074131656984255,0.00801167990798098,0.12368513855264335,0.1406230428467743,0.09303198970522841,0.1327511887132863,0.005240638440857016,0.006712802064339127,0.21120766379130873,0.22084629055801763,0.0967984288553908,0.22887131092848725,0.030050322803518884,0.029539597061434865,-0.003149607349103598,0.14913813839189635,0.15507333119050273,0.1441837695649077,0.1810933703437259,0.18174028344736812,-0.0031103489195747082,0.14915836613137326,0.1550752712815113,0.1442153775377108,0.18227743517426678,0.18297897784990233,-0.004007682703194476,-0.007836922221974267,-0.010085101402630265,-0.01073848533159878,0.282188410702995,0.2825663092691015,0.001382485702435155,0.14362145557793254,0.14393085647896858,0.14064690855368786,0.5706358364492002,0.5727274897912455,-0.00103524891143905,0.15383040421779393,0.1547315415591662,0.15214096460007787,0.561980661694077,0.5640212406218027,0.02683959893647256,0.09696957633178147,0.10115956833743067,0.09264318670977692,0.9968928799339583,1.0,0.014702949219063625,0.026555708262642155,0.03907893373920294,0.023207039594280922,-0.029495839574872666,-0.026488118779376936,0.016352915465704186,0.017705722338464902,0.004077228738797931,0.017459073009508753,-0.0031192556124977518,-0.0015381143695522585,0.0022021683723529497,-0.0007577013235776087,-0.006077486042150387,0.0009551602175980385,0.007606922902899788,0.007538175997141707,0.03266205048976578,0.04511850028274758,0.02708378191153221,0.04092147115104951,0.011422226300657205,0.011376385938049833,0.004875788430607428,0.0009559540214155635,-0.002685867589417897,0.003942982762076188,-0.023260838877007327,-0.023748227660374644,0.01576483304020561,0.03032917963547443,0.02964655775768497,0.027732665403008942,0.01576508982492739,0.01609043899318453,-7.290074027971671e-05,0.011161665993558174,0.011008652337627921,0.007988253221909542,-0.040278440941198035,-0.03995396174060185,0.01768681167913999,-0.008183405651507169,-0.06302719324311863,0.00355060808779485,0.5757886771497521,0.5783716369389148,0.009652740911280504,0.028351030096074148,0.026440836813373055,0.027025860181477433,0.12188081039390768,0.12205895649188016,0.02902407383915675,0.012467069680033192,-0.02177650997522913,0.02387416744127891,0.11185809467235276,0.1122619291905329,0.010750752770507011,0.0011835514321428594,-0.00520528105997623,0.0021202145043661027,0.3322927640308848,0.33351660483201717,0.003602654525311381,0.004695087691821322,0.010003586028515159,0.009080019564717117,-0.13274748046896065,-0.13278406925166797,-0.0008438677980683531,0.0037585634809204588,0.007270835191137363,0.0034671313504798925,0.002870124565492304,0.0065557250046392795,0.0023172538761281444,0.0066169757009546856,0.006937800689887475,0.0069517727192518995,0.00700210553712256,0.007270909263899087,0.00440203452370052,0.006782123455003734,0.004242416478660327,0.0031279633857898745,0.007270835191137363
Aggregate_feature_1,0.7974554509827229,-0.005521966946916109,-0.04184063426024336,-0.02372722286285033,0.04510338761312466,-0.02173220896959924,-0.010587273989670602,0.8239637200337909,0.8028896236353359,-0.002475844782553392,0.8236590759742619,-0.012021148585538315,-0.013387708907697906,0.041473121097039815,0.029081452461401033,0.10000469460691717,0.7940827980307036,0.770404030881164,0.7479677785102251,-0.019266228599795807,-0.01586876758386684,0.056232018155675356,0.02627587309975205,-0.012301565491848035,0.0417148203432216,-0.00802693216789029,-0.008182330015637318,0.056169621541319444,0.026232570396562137,-0.012301311608602308,0.04165885755487569,-0.008028573681171504,-0.008192377768862868,0.05039268439844273,0.04890833286902346,-0.004965761881037189,0.050295953734060775,-0.0005393145301756651,-0.0006000981161416217,0.008351061704736323,0.003440816030748617,-0.0126960250848302,0.005998285150895426,0.006106115853250415,0.006819181250164341,0.008923873849531649,0.00522244137142448,-0.01529366266521758,0.007209355915609697,0.007199682187372612,0.007926548965045169,0.02148098120715128,-0.002673379901109828,-0.030794460059954572,0.011431062057675226,0.01062937417001955,0.011408602480413805,0.017231902877784203,0.04028446334341473,0.021723078578180073,0.021309924305672315,-0.00993523169239537,-0.007892967930676531,0.017068947304216688,0.04027195353128406,0.021742448035938243,0.02128782207922522,-0.00978703161038536,-0.007846482721413011,0.021075333579897628,0.03051403869381756,0.01939632780636341,0.017563698788477654,0.013362777218140815,0.01257438608230742,-0.0038175369878459815,0.007749425266326908,0.0007858341777503391,-0.001550689161507595,2.2552144223280905e-05,-0.0003287482531861217,0.0023755061143925474,0.012380948367640497,0.004038872031063328,0.0024348406377393793,-0.003506680674905599,-0.0038760078751522626,-0.009426446241683473,0.013484624141067991,0.00906197656280345,0.0025294151139473838,0.0146875745220639,0.014702949219063625,1.0,0.7831137203463482,-0.017684839420262388,0.9776538932934407,-0.0023761969425722183,-0.003153163337356048,-0.0007199118236832635,-0.003051687015726546,-0.014056069209186953,-0.0022364641371156097,-0.019574859751812636,-0.020037071324010974,0.04665439327698314,0.017688833642896452,-0.024087839287156673,0.03851992676810301,-0.004399036231441284,-0.004327052175101484,-0.004967361196581867,-0.04469646446887038,-0.06684383648082004,-0.02633465426505418,-0.0034610308698676336,-0.0032611306772360365,0.011033389742718657,-0.012653685862777792,-0.027374427321953235,0.0037897290635668796,-0.00720973831782046,-0.007560065389023588,0.13511175015130147,0.06294077616506294,-0.012106167355870338,0.10871120865217102,0.0016737596925747314,0.0013922454969949505,0.14163923135882223,0.4059456017671248,0.3863988027655376,0.3713917574555775,0.014783647402396913,0.015608482145566146,-0.002813228977760918,-0.0016311108269493476,-0.010947711845036857,-0.005516306435193456,0.01333953268511173,0.01275297033129719,-0.009916273609724982,0.021397260012817217,0.010034309751975449,-0.0008100423350714325,0.01578116879602845,0.01569625800419445,-0.051142713793157026,-0.016471498095988267,0.025881333675467133,-0.035660407231283456,0.015289144101262747,0.015105500512527511,-0.012550829647823928,0.0073737881974835105,0.0011602568283421634,-0.009628448554932176,0.023711880204556668,0.023364967461257737,0.004717523598218377,0.019943584034087383,0.01176430224168,0.007561996255086872,-0.008074434623485829,-0.00840289520354017,-0.015411914887242495,0.059659116083512015,0.8025570587159975,-0.005263863428944003,0.001149228882140833,-0.023594982767276316,0.04549924000436747,0.8292004916278274,0.8080127488031159,0.8288992057169895,0.8289888828183818,0.8025563903580938,0.10050833249325909,0.7991721734401885,0.7527235413461406,0.6947904176336273,0.8025570587159975
Aggregate_feature_2,0.6763689822203077,0.1731186957609238,-0.004272252040459277,0.19368068546827108,0.044931870391252085,0.1926937831869761,0.024131203151580453,0.6437680542915604,0.6674764908017822,0.143162496110638,0.6466661431762848,-0.019991597277809144,-0.011763043704091999,0.042458021454804616,0.022261833755563794,0.16813363687062235,0.669849901933313,0.6280364123605017,0.6155602148652582,-0.045814276291905404,-0.04267423193463993,0.03687305702416142,0.0626041411863182,0.04158502379131628,0.04897944615922949,-0.014038603107173161,-0.010102528835642777,0.03676874506039353,0.06252899703306108,0.041580580288694706,0.048890768855880784,-0.0140289257357828,-0.010124293718170441,0.07689343382244754,0.08653782872120092,0.061544674511648564,0.07786249114034294,-0.006952005265429752,-0.007049950207075484,-0.012233509450828657,0.0020726492483916985,0.03011542086465055,-0.008262755668330717,-0.004567163966839759,-0.007330335845813843,-0.011911408992351121,0.00014702631249822388,0.042605210073080546,-0.00799002414024008,-0.004107127538869786,-0.006662714483780923,0.00701578775951648,0.11315132924186985,0.12621762995256372,0.05162786241978739,-0.003655650199937581,-0.00635844508863605,0.10008041069746715,0.10106151404101298,0.06987136374832438,0.0862113377136473,-0.00870774387887813,-0.007662109269318531,0.09979488261331426,0.1010160492276369,0.06988537271098806,0.08614253272794341,-0.008587316638008468,-0.007585666584085937,0.04432418370493957,0.07494176718260856,0.05892118590015258,0.05631245202008362,0.026801516919696212,0.026366685874106746,0.011736318291877533,0.012145717430109415,0.0009353301809184798,0.0009327189439942713,0.0036087629167806737,0.0018940568445975708,0.03142147422208027,0.013625280373608294,0.0026918086326411235,0.004695397642955764,-0.0008282824431630039,-0.002604459334856273,0.011446449812440604,0.05555746370753571,0.03340656732086977,0.03494005037137234,0.02730532794400538,0.026555708262642155,0.7831137203463482,1.0,0.5241423441103622,0.8619665612831144,-0.006635426994356854,-0.006823575272600134,-0.020459108696932325,-0.010627211013644439,0.04573814717261077,-0.012586054975421195,0.004109553829406207,0.0028372999566266066,0.024983318485126953,0.11541839968880249,0.09420206171244097,0.04587716233866273,-0.006621782334659133,-0.004121389990384539,-0.0756741709054468,0.03229029625556958,0.12142922199430542,-0.02075268852431285,-0.0048071441984958545,-0.005994781794070598,0.001545670280977479,0.13259464990486314,0.09404383089031802,0.015506386506714874,-0.0046037977025184165,-0.0026390720583850456,0.09975081938940239,0.2440628005544634,0.1958607013387602,0.185664999830462,-0.009833962254229127,-0.007560101812817302,0.13670217930999565,0.36809446831437614,0.32797546145540496,0.3216634298724291,-0.001886667270811942,-0.0005781763912462387,-0.00893713006848174,-0.006622402310051611,-0.017851645268460992,-0.01344475461681305,0.023985805264667318,0.022849114255130278,-0.009343081645917876,0.036493616672692616,0.013103462551222703,0.0010616083419855182,0.014166306893511013,0.014003741305234482,-0.04651776735625968,-0.003891867022628567,0.020258643775689804,-0.024325224433327658,0.013501053100203907,0.013386094007250004,-0.008383433853198678,0.015675444447889916,-0.003656027469773869,-0.01328671669538542,0.033717120626033305,0.033679585665203945,0.006748904475291323,0.052990314492933746,0.06400561907821425,0.03579640999234738,-0.006383627076951491,-0.006804533753337033,0.12170253655637717,0.07004729843351074,0.678989638783264,0.17448723379665554,0.17955154435630113,0.19459668787055634,0.04517832449023426,0.6462422689997581,0.6700544846131627,0.6491548708010814,0.64757561263281,0.6789931526636789,0.16866603872254562,0.6724512635922507,0.617918784923019,0.5631254396983699,0.678989638783264
Aggregate_feature_3,0.03375671089251675,0.11340221356714456,0.000798153268276208,0.13838504791681186,0.009612042991502975,0.1359107072121615,0.025158472063957067,-0.019163185292172084,0.018076899155434565,0.18972165297998,-0.013311896061322376,-0.05319758911782268,-0.04171018657344695,0.010182480641489012,-0.0016798777975186433,0.09804009394015374,0.027426147064789186,0.006819016335220417,0.015395742875214575,-0.06386935749619553,-0.06287739035263692,-0.009139945397210103,0.10206136247219015,0.13994646861836887,0.05650287564689348,-0.018559573351369294,-0.014795237101901735,-0.009264332620129184,0.10198467530412281,0.1399426362817724,0.056405328684147944,-0.018534758478226204,-0.014790273696798438,0.08479371125087358,0.0919970753205359,0.060089955177234734,0.08593176016771532,-0.00024303426292322824,1.5296447216981316e-05,-0.03098434959900132,0.005654480438366633,0.10277220315452906,-0.015372337582228586,-0.015721476016230918,-0.01975472937726718,-0.031253764679101716,0.0024825569832795003,0.14711529146159258,-0.016371122775390677,-0.01584605177392023,-0.01958747544017479,0.0012264672641189402,0.18129818199947795,0.27725984999487346,0.08802511007080217,-0.019256970878461493,-0.02468251595625199,0.08113518704813481,0.150484787614162,0.14201881924858914,0.15316061620862376,0.009638574716977592,0.008451781853280748,0.08066927534783633,0.1504630444120555,0.14206064496827767,0.1530816926235478,0.00962528848019547,0.00846734853900972,0.05990727279752467,0.07290665646660034,0.06772118412677408,0.06906180078841069,0.04764759785118096,0.04844229427238652,0.016269508504294917,0.02230220182355564,0.017957275964440977,0.020324023827734784,0.020971059700727712,0.01886226158131112,0.035568144494845653,0.02163125630067595,0.018128742481984716,0.022424560034436415,0.018360993456098984,0.016251039389503265,0.03184415131753843,0.09410788604118421,0.08149609240563781,0.0820582774597958,0.0398932803333193,0.03907893373920294,-0.017684839420262388,0.5241423441103622,1.0,0.17751497512045,-0.01179174529434947,-0.012773313465665199,-0.04066386261391503,-0.027308551697855878,0.07933428904535852,-0.03084962297192326,0.045447512032229256,0.0449742640157071,-0.018759765904295407,0.09792587104417518,0.14875164930860807,0.01846334891519831,-0.0014485071170304705,6.783056877271834e-05,-0.10954367364718093,0.07257020694045188,0.2759870375170212,-0.018793608632388253,-0.0070620119711188745,-0.00881120836484431,-0.010884156191561151,0.11391631635793137,0.1353692844908748,0.016769557075726277,0.0009984174363300191,0.0023880441487769263,-0.01282467558743394,0.3418848344970242,0.42270564724538895,0.1996211109338902,-0.01606690524103826,-0.01398263253454543,0.03112800856678624,0.046792972025224096,0.022520748790671254,0.0324964605814702,-0.031034016278882765,-0.03014407954439647,-0.02343380936728048,-0.025591953721024137,-0.02083018892054278,-0.027771911954483648,0.01857206233563446,0.01825491392807463,-0.0053242881453311455,0.013490745181631781,0.0007085168669286483,-0.004033942391065837,-0.0007119181782602165,-0.0007210015198637962,-0.02414680004878108,-0.011779745990588775,-0.00208371284497318,-0.018254016345163104,-0.004582822890564466,-0.0048614567768011175,-0.00038963404623676813,-0.004377031889473784,-0.018306401833726036,-0.01796387885170743,0.022192279273422866,0.02254462953497142,0.0031926525268189615,0.04437427562860823,0.0631487125264609,0.032468103543384,-0.000883211878535783,-0.00029188186199208943,0.09585697812889796,0.02078339953641526,0.03365315764008253,0.11377736220988499,0.11968143753813769,0.13831939109374863,0.009586151689066106,-0.01926684351001711,0.017974133526666113,-0.013416246867543403,-0.015070329750770215,0.03365572844361705,0.09802324084608681,0.027319695098325908,0.015290407091299248,0.008058229031601975,0.03365315764008253
Aggregate_feature_4,0.7871569291271557,0.008941863041676242,-0.04411989118493074,-0.0001603438600465659,0.04589208846792314,-0.00017711596720852127,-0.0013146875372147932,0.8043385536895489,0.7893381652786886,0.031334739696494376,0.8052197936740838,-0.024461101116812947,-0.023961881360587207,0.0424395479971858,0.02817340400794641,0.11493042202347156,0.7822636110701257,0.755931143431865,0.7357168567597037,-0.03260167525445352,-0.029060496926994382,0.05348868067367517,0.047294170318252136,0.017721204896625983,0.053242331144416837,-0.012540816492589592,-0.012068749876725628,0.05340408974173986,0.04723797792856998,0.017720975979662955,0.05316937920945858,-0.012536988724063287,-0.012092744839111904,0.06537491848924273,0.06473876834891865,0.0033581983260672302,0.06544296576947362,-1.031479647307993e-05,0.0005403459475978318,0.0018409888444119893,0.004697296285933314,0.009554556215363162,0.0028856534960226238,0.0019632593371862518,0.0022815517993451354,0.0023459525838692317,0.0059544237269668785,0.01681146290115293,0.003885493063953859,0.003152262658319958,0.0036311031121727955,0.022667978257885295,0.03520152327471252,0.028068789572589504,0.03139115605447341,0.00612987471917106,0.005991648650388221,0.03393614657987117,0.07203948827643566,0.05250534764022966,0.054449675765143334,-0.007811699334690425,-0.006095689864447064,0.03369029829505417,0.07202595070333273,0.05253405575738432,0.054415322508711214,-0.007669757170994092,-0.006047823147449413,0.03180135677587149,0.041922175116900176,0.03044915857962842,0.029054919631324328,0.023151203006737096,0.02252088579643523,0.001608796355116098,0.012693809787392306,0.004994083939148283,0.0036639373334057565,0.004934707870610628,0.00413466664084492,0.012672111758931947,0.01727469941254485,0.008288197158568808,0.00803881848196768,0.0008917338066548493,8.819520279181957e-05,-0.0018533412354880515,0.032603585576375084,0.02632264528511455,0.020270399846374618,0.023406494807073144,0.023207039594280922,0.9776538932934407,0.8619665612831144,0.17751497512045,1.0,-0.005316387192992409,-0.006308065630111409,-0.010940987444796674,-0.010878585283371272,-0.00012390695797335187,-0.010718308656044628,-0.009471433956504016,-0.010032778730061745,0.04196241035076679,0.033380645908370254,0.003898569985626893,0.04148161606874988,-0.0035530641000281506,-0.0030147870650619082,-0.027709959809374525,-0.032248279183050337,-0.011068128173880766,-0.03231409508370017,-0.0032354090073137337,-0.0033614425196450705,0.008736066594709867,0.005613078841281085,-0.003028252854339623,0.007138037515296829,-0.006178250487790649,-0.006272519691586521,0.12999314993950098,0.14380202156252064,0.08632741012555993,0.16178364735524037,-0.0013631723954031286,-0.0009299324671512303,0.14482277399506535,0.4062530529517527,0.3828988907993367,0.370449266108867,0.0073250708784454825,0.00824480874873229,-0.009625562559597083,-0.00920180125406557,-0.01571677527279257,-0.01323745729576033,0.016824280501231165,0.016225351503441125,-0.010853255409289851,0.022244880570199972,0.009104530270932498,-0.0022544285168646164,0.014957028505174363,0.014825597005503337,-0.05691935470105923,-0.02095652930690318,0.024918980461396602,-0.041237097864762075,0.013747042919574494,0.013484348855563946,-0.01137809011158126,0.00489172803237929,-0.0036624484809443052,-0.01328236458325604,0.027724856318108868,0.027430314500177175,0.005348314767241615,0.02562281583231873,0.020078465600787913,0.012675693758990475,-0.008906560675230516,-0.00908509213747152,-0.0016097290932360483,0.06264207345245751,0.7919346170345706,0.009336433033693987,0.021103756063493875,9.74520724240385e-05,0.04627142604592613,0.8091896730096261,0.794117119393166,0.8100810545172812,0.8099094636255987,0.7919342887794594,0.11548978333256897,0.7870203782668947,0.7401525900419266,0.6824072736768885,0.7919346170345706
Aggregate_feature_5,0.001087736142813896,0.0063283186583387545,0.026875551007115563,0.0009705755006922836,0.007490617583349325,-0.00016810828049085915,0.004317120063615526,-0.0020320996024047315,-0.00025034887469959597,0.01776771829896396,-0.001317387995492072,0.38107898213389635,0.37170496956068266,0.007724518140694751,4.2877213544693155e-05,0.010920550366025204,0.00048420865479300944,-0.0010581779303511206,0.0004487972440104938,0.029911733546269074,0.031122746181307524,-0.04182726313346686,-0.0822089418468965,-0.07949400735825597,-0.07286158550537203,0.2631404815306804,0.2622725143642535,-0.04185476560161884,-0.08222762044629675,-0.07949306126431392,-0.0728874696013258,0.26313834875423303,0.262143121952027,0.013353925141319235,0.012923065352720987,-0.00014122410302327152,0.013384374418534064,-0.04461443436234411,-0.044434249308686384,-0.011548324806360956,-0.02996343438051721,-0.06400367289418664,-0.02161573148046568,0.03979593649077472,0.041703661885690496,-0.012354057962645737,-0.027209556663919564,-0.07685509291618782,-0.019967622166840903,0.04779747542330266,0.049425183893681925,-0.028522075504205713,-0.054617823797827376,-0.07301362627217328,-0.04568915935629963,-0.06148073710745317,-0.061336933718040144,-0.004580105603742749,-0.0672906477350687,-0.07045097641529836,-0.0666264729400499,-0.011501041510435165,-0.011951366389328257,-0.0046689694423268915,-0.06729302215030339,-0.07043485457468643,-0.06664137467130611,-0.011550758140325289,-0.01218555005724949,0.005241580260716737,0.004661182831853608,0.004907969124190829,0.0051738234613198575,-0.02683442728994282,-0.02685720263378544,-0.005577022145651875,-0.02379073006807498,-0.025067006216812522,-0.026159526389106836,-0.0254738366912531,-0.02648986570307099,-0.006624048219047688,-0.02671836487445345,-0.0278612569552868,-0.02874987344921786,-0.026017025349112256,-0.026816355669240698,-0.021329577073610856,-0.03283898441799325,-0.037416991427842085,-0.041188150227705,-0.02855688164601293,-0.029495839574872666,-0.0023761969425722183,-0.006635426994356854,-0.01179174529434947,-0.005316387192992409,1.0,0.9749242355154168,0.01089227840452387,0.009833103426856081,-0.006926860033425763,0.010297611654119831,0.1062297499437476,0.10639514297864013,-0.002492296866362204,-0.008872916049563348,-0.014279986075049137,-0.004019728557249776,0.17187008357329137,0.16547304446810843,0.013127218177976423,0.015000606936948732,0.005443333935830897,0.014632138249175738,0.09433555591043868,0.0944684200078844,-0.0008500359182379626,-0.004882698281491828,-0.005493019600328743,-0.0025113981796557987,-0.04473762358047926,-0.05073389847709891,-0.004254233033699171,-0.008396159569515805,-0.005358181265196338,-0.006658811119025898,0.34446728884659833,0.34471431440927025,-0.0011059903694117428,-0.006772977703458404,-0.011857965216115918,-0.01080806316373901,-0.002513365202651627,-0.002503162437976432,0.006739340848398166,0.010870680636815127,0.005652618950660658,0.007390718008373904,-0.0012636276552558732,-0.0019899659304293098,0.0012705424609646399,0.019410275122025755,0.01329732731565149,0.014246535498881524,-0.008051922946898986,-0.008869224462089405,0.006852847694522113,0.02094958322987558,0.00840699704972592,0.018651264115392852,-0.003028670449511103,-0.0029263760206174505,0.002279879159029267,0.025566537257290297,0.019275174948179825,0.020764107106659237,-0.019493296882224093,-0.019457223013039933,0.0023744838164814325,0.0037986274359733947,0.00305432007973729,0.0026835178879946646,-0.0013999416305358822,-0.001113166016770494,-0.0009051140237519439,-0.0038966554428765707,0.0011676176668032638,0.006385691023938076,0.006958146229148203,0.0009665132142557798,0.007513772298629846,-0.0019580549682284057,-0.00017302593862315372,-0.0012419551200040986,-0.001455248030546045,0.0011677624444509655,0.010955400285266809,0.0005646809377255418,0.0005289753050426207,0.0004568287361571737,0.0011676176668032638
Aggregate_feature_6,0.0021000932452546633,0.013992303729960508,0.027724564677423104,0.009425020739221685,0.007129202988518116,0.0077913531373328725,0.005641104015027495,-0.0026029320495902287,0.00045590466770552653,0.020586321304629382,-0.0018668423832063406,0.3942273061493299,0.389229180323711,0.0073639448044119085,-3.771108383586276e-05,0.014077494021937564,0.0013082560890467039,-0.0008940039503746157,0.0009187636121435552,0.02881401375835631,0.03010498978026105,-0.04218600918801142,-0.08191930316883923,-0.08007589758741909,-0.07367839621216514,0.2661143307173426,0.2688143641229321,-0.04221607566210382,-0.08194148616320139,-0.08007546366911632,-0.07370650825915377,0.26611084435783444,0.26866729648546783,0.015047778653290263,0.01673296732733604,0.007405324195898652,0.015121141027297414,-0.04464589204367858,-0.04406699437456836,-0.012242957885312763,-0.02875979337486074,-0.061125950015698115,-0.021450173872545327,0.0386117892881943,0.04073425209601984,-0.013054259046108093,-0.02744735775229126,-0.07608676903120892,-0.020628847367252703,0.046116625458736044,0.04796473798939123,-0.029920737200064985,-0.051711484964302945,-0.06937257200737935,-0.04618884879154842,-0.06035663741198749,-0.0618124914764141,-0.0033543191420924716,-0.06605313899975511,-0.07052804980616785,-0.06670792051610511,-0.010216142230027635,-0.010570067053203095,-0.003453159068949762,-0.06606075436465683,-0.07051423243819678,-0.06672744896942193,-0.010111070282607618,-0.010646607749864109,0.006972390946203287,0.009426840434109988,0.008497310250955535,0.008476530046134422,-0.02491393971440001,-0.025033704777300186,-0.005333867614647261,-0.022800085066638734,-0.024575260621455746,-0.025802875499354526,-0.023171585867263516,-0.024277329288346295,-0.005790464190585652,-0.02695217199912043,-0.028386987988168796,-0.02931135802703269,-0.02360026732111652,-0.024461106597284215,-0.022119282952028686,-0.032053374898443204,-0.03867312542913542,-0.04270038743672781,-0.025489880995521002,-0.026488118779376936,-0.003153163337356048,-0.006823575272600134,-0.012773313465665199,-0.006308065630111409,0.9749242355154168,1.0,0.01091789801936246,0.010009330905727308,-0.0055561818516290315,0.010174224397219598,0.11030480066658142,0.11106729108461147,-0.0031629383211531103,-0.00837317192783092,-0.015150194318486425,-0.00605806986021865,0.1748911631903105,0.169092744922029,0.010706492185257504,0.018836124417950493,0.013985094337080435,0.014793774877100643,0.09926147926381207,0.09970654571190644,-0.0015751893201450815,-0.0033614941672801472,-0.004151645677173468,-0.0028389260591137186,-0.039982668576467005,-0.04583299797286064,-0.004412771165787202,-0.013996069856851208,-0.011989037717769758,-0.010039135905320533,0.3420127610977766,0.3472615848254012,-0.0011369295304824339,-0.004514573402964787,-0.010116024320724955,-0.009622796651531937,-0.004610868205980575,-0.0043048397697298315,0.006947277126315401,0.01267155356468261,0.007859131309090786,0.008022243813815187,0.001098913733610903,0.0007401809058621186,0.0009252668903666975,0.01971736762741477,0.011711977427196598,0.01296899904745783,-0.006672547528591403,-0.0073442024252946565,0.006458204547199564,0.02161821870955369,0.007496722534384883,0.019406761061951844,-0.002105270050122905,-0.0019410222908959392,0.0022394048553348637,0.026364225158993018,0.018813231805649235,0.020401407656660247,-0.01806325748706145,-0.017983904918285436,0.0019449785217593135,0.0010086168714165938,-0.0012390585231415684,-7.594988359017599e-05,-0.001694248923674886,-0.0012685057095892188,0.007665242433148374,-0.0003619287635409502,0.0021744750246356953,0.014083072694640805,0.014710341700396427,0.009433441318372454,0.007150221877038866,-0.0025351151079208646,0.000527682612081384,-0.0017977107294872327,-0.0020389725828417918,0.0021747945925564205,0.014112369958973692,0.0013830039753895322,0.0009930464204667487,0.0007707570962067131,0.0021744750246356953
Aggregate_feature_7,-0.02462659282687864,0.1553780617578259,0.558314919797869,-0.0202737742116869,0.003624275645101459,-0.007396231143543893,-0.036877518622741995,-0.027156061176864407,-0.02471537198069824,-0.0011836946280487123,-0.027485025683950264,0.009984149220021511,0.012059195618393458,0.0031789142088517724,0.003599446267805668,-0.0013360618390582505,-0.02592540302847002,-0.03313089711374521,-0.0343233619245125,0.030386853780352566,0.03379701333919296,-0.0005926440820751714,-0.03102510907412526,-0.04715097628071858,-0.023614509370648396,0.014423564621247942,0.01724188186916746,-0.0006117763101464361,-0.031044420248388015,-0.04715232017141068,-0.02363379234487719,0.014432825280163241,0.017303464830044107,0.013033449963178557,0.017923086863577988,0.020942050964971207,0.013258210567326612,0.003945090405627967,0.004655689217818987,0.07474409193930875,0.06089667845163051,-0.03648163554927182,0.06686198021672587,0.028161363873815792,0.030060525888522288,0.07302717541630102,0.06338634635105603,-0.04331243298513032,0.06783880366191944,0.029367937043461353,0.030286125487838177,-0.028847820098932702,-0.07751955610121117,-0.08750872468032567,-0.05808169978451953,0.019715443178270436,0.01842897676129278,-0.007497566675984557,-0.0449236684183983,-0.060622885767805626,-0.06283914104767112,0.03291718937744968,0.03361529084337477,-0.0075258196018437775,-0.04495846662538127,-0.06063998493136656,-0.06286558332812459,0.034223420692545165,0.03494910601785376,0.006150917884060121,0.023828541489222088,0.015940663881874,0.013740370228220763,-0.01702619743051372,-0.01754009908052711,0.014331411665843818,0.04470295943437201,0.03670483059647031,0.036268478994414474,-0.00017275998802886595,-0.0012768881257121233,-0.002918624225233575,0.05423136059001541,0.04905972289690303,0.04567789216104867,0.0028859459627569163,0.0016566834932763433,-0.04050984760835927,-0.12940157350800635,-0.1357952466618409,-0.13535013642107607,0.018510264459996265,0.016352915465704186,-0.0007199118236832635,-0.020459108696932325,-0.04066386261391503,-0.010940987444796674,0.01089227840452387,0.01091789801936246,1.0,0.9866874663190056,-0.17815943916444515,0.9931786521501329,-0.04158082256752886,-0.04159365295998482,0.1527765249898382,0.16449337971848244,0.08140646671608986,0.16853915979298245,-0.0014064738081402692,-0.0010334494624948695,0.5661980239993092,0.5193364945054115,-0.055641279230214974,0.576378568363795,-0.005272861386328187,-0.004397582469379623,0.04397518735169037,0.03463054702341301,0.020683988102563,0.043136898065020426,-0.01876160627455746,-0.018964198788065722,0.007339813025795313,-0.0682872005690412,-0.07408451328263531,-0.029744225608473472,0.009930351767092355,0.0093133996293597,-0.014982086773158685,0.008104112672187545,0.0008859061947117083,-0.011260199038301496,0.03222785576478188,0.03246758726662586,0.8906018320302218,0.7675582378695609,-0.018234540003645,0.8680248851405895,-0.0033205797549883285,-0.00434240811687309,0.11956370285388637,0.3176650738689494,0.3012143889395071,0.30842789295640355,0.028040873954550887,0.027852293272870712,0.5049720811647697,0.43423154395738617,-0.06797499703451171,0.5494877291659667,0.05446000525076918,0.054065562396988814,0.04486721001219484,0.0035667038341869687,-0.013634151633501432,0.002949893716018877,0.038526050247692054,0.037926740062539537,0.013621418267198655,0.04214519463663717,0.08768728297345915,0.060020952811657806,-0.03905803252737357,-0.03781223173156369,-0.0019096319275674525,-0.018225163925532237,-0.024282313963551707,0.15471449295342632,-0.01547764283765502,-0.02008521834383251,0.0036556545957561436,-0.026836918257286367,-0.024380015263231337,-0.027162143385570398,-0.027228606918365306,-0.024278770325754644,-0.001154002226191541,-0.02558095457884809,-0.03399722771415416,-0.03669009763669473,-0.024282313963551707
Aggregate_feature_8,-0.026090731653550553,0.16193889789572893,0.5741558952611585,-0.008669196229128368,0.004490280060509845,0.0020190737124739814,-0.02820995206110618,-0.029495378383669946,-0.02654369880572273,0.0007945840779122881,-0.029761140277362326,0.010665923708440744,0.01268325844277157,0.004086113375437654,0.0035191993203140645,-6.741263442967633e-05,-0.02755604613509115,-0.035260842437396384,-0.03627918954760368,0.02878212370692418,0.03227817011039173,-0.002162274989916103,-0.03324153106031719,-0.048899348238566495,-0.02578146669284088,0.015468187792124194,0.01786283753030332,-0.002183443135373337,-0.03326243195561253,-0.048900975151322704,-0.025802604809750357,0.015479370039650026,0.017926021202861617,0.014223616459594423,0.01944082045799384,0.025251852524592604,0.014544978786784572,0.0024829518984877032,0.0032764122000070828,0.07352850806309975,0.059412930795682085,-0.03777035066882553,0.06546139208441251,0.029654079440062577,0.03172825811282365,0.07175001733740681,0.06184937578237371,-0.044874869214154775,0.06640184853457592,0.030606109043617782,0.031872860126048425,-0.02544455465591034,-0.053598256094739914,-0.06472219445659322,-0.045336013057074666,0.019720896007035225,0.018475867966581613,-0.007425455176448611,-0.04748640808859998,-0.06348325808537295,-0.06556320213965175,0.032637297053263424,0.033366587636907225,-0.0074604953824206075,-0.04752188120961757,-0.06349972919580694,-0.06559111699996743,0.03400054226237633,0.034759971390515176,0.006814717814240025,0.024737804295178342,0.016766270361274666,0.014569418155424342,-0.02002401264493864,-0.020555531942810734,0.013566242571571846,0.04270646621957366,0.034668264823222196,0.034082960705989436,-0.0010071539720518602,-0.002134905468500114,-0.00356603813845724,0.05231001049328908,0.047094559413743645,0.04362103639431516,0.0020731542970809508,0.0008519495749273706,-0.041786294196898416,-0.1307739121263069,-0.1365695145275895,-0.1369312537971767,0.019892513222795873,0.017705722338464902,-0.003051687015726546,-0.010627211013644439,-0.027308551697855878,-0.010878585283371272,0.009833103426856081,0.010009330905727308,0.9866874663190056,1.0,-0.025410486095143726,0.9982876077503894,-0.0399845670302647,-0.041147578650488834,0.15383557565675682,0.181578025144061,0.10022183579498081,0.17330372616860173,-0.002537519190863692,-0.0017095417203386108,0.5662655448399838,0.5399375249996551,-0.029392247563612313,0.5859216983076561,-0.0048440545075933645,-0.004094710413511264,0.04363929362266401,0.04607422090990246,0.03296143348068538,0.04500945519190141,-0.02118861538170559,-0.020138935673541792,0.006467256892439572,-0.04753941686010288,-0.06004940668328599,-0.02432664908402134,0.00884807857621081,0.008439302793388523,-0.01521286608523791,0.0073387187117838724,-0.00020775498207835214,-0.01222096828901172,0.03209029075059106,0.03238788208680329,0.9037574319311827,0.7797518904999595,-0.016421491794294283,0.8813314333988335,-0.001750161297032503,-0.0027965688600397717,0.12300221884488878,0.32328964236716307,0.30636105823139925,0.31460232790129977,0.030282902264624528,0.030067777008947492,0.5181248747953251,0.44425575281550816,-0.07064882160914336,0.5628552448293145,0.058502034436106,0.05810344738763729,0.048909111784974035,0.003327287840454229,-0.014954414674985763,0.003678958135171479,0.042682754408496476,0.04206899624594424,0.01406501476842382,0.04817149508270859,0.1033168315936424,0.07013933604109643,-0.040391147698453825,-0.03910435794126955,-0.0038912998062129705,-0.018358678326760965,-0.0257513145950805,0.161294889556151,-0.005784226490099075,-0.00845994422659912,0.004522638107806609,-0.0291833035902793,-0.02621406218768941,-0.0294452051682987,-0.0295351492231915,-0.025747619939405362,0.00011933036455763455,-0.02721704255862215,-0.03595961004444109,-0.03869866634813496,-0.0257513145950805
Aggregate_feature_9,-0.0058469055655374835,0.013702680008588765,0.028153934063949705,0.04640785315492278,0.0035753980156754688,0.0390927899565033,0.029651140651398896,-0.010941710069390768,-0.008160923613437263,0.01655812264364572,-0.010279553781556316,0.003126692305497971,0.0034017831304587447,0.0038427082599728725,-0.0009323900293848259,0.006123848561814039,-0.006651707578519574,-0.008186509531728644,-0.007152945854972756,-0.009535546506693133,-0.00922279228559348,-0.00925334304624122,-0.009520293301312318,-0.004808475868711941,-0.010084610619700132,0.008710273666028744,0.006079727766192467,-0.009268028192147695,-0.009531135056863194,-0.004810705423132009,-0.010097712713210085,0.008721193086467321,0.006082160646869165,0.008828576737523986,0.010909552344134436,0.034627112338122996,0.00964743197653577,-0.0041481949106355175,-0.003066680063319413,-0.016406605139874016,-0.01630208359087054,-0.002944705281527415,-0.016516739028358634,0.014991081765665088,0.014673548226091564,-0.016534678958151906,-0.016820632758003915,-0.0033831194428959746,-0.016794316952741466,0.011820342330465704,0.013061564597074304,0.03850434797602189,0.14341894429584606,0.132189710765786,0.09008994152934091,0.0017986054864631699,0.0016786128511406251,-0.0002716923355020494,-0.010119913440841587,-0.009889982611055866,-0.00925340200083304,-0.005493971582215689,-0.0051599223660873765,-0.00033036224657485803,-0.010120409210643302,-0.009882039785176277,-0.009262153208621247,-0.005321911065139039,-0.004975453729280328,0.005450750166411245,0.00475357631151183,0.0051285434303750335,0.005497783518636649,-0.016748477315465582,-0.016918765212109273,-0.006501463381831714,-0.017077968842598237,-0.016446151565657565,-0.017376612571035396,-0.005021570269602534,-0.004981487647201365,-0.003792490928596382,-0.017993964860185105,-0.017679572503811018,-0.017895736825148823,-0.005139260476390086,-0.004739471403762602,-0.0008078739896095258,0.014856298185325958,0.019673537153081035,0.013827982796704021,0.0038417564795952645,0.004077228738797931,-0.014056069209186953,0.04573814717261077,0.07933428904535852,-0.00012390695797335187,-0.006926860033425763,-0.0055561818516290315,-0.17815943916444515,-0.025410486095143726,1.0,-0.07828893544754259,0.020903177037932794,0.013740720117983128,-0.011299109559989811,0.06566972838648015,0.089053368430969,0.0069708113837263575,-0.004434935892937633,-0.0005594386926105963,-0.05949018813035175,0.055724767769943125,0.15876152398011953,-0.009087942127300276,0.006780536294207353,0.00573710488947767,-0.006874649939436464,0.04932471267671813,0.06294092703686263,0.005552645965072454,-0.011227008889379674,-0.005071698344881696,-0.00640836448817027,0.10339467120660281,0.07781878935503964,0.02643349019627143,-0.00782597749276005,-0.006566671147757813,0.0005411765491027425,-0.0051572066062116366,-0.005858879229775676,-0.0037507233040345502,-0.0030285491331543367,-0.002591068937241351,-0.01599694971897616,-0.00722638824984922,0.016871506602367876,-0.011855164820361188,0.0067025553364665575,0.006800968041939215,0.006908656380009357,0.0015432771984498655,0.002079702365331917,0.006129151220896641,0.010937789719496615,0.010671495537067246,0.02149402135595385,0.009795913258381502,-0.009226182957851428,0.01680667915675399,0.018097346417013455,0.018110596099145178,0.015405101327188933,-0.0034905869764232395,-0.0067079922591570425,0.0017301801144503082,0.02135154604744826,0.02123590290827971,0.0005879778265789678,0.025019034158515956,0.06912554071471273,0.04427054304142014,-0.0037147016894464794,-0.0034903048998376532,-0.012873468521739491,-0.002079931930162716,-0.005893962935033796,0.013767954025127498,0.03918667239304009,0.04634902282888973,0.0035646481785806395,-0.010986566567401768,-0.008207018607810602,-0.010324944163338954,-0.010435801591077926,-0.00589364503805597,0.006112970277160697,-0.006699837909125346,-0.00719989523834174,-0.007104680571220727,-0.005893962935033796
Aggregate_feature_10,-0.0255832287247815,0.16038694654979593,0.5708585641808651,-0.011928196690708182,0.004466570280093489,8.105205809553317e-05,-0.032627799967512354,-0.028768861081614916,-0.025954693703352988,9.027693154333698e-05,-0.029061388688257393,0.010461867462341321,0.012560316071843953,0.004054583080899333,0.003560529375714595,-0.0002289861365477883,-0.027013232720068732,-0.03463947628907923,-0.03569147846165918,0.02903199769830933,0.03250840433143943,-0.001621860289760822,-0.0325838446642776,-0.048460856961866916,-0.025116043472779393,0.014875983711723152,0.01730860865879204,-0.0016424005135781575,-0.03260427101723179,-0.04846239157304161,-0.025136616455168063,0.014886504362381932,0.017371473641033638,0.013866792428389448,0.018984100115506455,0.023760736633786472,0.014153557073146594,0.002699242750188496,0.0034089986929767917,0.07420558440474284,0.06013240313383486,-0.03747104051253527,0.06616983785448866,0.028682250008838003,0.030737609910818833,0.07245350751649256,0.06260538570469583,-0.04451560090214469,0.0671383379118464,0.02976800839399799,0.03090859907295444,-0.027510183825391346,-0.06121298713069941,-0.07151608377859656,-0.050354873674378645,0.01947994997653752,0.018228926710447242,-0.0073399177142419916,-0.04674043248726977,-0.06270592933172937,-0.06480475534094213,0.03268210965223718,0.03340298279972845,-0.007372639009372357,-0.04677577193529086,-0.06272264940119757,-0.06483223938333851,0.034021966448161134,0.034772295858972846,0.006610016424744493,0.024497448534307804,0.01652787869614858,0.0143237019870571,-0.01918112603570617,-0.019700153472093744,0.013856929051183136,0.04353190065610468,0.035486752260814484,0.034945497625941915,-0.0007530815389019634,-0.001873758988175918,-0.0033945521796963996,0.053154767836037196,0.04794092701732619,0.04448308425435348,0.0022689738998498753,0.0010427771069676855,-0.04180745196096033,-0.131082396155402,-0.1371125270266693,-0.1372922450998339,0.01964768078187641,0.017459073009508753,-0.0022364641371156097,-0.012586054975421195,-0.03084962297192326,-0.010718308656044628,0.010297611654119831,0.010174224397219598,0.9931786521501329,0.9982876077503894,-0.07828893544754259,1.0,-0.0409045179571031,-0.04166402267688994,0.153980617357147,0.17759731650102456,0.0952482970345562,0.1723759962518323,-0.0023957548545410793,-0.0018943853078115774,0.5678571561335499,0.5352894005440846,-0.03770921453049335,0.5847550429902015,-0.0053263165778327706,-0.00457014619068211,0.0438999085500834,0.042910905928962725,0.029043816480210607,0.044521650580250434,-0.020700390835339155,-0.019946737650436384,0.006798039093823421,-0.0523881202818636,-0.06369717987255413,-0.025683391395594186,0.009203319559662335,0.008742321643797485,-0.015185090303978256,0.007697314723933531,0.00019119181943811253,-0.011905084752860305,0.03232145736923033,0.03260151120632689,0.9016348892744691,0.7775558655960949,-0.017455463814098206,0.8790197493190847,-0.0020032575760968586,-0.0030511279734916066,0.1220054610631057,0.3222661915020076,0.30543600884092126,0.31324483055176866,0.029792623787496027,0.029586468507566733,0.5153099815744401,0.4423503766806593,-0.06996600893127071,0.5601721228020029,0.057545267792633,0.057146745801596156,0.04766507540687757,0.0037697591799851164,-0.014254581202316855,0.0036824837619378243,0.04170915713583917,0.04109906824427658,0.013852265259368484,0.04613078868624187,0.09778031215359728,0.06653422794039493,-0.03998985839373391,-0.038718181835297134,-0.003040244406403324,-0.01796851440600187,-0.0252412548019476,0.1597375341388131,-0.008456915508974143,-0.011723200533363167,0.004499315280495123,-0.028453758225641834,-0.025622336303834856,-0.02874247040139723,-0.028828187875387084,-0.025237595998012823,-4.265656268710233e-05,-0.02667153249278125,-0.035369096894913535,-0.03810826706258696,-0.0252412548019476
Aggregate_feature_11,-0.013173579494551262,-0.0024389632112883407,-0.02586445196815586,0.023689995223101085,-0.008475991349037587,0.005979567557643377,0.05442914524325014,-0.015030934416667563,-0.014555730061859834,-0.0010593089969225796,-0.015085603510366478,0.21881739226669086,0.21677881290553416,-0.008516406092253688,-0.0013495426997824692,0.013094298794730156,-0.013715278957863604,-0.014741971683452927,-0.012223945490539583,-0.044629606304293724,-0.04270387842341514,3.0643436582330554e-05,0.025725183015628112,0.0390463038247649,0.019113661776098682,0.12919151210012592,0.12693827104652508,1.1711810404618577e-05,0.025716202530873835,0.03904629133921804,0.019099974837970192,0.12917551048718204,0.12704917633199922,0.013558917713604589,0.011586905316849678,-0.0147121361731449,0.013256248678791875,0.005875149331308086,0.003920421779292585,-0.017565549487240376,-0.022160221394711833,-0.012741881962629575,-0.019674672390531753,-0.051182103149082406,-0.0560325952268055,-0.018411096413448024,-0.0161850232923644,0.014406261064760683,-0.016775857985220622,-0.05440669876755799,-0.05839424824080852,0.020128686101470127,0.04272811549501863,0.05713417410571084,0.03374701850061946,-0.4868923584665798,-0.4967843236776669,-0.014914729196690131,0.017366858215073343,0.024244521981707585,0.01846746856026125,-0.008956828508438066,-0.00710220377953312,-0.015019077769209872,0.017370444400781043,0.024254480236334038,0.01845515840856062,-0.009777802083135825,-0.007875835685105127,0.007710855401894224,0.00652858425839567,0.009248756110516006,0.010325592927105554,0.013488851920033169,0.014288949555353881,-0.012464679168190782,-0.01735916342538631,-0.015020652668054725,-0.017056065708204945,-0.004120863831229515,-0.0033133051470864198,-0.01517288357640499,-0.017389858218478924,-0.01506700633071148,-0.016733641717147966,-0.01216478259971425,-0.011221867148496103,0.0020395685128005723,0.020184797216411275,0.029618588217839283,0.021432188599967768,-0.0013799426489983573,-0.0031192556124977518,-0.019574859751812636,0.004109553829406207,0.045447512032229256,-0.009471433956504016,0.1062297499437476,0.11030480066658142,-0.04158082256752886,-0.0399845670302647,0.020903177037932794,-0.0409045179571031,1.0,0.9889593760683855,-0.016155842996153216,-0.004710044890444306,0.005857695185861092,-0.015579035271960128,0.050520641677132695,0.05240746134673431,-0.05519426325612434,0.005214421783081407,0.11186940879579539,-0.026722082684538042,0.05448085311929867,0.053744654199996064,-0.0060039308138590385,0.01621214641074342,0.041743766654597364,0.005991815587890322,0.029739145870115804,0.031924201241665895,-0.0063369538175608725,-0.001431402822520065,-0.008669206014747247,-0.009521048307260015,0.03931936235598596,0.04325319270143176,0.011669416845710224,0.0013839404885870128,0.0010012853587445898,0.007713060348715061,-0.027913228683368412,-0.02565179161038173,-0.04304515279474605,-0.046395045432842195,-0.01521683016044654,-0.04522492399693298,0.0012176051003123089,-0.00042231158649881347,0.0020774028354275387,-0.013766512616985594,-0.014648728312583093,-0.008361939834583365,-0.00410567956483356,-0.0042006549177216,-0.016335547132493005,-0.03649601117665484,-0.016740559823099833,-0.02841573882685891,-0.00622167082377901,-0.006394305506801728,0.00919860724816516,-0.005109767779259016,-0.0035036972500450967,0.003855269052055846,-0.0033993899226579705,-0.003164222492418296,0.0048687439835758085,-0.017697141277834037,-0.014659097689286657,-0.0034703423923779695,-0.00520839379890229,-0.0049476826189428745,-0.0012614781577512037,-0.011042422202297819,-0.01318980251180779,-0.0023943978265759205,0.022577037796761127,0.02364155572149542,-0.008494404853418515,-0.015048121317459926,-0.014573020846624493,-0.015102996405451248,-0.015253662397859797,-0.013189848085115754,0.013116417347857115,-0.013732491889256696,-0.012237953852337828,-0.012003471856868527,-0.01318980251180779
Aggregate_feature_12,-0.014630552351851272,-0.008524649252303463,-0.028092568305630197,0.022388993851614608,-0.007566884267707255,0.004443366724547078,0.05446203037193883,-0.015495073136773625,-0.015534078975824286,-0.0024533080955120284,-0.01556640888062061,0.22003959153939212,0.21682118658941146,-0.007617127712621786,-0.0013725315189538026,0.011876071283069254,-0.014862755912056559,-0.015533463728156538,-0.013076765193208066,-0.0439466125403726,-0.04219205283310644,-0.0004307358241528694,0.024447190350310684,0.038730504025935565,0.01849419405386254,0.13081400157425074,0.12690485880212787,-0.000440465471688563,0.024445149170408905,0.03873080383311567,0.01848832174858739,0.1307943936123084,0.12701236739183255,0.007136056137502879,0.004012652923953039,-0.019052938352186983,0.006790946761915793,0.007962671925099977,0.005699346308732529,-0.018176987424436995,-0.022883451316861213,-0.01228452236889444,-0.020202674596499628,-0.05139034280305236,-0.056437038585916394,-0.018651331819388973,-0.01633866483150633,0.015220219701273827,-0.01689309806060759,-0.05447837180858028,-0.05891151756497276,0.019527370649028545,0.04075200282279919,0.05651475197759994,0.03240871226398728,-0.4805748391184321,-0.49805558595905863,-0.014361572433218528,0.014451878302489753,0.02230836206901522,0.017127431598439925,-0.007984054220753352,-0.0060289437798506686,-0.014425005636934704,0.014457260675192027,0.022313880994180777,0.01712089679105661,-0.008771742951703753,-0.006766481410010713,0.0031041495129284853,0.0015394081902244613,0.005094903540191503,0.006084271560210175,0.013853144839344592,0.01466316334309311,-0.01249850607101985,-0.0179248861541682,-0.015035595635569747,-0.017046825586094064,-0.0035916829260026675,-0.0026072534817294197,-0.015138837212492748,-0.017797469625394875,-0.015201551340571736,-0.0167825610999454,-0.011846715317928396,-0.010636448930577417,0.0022038994373607523,0.018148602531942316,0.028391592493949014,0.020752874083854077,-5.185731280496432e-05,-0.0015381143695522585,-0.020037071324010974,0.0028372999566266066,0.0449742640157071,-0.010032778730061745,0.10639514297864013,0.11106729108461147,-0.04159365295998482,-0.041147578650488834,0.013740720117983128,-0.04166402267688994,0.9889593760683855,1.0,-0.016426370769900438,-0.006858924033443559,0.004872274886817474,-0.015962611199383202,0.050510189776303366,0.0522819492363836,-0.05586141235220258,0.0047790074883226775,0.1134470943553812,-0.027129861411103504,0.05241797961542958,0.05202273307040791,-0.006131697475898048,0.015040035821296607,0.04202753306552047,0.005658680197883678,0.031884147291294046,0.03372269712503013,-0.006515391450785954,-0.0034129833212179655,-0.010504865755725285,-0.0104776222210084,0.03981598524967873,0.04403500188881377,0.008063561988584838,-0.0014085440570257507,-0.00020556971880819294,0.004809755270619493,-0.028064521005036983,-0.02590540733043854,-0.04418902239721056,-0.047227748045184356,-0.014396129722779857,-0.045961748737164125,0.002623300404549109,0.0011316790090091634,0.0016629557095637997,-0.01636692500161563,-0.015947669516346588,-0.009513137722566014,-0.005418262965380766,-0.005544062514616741,-0.01616170499177141,-0.03807833871221521,-0.01738607178831993,-0.02931745433726052,-0.00796478482712753,-0.008154987961289191,0.00910587032140382,-0.006821699822951737,-0.00444148028242149,0.0031024777046062507,-0.0032690107548194653,-0.0030969446605602457,0.005507533314447005,-0.016407613060430745,-0.014800661423806694,-0.0033657259311258296,-0.004190082319653759,-0.003895088339996199,-0.006034975141778168,-0.010328950258534322,-0.014649605208175808,-0.008497547946686727,0.021224601383018606,0.022339759534736048,-0.007584830973507998,-0.015514076053018359,-0.01555370718237125,-0.015585652443151679,-0.01572239108279598,-0.014649788918370328,0.011896423627774617,-0.014882540063505298,-0.013093070281605257,-0.012744674497450459,-0.014649605208175808
Aggregate_feature_13,-0.013328369960726831,0.0775211926646864,0.10833299828001974,-0.016008707011979307,0.03719133649258241,-0.014564977206156446,-0.0076444950926805215,-0.011949435543705091,-0.012834448674787526,-0.006765206160311917,-0.012189735703299285,-0.0032670317485784194,-0.004435962322719028,0.033014611303822154,0.0347957749848253,-0.0022843007040253315,-0.014161809380110324,-0.01765903462663421,-0.017848526879628148,-0.006983680425635845,-0.005590227914051898,0.0013598065719223414,-0.008385498589818857,-0.012177328476493235,-0.004592879771895505,-0.00015458917137794686,-0.0008571860942289487,0.001354715917855873,-0.008388966859527391,-0.012176999754872141,-0.004597877504405363,-0.0001534712491935457,-0.0008528146412918142,0.003598404514214077,0.0030249155933961495,-0.0014614351089296798,0.003599983778786746,0.0003445772185300579,0.00033464700534766717,-0.015293038862750125,-0.017911308096350383,-0.010167419683149595,-0.016683140550115702,0.002434738247952868,0.0035693509517030863,-0.015202409003903948,-0.017727782392384754,-0.01268506292386796,-0.01647449042582726,0.002695794988979932,0.003956384937692164,0.0354575472459858,0.010953193405106882,-0.02868424801736163,0.02492534920722212,0.0065086816164267505,0.006807577392619672,-0.0048702195409362475,-0.01528451590313236,-0.019896673324660552,-0.02107646069771611,-0.004000517362597003,-0.0036310938309237705,-0.004869030854574369,-0.015288317132496324,-0.019896383713117142,-0.02107643747421234,-0.005494865846331196,-0.005114344560666714,-0.002346222867839452,0.001275988904896896,-0.0009581751752919961,-0.0017517610601614849,-0.01721758969621649,-0.01736630814460164,0.009275194253966794,-0.025523446943655652,-0.02875522908543606,-0.026523208083121218,-0.01914297921976716,-0.01905890608477837,-0.00031511824124518705,-0.027615270249283425,-0.030011183524962192,-0.029915589571733188,-0.01714490455302809,-0.01705862078602439,-0.0002104149850940132,-0.032350408529911515,-0.04334788406010642,-0.033229992855411644,0.0020175746043063626,0.0022021683723529497,0.04665439327698314,0.024983318485126953,-0.018759765904295407,0.04196241035076679,-0.002492296866362204,-0.0031629383211531103,0.1527765249898382,0.15383557565675682,-0.011299109559989811,0.153980617357147,-0.016155842996153216,-0.016426370769900438,1.0,0.7448187464585436,-0.00547207214750421,0.9568183728424974,-0.003954176199136693,-0.004186793225276792,0.24495393927333053,0.20757021798195824,-0.049128055566406696,0.23511961599819053,-0.0039206944665954755,-0.0037546477911269984,0.31350944804079456,0.18373434034682223,-0.01356825082735138,0.2958630866962126,-0.0022380081605672076,-0.002538324150977377,0.21418477543006548,0.10659611553344017,-0.015296590330624102,0.17427060813696812,-0.0002543382007688382,-0.0005038142898658021,-0.007285326367827433,-0.0011809088459617833,-0.004741555364879206,-0.00860897562533437,0.011254619884864639,0.011270097957682903,0.1434987605357892,0.14831877035737628,0.05096715901034621,0.15143603842964426,0.015189027986962159,0.015071745947831108,0.0432507499579477,0.0847669231905214,0.07272577950977088,0.08265575536709266,0.0306267684190329,0.030982290573349905,0.11077095028928612,0.08771677646495121,-0.025609236987489185,0.1153094841755426,0.037693315128127625,0.03767785149808803,0.058940276514232205,0.018127412890711504,-0.003247126933473289,0.026762627703283057,0.038117858233420364,0.03791133929259415,0.0035078796676562625,0.049868065294122556,0.03546254378888986,0.0211796485278991,-0.005770110062454555,-0.005827551173198745,-0.01694945856366251,0.01270916744908165,-0.012014892890107851,0.08097242024801786,0.0050452690018676595,-0.015553107229052295,0.03989465673305166,-0.010655537143468998,-0.011537466395463119,-0.010886297423855254,-0.010824941244487168,-0.012013038741889337,-0.0016559949502361546,-0.012866557420577778,-0.016772964023274984,-0.016577381553090048,-0.012014892890107851
Aggregate_feature_14,-0.010258773300863737,0.30625121576939235,0.16988030700257162,0.17718554827249341,0.0366494273960798,0.1782601583395425,0.03079930186202236,-0.023650070927120393,-0.017157920582428543,0.014169361521207898,-0.023425690618382213,0.010267054320088466,0.016574735430086016,0.03395198195475091,0.025041401979768785,0.04355951189385639,-0.01316747624061965,-0.022629543283773732,-0.016327230815946107,-0.026344844961718537,-0.025523647272720013,-0.009537019275221707,0.0020380330974867603,-0.004881465637691132,-0.012264933439392557,-0.0027206102885314032,-0.0008563810913533254,-0.009551233256939634,0.002012668730181172,-0.004887558309489719,-0.01227801222827504,-0.002714073994256018,-0.0008191690019881479,0.007555588136650441,0.02847854434987569,0.11997187331142417,0.00939462839141704,-0.008684438859193995,-0.008685607444693804,-0.032087570231970945,-0.021401117028855637,0.009207476067926918,-0.031113858708520032,-0.01495405272028795,-0.018239151635569828,-0.032529598668500116,-0.02660338600867059,0.009086300061615279,-0.032042454023670355,-0.013400545175317672,-0.015854736503747118,0.006578919883663705,0.11176062574829446,0.10507606382350093,0.04371798463478472,-0.009290149446454034,-0.010929755513905614,0.041079920654383276,0.0046531710402648585,-0.0163979736787646,-0.008800331236894136,-0.017725128757732776,-0.017500012539755853,0.041086802493497956,0.004568476266818879,-0.016464744523904694,-0.008868264384686308,-0.01777366975700014,-0.017488083032483025,0.0024445483185998617,0.06367418734703373,0.052552231839960696,0.047866870670582394,-0.02300309046825031,-0.02377029342976398,0.020744001283470204,-0.025973229460433008,-0.03577801623428276,-0.032435655410838767,-0.029602419405750875,-0.02992065714092571,0.030461300628206175,-0.03270858706196224,-0.03978673168649359,-0.036025639894444,-0.02916947035113668,-0.029389975655801988,0.005486644198933543,-0.012084665078239566,-0.03871642402303741,-0.02680422364998071,-6.909928000815727e-05,-0.0007577013235776087,0.017688833642896452,0.11541839968880249,0.09792587104417518,0.033380645908370254,-0.008872916049563348,-0.00837317192783092,0.16449337971848244,0.181578025144061,0.06566972838648015,0.17759731650102456,-0.004710044890444306,-0.006858924033443559,0.7448187464585436,1.0,0.6015777390940736,0.8707543407563579,-0.022806333235198917,-0.014005198749308953,0.155049198971369,0.3023153641849963,0.1804377759265595,0.24912484952291616,-0.009939948458682162,-0.0132467795681085,0.23094966494902913,0.38722340637850927,0.3033177714173945,0.28425712411369825,-0.007865938504087714,-0.0018038994954375988,0.1540829535683455,0.21922892519639445,0.10716042955341071,0.18793910901596417,-0.023650998300190816,-0.022286871467873955,0.0020220561861470495,0.01870113057284525,0.0036102126068229866,0.001944035451748596,0.0011670060698439676,0.0019943992604783477,0.17002539575516115,0.17464277525846628,0.04878149941651103,0.17622180011493,0.02429858286262962,0.02373615493269164,0.042397205905549795,0.11101210314045637,0.08410801689754263,0.09123369196974791,0.04104382093170586,0.04150228473238293,0.1256432876455883,0.1114477938002203,-0.03175229980952152,0.14185903684404103,0.04867742604083208,0.04871615533416093,0.049995900265504,0.023601797618702583,-0.007034652019312814,0.018101005949662043,0.052364290078276164,0.05205662893999647,0.005987609280500832,0.06694243423731072,0.07329370669922286,0.04490823570757423,-0.008260568300299555,-0.008689336100782154,0.14609437268405762,0.02606388576009585,-0.009072269645095424,0.3157887617209628,0.16814961556045735,0.1836449869613419,0.03822409695959437,-0.02296231651039153,-0.016224041042410067,-0.022713860237537995,-0.022970488777732986,-0.009065064368491537,0.04550902420408597,-0.012052443301955977,-0.015316343062999439,-0.015789321370512158,-0.009072269645095424
Aggregate_feature_15,-0.008803149159812769,0.1859888789557589,0.10511036610626395,0.12464351447572702,0.00838321781710152,0.12195303759761711,0.03195930350238547,-0.021086589880300453,-0.014884365408567662,0.02229884977702547,-0.020462831506945448,0.013262905398294144,0.017333075591759697,0.008907550033639916,-0.0016539529091451157,0.02736659394356612,-0.011395814501331838,-0.016298700054015087,-0.012157298230463671,-0.030635517258414457,-0.030459228993752748,-0.012483396412082601,0.005536081036525569,0.007482101140732593,-0.008589071793044144,-0.006286508018211912,-0.0038955590317522335,-0.012505004840530234,0.005513962663329609,0.007478644594570257,-0.00860688529173609,-0.006281889543938506,-0.0038356512532304017,0.010798729330007546,0.026805898855215587,0.13745049665486725,0.013665612273304352,-0.010213357830921047,-0.010492921918257184,-0.030199295996460186,-0.014111514327481691,0.03097206345215137,-0.025911343235360932,-0.028048076834854583,-0.03542057652275617,-0.0305775188336308,-0.01851287505873972,0.040025132496802625,-0.02701419232756436,-0.02575011747962138,-0.03194565639864343,-0.026492964690571018,0.11992333302109458,0.1759009624881069,0.03431038990701287,-0.0238853258624984,-0.025391688499797265,0.0317103254711144,0.010265974874146986,-0.003223467832861881,0.0027983927824725605,-0.021906738854004397,-0.021719155902579244,0.03166479057885029,0.010197607007603702,-0.0032754450914004632,0.002732710424321049,-0.02124668003815616,-0.021022136524359154,0.007531619096342694,0.05611589509573671,0.04995161107868852,0.04721180244024126,-0.012976145707851897,-0.013339546169680378,0.004557916963061282,-0.01364361971302398,-0.018862474368137365,-0.018669827107184105,-0.023134356284766473,-0.023765538360573397,0.01843569816078083,-0.0186645539200402,-0.02293124896125284,-0.020698151963922027,-0.02418762679757904,-0.02454452896981156,0.005599812592662612,0.009316682395063816,-0.0062248164363501645,-0.0019927447533839467,-0.005326798849872078,-0.006077486042150387,-0.024087839287156673,0.09420206171244097,0.14875164930860807,0.003898569985626893,-0.014279986075049137,-0.015150194318486425,0.08140646671608986,0.10022183579498081,0.089053368430969,0.0952482970345562,0.005857695185861092,0.004872274886817474,-0.00547207214750421,0.6015777390940736,1.0,0.2625907604443011,-0.030432597467882117,-0.018751926322472866,-0.012513194076356284,0.2045046374240684,0.3191544380554737,0.11176448077846378,-0.01389078613742504,-0.019750060671403204,-0.002178615847173126,0.28010809924104857,0.47562448235519844,0.10977670531325909,-0.013012269212848149,-0.005036440542382249,-0.009880037899060216,0.17841323706215517,0.1767014948057096,0.08714452705332487,-0.037018235255180526,-0.03634915706932504,0.00452910319014545,0.012002996724589547,0.003758839408981215,0.004745321061702947,-0.009864054207642872,-0.008880862794674343,0.09391250571069683,0.08955176767148604,0.007923370091342372,0.0929152305953547,0.015946758238679214,0.014995586561036115,0.016398687938654132,0.056052881840395766,0.03760018785424244,0.04040375321990956,0.029021359457602182,0.029103704466523446,0.06202307072296817,0.06106519828169796,-0.01506191051165362,0.07545971437356236,0.029745403583081264,0.029669170978118824,0.0066134465469143405,0.0016027943409173272,-0.011964652474636465,-0.0072703873642088815,0.03500647308165225,0.03481179396845951,0.004691562476110008,0.033042491004909164,0.05538529076462354,0.03515874436508942,-0.008659956678683007,-0.009158217695875964,0.09142112462240048,0.011024832704899812,-0.008849444699918253,0.18674045129824585,0.1092824139021012,0.12464186111717741,0.008398160268547908,-0.021156779321368578,-0.014942665802497085,-0.02053215092412893,-0.020865702530888146,-0.008845181506839318,0.02742498924081521,-0.011448624630320599,-0.012209633027677158,-0.01262028395211675,-0.008849444699918253
Aggregate_feature_16,-0.015732298813865987,0.11551055757357324,0.12963760029514929,0.012593622379290091,0.03697778026759193,0.011247385640993764,0.00551884320278067,-0.016935657700065103,-0.016518054705486437,-0.0014797871551012717,-0.017012809909221657,0.0006497054784847052,-0.0006277649016655579,0.03308643644458026,0.03290953799533424,0.003509764293685956,-0.017128518639775773,-0.021420422169650725,-0.02066325742725436,-0.013756557373976967,-0.012267399798914388,-0.0020161978738470025,-0.00722714875017345,-0.00982297367429536,-0.006703896857690167,-0.001422968213079078,-0.0012806597036161913,-0.002025893498549078,-0.0072346746140403255,-0.009823203957896985,-0.0067125882866570065,-0.001417828344119614,-0.0012530536300914734,0.005718106195068468,0.008119909111547077,0.02862271341210967,0.00639822139126524,-0.0009952034826486349,-0.000997540130891852,-0.022516273877804655,-0.020708206029361343,-0.0008674575956323734,-0.022618509701962223,-0.0033263120573416767,-0.003913923309300488,-0.0224971414817255,-0.021516799188133637,-0.0005916968867662691,-0.022705427215418503,-0.0025934436537212655,-0.0026140248515566693,0.027816544626880456,0.03991995521756856,0.016463245953273503,0.03396905884601182,0.0012220071023162512,0.0014010160107515246,0.0030283281336557087,-0.012547284952724549,-0.019968045854248904,-0.019619241769506975,-0.008721136837880006,-0.00830862021639197,0.0030205087467479047,-0.012562127868863767,-0.019975714460744632,-0.019630420555238285,-0.010090278133570076,-0.009660132116965845,-0.0007340028248653975,0.0107817122009892,0.007578164528427895,0.006380804227755112,-0.01937729035688935,-0.019555793849681195,0.010396506482149011,-0.02789539556602351,-0.032061026486817475,-0.029731324179793454,-0.024547568082906954,-0.024619949025876525,0.005080686840825389,-0.030988430427150073,-0.03428700773883473,-0.0334955158606906,-0.022945055894401364,-0.022934626823577716,0.004468875642914058,-0.027769596091186413,-0.04255254606766856,-0.029820944651948345,0.0007861495016831073,0.0009551602175980385,0.03851992676810301,0.04587716233866273,0.01846334891519831,0.04148161606874988,-0.004019728557249776,-0.00605806986021865,0.16853915979298245,0.17330372616860173,0.0069708113837263575,0.1723759962518323,-0.015579035271960128,-0.015962611199383202,0.9568183728424974,0.8707543407563579,0.2625907604443011,1.0,-0.010367013325353606,-0.00858539974730508,0.2339002574405632,0.25128816474710014,0.03357798903209063,0.2572164238148109,-0.007185759734908115,-0.008532908173376062,0.2998241295907113,0.2420665826388839,0.10478782634033568,0.31321308454222274,-0.006776319450655266,-0.005262598409050948,0.20284492000512772,0.14777784431896251,0.032374397910896996,0.19566348879243814,-0.008492927894504631,-0.009496738951201913,-0.005182442866022751,0.0016560526724634752,-0.003739032874030083,-0.006743362467419853,0.008614051950371102,0.009017505110345584,0.16173523556152844,0.16463822395093997,0.05016718624598191,0.16896730174178048,0.01932345258223193,0.01900677290221624,0.047098900273718464,0.09568840355637587,0.08000563196369091,0.09092541330069863,0.03630348925276995,0.036486334974704354,0.12259036584557902,0.0988124145950063,-0.029052216847051445,0.12933307551101367,0.04296415738685743,0.04294336688092948,0.059062230407010766,0.01694244619560241,-0.006561704272066545,0.02394884881164852,0.044788603136024695,0.04437170081747056,0.004925632791238648,0.05521323621732115,0.04708138866231018,0.029050551383900156,-0.008183081538799666,-0.00850706897963353,-0.00047255224583123346,0.013563678182250636,-0.014580977133658558,0.12065925432014735,0.03052339273181104,0.014508203810775989,0.03943618719967272,-0.015941045402781285,-0.015450388221219595,-0.016000078003363036,-0.016023268710891988,-0.014578216486164298,0.004416212405525117,-0.016021986563398257,-0.019747202529160044,-0.019605903605098358,-0.014580977133658558
Aggregate_feature_17,-0.005824273040514477,0.005799289875228773,0.0025446911688299934,0.0015652815254937114,0.005718937963138143,0.0015664914592040783,0.0004458282605804614,-0.0023033150276697513,-0.004491203131653865,-0.013466322769866812,-0.0027589614452473436,0.028203541021462525,0.02854422160557116,0.00594939967036497,-0.00035239594189092585,-0.012405131137929772,-0.00479238007175575,-0.0033316158869497086,-0.004867689028217045,-0.008513997810530931,-0.008723357105597284,-0.0030723677931907348,-0.027676343353150966,-0.03429356473482028,-0.018346351602849975,-0.003166127759029014,-0.0034519448035374048,-0.0030514894721336517,-0.027663045347202743,-0.03429196937125183,-0.01833008072425484,-0.0031109143723059163,-0.0034004207691377686,-0.015560411520098759,-0.01600159484566999,0.004960183161480811,-0.015289818261676467,0.0038193455406509095,0.0051813321627713444,-0.0028576543986355784,-0.013267449417053281,-0.035679055643266504,-0.007865507226365512,0.033867114436831575,0.03603853022552918,-0.0029028238364943084,-0.010213489583712944,-0.03567265628136285,-0.006375080158896151,0.0337248089250474,0.03573587589093554,-0.004227310690294666,-0.006990933616251602,-0.006675640093523934,-0.004760765841646424,0.005604193403628892,0.0035097034725761135,0.0006282141190056966,-0.017609271284305613,-0.018058864812071217,-0.018346204275840845,0.00010382203089521208,-0.00020090667629495162,0.0007277893296936349,-0.01760501764502104,-0.01806565330844383,-0.018329561729468105,0.0004296074302286243,0.0001262094863340762,-0.011323762785842186,-0.012817541441590656,-0.01285038834863603,-0.0134144944063352,0.004315014069779563,0.003892803669422032,0.003279190243797295,-0.015874885609344018,-0.01634457769900087,-0.015277582279826327,0.007510345603944067,0.008263479271845082,0.005766543615798543,-0.009874306362341037,-0.0104051820765013,-0.009843755995156956,0.007071378696069346,0.007315572159597086,0.010498626542691172,-0.016400459640181136,-0.02836573242406195,-0.014503392998890656,0.008004083211040224,0.007606922902899788,-0.004399036231441284,-0.006621782334659133,-0.0014485071170304705,-0.0035530641000281506,0.17187008357329137,0.1748911631903105,-0.0014064738081402692,-0.002537519190863692,-0.004434935892937633,-0.0023957548545410793,0.050520641677132695,0.050510189776303366,-0.003954176199136693,-0.022806333235198917,-0.030432597467882117,-0.010367013325353606,1.0,0.9793374221372695,0.0008618920390664716,0.006387924455770002,0.016182704618735288,0.004437167571826536,0.3630580674815159,0.364917157120643,-0.0043774532315636215,-0.009484785963805718,-0.016490717671168772,-0.008420617710341922,0.37741736070284376,0.3720574331154827,-0.001617110647413183,-0.02075001670057707,-0.02280171629639538,-0.01149345880772539,0.3304622302501669,0.32638737679953156,-0.007202463376776956,-0.002712953345843398,0.0005768895616381043,-0.003096214698477391,0.002837906280852481,0.003214141600592993,-0.007920201395080982,-0.005048105464592192,-0.00042317683098037895,-0.007865711357305885,0.018820204225712747,0.01828301035325303,0.0009790417002695539,0.005061021164445623,0.00039597713483513583,0.0027343470372265728,0.009098024746973484,0.009446439839128757,-0.0037008828129696746,-0.006114664036698626,-0.009461964206139201,-0.004935230254664459,-0.0003620058245204525,-0.0003209852374738367,0.0010316469984522668,0.009409103937276954,0.0020850847148491756,0.008200471136671224,0.010251281828533344,0.01038878970764847,-0.0014498339265884203,0.004617035834671375,-0.003339319330619303,-0.00414537689121575,-0.004780192467784028,-0.004850419568526475,-0.0018931407353353735,0.005671570061326802,-0.005753388103197126,0.00585305526541835,0.005389068509506317,0.0015825282228210374,0.005734932605726012,-0.0022332264802842035,-0.004420906353845337,-0.002688392549322033,-0.0026631330120158872,-0.0057532507392550275,-0.012386428990089413,-0.004719659827730549,-0.004795122436479539,-0.004348679271834265,-0.005753388103197126
Aggregate_feature_18,-0.004187845479906897,0.01351679503634584,0.004683503655955302,0.007301584634496485,0.0035018706296732244,0.0063810240198497814,0.0027563279822493095,-0.00217830874663663,-0.0032322004067746033,-0.008925191559774536,-0.0025528561978904146,0.030290864197912392,0.03141352179648661,0.0036524311316401435,-0.00028547329482383625,-0.008572671704347647,-0.0033302593293917902,-0.002613523705259826,-0.003823138194569063,-0.006648064369208461,-0.006760352105879555,-0.0029019558445511993,-0.027049601144764214,-0.03427644069142981,-0.01811253317926536,-0.0037810608278688153,-0.003924060911540884,-0.0028902239482462167,-0.027043182232208866,-0.03427495472539589,-0.01810392449604242,-0.0037275948514342086,-0.003842372679502606,-0.00921207631929979,-0.008553009336200406,0.006546273203109963,-0.008990677438599767,0.005480048447254521,0.00620110805166833,-0.003018489351737441,-0.013008079980381851,-0.03501321652187224,-0.00790346816439929,0.030687410835114688,0.03212087469207963,-0.002987795464792126,-0.010084577403961617,-0.03483367017281187,-0.0063510010511671,0.030155378163000547,0.031376817002633596,-0.002235338261042931,-0.005670539959971527,-0.00851796481942828,-0.003474884819572213,0.005478962812653024,0.0028729800522516837,-0.0008792578019560036,-0.017226211454306594,-0.01763972034934997,-0.01824425044034056,0.0008541822736458293,0.0004735603646415656,-0.0008204660999563949,-0.017229518457461363,-0.017648255288276953,-0.01823911647260849,0.001134636108676415,0.0007708739051086359,-0.00823185832189607,-0.003907132165891783,-0.0044357670564022225,-0.00517421961624952,0.0029577274440625093,0.002503574337507492,0.002393887748558215,-0.015575002652117698,-0.016347634958464374,-0.015511897414356737,0.00829777244170197,0.009015292401165846,0.004510470658129214,-0.009626038188877861,-0.010320518607040604,-0.009853388291298136,0.007860712740681454,0.008120390646333728,0.010614832303204735,-0.015591219260630514,-0.027908765034956866,-0.014250216258986138,0.008139040189358427,0.007538175997141707,-0.004327052175101484,-0.004121389990384539,6.783056877271834e-05,-0.0030147870650619082,0.16547304446810843,0.169092744922029,-0.0010334494624948695,-0.0017095417203386108,-0.0005594386926105963,-0.0018943853078115774,0.05240746134673431,0.0522819492363836,-0.004186793225276792,-0.014005198749308953,-0.018751926322472866,-0.00858539974730508,0.9793374221372695,1.0,0.0012325930807373887,0.007883527528923006,0.015816193466274775,0.006198426395211264,0.35912882579797134,0.361989049048527,-0.004385159392469862,-0.007406100510692155,-0.012099079958367594,-0.007865923845995292,0.3766957566972136,0.3767479972309523,-0.0013516230917371527,-0.014250305527655247,-0.01766652055249971,-0.008319090202780965,0.31657645496448206,0.31806576253335056,-0.005543184224484172,0.0002475058608984337,0.0025918200471361378,-0.0007650037492997529,0.0028938549236767128,0.003213675075659217,-0.007032566140894232,-0.005167054370131965,-0.002347189948385158,-0.007551337416820953,0.018235492876755965,0.01745546367430719,0.0019239537088128569,0.006896197275202607,0.0015867161704730842,0.004208448416760082,0.009205363701695756,0.009721442906585123,-0.002267952890051742,-0.005456833812259937,-0.010446947785869394,-0.003788139694419108,0.0005819379929988363,0.0006077703842753135,0.00264990589458572,0.008608235662678059,0.000954415431282685,0.007786987631646427,0.010376122952709814,0.01052658235328462,-0.0010213830046137602,0.004885024511072445,0.003012440964901993,-0.00010908807896105877,-0.003602815868423611,-0.003914907357660478,0.005464112034112824,0.006753953255563723,-0.004114112683732272,0.01359075677828273,0.009231042085352815,0.007318296440793872,0.0035167632276971498,-0.002106615055576238,-0.0031593809438318046,-0.0024806043987258,-0.0025479588632961814,-0.004113800042447746,-0.008550395385992206,-0.003254799706075805,-0.00374815785238665,-0.003601424856254526,-0.004114112683732272
Aggregate_feature_19,-0.05851198890574148,0.030974264877485672,0.7076588941640566,-0.10441761051928247,0.0024623879494871746,-0.09605891583947751,-0.04102060564966254,-0.051134495453852416,-0.055888584843913125,-0.02710117684261909,-0.05201147140109545,0.027185527189272272,0.02271243371254895,0.0033863166692357674,-0.004095863446741323,-0.015100144829959201,-0.061655750621080994,-0.07934074066735339,-0.08483383990820743,-0.04164140122265075,-0.03809631096481919,-0.016020677337161407,-0.0785617919344697,-0.09055278315334478,-0.05568387245656755,0.022278690162521608,0.023456068926954787,-0.016053806470624495,-0.07858402294546174,-0.09055147492040772,-0.055716262071199056,0.022278799990708635,0.023477681303183007,0.020789573879151597,0.016543174152786177,-0.017925460965860455,0.020552697783439763,0.006007472818997439,0.00560932889644655,0.03289161296979186,0.0071043292044810965,-0.07156536418644008,0.02071057537581928,0.031005764561092306,0.034092040364324304,0.03134381757227341,0.010836468415651057,-0.09020914007426789,0.02195215124241439,0.03276154950515683,0.034917736066765306,-0.05645723443680839,-0.15633357231258355,-0.1668138317434494,-0.1071444135159726,0.024174849293014836,0.026199005239436027,-0.037469158070404324,-0.09951518739285173,-0.11083680207271844,-0.11702710041585222,-0.048276256551120396,-0.046127915762465256,-0.037545390609725636,-0.09952040629372579,-0.11081888413957826,-0.11703341885105252,-0.04802923325871434,-0.04582196625930363,0.009143757450695338,0.0007985438362770089,-0.004568142523007778,-0.0051149588847470085,-0.07072753279528832,-0.07145479640442982,0.024654840338440436,0.001752813399210961,-0.007191528522534954,-0.003987917213652361,-0.08343449717453452,-0.08250029352016101,-0.011358923049483308,0.004176086936296637,-0.0019049310212945099,-0.00597312317730962,-0.08899838928394968,-0.08791440745282986,-0.041137798055824286,-0.12469957976570266,-0.15891187325460782,-0.14513811185766914,0.03348298329179005,0.03266205048976578,-0.004967361196581867,-0.0756741709054468,-0.10954367364718093,-0.027709959809374525,0.013127218177976423,0.010706492185257504,0.5661980239993092,0.5662655448399838,-0.05949018813035175,0.5678571561335499,-0.05519426325612434,-0.05586141235220258,0.24495393927333053,0.155049198971369,-0.012513194076356284,0.2339002574405632,0.0008618920390664716,0.0012325930807373887,1.0,0.8169634189717216,-0.2390529147677696,0.9443796715103222,-0.0019446080130947972,-0.0010832061459291366,0.12246674278584815,0.021046060044180245,-0.04234416023454693,0.10862860112812817,-0.017880254973137895,-0.019276329506069396,-0.030589248666006454,-0.1323501688334409,-0.12308410412382752,-0.08817084469825745,0.006429805507276843,0.005892228644817086,-0.02723678520395652,-0.034106962017954455,-0.047709378287393724,-0.056485072121505706,-0.0009948818187445992,-3.0482456374283227e-05,0.5198096127451345,0.46164875313256004,0.0065392159571618655,0.5093374616453725,0.07256766865443001,0.0720975510218526,0.1028762751820583,0.23712495760775842,0.20509054520626196,0.22358681398656932,0.06648785043369812,0.0660719349519277,0.5587878516424764,0.41187938918570205,-0.18743388255843452,0.5650549869047461,0.1480668362061749,0.14793278647806124,0.07607715033782152,0.09172684613911726,0.03929612903104013,0.07986946219789405,0.11972155543482937,0.11952645928859426,0.010882859449894425,0.035032660186446386,0.06419222811093368,0.042744112537956756,-0.07959774279701813,-0.07915097051207644,-0.0877320059053589,-0.0025199198942441694,-0.058112369626417214,0.029427967750582717,-0.08881250570788345,-0.10449629528209396,0.0026948911888174253,-0.05073163045733024,-0.055491016327136926,-0.05160510909719063,-0.051383015014630794,-0.05811165904718658,-0.014854276431434532,-0.0612667154588989,-0.08456136071354617,-0.08964974790981062,-0.058112369626417214
Aggregate_feature_20,-0.06889906358972434,0.19074062004071987,0.7630112875267355,0.12262137570644435,0.025568864995191037,0.12438821084787252,0.016357907974385365,-0.082285238805756,-0.07401658899069863,0.018795409617683993,-0.08197421327792397,0.05695513348861314,0.06387929973309417,0.027551574215773523,-0.006188225201294445,0.026586838756971532,-0.07472804279031377,-0.0991228240927119,-0.09857966090928004,-0.09465759841346194,-0.0912644409172347,-0.043137619939270046,-0.0663813927888339,-0.061927048078623044,-0.06633394280376584,0.014364524940238552,0.017783963238360193,-0.04317909970637293,-0.06641491907868668,-0.06192931376254731,-0.06637126902761267,0.01437965316790588,0.01785584187979629,0.023078628375034396,0.029853798563290387,0.032294427296360735,0.02345332769374659,-0.009984837867947202,-0.010368695243607912,-0.013050043245072149,-0.019352958323244674,-0.03472506276973226,-0.0186450302734036,-0.012187688034586319,-0.01621875770266946,-0.015433911459448843,-0.021927026468116954,-0.04371672577654296,-0.02005744652239794,-0.010731830683595733,-0.015079140466932692,-0.08333526372750075,0.010433694549421882,0.07161046926744445,-0.050716006482691485,-0.025176883445251146,-0.028878718457359905,0.016532654623844484,-0.0622779560591251,-0.08545183560976267,-0.08133439722902193,-0.07400683828674781,-0.07216204622605239,0.016477714729753856,-0.06232430121844347,-0.08546950477448183,-0.08137582757502217,-0.0738378899269698,-0.07191945821139277,0.012138751887957286,0.035244777415541585,0.0254978365333317,0.022938418169465267,-0.08235964274359146,-0.08305876607925182,0.03313622404243543,-0.01740903134672927,-0.03093815246780516,-0.025801701009113845,-0.09871131724915527,-0.09915548517743292,0.01855728074694638,-0.022669690968809348,-0.03298814875051487,-0.03157595661390955,-0.10609806659691186,-0.10632295744621874,-0.022781928326622892,-0.08613396976852469,-0.14259589460943087,-0.11878119711740684,0.04618757538544328,0.04511850028274758,-0.04469646446887038,0.03229029625556958,0.07257020694045188,-0.032248279183050337,0.015000606936948732,0.018836124417950493,0.5193364945054115,0.5399375249996551,0.055724767769943125,0.5352894005440846,0.005214421783081407,0.0047790074883226775,0.20757021798195824,0.3023153641849963,0.2045046374240684,0.25128816474710014,0.006387924455770002,0.007883527528923006,0.8169634189717216,1.0,0.325560723597487,0.9498203942715862,0.006158145107008025,0.005112613430482756,0.09986964489685614,0.18582758218288212,0.1588282721195141,0.12842869982575436,-0.0065106730235617825,-0.0034659876771110597,-0.047343556222620146,0.02359944305443369,0.029566058245881984,-0.024817070144549803,0.001683093859889107,0.0029727346175007223,-0.011228417216843416,-0.015222342337771538,-0.043084309250021754,-0.04493312683661259,-0.023118558009161475,-0.021984367217499794,0.49590033570499253,0.44755851120221296,0.006749001046021448,0.4858954657057559,0.09751507817811685,0.09699367089516042,0.09867518895913531,0.24455170642521512,0.1983300636212917,0.21653147437330958,0.0826064564684512,0.0826921637616119,0.5604785864880284,0.42376721115923166,-0.19577866687751994,0.5774902289367083,0.16520580730913553,0.16533361311261918,0.07275714042041201,0.09913008001929355,0.029345574422580113,0.07129375834795926,0.1535828485986924,0.15401311382338986,0.01335563075958928,0.07050774108555569,0.10593711317718342,0.06812961800911484,-0.08515673557893295,-0.08477092416946175,0.08422809383176717,0.011585717726417633,-0.06862935614358474,0.19034717367670181,0.11601628403666307,0.12340750338315941,0.025847991375866915,-0.08209342080781,-0.0737784399881059,-0.08177520596383053,-0.08218882417405238,-0.06862496988222765,0.026970160597848958,-0.07447892832824454,-0.09842047995695377,-0.10442251434101957,-0.06862935614358474
Aggregate_feature_21,-0.03214431822276437,0.13557503925916686,0.08306454284975372,0.22330489269324344,0.026725036474994936,0.21704940891089486,0.059377337848455856,-0.05554170815938004,-0.0401605744099958,0.06652694642800627,-0.05343770913314765,0.036964487866834164,0.04893620393223867,0.028198199858136694,-0.003824448533799881,0.04064275519033114,-0.03622320284352275,-0.043830999885130624,-0.037189453760387695,-0.09285297422166117,-0.09285777395803001,-0.045904923361737515,0.026530334243432777,0.06801460702771536,-0.007736477921816338,-0.016317229385928916,-0.015080907398329861,-0.04592153980224794,0.026520139188355243,0.0680115356606196,-0.00774517063973818,-0.016292588838303788,-0.014981291153076465,0.0054986055930663445,0.013564434629252461,0.048237103115604384,0.006288588724720896,-0.019454167917441055,-0.0195532782280939,-0.07673384067598425,-0.04333496189055596,0.07923702090265244,-0.06306379824378552,-0.07611529858240991,-0.08583478927262642,-0.07771203491444824,-0.050754499647139954,0.10682626910469102,-0.06657390436689276,-0.0761053194562433,-0.08507100597490883,-0.03750467010407859,0.2324381688815208,0.3820297756735479,0.08837044671886311,-0.092021283961976,-0.09957533366553631,0.05438353352099631,0.06557631292998677,0.057544442435080646,0.06671224066062068,-0.04456149187297013,-0.04487251425495512,0.05438003377185557,0.06555206025369302,0.05752375280506224,0.06668784806768117,-0.04482348530448807,-0.04512975555215577,0.005173541122542739,0.026475327565275295,0.024022760650939525,0.022939767621094852,-0.012702174673649423,-0.012243403969164854,0.004346962704489532,-0.027742891250870354,-0.03143135805070788,-0.02976297022736426,-0.026469291035724263,-0.028770067364287045,0.030725006021243194,-0.03897512650442884,-0.04309987776897989,-0.03660344002833939,-0.02947486511309324,-0.03147370667026861,0.028926457213125107,0.06816953867027431,0.04509026942189903,0.0551954166255173,0.02694547371438398,0.02708378191153221,-0.06684383648082004,0.12142922199430542,0.2759870375170212,-0.011068128173880766,0.005443333935830897,0.013985094337080435,-0.055641279230214974,-0.029392247563612313,0.15876152398011953,-0.03770921453049335,0.11186940879579539,0.1134470943553812,-0.049128055566406696,0.1804377759265595,0.3191544380554737,0.03357798903209063,0.016182704618735288,0.015816193466274775,-0.2390529147677696,0.325560723597487,1.0,0.04872751814602917,0.008082552530208835,0.005498972171727246,-0.029827018065815586,0.18757200744054228,0.28783923179120113,0.03585655269513957,0.017957247960882095,0.02347798483429855,-0.030042912283360517,0.2125847371393275,0.23991143189128514,0.09548707239645216,0.004426756724179204,0.005434844805880754,0.010265919346343352,0.009530848849844986,-0.0024762249337481608,0.003162148174705922,-0.04118999587123831,-0.040762736700416816,-0.02843203381935721,-0.021348352610964124,-0.009397998615696866,-0.0297860068849836,0.044236533001014045,0.04424332710255222,-0.0057536250164125745,0.006644595382882461,-0.009096621841502896,-0.008817878037460657,0.026617918544545566,0.027580083954354493,0.012581662569489742,0.013329351682148863,-0.02186691807192591,0.021013896242257805,0.029768840221827787,0.030088641534272206,-0.005672659755691724,0.0030235571952641712,-0.01879948922421879,-0.013784790542047141,0.058450094871216426,0.0594331161551491,0.0033177447315991073,0.0407042178059922,0.04642256136419406,0.028341626991696456,-0.013485393019161948,-0.013138494956789822,0.1594790796091864,0.004577096136459916,-0.032371286997493344,0.136177132493448,0.20331771891942352,0.22319267321323608,0.026681369897455825,-0.055766792766338086,-0.040385676765302914,-0.0536646004600979,-0.054439802692807904,-0.032368160431445706,0.040609282178286764,-0.036456586988401984,-0.03741754262091681,-0.0381714795798499,-0.032371286997493344
Aggregate_feature_22,-0.06787241127040673,0.13429654185144083,0.7727958238299035,0.016983257941371843,0.015957969398967205,0.02437596508156134,-0.013395671081682119,-0.06974081504100994,-0.06922412702065792,-0.007896169443299064,-0.07007382574409513,0.042938569670255236,0.04509973125895406,0.01752384549113196,-0.00543695051056524,0.008213833446284548,-0.07269952629201086,-0.09424357017647816,-0.09611135071918178,-0.06962071106347704,-0.06586508587867482,-0.031050370242296295,-0.07404749484849867,-0.07869400895784834,-0.06359494063075453,0.01826937437852302,0.021657273249295818,-0.03108923908288298,-0.07407801128846617,-0.07869506806674952,-0.06363133075456551,0.018280077840063226,0.02172386575751492,0.022823160661615424,0.025890933973337978,0.01516080726062076,0.0229804247613709,-0.002064321853195743,-0.0021193037182647262,0.009612401012707212,-0.006761016308685899,-0.05518097585866767,5.051738522936137e-05,0.009831416289086061,0.008967984223565362,0.0077216207621233985,-0.006014333356530508,-0.06918095148180703,0.0003951530229781485,0.01163657868409361,0.0099633728845964,-0.07390099418861167,-0.07626720822801955,-0.05010751812136589,-0.0838539095743064,-0.0010797028603582585,-0.002462232222610251,-0.006943781921713679,-0.08240505724292482,-0.10219164285086564,-0.10265887032702851,-0.06392009048983129,-0.061791589764134326,-0.007008652191080518,-0.08244154444221824,-0.10220024362564394,-0.10269161741855491,-0.0636865412827868,-0.06148619419495538,0.011468009026727271,0.0257922019680949,0.01702537140401735,0.014971873245440985,-0.07999776215249498,-0.08070943624901149,0.03073756761358142,-0.00864161815355187,-0.020842174583142564,-0.016658105786505985,-0.09572668948823103,-0.09551926484016027,0.005364473129743812,-0.010128534620125992,-0.018830175886721052,-0.020519049514823057,-0.10248109440664424,-0.1020230037970985,-0.03330119842332538,-0.10628202580839953,-0.1557803053633507,-0.1365304093705517,0.04197188950986005,0.04092147115104951,-0.02633465426505418,-0.02075268852431285,-0.018793608632388253,-0.03231409508370017,0.014632138249175738,0.014793774877100643,0.576378568363795,0.5859216983076561,-0.009087942127300276,0.5847550429902015,-0.026722082684538042,-0.027129861411103504,0.23511961599819053,0.24912484952291616,0.11176448077846378,0.2572164238148109,0.004437167571826536,0.006198426395211264,0.9443796715103222,0.9498203942715862,0.04872751814602917,1.0,0.0026763322963436983,0.0024361963200466327,0.11535529227353172,0.11148240672886497,0.0653844846872174,0.12480538224014064,-0.012258213809262517,-0.01107817861317248,-0.040605810632026736,-0.06244050447423864,-0.054611446051183246,-0.06249270482110387,0.005679812739143714,0.006343123633200132,-0.017069103000022578,-0.023080576243318822,-0.04683020285862649,-0.05089442407694328,-0.011384212448285379,-0.010112427457926875,0.5380277370138925,0.48289993974346873,0.008326141277214158,0.5274674275554143,0.08860777934694583,0.08818713045602695,0.10653605727202006,0.2570083724557982,0.21379004450721675,0.23305253608450593,0.07814668090032875,0.07790890897972225,0.5862553708052236,0.4410972007326044,-0.19961351195542856,0.6013739162066605,0.16281416499518037,0.16280161632847104,0.07830333260369263,0.10362754785817918,0.03769948042563293,0.08091827818674044,0.14278895659678892,0.1429229074797448,0.012766784371399753,0.05604751754582946,0.08879554418804814,0.05775393614676498,-0.08473892471211243,-0.08440735885565968,0.006600021615095141,0.007842001703200945,-0.06755771670588323,0.1335081434269681,0.021504219923360688,0.017456680222714762,0.01624110161241337,-0.06946575823545431,-0.06892975427495426,-0.0697931714424759,-0.06985755009931975,-0.0675546269435725,0.008565025964474213,-0.07240406749779273,-0.09592588369856722,-0.10134424894422776,-0.06755771670588323
Aggregate_feature_23,-0.00252715961386199,0.010589760455274586,0.016529586258366005,0.01085304438044167,0.008281720004552838,0.009932398484187342,0.00412782957646701,-0.0012619235983123487,-0.0012666381786030616,-0.001336232623843285,-0.0013615130882753932,0.016396089098394545,0.024152637260445566,0.008521802838731092,0.00012575121188338858,-0.005322551097286424,-0.0018673406851814013,-0.0015815538599695043,-0.002321315387932966,-0.019583759946514706,-0.018508490289252867,-0.0011066654834241058,-0.018286318346196515,-0.02335961836523243,-0.011276575399183536,-0.029505655754140606,-0.029362201044214796,-0.0010910453614481452,-0.018276350157803475,-0.023358063664340026,-0.011264044999609665,-0.02949544968279304,-0.029367070068268105,-0.01155592215113903,-0.011817942725096486,-1.346353005840333e-05,-0.01146913312598804,-0.04143973144816647,-0.04118848550912569,-0.001764207253833541,-0.013751628234456524,-0.038163197760966244,-0.008291452991480954,-0.0043772558602638715,-0.004379713824447213,-0.001687066720762191,-0.010390374897908871,-0.04147895308463368,-0.006042636457598023,-0.008806735317590148,-0.009270720572693635,0.002638600840410644,0.007625910684785746,-0.0005493629562587017,0.004735763665356535,-0.013835521786366807,-0.017043903638994683,0.005690310468522952,-0.015062032009154474,-0.016820606106977852,-0.014644862499131052,0.010280715102232692,0.009717505916861031,0.005765452132543178,-0.015061882838785859,-0.01682782114599692,-0.014635672078140836,0.010902199840149401,0.010389331373320107,-0.004838326293876849,-0.007280647499587283,-0.007532057476376898,-0.007779403624307514,0.002765238687463827,0.002345922304908173,0.004663534560741889,-0.015406127790182533,-0.015629665841255934,-0.013965147950196644,0.019745783980094574,0.01941159642577071,0.004791056664145999,-0.008829829436157916,-0.009326084676787846,-0.00807999710860296,0.02008228946625664,0.020020553161551893,0.0065261160655863395,-0.0051555083904189745,-0.01349183162036179,-0.00575985269219368,0.010576942672606976,0.011422226300657205,-0.0034610308698676336,-0.0048071441984958545,-0.0070620119711188745,-0.0032354090073137337,0.09433555591043868,0.09926147926381207,-0.005272861386328187,-0.0048440545075933645,0.006780536294207353,-0.0053263165778327706,0.05448085311929867,0.05241797961542958,-0.0039206944665954755,-0.009939948458682162,-0.01389078613742504,-0.007185759734908115,0.3630580674815159,0.35912882579797134,-0.0019446080130947972,0.006158145107008025,0.008082552530208835,0.0026763322963436983,1.0,0.9968200907666018,-0.0042641540867364765,-0.007497016131896237,-0.017688605090431596,-0.009413999043741824,0.1403507504137651,0.1385729556720453,7.310063916162241e-05,-0.0029897774808299096,-0.0082499923635326,-0.003851116660923554,0.20374655579806283,0.20366418654442456,-0.006511367271436718,-0.010209134551569972,-0.007716434671088588,-0.009002728468766659,0.0021166952383319007,0.0019281717370671293,0.005568388670068744,0.004947527423761015,-0.00282177245948758,0.0048301836031942194,0.016644964928292906,0.016755903188470832,0.002817791587128276,0.0020599500194736437,-0.004243735386734314,-0.00038981401575595437,0.009176722619771933,0.0087193049028675,0.002689798829890008,0.011009129073376719,0.00230589797684849,0.008645461899975244,0.0043635456999168,0.004432979994121456,-0.00032988030437200737,-0.00407246638571784,-0.012029624715131639,-0.004302384225572797,0.015932524499486306,0.014876893614335732,0.0030529457506700023,0.01032785033303593,0.0037409480392484326,0.0033148497524235266,0.0015411209855470918,0.0027988683385868993,0.0004556595175651716,0.005615916371569369,-0.002622509318074074,0.010569475187298394,0.01431788872859294,0.010814425558805395,0.008276994491942191,-0.001351349988074903,-0.0013584792228326344,-0.0014520946288471867,-0.0015679216070131079,-0.002622266572498899,-0.005362691988533223,-0.001963238685502593,-0.00241746134944471,-0.002347170353102789,-0.002622509318074074
Aggregate_feature_24,-0.0023895564947394236,0.011363213908328855,0.016068378836197193,0.011144136453942174,0.007846351171090558,0.00983523549893719,0.004773783132511033,-0.001102262212355827,-0.001111093171443419,-0.0014833527253905006,-0.0012047897899080376,0.016015077419410367,0.023327607717574434,0.008071226443124066,0.00013652814114939932,-0.005142519969244785,-0.0017466714912101843,-0.0014665345321894301,-0.002168912425035987,-0.019014888900498076,-0.018074816161506052,-0.0009667442644472147,-0.01827348660274247,-0.023461337906539675,-0.011200154392775746,-0.028987956257841754,-0.02941050983623257,-0.0009511205284244991,-0.018263554920167537,-0.023459747156116602,-0.011187611355312377,-0.028979796676414423,-0.02941715246934107,-0.011541063767385937,-0.011777339993363629,-0.00048425482616560814,-0.011471289484022436,-0.04053865186252207,-0.04007603618720785,-0.0015282710533795927,-0.013667064588021456,-0.038487220658595875,-0.008106797198759313,-0.004223426866382704,-0.0038344398837683756,-0.001466155127896403,-0.010294515744293782,-0.04185966150598124,-0.005858763802690904,-0.008799323602201451,-0.008908233655805047,0.002860839663746089,0.006411243488730342,-0.0022107501162673348,0.004151142212309222,-0.013174159467454266,-0.016512364380333086,0.003644941398980896,-0.015771039676449217,-0.017248706894237312,-0.015546769177416831,0.010789014403735269,0.010184752373845096,0.0037181171555808017,-0.01577245729268105,-0.017257584440273435,-0.015539264775768164,0.01142515302854988,0.010871255838419412,-0.004837418242034466,-0.006205156467967391,-0.006375883332674126,-0.00664767477722776,0.0030921284996664813,0.002659530277958468,0.003347599284458342,-0.0155198398197347,-0.01559906520317562,-0.014204825711330903,0.019815149406605417,0.019451635267374996,0.0027094482792110225,-0.008822905005236494,-0.009177485462479184,-0.008216627004449143,0.020371317982336924,0.02029146834991342,0.0060935206906610395,-0.005224502635943052,-0.013545213658334172,-0.0060023080293474945,0.010523603833840092,0.011376385938049833,-0.0032611306772360365,-0.005994781794070598,-0.00881120836484431,-0.0033614425196450705,0.0944684200078844,0.09970654571190644,-0.004397582469379623,-0.004094710413511264,0.00573710488947767,-0.00457014619068211,0.053744654199996064,0.05202273307040791,-0.0037546477911269984,-0.0132467795681085,-0.019750060671403204,-0.008532908173376062,0.364917157120643,0.361989049048527,-0.0010832061459291366,0.005112613430482756,0.005498972171727246,0.0024361963200466327,0.9968200907666018,1.0,-0.004185232920422257,-0.009811208100034769,-0.021655496441099768,-0.010634028878180303,0.14199429800218083,0.13985572560506745,0.00029845382412372923,-0.005612990164407705,-0.011375436772992875,-0.0053170844969572485,0.20508629060018804,0.20529507910650002,-0.010342502047923923,-0.011320884240813825,-0.0074025851499389455,-0.010929244495262998,0.002265378976607315,0.0020331030831683417,0.0062691330683524865,0.0053751519352458876,-0.0032023228208219573,0.005394219687334368,0.016868384218749616,0.01694095941396525,0.0030411876562569215,0.0027132993026429235,-0.0037202551381725142,0.0003760304787077492,0.009164746691919384,0.00873494901222116,0.002800625547707917,0.011334150979089819,0.002559536890946228,0.00894301526692838,0.0037898064703715175,0.0038549678367243876,-0.00045880237260421134,-0.0037133019701614733,-0.011678088801366903,-0.004116223073803706,0.015337705256295334,0.014301780355827286,0.003095183718722064,0.010936697158582634,0.0048909771467638575,0.00406069739117638,0.0019268362578845734,0.0032864016162147676,0.001067370480327977,0.005368685277128183,-0.0024849927388487627,0.011347262532779612,0.014826837303675313,0.011109033430711639,0.007840967296588825,-0.0011917511725421553,-0.0012030040877754299,-0.0012954385782868783,-0.0014089610846713856,-0.002484732355913232,-0.005182590578786354,-0.0018426787242006842,-0.002265141860571428,-0.002179135131683985,-0.0024849927388487627
Aggregate_feature_25,0.0003645978830341007,0.001262370676914012,0.03044267063723908,-0.01105656999722552,0.016580019975095017,-0.009893611209710147,-0.005269845094991004,0.0009423826138212698,0.00027831398794015273,-0.003272209734743448,0.0008422161264824708,0.0009955260481923217,0.00030735961361114816,0.017117481299931486,6.304893500369244e-05,0.09515994280296897,-0.00047237434380615484,-0.008870103772348894,0.0061151034758430605,0.003159404747044027,0.003823264971301384,0.03397851460281748,0.016536533463461362,-0.006552482508045772,0.02562531082973008,0.004136521470136528,0.003835156276773674,0.03398365327988074,0.016537643634927438,-0.006552350841655193,0.02562773250304401,0.0041356020261933465,0.0038287084912041014,0.0008143153240901919,0.00031877324655230906,-0.0028670382168852564,0.0007639678743963948,-0.00021098942244335023,-0.00018159834510095993,-0.012765702676608655,-0.014213341331583198,-0.006232055321232285,-0.01351713260060334,0.0007931879787165801,0.0013650440010213084,-0.015350938373787168,-0.01686613278345347,-0.008092345750331026,-0.016121429320299693,0.0006822361863371287,0.0011857713909341427,0.02292409118704644,0.005423590716514089,-0.02039243960920806,0.01555582213439281,0.0023360842990995637,0.0027774559935668185,0.0005158984858971315,-0.00618521266775861,-0.010213577917328673,-0.010298525104611607,0.004646279772204935,0.005105760715354886,0.0005214267711275451,-0.006188330088734908,-0.01021398386242939,-0.010298073591431506,0.004631616237546534,0.005087079315147152,-0.0021188235809105165,0.0015952996617532263,-0.0004295235596996227,-0.001170800109206875,-0.011003909422702152,-0.01141857634643727,0.04104410213817183,-0.008982707239687039,-0.015127207599685064,-0.006254004511231615,-0.011380319454069919,-0.011576153593505577,0.06891255725759055,-0.010274579708431304,-0.016844799625973655,-0.007115198964838423,-0.011270365540868873,-0.011319743452012167,0.009995300851503816,-0.0009811540910107009,-0.017395232878987445,-0.007857274268422244,0.004646192696742368,0.004875788430607428,0.011033389742718657,0.001545670280977479,-0.010884156191561151,0.008736066594709867,-0.0008500359182379626,-0.0015751893201450815,0.04397518735169037,0.04363929362266401,-0.006874649939436464,0.0438999085500834,-0.0060039308138590385,-0.006131697475898048,0.31350944804079456,0.23094966494902913,-0.002178615847173126,0.2998241295907113,-0.0043774532315636215,-0.004385159392469862,0.12246674278584815,0.09986964489685614,-0.029827018065815586,0.11535529227353172,-0.0042641540867364765,-0.004185232920422257,1.0,0.6226942649855508,0.00346069989651351,0.9556553828832813,5.720387063828132e-05,-0.0002764501180372181,0.008150020975868243,-0.005279294457028518,-0.010419738170150608,0.0016028872486139258,-0.001706613455293405,-0.0019064210742882884,0.008489904124827787,0.00627336153805414,-0.0004018504502113582,0.003962754970046179,0.017152127500755027,0.017358441118428894,0.04004186447671405,0.03997886459951435,0.00727508391586996,0.04040011114237075,0.006530843429725784,0.005918807076379217,0.02212137836816312,0.03230235743521977,0.015102198076931677,0.025070113834718438,0.012671772398805271,0.013010663706600957,0.01598691851385506,0.024472813730898872,-0.002957567238294106,0.02371308345041832,0.022365270086817924,0.022473596386582216,0.021007817888925147,0.014814851937932416,-0.0033661514169489475,0.007267293628317511,0.023886663410085617,0.023594963176553074,0.007131717093847572,0.015385522846563776,0.019678829587994447,0.01662954678748444,-0.00538566289087636,-0.0055274264653553855,-0.011824507771486394,0.02565514911103181,0.0006968509972441199,0.000516856084084732,-0.001901752175893889,-0.010906619079365241,0.01662677937059331,0.0012630771451648173,0.0006030054793652983,0.0011659127252793319,0.0011981431990262376,0.0006968623039481216,0.09591126834972918,-0.000141144760803937,0.006489914265462296,0.006836665067699218,0.0006968509972441199
Aggregate_feature_26,0.009853715259684011,0.28497865705983655,0.10644645245251831,0.3996713886897571,0.02845025802222508,0.4001669710662827,0.05870138683990252,-0.014986965676223167,-0.0029746234767095156,0.03349988045277813,-0.014221114341796513,0.01492144987525832,0.02600697272695004,0.029540961975376284,-0.001194966339966026,0.14031453410738273,0.005299394778973837,-0.011109792724533198,0.009691410291944102,-0.019469654342626375,-0.01902560029618564,0.011979761150988701,0.0227257885990898,0.0029583959984683644,0.009730767020281377,0.00043504381046091916,0.0019425679834917478,0.01195338685429182,0.022690486130159164,0.0029525727123103037,0.009707157672775598,0.0004431660474610951,0.001947228794569341,0.018593877417441156,0.041230663622647906,0.12117746213904723,0.020375263672870365,-0.013453002945810298,-0.011011112804174534,-0.03012923845982887,-0.01860983499969392,0.01159171504824835,-0.028390134397879914,-0.024733859660024407,-0.02693829724043093,-0.032447626254574036,-0.026340655594416028,0.010435417597360299,-0.03157179844944384,-0.024654626971919797,-0.026920470374252665,-0.009790011699764787,0.09106449441610052,0.09360264164947364,0.024382405539121615,-0.021950719466476906,-0.02492772684664836,0.07293639332734139,0.020083569912659922,-0.004149786877584384,0.011205744460625734,-0.009351600969270303,-0.008816677527656015,0.07288763344705208,0.020002923470749518,-0.0041998988157565765,0.011134124324478266,-0.009357067366693875,-0.008768279828189667,0.013734574057082886,0.06929998899627932,0.05636615783565636,0.0521511364924618,-0.015517307889495987,-0.0168345453411631,0.02736057946704544,-0.01573594184728084,-0.026048463746026203,-0.02126885338222245,-0.020461181770451843,-0.021002216917957728,0.05348722764927905,-0.02203598603386014,-0.030371096209038922,-0.023337007597213993,-0.021293204915436185,-0.021640150363425557,0.01773415774412753,0.016974308740969505,-0.0194846217479312,-0.003345214663447513,0.001275462084959784,0.0009559540214155635,-0.012653685862777792,0.13259464990486314,0.11391631635793137,0.005613078841281085,-0.004882698281491828,-0.0033614941672801472,0.03463054702341301,0.04607422090990246,0.04932471267671813,0.042910905928962725,0.01621214641074342,0.015040035821296607,0.18373434034682223,0.38722340637850927,0.28010809924104857,0.2420665826388839,-0.009484785963805718,-0.007406100510692155,0.021046060044180245,0.18582758218288212,0.18757200744054228,0.11148240672886497,-0.007497016131896237,-0.009811208100034769,0.6226942649855508,1.0,0.6303188707852722,0.7426302373793928,-0.00492748992842247,-0.0004458518632117205,-0.004233179547734432,0.07835812110040306,0.05220585146866021,0.018163303384498678,-0.007738487858343168,-0.006193904239483317,0.21351258265998382,0.09041288625406611,0.011135005222381887,0.1302303133244665,0.001509373124394452,0.0018131909347553071,0.044028780119215516,0.04814449384197539,0.0038047166384968635,0.04292840011298693,0.015056328824691177,0.014120640370741481,0.013101866437002894,0.052751385456491266,0.0240506038499727,0.025761538370441227,0.019976506276526706,0.020805477347433283,0.031082893509437676,0.046170286602650656,-0.013064565850762183,0.04880452891036813,0.02887175430130492,0.029398181080895813,0.00941734514774902,0.02427324925876776,-0.002421376035994259,0.0009172204281255473,0.0370564928776373,0.03713650752652776,0.008971534537177665,0.0519669510102787,0.0692917956456218,0.04804086650121303,-0.00922059779354308,-0.00916256886478844,0.25085622894773263,0.05319150615980354,0.010013248461424323,0.28593398709621476,0.3404996979850131,0.40072535102364065,0.028464914110500526,-0.014895165758532962,-0.0028498124033252983,-0.01412602181233535,-0.014566014239982484,0.010019760094397786,0.14072617990965355,0.005448848691547467,0.009853802960908313,0.00922814694414981,0.010013248461424323
Aggregate_feature_27,0.002604646246191812,0.16232419265720227,0.09049416019499014,0.1962092966804741,0.022066676883396384,0.1935334245576014,0.03992097067652555,-0.021954438912146972,-0.01127164055847749,0.04367270924049239,-0.020524706251764942,0.01775566395241471,0.02689134511272168,0.02304126770257809,-0.0018107995296555521,0.07218001742227102,-0.0033691171474022783,-0.012901391168468687,-0.0021116279368624227,-0.030030057513476763,-0.029441878518790963,-0.006219657819420903,0.01864132309358863,0.01880036974197954,0.0022898445759651784,-0.003979730155959326,0.00036648254188356624,-0.006290211067465479,0.018587619398970474,0.018797685939391857,0.002231617621017208,-0.0039643754656270794,0.00038363954830782033,0.0444678683986491,0.06296603987004608,0.16265774862109417,0.04792375094248866,-0.01916100861237454,-0.01626469708195757,-0.03252346434620775,-0.01497807750984604,0.03708290017306667,-0.026579229232840916,-0.04353365292171568,-0.04817484029997502,-0.03311412975738078,-0.020687131485461918,0.04469847242434606,-0.028617459921972368,-0.04316644925885006,-0.0471982231769163,-0.026992739754497595,0.09466874119665024,0.14772013806787876,0.021709195900733943,-0.04216041324285448,-0.045837025275970875,0.05027170419619951,0.022936227454435392,0.005359875935521004,0.015347323714693618,-0.01828827586861039,-0.017252710056773223,0.05003008342437877,0.022864150155804924,0.005335806623190874,0.015255373151773317,-0.01828450752331005,-0.01719253474802887,0.033238115359768304,0.07812657937393833,0.06893699558230246,0.06703409003138337,-0.013613132207351126,-0.014223930629907186,-0.002832748291446695,-0.015278214862524252,-0.020668800680752376,-0.022041391746131178,-0.018004235643737633,-0.018467981048759952,0.007174333307555343,-0.02102122063568009,-0.025397650334742276,-0.02472339396260539,-0.018601304765827914,-0.01882441780189768,0.0012163114023365298,0.023026963290358183,-0.0005214555319558918,0.0018229427886212466,-0.0024013160003910254,-0.002685867589417897,-0.027374427321953235,0.09404383089031802,0.1353692844908748,-0.003028252854339623,-0.005493019600328743,-0.004151645677173468,0.020683988102563,0.03296143348068538,0.06294092703686263,0.029043816480210607,0.041743766654597364,0.04202753306552047,-0.01356825082735138,0.3033177714173945,0.47562448235519844,0.10478782634033568,-0.016490717671168772,-0.012099079958367594,-0.04234416023454693,0.1588282721195141,0.28783923179120113,0.0653844846872174,-0.017688605090431596,-0.021655496441099768,0.00346069989651351,0.6303188707852722,1.0,0.2708988633137467,-0.019456766163317287,-0.013003250143641688,-0.01330254533161309,0.0669264741838922,0.05699189558356035,0.013712183276435573,-0.0022992426212661357,-0.002100010304826734,0.3017598469725114,0.11080931618821527,0.00985806549232385,0.18131348427111685,-0.009958087339955663,-0.010109429666714912,0.03356283031063809,0.0375159608958537,-0.001673651446382898,0.03146367052249632,0.0172566641647119,0.015970674696491705,-0.0009038275564573463,0.03968218379998816,0.017238175261815026,0.01238759961956716,0.0175959338223963,0.018583906319679894,0.02661466319577544,0.03328482851892201,-0.021095577319293606,0.03903659963829583,0.021586529845834646,0.02229296916410081,-0.007176197321972926,0.009936464914483082,-0.007829571358403788,-0.011031606097175585,0.029865521190954057,0.030131852094797035,0.005565499681820286,0.047923807528292894,0.06305656537180163,0.04199129237029719,-0.01007817128127068,-0.00938725651302407,0.14392697643172545,0.04489528109478114,0.002499342034999789,0.1628076972487421,0.1790998824644846,0.19612507859935274,0.022043514715671623,-0.02205744652610649,-0.011376414268816063,-0.02062884774221592,-0.021132920801809882,0.002503051875745154,0.07216418012582543,-0.003477534186750045,-0.0022172144282246627,-0.0028158813665562442,0.002499342034999789
Aggregate_feature_28,0.000643024345294471,0.02149897798880545,0.04470039481047282,0.015012660037993716,0.02104229568667821,0.015164244813764915,0.003479424929849299,-0.004529048596955924,-0.0032853434278599463,0.006763628069494629,-0.004216563753341963,0.0042947140649851065,0.005233415918181197,0.021788359141933687,-0.0003844931948581644,0.1078857266461162,-0.0022347672719059118,-0.012136310775309361,0.004911358254010441,-0.004209653703497066,-0.003372318354646312,0.031013284613852398,0.019139560129784666,-0.0018103715232792074,0.025199146756227583,0.0020623622096636084,0.003499281693586536,0.03100289933304434,0.019130353493210746,-0.0018102654671632301,0.025189008531506202,0.0020656569577459194,0.003500539685913214,0.010239993220452374,0.012577711658111524,0.030733631577072328,0.011002773637805571,-0.004372683495960431,-0.003096689653683087,-0.020181506649318504,-0.017838004339714133,0.0031229081017027475,-0.01937349625553392,-0.01048344459631695,-0.011184804249268241,-0.022751808457693524,-0.021405931996325626,0.003505955392284635,-0.022317966589325357,-0.011069539346581133,-0.011582731117540908,0.015151680072105963,0.021786903919915654,0.011760907276779604,0.018123658895263576,-0.01013249555503318,-0.010203789852820427,0.007219781374993141,-0.002690200065643088,-0.009229124631936762,-0.007988392893272855,-7.800217610074185e-05,0.00054557102829691,0.007169511591044569,-0.0027022044218032865,-0.009228885142326573,-0.00800263215487741,-9.85348619998975e-05,0.0005311663238742361,0.00523712429658075,0.013550323666815033,0.010288596143817594,0.00952743433262966,-0.014424676548115216,-0.014716903434654535,0.03772498479111711,-0.012955640176521835,-0.019588636477465487,-0.01147500681235602,-0.014938497885604548,-0.015318250582824742,0.0664761218376524,-0.015284814800007158,-0.022326175287055054,-0.012929116439805505,-0.01515890730013577,-0.015357883525225628,0.008631701560656565,0.0031157251319067383,-0.017066741003258255,-0.007995892560703806,0.0037979139239294434,0.003942982762076188,0.0037897290635668796,0.015506386506714874,0.016769557075726277,0.007138037515296829,-0.0025113981796557987,-0.0028389260591137186,0.043136898065020426,0.04500945519190141,0.005552645965072454,0.044521650580250434,0.005991815587890322,0.005658680197883678,0.2958630866962126,0.28425712411369825,0.10977670531325909,0.31321308454222274,-0.008420617710341922,-0.007865923845995292,0.10862860112812817,0.12842869982575436,0.03585655269513957,0.12480538224014064,-0.009413999043741824,-0.010634028878180303,0.9556553828832813,0.7426302373793928,0.2708988633137467,1.0,-0.005756324214924867,-0.005375962009312849,0.004554512096208982,0.004956009022499525,-0.000379330538883855,0.0031621847955114937,-0.0004823583067688372,-0.0009368227418502044,0.14980098925953345,0.05290267577182936,0.0019272928433796,0.08783721264845572,0.014881024431190135,0.015017348306660723,0.04205026561947027,0.042831111924127314,0.005615051556220648,0.0418083479756462,0.010670535640475966,0.009737286948142665,0.020595113486013922,0.03780650432568893,0.016828178831474687,0.02537944540748962,0.017033601942112248,0.017607022267427323,0.018711745758079393,0.026263294614054536,-0.010280423305749053,0.027245055603139823,0.027033470845427066,0.02730555694249285,0.018364049143779766,0.014433417392627065,-0.006723719690380771,0.0033319745350388614,0.03026786776455234,0.030019977363496875,0.008735797466332742,0.024754805847458046,0.031173966532565794,0.027240655004777695,-0.008288373923466659,-0.008184265373722263,0.010614914938160382,0.040445961524920845,0.0009337049129292277,0.020978610652324512,0.023579566356543086,0.015288247795583363,0.02110032005192423,-0.004281985683465999,-0.0030238400732984718,-0.003964516240047358,-0.004054642145519818,0.0009341825271055059,0.10863512801084395,-0.001957374783133435,0.005231844375531318,0.005510805231223143,0.0009337049129292277
Aggregate_feature_29,-0.010846400560684673,0.0009029535734216342,-0.006535495472628198,0.008211213282074097,-0.00701369360637247,0.009610460676134972,-0.002587446558669477,-0.004866470084598882,-0.009129735303852304,-0.04035336102861463,-0.006591551659286003,-0.007632605210274178,-0.0071839708600644,-0.007170817304249523,-0.0003647996282978792,-0.02175538903488768,-0.009552396570560095,-0.007098488793055207,-0.00984495056601484,0.01996335241639139,0.020606107615464393,-0.014479921304994195,-0.009795280900301509,0.0017005192157931112,-0.01101485885058079,-0.007992441116456582,-0.015632370996783992,-0.014457638974700792,-0.009778415015128808,0.0017017754039667886,-0.01099468615331829,-0.007962894348391055,-0.015452662383168135,-0.017696965582087904,-0.018696381544471327,-0.0031963127853532067,-0.017698861871652604,0.06065464628190459,0.0600423130069736,-0.00941700452120923,-0.01221987462449132,-0.010611801741311641,-0.010501205017029445,-0.025670667389621097,-0.03106431129049972,-0.009122061943007156,-0.011357468747736856,-0.011167736722469016,-0.009983108152484306,-0.018370880735657104,-0.02278829747224555,-0.03660885214008705,-0.013856558049713084,0.02744522879283557,-0.025409510571603,-0.027512478289151536,-0.030315889932747662,-0.017528156050880834,-0.034453532156339145,-0.0314670903413289,-0.03485931774150808,-0.027119810039177336,-0.026893035821437306,-0.017433538012069667,-0.03445191010144696,-0.03147719156153011,-0.03484485749223548,-0.02643756857337668,-0.02605564060522656,-0.012336200956289255,-0.013140396474533137,-0.012665572354946126,-0.013213001793771459,-0.030479892942715664,-0.031148453525981022,0.00209615031433276,-0.01613039738371849,-0.016670741121648774,-0.0158610021412459,-0.03536057643357873,-0.033594215563336194,-0.00020750200327478532,-0.016434855162955515,-0.016887989001683586,-0.016748763740890606,-0.033791880162918175,-0.03260957124517702,-0.013240751601408,-0.036566570809058674,-0.03377582270814546,-0.033251787480699506,-0.02310126745783008,-0.023260838877007327,-0.00720973831782046,-0.0046037977025184165,0.0009984174363300191,-0.006178250487790649,-0.04473762358047926,-0.039982668576467005,-0.01876160627455746,-0.02118861538170559,-0.011227008889379674,-0.020700390835339155,0.029739145870115804,0.031884147291294046,-0.0022380081605672076,-0.007865938504087714,-0.013012269212848149,-0.006776319450655266,0.37741736070284376,0.3766957566972136,-0.017880254973137895,-0.0065106730235617825,0.017957247960882095,-0.012258213809262517,0.1403507504137651,0.14199429800218083,5.720387063828132e-05,-0.00492748992842247,-0.019456766163317287,-0.005756324214924867,1.0,0.991078419223075,-0.0016210176622167862,0.004724172902191181,0.0035852587384328947,-0.00041321552647831334,-0.029735089592331242,-0.028575842178196687,-0.012009104399016347,-0.005454845758010299,0.0017106246607955773,-0.004944107708949144,0.007811053960136307,0.00807223289621225,-0.017897999072565885,-0.018278283934672828,-0.004480013140717252,-0.018133537969544974,-0.01442658147498071,-0.01512087619855747,-0.00035115710471360253,-0.008209180871832046,-0.009684925128616687,-0.006540028715401759,0.004497300478234493,0.004323719187735883,-0.007146531533897435,-0.02740379554485378,-0.020185943472144786,-0.019583523214064792,0.00031715112768777474,0.0004408164382088526,-0.004860707032954233,-0.011459757938951261,-0.010605970444962639,-0.006719556781868366,-0.00011320409266167057,-6.19044584344438e-05,0.001531612377824711,-0.013833574213015,-0.012075042518645973,-0.004116634063972796,0.004047157053308381,0.003467376565490139,0.009643917312387154,-0.005756959530698485,-0.010854677482057906,0.000896227585654752,0.004930616404789761,0.008171077065955096,-0.0070151308055224635,-0.004873577882559038,-0.00913759237934152,-0.006598950191984093,-0.006540328349349082,-0.010854649634048932,-0.02175875049454272,-0.009560735572135886,-0.009852981351886295,-0.009268948248657765,-0.010854677482057906
Aggregate_feature_30,-0.011427180413885085,0.005780781910142855,-0.004838318228032379,0.013091366845897724,-0.005813597619787414,0.014346815037947805,-0.0011374563332231698,-0.0051521346458432956,-0.009673731062522445,-0.04091594204606501,-0.006883761080425267,-0.007163122350838739,-0.007305925484252444,-0.005926887761022628,-0.0004107549539494226,-0.0221143798391249,-0.010023553833514665,-0.0074479414858955525,-0.01020552078533871,0.01989621400691913,0.020500562502106513,-0.014706891862190903,-0.009746166259209718,0.0014549683763606662,-0.011452568145146004,-0.008878987513677092,-0.016887766093136202,-0.014684608726466498,-0.009730174025668942,0.0014559517560583603,-0.01143245591791181,-0.008851234607340074,-0.01670698991182433,-0.01772585118432519,-0.01775918229998657,0.0004494995074047069,-0.017696267368258984,0.059690104479783956,0.059009963176438765,-0.00969999413756999,-0.012379618330365489,-0.010852365463778718,-0.010856677284289538,-0.02843079501982217,-0.03367848288813607,-0.009413765301066537,-0.011720928004649333,-0.011716389889163369,-0.010352750275361054,-0.02086737934925759,-0.02526168957195851,-0.03808497406686667,-0.011039187511773359,0.0315063206722889,-0.02552280420369086,-0.029664952534655703,-0.03315385730325151,-0.018434328286401947,-0.03394302507577686,-0.031190582399179323,-0.034893685446771135,-0.02799124749597702,-0.027813205870375824,-0.018340452799940635,-0.03394877067829471,-0.031207851792429013,-0.03488581042266894,-0.02733245159038058,-0.026994654437504893,-0.012427551771769425,-0.00785510507672836,-0.007686418783736138,-0.008505536905025266,-0.031302417169812614,-0.0320125807787596,0.002269869241798561,-0.016173971202691935,-0.016927118603616093,-0.01612654768371121,-0.036745882191325484,-0.034934391296543,0.00024501244372225167,-0.016786911662601427,-0.017319638913982815,-0.01716534358856725,-0.03540830635855489,-0.034104348144272635,-0.013626611664114403,-0.03583893735352065,-0.033819646966123044,-0.03353101129574434,-0.02370344341903865,-0.023748227660374644,-0.007560065389023588,-0.0026390720583850456,0.0023880441487769263,-0.006272519691586521,-0.05073389847709891,-0.04583299797286064,-0.018964198788065722,-0.020138935673541792,-0.005071698344881696,-0.019946737650436384,0.031924201241665895,0.03372269712503013,-0.002538324150977377,-0.0018038994954375988,-0.005036440542382249,-0.005262598409050948,0.3720574331154827,0.3767479972309523,-0.019276329506069396,-0.0034659876771110597,0.02347798483429855,-0.01107817861317248,0.1385729556720453,0.13985572560506745,-0.0002764501180372181,-0.0004458518632117205,-0.013003250143641688,-0.005375962009312849,0.991078419223075,1.0,-0.0017327512618270065,0.007730169102597071,0.0058458703338640314,0.0011223069507746125,-0.03398877952099732,-0.03221915297352031,-0.01146847571267968,-0.0056353655170619035,0.0006582240472912463,-0.00553158563604402,0.00699914607388642,0.007303819273032279,-0.017221822373971116,-0.01710647928750198,-0.0036323242851235026,-0.017373772870050267,-0.013383750797743958,-0.01394593552488762,-0.0004022056816187107,-0.006719673311937348,-0.009268899738035347,-0.006333048374522131,0.004822916444213892,0.004707946627048874,-0.008014471335180292,-0.027402955710398323,-0.02023966737817163,-0.01970873384843705,0.00023180293695292803,0.0003646126171874921,-0.004461221176056926,-0.009925425827424002,-0.010215822240478168,-0.006054734222518812,0.0003923542823445148,0.0004273143301519018,0.0011950803285243955,-0.011910632030521527,-0.01039426802305356,-0.003922731789988358,0.005117277012741761,0.004462573273884766,0.010239357657810012,-0.0051900596515560655,-0.011444260442553011,0.005806755769491195,0.009832203667368524,0.013073062632018543,-0.005817561967433496,-0.005167824733737845,-0.009690253529808263,-0.006899774641910312,-0.006838975836991713,-0.011444120245748653,-0.022120130878004466,-0.010040880474466133,-0.010222470984801555,-0.009614025786562475,-0.011444260442553011
Aggregate_feature_31,-0.013880559016359869,0.0025781538659280716,0.01009025438673884,-0.0016235814081776402,0.010920359580536458,-1.1477960682176729e-05,-0.003730602287169459,-0.013186380545945758,-0.01359392907769492,-0.0043946104237423175,-0.01334327259288395,-0.01487349246681049,-0.016309552186862232,0.0073527490684064875,0.02345532131639223,-0.003899783727627645,-0.014308976242952269,-0.015513964683406347,-0.01566985353139158,-0.0395421389829366,-0.039121404115095015,-0.012076899037123494,-0.013500573171276125,-0.007658444987805329,-0.0138088088371274,-0.028226288403912635,-0.026892944598428378,-0.012077708040158959,-0.01350050081122943,-0.007658355246588107,-0.013809397937100922,-0.02822465773252403,-0.026894377970466947,-0.0009427008993386657,-0.0013849817168519421,-0.002955070855519305,-0.0009978671466647597,-0.007034522851558958,-0.007111752763669062,-0.01948474427399978,-0.02071583803569989,-0.00703202657745775,-0.020212607488759707,-0.0050028417331843,-0.006024458553909029,-0.019443555161747117,-0.02093066360734899,-0.00873140948380465,-0.020238793701289923,-0.0009346636084079504,-0.0012167890564768731,0.08127684160629342,0.0956319985227726,0.043905088542746704,0.09559483985351587,0.006521928115350301,0.007247756817912165,0.031057932170056587,0.03822356049857839,0.037171904487022955,0.04321473360258068,-0.002189878211133936,-0.0022090798245052827,0.031091687841595758,0.03822931002894527,0.03717250704101614,0.043221574033453815,-0.00288560956251086,-0.002897630019868193,-0.0017229126512104125,-0.0018511042567690966,-0.0013757554711132107,-0.001335123744056443,0.019812300616594163,0.019805164621687844,0.02624561930295604,-0.0006086828965397212,-0.0027077830032273846,0.0030090082080565118,0.0005332097940494583,0.0006537119681231831,0.029824254857886142,-0.00039551250642290203,-0.0018534164953215198,0.0023825119490797054,-0.0007611672044248774,-0.0006564969596794224,0.025097735857582387,0.0241790431070084,0.0223086837381503,0.03251607388343045,0.01573768507499957,0.01576483304020561,0.13511175015130147,0.09975081938940239,-0.01282467558743394,0.12999314993950098,-0.004254233033699171,-0.004412771165787202,0.007339813025795313,0.006467256892439572,-0.00640836448817027,0.006798039093823421,-0.0063369538175608725,-0.006515391450785954,0.21418477543006548,0.1540829535683455,-0.009880037899060216,0.20284492000512772,-0.001617110647413183,-0.0013516230917371527,-0.030589248666006454,-0.047343556222620146,-0.030042912283360517,-0.040605810632026736,7.310063916162241e-05,0.00029845382412372923,0.008150020975868243,-0.004233179547734432,-0.01330254533161309,0.004554512096208982,-0.0016210176622167862,-0.0017327512618270065,1.0,0.5590425300183718,-0.006860318913948015,0.8465063951040468,-0.0017846762227097762,-0.0018230163301934676,-0.006202310498790059,0.0006924201043643206,0.0035621737750631335,-0.0006122481655180511,-0.011723916324901587,-0.01173747832256573,0.0037255182118468705,0.01789633349547179,0.03868176034743222,0.012244367114228228,0.010061982150401525,0.009998119446395967,0.0031418288899626653,-0.00026585250399344275,0.001080549072344026,0.002573950970808803,0.006255701873199084,0.006246865070261656,0.026167097575345303,0.0005205704078322389,-0.02268362228437427,0.014897516055418359,0.014415405688941584,0.01441908672136197,0.05412624884549594,0.0033373506255429133,-0.008715807875992947,0.020895647026697772,0.018803470206427638,0.018790852656105736,0.0003267831633805736,0.014710451379667139,0.009831418387586619,0.005572015274815007,-0.00404274108361411,-0.0039857519832002825,-0.008012032239910212,-0.023836309016114145,-0.013356411589679762,0.002371343713973179,0.0029493964397143057,-0.0012164249174660014,0.011197707811605267,-0.012686576569997016,-0.01308107744631936,-0.012837651686351165,-0.012802190766304518,-0.013356348403914427,-0.003695155547084737,-0.013779173909261902,-0.015150189780039089,-0.014901532534994107,-0.013356411589679762
Aggregate_feature_32,-0.003487867131647378,0.061814866377122336,-0.0025482809034577517,0.13354496040688751,0.01251101220484445,0.12445559655744333,0.037590307730178664,-0.02229781728999334,-0.006751204314085357,0.05077072052383634,-0.02121521973602598,-0.06138020784960232,-0.0569651072591586,0.010859104330243072,0.012182261094243077,0.0314809063169534,-0.00494858031201416,-0.013564305530963912,-0.01051279924453406,-0.06794233767862849,-0.06814000523452263,-0.01991364471782525,0.04754149435145744,0.07536092604414477,0.017303635404353854,-0.05302115025343891,-0.053517794630352195,-0.019914233371220464,0.04754591837759088,0.0753605841310158,0.017308401933089267,-0.053029720849178716,-0.05355442666621932,-0.002086722553720849,-0.00034224167344825297,0.005185321334096899,-0.00204812934678743,-0.03740082701105013,-0.038597662580805936,-0.03185185955426485,-0.007383318919982447,0.06563769388680774,-0.021743746420750897,-0.039379430604986956,-0.04069090319549503,-0.03189715698165705,-0.008839251403157276,0.0960901096359855,-0.02223314872598319,-0.03702337730116492,-0.03601737903032198,0.05477775657611696,0.23441077523497003,0.2653699603379832,0.1488317793226944,-0.025242624888635764,-0.02467506629639034,0.054662365678192874,0.0933655361026001,0.08980283707450706,0.09774420807648888,-0.011453890378871142,-0.011897441163916219,0.05472037182353596,0.09334492274713962,0.08977033370667618,0.0977273721768663,-0.011697702147795787,-0.0121243651482238,-0.0016174637530163942,0.020521657245734605,0.020941994028414603,0.02008935049972002,0.031989332773024376,0.031940920307518356,0.023472806754712465,0.008636931979707245,0.0060149253005306194,0.010464770852057895,0.0042793097118476306,0.003626657493432026,0.03670290765524583,0.009205912504077832,0.006731833650747844,0.011315410924802666,0.0031357854727126094,0.0023313447485342823,0.04001084967429659,0.05607862880352976,0.04959168385308323,0.06243315017862887,0.03093560561106673,0.03032917963547443,0.06294077616506294,0.2440628005544634,0.3418848344970242,0.14380202156252064,-0.008396159569515805,-0.013996069856851208,-0.0682872005690412,-0.04753941686010288,0.10339467120660281,-0.0523881202818636,-0.001431402822520065,-0.0034129833212179655,0.10659611553344017,0.21922892519639445,0.17841323706215517,0.14777784431896251,-0.02075001670057707,-0.014250305527655247,-0.1323501688334409,0.02359944305443369,0.2125847371393275,-0.06244050447423864,-0.0029897774808299096,-0.005612990164407705,-0.005279294457028518,0.07835812110040306,0.0669264741838922,0.004956009022499525,0.004724172902191181,0.007730169102597071,0.5590425300183718,1.0,0.7817810661173911,0.871737618495569,0.001885554609073509,-0.0023675815499390623,-0.00027184367017663757,0.010564973964100954,0.0056508676331319336,0.003137935274893247,-0.02939182707506433,-0.029761947207809267,-0.04374699193062975,-0.03302084685329499,0.014431073955224846,-0.03938334255640055,0.025516927128863276,0.024884036036949338,-0.003919461796855945,-0.016103494732241572,-0.017966156414642952,-0.016445977260843986,0.00768606477945458,0.007427408570954948,-0.0024050823744019563,-0.017812470458273742,-0.015942006119380375,-0.011281259122187639,0.010060454598962067,0.010018128005276725,0.03203674525149127,-0.011347233518518525,-0.022950821047725868,-0.003293548003829561,0.02788514104782178,0.027609043363052796,0.002036439330138448,0.027320059890845093,0.035505311963174246,0.022664759771193897,-0.012119923711808282,-0.012231141970617804,0.06580275437586972,-0.026411523394772863,-0.003196326541661445,0.06197848498484422,0.11408596416887573,0.1339628901052379,0.012641655985238765,-0.02206010072059268,-0.00647286038636246,-0.020971955527807888,-0.02150828207468567,-0.003194911426071938,0.03166763064949881,-0.00465646538170789,-0.010231694678788579,-0.012281475552429004,-0.003196326541661445
Aggregate_feature_33,0.002192772053976152,0.031385646730359776,-0.029886461519515052,0.08449022155342079,0.00401232926353746,0.08120013868359105,0.018387088222764573,-0.01576475199321415,0.00038593707810992075,0.06199422636982438,-0.014192419543554506,-0.08207026562561821,-0.07684264817672656,0.0043291508413154985,-0.0011599731590095784,0.021645256148038996,0.0012311534422634381,-0.005689576974676269,-0.004391537132507145,-0.05335521891431366,-0.05381185994884526,-0.013884632259905315,0.08514851744404645,0.12397825403780831,0.04534791236314731,-0.048851605093842766,-0.050178155801632686,-0.013884777749806513,0.08515695347254439,0.12397818883054988,0.045355764354572656,-0.048865444134192734,-0.050210193504501975,-0.0016504006200269666,-0.0011270913290458214,0.0037663669620245158,-0.0015683932503172161,-0.04415227644865589,-0.044751763381637534,-0.022103809471163523,0.013450732578939757,0.10599125121973295,-0.005989212587857899,-0.039220848339896724,-0.040473154392560794,-0.022172373051251092,0.012495010198915872,0.1546789153013598,-0.00652508137377358,-0.039303123872100346,-0.03843138784836899,0.021755695023157474,0.19268044829396153,0.2770561873351907,0.1131212739977833,-0.03285074620302117,-0.032477618213253845,0.020761885008729334,0.10254573544563843,0.10472657208325334,0.10324938559911169,-0.004417058481918154,-0.004938710895904866,0.020785766134804397,0.10254824723492866,0.10471672715416563,0.103253958954988,-0.004349468461161395,-0.004861185083510549,-0.0011588987385043807,0.004779938367051016,0.005379864916845488,0.005228913007435692,0.03817802111192992,0.03816997604110079,0.006026701590724137,0.020662017661877058,0.020336656197866423,0.020886309820391854,0.012449881808220396,0.011679378090406731,0.01567478607851381,0.022106417084812285,0.02135529192806689,0.02285441998181269,0.012233366379443803,0.011354860060730195,0.029420387527489676,0.06447392255976792,0.06484163721005895,0.06666171047540763,0.030182317374770225,0.02964655775768497,-0.012106167355870338,0.1958607013387602,0.42270564724538895,0.08632741012555993,-0.005358181265196338,-0.011989037717769758,-0.07408451328263531,-0.06004940668328599,0.07781878935503964,-0.06369717987255413,-0.008669206014747247,-0.010504865755725285,-0.015296590330624102,0.10716042955341071,0.1767014948057096,0.032374397910896996,-0.02280171629639538,-0.01766652055249971,-0.12308410412382752,0.029566058245881984,0.23991143189128514,-0.054611446051183246,-0.0082499923635326,-0.011375436772992875,-0.010419738170150608,0.05220585146866021,0.05699189558356035,-0.000379330538883855,0.0035852587384328947,0.0058458703338640314,-0.006860318913948015,0.7817810661173911,1.0,0.4915493105141884,0.010672024980608368,0.004085178059559136,0.00020725308129670295,0.005915105513895444,0.0019916189196063287,0.0006952843603608551,-0.028196049560391612,-0.02864274116276118,-0.05422180184347543,-0.05293135499386936,-0.011926995334423799,-0.055387841201240524,0.0204264979440694,0.019781433215733047,-0.0075438986196853285,-0.0222281529915276,-0.02326603067993673,-0.02259407632966107,0.0005284222149901351,0.0002667724291999273,-0.031214537533471986,-0.029645367568684005,0.0019111670300193653,-0.034637118746560995,-0.0031196149810140718,-0.0031542186059580327,-0.0031395497560896754,-0.020864327439755775,-0.023005801212052795,-0.021553414509347196,0.013992319779204978,0.013693540124881396,0.0009306005194786261,0.01311873851419835,0.020834941225058804,0.013109572564148563,-0.009630596423355908,-0.009631183842194881,0.04011728533806225,-0.017225505341291324,0.0021397982758966073,0.031488665687644087,0.07017201462777872,0.08440472808345686,0.00400099435999586,-0.01581842321494737,0.0003339540352793281,-0.014246458232374512,-0.014802805987632736,0.002140514665099561,0.02163763501318638,0.0011767852179388506,-0.004445536496348979,-0.0066618417033793235,0.0021397982758966073
Aggregate_feature_34,-0.006296149286250982,0.01872356574075384,-0.006818379855979083,0.04321252080998578,0.009845741073868479,0.039132189781002046,0.017563882965362845,-0.01930267362407715,-0.006671552072269974,0.03966654197705233,-0.018545490080094405,-0.051326553291299044,-0.05230930355709132,0.0069289089358018805,0.019355557945905096,0.006821534973391927,-0.007189332044484812,-0.014022462608079326,-0.01482871663521434,-0.05958495834780436,-0.059314129328682755,-0.017396704831079222,0.028796118778719584,0.05189254801532983,0.008956548571720365,-0.04837470970340958,-0.04733783503896195,-0.01739746611395821,0.028800401281191188,0.05189262191735921,0.008959747446034337,-0.04837985432831587,-0.0473916835512781,-0.0016489716259631463,-0.00196725279925826,-0.0012234416977345384,-0.0016592491423142851,-0.027920578582267163,-0.02791340997317367,-0.02791006536919149,-0.010910556868269219,0.0461743523872027,-0.020745483611923236,-0.02618898856048983,-0.026635995831201447,-0.027914702557366746,-0.011651037367628026,0.06838347065477117,-0.02106356496163132,-0.022795030353977515,-0.021435870187383542,0.0816078761813194,0.1809633740018232,0.1759821424249568,0.14241633007262094,-0.0111912757455444,-0.010427832122181511,0.03738145636514279,0.0836950660035284,0.08341296634475816,0.08775427475334477,-0.004698999169526046,-0.005040499235971305,0.03742270621435436,0.08370485417104306,0.08341224041069377,0.08776574483132168,-0.005273566563293923,-0.005600895882335443,-0.002038524435667369,-0.0017974126775138675,-0.0010532047244224691,-0.0009798465675937014,0.0345657162991102,0.03455648607880679,0.027668127711270196,0.009936608113721202,0.007588154586157996,0.013111105105083629,0.005732613960369928,0.005256423121817744,0.03694047095216793,0.010719594808440478,0.008644344150179326,0.013392222986183552,0.0044172626622643535,0.003910830903242662,0.03911882489866023,0.05269744373048289,0.049412422341411966,0.06135005233184789,0.028124351857369764,0.027732665403008942,0.10871120865217102,0.185664999830462,0.1996211109338902,0.16178364735524037,-0.006658811119025898,-0.010039135905320533,-0.029744225608473472,-0.02432664908402134,0.02643349019627143,-0.025683391395594186,-0.009521048307260015,-0.0104776222210084,0.17427060813696812,0.18793910901596417,0.08714452705332487,0.19566348879243814,-0.01149345880772539,-0.008319090202780965,-0.08817084469825745,-0.024817070144549803,0.09548707239645216,-0.06249270482110387,-0.003851116660923554,-0.0053170844969572485,0.0016028872486139258,0.018163303384498678,0.013712183276435573,0.0031621847955114937,-0.00041321552647831334,0.0011223069507746125,0.8465063951040468,0.871737618495569,0.4915493105141884,1.0,0.005429596232591929,0.002866841581102444,-0.004780223157102377,0.00687700516456754,0.005913878715020577,0.00099104653636511,-0.02425469149099375,-0.024627878941738714,-0.023712447983994397,-0.011571453632923424,0.026002515458138798,-0.017264947946203073,0.01804169694363801,0.01752663040823841,-0.0001369095025714013,-0.010978196850151134,-0.010702557758484568,-0.008435762836256444,0.005951190290720023,0.005761037643341791,0.006078915759478727,-0.014328609621986626,-0.018118094174588276,-0.0050107904815509495,0.010371418837840722,0.010436488577070961,0.04827184169303405,-0.007310130268741151,-0.019585016157751427,0.008429179692197138,0.023569606571123294,0.023255045345020212,0.0010709218721447497,0.016577959729546083,0.015110433006219037,0.009406806050161826,-0.008277629699207704,-0.008265335641071994,0.008506927399194899,-0.029594180454825435,-0.005832148976269722,0.018677997411595138,0.03967297969975197,0.0437236047136476,0.010058193074457432,-0.01892293256563066,-0.00621978414004574,-0.018156738478717186,-0.01854548337194456,-0.005831719186623104,0.0070422874224224065,-0.006722953852427083,-0.014398425292991178,-0.016545980732928983,-0.005832148976269722
Aggregate_feature_35,0.00247862869684215,0.002767537479646521,-0.0061192810401471355,-0.007337515940759408,0.009791650186845302,-0.00802965316886056,0.002505860722795939,-0.0009765936626070224,0.002653324970736963,0.0354997295859287,0.0005587468956864179,0.023494074098216914,0.015373674165726398,0.010082802208709935,0.00011009698578726905,-0.0032754124203138745,0.001972048931488558,0.0010579572059175408,5.42537481719698e-05,-0.004321399875172183,-0.005756383329976323,0.0012969199076876294,0.03048409104441722,0.039357163455842434,0.019174420403827594,0.035182800632187,0.039112563443677216,0.0012976611249907327,0.030487852379609805,0.039357370508052346,0.019177142681502404,0.035221144180271974,0.0390780189084647,0.00015510155256971922,-0.0014762377003668357,-0.016169849370905976,-0.00017368443705745973,-0.004000751951576684,-0.0017273495815038184,0.0002199784757531573,0.014148679701019707,0.04704099427103817,0.006303891786867382,0.07074476679884407,0.07856073176974665,0.0001491871742507831,0.010833181710805686,0.04981694659990164,0.004812851428577888,0.0713781671881008,0.0774869064577023,0.022006284493420798,0.02111969544956004,0.022041219331971024,0.025383963845230676,0.018883250365345442,0.01984841632717073,0.009449857521860299,0.03900661726432911,0.039971358495929185,0.04181728850350863,0.02042122421892861,0.019361217691525073,0.00945851367278067,0.039010155128851205,0.039969009493711065,0.041819797047755285,0.020602916574013547,0.01959712537323525,0.0010566335487598095,0.00014670860254413468,0.001373288647321463,0.0016483509321055655,0.0252258228500495,0.025771223838220184,0.0006572691931954382,0.012451420896457054,0.013362106172074876,0.013750096261124913,0.025314407233568877,0.025173074537959833,0.004139047685795477,0.015231216455081563,0.015736263886654302,0.016619955157563968,0.02722056756816367,0.02653613253849265,0.028309620722086374,0.03843025158214877,0.02593937154416969,0.03779974408554295,0.015622063072190991,0.01576508982492739,0.0016737596925747314,-0.009833962254229127,-0.01606690524103826,-0.0013631723954031286,0.34446728884659833,0.3420127610977766,0.009930351767092355,0.00884807857621081,-0.00782597749276005,0.009203319559662335,0.03931936235598596,0.03981598524967873,-0.0002543382007688382,-0.023650998300190816,-0.037018235255180526,-0.008492927894504631,0.3304622302501669,0.31657645496448206,0.006429805507276843,0.001683093859889107,0.004426756724179204,0.005679812739143714,0.20374655579806283,0.20508629060018804,-0.001706613455293405,-0.007738487858343168,-0.0022992426212661357,-0.0004823583067688372,-0.029735089592331242,-0.03398877952099732,-0.0017846762227097762,0.001885554609073509,0.010672024980608368,0.005429596232591929,1.0,0.9852684924769562,0.014449666605678068,0.007897484486052379,0.0013300943615182294,0.008973783316346734,-0.003098857697904798,-0.002944339882250794,0.0032244937209165996,0.005131486541249511,0.0033656000117611162,0.003831158120137457,0.007236461506411608,0.006659639943305395,0.0037849167544015388,0.01594810502250841,0.00958093503327015,0.012622129851712082,-0.008288670247473158,-0.007777485646034906,-0.016505773472422124,0.003811620610412397,0.010626558559642986,-0.004863401961864907,-0.007596484111662797,-0.007858086398749886,0.003990121793731184,0.017627089530523204,0.004876597566866045,0.013553799434896303,-0.0015559566875301028,-0.000777141448778496,-0.002266849500012743,0.01257105751257246,0.003582829793860363,-0.0022680617942545853,-0.00893009654572304,-0.008891511894164076,-0.014565378577123301,0.011317525264724442,0.0025833931267001693,0.002818455305620568,-0.0016470762530969986,-0.007323532890942631,0.009819774830287172,-0.0008810074843673448,0.0027560710607906496,0.0006573872513885127,0.0006673927875867834,0.0025834556142609252,-0.003241663854836719,0.0020775925332251668,0.00015718349695505415,-0.0005242392299491107,0.0025833931267001693
Aggregate_feature_36,0.0026112579945700436,0.007651626976467808,-0.004817832678257759,0.001140284250761746,0.006439621720195348,-0.0022059118684274424,0.007509066685694563,-0.0012252792772585442,0.0026794165933403933,0.03737890246114963,0.00035360125592276854,0.02722841908936122,0.020027384718519836,0.006629164117146505,8.78726433085396e-05,-0.002968354363881147,0.002146873838963303,0.0009641286170402378,-9.869549362777551e-05,-0.0034484046194392455,-0.004349026400699736,0.0010764739073700184,0.02918758095742957,0.037933592538159394,0.018407282655415226,0.035561509975184744,0.04025176419143867,0.0010771976003349257,0.029190541074075513,0.037933528825679026,0.01840986048822559,0.03558904870682437,0.04015939054653021,0.00013578882849801853,-0.0007187728809510389,-0.012236201446980217,-0.0001376416371060599,-0.005210073914282879,-0.002680994445327162,-0.00012822886177012667,0.014455724835313046,0.04855919678555596,0.00620533631853355,0.07072133675373718,0.07852647867751694,-0.00020293708483988104,0.010992502204688837,0.05182766045740716,0.004693523055847486,0.07105235424127927,0.07732363367511905,0.02321691890189475,0.02437969495087424,0.023583924536692138,0.02735745740029976,0.018298630333082076,0.019121477165138227,0.010795563651060066,0.03919609848741035,0.039525939697100505,0.0416232644952249,0.022269638159334065,0.021282008373547254,0.010805069637184679,0.03919549642553118,0.0395198986627076,0.04162233361744952,0.02254345969930231,0.021596116266446558,0.0021375092792704515,0.003112402567855026,0.00394236737058317,0.004092534933927664,0.02636859460939229,0.026742900320375844,0.0023796593030602233,0.012844796507096226,0.013006369934889891,0.013595426249700473,0.02610795172078608,0.026039487124721056,0.0068276949855290816,0.015638021304576522,0.015497362657212289,0.016617888801164365,0.028072654176745322,0.02735700897058689,0.029631616453368155,0.039343202809838385,0.02570484086279977,0.038214659632303416,0.01593633144353185,0.01609043899318453,0.0013922454969949505,-0.007560101812817302,-0.01398263253454543,-0.0009299324671512303,0.34471431440927025,0.3472615848254012,0.0093133996293597,0.008439302793388523,-0.006566671147757813,0.008742321643797485,0.04325319270143176,0.04403500188881377,-0.0005038142898658021,-0.022286871467873955,-0.03634915706932504,-0.009496738951201913,0.32638737679953156,0.31806576253335056,0.005892228644817086,0.0029727346175007223,0.005434844805880754,0.006343123633200132,0.20366418654442456,0.20529507910650002,-0.0019064210742882884,-0.006193904239483317,-0.002100010304826734,-0.0009368227418502044,-0.028575842178196687,-0.03221915297352031,-0.0018230163301934676,-0.0023675815499390623,0.004085178059559136,0.002866841581102444,0.9852684924769562,1.0,0.014416016924840229,0.008197872675490282,0.0017255151846010234,0.00918109150501539,-0.0033239805812820527,-0.0028801994591085255,0.002704786094263965,0.004422763263753826,0.0034335913420889233,0.0033163539487205728,0.006100974544725659,0.005544394267711546,0.004224743594400818,0.016904715251643714,0.009838555958100497,0.01290428824695881,-0.008791019138808026,-0.00809727077523719,-0.015975560624219714,0.003744951659310846,0.009425580170406473,-0.004381925430601332,-0.008602668288374011,-0.00887421915156162,0.0047970609526347815,0.017194320414301262,0.004569319533208487,0.012990531275972906,-0.002150994412893224,-0.0015031504644557288,-0.0016938029496421242,0.007054557546647877,0.0010559881281569925,-0.0021770738884022383,-0.006696019359904911,-0.006876432647286531,-0.008738550577190507,0.008795379405958717,0.0027102111063952113,0.007732722441081234,0.003771884771609288,0.00117718987788045,0.006461909939901868,-0.0011356760696868155,0.002776352375154134,0.00044624049469165996,0.0004083010086946705,0.0027103855384991962,-0.0029362987888228477,0.0022465690606891012,-1.980336491890534e-06,-0.0008190055565211259,0.0027102111063952113
Aggregate_feature_37,0.1883781705522026,0.017920742654124355,-0.01721139218807286,0.03953788552396782,-0.005072431966960904,0.0267621768113189,0.04038913610271348,0.16854509507625084,0.16996540237425165,0.02179781426639744,0.16924404751048613,-0.00408746171019362,-0.0041523260663267544,-0.005063876888423978,-0.0009789373623490403,0.21957038376996507,0.19119830560527495,0.19576633254632866,0.22840952126386363,-0.009460178519998355,-0.009510931944348825,0.01079184651052603,0.005983797991812914,-0.002084251700639149,0.008049227116228599,-0.012871711878350279,-0.013458464852349061,0.010566900613896365,0.005839876640066882,-0.002084290082411808,0.007858548830878335,-0.012869942830773739,-0.01346083484460125,0.15706661483719866,0.1551174566134783,-0.000597182616407789,0.15699696434417973,-0.0003886032782313126,-0.0004244040416259429,-0.0010545144324832355,-0.0017162103190213685,-0.003160401302913623,-0.0014541559254416198,-0.019767714883579902,-0.01957797142882459,-0.0013396538348721988,-0.0020128097678346465,-0.003957154887115309,-0.0017696959792159227,-0.018949038852822137,-0.018759679668445748,-0.0070254794737909,-0.005580045640467966,-0.004635482115020966,-0.0066853094193599595,-0.015267523150919506,-0.015491885749182704,0.07434062847856046,0.020148162232463424,0.011961916542984626,0.031023219340150603,-0.00556636102859806,-0.005658205963699794,0.07341743442937358,0.020127433756276486,0.012071873540132892,0.030875599212785692,-0.005583518150695964,-0.005671933640096143,0.11058943758132642,0.10251284871971396,0.10214317171003053,0.10814407829176587,-0.002394496337177958,-0.0022812827886200004,0.014474338333230521,-0.0014586509425408573,-0.002270703308472149,0.0011236278676023438,-0.010133378645791306,-0.01007833538410001,0.02010669523536897,-0.0007470476562632695,-0.001470588276568569,0.00159822967845442,-0.011586293473954535,-0.01155348357296217,0.031036079420667394,-0.012064213341655876,-0.02084082733672262,0.0038304401532611105,-3.265495375304107e-05,-7.290074027971671e-05,0.14163923135882223,0.13670217930999565,0.03112800856678624,0.14482277399506535,-0.0011059903694117428,-0.0011369295304824339,-0.014982086773158685,-0.01521286608523791,0.0005411765491027425,-0.015185090303978256,0.011669416845710224,0.008063561988584838,-0.007285326367827433,0.0020220561861470495,0.00452910319014545,-0.005182442866022751,-0.007202463376776956,-0.005543184224484172,-0.02723678520395652,-0.011228417216843416,0.010265919346343352,-0.017069103000022578,-0.006511367271436718,-0.010342502047923923,0.008489904124827787,0.21351258265998382,0.3017598469725114,0.14980098925953345,-0.012009104399016347,-0.01146847571267968,-0.006202310498790059,-0.00027184367017663757,0.00020725308129670295,-0.004780223157102377,0.014449666605678068,0.014416016924840229,1.0,0.3709342780934878,0.08843064673315605,0.6473127213236802,-0.01041029367502782,-0.010361385242387292,-0.012577453973195768,-0.02178420511626659,-0.02104664389982726,-0.016573658636978048,0.005899869607252455,0.005874491850132477,0.054273273328945465,0.017867680684365325,0.004953537765920895,0.038642304641745395,-0.0007450386357334851,-0.0007392747307955184,0.02097820792244742,0.01892717147013322,0.007145170055774241,0.022072079728107086,0.004923978603979504,0.004919304581723028,0.06828671127038757,0.01652002326772301,0.006778963000322753,0.04138806399497682,0.007666734318277076,0.007722117630952087,0.008870722606643674,-0.0034670112490581173,-0.004115026178138251,0.005565812144936698,-0.007884464990263589,-0.007801573655121307,0.026601261718387254,-0.015856837229817507,0.18833005009506762,0.01802758240995581,0.03201670467829718,0.039508909814183174,-0.005081525414213378,0.16849614992987258,0.16991612498383657,0.16919482285801754,0.1689561772839849,0.18833033239341876,0.2195225448121054,0.19115247381108225,0.22836275248181706,0.23238832763571968,0.18833005009506762
Aggregate_feature_38,0.5026285926828445,0.07447478015978255,-0.008276197575540314,0.04357796868423944,0.05927761948747128,0.043818836811700755,0.009731045320592822,0.47931535907838196,0.4957998751710367,0.12281326944468253,0.48247359218740293,-0.011987844141532544,-0.005147678091828103,0.05841978830448711,0.0159592907269377,0.12494772980931555,0.4985749338481786,0.47309474618017694,0.4660467000727205,-0.017351900126363323,-0.013603560447431247,0.10088136433892189,0.09439057257722999,0.029798050031155245,0.0982535904371288,-0.0005017882671337763,0.004227879590431299,0.10075907763723511,0.09430180846011951,0.029796227904631448,0.09814720312096492,-0.0005025682934255822,0.0042065627545936285,0.09729238934238624,0.10434044640452735,0.03326049402521163,0.0976460455393883,-0.0061418538913647755,-0.004035050663765831,0.025025073285033828,0.02906890039489337,0.006307499321628531,0.024893397338965485,-0.005301800983458645,-0.004340138666438314,0.024559410576184566,0.02866677074872417,0.010152320813957335,0.025112450686430945,-0.00549925058052715,-0.004197730658036891,0.02941713963083279,0.04778266136624345,0.0207846389535103,0.03516081652729119,-0.01128416019754926,-0.011086196779402152,0.02771660657999446,0.09898395359483987,0.06878448381627256,0.06395892592536136,0.004031084038310385,0.005133129663286923,0.027289748920907637,0.09887277565772293,0.0687439406723263,0.06381851190199171,0.004015276488679248,0.005098969793401292,0.0476634749029374,0.128134913704549,0.11048749376262694,0.10570115951016922,0.028416477655883732,0.025884315290650012,-0.011656319161930554,0.030068720790532036,0.017533248876845035,0.010737944548667402,0.005481954998253493,0.0028312250534049148,-0.0047608112433041765,0.03236610667415957,0.01980056470877149,0.01495263492116553,0.0019065858936288572,-0.0010409373061228918,-0.01394272994392454,0.08656865758341213,0.05711911013467609,0.038475065570442335,0.012368892364267796,0.011161665993558174,0.4059456017671248,0.36809446831437614,0.046792972025224096,0.4062530529517527,-0.006772977703458404,-0.004514573402964787,0.008104112672187545,0.0073387187117838724,-0.0051572066062116366,0.007697314723933531,0.0013839404885870128,-0.0014085440570257507,-0.0011809088459617833,0.01870113057284525,0.012002996724589547,0.0016560526724634752,-0.002712953345843398,0.0002475058608984337,-0.034106962017954455,-0.015222342337771538,0.009530848849844986,-0.023080576243318822,-0.010209134551569972,-0.011320884240813825,0.00627336153805414,0.09041288625406611,0.11080931618821527,0.05290267577182936,-0.005454845758010299,-0.0056353655170619035,0.0006924201043643206,0.010564973964100954,0.005915105513895444,0.00687700516456754,0.007897484486052379,0.008197872675490282,0.3709342780934878,1.0,0.9035389633457944,0.8786786035736919,-0.026147176677923805,-0.02656410127181898,0.007925012599474838,0.018103806111980543,-0.01241365878635857,0.003523620063625902,-0.00298613664322216,-0.0030544449646706323,-0.0018835901508887595,0.11127627895465096,0.08107741931261725,0.05897440312950005,-0.0120040908779288,-0.011952050971930672,-0.057097722255400905,0.06193295378222452,0.08220442677691463,0.01194615723939908,0.0013319537402569223,0.0011240836821594736,-0.007487685494101945,0.11897593773636918,0.09052600628913561,0.07025978210621173,0.0034469137746197752,0.0029210252158527314,-0.002544441538153663,0.06422430831847578,0.04956598748137872,0.018783873056896414,-0.007963335518425771,-0.007037536730222839,0.04785391407585227,0.11596645363110135,0.5030332882429274,0.07494492118433017,0.06877526882662921,0.043596765318704635,0.05933538092698564,0.4796924631156946,0.49619645114527816,0.48285408878162517,0.48178884733241184,0.5030346530685023,0.12500407282461481,0.4989742865937385,0.4664004451996736,0.43547423667344237,0.5030332882429274
Aggregate_feature_39,0.46268718524154945,0.02616071255730708,-0.036280202128765066,0.017828690694620928,0.004745020870380782,0.02071295596861613,-0.002324809547624122,0.45669894423846963,0.46187348257895655,0.07847045437515233,0.45881875822192236,-0.017206132562936096,-0.013983893195865661,0.004865274344784315,0.0001505824326554173,0.0731950296780963,0.46850846273043467,0.47818584582947665,0.4725857249980136,-0.014039486690868824,-0.012507080086340036,0.07470253305830128,0.07811464178887133,0.03650746724124121,0.08001313304003206,0.0019211994894290207,0.004693229427389562,0.0746599181069308,0.07808374563909792,0.03650705626641912,0.07997589247987115,0.0019199681798769239,0.004677458110860509,0.03898422140901216,0.04049985277771712,0.008290252737772147,0.03907094042085345,-0.004168320446987328,-0.0028463398875857252,0.024502754072705524,0.02661415697866085,0.007131548478507586,0.02472792768828356,0.002372239199081361,0.003219311835547096,0.024112777074151378,0.027353844295560228,0.01238476319322303,0.025070540345440692,0.0019337147494502642,0.002942549819774707,0.030665393621713364,0.038476373473731604,0.016898732846250913,0.03369505038791368,-0.005530731587492107,-0.005537553138190605,0.0059208987628681115,0.08009447507442903,0.07292818020734498,0.0672327925503136,0.009293321469997793,0.00947290389126533,0.00573515078677202,0.07999292159827018,0.07284603141663801,0.06711667715707792,0.00928275609211949,0.009458475799597712,0.018403175321617577,0.0957041240779076,0.0918278852916937,0.0885903079578378,0.034249178512239915,0.03331124756441304,-0.016460644505423866,0.026991220785704456,0.024628061887316033,0.019199282514363696,0.012015167747054344,0.010456359152449406,-0.011149233710699862,0.030670248816876043,0.027636404787184213,0.024212202349370732,0.008823901157752896,0.007110557981433462,-0.019162337430963516,0.05585409011419562,0.06403969830349181,0.03510916455479375,0.01156247627968232,0.011008652337627921,0.3863988027655376,0.32797546145540496,0.022520748790671254,0.3828988907993367,-0.011857965216115918,-0.010116024320724955,0.0008859061947117083,-0.00020775498207835214,-0.005858879229775676,0.00019119181943811253,0.0010012853587445898,-0.00020556971880819294,-0.004741555364879206,0.0036102126068229866,0.003758839408981215,-0.003739032874030083,0.0005768895616381043,0.0025918200471361378,-0.047709378287393724,-0.043084309250021754,-0.0024762249337481608,-0.04683020285862649,-0.007716434671088588,-0.0074025851499389455,-0.0004018504502113582,0.011135005222381887,0.00985806549232385,0.0019272928433796,0.0017106246607955773,0.0006582240472912463,0.0035621737750631335,0.0056508676331319336,0.0019916189196063287,0.005913878715020577,0.0013300943615182294,0.0017255151846010234,0.08843064673315605,0.9035389633457944,1.0,0.8117189540264682,-0.03038027559272834,-0.030714413212740058,0.0007166042444948251,-0.006624962591432108,-0.023451758918924856,-0.004742819946707157,-0.011649644635509063,-0.011872548832662705,-0.017378425382618263,0.06583490735503025,0.07395719881762751,0.04447523812232329,-0.018741189570614117,-0.018992722690784815,-0.05275273167395372,0.03345351897886506,0.08496292205363945,-0.007825883190429038,-0.00618843805403427,-0.006321797516046498,-0.02756252175485179,0.07311839390501404,0.08541251800307026,0.05536604927316853,-0.005735978295874333,-0.006028436381571817,-0.00372039214825305,0.01618044441812289,0.02839686534951884,0.012625637275311912,-0.006059541066878094,-0.005720852573967279,0.02469640988556656,0.0332185729612445,0.46329639694735275,0.026484529883594565,0.01724397382941678,0.017852840012615258,0.0047584958247262115,0.45729418151191115,0.4624798377557093,0.4594176767122581,0.45880058145103825,0.4632966841657377,0.07324598582017725,0.4691252854373726,0.47319670301434946,0.45551151502034454,0.46329639694735275
Aggregate_feature_40,0.45303126816278555,0.023850315718823536,-0.043648495664710345,0.03450334857503107,-0.004262680529026053,0.02912584684171255,0.021701743016201917,0.4393011708941318,0.4413717166825753,0.06214024742685645,0.44114459508473286,-0.016857794988413954,-0.015014900482448135,-0.004146062219234682,-0.0014797837323489425,0.18430315044397963,0.46078262105575896,0.4785167823793326,0.49624582093108527,-0.016036426113237134,-0.01551522577580745,0.0576909583443403,0.059561637488931896,0.02786739605075707,0.061732399835407036,-0.0068049914094926245,-0.005518824558102538,0.05753181394489344,0.0594581957639815,0.027867293006051917,0.061597014269623246,-0.006804826163889715,-0.0055307943698061435,0.11748795683342922,0.11665716013156077,0.002405846878639969,0.11747592819337056,-0.0031168266589593242,-0.0022586332512114964,0.017388960019391893,0.018271503104711248,0.0036978197285565543,0.01741377574512405,-0.009678672093607742,-0.008886166935553145,0.016924910102657946,0.018791511706646547,0.007439914003895883,0.017481242755690976,-0.009540027417618011,-0.008641285610811933,0.018343060460425175,0.023294900499418174,0.00913912764966734,0.020349774530640463,-0.012761076803238139,-0.012947184218006409,0.0501314712648082,0.06957114768111314,0.06294526863192466,0.07204203923694094,0.00411459248182954,0.004008782314462772,0.04945535778211541,0.06948434696716789,0.06294616680708635,0.07186679919337047,0.004096937313037012,0.003991299093901262,0.07836064021249817,0.13014034037367916,0.12954900646499726,0.1312770452284547,0.02492758653545296,0.024722258668411195,-0.0038846305744124087,0.018459216080182635,0.018162108416132194,0.01678327327678713,0.0034854165299132247,0.002683530903077209,0.0033315622453853337,0.02193170381149444,0.021078321862439686,0.02099793576098227,0.00020602374040553127,-0.0006612509706347941,0.004754790985121221,0.027618081613232783,0.034911496283491064,0.027769130539085276,0.008288295952778779,0.007988253221909542,0.3713917574555775,0.3216634298724291,0.0324964605814702,0.370449266108867,-0.01080806316373901,-0.009622796651531937,-0.011260199038301496,-0.01222096828901172,-0.0037507233040345502,-0.011905084752860305,0.007713060348715061,0.004809755270619493,-0.00860897562533437,0.001944035451748596,0.004745321061702947,-0.006743362467419853,-0.003096214698477391,-0.0007650037492997529,-0.056485072121505706,-0.04493312683661259,0.003162148174705922,-0.05089442407694328,-0.009002728468766659,-0.010929244495262998,0.003962754970046179,0.1302303133244665,0.18131348427111685,0.08783721264845572,-0.004944107708949144,-0.00553158563604402,-0.0006122481655180511,0.003137935274893247,0.0006952843603608551,0.00099104653636511,0.008973783316346734,0.00918109150501539,0.6473127213236802,0.8786786035736919,0.8117189540264682,1.0,-0.030205905197246054,-0.030285636444348406,-0.009713108253782467,-0.02404541137289326,-0.03319426165641838,-0.01651935446446681,-0.006599287710318414,-0.006822131540917149,0.018606684935205217,0.05183118471657741,0.056362745374809266,0.054672388648445626,-0.01570841223339389,-0.01584220268155868,-0.025692824653744218,0.030437527548723236,0.06787226536258394,0.00348092666333723,-0.0027042107752932214,-0.0028005361528241654,0.019085583153722812,0.05594612476828527,0.06640737474018167,0.06459296652739809,-0.0012189889993963541,-0.0012275189435813187,0.0027238898667753817,0.0028976113780030946,0.01448331073650197,0.012245151254407055,-0.009102694322760584,-0.00905316657244982,0.03193396586318822,0.004819300950787248,0.45335896662471703,0.024135741162181656,0.027143077416005447,0.03451882802337049,-0.004265985906466572,0.4396120211155512,0.4416867963024591,0.44145739574941867,0.44097154740149763,0.45335920708732713,0.18439915792434222,0.4611181204546696,0.4966045734574299,0.49025345895529665,0.45335896662471703
Aggregate_feature_41,0.018045508369564516,0.0009441580680970156,6.330387965494055e-05,-0.012069750693093323,-0.0018987682387334246,-0.007180293350445818,-0.015266183802159645,0.019592315932315273,0.019735555368585907,0.0023861312565850224,0.01961434005750639,0.014950780227806075,0.012805660000570242,-0.0023823988452311333,0.002572191686929994,-0.008567011918268726,0.019063383903802283,0.018529744457029436,0.01596709629364262,0.3663200492472172,0.3668164343484743,-0.0006285118765917444,-0.029268009376663743,-0.04000887285722716,-0.01951475636366012,-0.0020489135150980778,-0.0022265339591557172,-0.0006234489186619119,-0.029267212813786445,-0.04000886602524708,-0.0195129013517142,-0.0020619994961875313,-0.0022916060645169706,-0.0035657858317007826,-0.003557231122853746,-0.0009714060220733359,-0.00361084467366272,-0.00994476252839294,-0.009716348440575326,0.05586369185068344,0.041605785542199666,-0.03433223110290288,0.04869010213224213,-0.002972855762883838,-0.0017090173023493903,0.058174142816105584,0.04621246950928967,-0.04968198544410927,0.05229357492754774,-0.004223780002703835,-0.00328485609378076,0.014461714409460853,-0.018042094146885543,-0.05860141367005143,-0.002999275137495165,-0.0038167516359380233,-0.003627108478829195,-0.0001714274098549815,-0.048904805879225695,-0.05549271362821084,-0.05347308217207461,0.349522747163889,0.3504306508403597,-0.00012752305595731435,-0.04890148821882624,-0.0554868569501734,-0.05346222160315933,0.3494969749507879,0.35040936009862866,-0.005580345059072884,-0.009326998248187723,-0.01146526007285697,-0.012170619274187625,-0.031260464230937264,-0.0321752466638346,0.002849803716719304,0.03217936626527774,0.031976907519729585,0.03181443775909196,0.13419713681064363,0.13432792729492624,-0.0014423192641252736,0.03725095685062811,0.03730578383077845,0.03630341113151017,0.143711560979011,0.14380269452423372,0.017137381114664143,-0.0019477661897805679,-0.007771768762866492,0.005205406022811106,-0.03996681120890946,-0.040278440941198035,0.014783647402396913,-0.001886667270811942,-0.031034016278882765,0.0073250708784454825,-0.002513365202651627,-0.004610868205980575,0.03222785576478188,0.03209029075059106,-0.0030285491331543367,0.03232145736923033,-0.027913228683368412,-0.028064521005036983,0.011254619884864639,0.0011670060698439676,-0.009864054207642872,0.008614051950371102,0.002837906280852481,0.0028938549236767128,-0.0009948818187445992,-0.023118558009161475,-0.04118999587123831,-0.011384212448285379,0.0021166952383319007,0.002265378976607315,0.017152127500755027,0.001509373124394452,-0.009958087339955663,0.014881024431190135,0.007811053960136307,0.00699914607388642,-0.011723916324901587,-0.02939182707506433,-0.028196049560391612,-0.02425469149099375,-0.003098857697904798,-0.0033239805812820527,-0.01041029367502782,-0.026147176677923805,-0.03038027559272834,-0.030205905197246054,1.0,0.9959940641432437,0.02964812860600867,0.045023475616830996,0.049507940740577246,0.03972221328999878,-0.14835857199912694,-0.14904322424381414,-0.0048580551168993106,-0.04294964567660335,-0.04995322620887675,-0.04145828428435746,0.3127796712457804,0.3120887967977453,-0.008686121371417058,-0.04055825095612607,-0.03454295662970644,-0.02773891270325217,0.1693911632774942,0.16975660348041083,-0.007531246999855095,-0.07953341061659422,-0.09131501682018572,-0.08161635566709399,0.18193921521648343,0.18075099184859575,-0.0010193890229757304,-0.004488582673515688,-0.008780791768082738,-0.006114322323828784,0.041838703653044915,0.040765049919115386,-0.006911764662843276,0.004108747724319038,0.01803191362570143,0.0012459131540428533,-0.011158801960976258,-0.012175103446878506,-0.001964313086277216,0.0195866412963966,0.01972798274356641,0.019607908486539816,0.019605875043744704,0.018031929708422184,-0.00853471558273819,0.01904619940132256,0.01595000335308593,0.015173896380803117,0.01803191362570143
Aggregate_feature_42,0.01843985188253488,0.001894217593141798,0.0010005309511686774,-0.01194469121426667,-0.0034977983997032083,-0.00701324908482636,-0.015465572604824547,0.02045186734223984,0.020126044806275608,0.0015239736202385563,0.020489909945919406,0.015962258569616597,0.014049516328171368,-0.0040341837071313745,0.0025063302848977727,-0.00840938240183394,0.019165203088877755,0.018477059032955944,0.01604153221890299,0.3669037311940654,0.3688902069977215,0.0022602108791393676,-0.027092835585553168,-0.03961002835999083,-0.016880631334376398,-0.0014174904063424334,-0.0015289606236064542,0.002263947586517763,-0.027093181386838167,-0.03961001236483422,-0.01687998322501321,-0.001431068871244734,-0.0015914406810217721,-0.0023356237303305033,-0.002067628685131738,0.0008875627958372122,-0.00234022364451457,-0.009988468448282354,-0.010241221573325016,0.055779846362328744,0.041722948148858255,-0.03381954940144388,0.04869682078860173,-0.0030423982619166754,-0.0018210606544368198,0.058131482469954074,0.04634598618870174,-0.048892447500050874,0.052343855298247,-0.004466546480591772,-0.003567720052693969,0.014963136749588856,-0.01691305456739488,-0.057420058803532306,-0.002112892628608693,-0.0051164445741496535,-0.004584608539293791,0.0003778341930026795,-0.047093641579582526,-0.05489273136432562,-0.05294862545574931,0.35070667357074226,0.35272119392810924,0.00042223714489336413,-0.047091395742610655,-0.0548872356211571,-0.05293780646595465,0.35067945997903965,0.352682940412169,-0.005572931787244941,-0.00847178379340966,-0.011213355410274147,-0.01209770182193352,-0.030771868943849295,-0.03183897008916732,0.0028898133330133528,0.03245203824527094,0.03185588941372795,0.03165767632739977,0.1356651450004217,0.13542276180681287,-0.0014099335943828443,0.03714533007791062,0.03686821432860042,0.03580984787890578,0.14482326654884733,0.14472625327164015,0.017470084962027243,-0.0018233906701347411,-0.007491112377780178,0.005222802306377828,-0.039316978394875544,-0.03995396174060185,0.015608482145566146,-0.0005781763912462387,-0.03014407954439647,0.00824480874873229,-0.002503162437976432,-0.0043048397697298315,0.03246758726662586,0.03238788208680329,-0.002591068937241351,0.03260151120632689,-0.02565179161038173,-0.02590540733043854,0.011270097957682903,0.0019943992604783477,-0.008880862794674343,0.009017505110345584,0.003214141600592993,0.003213675075659217,-3.0482456374283227e-05,-0.021984367217499794,-0.040762736700416816,-0.010112427457926875,0.0019281717370671293,0.0020331030831683417,0.017358441118428894,0.0018131909347553071,-0.010109429666714912,0.015017348306660723,0.00807223289621225,0.007303819273032279,-0.01173747832256573,-0.029761947207809267,-0.02864274116276118,-0.024627878941738714,-0.002944339882250794,-0.0028801994591085255,-0.010361385242387292,-0.02656410127181898,-0.030714413212740058,-0.030285636444348406,0.9959940641432437,1.0,0.02992720718171889,0.0447064760083812,0.04853750692790877,0.039641405145336796,-0.1483431932159063,-0.14895959003975456,-0.004861301552668388,-0.04124591051827237,-0.048969499421110056,-0.04071791720327363,0.31283013082581645,0.3132547242301848,-0.008249372688058395,-0.039679468022728204,-0.03425754618727043,-0.02681311268169397,0.16949400155611638,0.1699542191804718,-0.007520207928620829,-0.07802603940189484,-0.09012230774797361,-0.08073439339028768,0.1829754784792694,0.1825088303476979,-0.0010492429579311163,-0.004068139140910913,-0.008283561910296893,-0.006022075166081745,0.04231484616979522,0.041132351761847125,-0.006213267223674494,0.00395818181328233,0.018428294674123987,0.0021995639800919354,-0.011889993593725006,-0.012049426911779203,-0.003567811903509292,0.020449394048474373,0.020120515274426494,0.020486730116939675,0.02050714938954958,0.018428332226515506,-0.008376703662133587,0.01914935492861831,0.01602567791808735,0.015273766848894267,0.018428294674123987
Aggregate_feature_43,-0.02353785812810672,0.14889950251436732,0.5281976845932576,-0.0026327724648672417,0.004300865413460224,0.002721161418574132,-0.011306629329025191,-0.026788009546985483,-0.024039495290088055,0.001176109752856486,-0.02701146971037872,0.005767358877436497,0.007700880711148319,0.003934391693980909,0.003233122775556433,0.0008352761825384194,-0.024901610945144648,-0.03200930297550944,-0.03280987585961952,0.0255241439068559,0.02942149823145419,-0.0017783132453389457,-0.03024895660536174,-0.044696944385691585,-0.0233995179284456,0.013073982321154285,0.015290205928354866,-0.0017981904962409753,-0.030268420450505183,-0.04469843320552226,-0.02341929432102725,0.013085524565386954,0.01534863677052424,0.013388106335946675,0.0181724664722541,0.023246465105181684,0.013685285091579109,0.002358038248307373,0.003128392105441058,0.0661592570339844,0.05333993638601114,-0.03447770683409224,0.05881639745075992,0.026277319988986747,0.028240574415691982,0.06439815863433758,0.05539479798896459,-0.04094822105401761,0.05952479630599291,0.027253054067338515,0.028453485456755894,-0.018641847574563143,-0.043436988031560465,-0.05699639965682584,-0.03629975465736224,0.01761727287976503,0.01643181692733785,-0.006083444322579375,-0.04304990596627585,-0.05781660308816031,-0.05957576601017008,0.032675258158697124,0.03271920149414841,-0.006047269759763764,-0.04307348833468674,-0.05783144116143705,-0.05958370363562423,0.034417457280174146,0.034756145244613706,-0.1494400716506045,0.016515560753758544,0.015583722601884013,0.000772982144260641,-0.01455364796269937,-0.016648786388080396,0.011381704714736238,0.03699526140739003,0.03023727148545688,0.029419705326951567,0.0024191126308342743,0.00034392798590719605,-0.002625789469886654,0.04540346454385343,0.04103116521658279,0.03839236372932711,0.0058061337865250974,0.003987409358454972,-0.04032780995046266,-0.11876835837847205,-0.12208974164795049,-0.12582363146951803,0.019688286415030613,0.01768681167913999,-0.002813228977760918,-0.00893713006848174,-0.02343380936728048,-0.009625562559597083,0.006739340848398166,0.006947277126315401,0.8906018320302218,0.9037574319311827,-0.01599694971897616,0.9016348892744691,-0.04304515279474605,-0.04418902239721056,0.1434987605357892,0.17002539575516115,0.09391250571069683,0.16173523556152844,-0.007920201395080982,-0.007032566140894232,0.5198096127451345,0.49590033570499253,-0.02843203381935721,0.5380277370138925,0.005568388670068744,0.0062691330683524865,0.04004186447671405,0.044028780119215516,0.03356283031063809,0.04205026561947027,-0.017897999072565885,-0.017221822373971116,0.0037255182118468705,-0.04374699193062975,-0.05422180184347543,-0.023712447983994397,0.0032244937209165996,0.002704786094263965,-0.012577453973195768,0.007925012599474838,0.0007166042444948251,-0.009713108253782467,0.02964812860600867,0.02992720718171889,1.0,0.8679017652743014,-0.008828718333760555,0.9769234805012489,-0.0016680060504288285,-0.002587178569221531,0.12070472439348727,0.30143046038472754,0.283617670272951,0.29563342744407195,0.02700300549936359,0.0268454839556761,0.5027508821497918,0.44006843625414654,-0.05827345964156925,0.5506183380697529,0.05301815000669687,0.05265129183951299,0.06890019669868214,0.012598872662753492,-0.01003176933057015,0.019388783674464553,0.03851352219991712,0.03791290656155885,0.016003236525613116,0.045772306324482745,0.0965444119617531,0.06794006410683591,-0.03748006161431202,-0.0363680681764645,-0.003962244365734654,-0.014407926632366355,-0.023885747884316907,0.1501369319187302,-0.0012063594290335012,-0.0025734128798524654,0.004335619660247237,-0.02718808175446715,-0.02439563552207461,-0.0274148148817531,-0.027497586298772227,-0.02388230887273832,0.00089263534137725,-0.025273045545350047,-0.03330351323027007,-0.03583771618382472,-0.023885747884316907
Aggregate_feature_44,-0.021637923505860118,0.16649446382914898,0.48646885810348517,0.0012749718203143377,0.11080737845733712,0.0069766426440528075,-0.011296969718599935,-0.025793611786322296,-0.02205987178689454,0.0037018452508230477,-0.02598794074225654,0.011346786772175921,0.016053387495599473,0.10943422229206244,0.028325261749461088,-0.007624424924854814,-0.024113485706562743,-0.041218371506094476,-0.04610576640005083,0.023497961371139884,0.024335356736723917,-0.0017501886502772433,-0.0314915536962582,-0.047990340009456865,-0.025074232523598135,0.01364914537877595,0.016556187229326152,-0.0017750344139453333,-0.031516003980173644,-0.047991968875343516,-0.025098288521725704,0.013656918016625058,0.01659897521537413,0.016399629739404627,0.023838191782651095,0.04027472230806124,0.01701005547679445,-0.00023738600482299443,0.00043951657469710575,0.047134718454452676,0.03550768956792668,-0.03601901534442085,0.03985709004039205,0.018119353103995376,0.018747595376987045,0.045823999022889035,0.03714044895600733,-0.04292239351599253,0.040857912281722385,0.018524745025893557,0.018649101589783727,-0.010773557319034177,-0.02973657597594239,-0.0538813939843476,-0.026702295127041743,0.01215043585176438,0.010630863711386433,-0.011289349464232655,-0.04525544091813048,-0.06592448727037042,-0.07023344488722641,0.027105493607298248,0.026749317980337185,-0.011257106531417042,-0.04528445273569253,-0.0659392376152713,-0.0702410633907774,0.028636514436630626,0.0285123960005048,-0.1340664137782774,0.019819365968188247,0.014093264326948908,-0.00033268868932131046,-0.01898129451099642,-0.021732820821978985,-0.003512054308102747,0.020929226248731718,0.011086653467200424,0.006515180891531081,0.00165343920032483,-0.0014673471065194984,-0.01154838962915963,0.027075865319936762,0.019119774479757625,0.014344954838698057,0.0050435289694031014,0.0028934738547637816,-0.041027444653494456,0.03532517999881107,-0.027273836305199972,-0.026919182765742514,-0.005896388707721226,-0.008183405651507169,-0.0016311108269493476,-0.006622402310051611,-0.025591953721024137,-0.00920180125406557,0.010870680636815127,0.01267155356468261,0.7675582378695609,0.7797518904999595,-0.00722638824984922,0.7775558655960949,-0.046395045432842195,-0.047227748045184356,0.14831877035737628,0.17464277525846628,0.08955176767148604,0.16463822395093997,-0.005048105464592192,-0.005167054370131965,0.46164875313256004,0.44755851120221296,-0.021348352610964124,0.48289993974346873,0.004947527423761015,0.0053751519352458876,0.03997886459951435,0.04814449384197539,0.0375159608958537,0.042831111924127314,-0.018278283934672828,-0.01710647928750198,0.01789633349547179,-0.03302084685329499,-0.05293135499386936,-0.011571453632923424,0.005131486541249511,0.004422763263753826,-0.02178420511626659,0.018103806111980543,-0.006624962591432108,-0.02404541137289326,0.045023475616830996,0.0447064760083812,0.8679017652743014,1.0,0.45151247324054533,0.9407461066997517,-0.012570679778214864,-0.014043162335069904,0.08709185931090206,0.3076412828877065,0.2618771720082858,0.2543967660139161,0.047800740075731145,0.0474904914671512,0.40669661412771013,0.4546310202103461,-0.010254424311031187,0.5067896378299358,0.04207948299034166,0.04173640222538726,0.0627744492676581,0.12105969013250369,0.041628612200173144,0.061176314279875695,0.033607637150896506,0.03248913664226867,0.0031972807189874723,0.14431935897092513,0.1181960801189096,0.05497750160362806,-0.011109301045665723,-0.010779605576451752,-0.0020291354868465636,0.07205464731204138,-0.02183747929105178,0.1679119552985462,0.05647950109037767,0.0014073846056137974,0.11222847701841354,-0.026050343696593568,-0.02226629433024833,-0.02624641207933487,-0.026366677555770875,-0.021833636459435615,-0.007651202860883222,-0.02434684651040682,-0.046621903331006846,-0.050907297847278,-0.02183747929105178
Aggregate_feature_45,-0.02059754148938669,0.014914168537928395,0.01873589583879821,-0.005239369171252887,0.07653273648994648,-0.004982087669242047,-0.0005755266288196628,-0.020780072190792528,-0.0200053718043468,-0.002905042378002492,-0.020982255883892263,0.00870730599786185,0.010556344788580477,0.07751893583560153,0.007758691811410364,-0.016533649176056098,-0.021411959447760396,-0.029838723220019986,-0.034525195178473425,0.019859827328373065,0.015481339322576936,-0.01932477947860152,-0.025576133328520195,-0.019011216978570805,-0.025455390441174633,0.0014247280177697962,0.0019224318855698523,-0.019329889305805387,-0.025580031786718974,-0.019011342880288787,-0.025459978008613677,0.0014196612077007054,0.0019060589947858689,0.0009285671519425083,0.0019299338402065174,0.005953691306809708,0.001027757538224394,-0.002620140946342129,-0.0027628732856541773,-0.01920122990040182,-0.023100469335403842,-0.016772963378820237,-0.021701811785077085,-0.010707421879255311,-0.011009686222826203,-0.018479099291858175,-0.022275336750808093,-0.02071733097552106,-0.020604817715484794,-0.011235842269150947,-0.011626697506087231,0.013719937288728008,0.007479712378500469,-0.01957817978999586,0.008506026950205463,-0.004833907125463828,-0.005826569358274966,-0.012009267912205397,-0.02885595771637853,-0.032754553885994867,-0.035248197941765605,0.008164535821430851,0.007484961742436728,-0.012008619873783115,-0.02886050117585811,-0.03275474443937154,-0.035248910488854396,0.008162389107361497,0.007462633387597857,-0.005857676324066953,0.0004561700295906028,-0.001428437507656986,-0.002392185952395899,-0.0069905888716635285,-0.007841337102793285,-0.02689228811175367,-0.02400733280461918,-0.02458958435732572,-0.030606447780628546,0.010293930258948262,0.008690702620922135,-0.01865518717305321,-0.025677053220059365,-0.027464507384092132,-0.03079193894592572,0.012118313516084498,0.011501207924123315,0.006200288955898201,0.2021612378510818,0.1572479724206801,0.1518026423229796,-0.06217844148720371,-0.06302719324311863,-0.010947711845036857,-0.017851645268460992,-0.02083018892054278,-0.01571677527279257,0.005652618950660658,0.007859131309090786,-0.018234540003645,-0.016421491794294283,0.016871506602367876,-0.017455463814098206,-0.01521683016044654,-0.014396129722779857,0.05096715901034621,0.04878149941651103,0.007923370091342372,0.05016718624598191,-0.00042317683098037895,-0.002347189948385158,0.0065392159571618655,0.006749001046021448,-0.009397998615696866,0.008326141277214158,-0.00282177245948758,-0.0032023228208219573,0.00727508391586996,0.0038047166384968635,-0.001673651446382898,0.005615051556220648,-0.004480013140717252,-0.0036323242851235026,0.03868176034743222,0.014431073955224846,-0.011926995334423799,0.026002515458138798,0.0033656000117611162,0.0034335913420889233,-0.02104664389982726,-0.01241365878635857,-0.023451758918924856,-0.03319426165641838,0.049507940740577246,0.04853750692790877,-0.008828718333760555,0.45151247324054533,1.0,0.2010747282727172,-0.04229554419783251,-0.04332237180821136,-0.0357580463074938,0.025407950744870893,0.015679095762554027,-0.014084952948338874,0.050457831210323545,0.0499575272600096,-0.020946000356438326,0.09924275545169929,0.07074901666996197,0.04725005170167021,-0.02468196050980048,-0.024705120967736055,0.02250548926900384,0.13140783453494803,0.08085477857812676,0.08010481085247809,-0.01841063839558265,-0.019363841829850886,-0.020700371699803342,0.07861862674123356,0.026539166464268515,-0.014081273847244932,0.061627867842299885,0.060959646688767466,-0.008199304576468499,0.01461121806285528,-0.02047536659468924,0.015324563757401887,0.03365396597020555,-0.005159789512113126,0.07687889688707825,-0.020666405664629385,-0.019884689394151528,-0.020867373550758773,-0.020868339257538504,-0.020475003248552913,-0.016500536329144333,-0.021291261390494375,-0.03445060429675171,-0.03635685257429087,-0.02047536659468924
Aggregate_feature_46,-0.028503218864447014,0.1467073356818052,0.5197838854672451,-0.00408367221236252,0.020944449936709044,0.0011134353375290042,-0.011039870673102073,-0.031490003792786284,-0.028829771554992438,-0.00025926644508194197,-0.03176925478345736,0.0069629594846354,0.009042754513677484,0.020930102939313584,0.004103622221751554,-0.0025539602166739952,-0.0299377674942258,-0.0377956323050685,-0.039231601615795704,0.029805670315957572,0.03222442646398444,-0.0069615476364925655,-0.0358261523977311,-0.04767626486919086,-0.029176971795252193,0.012755078962785415,0.014803055074043017,-0.006981389747470828,-0.035845301394704904,-0.04767769671231777,-0.02919665275915671,0.012765025151919109,0.014856897053982356,0.012707863336848724,0.01730724552498663,0.022157822122588298,0.012987827296651799,0.0017943639358343315,0.0025517519783444342,0.06075847073210324,0.04722824749024995,-0.03751667190116574,0.05301039008752764,0.022968175202000177,0.024766863710315723,0.05920019334992056,0.04946614398431835,-0.04476480278703692,0.05394646583204693,0.023907880268358373,0.02493126509721808,-0.015398869713148348,-0.04124094569109273,-0.06001395577060863,-0.03384376521478133,0.016054388827957615,0.014632522336100157,-0.008407040773240199,-0.04897071543092666,-0.06345408760509431,-0.06545474690920933,0.03417296279172023,0.0340006542738031,-0.00837156631257249,-0.04899391487687266,-0.06346838744925958,-0.06546259999580253,0.035874250187736975,0.035993958506967204,-0.14727775958447104,0.015596556833701017,0.0147737596595222,0.00022851751154017417,-0.015443204894943195,-0.017552689767278962,0.005637848794759453,0.031009278058855342,0.024760373713761778,0.022874383474822523,0.004944682655540556,0.002647042714755263,-0.006368397103475077,0.03889253980812247,0.03471643557378903,0.03160350614789879,0.008671654928231607,0.006869522548994493,-0.03711025261389085,-0.07721410172550436,-0.08745608786634496,-0.09144502066902267,0.005622871817794616,0.00355060808779485,-0.005516306435193456,-0.01344475461681305,-0.027771911954483648,-0.01323745729576033,0.007390718008373904,0.008022243813815187,0.8680248851405895,0.8813314333988335,-0.011855164820361188,0.8790197493190847,-0.04522492399693298,-0.045961748737164125,0.15143603842964426,0.17622180011493,0.0929152305953547,0.16896730174178048,-0.007865711357305885,-0.007551337416820953,0.5093374616453725,0.4858954657057559,-0.0297860068849836,0.5274674275554143,0.0048301836031942194,0.005394219687334368,0.04040011114237075,0.04292840011298693,0.03146367052249632,0.0418083479756462,-0.018133537969544974,-0.017373772870050267,0.012244367114228228,-0.03938334255640055,-0.055387841201240524,-0.017264947946203073,0.003831158120137457,0.0033163539487205728,-0.016573658636978048,0.003523620063625902,-0.004742819946707157,-0.01651935446446681,0.03972221328999878,0.039641405145336796,0.9769234805012489,0.9407461066997517,0.2010747282727172,1.0,-0.011352984311712075,-0.01224444215477204,0.11077868592468099,0.29710586108150794,0.27970259986200735,0.2856958252135811,0.036867302059027024,0.036652831926354996,0.48960765226897074,0.44872367170543065,-0.04358697189001631,0.5485724688356526,0.046000341656062656,0.0456386157419046,0.07294940062214583,0.03582584747224926,0.005416810248126246,0.03495535528096934,0.03291478271483502,0.032138920543986836,0.011468323763456757,0.061278345119269766,0.09906702590211945,0.06318821621490843,-0.02317420785490564,-0.022165668844855553,-0.006419453165258257,-0.016814984683719888,-0.02887282566029647,0.14795675777731185,0.005755141377048366,-0.004023115521344811,0.02124653955238266,-0.03190865425231769,-0.02920568487298691,-0.0321914912055695,-0.032261990328553855,-0.02886943294295228,-0.0025278565561211988,-0.030331122965379133,-0.03976548338720381,-0.04240815252284732,-0.02887282566029647
Aggregate_feature_47,0.004619463890980441,0.013875190424790055,0.08130824451128743,0.015296844803951716,0.010201779453310255,0.010119002968276329,0.019921173051664708,0.0018129514872777266,0.0028975713985933305,0.003955113301176594,0.0019050226067130246,-0.01320742020824571,-0.012406446658027977,0.010129646630645353,0.0023970130390531244,0.013129675152879473,0.0029204203255212276,-0.0011160051449455807,-4.052659916448563e-05,-0.3753037169836574,-0.37438505450684983,-0.015147484641697085,-0.005377594192324745,0.005059906626328575,-0.010436565544607866,-0.029014983390933804,-0.029823394530039817,-0.015163176155319825,-0.005386578007092296,0.005059980242905597,-0.010448768946109866,-0.02898513700509871,-0.02974400959723707,0.00876089594416037,0.00932282866416338,0.005363075646824829,0.008873823174154402,-0.003713101653201297,-0.004396605867008007,-0.07451142308903859,-0.06807856828279563,0.005010844094942309,-0.07156469103902348,-0.0025934363845247325,-0.0027198465465204163,-0.0766233195842811,-0.07449459491083274,-0.00012886909638393324,-0.0758586199899361,-0.0057039643486693605,-0.005359141331451859,-0.03462279138804242,-0.01078467342608298,0.02473938601709252,-0.02433753029724525,0.02125481207407212,0.02019884128291737,0.014753209939573892,-0.012311619441144134,-0.016647632868499122,-0.011828837182203738,-0.13248941019752714,-0.13202876140276879,0.014715339469467268,-0.012305833247061762,-0.01663160022501347,-0.011828179891121896,-0.13256570004549686,-0.13208638938485845,0.0082938149541925,-0.0005131599842007537,-0.001916635940906562,-0.0014439745021532142,0.020907458102435463,0.02109636047629556,0.012531910641489636,-0.056038230883316456,-0.06085750639560903,-0.05765206628961405,0.14401978021557518,0.14478101979837446,0.009973970920962996,-0.06841414246561388,-0.07267032380112681,-0.07082121271860724,0.12062831468688778,0.12148086036791947,-0.020898595496420178,-0.050005931078829835,-0.06760721447782887,-0.06073514300322313,0.5733466740359011,0.5757886771497521,0.01333953268511173,0.023985805264667318,0.01857206233563446,0.016824280501231165,-0.0012636276552558732,0.001098913733610903,-0.0033205797549883285,-0.001750161297032503,0.0067025553364665575,-0.0020032575760968586,0.0012176051003123089,0.002623300404549109,0.015189027986962159,0.02429858286262962,0.015946758238679214,0.01932345258223193,0.018820204225712747,0.018235492876755965,0.07256766865443001,0.09751507817811685,0.044236533001014045,0.08860777934694583,0.016644964928292906,0.016868384218749616,0.006530843429725784,0.015056328824691177,0.0172566641647119,0.010670535640475966,-0.01442658147498071,-0.013383750797743958,0.010061982150401525,0.025516927128863276,0.0204264979440694,0.01804169694363801,0.007236461506411608,0.006100974544725659,0.005899869607252455,-0.00298613664322216,-0.011649644635509063,-0.006599287710318414,-0.14835857199912694,-0.1483431932159063,-0.0016680060504288285,-0.012570679778214864,-0.04229554419783251,-0.011352984311712075,1.0,0.9958961989579967,0.024145863953731788,0.035805365088246506,0.02164759962140582,0.03251521524858767,0.12310070232046011,0.12288093104111675,0.07695829018825671,0.011540071899000071,-0.09123434282967338,0.05072176731823311,0.1448376218895742,0.14475962922061236,0.03646267088109545,0.005344770301382184,-0.023220765242652295,0.0027362663676415225,0.38481934472995005,0.38513079638907255,0.00407716534092272,0.02025233690613819,0.027900035885387826,0.018736047940274232,-0.1921272065989789,-0.19276587648892887,-0.00046648768449921574,0.011734418972512393,0.004696647442510181,0.014286471333258003,0.015565002560392501,0.015446177125404562,0.010272515314511755,0.001876631650022203,0.0029676176466751115,0.0019700954913655067,0.0018921493674941296,0.00469696992403137,0.01310260340224139,0.0029993407140329613,1.9735785722126383e-05,-0.0017724299509032755,0.004696647442510181
Aggregate_feature_48,0.003042286638941631,0.01460425063967245,0.08053761001873891,0.015291243642828701,0.012127448401694446,0.010187190890957244,0.019692808399167896,0.0009778452482801857,0.0013479902629979737,0.0019534433278548475,0.0010597582506022614,-0.014232931457396892,-0.013166182188498136,0.012096754453270896,0.002483309112824167,0.013183135956052763,0.0012905404481971603,-0.0019178826040941773,-0.00044333521972075173,-0.3787671379773129,-0.37734684286474945,-0.016454980488934012,-0.006156282002587947,0.005272337530880764,-0.0114249887407174,-0.030188418958963056,-0.031193893983729938,-0.016470116132974527,-0.006165144364505306,0.005272251845811602,-0.011436689149707717,-0.030158943254236084,-0.03111461067712933,0.008205141907651424,0.00912494302529896,0.007668506692795566,0.008356000537539158,-0.003248024547454663,-0.003746796142019045,-0.0745387642044735,-0.06800447002447332,0.0052693436463481305,-0.07147724279096464,-0.003005817812728175,-0.0029461991667676934,-0.07667040193991115,-0.07449982073395034,0.00016926607317974699,-0.07578953570849982,-0.00620634273134057,-0.005682140626742661,-0.035192373280209854,-0.011588410792058626,0.0244694913088573,-0.02508687450083715,0.023069948533928387,0.021840358772789434,0.015025843970667922,-0.012969968563789635,-0.01690896956553664,-0.011844947817492468,-0.13270784103947816,-0.13242112315700166,0.014988286415175325,-0.012963861927143112,-0.016892784145522134,-0.011844223242915307,-0.1328093923404322,-0.13251161530641575,0.008279483597493717,-0.0007666538290328201,-0.0020358076229916844,-0.0014934275189719274,0.02217650812818898,0.02235626726313108,0.012490314983224705,-0.055753350462237894,-0.060518653361318675,-0.05745346912547539,0.14528906101178551,0.1464015496191491,0.009984118383107303,-0.06826717789237877,-0.07239618288504987,-0.0705874851659209,0.12181723091508719,0.12304824284323262,-0.021000073051598643,-0.05093711713985974,-0.06840443941636516,-0.061670922235821664,0.5738718665302225,0.5783716369389148,0.01275297033129719,0.022849114255130278,0.01825491392807463,0.016225351503441125,-0.0019899659304293098,0.0007401809058621186,-0.00434240811687309,-0.0027965688600397717,0.006800968041939215,-0.0030511279734916066,-0.00042231158649881347,0.0011316790090091634,0.015071745947831108,0.02373615493269164,0.014995586561036115,0.01900677290221624,0.01828301035325303,0.01745546367430719,0.0720975510218526,0.09699367089516042,0.04424332710255222,0.08818713045602695,0.016755903188470832,0.01694095941396525,0.005918807076379217,0.014120640370741481,0.015970674696491705,0.009737286948142665,-0.01512087619855747,-0.01394593552488762,0.009998119446395967,0.024884036036949338,0.019781433215733047,0.01752663040823841,0.006659639943305395,0.005544394267711546,0.005874491850132477,-0.0030544449646706323,-0.011872548832662705,-0.006822131540917149,-0.14904322424381414,-0.14895959003975456,-0.002587178569221531,-0.014043162335069904,-0.04332237180821136,-0.01224444215477204,0.9958961989579967,1.0,0.024141880626512895,0.03615019890021444,0.021839660200301786,0.03278291890300122,0.12399677726851935,0.12420930378835701,0.07724122467083022,0.010425050049374059,-0.09214776176364411,0.05041393104029773,0.144653886660464,0.1447727444008561,0.03636873036252928,0.005756728644995258,-0.022943755268735943,0.00304694591934937,0.3856362024496896,0.3865235919027445,0.004145845861035684,0.020995923831140812,0.027975517205043585,0.018795535325406974,-0.19466146213990027,-0.1943449762895506,-0.000754961421360823,0.012517524237772925,0.0031191949997119786,0.015015425611904493,0.01645051841456344,0.015443621143356666,0.012200238289106212,0.0010429728647264353,0.0014177375090481655,0.0011262952985755157,0.00109023792332636,0.0031195351771131545,0.013157673351541936,0.0013691224891973696,-0.00038018043643907323,-0.0018251727456138778,0.0031191949997119786
Aggregate_feature_49,-0.02178785357247963,0.03161040440388381,0.058656561207227495,0.00768075794486791,-0.010983041836572121,0.0031096381579854607,0.01464825330867396,-0.021572941822978725,-0.021775335463493483,-0.005650429864052981,-0.02179241196383048,0.0005723426142159869,-0.0006724210362581348,-0.011003739506582453,-0.0018747664168105875,-0.0036631453954921235,-0.022040874966375832,-0.02167032734464781,-0.021262572308057785,-0.027844774015390983,-0.0277262150819925,-0.019633122195887642,-0.02142049009175665,-0.011970710430266067,-0.022238982671389664,-0.00018112530282612314,-0.0009074404330809556,-0.019633472841506416,-0.02141977123428374,-0.011970579907523718,-0.02223909745407467,-0.00017729454230714755,-0.0009108308838441098,-0.0022023160151713904,-0.002844569017547092,-0.004493755825787829,-0.0022899321455973273,-0.00017109506774285176,-0.00015214368221526877,-0.02798811905512309,-0.02995159185888723,-0.01077083882500954,-0.029120590605020258,8.598644837260106e-05,0.0010447458123063178,-0.02851820993169902,-0.030836881475950265,-0.013418947280268784,-0.029749395149932432,0.0025633334014041526,0.003247428749303549,-0.030915482636506623,-0.037553616529252265,-0.020119257909804036,-0.035291787403141116,-0.0011089279699723173,-0.000768403400166197,-0.0011915284771941888,-0.02359379963971955,-0.02272854309456628,-0.021250982765446964,-0.020552236697616296,-0.020535177293875148,-0.0011886201203007427,-0.023600850671182786,-0.022735687931910366,-0.021259793943542778,-0.02046051196034409,-0.02039938642013503,-0.000270972791287485,0.0030090261082149185,0.004380203866606436,0.004552961255317322,-0.02448717902446461,-0.02425880768065039,0.10125872188266569,-0.018451412551698188,-0.028358115184863503,-0.006352553621524913,-0.019046790978002017,-0.018860266957696187,0.010195341730815675,-0.03202587363907347,-0.03231710225615362,-0.03023291374445271,-0.016288666211194826,-0.016129710634821128,0.09471077590731902,-0.043228314349586516,-0.07992030849630068,0.0007549760496254838,0.009768305392786055,0.009652740911280504,-0.009916273609724982,-0.009343081645917876,-0.0053242881453311455,-0.010853255409289851,0.0012705424609646399,0.0009252668903666975,0.11956370285388637,0.12300221884488878,0.006908656380009357,0.1220054610631057,0.0020774028354275387,0.0016629557095637997,0.0432507499579477,0.042397205905549795,0.016398687938654132,0.047098900273718464,0.0009790417002695539,0.0019239537088128569,0.1028762751820583,0.09867518895913531,-0.0057536250164125745,0.10653605727202006,0.002817791587128276,0.0030411876562569215,0.02212137836816312,0.013101866437002894,-0.0009038275564573463,0.020595113486013922,-0.00035115710471360253,-0.0004022056816187107,0.0031418288899626653,-0.003919461796855945,-0.0075438986196853285,-0.0001369095025714013,0.0037849167544015388,0.004224743594400818,0.054273273328945465,-0.0018835901508887595,-0.017378425382618263,0.018606684935205217,-0.0048580551168993106,-0.004861301552668388,0.12070472439348727,0.08709185931090206,-0.0357580463074938,0.11077868592468099,0.024145863953731788,0.024141880626512895,1.0,0.32195580142419916,-0.013727541993879154,0.6344422702002568,0.015266958031893462,0.015224353126046647,0.21182636762173918,0.08666884197615875,-0.12047107863508931,0.16780993986967618,0.02560889005412998,0.02557005369816344,0.5688106456768232,0.0990089580298896,-0.04582025513800225,0.2654189611748233,0.02952223025100144,0.029555454304003036,0.13177706540120163,0.023717071553466418,-0.0024425303075720616,0.10788257980668818,-0.011517442807013951,-0.011356301821545524,-5.357063724129927e-05,-0.06288564840845634,-0.02175187933209563,0.030941901729888963,-0.0005529789295919983,0.007735598924710523,-0.010967532296264498,-0.021539286797833145,-0.021740639402994134,-0.02175844362330958,-0.021720336559799585,-0.02175115908326187,-0.00363243821699516,-0.022004919464374925,-0.021223576070405446,-0.02069001127253508,-0.02175187933209563
Aggregate_feature_50,0.012812735392365542,0.17578061535560277,0.2699927759858353,0.03554359328986423,0.1366947064660913,0.041002140765718,-0.0024268137200674274,0.007064265967409147,0.012246004838704694,0.016609131554617032,0.007322871518363042,0.02866437971887212,0.03709732605024491,0.13878402066249612,0.012886936643180991,-0.018633249807408922,0.009216508747044747,-0.016662075841416123,-0.026549966118066422,-0.025062031812652263,-0.019826634855327898,0.07271360968538304,0.03721195810583856,-0.021685532037351962,0.0503410709233736,0.019853301539991996,0.024580927029458414,0.07267622284795067,0.037173675545966615,-0.021686868378645193,0.050305194219768756,0.019845676144956546,0.024551902741837262,0.03303936858018412,0.04665884416953915,0.09182745786499497,0.03477345304042029,-0.001745713429889776,-0.0015237300249087544,0.04643510917503822,0.04698911298550897,-0.0021881949392989278,0.04574486513080204,0.0021212181864632682,0.0010524230572151198,0.043239079769393556,0.04468600828579529,-0.0009381889825061795,0.04400139897370664,0.004161666866009553,0.0034070301673810584,0.00551260906575596,0.01753495602295826,0.0037924670449735543,0.006421333897391639,0.0036156643855195267,0.003859370062937893,-0.0165224094666049,0.02731963781513221,-0.01460612137064703,-0.02901686101983062,-0.016459704684839614,-0.013686694534714565,-0.016520783665724792,0.027271097229802792,-0.014623663771892425,-0.029023672845122278,-0.016262782422723655,-0.01332007522205275,-0.007626876411473881,0.036866993876311135,0.009928159810791086,0.0024835228013054805,0.0027442219533081623,-0.0006216279561349657,0.001869168047341507,0.05081158875110705,0.024791841290669595,0.015743598681918936,-0.020317197646192813,-0.0231380282004174,-0.02158350987610642,0.04128875293184518,0.01925335817972984,0.007285227480919174,-0.02301125450900304,-0.025273492622734157,-0.03399221735747357,0.08350030541854475,0.00436592468447631,-0.015153551113872721,0.03020164210054749,0.028351030096074148,0.021397260012817217,0.036493616672692616,0.013490745181631781,0.022244880570199972,0.019410275122025755,0.01971736762741477,0.3176650738689494,0.32328964236716307,0.0015432771984498655,0.3222661915020076,-0.013766512616985594,-0.01636692500161563,0.0847669231905214,0.11101210314045637,0.056052881840395766,0.09568840355637587,0.005061021164445623,0.006896197275202607,0.23712495760775842,0.24455170642521512,0.006644595382882461,0.2570083724557982,0.0020599500194736437,0.0027132993026429235,0.03230235743521977,0.052751385456491266,0.03968218379998816,0.03780650432568893,-0.008209180871832046,-0.006719673311937348,-0.00026585250399344275,-0.016103494732241572,-0.0222281529915276,-0.010978196850151134,0.01594810502250841,0.016904715251643714,0.017867680684365325,0.11127627895465096,0.06583490735503025,0.05183118471657741,-0.04294964567660335,-0.04124591051827237,0.30143046038472754,0.3076412828877065,0.025407950744870893,0.29710586108150794,0.035805365088246506,0.03615019890021444,0.32195580142419916,1.0,0.8784126848365041,0.8768194635593681,-0.00184733713002323,-0.002584227058628343,0.15951947483552925,0.39754643453067656,0.14724905864809185,0.3431545453656471,0.0326587334982707,0.03204687349112617,0.17017238556417574,0.5433418880718321,0.45430867726706065,0.47470153694706896,0.038806949833600585,0.03715274982478838,0.02712644459168208,0.13394548380815216,0.13837472276763121,0.08945668679461959,-0.00789936897994676,-0.007733083637414466,0.032891232745091835,0.17620609837745438,0.012945885565739054,0.17627141546852323,0.10086832185609287,0.03574301964090486,0.1372294866683232,0.0071729477347890255,0.012375184767688863,0.0074334356825016155,0.007198998141345223,0.012949895202907772,-0.01864432228545925,0.00933685603856014,-0.026554724285031667,-0.03137960163385179,0.012945885565739054
Aggregate_feature_51,-0.0021632439801584015,0.10424024886856781,0.23334281434179874,0.018772362752270667,0.019737994308083425,0.024385535059145317,-0.007251447508237121,-0.004487800271762507,-0.0020903449901778933,0.00521565547736206,-0.004510334617570282,0.018381844427308242,0.021102449963222945,0.020380110560513608,-6.488243553349275e-05,-0.017256480282960465,-0.002788491342248458,-0.010976110158041641,-0.016168402679900048,-0.006289378555946296,-0.00431220686773402,0.02919793607817083,0.006084766228810138,-0.02130460402056135,0.014245670651966635,0.015560081719433221,0.017603050166405416,0.029188898692695225,0.006071822478951945,-0.021305670961762516,0.014235346926010856,0.015550088698395418,0.017576235870789974,0.009408986611869568,0.015014138688711183,0.033371265483274334,0.009980504570824712,0.002730850181918003,0.0028602385513868166,0.05834779023905654,0.05576664973633097,-0.004160381662979304,0.05721417150133602,0.007194169465210203,0.006339717051579932,0.05520231724085389,0.054912151154946555,-0.0032794475094817302,0.0556671673306101,0.008591284150244438,0.008077972517255387,0.009435526874500695,0.00903731748334885,-0.005079286587660203,0.006836731226775363,0.00805112369246517,0.008512145088536456,-0.017124612906747643,0.0011836928250245024,-0.012183447334616652,-0.02006878152596108,-0.002934003922234626,-0.0017157053550867125,-0.017124394918650886,0.0011657385703017474,-0.01219117630365968,-0.020071057680014326,-0.0027226078464781906,-0.0013634923828845398,-0.007918713164633138,0.012013815882392136,0.003105370612903103,-2.4098627584962763e-05,0.01371951244548081,0.012742588401741143,-0.03361505798685355,0.05385488561502665,0.04667181798622007,0.033530665766781424,-0.01081977500999588,-0.012103917282168388,-0.02650945376762675,0.05103448703863812,0.043670631564992485,0.03429319588019521,-0.014241141937054889,-0.015354129849256517,-0.061895280029725754,0.020608424032369097,0.014725275850595729,-0.03194798178345211,0.027543046819575825,0.026440836813373055,0.010034309751975449,0.013103462551222703,0.0007085168669286483,0.009104530270932498,0.01329732731565149,0.011711977427196598,0.3012143889395071,0.30636105823139925,0.002079702365331917,0.30543600884092126,-0.014648728312583093,-0.015947669516346588,0.07272577950977088,0.08410801689754263,0.03760018785424244,0.08000563196369091,0.00039597713483513583,0.0015867161704730842,0.20509054520626196,0.1983300636212917,-0.009096621841502896,0.21379004450721675,-0.004243735386734314,-0.0037202551381725142,0.015102198076931677,0.0240506038499727,0.017238175261815026,0.016828178831474687,-0.009684925128616687,-0.009268899738035347,0.001080549072344026,-0.017966156414642952,-0.02326603067993673,-0.010702557758484568,0.00958093503327015,0.009838555958100497,0.004953537765920895,0.08107741931261725,0.07395719881762751,0.056362745374809266,-0.04995322620887675,-0.048969499421110056,0.283617670272951,0.2618771720082858,0.015679095762554027,0.27970259986200735,0.02164759962140582,0.021839660200301786,-0.013727541993879154,0.8784126848365041,1.0,0.755069351474074,-0.018031891161582485,-0.019157204836418192,0.15474317910057572,0.37244623140990263,0.20462087564053677,0.3133935821762835,0.01814450400320789,0.017628163393892258,-0.0146744312761242,0.4716482204934811,0.5180384952636587,0.4273599957805537,0.020244713284192865,0.018921878790999033,-0.016046608084755706,0.05862064046650636,0.12424817928908752,0.05741728154869028,-0.0003849181126457117,-0.00010546823448585752,0.011974477321560976,0.04779310265421027,-0.0020455934175697753,0.10461540032020082,0.026788833615514585,0.018976553056864746,0.019906763300448767,-0.004388390786409787,-0.001975429686231332,-0.00440952743235678,-0.004511767073307233,-0.002043207088875931,-0.017276085369275877,-0.0026732823143545714,-0.016119520717714796,-0.018273939549278164,-0.0020455934175697753
Aggregate_feature_52,-0.01813409953724035,0.0977522452435853,0.2172337519951095,0.017561648555299257,0.006037265850350795,0.018780255225030913,0.0037567455619764967,-0.019323942071819526,-0.018031373106292634,-0.0012424985565104624,-0.019506916824618026,0.02002126335345211,0.021064594169538174,0.0065751559010364434,-0.002035782059755173,-0.015549117276681767,-0.018655501198609214,-0.023266153290339004,-0.026550416280467216,-0.022972506376326047,-0.0219817604433811,0.004009846862684081,-0.013401855852204015,-0.024322996835759104,-0.008340944835773766,0.015758565603340678,0.01728304206981453,0.004005188917218316,-0.013408581625037648,-0.024323410198963537,-0.008346504091260531,0.01575328071034758,0.017260133678797782,0.003347427562198967,0.006327721059521523,0.017888293228090314,0.003658002704644441,0.001993419037921252,0.0020015068004189877,0.024798562058373257,0.021067026731208482,-0.011168826388351098,0.022957788767283785,0.006666811244063765,0.00642444607724748,0.022018437732146966,0.019898936644599467,-0.012467132984836492,0.021325049914519695,0.009350671684031751,0.009124623158313003,-0.015277504785341177,-0.018716201530128273,-0.014778767296777849,-0.01948045162468475,0.005361328587756704,0.0056785413741761255,-0.013824760794226223,-0.01830359670215456,-0.025268238718671072,-0.02958502150639762,-0.015072978600382378,-0.01445304268924182,-0.013822698347394679,-0.01831889708115362,-0.025277784882830816,-0.029592222573236508,-0.014856297004373546,-0.014096032563375643,-0.006218448036494535,0.008758959554768036,0.004540494261876021,0.0027151657232788893,-0.004480187455099132,-0.004960788017549151,0.03957518344769759,0.02775499016104616,0.01682644907658771,0.021167843480468084,-0.02004794267610124,-0.020931558125067466,-0.01366032251681311,0.015597059819211834,0.010904375454763979,0.005386886477968119,-0.02092495211576569,-0.02170674496256322,0.013546532150884276,-0.015831507929814238,-0.042907039083473715,-0.02710741931689105,0.02819759977077433,0.027025860181477433,-0.0008100423350714325,0.0010616083419855182,-0.004033942391065837,-0.0022544285168646164,0.014246535498881524,0.01296899904745783,0.30842789295640355,0.31460232790129977,0.006129151220896641,0.31324483055176866,-0.008361939834583365,-0.009513137722566014,0.08265575536709266,0.09123369196974791,0.04040375321990956,0.09092541330069863,0.0027343470372265728,0.004208448416760082,0.22358681398656932,0.21653147437330958,-0.008817878037460657,0.23305253608450593,-0.00038981401575595437,0.0003760304787077492,0.025070113834718438,0.025761538370441227,0.01238759961956716,0.02537944540748962,-0.006540028715401759,-0.006333048374522131,0.002573950970808803,-0.016445977260843986,-0.02259407632966107,-0.008435762836256444,0.012622129851712082,0.01290428824695881,0.038642304641745395,0.05897440312950005,0.04447523812232329,0.054672388648445626,-0.04145828428435746,-0.04071791720327363,0.29563342744407195,0.2543967660139161,-0.014084952948338874,0.2856958252135811,0.03251521524858767,0.03278291890300122,0.6344422702002568,0.8768194635593681,0.755069351474074,1.0,-0.004226828410013405,-0.004971676907289622,0.2559583715738466,0.34040727834870627,0.07709794660564528,0.3508818484956611,0.03131164682863549,0.030762379719573425,0.35545970259433984,0.4247425020372426,0.36585167783123307,0.5076302414080743,0.03400331040761241,0.03337727822213565,0.07251895415322807,0.05720929492494849,0.09253371329520106,0.11308226917778724,-0.007842510267196857,-0.007484129213535217,0.004833397328479454,-0.009736811603475165,-0.01806215665599771,0.09755396607882151,0.018237183578070512,0.017738381156092088,0.006136875479813828,-0.019263284863371775,-0.017962133706035745,-0.019445413128559536,-0.019469804162577358,-0.01805992036423495,-0.015536643113868463,-0.01858491307591981,-0.02650943131251222,-0.02756251329753318,-0.01806215665599771
Aggregate_feature_53,0.008027591823391397,0.014505865231123585,0.07963545344212636,0.012999992828130197,0.006326257793596739,0.012917908618312284,0.002013683315327468,0.007828270241076832,0.007641534890760806,-0.0033229382183781776,0.007674499796703295,0.001872745706194681,0.0036567768375770494,0.006100396721581639,0.002570202155546568,0.005467107448276885,0.007433036843986951,0.00506886061903162,0.004984783261909427,-0.18234882557407026,-0.18083849437781874,-0.029044004464978023,-0.03625962813025857,-0.025528917705164408,-0.0368278708422079,-0.013475219680797554,-0.013345508006060589,-0.029062301882547915,-0.036271690770620056,-0.02552920557648982,-0.03684367120611663,-0.013487982905811206,-0.013397783841748117,0.009027149963305035,0.009556184415028084,0.0012445364176334797,0.008990112362011447,-0.0029586834680340184,-0.002972533956619233,-0.06365194267360762,-0.06805004447538897,-0.029580304809484377,-0.06637786806159941,-0.002332504928007841,-0.0015083897011851032,-0.06351996235145861,-0.07019109344049844,-0.04034118736405111,-0.06736805843104227,-0.003079134613612236,-0.0027983366120664186,-0.07187586658107263,-0.059227931674383845,-0.014536335271170488,-0.07174699994006724,-0.003996202875150667,-0.0035027072284557494,0.00713942147076109,-0.05123511615241045,-0.0573890490545253,-0.05345857052676616,-0.02583147619084434,-0.02510239819935447,0.0070957511280803605,-0.05123343270537565,-0.05737275760457131,-0.05346236305004441,-0.02587336989649469,-0.025104789584456506,0.0076352056514809785,-0.00034370263318783754,-0.0019906214142412625,-0.0016883287566543887,-0.0856953708431383,-0.08620650112999148,0.008235248616228244,-0.06914399394287675,-0.07216164964145308,-0.06962994677744457,0.1065714263153308,0.10783597389701594,0.008619335555203179,-0.07413982622658778,-0.07675550595494313,-0.07508121146651509,0.0982260505525063,0.09967608579456934,-0.02114030946213538,-0.06601708016499092,-0.08275371769945938,-0.07320010931222504,0.12075040856706916,0.12188081039390768,0.01578116879602845,0.014166306893511013,-0.0007119181782602165,0.014957028505174363,-0.008051922946898986,-0.006672547528591403,0.028040873954550887,0.030282902264624528,0.010937789719496615,0.029792623787496027,-0.00410567956483356,-0.005418262965380766,0.0306267684190329,0.04104382093170586,0.029021359457602182,0.03630348925276995,0.009098024746973484,0.009205363701695756,0.06648785043369812,0.0826064564684512,0.026617918544545566,0.07814668090032875,0.009176722619771933,0.009164746691919384,0.012671772398805271,0.019976506276526706,0.0175959338223963,0.017033601942112248,0.004497300478234493,0.004822916444213892,0.006255701873199084,0.00768606477945458,0.0005284222149901351,0.005951190290720023,-0.008288670247473158,-0.008791019138808026,-0.0007450386357334851,-0.0120040908779288,-0.018741189570614117,-0.01570841223339389,0.3127796712457804,0.31283013082581645,0.02700300549936359,0.047800740075731145,0.050457831210323545,0.036867302059027024,0.12310070232046011,0.12399677726851935,0.015266958031893462,-0.00184733713002323,-0.018031891161582485,-0.004226828410013405,1.0,0.9969954630117696,0.05686587143966975,-0.050763326477305006,-0.13581932897943852,0.004114235383326957,0.4910075365481064,0.49161951379718755,0.029466460951656042,-0.04650299779776566,-0.07978205591325215,-0.05030403591132773,0.6293586491203184,0.628192353641637,0.003339958447961515,0.00987314863540326,0.005534989175212581,0.004963986032239074,-0.03503073910932529,-0.03583589857667789,0.008432671053537857,0.007556358328484847,0.00818819335698021,0.014403777215424995,0.014754931672948522,0.01308995401889887,0.006332207521501163,0.007982141200694287,0.007798262144547177,0.007829460636264987,0.007843704758261044,0.008188516127097383,0.0055993927740330685,0.007589187707748909,0.005139518780309702,0.003257694918195443,0.00818819335698021
Aggregate_feature_54,0.00802057489964644,0.015199590237016815,0.07930263607377376,0.013267073043712847,0.0067664060796518615,0.013081667881119209,0.00239049793964501,0.0074048205419454845,0.0076185857815162066,-0.0024988717792395034,0.007250955890598236,0.0021295083416931946,0.004118885196989959,0.0068081408273221915,0.0010710679702390657,0.0054060767508796095,0.007498125997928626,0.005056033597912674,0.004924329766128898,-0.18306375100824884,-0.18136115284278762,-0.02763499861117794,-0.03543934549973038,-0.025580920334301042,-0.0356459786320686,-0.014121390885464992,-0.013723511385695211,-0.02765370645194727,-0.03545182731255938,-0.02558121776936639,-0.03566219214011203,-0.01413458548828043,-0.013772464087731745,0.009467408459406863,0.010108039213904532,0.0021692293777061554,0.009455102989902433,-0.003402955376048717,-0.0036497967486504384,-0.06344340065736813,-0.06811046727272901,-0.0301653107868437,-0.06634447350523454,-0.003073692286392295,-0.002455897702015788,-0.06336235420173067,-0.07029337345865053,-0.04114123237269438,-0.06737263009670631,-0.003539626238457538,-0.003417285295662195,-0.07147144917004096,-0.0589636985156455,-0.014651006172699401,-0.07138041141753693,-0.004048921334318973,-0.003501552658334015,0.007198197782285731,-0.05064204594402074,-0.05724751719457787,-0.05346007832755863,-0.025331808171143094,-0.024504361179454915,0.007154569083052912,-0.050641017285479754,-0.05723146859637719,-0.053463956724728215,-0.025381377594665338,-0.02451412773654212,0.007641857237226121,0.0001818575369096563,-0.0018173728647832984,-0.0016270288238724806,-0.08478342479093127,-0.0853261896960849,0.008268994918084856,-0.06948815988267373,-0.07256160873057474,-0.06999740521770016,0.10736859158999892,0.10851054194813614,0.008642236415016722,-0.07454680476834807,-0.07719865373118447,-0.07547695167691724,0.09882088153860294,0.10016634142574457,-0.02108747152561795,-0.06611379061113873,-0.08302591703703097,-0.07381422073120683,0.12095779302385733,0.12205895649188016,0.01569625800419445,0.014003741305234482,-0.0007210015198637962,0.014825597005503337,-0.008869224462089405,-0.0073442024252946565,0.027852293272870712,0.030067777008947492,0.010671495537067246,0.029586468507566733,-0.0042006549177216,-0.005544062514616741,0.030982290573349905,0.04150228473238293,0.029103704466523446,0.036486334974704354,0.009446439839128757,0.009721442906585123,0.0660719349519277,0.0826921637616119,0.027580083954354493,0.07790890897972225,0.0087193049028675,0.00873494901222116,0.013010663706600957,0.020805477347433283,0.018583906319679894,0.017607022267427323,0.004323719187735883,0.004707946627048874,0.006246865070261656,0.007427408570954948,0.0002667724291999273,0.005761037643341791,-0.007777485646034906,-0.00809727077523719,-0.0007392747307955184,-0.011952050971930672,-0.018992722690784815,-0.01584220268155868,0.3120887967977453,0.3132547242301848,0.0268454839556761,0.0474904914671512,0.0499575272600096,0.036652831926354996,0.12288093104111675,0.12420930378835701,0.015224353126046647,-0.002584227058628343,-0.019157204836418192,-0.004971676907289622,0.9969954630117696,1.0,0.056569956695743225,-0.051386989503340384,-0.13592407053693312,0.0038967224496563135,0.49058442872429797,0.49137895498355916,0.029499446339363893,-0.046984326180250655,-0.08006379938383779,-0.050267478771223596,0.6273583384084885,0.628602517280856,0.0033581593593882443,0.009976717134183253,0.0057936458557827225,0.005157510297001236,-0.034233536062384884,-0.03465154740329591,0.009105350037653863,0.00868989532903599,0.00817944230643511,0.015099454188104046,0.015336807135554277,0.01335638578356507,0.0067736210919850815,0.007555907122921813,0.0077735750497189395,0.007403111677286358,0.007405045692411546,0.008179780941970976,0.005537603177227133,0.007652685481740055,0.005077121678919287,0.003269641682778591,0.00817944230643511
Aggregate_feature_55,-0.08756771730524629,0.06455394258146573,0.6338996680794389,0.03431738130572807,-0.05566367908109231,0.03493399219382973,0.0039004570331408277,-0.08759989881225573,-0.0889611909186536,-0.026098439990070423,-0.08858347404753417,0.03777034434484484,0.036446093292861616,-0.05546217268873029,-0.011260285434277838,0.015729594477441263,-0.08955787743693167,-0.08850363004879876,-0.0818905539041144,-0.046586387679610194,-0.04552381473942511,-0.07493059548991035,-0.10388583951844553,-0.07564659289014879,-0.09836189573448476,0.013301397615369285,0.011763796394426687,-0.0749413059961706,-0.10388965515240844,-0.07564584469441435,-0.09837201685203138,0.013322640168009253,0.011843527053597657,-0.0019291239867845747,-0.005885228719198617,-0.021191247325377048,-0.0022564298312118874,0.0019393792313529123,0.0016136317337593013,0.006798451387682829,-0.011058483179232963,-0.05516098786221797,-0.0019358727465090448,0.007948999841079793,0.007648927365665904,0.004191836016400719,-0.010823560098913509,-0.07099486880457165,-0.002930910878636361,0.009495562392816927,0.008647398021930038,-0.07260002826799547,-0.07964258113119572,-0.0561501665037526,-0.08432829205057656,0.005046458106862835,0.0017653037719662125,-0.00035324408319883883,-0.11972899028962895,-0.11540383017827148,-0.10621280898867258,-0.047124258010155344,-0.04747627050849629,-0.0003907962842684289,-0.11974158416387971,-0.11540838873090595,-0.10624235898032901,-0.04684842163650914,-0.04718821732467555,-0.013062844050601834,0.0045223405313757434,0.01210423982425651,0.012392461589372234,-0.08204147697534561,-0.0806976796010933,0.042601880094845425,-0.019361132234493084,-0.01981530384032348,-0.010022619677269624,-0.07562787654468156,-0.07520223457954943,0.0009576185159017922,-0.021839910819989067,-0.017810907130101646,-0.01707137117100889,-0.08123775608129853,-0.08099965511053413,-0.009919526711959998,-0.24124706511300267,-0.21937129638238234,-0.1807261589277389,0.02907835085777644,0.02902407383915675,-0.051142713793157026,-0.04651776735625968,-0.02414680004878108,-0.05691935470105923,0.006852847694522113,0.006458204547199564,0.5049720811647697,0.5181248747953251,0.02149402135595385,0.5153099815744401,-0.016335547132493005,-0.01616170499177141,0.11077095028928612,0.1256432876455883,0.06202307072296817,0.12259036584557902,-0.0037008828129696746,-0.002267952890051742,0.5587878516424764,0.5604785864880284,0.012581662569489742,0.5862553708052236,0.002689798829890008,0.002800625547707917,0.01598691851385506,0.031082893509437676,0.02661466319577544,0.018711745758079393,-0.007146531533897435,-0.008014471335180292,0.026167097575345303,-0.0024050823744019563,-0.031214537533471986,0.006078915759478727,-0.016505773472422124,-0.015975560624219714,0.02097820792244742,-0.057097722255400905,-0.05275273167395372,-0.025692824653744218,-0.008686121371417058,-0.008249372688058395,0.5027508821497918,0.40669661412771013,-0.020946000356438326,0.48960765226897074,0.07695829018825671,0.07724122467083022,0.21182636762173918,0.15951947483552925,0.15474317910057572,0.2559583715738466,0.05686587143966975,0.056569956695743225,1.0,0.5101784647464269,-0.4452795694124618,0.8496606201886449,0.1099268436661648,0.10972986449418327,0.23719164880482943,-0.021689213627003275,-0.03339595058588396,0.10455068902944212,0.11721634593687008,0.11771919300492602,0.043104878891541194,-0.00808333573223389,0.07165340123726373,0.08603043545874947,-0.0718679892994122,-0.07055142440835413,0.02502507231236023,-0.14168806542384568,-0.08742761859149216,0.06303512629184332,0.003289843085682384,0.03464657974380918,-0.055657562974317364,-0.08747769135094699,-0.08883334349575465,-0.0884599059763665,-0.08832779662785788,-0.08742612183545297,0.01598689141816049,-0.08942218465225159,-0.08172802127181182,-0.08175237501142914,-0.08742761859149216
Aggregate_feature_56,-0.028882059876479696,0.12095354017447585,0.5130988177197201,0.03384777641533764,0.06278896753673062,0.04120370572675197,-0.01171402405200027,-0.03407198823579273,-0.02996883649379985,0.0038477557353322357,-0.03426509986319226,0.03995758740200663,0.04442817679451649,0.06263976682764195,0.012101417369180396,-0.013688783328225818,-0.032112861527630945,-0.05148389433536777,-0.05844531923680302,0.0018389660251511154,0.0036107435697607755,-0.016563352057513355,-0.04865312701018821,-0.058084492404766305,-0.04126480741405225,0.020442489956206282,0.022640201328893092,-0.01659186318953823,-0.04867780470087084,-0.05808589033933635,-0.04129187907822845,0.020448263856274754,0.022674344096328205,0.01727867860088988,0.02232294079172593,0.028991642888256987,0.017743831689402148,-0.007808394298188775,-0.008069247375577477,0.038938723892586444,0.025446277527674817,-0.04250730263702857,0.03101461441972559,0.00214164239832696,-0.0005437249283347397,0.03637378441582273,0.027273002042044504,-0.046018655123224776,0.031506156776927724,0.0024543069282066386,-1.7353156460378797e-05,-0.040796399424576114,-0.03079605328782982,-0.02408261617104096,-0.044763082986876104,0.0002343271025858692,-0.0024948050169304693,-0.03893616213280953,-0.053101984596986666,-0.06755473193540963,-0.07926033693814442,0.012498132743923184,0.013023574861048794,-0.03898228724235427,-0.05313562236438063,-0.06756901221848473,-0.07928246003001818,0.012898599221205818,0.013453840284216765,-0.030765860472002818,0.0231794049020809,0.015003530720379334,0.009299033193172738,-0.016593299950100057,-0.018041929099619755,-0.04283745795372026,0.013840391793552771,0.007487534516671854,-0.005640499490694762,-0.014638261382363828,-0.016210741786726813,-0.05970134012641519,0.01568252102337347,0.010288219826910016,-0.0018229441708142232,-0.016900819694571176,-0.01810181252678121,-0.12467490900354175,-0.00863819644121015,-0.044017263258221,-0.10340060957678801,0.014274475390039365,0.012467069680033192,-0.016471498095988267,-0.003891867022628567,-0.011779745990588775,-0.02095652930690318,0.02094958322987558,0.02161821870955369,0.43423154395738617,0.44425575281550816,0.009795913258381502,0.4423503766806593,-0.03649601117665484,-0.03807833871221521,0.08771677646495121,0.1114477938002203,0.06106519828169796,0.0988124145950063,-0.006114664036698626,-0.005456833812259937,0.41187938918570205,0.42376721115923166,0.013329351682148863,0.4410972007326044,0.011009129073376719,0.011334150979089819,0.024472813730898872,0.046170286602650656,0.03328482851892201,0.026263294614054536,-0.02740379554485378,-0.027402955710398323,0.0005205704078322389,-0.017812470458273742,-0.029645367568684005,-0.014328609621986626,0.003811620610412397,0.003744951659310846,0.01892717147013322,0.06193295378222452,0.03345351897886506,0.030437527548723236,-0.04055825095612607,-0.039679468022728204,0.44006843625414654,0.4546310202103461,0.09924275545169929,0.44872367170543065,0.011540071899000071,0.010425050049374059,0.08666884197615875,0.39754643453067656,0.37244623140990263,0.34040727834870627,-0.050763326477305006,-0.051386989503340384,0.5101784647464269,1.0,0.47727040040099733,0.8744249620816901,-0.052365295943357267,-0.0525288230246545,0.06680675933229115,0.36733423146291233,0.3204101676277045,0.3122626248466604,0.014532353833496983,0.013976860465641509,0.008848389449171648,0.11199367081428202,0.14184464399328794,0.07906937440214303,-0.038504452901097865,-0.039462354015162904,0.0209848108110474,0.07542674508385132,-0.028824612697321134,0.12056448276996992,0.06533878930446117,0.03399767576758844,0.06302752283155158,-0.03403192580064947,-0.0299166460617101,-0.0342239280157606,-0.03439712344873243,-0.02882184447820851,-0.013686782988759097,-0.03205946610294647,-0.058448669332892465,-0.06447476026115649,-0.028824612697321134
Aggregate_feature_57,0.04050345467665768,-0.0038790629564264606,-0.19011407991968665,-0.01687260734493951,0.022582401371224397,-0.012350600733647674,-0.014162850999420934,0.04139967551219108,0.042141333019269374,0.008600923404053917,0.04158813166761888,-0.01328077342992698,-0.013546259453777703,0.02360780081448537,-0.0020557907859211338,-0.02694567468322588,0.04262168907630782,0.042650936647887994,0.03580181207080032,0.07487463444959831,0.07461201713448994,0.029018341229515045,0.03561946197508072,0.02226385256753711,0.03523528905344129,0.004136752115049239,0.004584623442895751,0.02902018191226005,0.03561895435586551,0.02226352568445644,0.03523687306418416,0.004121561456306965,0.004545907707909833,0.0023172485997732064,0.004074047957303698,0.009640753208645885,0.002480022635171454,-0.00732512856756557,-0.007509139888396664,0.043280677052275465,0.04490319840273418,0.013040884817083648,0.04415342563062312,-0.0022867754348363254,-0.0029255741970358145,0.043813137127866275,0.0486881838072585,0.027527935269065926,0.04636648827649133,-0.0033238792176795238,-0.003364487959460357,0.035944783977125624,0.034405527146127324,0.016705026399587007,0.037729647098998585,-0.0008772547330239705,-0.0005232156583438916,-0.040012774986454024,0.05345336381624301,0.05642503187217777,0.04053670850965806,0.08347461979308131,0.08389594802250284,-0.040024923109600166,0.05345409347990968,0.05642114513190235,0.04054615442361702,0.08361407874757092,0.08400161082807409,-0.018664268281966292,0.0017268232905053983,-0.0009443836776450532,-0.0034192516203707763,0.08111543140606037,0.08020753137447033,-0.08630125386813209,0.04062138899463873,0.047639812604302154,0.027438296933071663,0.08220098498067677,0.08187659853037554,-0.06297843282192464,0.04732259073316937,0.05007475728372393,0.039355515193214036,0.08703310919759294,0.0868085396963888,-0.10316993660979172,0.12021119592256917,0.1541891443676885,0.052703504480783994,-0.020783327367175575,-0.02177650997522913,0.025881333675467133,0.020258643775689804,-0.00208371284497318,0.024918980461396602,0.00840699704972592,0.007496722534384883,-0.06797499703451171,-0.07064882160914336,-0.009226182957851428,-0.06996600893127071,-0.016740559823099833,-0.01738607178831993,-0.025609236987489185,-0.03175229980952152,-0.01506191051165362,-0.029052216847051445,-0.009461964206139201,-0.010446947785869394,-0.18743388255843452,-0.19577866687751994,-0.02186691807192591,-0.19961351195542856,0.00230589797684849,0.002559536890946228,-0.002957567238294106,-0.013064565850762183,-0.021095577319293606,-0.010280423305749053,-0.020185943472144786,-0.02023966737817163,-0.02268362228437427,-0.015942006119380375,0.0019111670300193653,-0.018118094174588276,0.010626558559642986,0.009425580170406473,0.007145170055774241,0.08220442677691463,0.08496292205363945,0.06787226536258394,-0.03454295662970644,-0.03425754618727043,-0.05827345964156925,-0.010254424311031187,0.07074901666996197,-0.04358697189001631,-0.09123434282967338,-0.09214776176364411,-0.12047107863508931,0.14724905864809185,0.20462087564053677,0.07709794660564528,-0.13581932897943852,-0.13592407053693312,-0.4452795694124618,0.47727040040099733,1.0,0.02733544539588719,-0.20014985730856866,-0.20023881528318882,-0.16511882827176816,0.2605369834643516,0.330861489771736,0.18315304042766603,-0.13728106001725915,-0.13743495972715059,-0.02904409730454015,0.01822054659544211,0.02678654725721988,-0.01226836275106902,0.04104224343555097,0.040172848311913874,-0.01839113201534085,0.06807562803717625,0.04031991401344402,-0.0029100259765095196,-0.0022386142865231345,-0.01702088189873977,0.02261009433952947,0.04122616130651334,0.041964784332116485,0.0414126244196973,0.04132695246075778,0.040319820124126216,-0.027182238273789728,0.042444162839163066,0.035600563579531105,0.03506986331186706,0.04031991401344402
Aggregate_feature_58,-0.06297972112445893,0.12340195197094977,0.6727401579032602,0.04250056446559253,0.017979620545837464,0.047560063119195334,-0.004859736922303664,-0.06641281654782019,-0.06439180217346727,-0.008790307702915839,-0.06695561666969886,0.05090689742744493,0.05448652947269157,0.017370839404775764,0.006729539691258355,0.00047214735613467196,-0.06601077418834747,-0.07949189666694621,-0.08072601989161501,-0.02613675994738731,-0.023601368535702685,-0.04298097447470224,-0.08007352851926738,-0.07620818505518305,-0.07198289390594938,0.022720843467195995,0.02458981978739714,-0.04300815092370691,-0.08009507869805413,-0.07620907480369182,-0.07200866187157429,0.02273553615855615,0.02465557227230216,0.01314842893789603,0.015815124753733697,0.015412487428981823,0.013383474639107414,-0.004084622775071331,-0.004030999327018938,0.027550732134182968,0.010131416530044004,-0.05544173511378252,0.017965516122963446,0.0042743474317239296,0.0023539774647454766,0.024562689407119077,0.011023044995471144,-0.06658472029394415,0.017676094442145216,0.005298112749069122,0.0031606984289851638,-0.064787186665746,-0.05788559677364787,-0.03982730857991071,-0.07195683316605797,-0.001145431978567747,-0.004922874698285413,-0.0230922146464558,-0.09212858546485471,-0.10306251606578332,-0.10621026698295251,-0.019380443859635152,-0.019219680230337793,-0.02313992907217456,-0.0921607815605812,-0.10307512455430652,-0.10624015949283072,-0.018969404140903413,-0.01875381418073985,-0.025314734669223134,0.020586015588678428,0.01673811960433817,0.012637668045174608,-0.055879718767724476,-0.056426639510797565,-0.001745432387022103,-0.0011136392839056644,-0.007526688519380296,-0.010799567720114249,-0.05120435421393089,-0.052148854983609466,-0.0344587301101324,-0.0021860100694852014,-0.005212238422700624,-0.013214007401738144,-0.05599544844394196,-0.05669605100483507,-0.08005425791886944,-0.13193989675078138,-0.14854728520829397,-0.16353229097549624,0.0251360558858502,0.02387416744127891,-0.035660407231283456,-0.024325224433327658,-0.018254016345163104,-0.041237097864762075,0.018651264115392852,0.019406761061951844,0.5494877291659667,0.5628552448293145,0.01680667915675399,0.5601721228020029,-0.02841573882685891,-0.02931745433726052,0.1153094841755426,0.14185903684404103,0.07545971437356236,0.12933307551101367,-0.004935230254664459,-0.003788139694419108,0.5650549869047461,0.5774902289367083,0.021013896242257805,0.6013739162066605,0.008645461899975244,0.00894301526692838,0.02371308345041832,0.04880452891036813,0.03903659963829583,0.027245055603139823,-0.019583523214064792,-0.01970873384843705,0.014897516055418359,-0.011281259122187639,-0.034637118746560995,-0.0050107904815509495,-0.004863401961864907,-0.004381925430601332,0.022072079728107086,0.01194615723939908,-0.007825883190429038,0.00348092666333723,-0.02773891270325217,-0.02681311268169397,0.5506183380697529,0.5067896378299358,0.04725005170167021,0.5485724688356526,0.05072176731823311,0.05041393104029773,0.16780993986967618,0.3431545453656471,0.3133935821762835,0.3508818484956611,0.004114235383326957,0.0038967224496563135,0.8496606201886449,0.8744249620816901,0.02733544539588719,1.0,0.03251979427881589,0.032419799144373214,0.16995098641406606,0.22202704755639882,0.17611361634577133,0.2516033773580409,0.0762603778382871,0.07614411838291667,0.02852319253229517,0.07223982760582309,0.12843002178124294,0.09552986663526508,-0.06378322486606965,-0.06311354975827269,0.02960961360148884,-0.01836096380588842,-0.0628494791014196,0.12242328287947922,0.049476591273668165,0.042794025091282786,0.018172236314732196,-0.066306040615633,-0.06427179565264281,-0.06684694693271764,-0.06691939203764272,-0.06284664525909117,0.0006116322696389066,-0.06588629205244986,-0.08064061032638428,-0.0845779790864437,-0.0628494791014196
Aggregate_feature_59,0.012285630937140175,0.017970248264583724,0.179751356662573,0.02056833512112578,0.009719185999089774,0.02052363865384616,0.004017064345642788,0.01130808524516506,0.011152359347403685,-0.0014407464912166304,0.011237647836240513,0.016408763938180047,0.01862194146708701,0.00970372537355815,0.0018060251316952094,0.009968046709393162,0.011181978579036906,0.007822837512749913,0.008243209646926543,-0.19442743104384394,-0.19332666146833338,-0.02464570231876702,-0.04248844895809234,-0.03784902345630443,-0.03904963483655186,0.0015504029611668917,0.0014211838854955926,-0.024666699074535826,-0.04250321623469315,-0.03784919879404823,-0.03906860824331381,0.0015244443903276962,0.001369686906689696,0.011338617409299265,0.011916140048545366,0.002541424404779361,0.011350148814886555,-0.005322388945967466,-0.005625559170520026,-0.06528436530201212,-0.06926829578074682,-0.025178557571337322,-0.0682650937480361,0.00014452880211197766,-0.0009798573533338583,-0.06540015355155755,-0.07243365916042191,-0.0410278268155129,-0.06943882045084109,-0.00048285108477043575,-0.0018636765639529695,-0.07646355625475669,-0.06522382221787568,-0.020913423247548926,-0.0779320872620667,-0.0022900313759047514,-0.001945580015783534,0.011024476853647845,-0.05506423147273709,-0.0631401220572079,-0.05755595493756064,-0.11919804234830077,-0.11776802542725687,0.010976456564079709,-0.055069655945491194,-0.06312889577758875,-0.05756689125895356,-0.11935755251312245,-0.11785366841156594,0.00911328266655446,0.005191062975090801,0.0029847043626645316,0.003084179761190527,-0.10629525410275707,-0.10716980574834883,0.02000609359989337,-0.0649055851907313,-0.06976379663354854,-0.0644041233224541,-0.007396089920634399,-0.0066029075492749,0.009729171362205635,-0.07610650355824108,-0.07939058061010118,-0.07718951560573417,-0.012355824981078737,-0.01158044347153286,-0.019468387458317027,-0.08273168488724304,-0.10724439734946355,-0.09030301740560352,0.1110410871839115,0.11185809467235276,0.015289144101262747,0.013501053100203907,-0.004582822890564466,0.013747042919574494,-0.003028670449511103,-0.002105270050122905,0.05446000525076918,0.058502034436106,0.018097346417013455,0.057545267792633,-0.00622167082377901,-0.00796478482712753,0.037693315128127625,0.04867742604083208,0.029745403583081264,0.04296415738685743,-0.0003620058245204525,0.0005819379929988363,0.1480668362061749,0.16520580730913553,0.029768840221827787,0.16281416499518037,0.0043635456999168,0.0037898064703715175,0.022365270086817924,0.02887175430130492,0.021586529845834646,0.027033470845427066,0.00031715112768777474,0.00023180293695292803,0.014415405688941584,0.010060454598962067,-0.0031196149810140718,0.010371418837840722,-0.007596484111662797,-0.008602668288374011,0.004923978603979504,0.0013319537402569223,-0.00618843805403427,-0.0027042107752932214,0.1693911632774942,0.16949400155611638,0.05301815000669687,0.04207948299034166,-0.02468196050980048,0.046000341656062656,0.1448376218895742,0.144653886660464,0.02560889005412998,0.0326587334982707,0.01814450400320789,0.03131164682863549,0.4910075365481064,0.49058442872429797,0.1099268436661648,-0.052365295943357267,-0.20014985730856866,0.03251979427881589,1.0,0.9994535432464994,0.037092822376845455,-0.01701285349419175,-0.050203163349054516,-0.019617061063166165,0.46539046998013867,0.4656448485607449,0.0037771831286931485,0.018473668140278475,0.019841853042691964,0.013361029890969205,-0.04154964604333954,-0.042267966614949914,0.012367575181599694,0.0071333356377223985,0.012508281850550237,0.01808547660299806,0.021527960815671442,0.020712074166531366,0.00983893119879646,0.011518839846043046,0.011367705026684749,0.011450358331215415,0.01140591661282534,0.012508685601098607,0.010139325417144822,0.01139910301203979,0.00845660287319209,0.006562474529548197,0.012508281850550237
Aggregate_feature_60,0.012003551577943932,0.01862830725759577,0.17979950473508313,0.02098240438541112,0.009386085551417336,0.02095817296393856,0.004067552283414447,0.011104812000639067,0.010868619544774095,-0.00220035858710642,0.01100947456447361,0.01658267036810106,0.01884908647898634,0.009339643413938814,0.0019807643708739707,0.00996705777854682,0.010916041412697246,0.007688316903749724,0.008163463727426169,-0.1946217824047601,-0.19349502293666868,-0.024916221044721992,-0.042617962007880435,-0.037844799478472815,-0.03927760851163219,0.0016023382367139798,0.0015007175336259897,-0.024937062830580527,-0.04263269531907119,-0.037844999425902096,-0.039296437670314176,0.001576765915475204,0.0014491524261213524,0.011199499262973964,0.011859032174643305,0.0027081497749627892,0.011207595619558409,-0.005350656098311493,-0.005609114257910506,-0.06545794807127091,-0.06937180062462239,-0.02506424280216481,-0.0684149192025884,-7.202220616812716e-05,-0.001202355100928206,-0.06556821186047661,-0.07255974568112955,-0.04090166788752028,-0.06958940624573125,-0.0007322368406237151,-0.002143736182171721,-0.07698067515966962,-0.06537382975868558,-0.020672459425780235,-0.07835195233299344,-0.002018258495928744,-0.0017195038345604408,0.011026238922157655,-0.055143229226786813,-0.06319642074602977,-0.05759771425490306,-0.11871292649734358,-0.11725237223433804,0.010978214908029436,-0.05514874470266131,-0.06318520543310513,-0.05760865006170435,-0.11887194424246178,-0.11733872409110276,0.009114439125106438,0.005233907781485732,0.0029946283616461462,0.0030803737877164845,-0.1062749798226645,-0.10712387891284599,0.020010033505083426,-0.06511474635833793,-0.06993097060824789,-0.06453326437730784,-0.006769504456872371,-0.00588021344637054,0.009731414714503592,-0.07631779109010883,-0.07954187445699155,-0.07729636451699522,-0.011906160367936859,-0.010935095700939894,-0.019529012379743638,-0.08254430196423483,-0.10720029751728588,-0.09038157702864624,0.11134570155700041,0.1122619291905329,0.015105500512527511,0.013386094007250004,-0.0048614567768011175,0.013484348855563946,-0.0029263760206174505,-0.0019410222908959392,0.054065562396988814,0.05810344738763729,0.018110596099145178,0.057146745801596156,-0.006394305506801728,-0.008154987961289191,0.03767785149808803,0.04871615533416093,0.029669170978118824,0.04294336688092948,-0.0003209852374738367,0.0006077703842753135,0.14793278647806124,0.16533361311261918,0.030088641534272206,0.16280161632847104,0.004432979994121456,0.0038549678367243876,0.022473596386582216,0.029398181080895813,0.02229296916410081,0.02730555694249285,0.0004408164382088526,0.0003646126171874921,0.01441908672136197,0.010018128005276725,-0.0031542186059580327,0.010436488577070961,-0.007858086398749886,-0.00887421915156162,0.004919304581723028,0.0011240836821594736,-0.006321797516046498,-0.0028005361528241654,0.16975660348041083,0.1699542191804718,0.05265129183951299,0.04173640222538726,-0.024705120967736055,0.0456386157419046,0.14475962922061236,0.1447727444008561,0.02557005369816344,0.03204687349112617,0.017628163393892258,0.030762379719573425,0.49161951379718755,0.49137895498355916,0.10972986449418327,-0.0525288230246545,-0.20023881528318882,0.032419799144373214,0.9994535432464994,1.0,0.03707322508524194,-0.016781346079716517,-0.050082657699970425,-0.01961606159103436,0.46592445039001174,0.466256997807898,0.0037740527180914083,0.01817551542694936,0.019585869617040817,0.013219099375664803,-0.041719326116815746,-0.04241406534327216,0.013077458342168512,0.007140170608930631,0.01222534669221316,0.018746842834818943,0.021665672767574647,0.021127233852884907,0.009504936365726318,0.01131493671683981,0.011083107286792652,0.011221484384970963,0.011188681611111547,0.012225765713333387,0.010138315285089227,0.011132352127261477,0.008376566061580229,0.006560891928935408,0.01222534669221316
Aggregate_feature_61,-0.03503402288657784,-0.007366714006902731,0.03250797373663368,0.011926651067128256,-0.014813183964818268,0.0019232846476533228,0.0328480624528038,-0.03447724593097077,-0.03458380855614508,-0.008436715843469587,-0.03480042153425867,0.0015043145642733694,0.0005336329942447401,-0.014821496089107284,-0.002676567719505942,-0.0076680254273597615,-0.035594526002825595,-0.035249431295805995,-0.03494236092377519,-0.04556087715994962,-0.045532736777550986,-0.028104465975561734,-0.029479694809344335,-0.01538814608593427,-0.030996219114117325,-0.009754497316967604,-0.010500436154911792,-0.02810451742624011,-0.02947821585991292,-0.015387929251975536,-0.030995890377515965,-0.009754215135984342,-0.010508546168772727,-0.0034670724806705414,-0.004441757181087016,-0.00669153787104763,-0.003591838311545149,-0.00406175728456372,-0.0038288220903994648,-0.045571195209780965,-0.04773641743039311,-0.014417099209740105,-0.04690347326626615,-0.0006037566815604247,0.0006694047080301536,-0.046258814065505124,-0.04908530189630979,-0.017422516767289637,-0.04782656828907222,0.0029527981832944777,0.004002848206778854,-0.007801958228367278,-0.01914559632271626,-0.023921916821245368,-0.013868760859739898,0.004083143375010601,0.003618606180210056,-0.0012581478813408246,-0.03177845555422593,-0.030529072074906516,-0.028424248051907672,-0.03374875790659774,-0.03371633758953912,-0.001250900031973799,-0.03177864246708005,-0.030529321854979405,-0.028426513452440846,-0.032819462145252,-0.03252239979103661,-0.0026241361325711095,-0.002793961269550862,-0.0010170430294330613,-0.000719666133135734,-0.037295616227054074,-0.037197376172322126,0.09801583440394644,-0.03567963126714294,-0.04493958857551393,-0.023089899600197517,-0.029314976841746745,-0.029037975118684688,0.007402085811441298,-0.051090765061676216,-0.051014820290466945,-0.04892176278873186,-0.030875023128736363,-0.030585489788872686,0.16792653112987008,-0.036641668172904825,-0.09912030613609582,0.03373798741726315,0.010761135187536096,0.010750752770507011,-0.012550829647823928,-0.008383433853198678,-0.00038963404623676813,-0.01137809011158126,0.002279879159029267,0.0022394048553348637,0.04486721001219484,0.048909111784974035,0.015405101327188933,0.04766507540687757,0.00919860724816516,0.00910587032140382,0.058940276514232205,0.049995900265504,0.0066134465469143405,0.059062230407010766,0.0010316469984522668,0.00264990589458572,0.07607715033782152,0.07275714042041201,-0.005672659755691724,0.07830333260369263,-0.00032988030437200737,-0.00045880237260421134,0.021007817888925147,0.00941734514774902,-0.007176197321972926,0.018364049143779766,-0.004860707032954233,-0.004461221176056926,0.05412624884549594,0.03203674525149127,-0.0031395497560896754,0.04827184169303405,0.003990121793731184,0.0047970609526347815,0.06828671127038757,-0.007487685494101945,-0.02756252175485179,0.019085583153722812,-0.007531246999855095,-0.007520207928620829,0.06890019669868214,0.0627744492676581,0.02250548926900384,0.07294940062214583,0.03646267088109545,0.03636873036252928,0.5688106456768232,0.17017238556417574,-0.0146744312761242,0.35545970259433984,0.029466460951656042,0.029499446339363893,0.23719164880482943,0.06680675933229115,-0.16511882827176816,0.16995098641406606,0.037092822376845455,0.03707322508524194,1.0,0.19329001578598334,-0.06257218003233693,0.4819728640148366,0.050824014389149054,0.05091646921297155,0.02615177218326298,-0.008824356164765202,-0.01200495897161106,0.016190864989748664,-0.019206182149367066,-0.018962992104094165,-0.004761477255623003,-0.10588830892202063,-0.03500366001406521,-0.007380153462888044,0.005125750396886268,0.012129529815612144,-0.014773766532489838,-0.034452932377406466,-0.034555299313291675,-0.0347756081722676,-0.034708399192794157,-0.03500380434371456,-0.007618903718802104,-0.03556495624872279,-0.034907431563612826,-0.034084237491081665,-0.03500366001406521
Aggregate_feature_62,0.00823995672870332,0.09186140586632183,0.12611528681860765,0.02886103046358135,0.14519599198157143,0.03377813000651702,-0.000718966057054588,0.0060034730959968655,0.00874132785116214,0.004855924350729537,0.005961807172045948,0.03460498120179336,0.041101234249128066,0.14365897047334564,0.0350987206130476,-0.029126762958713658,0.005765346031963292,-0.018620658716300757,-0.030434725525794605,-0.020786444000935236,-0.021018757033134078,0.026985034275533063,0.006135164941702669,-0.022707980052881268,0.011359378732679783,0.02483524424488688,0.029372283249093297,0.026968156938266385,0.006114180782511299,-0.022709568581066205,0.011342465175953931,0.02481586427591299,0.029333389026091665,0.014559719508673642,0.023622380085409834,0.03955224852130973,0.015067093351294485,-0.002034923971245668,-0.002450474399411491,-0.008821793568008931,-0.00975242667148902,-0.013232788538534336,-0.011098184989666696,-0.005182370130590841,-0.007142645987797504,-0.010513138148212755,-0.011605375089588121,-0.014058609894644568,-0.011805721105789271,-0.0032433841896918965,-0.004607670605067466,-0.021943613395463364,-0.005459063480956842,0.004123922343743837,-0.01889342330587031,-0.01296667438263544,-0.012802898275485296,-0.0226468800864237,0.004779182197058728,-0.017386249029244884,-0.028943734932945737,-0.013605499860949525,-0.012488847706333066,-0.022640351467060928,0.004757253503660177,-0.01739141098979041,-0.02893983163454369,-0.01334498825117748,-0.011991743775207293,-0.011931816928961678,0.014640744281643895,-0.00040428980954893646,-0.005174794095089503,0.002349494554812423,-0.000913533305453695,-0.014964510900772285,-0.0005584118152038625,-0.01586731324928964,-0.02411255312606107,-0.015077600960526696,-0.01645889214393625,-0.032850507093268616,-0.01405648517420736,-0.026693901025790993,-0.036362789879813256,-0.017686995837964733,-0.01882218998079061,-0.03764855161616127,0.1859367315499616,0.0714137122104777,0.050446630841868526,0.002878816545675113,0.0011835514321428594,0.0073737881974835105,0.015675444447889916,-0.004377031889473784,0.00489172803237929,0.025566537257290297,0.026364225158993018,0.0035667038341869687,0.003327287840454229,-0.0034905869764232395,0.0037697591799851164,-0.005109767779259016,-0.006821699822951737,0.018127412890711504,0.023601797618702583,0.0016027943409173272,0.01694244619560241,0.009409103937276954,0.008608235662678059,0.09172684613911726,0.09913008001929355,0.0030235571952641712,0.10362754785817918,-0.00407246638571784,-0.0037133019701614733,0.014814851937932416,0.02427324925876776,0.009936464914483082,0.014433417392627065,-0.011459757938951261,-0.009925425827424002,0.0033373506255429133,-0.011347233518518525,-0.020864327439755775,-0.007310130268741151,0.017627089530523204,0.017194320414301262,0.01652002326772301,0.11897593773636918,0.07311839390501404,0.05594612476828527,-0.07953341061659422,-0.07802603940189484,0.012598872662753492,0.12105969013250369,0.13140783453494803,0.03582584747224926,0.005344770301382184,0.005756728644995258,0.0990089580298896,0.5433418880718321,0.4716482204934811,0.4247425020372426,-0.04650299779776566,-0.046984326180250655,-0.021689213627003275,0.36733423146291233,0.2605369834643516,0.22202704755639882,-0.01701285349419175,-0.016781346079716517,0.19329001578598334,1.0,0.8972485946238927,0.8810222918965387,0.0002935872673141497,7.530067157501085e-05,-0.024604197474685573,0.14339570542485097,0.06530102895555548,-0.005708474971297672,0.04541011205088448,0.04437855906812214,0.017333912068674025,0.1592665172089474,0.008215648879244147,0.09215851892608082,0.10013503789274292,0.028880935702307296,0.145454212525332,0.005979516651528608,0.008719460149220898,0.005937030155338602,0.005885007090748788,0.00821774421565833,-0.029151352917102757,0.005734885590475286,-0.0305190278479158,-0.03551941509474505,0.008215648879244147
Aggregate_feature_63,0.00047702366791882846,0.03369599610316919,0.057269336546999984,0.013251872199525463,0.04007057789674217,0.019219500922913142,-0.008043102098590497,0.001737655320388386,0.0015631087552839794,-0.006409593284497594,0.0013947070180480115,0.02343872182841223,0.024497711798215242,0.039128525215696985,0.012488668526437806,-0.02660192154803981,0.0006278926274317704,-0.006372925946237251,-0.013129397732574866,0.01055165153762228,0.01039210456099676,0.009284205779146966,-0.005125241459089507,-0.017433466230294695,-0.000584641596727582,0.026373581976499437,0.028361123821510528,0.009284055413911267,-0.005129054556423783,-0.017433842082558115,-0.0005861949674971254,0.026351995882525004,0.028325620497968922,0.0010921537924047711,0.003763194876498261,0.009958435501047472,0.0012092839321821423,0.0024944972136236795,0.0017391839549275737,0.010223723960752778,0.0073730963368971395,-0.009645983262937075,0.008271056167482934,-0.001725400835854741,-0.002150516008916004,0.008871787744637467,0.007480380282509859,-0.008424118262255899,0.008129459772486858,-0.0006580871810924818,-0.0007620556198923022,-0.016603305386288115,-0.013369226934079038,-0.003533710145649524,-0.01733005936227816,-0.009877723083246331,-0.009338141318413313,-0.02291736029453046,-0.0008263860559811719,-0.0047689514117360415,-0.012549508580854086,0.01023304100338461,0.010737218384243475,-0.022912555220484205,-0.000828707427814076,-0.004768685823941824,-0.012542499238378036,0.010268788013791691,0.010849544505670862,-0.011572222651618846,-0.00018446285529298518,-0.0041627719229736055,-0.0060468140142224515,0.023668619437867335,0.022370931294427982,-0.03928237939160211,0.01332028744585104,0.011080983547039736,-6.102406359319002e-05,0.005362877902505415,0.005279376904542615,-0.035584084121833545,0.00484062217613754,0.0019026156875962081,-0.005957548478367324,0.004043530198639152,0.0037798764646650965,-0.07003737323775036,0.09252143073105111,0.07865587220151773,0.01917771521292439,-0.004378880228120598,-0.00520528105997623,0.0011602568283421634,-0.003656027469773869,-0.018306401833726036,-0.0036624484809443052,0.019275174948179825,0.018813231805649235,-0.013634151633501432,-0.014954414674985763,-0.0067079922591570425,-0.014254581202316855,-0.0035036972500450967,-0.00444148028242149,-0.003247126933473289,-0.007034652019312814,-0.011964652474636465,-0.006561704272066545,0.0020850847148491756,0.000954415431282685,0.03929612903104013,0.029345574422580113,-0.01879948922421879,0.03769948042563293,-0.012029624715131639,-0.011678088801366903,-0.0033661514169489475,-0.002421376035994259,-0.007829571358403788,-0.006723719690380771,-0.010605970444962639,-0.010215822240478168,-0.008715807875992947,-0.022950821047725868,-0.023005801212052795,-0.019585016157751427,0.004876597566866045,0.004569319533208487,0.006778963000322753,0.09052600628913561,0.08541251800307026,0.06640737474018167,-0.09131501682018572,-0.09012230774797361,-0.01003176933057015,0.041628612200173144,0.08085477857812676,0.005416810248126246,-0.023220765242652295,-0.022943755268735943,-0.04582025513800225,0.45430867726706065,0.5180384952636587,0.36585167783123307,-0.07978205591325215,-0.08006379938383779,-0.03339595058588396,0.3204101676277045,0.330861489771736,0.17611361634577133,-0.050203163349054516,-0.050082657699970425,-0.06257218003233693,0.8972485946238927,1.0,0.8197383566996935,-0.038835346073210514,-0.03856552273723141,-0.02921451555584492,0.032486967295802784,0.02343989246885191,-0.017459576447405114,0.06939245399367351,0.06903099330157467,0.005696384746388457,0.03651267098361463,0.0004331346963566293,0.0336682638962827,0.03188990152607406,0.013248751696063727,0.04015872016143992,0.0017000657968415578,0.0015228587828621208,0.0013557091288597114,0.001411272373196359,0.00043390194024486736,-0.026633523320805153,0.0005823380261136477,-0.013195488637961736,-0.014837345446883709,0.0004331346963566293
Aggregate_feature_64,-0.02243520810265326,0.01936068886046351,0.07337235845828106,0.015043444604114864,0.031125628334604378,0.014750603225740542,0.010106681796051684,-0.02096081442102975,-0.021238571427837614,-0.01137657312473533,-0.021482418662225108,0.028397398430991948,0.028332390688248003,0.030871558160062547,0.0068626404240148394,-0.027136647869850258,-0.022657962193583715,-0.027126328337166498,-0.032214005389477274,-0.01841477534791055,-0.019169126838044635,-0.012129139877034505,-0.024573422173538337,-0.024080446061018446,-0.021715630557661156,0.019987536210379256,0.021907518236398613,-0.01212786850865882,-0.02457392637662374,-0.024080393199413574,-0.021715355582445455,0.019970765093705854,0.021872594503648694,-0.002537146725699683,-0.0017000420932934317,0.0008848293569369948,-0.0025529786732962478,-0.00011661786302026647,-0.00047778807034396393,-0.018938041326616546,-0.02290546901030403,-0.016847059603426456,-0.021388624896161144,-0.004404107526850558,-0.0046326385721024285,-0.020458715082551995,-0.02346775455553402,-0.017587963699574247,-0.022042630880543385,-0.0016901742560688562,-0.0018315782347980908,-0.023656225542857845,-0.02581432884457914,-0.013343980915385908,-0.02692061695080229,-0.008363667117892727,-0.008470478017135352,-0.020336723596373382,-0.022572335811340445,-0.023227887283704313,-0.02803583772764919,-0.011861041817870925,-0.011581675834127133,-0.02032868738949769,-0.022572039814718857,-0.023226910962603597,-0.028030980190914496,-0.011332745115946608,-0.01084624855916838,-0.011346372908966392,-0.0036778681530904712,-0.004724768369443732,-0.005782599843180254,-0.0009869057808335247,-0.0019060760613930964,0.018463678852544643,-0.011599225216123934,-0.017763446837420874,-0.015456508901260118,-0.013528899853538025,-0.013166516637992709,-0.026570866064187005,-0.027674548170670398,-0.02939558931478017,-0.03480627295468219,-0.01569746788706732,-0.015611552307577367,0.028106606132211363,0.05853355646382196,0.009365410880761744,0.02930576893289979,0.0026859772696525867,0.0021202145043661027,-0.009628448554932176,-0.01328671669538542,-0.01796387885170743,-0.01328236458325604,0.020764107106659237,0.020401407656660247,0.002949893716018877,0.003678958135171479,0.0017301801144503082,0.0036824837619378243,0.003855269052055846,0.0031024777046062507,0.026762627703283057,0.018101005949662043,-0.0072703873642088815,0.02394884881164852,0.008200471136671224,0.007786987631646427,0.07986946219789405,0.07129375834795926,-0.013784790542047141,0.08091827818674044,-0.004302384225572797,-0.004116223073803706,0.007267293628317511,0.0009172204281255473,-0.011031606097175585,0.0033319745350388614,-0.006719556781868366,-0.006054734222518812,0.020895647026697772,-0.003293548003829561,-0.021553414509347196,0.008429179692197138,0.013553799434896303,0.012990531275972906,0.04138806399497682,0.07025978210621173,0.05536604927316853,0.06459296652739809,-0.08161635566709399,-0.08073439339028768,0.019388783674464553,0.061176314279875695,0.08010481085247809,0.03495535528096934,0.0027362663676415225,0.00304694591934937,0.2654189611748233,0.47470153694706896,0.4273599957805537,0.5076302414080743,-0.05030403591132773,-0.050267478771223596,0.10455068902944212,0.3122626248466604,0.18315304042766603,0.2516033773580409,-0.019617061063166165,-0.01961606159103436,0.4819728640148366,0.8810222918965387,0.8197383566996935,1.0,-0.0031112290035752196,-0.0027543073901595346,-0.0115282819926607,0.02458655163052436,0.014553020986744682,-0.006552163283937898,0.046050704563785155,0.04577297607524971,-0.002454664291208952,-0.02558395322833583,-0.022423933947001606,0.019332384308550343,0.03062806474266213,0.015129849121864984,0.03127334286082385,-0.02094667839408409,-0.021224834790670666,-0.021469227578556675,-0.02137775471653403,-0.022423477902671244,-0.02714738315939328,-0.022648040840153885,-0.03222385401920536,-0.0327973458739789,-0.022423933947001606
Aggregate_feature_65,0.013968439293595168,0.025581484215063784,0.14582036500735068,0.027089994250339595,0.010834711916714592,0.025467278234977693,0.009830531862818249,0.012010884998974852,0.012878938122815098,0.0014466180753734752,0.011990795553545352,-0.015860062464931282,-0.012426240888776379,0.010902970306097557,0.0015013531055659884,0.010215391393700014,0.013150805052666541,0.010031391147944931,0.010315232557928029,-0.41761022714353363,-0.41564794742016914,-0.03673297271753809,-0.03020230772995332,-0.011024787769268258,-0.03656085965052114,-0.02756015470335019,-0.026337746558094594,-0.03675333603032769,-0.030214520057584484,-0.011025088413323654,-0.03657712472893866,-0.027577997630945386,-0.02638902737074508,0.009367696198474286,0.010280359969374464,0.004073842852551365,0.009399259449770807,-0.0006627941642165086,-0.0014687041367623932,-0.10030937667774154,-0.09386374498647632,-0.0025250654046103734,-0.09729969791840737,-0.010957200916235123,-0.010597489599932671,-0.10003897845866855,-0.1002414715445502,-0.013867450718897866,-0.10073258833361201,-0.012994902733726445,-0.012860351112473302,-0.08785991691122391,-0.051363255885856454,0.023556716356766007,-0.07645458910312809,-0.008429599825941861,-0.008502401250599721,0.013864161888269964,-0.03923767498212661,-0.04541417074816651,-0.040320398227095815,-0.16283344454299178,-0.16194935084518408,0.013819795235457632,-0.03925951599438018,-0.04542333487003432,-0.04034845374933856,-0.1631513744144225,-0.16214812512080023,0.01007857777301182,0.017854871562669676,0.016804567733026247,0.016748180978202246,-0.07541614736469045,-0.07607977865035177,0.013560368218619024,-0.08656298178487201,-0.09084365850849806,-0.0869926138908841,0.16852834304724112,0.16976794678192422,0.0120003147476144,-0.10082177504670117,-0.10453159384012957,-0.10211637332222298,0.14692504126010444,0.1487241931491022,-0.04071778233714144,-0.08090457258327555,-0.10047284344129323,-0.09790695650240704,0.33014290363868,0.3322927640308848,0.023711880204556668,0.033717120626033305,0.022192279273422866,0.027724856318108868,-0.019493296882224093,-0.01806325748706145,0.038526050247692054,0.042682754408496476,0.02135154604744826,0.04170915713583917,-0.0033993899226579705,-0.0032690107548194653,0.038117858233420364,0.052364290078276164,0.03500647308165225,0.044788603136024695,0.010251281828533344,0.010376122952709814,0.11972155543482937,0.1535828485986924,0.058450094871216426,0.14278895659678892,0.015932524499486306,0.015337705256295334,0.023886663410085617,0.0370564928776373,0.029865521190954057,0.03026786776455234,-0.00011320409266167057,0.0003923542823445148,0.018803470206427638,0.02788514104782178,0.013992319779204978,0.023569606571123294,-0.0015559566875301028,-0.002150994412893224,0.007666734318277076,0.0034469137746197752,-0.005735978295874333,-0.0012189889993963541,0.18193921521648343,0.1829754784792694,0.03851352219991712,0.033607637150896506,-0.01841063839558265,0.03291478271483502,0.38481934472995005,0.3856362024496896,0.02952223025100144,0.038806949833600585,0.020244713284192865,0.03400331040761241,0.6293586491203184,0.6273583384084885,0.11721634593687008,0.014532353833496983,-0.13728106001725915,0.0762603778382871,0.46539046998013867,0.46592445039001174,0.050824014389149054,0.0002935872673141497,-0.038835346073210514,-0.0031112290035752196,1.0,0.997174017361208,0.005542885060073854,0.02214298728411302,0.026825137984568034,0.019418766265103804,-0.21839128736720323,-0.2197602149691539,0.014795994540088944,0.010909950684766344,0.014118415885633444,0.026011842225490543,0.02724456453094273,0.027255081680515117,0.010927926482676622,0.012149932782896129,0.013023491264955656,0.012131131731423894,0.012095847162424333,0.014118999234436156,0.010347539872311497,0.013295492481519382,0.010456146785738708,0.008390548612435857,0.014118415885633444
Aggregate_feature_66,0.013531293490018857,0.025477607211494873,0.14560366456390408,0.027422004302221015,0.01036092785346494,0.025661536950786736,0.01037504438249315,0.011547443716893944,0.012419628514756422,0.0003566023483320584,0.011473586294299867,-0.015908133826857407,-0.012409048513891761,0.010536230522317057,0.0007866756748304683,0.010358810809013685,0.012676145801757495,0.009917928194057912,0.010380279655447007,-0.41951039681929314,-0.4172217040894317,-0.03690595233166867,-0.030174671212860462,-0.010702350080364648,-0.03653534639599062,-0.02746123167069993,-0.02606297347384331,-0.03692616991739681,-0.03018666665105678,-0.010702607949703647,-0.03655145204744087,-0.02747929971645749,-0.02611232165340931,0.009231177825433621,0.010059879631644857,0.0038959891827096108,0.009271449919403946,-0.0016673244202890644,-0.0025851766782212893,-0.10112823515280316,-0.09477751395849666,-0.002715110446636361,-0.09821317345568469,-0.011735563912919945,-0.011606305705991346,-0.10091569040241012,-0.10123415162010498,-0.014127847903804256,-0.1017120885690626,-0.013554991441889049,-0.01357570865073109,-0.08871954910046062,-0.051718954801649376,0.02405147600268255,-0.07703911775931768,-0.0090225420117152,-0.009139729870373583,0.014217511456505058,-0.03908842262251132,-0.045303237857886536,-0.04009783058725352,-0.16305489804056778,-0.16215551988512242,0.01417346655002771,-0.03911030688091287,-0.04531242700813192,-0.040125884322346275,-0.16337491829578835,-0.16232665683229305,0.010089299793134379,0.017913264067058093,0.016830616203799453,0.016765225860418665,-0.07528764737764908,-0.07590236370004921,0.013635035739240367,-0.08743081742238944,-0.09144766899083101,-0.08732554156811896,0.16916509788182027,0.17110450443737504,0.012049508435184736,-0.10197644752596419,-0.10535976009349067,-0.10262671578299784,0.14762828394684263,0.1499584697339209,-0.040618956734786646,-0.08202096692469402,-0.1010833684822384,-0.09845785570637826,0.33102793345408155,0.33351660483201717,0.023364967461257737,0.033679585665203945,0.02254462953497142,0.027430314500177175,-0.019457223013039933,-0.017983904918285436,0.037926740062539537,0.04206899624594424,0.02123590290827971,0.04109906824427658,-0.003164222492418296,-0.0030969446605602457,0.03791133929259415,0.05205662893999647,0.03481179396845951,0.04437170081747056,0.01038878970764847,0.01052658235328462,0.11952645928859426,0.15401311382338986,0.0594331161551491,0.1429229074797448,0.014876893614335732,0.014301780355827286,0.023594963176553074,0.03713650752652776,0.030131852094797035,0.030019977363496875,-6.19044584344438e-05,0.0004273143301519018,0.018790852656105736,0.027609043363052796,0.013693540124881396,0.023255045345020212,-0.000777141448778496,-0.0015031504644557288,0.007722117630952087,0.0029210252158527314,-0.006028436381571817,-0.0012275189435813187,0.18075099184859575,0.1825088303476979,0.03791290656155885,0.03248913664226867,-0.019363841829850886,0.032138920543986836,0.38513079638907255,0.3865235919027445,0.029555454304003036,0.03715274982478838,0.018921878790999033,0.03337727822213565,0.628192353641637,0.628602517280856,0.11771919300492602,0.013976860465641509,-0.13743495972715059,0.07614411838291667,0.4656448485607449,0.466256997807898,0.05091646921297155,7.530067157501085e-05,-0.03856552273723141,-0.0027543073901595346,0.997174017361208,1.0,0.005594536618429952,0.02175381394382205,0.026674664603918857,0.019335831745155886,-0.21910689875158063,-0.2199690479969534,0.015050252470553466,0.010058517475907587,0.013679282878423989,0.025905877623755565,0.027542942657322763,0.027587232994071,0.010452994880930983,0.011684479917744002,0.012562157095096262,0.011611759565666709,0.01157414824452819,0.013679864111580571,0.01049098769503638,0.01281872230769447,0.010520499078110316,0.008500132949638388,0.013679282878423989
Aggregate_feature_67,-0.003260613750880577,0.004882872908253818,-0.0106826268275438,0.009227604559933163,-0.0052159358357857346,0.006262837865668546,0.01028792057130288,-0.0037162681417485985,-0.003694999972062324,0.00010772793568609174,-0.0036979743674103844,0.0001552218625194031,0.0004492429376589653,-0.005209112899584876,-0.0009815216584284111,0.006950595614515655,-0.003403615419424937,-0.003030962157141441,-0.0015006373157908381,-0.00610831192115715,-0.006134529625287593,-0.0036391120158348373,-0.0033237334079537517,-0.001310154669193993,-0.0036749770585783508,6.17582684460107e-06,-0.0005310686191408879,-0.003638583980757562,-0.0033229546946434837,-0.0013100681795065255,-0.003674435897951353,7.5980065896501435e-06,-0.0005301139522924353,-0.0008019468133294073,-0.00117322456068282,-0.0021569855082936096,-0.0008370626928320005,0.00014734423439547505,0.00011841414183206243,-0.003738515405107687,-0.003950000707615596,-0.0012194383617991366,-0.003812651352009087,-0.0026366444095007025,-0.0023846961551859465,-0.0037305302932513183,-0.004010082226120979,-0.0015484984601139063,-0.003854546438788127,-0.003411403604952507,-0.003251077432812049,-0.00460267507905615,-0.0041989920542604775,-0.0017015203400952193,-0.0045076333576079125,-0.005045891209455606,-0.005652669967720512,0.024679863972429692,-0.0009238471530496631,-0.003131444333933876,0.0037431675415607476,-0.003939577242839809,-0.004018900558658138,0.024702586460266074,-0.0009227498480068213,-0.0031310551399753436,0.0037435127637146727,-0.004015113439037522,-0.004091066530051451,-5.2917090372511844e-05,-0.0008275657245659581,-0.0001314051994432286,6.123035194023037e-05,-0.005709380595488889,-0.005571505019370422,0.006542374355942021,-0.004232197959507147,-0.004270321898096082,-0.0025692075346566904,-0.001834993892799479,-0.0017386643463369732,0.006246830214510688,-0.004154126559056429,-0.004028166957944817,-0.002855793228871735,-0.0016852887429398763,-0.0016300339139224487,0.018171455421147013,-0.016415451868035856,-0.019867654144715096,-0.0039473025377682715,0.0035437703227877352,0.003602654525311381,0.004717523598218377,0.006748904475291323,0.0031926525268189615,0.005348314767241615,0.0023744838164814325,0.0019449785217593135,0.013621418267198655,0.01406501476842382,0.0005879778265789678,0.013852265259368484,0.0048687439835758085,0.005507533314447005,0.0035078796676562625,0.005987609280500832,0.004691562476110008,0.004925632791238648,-0.0014498339265884203,-0.0010213830046137602,0.010882859449894425,0.01335563075958928,0.0033177447315991073,0.012766784371399753,0.0030529457506700023,0.003095183718722064,0.007131717093847572,0.008971534537177665,0.005565499681820286,0.008735797466332742,0.001531612377824711,0.0011950803285243955,0.0003267831633805736,0.002036439330138448,0.0009306005194786261,0.0010709218721447497,-0.002266849500012743,-0.0016938029496421242,0.008870722606643674,-0.002544441538153663,-0.00372039214825305,0.0027238898667753817,-0.0010193890229757304,-0.0010492429579311163,0.016003236525613116,0.0031972807189874723,-0.020700371699803342,0.011468323763456757,0.00407716534092272,0.004145845861035684,0.13177706540120163,0.02712644459168208,-0.016046608084755706,0.07251895415322807,0.003339958447961515,0.0033581593593882443,0.043104878891541194,0.008848389449171648,-0.02904409730454015,0.02852319253229517,0.0037771831286931485,0.0037740527180914083,0.02615177218326298,-0.024604197474685573,-0.02921451555584492,-0.0115282819926607,0.005542885060073854,0.005594536618429952,1.0,0.24143360698731078,-0.004288182115556312,0.8170020836650667,-0.012816031585035657,-0.012734882567977451,0.006495621848961478,-0.015251391970571158,-0.003276331330420598,0.004913396347866599,0.004626803033345291,0.0092207855061702,-0.005221033038565423,-0.0037312084277009326,-0.0037103946156429946,-0.0037131002524496844,-0.003721765304747563,-0.003276217080485536,0.006944995759453293,-0.003419510932281236,-0.001516176256831233,-0.0011937663499726147,-0.003276331330420598
Aggregate_feature_68,0.02494909907703835,0.15913172943826367,0.08585350835765201,0.03268095662904161,0.3528648824704367,0.03548299957423071,3.5787850256532026e-05,0.019028479469448523,0.023153852326729982,0.030768708429630177,0.020209859129881397,-0.0015795259208606677,0.005104532411634916,0.31659335153732343,0.2786267417823236,-0.0016878782966060614,0.020265629266566196,-0.004548296801476582,-0.010016419527850472,-0.019055255768768892,-0.018876506494784038,0.03387279480107003,0.0217843751794557,-0.005805476544167344,0.02525671564306747,7.886079651452938e-05,0.002287925505274921,0.03385302347353061,0.021762645823016902,-0.005807329984976023,0.025237818052846413,7.880985921089027e-05,0.002280353872547574,0.01776272822705246,0.0256181298973158,0.03380488719098075,0.018181422991459993,0.0043287607361392555,0.005711609071440271,-0.0018482092418159186,-8.96779835320038e-06,-0.0014454925639610073,-0.002355032413314167,-0.0030539241174264964,-0.0027936278426727657,-0.002445303599642261,-0.0018146972361120308,-0.002764886552508823,-0.0028530466952920944,-0.0032424021296965444,-0.0018330073915885682,0.019194256049321814,0.04308685881635209,0.026120009161002662,0.028290087865296257,-0.006475436274547471,-0.006407005020793141,0.0015147693659364866,0.015050176172594767,-0.005735396796244374,-0.010380527348621358,-0.017958980932887333,-0.01830785938713055,0.0015218534989146358,0.015029551430772345,-0.0057413861877817305,-0.01038202614115993,-0.01800130462503005,-0.018300056150424255,-0.0025350594116070584,0.017861292602277992,0.004110910520172627,0.0002174678780123429,-0.008080993235681466,-0.01072069995663306,-0.010042123973997594,-0.0008566791622353632,-0.01106359191276825,-0.015913970350446525,-0.015928760177569754,-0.017905518254692714,-0.006247786906485168,-0.0023124354524921235,-0.011957514924562268,-0.015596699024586273,-0.01645868167395749,-0.017522103237098054,-0.022180629061290646,0.1322055672306126,0.030629176166282013,0.043003367158036675,0.004468089404629692,0.004695087691821322,0.019943584034087383,0.052990314492933746,0.04437427562860823,0.02562281583231873,0.0037986274359733947,0.0010086168714165938,0.04214519463663717,0.04817149508270859,0.025019034158515956,0.04613078868624187,-0.017697141277834037,-0.016407613060430745,0.049868065294122556,0.06694243423731072,0.033042491004909164,0.05521323621732115,0.004617035834671375,0.004885024511072445,0.035032660186446386,0.07050774108555569,0.0407042178059922,0.05604751754582946,0.01032785033303593,0.010936697158582634,0.015385522846563776,0.0519669510102787,0.047923807528292894,0.024754805847458046,-0.013833574213015,-0.011910632030521527,0.014710451379667139,0.027320059890845093,0.01311873851419835,0.016577959729546083,0.01257105751257246,0.007054557546647877,-0.0034670112490581173,0.06422430831847578,0.01618044441812289,0.0028976113780030946,-0.004488582673515688,-0.004068139140910913,0.045772306324482745,0.14431935897092513,0.07861862674123356,0.061278345119269766,0.02025233690613819,0.020995923831140812,0.023717071553466418,0.13394548380815216,0.05862064046650636,0.05720929492494849,0.00987314863540326,0.009976717134183253,-0.00808333573223389,0.11199367081428202,0.01822054659544211,0.07223982760582309,0.018473668140278475,0.01817551542694936,-0.008824356164765202,0.14339570542485097,0.032486967295802784,0.02458655163052436,0.02214298728411302,0.02175381394382205,0.24143360698731078,1.0,0.5994413631694188,0.4336450289181765,-0.01904624586054672,-0.017570725465687647,0.02462820229408901,0.24845363499782933,0.02491851258281479,0.1592756021656233,0.20094904541068337,0.032659554356812885,0.35290555001909335,0.01899882236012511,0.023123830056538945,0.020179992821525293,0.020057620048879492,0.02492212658375274,-0.0016929437893298993,0.02023292028766031,-0.010054408207493244,-0.013177866920061244,0.02491851258281479
Aggregate_feature_69,0.013878696097177378,0.0743780573382415,0.11274400231665074,0.04356062752018862,0.07222659424751032,0.048519117993976985,-0.004571034512345197,0.0066854364863971425,0.011067061774097364,0.03013248567001371,0.007818242523731126,0.004187818678235743,0.007554066067931369,0.06876602151531001,0.033381363337816376,-0.0008402371121308511,0.011425276365154523,-0.0036341396322141875,-0.00845933013003138,-0.019349726927531345,-0.017216783722608868,0.02920804365615545,0.015437771609504752,-0.008663454606582926,0.0200084028821176,0.0034098846353939178,0.0044028539888560205,0.029192737550100527,0.015421335539946636,-0.008664850416760742,0.019993337281543042,0.003409258097349607,0.004390685627996793,0.014164625383313471,0.01926633427394935,0.024487173762402472,0.014481058519023877,0.0038138907827876193,0.00482825842745688,0.005795093939533895,0.007364049967400616,0.0006506048144299107,0.005398463434461437,-0.0005832984546072519,0.003277140097929965,0.004852592481929795,0.005855127066539712,0.00012369860236680842,0.0046761742329903665,0.0003160278208944097,0.0047550365640378605,0.001410903436506534,0.03443325302991125,0.036185729407606074,0.013937420142738636,0.0015153038731745795,0.0018004352662456427,-0.006983510734195491,0.009253921572250374,-0.007119364311553412,-0.013329206034966087,-0.022653044442700578,-0.022405598540775104,-0.0069808594188495885,0.009237248711650894,-0.007124958297278279,-0.013330372794139162,-0.022684505204217126,-0.02248134230693214,-0.004005928958744624,0.013794005865202777,0.003140202858455434,-0.00026278385409675696,-0.0027605284684882867,-0.0035429325546968236,-0.018030311647897233,0.0052649086160153555,-0.0021597187487744974,-0.008953901193089685,-0.01580800814515224,-0.01784846846031849,-0.012247456269615603,0.004658930335531591,-0.003290895841133796,-0.00806871805682087,-0.018295876571916087,-0.019908097617259556,-0.033985640838963604,0.0604095170046338,0.029254110419956115,0.01003015637294013,0.010125464984035808,0.010003586028515159,0.01176430224168,0.06400561907821425,0.0631487125264609,0.020078465600787913,0.00305432007973729,-0.0012390585231415684,0.08768728297345915,0.1033168315936424,0.06912554071471273,0.09778031215359728,-0.014659097689286657,-0.014800661423806694,0.03546254378888986,0.07329370669922286,0.05538529076462354,0.04708138866231018,-0.003339319330619303,0.003012440964901993,0.06419222811093368,0.10593711317718342,0.04642256136419406,0.08879554418804814,0.0037409480392484326,0.0048909771467638575,0.019678829587994447,0.0692917956456218,0.06305656537180163,0.031173966532565794,-0.012075042518645973,-0.01039426802305356,0.009831418387586619,0.035505311963174246,0.020834941225058804,0.015110433006219037,0.003582829793860363,0.0010559881281569925,-0.004115026178138251,0.04956598748137872,0.02839686534951884,0.01448331073650197,-0.008780791768082738,-0.008283561910296893,0.0965444119617531,0.1181960801189096,0.026539166464268515,0.09906702590211945,0.027900035885387826,0.027975517205043585,-0.0024425303075720616,0.13837472276763121,0.12424817928908752,0.09253371329520106,0.005534989175212581,0.0057936458557827225,0.07165340123726373,0.14184464399328794,0.02678654725721988,0.12843002178124294,0.019841853042691964,0.019585869617040817,-0.01200495897161106,0.06530102895555548,0.02343989246885191,0.014553020986744682,0.026825137984568034,0.026674664603918857,-0.004288182115556312,0.5994413631694188,1.0,0.5497258515374639,-0.030817365358543892,-0.02913436652481044,0.03398903113682433,0.09793517194714936,0.013886849364848792,0.07387110409113637,0.06984644904652855,0.04359557616115396,0.07229305440162305,0.006686642524841855,0.011072482036115364,0.007820524961409142,0.00765105429999975,0.013888523925748618,-0.0008300663218599487,0.011429679348985733,-0.008475109597536319,-0.011937596525664994,0.013886849364848792
Aggregate_feature_70,0.0011699719452854152,0.03397391416904612,0.04820240951932274,0.03398901111892303,0.002383850965520488,0.03439101811375755,0.006287727688725021,-0.003489291986686538,-0.0015593706735520067,0.010900195628418164,-0.0030809243672279287,0.0010801667984087979,0.001874202299674574,0.0025140253288123793,-0.00036261074418221387,0.005759777392198208,-0.000583636182528202,-0.005157791821776761,-0.005485442743944761,-0.015261484939555328,-0.014323208385000721,0.006041630966894869,0.0004427462862412072,-0.006196308272899982,0.0019388890370585937,0.001358914188426196,0.0007685990327680818,0.006037414063649218,0.00043830738440946084,-0.006196658952822398,0.0019345978590539713,0.0013599153306434566,0.0007635533561296835,0.003632381303629137,0.004878516776290488,0.0067502438633164664,0.003721608598921864,0.001886436022606202,0.003350269260610498,-0.00027677077604495277,0.00017176446050500276,-0.0005792246093337377,-0.0005031142433150615,-0.001620522040432766,0.0005581257512635932,-0.0008017788624253317,-0.0005384302626843807,-0.000987137767443107,-0.0009573986426943826,-0.0019066442034222659,0.0005888752612464508,-0.008479228311514405,0.01086815339830417,0.01859500083198636,-0.0012292497641803266,-0.002262142031942553,-0.0021351725631251523,0.016210741312296998,3.84369721608096e-05,-0.007307504236085919,-0.004207906983528419,-0.01565966751307762,-0.015780219425255232,0.016230811435739886,3.37934243387415e-05,-0.007309205237218629,-0.004207907268579247,-0.01573765919510233,-0.015902588204641705,-0.0023122344337118688,0.0033856781947203415,0.0006715233895553399,-0.00034621805501000965,-0.0053998344943804845,-0.005264573147816358,-0.0047995858083431245,-0.0010005836848426604,-0.0033626473822066347,-0.005415752084381477,-0.009613492061854943,-0.01050863068498581,-0.0018485097217217157,-0.0010185381228081853,-0.003729485549507684,-0.005097768533676014,-0.011103277725574413,-0.011907208038127268,-0.0034745578063788388,-0.00013951423035761108,-0.004931209441850615,-0.005581119377863416,0.009323752244700648,0.009080019564717117,0.007561996255086872,0.03579640999234738,0.032468103543384,0.012675693758990475,0.0026835178879946646,-7.594988359017599e-05,0.060020952811657806,0.07013933604109643,0.04427054304142014,0.06653422794039493,-0.0034703423923779695,-0.0033657259311258296,0.0211796485278991,0.04490823570757423,0.03515874436508942,0.029050551383900156,-0.00414537689121575,-0.00010908807896105877,0.042744112537956756,0.06812961800911484,0.028341626991696456,0.05775393614676498,0.0033148497524235266,0.00406069739117638,0.01662954678748444,0.04804086650121303,0.04199129237029719,0.027240655004777695,-0.004116634063972796,-0.003922731789988358,0.005572015274815007,0.022664759771193897,0.013109572564148563,0.009406806050161826,-0.0022680617942545853,-0.0021770738884022383,0.005565812144936698,0.018783873056896414,0.012625637275311912,0.012245151254407055,-0.006114322323828784,-0.006022075166081745,0.06794006410683591,0.05497750160362806,-0.014081273847244932,0.06318821621490843,0.018736047940274232,0.018795535325406974,0.10788257980668818,0.08945668679461959,0.05741728154869028,0.11308226917778724,0.004963986032239074,0.005157510297001236,0.08603043545874947,0.07906937440214303,-0.01226836275106902,0.09552986663526508,0.013361029890969205,0.013219099375664803,0.016190864989748664,-0.005708474971297672,-0.017459576447405114,-0.006552163283937898,0.019418766265103804,0.019335831745155886,0.8170020836650667,0.4336450289181765,0.5497258515374639,1.0,-0.028614340413103942,-0.027933489063589726,0.025484220779873456,0.019672002695347215,0.001155686097105763,0.03362028881009869,0.027188924298885527,0.03399295935195169,0.002381122035380736,-0.0035047333450266087,-0.001574561572435593,-0.003096406715091587,-0.0032102871359054016,0.0011564517536075574,0.005764538947475951,-0.000599485606502205,-0.005502396941642575,-0.006645275887575372,0.001155686097105763
Aggregate_feature_71,-0.0056434745872790135,-0.006870803674482113,-0.08377074041193118,-0.010857348128718103,-0.0043827595244064505,-0.012387696903003884,0.0019032267854669298,-0.005653144886457078,-0.005554193963718862,-0.004517741577308209,-0.005857539482838964,0.0063971093522005845,0.006087553726438016,-0.004586290691169653,0.000503570154308046,-0.007001718328357109,-0.005870778499568724,-0.007892882140024657,-0.009625620064585443,0.23305678494166876,0.23062998373444205,0.013952139495020456,0.01721534932604502,0.011143243818898634,0.01694930914725239,0.014572945728814074,0.015697269498139585,0.013951993844822815,0.017214642075585717,0.011143155632827731,0.01694924501650052,0.014586262258786837,0.015680934203680427,0.001946064853858736,0.002358456483924023,-0.0008476613471886748,0.001869403263296674,0.009337396393414337,0.010901798780332643,0.027987430649242504,0.027251303272280286,0.00390082330126367,0.02721329948679439,0.004356341287457921,0.004256938245678575,0.027932145441729957,0.02768157874586306,0.0023629289866989095,0.02768092237017661,0.004936730512658709,0.004499565807968245,0.0319420378925927,0.02487528700190031,-0.0019680572439171986,0.03022470858461992,0.012408476106362906,0.011663488092015433,-0.01338707296340283,0.019434091904904218,0.020103423719553988,0.015013646954494987,0.12289234784980062,0.12280419834932353,-0.01339417962764203,0.01942602173633088,0.020093715312845442,0.015008413258071096,0.12333566777047189,0.12301698287839591,-0.002524760854470576,0.006763056326748097,0.0058292388686407536,0.004979589731153996,0.0478521458795637,0.04773376848427246,-0.005558293484191445,0.025982286779043635,0.026276061319515313,0.024433987120419456,-0.026670786287844816,-0.02959772148466853,-0.008524046061831788,0.02858989669280033,0.028731409197155333,0.026809071069150654,-0.008410420765994795,-0.012036548231799903,0.021001177707975195,0.05172103805752946,0.05857041072601758,0.05566785419908759,-0.13025823297783612,-0.13274748046896065,-0.008074434623485829,-0.006383627076951491,-0.000883211878535783,-0.008906560675230516,-0.0013999416305358822,-0.001694248923674886,-0.03905803252737357,-0.040391147698453825,-0.0037147016894464794,-0.03998985839373391,-0.00520839379890229,-0.004190082319653759,-0.005770110062454555,-0.008260568300299555,-0.008659956678683007,-0.008183081538799666,-0.004780192467784028,-0.003602815868423611,-0.07959774279701813,-0.08515673557893295,-0.013485393019161948,-0.08473892471211243,0.0015411209855470918,0.0019268362578845734,-0.00538566289087636,-0.00922059779354308,-0.01007817128127068,-0.008288373923466659,0.004047157053308381,0.005117277012741761,-0.00404274108361411,-0.012119923711808282,-0.009630596423355908,-0.008277629699207704,-0.00893009654572304,-0.006696019359904911,-0.007884464990263589,-0.007963335518425771,-0.006059541066878094,-0.009102694322760584,0.041838703653044915,0.04231484616979522,-0.03748006161431202,-0.011109301045665723,0.061627867842299885,-0.02317420785490564,-0.1921272065989789,-0.19466146213990027,-0.011517442807013951,-0.00789936897994676,-0.0003849181126457117,-0.007842510267196857,-0.03503073910932529,-0.034233536062384884,-0.0718679892994122,-0.038504452901097865,0.04104224343555097,-0.06378322486606965,-0.04154964604333954,-0.041719326116815746,-0.019206182149367066,0.04541011205088448,0.06939245399367351,0.046050704563785155,-0.21839128736720323,-0.21910689875158063,-0.012816031585035657,-0.01904624586054672,-0.030817365358543892,-0.028614340413103942,1.0,0.996340494766487,-0.000622964730759649,0.003182706953385734,-0.005494822074057659,-0.008116943971028825,-0.008591491467656946,-0.010805650652018061,-0.0043950752271544845,-0.005513056685906329,-0.00540916860515775,-0.005716004592441413,-0.005607409449624561,-0.005495003362690939,-0.006957944924423454,-0.005720144570801339,-0.009485601026814394,-0.010778023836779801,-0.005494822074057659
Aggregate_feature_72,-0.00626908602636097,-0.006449477128483888,-0.08310122845293413,-0.01131018002578363,-0.004886471511525574,-0.012916344653969784,0.001970187122721136,-0.006076496253483133,-0.006144234698953114,-0.002727558443006113,-0.006153251448669943,0.006834391818084803,0.006557537222256829,-0.005194682829325648,0.001029628897602183,-0.006947357137355496,-0.006509584628503999,-0.008159003290644144,-0.009686497091563053,0.23162834906633287,0.23017610524097562,0.01361558119740776,0.016877247747636992,0.011295975818657376,0.016772104794944915,0.014074051717405753,0.015345191953568264,0.013615850746190048,0.01687693189739159,0.01129577616457163,0.016772360853631773,0.014087299233221912,0.015328854021990529,0.0016172249809801727,0.0019011295167694682,0.0005908919909700835,0.001588225307841292,0.009025364791428684,0.010629462193230133,0.02756719192356513,0.026899874448498808,0.004295617889821605,0.02695033445369339,0.0034579423522851822,0.0033193303435318003,0.02752598001230624,0.02734947144113335,0.0028452950468826933,0.027410093956466177,0.004046653750554838,0.003558524501575753,0.03176467916576836,0.024151624040606463,-0.0021844780973236722,0.029864591211729002,0.012107561639965736,0.011209084980393014,-0.013346959104065205,0.01916088670223787,0.020050041266576214,0.015098428731959053,0.12243212192035068,0.12264885305893576,-0.013354077898952993,0.01915336036201434,0.020040531512750637,0.01509325152493753,0.12286656981541699,0.12287955308786079,-0.0025027036195940525,0.006460942354290233,0.005710106830283312,0.004946163648915381,0.04869293080959316,0.048605580125731136,-0.005449804860292778,0.025927850236016223,0.026412773722535345,0.024685044581783937,-0.026623011943472663,-0.0292395633957187,-0.008453947173822857,0.028540609695790763,0.028885008678529514,0.027064609890256684,-0.008783452927811655,-0.011834157819267395,0.021109396665095495,0.05081278034737414,0.05831169523805485,0.0555225154631492,-0.13053941156419993,-0.13278406925166797,-0.00840289520354017,-0.006804533753337033,-0.00029188186199208943,-0.00908509213747152,-0.001113166016770494,-0.0012685057095892188,-0.03781223173156369,-0.03910435794126955,-0.0034903048998376532,-0.038718181835297134,-0.0049476826189428745,-0.003895088339996199,-0.005827551173198745,-0.008689336100782154,-0.009158217695875964,-0.00850706897963353,-0.004850419568526475,-0.003914907357660478,-0.07915097051207644,-0.08477092416946175,-0.013138494956789822,-0.08440735885565968,0.0027988683385868993,0.0032864016162147676,-0.0055274264653553855,-0.00916256886478844,-0.00938725651302407,-0.008184265373722263,0.003467376565490139,0.004462573273884766,-0.0039857519832002825,-0.012231141970617804,-0.009631183842194881,-0.008265335641071994,-0.008891511894164076,-0.006876432647286531,-0.007801573655121307,-0.007037536730222839,-0.005720852573967279,-0.00905316657244982,0.040765049919115386,0.041132351761847125,-0.0363680681764645,-0.010779605576451752,0.060959646688767466,-0.022165668844855553,-0.19276587648892887,-0.1943449762895506,-0.011356301821545524,-0.007733083637414466,-0.00010546823448585752,-0.007484129213535217,-0.03583589857667789,-0.03465154740329591,-0.07055142440835413,-0.039462354015162904,0.040172848311913874,-0.06311354975827269,-0.042267966614949914,-0.04241406534327216,-0.018962992104094165,0.04437855906812214,0.06903099330157467,0.04577297607524971,-0.2197602149691539,-0.2199690479969534,-0.012734882567977451,-0.017570725465687647,-0.02913436652481044,-0.027933489063589726,0.996340494766487,1.0,-0.001916603496220862,0.002403544140197789,-0.006120998832669621,-0.007695126232270633,-0.00896684781195564,-0.011258927626360434,-0.004899758289256488,-0.005936545425615447,-0.005999711980648342,-0.006011542684132902,-0.0058799529147476074,-0.006121170077225362,-0.0069032219846666765,-0.0063595298992151425,-0.009545726173594728,-0.010606627332901802,-0.006120998832669621
in_txs_degree,0.017198896977312,0.4242141685542975,0.07753199653598321,0.5882239866571658,0.0048784425356244885,0.6188551071425055,0.04014686633891139,-0.010395213326361896,0.0038891097358779055,0.033882927735240896,-0.009829101818116779,0.0021952873044319278,0.03622289302386389,0.005129693737361962,-0.000598935003286486,0.06479635223805318,0.013878320092042146,0.004804148408460714,0.013326796432384654,-0.018638937978894772,-0.018783061569752613,-0.009485683606438169,0.028788686547011697,0.013000282411385476,-0.00486678666029012,-0.0027421820138407486,0.009051693497039381,-0.009484036128671179,0.028756610470669117,0.012990441610145537,-0.004865517616101065,-0.0027413853662527523,0.009036658876537124,-0.0023520916218392474,0.037119546372861315,0.13389008318850198,-0.0015605355848346439,-0.016616447189927715,-0.01783119516667523,-0.01819665991180438,-0.0003080747650026791,0.01594835834992377,-0.016210802038154726,-0.012721767021331595,-0.011445697526380541,-0.01794806149519962,-0.00863769310542489,0.013740025788418368,-0.016738171458935112,-0.01465085671582527,-0.013238585511795175,-0.03544367035756897,0.09524900807579377,0.09900252081701395,0.000915342890045606,-0.015286813787791027,-0.01423698419071772,0.10918595313051446,0.05590846196603408,0.017938079472800853,0.038144038311977255,-0.010142031419011705,-0.010041114428906794,0.10929804121124895,0.055781657766689974,0.017835656206883824,0.03806355175207268,-0.01057335308238495,-0.01045240908182246,0.003092492660804614,0.09346133621743001,0.06954951406810861,0.06069448574204385,-0.0008723505895840164,-0.0023238455505335412,0.04381220867652288,0.008692858147590457,-0.00823354001787055,-0.0016249411459172572,-0.006580924242935106,-0.007535604889791969,0.07374150941432182,-0.0017071689856812179,-0.01301618700605892,-0.0033075075809953407,-0.008448284148470936,-0.009683891531130915,0.03038819067154714,0.018821548305891205,-0.016304369369977017,0.005396886045251742,-0.00021507803226926715,-0.0008438677980683531,-0.015411914887242495,0.12170253655637717,0.09585697812889796,-0.0016097290932360483,-0.0009051140237519439,0.007665242433148374,-0.0019096319275674525,-0.0038912998062129705,-0.012873468521739491,-0.003040244406403324,-0.0012614781577512037,-0.006034975141778168,-0.01694945856366251,0.14609437268405762,0.09142112462240048,-0.00047255224583123346,-0.0018931407353353735,0.005464112034112824,-0.0877320059053589,0.08422809383176717,0.1594790796091864,0.006600021615095141,0.0004556595175651716,0.001067370480327977,-0.011824507771486394,0.25085622894773263,0.14392697643172545,0.010614914938160382,0.009643917312387154,0.010239357657810012,-0.008012032239910212,0.06580275437586972,0.04011728533806225,0.008506927399194899,-0.014565378577123301,-0.008738550577190507,0.026601261718387254,0.04785391407585227,0.02469640988556656,0.03193396586318822,-0.006911764662843276,-0.006213267223674494,-0.003962244365734654,-0.0020291354868465636,-0.008199304576468499,-0.006419453165258257,-0.00046648768449921574,-0.000754961421360823,-5.357063724129927e-05,0.032891232745091835,0.011974477321560976,0.004833397328479454,0.008432671053537857,0.009105350037653863,0.02502507231236023,0.0209848108110474,-0.01839113201534085,0.02960961360148884,0.012367575181599694,0.013077458342168512,-0.004761477255623003,0.017333912068674025,0.005696384746388457,-0.002454664291208952,0.014795994540088944,0.015050252470553466,0.006495621848961478,0.02462820229408901,0.03398903113682433,0.025484220779873456,-0.000622964730759649,-0.001916603496220862,1.0,-9.479803259503347e-05,0.017198896977311876,0.42421416855429755,0.47259950870337836,0.5882239866571612,0.004878442535624514,-0.010395213326361868,0.0038891097358779076,-0.009829101818116814,-0.010288223913624002,0.017208556092056584,0.06479635223805286,0.013878320092042195,0.013326796432384614,0.012260683415677624,0.017198896977311876
out_txs_degree,0.07908307684040436,0.16049886791679058,0.05347118237727085,0.0248827699253673,0.544960463066662,0.031109635809239856,-0.010120020537842188,0.07123328881348899,0.0748783143596581,0.02893034855733342,0.07230704651460634,0.0023718397759906083,0.011248822313060614,0.5552610071856825,0.03749977243442804,-0.009384769049032023,0.06395231880723165,0.02564690867189984,0.014329843634028424,-0.0008210793085435334,0.0024425874791565274,0.08312030167132851,0.06825778485850816,0.010466050030888248,0.07381702238975348,0.004291629142155147,0.0074825546634308465,0.08308994422620242,0.06822042811452199,0.010462032241932711,0.07378777600551649,0.0042967304228943215,0.007522566108515315,0.03004519844171997,0.04800790572005582,0.10996896385094448,0.03185205270001413,-0.002389421020035684,-0.002191099608691796,0.015787540525365594,0.021571715096538154,0.009275499839451,0.016315713108406352,0.0007157460965460127,-0.001242789989060092,0.015896031080339865,0.01925541885795737,0.008829440980311042,0.016491412817869748,-0.0008061561991245644,-0.0018131431509386558,0.014533555054703272,0.031166479012653736,0.012728302893553282,0.01791917302161597,-0.005484646360713908,-0.004334754296169562,-0.012052010365784755,0.040634465851759005,0.0014048659838424796,-0.010995001843890118,-0.0025789555446116877,-0.0006723238838781924,-0.012054896844184423,0.04060079200737364,0.0014016455165511324,-0.010988983247473631,-0.003056413018635751,-0.0011718995359849018,-0.011713252662015217,0.03237288218183997,0.0019184525175430889,-0.0052090884553925194,0.008519776476307403,0.005231001216875394,-0.050119572928581616,0.016770861808962756,0.0001621472397379944,-0.013876363360195437,-0.0008767615230306357,-0.002745748102727464,-0.02065303912820854,0.021471966472090806,0.0020619256102548545,-0.0013062517603086507,-0.004747882353370916,-0.006171024391975622,-0.08324856824786595,0.17036690189415116,0.04828885577156717,0.012698723993041509,0.005466296537979154,0.0037585634809204588,0.059659116083512015,0.07004729843351074,0.02078339953641526,0.06264207345245751,-0.0038966554428765707,-0.0003619287635409502,-0.018225163925532237,-0.018358678326760965,-0.002079931930162716,-0.01796851440600187,-0.011042422202297819,-0.010328950258534322,0.01270916744908165,0.02606388576009585,0.011024832704899812,0.013563678182250636,0.005671570061326802,0.006753953255563723,-0.0025199198942441694,0.011585717726417633,0.004577096136459916,0.007842001703200945,0.005615916371569369,0.005368685277128183,0.02565514911103181,0.05319150615980354,0.04489528109478114,0.040445961524920845,-0.005756959530698485,-0.0051900596515560655,-0.023836309016114145,-0.026411523394772863,-0.017225505341291324,-0.029594180454825435,0.011317525264724442,0.008795379405958717,-0.015856837229817507,0.11596645363110135,0.0332185729612445,0.004819300950787248,0.004108747724319038,0.00395818181328233,-0.014407926632366355,0.07205464731204138,0.01461121806285528,-0.016814984683719888,0.011734418972512393,0.012517524237772925,-0.06288564840845634,0.17620609837745438,0.04779310265421027,-0.009736811603475165,0.007556358328484847,0.00868989532903599,-0.14168806542384568,0.07542674508385132,0.06807562803717625,-0.01836096380588842,0.0071333356377223985,0.007140170608930631,-0.10588830892202063,0.1592665172089474,0.03651267098361463,-0.02558395322833583,0.010909950684766344,0.010058517475907587,-0.015251391970571158,0.24845363499782933,0.09793517194714936,0.019672002695347215,0.003182706953385734,0.002403544140197789,-9.479803259503347e-05,1.0,0.0790830768404044,0.16049886791678974,0.29340417422680437,0.02488276992536734,0.5449604630666605,0.07123328881348794,0.07487831435965756,0.0723070465146054,0.07208660879046984,0.07908668171969191,-0.009384769049032052,0.06395231880723237,0.01432984363402836,0.006894154476885826,0.0790830768404044
total_BTC,1.0000000000000009,0.029960023954308922,-0.05783906580510033,0.012804782780635942,0.025276584826675105,0.010908585887127882,0.0038858174604138687,0.9678730476447708,0.994615066690438,0.18639480437359615,0.9714904277674651,-0.0024943425961820274,-0.0022182278624378747,0.021045537374761274,0.028822251898268654,0.18062321309864507,0.9938020276144469,0.9435124206848576,0.9158965438370785,-0.004198243654264254,0.00014558903829715853,0.0678712365679428,0.04684540314186021,-0.0016347996496562998,0.05567848790612386,-0.0012067958245606239,0.00046537245729559053,0.0676975450416514,0.04672831099994519,-0.0016355625568868614,0.05552838285097822,-0.0012077912578721626,0.00043763834541041486,0.12865417906252583,0.1302229821982351,0.015041124181120098,0.1288191643336981,-0.003412590286052531,-0.0013567976980666965,0.022420493900418066,0.021847310242665927,-0.004407746333158384,0.02090858592236852,0.0029418670779711277,0.0038572607658708315,0.02309615550802781,0.023273497593878194,-0.004842924569783924,0.02217906322825883,0.003129336114164348,0.004231012255452518,-0.0003182189644611232,-0.0038670906936012044,-0.01718102367004999,-0.004295694484149924,0.004888479873335702,0.005365260646679389,0.048177595841851856,0.04420553627833559,0.014630268649776386,0.020782563605256602,-0.00502909930127067,-0.002989067225400124,0.04756719842696019,0.04416945821922164,0.014696477148153907,0.02068369255637247,-0.005052267626999214,-0.0030876491578272314,0.07042054674723329,0.08929606642642672,0.07337237468818153,0.07241108790766605,0.011325784410993986,0.010063662525319102,-0.010059118801542803,0.015451496053028741,0.006259483991987088,0.0015851081927822387,-0.0016299505633194046,-0.003225401056368601,-0.0020634808442372633,0.02065101174414318,0.010117357912908742,0.007016830488303199,-0.00365515419238039,-0.005399903827940345,-0.017037081571206293,0.0183212743333996,0.00806690312732255,-0.0018358845715453315,0.007866279133231641,0.007270835191137363,0.8025570587159975,0.678989638783264,0.03365315764008253,0.7919346170345706,0.0011676176668032638,0.0021744750246356953,-0.024282313963551707,-0.0257513145950805,-0.005893962935033796,-0.0252412548019476,-0.01318980251180779,-0.014649605208175808,-0.012014892890107851,-0.009072269645095424,-0.008849444699918253,-0.014580977133658558,-0.005753388103197126,-0.004114112683732272,-0.058112369626417214,-0.06862935614358474,-0.032371286997493344,-0.06755771670588323,-0.002622509318074074,-0.0024849927388487627,0.0006968509972441199,0.010013248461424323,0.002499342034999789,0.0009337049129292277,-0.010854677482057906,-0.011444260442553011,-0.013356411589679762,-0.003196326541661445,0.0021397982758966073,-0.005832148976269722,0.0025833931267001693,0.0027102111063952113,0.18833005009506762,0.5030332882429274,0.46329639694735275,0.45335896662471703,0.01803191362570143,0.018428294674123987,-0.023885747884316907,-0.02183747929105178,-0.02047536659468924,-0.02887282566029647,0.004696647442510181,0.0031191949997119786,-0.02175187933209563,0.012945885565739054,-0.0020455934175697753,-0.01806215665599771,0.00818819335698021,0.00817944230643511,-0.08742761859149216,-0.028824612697321134,0.04031991401344402,-0.0628494791014196,0.012508281850550237,0.01222534669221316,-0.03500366001406521,0.008215648879244147,0.0004331346963566293,-0.022423933947001606,0.014118415885633444,0.013679282878423989,-0.003276331330420598,0.02491851258281479,0.013886849364848792,0.001155686097105763,-0.005494822074057659,-0.006120998832669621,0.017198896977311876,0.0790830768404044,1.0,0.02996002395430892,0.024474973382164603,0.01280478278063591,0.02527658482667516,0.9678730476447649,0.9946150666904453,0.9714904277674602,0.9694800993612933,0.9999999997403736,0.18062321309864393,0.9938020276144527,0.9158965438370771,0.8374129573144933,1.0
fees,0.029960023954308895,1.0000000000000007,0.2193738810319677,0.532700115748995,0.13927802948453327,0.5430421773649046,0.09521868896300088,-0.0022638391002158666,0.013556295003683452,0.03684625036069194,-0.0016978289161544888,0.01641513549165314,0.04736939495678936,0.1302653528868986,0.08608768881768436,0.09442639683730954,0.02480898632878514,0.0013480223086895008,0.012377809728869206,-0.019724675186823148,-0.017373441401289717,0.0012449863751948806,0.03208704065357576,0.0013260609992460648,-0.0023853906094718335,0.006912721032296929,0.017747292488120618,0.001230232546376215,0.03203124616299472,0.001311503891064128,-0.0023999803896496284,0.00691955595701188,0.017756913089702172,0.009626908642420608,0.06362463904029454,0.22356233120154928,0.011684653390236607,-0.008895781320033533,-0.007949946866045192,-0.018227533252182352,0.0002491588848979173,0.009697394467741762,-0.017567060443161857,-0.0025404914275154998,2.6592958509677284e-05,-0.02094031898559767,-0.012731005984522812,0.003740455444616344,-0.020994628233260346,-0.002723765849064314,-0.0004544414925151352,-0.03448065622390271,0.08581892844007187,0.0818184997169851,-0.0042050527893232655,-0.005817736782035539,-0.007567251437873942,0.09162761239144,0.049437464419710794,-0.000293678698229332,0.013538142810133451,-0.009928423415144506,-0.009694875027131017,0.09169662546860013,0.049268186581003015,-0.0004246246191561521,0.013423425106312495,-0.009970698077984801,-0.009578146404585786,0.003453522598203257,0.1260059487169827,0.09441901999486627,0.08314603350296408,-0.009498797028674793,-0.01235789891109007,0.011346423799659153,0.0015824213183703749,-0.018992854815730174,-0.02060911815434431,-0.008204609515867841,-0.00870310131800879,0.03005985804570338,-0.010469920268011391,-0.023947045502575013,-0.022145570592325282,-0.010588683557761172,-0.011034330860415924,-0.009721768410868746,0.04966921058878304,-0.017583979346623174,-0.017052692805728364,0.005314704756172958,0.0034671313504798925,-0.005263863428944003,0.17448723379665554,0.11377736220988499,0.009336433033693987,0.006385691023938076,0.014083072694640805,0.15471449295342632,0.161294889556151,0.013767954025127498,0.1597375341388131,-0.0023943978265759205,-0.008497547946686727,0.08097242024801786,0.3157887617209628,0.18674045129824585,0.12065925432014735,0.00585305526541835,0.01359075677828273,0.029427967750582717,0.19034717367670181,0.136177132493448,0.1335081434269681,0.010569475187298394,0.011347262532779612,0.000516856084084732,0.28593398709621476,0.1628076972487421,0.020978610652324512,0.000896227585654752,0.005806755769491195,0.002371343713973179,0.06197848498484422,0.031488665687644087,0.018677997411595138,0.002818455305620568,0.007732722441081234,0.01802758240995581,0.07494492118433017,0.026484529883594565,0.024135741162181656,0.0012459131540428533,0.0021995639800919354,0.1501369319187302,0.1679119552985462,0.015324563757401887,0.14795675777731185,0.014286471333258003,0.015015425611904493,0.030941901729888963,0.17627141546852323,0.10461540032020082,0.09755396607882151,0.014403777215424995,0.015099454188104046,0.06303512629184332,0.12056448276996992,-0.0029100259765095196,0.12242328287947922,0.01808547660299806,0.018746842834818943,-0.007380153462888044,0.09215851892608082,0.0336682638962827,0.019332384308550343,0.026011842225490543,0.025905877623755565,0.004913396347866599,0.1592756021656233,0.07387110409113637,0.03362028881009869,-0.008116943971028825,-0.007695126232270633,0.42421416855429755,0.16049886791678974,0.02996002395430892,1.0,0.5038792806041409,0.5327001157489939,0.13927802948453288,-0.0022638391002158284,0.013556295003683485,-0.0016978289161544609,-0.0021778942551967523,0.029982800615059545,0.09442639683730872,0.024808986328785174,0.01237780972886932,0.010274701302865544,0.029960023954308922
size,0.02447497338216471,0.5038792806041401,0.11809940140241712,0.8368392080356329,0.5066511882996251,0.7636815819422771,0.36243359422180554,-0.006283953898129397,0.010089463341276413,0.03628397096739355,-0.005709355684228282,0.024246920316777724,0.04550364779309886,0.5005578702452284,0.12921925119341857,0.08635530824048245,0.015657061594216325,-0.004478132347804237,0.006467331866965171,-0.03639129528654392,-0.038788677499847435,-0.0037451754039473403,0.011400978799231831,-0.0002228159397026645,-0.004367606458501857,0.004641617670950125,0.007738194559378978,-0.003752159358004845,0.011378406229204859,-0.00022836850899219172,-0.0043741079929368225,0.004644717855274765,0.007739994278726812,0.004161705450533365,0.02551313814084479,0.08219862736760349,0.004852544182323988,-0.008806870600865834,-0.008792323030403176,-0.017012329922442247,-0.0068590200509397676,0.005795169555134633,-0.015681903938943014,-0.016134251674670246,-0.018775170156675562,-0.024411572028962648,-0.019699403565610337,0.0019324691198804418,-0.02415609312359458,-0.016062559019695593,-0.01853901938650578,0.0027495610460838583,0.12831273444831684,0.1067841613898627,0.04460954167158824,-0.017474966082030304,-0.022372868460803174,0.09632806123152644,0.025828575327652776,-0.001970450938746643,0.018912833557297514,-0.018328839424648177,-0.019954140043216086,0.09640555401931854,0.025760291661225104,-0.002023399532290438,0.01886610282526033,-0.0183876085104422,-0.019944918716112797,0.003474514488970892,0.057085238119837955,0.03943014079044975,0.03497312109714162,-0.008680033785876345,-0.010011000837658622,0.015283121924606423,-0.008914962160296197,-0.019397077161404628,-0.017272574430153804,-0.013639483978149583,-0.014314702124363449,0.03659588923019014,-0.017473192706898236,-0.025213642609633775,-0.020804002731306573,-0.016527979393445365,-0.01725957721957278,0.021857819963238864,0.08314425613022153,-0.0010962138135274433,0.031116968732602064,0.0037789201546123007,0.002870124565492304,0.001149228882140833,0.17955154435630113,0.11968143753813769,0.021103756063493875,0.006958146229148203,0.014710341700396427,-0.01547764283765502,-0.005784226490099075,0.03918667239304009,-0.008456915508974143,0.022577037796761127,0.021224601383018606,0.0050452690018676595,0.16814961556045735,0.1092824139021012,0.03052339273181104,0.005389068509506317,0.009231042085352815,-0.08881250570788345,0.11601628403666307,0.20331771891942352,0.021504219923360688,0.01431788872859294,0.014826837303675313,-0.001901752175893889,0.3404996979850131,0.1790998824644846,0.023579566356543086,0.004930616404789761,0.009832203667368524,0.0029493964397143057,0.11408596416887573,0.07017201462777872,0.03967297969975197,-0.0016470762530969986,0.003771884771609288,0.03201670467829718,0.06877526882662921,0.01724397382941678,0.027143077416005447,-0.011158801960976258,-0.011889993593725006,-0.0012063594290335012,0.05647950109037767,0.03365396597020555,0.005755141377048366,0.015565002560392501,0.01645051841456344,-0.0005529789295919983,0.10086832185609287,0.026788833615514585,0.018237183578070512,0.014754931672948522,0.015336807135554277,0.003289843085682384,0.06533878930446117,-0.0022386142865231345,0.049476591273668165,0.021527960815671442,0.021665672767574647,0.005125750396886268,0.10013503789274292,0.03188990152607406,0.03062806474266213,0.02724456453094273,0.027542942657322763,0.004626803033345291,0.20094904541068337,0.06984644904652855,0.027188924298885527,-0.008591491467656946,-0.00896684781195564,0.47259950870337836,0.29340417422680437,0.024474973382164603,0.5038792806041409,1.0,0.8368392080356369,0.506651188299628,-0.006283953898129445,0.010089463341276474,-0.00570935568422827,-0.0061624815034435594,0.024486443661460897,0.08635530824048264,0.015657061594216315,0.006467331866965176,0.005124081177930659,0.024474973382164603
num_input_addresses,0.012804782780635904,0.532700115748998,0.11067720059649709,1.0000000000000036,0.014034096941720054,0.9393514907094218,0.3575845734762606,-0.020336952199221783,-0.004430848238578485,0.03400888764289667,-0.019816150756457405,0.01592975313843422,0.03457685571442962,0.014677075937483745,-0.001350645855608157,0.11096695538321658,0.009931932545172717,-0.0031806731515885743,0.012812514221136278,-0.03305143063542389,-0.03337548146286572,-0.015314892389975202,0.009615774376060982,0.0035126172249376015,-0.012972031099535306,-0.0013045224296454616,0.00080369129520144,-0.015315959453226486,0.009593996862998104,0.0035057007488817813,-0.012973068009428535,-0.0013014787961821762,0.0008077984583275302,-0.0012037490673178206,0.024281973301101933,0.0934952569214863,-0.000542549218778317,-0.008805262905873926,-0.00873862101946086,-0.022602197464888375,-0.009665051313258252,0.009163657402757784,-0.020839869320763465,-0.01793626854211893,-0.01829727163661041,-0.02723162041645903,-0.020986036265080298,0.005352114989452503,-0.026720440244486044,-0.017605022208667106,-0.018618630737024466,-0.019308391686871224,0.12397442769400521,0.11556408566651483,0.026246102574259647,-0.016873848958501532,-0.02053558209768548,0.11666183331791552,0.03375183532583326,0.004591228417713759,0.030249657364071487,-0.016165955872770945,-0.016471856810218115,0.11677044862268901,0.03366658009159417,0.004519061624260594,0.030189619321619395,-0.016248653002943342,-0.016498189812538606,0.0027007842950251175,0.06324118721509928,0.05045496215751299,0.04542230132958503,-0.006567941460905587,-0.007591741784093395,0.025545864404759026,-0.009706241692319179,-0.019945277374290152,-0.015711111558932938,-0.01191649339626377,-0.012443873260630296,0.05084350089518911,-0.01766335215170341,-0.024854431659271942,-0.018163130695987673,-0.014827467660225593,-0.015517778441313362,0.03898815374195777,0.01635716865934007,-0.01997054326573539,0.010519675521238489,0.007421351960709239,0.0065557250046392795,-0.023594982767276316,0.19459668787055634,0.13831939109374863,9.74520724240385e-05,0.0009665132142557798,0.009433441318372454,-0.02008521834383251,-0.00845994422659912,0.04634902282888973,-0.011723200533363167,0.02364155572149542,0.022339759534736048,-0.015553107229052295,0.1836449869613419,0.12464186111717741,0.014508203810775989,0.0015825282228210374,0.007318296440793872,-0.10449629528209396,0.12340750338315941,0.22319267321323608,0.017456680222714762,0.010814425558805395,0.011109033430711639,-0.010906619079365241,0.40072535102364065,0.19612507859935274,0.015288247795583363,0.008171077065955096,0.013073062632018543,-0.0012164249174660014,0.1339628901052379,0.08440472808345686,0.0437236047136476,-0.007323532890942631,0.00117718987788045,0.039508909814183174,0.043596765318704635,0.017852840012615258,0.03451882802337049,-0.012175103446878506,-0.012049426911779203,-0.0025734128798524654,0.0014073846056137974,-0.005159789512113126,-0.004023115521344811,0.015446177125404562,0.015443621143356666,0.007735598924710523,0.03574301964090486,0.018976553056864746,0.017738381156092088,0.01308995401889887,0.01335638578356507,0.03464657974380918,0.03399767576758844,-0.01702088189873977,0.042794025091282786,0.020712074166531366,0.021127233852884907,0.012129529815612144,0.028880935702307296,0.013248751696063727,0.015129849121864984,0.027255081680515117,0.027587232994071,0.0092207855061702,0.032659554356812885,0.04359557616115396,0.03399295935195169,-0.010805650652018061,-0.011258927626360434,0.5882239866571612,0.02488276992536734,0.01280478278063591,0.5327001157489939,0.8368392080356369,1.0,0.014034096941719991,-0.020336952199221835,-0.0044308482385785365,-0.019816150756457127,-0.02027127212776007,0.01281691806609556,0.11096695538321599,0.009931932545172734,0.012812514221136273,0.011976868934600794,0.012804782780635909
num_output_addresses,0.025276584826675226,0.13927802948453305,0.04214022003763002,0.014034096941720059,1.0000000000000042,0.015951575341437436,-0.0019859258621532506,0.023879309408473746,0.024884872676993314,0.005409910323071445,0.024026455457626227,0.0022643418079756838,0.0070111095242280175,0.986494231462359,0.26420357346747125,-0.00387064885593281,0.012876827250129012,-0.004717238066683133,-0.007762655020470487,-0.01581077713848416,-0.020799779018101996,0.020139733296338804,0.012997555177240699,-0.0028215854679666716,0.015390328890810549,-0.0007083585712539548,-0.0005735099921766594,0.02013397987700216,0.012989007679062862,-0.0028223407660442753,0.015384356164955003,-0.0007081310626803536,-0.0005763612764346315,0.006190712916584467,0.010743896867601096,0.022985235682370306,0.006538676633830357,-0.0019850777175149464,-0.0012201255061564879,-0.006978728657247224,-0.005957588481901598,-0.0015245326272027796,-0.007204789913968594,-0.0041589956869303715,-0.007548993840159188,-0.00710035732530943,-0.0068737997229428305,-0.0022385398004841515,-0.007337999083853951,-0.004469968820870339,-0.0067692245860108925,0.027519241802092118,0.03974264480210696,0.01593305285864057,0.03305735256989494,-0.006803797972589316,-0.006794845770330831,-0.002811923921207193,0.0040374847502848785,-0.005192906221250514,-0.007664415305220835,-0.009515343829044676,-0.012387390941130859,-0.002811932828841241,0.004028034860310971,-0.005194992689781361,-0.007664847382056962,-0.009507004702237571,-0.012343680963605304,-0.0014910307778951521,0.01784521400573177,0.001420377146978095,-0.0003221495472120575,-0.006623374716122265,-0.00713900699438518,-0.007303752299696327,-0.006112077733947784,-0.011117730855135751,-0.013462746853759824,-0.008917084686261489,-0.00970659453567335,-0.0048102668902678565,-0.00717028310184084,-0.011548800619058344,-0.012894020101414307,-0.010648589880259206,-0.010988103625391614,-0.01809491089766054,0.1316086078750423,0.02497470607003676,0.04109051824183818,0.0023272990385448935,0.0023172538761281444,0.04549924000436747,0.04517832449023426,0.009586151689066106,0.04627142604592613,0.007513772298629846,0.007150221877038866,0.0036556545957561436,0.004522638107806609,0.0035646481785806395,0.004499315280495123,-0.008494404853418515,-0.007584830973507998,0.03989465673305166,0.03822409695959437,0.008398160268547908,0.03943618719967272,0.005734932605726012,0.0035167632276971498,0.0026948911888174253,0.025847991375866915,0.026681369897455825,0.01624110161241337,0.008276994491942191,0.007840967296588825,0.01662677937059331,0.028464914110500526,0.022043514715671623,0.02110032005192423,-0.0070151308055224635,-0.005817561967433496,0.011197707811605267,0.012641655985238765,0.00400099435999586,0.010058193074457432,0.009819774830287172,0.006461909939901868,-0.005081525414213378,0.05933538092698564,0.0047584958247262115,-0.004265985906466572,-0.001964313086277216,-0.003567811903509292,0.004335619660247237,0.11222847701841354,0.07687889688707825,0.02124653955238266,0.010272515314511755,0.012200238289106212,-0.010967532296264498,0.1372294866683232,0.019906763300448767,0.006136875479813828,0.006332207521501163,0.0067736210919850815,-0.055657562974317364,0.06302752283155158,0.02261009433952947,0.018172236314732196,0.00983893119879646,0.009504936365726318,-0.014773766532489838,0.145454212525332,0.04015872016143992,0.03127334286082385,0.010927926482676622,0.010452994880930983,-0.005221033038565423,0.35290555001909335,0.07229305440162305,0.002381122035380736,-0.0043950752271544845,-0.004899758289256488,0.004878442535624514,0.5449604630666605,0.02527658482667516,0.13927802948453288,0.506651188299628,0.014034096941719991,1.0,0.023879309408474082,0.02488487267699331,0.02402645545762642,0.023981116548980504,0.02527974269566558,-0.003870648855932781,0.01287682725012902,-0.007762655020470517,-0.008878596012239195,0.025276584826675164
in_BTC_min,0.9678730476447718,-0.0022638391002158284,-0.06704200969682286,-0.0203369521992218,0.023879309408473843,-0.018782050821394114,-0.008810234622454276,0.9999999999999958,0.9743947083314622,-0.006797935322071998,0.999428323166603,-0.0041711698260231125,-0.005219687288355393,0.019451175396413316,0.02966754581014336,0.11415861226768752,0.9657757364150262,0.9403647871122472,0.9126167772565125,-0.0017464175770391607,0.003123346492473819,0.0626360644061222,0.03008937371255348,-0.01285626643796288,0.04685838201527236,-0.0012193369529480602,-0.0016342835181328134,0.06256043492151693,0.030037092226334064,-0.012856065483929851,0.046790909921777556,-0.0012207199507241813,-0.0016429127528829065,0.06032680945430755,0.05890515586824923,-0.0038942421535793246,0.06024533828088524,0.00020222437494785096,0.00015031715360809073,0.024705858571462923,0.01903994560614482,-0.012436442032894754,0.022077562572795573,0.007020542114022882,0.007804835511546233,0.02551151351600568,0.021449106616003088,-0.015538908259102414,0.023685167435862936,0.007475982584922657,0.008162852176670718,-0.002091371654826138,-0.025182269912443923,-0.03735022826495013,-0.013419271582744842,0.00919308461022825,0.009788614473215855,0.007368427235409202,0.021481614672147174,0.0009230027082807859,-0.002740207060377196,-0.0045943119147547696,-0.0019294048465820781,0.007155417320689496,0.021463955718874547,0.0009465622435275083,-0.002771309468894653,-0.004615471043931556,-0.002039571089556425,0.021857150671105798,0.0368075166450949,0.024455864903257168,0.022014779008296376,0.008133341930783279,0.0071762933894785295,-0.011540027971859093,0.01198928847641532,0.0048213506867597275,0.00013242218295884562,-0.002144108992170038,-0.0024249116281678247,-0.004439596343452389,0.017894341838827592,0.008966613095852442,0.005704208038160592,-0.00401026977006498,-0.00445039371184111,-0.023758964976959313,0.006173459526032482,0.003439325714816475,-0.010593840659855844,0.006601636465547656,0.0066169757009546856,0.8292004916278274,0.6462422689997581,-0.01926684351001711,0.8091896730096261,-0.0019580549682284057,-0.0025351151079208646,-0.026836918257286367,-0.0291833035902793,-0.010986566567401768,-0.028453758225641834,-0.015048121317459926,-0.015514076053018359,-0.010655537143468998,-0.02296231651039153,-0.021156779321368578,-0.015941045402781285,-0.0022332264802842035,-0.002106615055576238,-0.05073163045733024,-0.08209342080781,-0.055766792766338086,-0.06946575823545431,-0.001351349988074903,-0.0011917511725421553,0.0012630771451648173,-0.014895165758532962,-0.02205744652610649,-0.004281985683465999,-0.004873577882559038,-0.005167824733737845,-0.012686576569997016,-0.02206010072059268,-0.01581842321494737,-0.01892293256563066,-0.0008810074843673448,-0.0011356760696868155,0.16849614992987258,0.4796924631156946,0.45729418151191115,0.4396120211155512,0.0195866412963966,0.020449394048474373,-0.02718808175446715,-0.026050343696593568,-0.020666405664629385,-0.03190865425231769,0.001876631650022203,0.0010429728647264353,-0.021539286797833145,0.0071729477347890255,-0.004388390786409787,-0.019263284863371775,0.007982141200694287,0.007555907122921813,-0.08747769135094699,-0.03403192580064947,0.04122616130651334,-0.066306040615633,0.011518839846043046,0.01131493671683981,-0.034452932377406466,0.005979516651528608,0.0017000657968415578,-0.02094667839408409,0.012149932782896129,0.011684479917744002,-0.0037312084277009326,0.01899882236012511,0.006686642524841855,-0.0035047333450266087,-0.005513056685906329,-0.005936545425615447,-0.010395213326361868,0.07123328881348794,0.9678730476447649,-0.0022638391002158284,-0.006283953898129445,-0.020336952199221835,0.023879309408474082,1.0,0.9743947083314625,0.9994283231666066,0.9995035657020301,0.9678723347246511,0.11415861226768832,0.9657757364150353,0.9126167772565199,0.8441519699484411,0.9678730476447649
in_BTC_max,0.994615066690447,0.01355629500368357,-0.062470953597766124,-0.004430848238578492,0.024884872676993356,-0.004022542507783381,-0.0030575276930467224,0.9743947083314684,1.0000000000000073,0.18238819941820147,0.97781328541849,-0.003703049084250636,-0.003631231534058573,0.02058567568321807,0.029156260199910477,0.12435993072929609,0.991679191013026,0.9447286987953993,0.907965088168618,-0.0026100610905114524,0.0018101496542129052,0.06307702180168057,0.04259930146572847,-0.0020677767271027056,0.05151447974108261,-0.0011899215831896843,0.00038921829346471194,0.06300286343579477,0.04254701553549548,-0.0020679290269698413,0.05144878917293616,-0.0011908651058199669,0.00036166052229752416,0.059261620377851786,0.06019019149772052,0.005106007102511095,0.05928665175136584,-0.002954523120066049,-0.0009333828254184344,0.023098487248939554,0.021870250240884608,-0.005105487280934663,0.02144085822071239,0.0031758268900133257,0.004369001276442299,0.023823455886924336,0.02365199334262506,-0.005392129259608859,0.022821287365985703,0.003428211689390155,0.004728415445591266,-0.0011915834368486573,-0.009630430065041457,-0.02135854739459454,-0.006877281808360614,0.005602622201167313,0.006172947762635451,0.020237688602999487,0.03454370409484046,0.008797642751445714,0.008282573414444067,-0.004054797677421719,-0.0020090515385491627,0.02003922672167342,0.0345177564326738,0.00881507119810693,0.00824838313758214,-0.004076807469282827,-0.0021100321784089135,0.021622580488488682,0.043328745762711986,0.02848809718710243,0.0251304774297451,0.010620639177067685,0.009349886765762644,-0.011293140517753602,0.014835911571452545,0.00607462499217507,0.0012406729459629945,-0.0011522894104034713,-0.0027580137836375196,-0.0039039719443731743,0.020359025112571344,0.010058684963683822,0.006748682369010533,-0.0030976272327748115,-0.004843454374636253,-0.021765160650942913,0.016047146890010633,0.00840560700744756,-0.004582366589717621,0.007464691469739775,0.006937800689887475,0.8080127488031159,0.6700544846131627,0.017974133526666113,0.794117119393166,-0.00017302593862315372,0.000527682612081384,-0.024380015263231337,-0.02621406218768941,-0.008207018607810602,-0.025622336303834856,-0.014573020846624493,-0.01555370718237125,-0.011537466395463119,-0.016224041042410067,-0.014942665802497085,-0.015450388221219595,-0.004420906353845337,-0.0031593809438318046,-0.055491016327136926,-0.0737784399881059,-0.040385676765302914,-0.06892975427495426,-0.0013584792228326344,-0.0012030040877754299,0.0006030054793652983,-0.0028498124033252983,-0.011376414268816063,-0.0030238400732984718,-0.00913759237934152,-0.009690253529808263,-0.01308107744631936,-0.00647286038636246,0.0003339540352793281,-0.00621978414004574,0.0027560710607906496,0.002776352375154134,0.16991612498383657,0.49619645114527816,0.4624798377557093,0.4416867963024591,0.01972798274356641,0.020120515274426494,-0.02439563552207461,-0.02226629433024833,-0.019884689394151528,-0.02920568487298691,0.0029676176466751115,0.0014177375090481655,-0.021740639402994134,0.012375184767688863,-0.001975429686231332,-0.017962133706035745,0.007798262144547177,0.0077735750497189395,-0.08883334349575465,-0.0299166460617101,0.041964784332116485,-0.06427179565264281,0.011367705026684749,0.011083107286792652,-0.034555299313291675,0.008719460149220898,0.0015228587828621208,-0.021224834790670666,0.013023491264955656,0.012562157095096262,-0.0037103946156429946,0.023123830056538945,0.011072482036115364,-0.001574561572435593,-0.00540916860515775,-0.005999711980648342,0.0038891097358779076,0.07487831435965756,0.9946150666904453,0.013556295003683485,0.010089463341276474,-0.0044308482385785365,0.02488487267699331,0.9743947083314625,1.0,0.9778132854184828,0.975850237146459,0.9946146961521708,0.12435993072929682,0.9916791910130324,0.9079650881686193,0.8286200227286972,0.9946150666904453
in_BTC_mean,0.9714904277674666,-0.0016978289161544678,-0.06717900762310024,-0.01981615075645712,0.024026455457626408,-0.018284997562771806,-0.00862254033288862,0.9994283231665961,0.9778132854184857,0.02336954401638677,0.999999999999998,-0.004220773863649158,-0.005188857624530472,0.019600739367960803,0.0296880364171158,0.11701246634387609,0.9690404233417911,0.9420091526837594,0.9140201915790035,-0.0020558290314659764,0.002934342386193732,0.06390893484580461,0.034045801070298434,-0.008598007547319115,0.049916160077664105,-0.0011068634592575934,-0.0013874255176145735,0.06383309386196742,0.03399359819079707,-0.008597741637980771,0.04984873764171606,-0.0011081119873760543,-0.0013967599869283986,0.06058182279309762,0.05924566533499129,-0.002702977557014606,0.0605326256822623,-0.0002618762740070701,-0.0002300989674390754,0.024586171047709354,0.01964388158448382,-0.01023317640437775,0.02229367806786034,0.005956142580055236,0.006655738580527119,0.025362742580319078,0.022018898319615187,-0.012314896135916823,0.023865577857491146,0.006382093465347228,0.007005050793288728,-0.0008886459464994995,-0.02250804914490936,-0.03422910067343766,-0.011411482151497555,0.008386319460691044,0.008927698734079705,0.012739348988042406,0.025450491320206554,0.0037053156768157417,0.0019777790324825607,-0.00438430404774521,-0.001710567953219204,0.012529691631796428,0.025432836401054242,0.0037288712585801702,0.001946830079905982,-0.0044058643852894225,-0.0018217276929105308,0.022026144668077282,0.03722440530779856,0.024765062642479983,0.022293542790286117,0.008751817264318729,0.0077492065247406075,-0.011476973773063656,0.012695089852640526,0.005363147460588926,0.000851694082074089,-0.0018366250284319783,-0.002284282283622182,-0.004292188838433276,0.01861346052188786,0.009511265030422798,0.006455444342199647,-0.0037277354184334466,-0.0043349503915375105,-0.022844266965967926,0.008287003593622276,0.004958784329055574,-0.00854125014285177,0.0070110875733518105,0.0069517727192518995,0.8288992057169895,0.6491548708010814,-0.013416246867543403,0.8100810545172812,-0.0012419551200040986,-0.0017977107294872327,-0.027162143385570398,-0.0294452051682987,-0.010324944163338954,-0.02874247040139723,-0.015102996405451248,-0.015585652443151679,-0.010886297423855254,-0.022713860237537995,-0.02053215092412893,-0.016000078003363036,-0.002688392549322033,-0.0024806043987258,-0.05160510909719063,-0.08177520596383053,-0.0536646004600979,-0.0697931714424759,-0.0014520946288471867,-0.0012954385782868783,0.0011659127252793319,-0.01412602181233535,-0.02062884774221592,-0.003964516240047358,-0.006598950191984093,-0.006899774641910312,-0.012837651686351165,-0.020971955527807888,-0.014246458232374512,-0.018156738478717186,0.0006573872513885127,0.00044624049469165996,0.16919482285801754,0.48285408878162517,0.4594176767122581,0.44145739574941867,0.019607908486539816,0.020486730116939675,-0.0274148148817531,-0.02624641207933487,-0.020867373550758773,-0.0321914912055695,0.0019700954913655067,0.0011262952985755157,-0.02175844362330958,0.0074334356825016155,-0.00440952743235678,-0.019445413128559536,0.007829460636264987,0.007403111677286358,-0.0884599059763665,-0.0342239280157606,0.0414126244196973,-0.06684694693271764,0.011450358331215415,0.011221484384970963,-0.0347756081722676,0.005937030155338602,0.0013557091288597114,-0.021469227578556675,0.012131131731423894,0.011611759565666709,-0.0037131002524496844,0.020179992821525293,0.007820524961409142,-0.003096406715091587,-0.005716004592441413,-0.006011542684132902,-0.009829101818116814,0.0723070465146054,0.9714904277674602,-0.0016978289161544609,-0.00570935568422827,-0.019816150756457127,0.02402645545762642,0.9994283231666066,0.9778132854184828,1.0,0.9999249970676641,0.9714897252791274,0.11701246634387683,0.9690404233417985,0.9140201915790018,0.8448266381199261,0.9714904277674602
in_BTC_median,0.969480099361297,-0.0021778942551967497,-0.06740096101144703,-0.02027127212775997,0.02398111654898047,-0.018729082064698414,-0.008744606559659708,0.9995035657020434,0.9758502371464551,0.015216134529129243,0.9999249970676688,-0.004490609567893559,-0.005539221368507655,0.019554196518383582,0.029686611265208905,0.11576601889791091,0.9670479829775632,0.9408962995942161,0.9131992371022639,-0.0019939983237564044,0.0029998419736059472,0.06395232115497683,0.033899764477460896,-0.008660103358093436,0.04994501935054567,-0.0011821724937868005,-0.0015849829477283517,0.06387639723352452,0.033847515857343156,-0.008659829515367033,0.04987752727896583,-0.0011835669156908955,-0.0015936944286306088,0.06064489555326301,0.0592776966749977,-0.0028638000612448843,0.060592711395998554,-9.169547921004062e-05,-0.00013686049771679623,0.024636431348040635,0.019588464042772535,-0.010353529320049591,0.022329092706113156,0.006075683790753239,0.006856103812808868,0.025415617142659466,0.02197951994411948,-0.012466522362915036,0.02390799367458986,0.006523967062457484,0.007209278856058577,-0.000829000288131798,-0.023043770189707147,-0.034827729583610495,-0.011571867334931936,0.008608569496484008,0.009203898217398174,0.012505915598958504,0.025194566701389424,0.003561299104412713,0.0018227008106835108,-0.004327398102699643,-0.0016313102949398217,0.012295667493333745,0.025177233209012058,0.003585111159446011,0.001791850997166166,-0.004348836415740561,-0.001742633584301177,0.022068361402656472,0.037009162496437216,0.02464111829758727,0.022209881678037596,0.008730511542180085,0.00772910773557357,-0.011483719200530889,0.012619602338668686,0.005329170977046758,0.0008356477381995315,-0.0018047841236058888,-0.002187331488216242,-0.004342860799558731,0.01856995237046274,0.00951011409965133,0.006466288255267325,-0.0036892477675287815,-0.004230897141250956,-0.02290058721648674,0.007999766511973167,0.004854968603163254,-0.008675134057537438,0.007038093464395168,0.00700210553712256,0.8289888828183818,0.64757561263281,-0.015070329750770215,0.8099094636255987,-0.001455248030546045,-0.0020389725828417918,-0.027228606918365306,-0.0295351492231915,-0.010435801591077926,-0.028828187875387084,-0.015253662397859797,-0.01572239108279598,-0.010824941244487168,-0.022970488777732986,-0.020865702530888146,-0.016023268710891988,-0.0026631330120158872,-0.0025479588632961814,-0.051383015014630794,-0.08218882417405238,-0.054439802692807904,-0.06985755009931975,-0.0015679216070131079,-0.0014089610846713856,0.0011981431990262376,-0.014566014239982484,-0.021132920801809882,-0.004054642145519818,-0.006540328349349082,-0.006838975836991713,-0.012802190766304518,-0.02150828207468567,-0.014802805987632736,-0.01854548337194456,0.0006673927875867834,0.0004083010086946705,0.1689561772839849,0.48178884733241184,0.45880058145103825,0.44097154740149763,0.019605875043744704,0.02050714938954958,-0.027497586298772227,-0.026366677555770875,-0.020868339257538504,-0.032261990328553855,0.0018921493674941296,0.00109023792332636,-0.021720336559799585,0.007198998141345223,-0.004511767073307233,-0.019469804162577358,0.007843704758261044,0.007405045692411546,-0.08832779662785788,-0.03439712344873243,0.04132695246075778,-0.06691939203764272,0.01140591661282534,0.011188681611111547,-0.034708399192794157,0.005885007090748788,0.001411272373196359,-0.02137775471653403,0.012095847162424333,0.01157414824452819,-0.003721765304747563,0.020057620048879492,0.00765105429999975,-0.0032102871359054016,-0.005607409449624561,-0.0058799529147476074,-0.010288223913624002,0.07208660879046984,0.9694800993612933,-0.0021778942551967523,-0.0061624815034435594,-0.02027127212776007,0.023981116548980504,0.9995035657020301,0.975850237146459,0.9999249970676641,1.0,0.9694793873024301,0.11576601889791038,0.9670479829775722,0.9131992371022687,0.844570870545893,0.9694800993612933
in_BTC_total,0.9999999997403795,0.02998280061505971,-0.05783402519068251,0.012816918066095567,0.025279742695665734,0.01092095823752376,0.0038879855183364554,0.9678723347246474,0.9946146961521753,0.18639551700587625,0.9714897252791433,-0.0024939666738928385,-0.002217146460490014,0.02104849267149483,0.02882419475745849,0.18062524233659621,0.9938019141607851,0.9435118067495101,0.9158962002181283,-0.0041986904517731394,0.00014519287419683785,0.0678712185762094,0.04684610262664491,-0.001634768302272655,0.05567839548305422,-0.0012066374097936083,0.0004657767266812798,0.06769752683224957,0.046729009292780586,-0.0016355315408423698,0.055528290197864344,-0.0012076326866083216,0.00043804285306789966,0.12865431062388658,0.1302243436810425,0.015046210483907002,0.12881934269300743,-0.0034127907526533222,-0.0013569780070006485,0.02242006304587265,0.02184730099533211,-0.0044075222487368095,0.02090817115773827,0.0029418071519878176,0.0038572587365934526,0.023095662348096076,0.02327319146156149,-0.004842835989142584,0.02217856945684631,0.003129271881959505,0.0042309990045993175,-0.0003190048070813957,-0.003865131625984272,-0.017179146703824446,-0.004295787412204777,0.00488834390551287,0.005365084469174847,0.04817965177063166,0.04420663310673044,0.014630251958434808,0.02078285803613538,-0.005029322204649397,-0.0029892861984224385,0.04756925634610175,0.044170551213218626,0.014696457426383197,0.02068398443957164,-0.005052491478288987,-0.0030878654024145405,0.07042057736194228,0.08929887798795595,0.07337447703840651,0.07241293392294795,0.011325560127190267,0.010063373924554732,-0.01005885326261388,0.015451521570271867,0.00625904673251313,0.0015846372809650206,-0.0016301364911961555,-0.003225597258317418,-0.0020627941558079756,0.02065075894994004,0.010116805076159687,0.007016320838487478,-0.0036553930865609666,-0.005400151689479567,-0.017037291558843096,0.018322394130680653,0.008066496751226573,-0.0018362720696314405,0.007866394918522451,0.007270909263899087,0.8025563903580938,0.6789931526636789,0.03365572844361705,0.7919342887794594,0.0011677624444509655,0.0021747945925564205,-0.024278770325754644,-0.025747619939405362,-0.00589364503805597,-0.025237595998012823,-0.013189848085115754,-0.014649788918370328,-0.012013038741889337,-0.009065064368491537,-0.008845181506839318,-0.014578216486164298,-0.0057532507392550275,-0.004113800042447746,-0.05811165904718658,-0.06862496988222765,-0.032368160431445706,-0.0675546269435725,-0.002622266572498899,-0.002484732355913232,0.0006968623039481216,0.010019760094397786,0.002503051875745154,0.0009341825271055059,-0.010854649634048932,-0.011444120245748653,-0.013356348403914427,-0.003194911426071938,0.002140514665099561,-0.005831719186623104,0.0025834556142609252,0.0027103855384991962,0.18833033239341876,0.5030346530685023,0.4632966841657377,0.45335920708732713,0.018031929708422184,0.018428332226515506,-0.02388230887273832,-0.021833636459435615,-0.020475003248552913,-0.02886943294295228,0.00469696992403137,0.0031195351771131545,-0.02175115908326187,0.012949895202907772,-0.002043207088875931,-0.01805992036423495,0.008188516127097383,0.008179780941970976,-0.08742612183545297,-0.02882184447820851,0.040319820124126216,-0.06284664525909117,0.012508685601098607,0.012225765713333387,-0.03500380434371456,0.00821774421565833,0.00043390194024486736,-0.022423477902671244,0.014118999234436156,0.013679864111580571,-0.003276217080485536,0.02492212658375274,0.013888523925748618,0.0011564517536075574,-0.005495003362690939,-0.006121170077225362,0.017208556092056584,0.07908668171969191,0.9999999997403736,0.029982800615059545,0.024486443661460897,0.01281691806609556,0.02527974269566558,0.9678723347246511,0.9946146961521708,0.9714897252791274,0.9694793873024301,1.0,0.1806252423365957,0.9938019141607828,0.915896200218129,0.8374126193755762,0.9999999997403736
out_BTC_min,0.18062321309864637,0.09442639683730894,0.013726510787951172,0.11096695538321598,-0.003870648855932846,0.10009675450669099,0.011326569539827093,0.1141586122676887,0.12435993072929649,0.08002759075361199,0.11701246634387646,0.009942977949185774,0.01093667643167656,-0.0038707562906940395,-0.0007032925152135012,0.9999999999999948,0.16285301538323807,0.10069004638608889,0.25543638787797307,-0.014375915572016758,-0.014480787223827273,0.032333805159415654,0.0322322789484097,0.01288342473362729,0.03298169043274463,-0.0007267559744941088,0.0007321201979131714,0.03168666759521033,0.03181988671258,0.01288351195262751,0.032434342790158194,-0.0007272420298397934,0.0007278542403641674,0.45163916881997235,0.445808891940543,-0.0016581447139819986,0.4514937349303426,-0.0013644518054159581,-0.002186237557089882,0.0020112665546955207,0.004545848368009412,0.005258160366491405,0.002642130088504218,-0.009666484102586397,-0.010002075188256394,8.165733267805961e-05,0.00218654928972736,0.007467195503293072,0.0008128936805578649,-0.009789339921428419,-0.010011929653525218,0.011446295106339956,0.04249371203713105,0.02976921778112709,0.025090880111712708,-0.01066288761493994,-0.010501024189808104,0.36650296915018,0.08847803724291561,0.04371036138503917,0.1358575496732146,-0.010864137507741784,-0.011097590593180452,0.364001075688531,0.08846625805410026,0.04407511366404089,0.13548671337976728,-0.010875622783370857,-0.011107811827276739,0.3208547875677553,0.26189608040400497,0.25812082905632106,0.27636111338094127,0.008861570808073527,0.00909252631176772,0.06953484898521481,0.011094729124210449,0.004296650644082179,0.01959041143885323,-0.007721020009074826,-0.007882764176527937,0.11279945034674958,0.011755023165680707,0.004519458895156335,0.020647491561743267,-0.008575342378364149,-0.008748627590186651,0.08664801632885988,0.019295698285899835,-0.0093358418884194,0.049126353756244884,0.004443097686107645,0.00440203452370052,0.10050833249325909,0.16866603872254562,0.09802324084608681,0.11548978333256897,0.010955400285266809,0.014112369958973692,-0.001154002226191541,0.00011933036455763455,0.006112970277160697,-4.265656268710233e-05,0.013116417347857115,0.011896423627774617,-0.0016559949502361546,0.04550902420408597,0.02742498924081521,0.004416212405525117,-0.012386428990089413,-0.008550395385992206,-0.014854276431434532,0.026970160597848958,0.040609282178286764,0.008565025964474213,-0.005362691988533223,-0.005182590578786354,0.09591126834972918,0.14072617990965355,0.07216418012582543,0.10863512801084395,-0.02175875049454272,-0.022120130878004466,-0.003695155547084737,0.03166763064949881,0.02163763501318638,0.0070422874224224065,-0.003241663854836719,-0.0029362987888228477,0.2195225448121054,0.12500407282461481,0.07324598582017725,0.18439915792434222,-0.00853471558273819,-0.008376703662133587,0.00089263534137725,-0.007651202860883222,-0.016500536329144333,-0.0025278565561211988,0.01310260340224139,0.013157673351541936,-0.00363243821699516,-0.01864432228545925,-0.017276085369275877,-0.015536643113868463,0.0055993927740330685,0.005537603177227133,0.01598689141816049,-0.013686782988759097,-0.027182238273789728,0.0006116322696389066,0.010139325417144822,0.010138315285089227,-0.007618903718802104,-0.029151352917102757,-0.026633523320805153,-0.02714738315939328,0.010347539872311497,0.01049098769503638,0.006944995759453293,-0.0016929437893298993,-0.0008300663218599487,0.005764538947475951,-0.006957944924423454,-0.0069032219846666765,0.06479635223805286,-0.009384769049032052,0.18062321309864393,0.09442639683730872,0.08635530824048264,0.11096695538321599,-0.003870648855932781,0.11415861226768832,0.12435993072929682,0.11701246634387683,0.11576601889791038,0.1806252423365957,1.0,0.1628530153832387,0.25543638787797585,0.25777822830226305,0.18062321309864393
out_BTC_max,0.993802027614448,0.024808986328785147,-0.06247449077457291,0.009931932545172825,0.012876827250128979,0.007589443437134882,0.0040238255076284635,0.9657757364150368,0.991679191013024,0.17902329869682662,0.9690404233417915,-0.002494057641138656,-0.002765456489813569,0.008846976895870847,0.02529432624093499,0.16285301538323768,0.9999999999999937,0.9651628810082786,0.938338217341977,-0.0036337698274810344,0.0006589054523463125,0.06469102509029181,0.042657014093725756,-0.0038111574576249014,0.05205615224755328,-0.001168955729362892,0.00021323541928313064,0.06455513295578416,0.042564897946306676,-0.003811625746092523,0.05193805445613155,-0.001169964611741613,0.00018563583937090066,0.1021645660202653,0.10295692680629176,0.009043071895657982,0.1022355172618485,-0.002980611012666534,-0.0010482821087041923,0.022956843335902085,0.021622542938342183,-0.005870566842913192,0.02124451444230871,0.0033400065787722896,0.004116708828013489,0.023748542074623628,0.023360364671505134,-0.006720470547906664,0.02265287769878305,0.0035671467202397986,0.004515598678564168,-0.002036181233831997,-0.007449938379001294,-0.019834961359848892,-0.006742754481096046,0.005337411613156361,0.005761519303738944,0.03908864324740695,0.03747027699742063,0.010554422441244014,0.013601385799404973,-0.004845431488131217,-0.002859374784128248,0.038634584537385754,0.037435528044392756,0.010599217945311929,0.013523567397791128,-0.004868768464269662,-0.0029625389901069706,0.05217051859426221,0.07324000878529631,0.05856842650911224,0.05676563569704122,0.011059179743384981,0.009784339310002986,-0.010248075574799313,0.014515428668162493,0.006038248984313916,0.0010650354100189931,-0.0010297369746055103,-0.002523333965581743,-0.0019371619789936214,0.020112703282377895,0.010137682183299478,0.006744261426691316,-0.002982495830937857,-0.004638980776982524,-0.018411161756295976,0.014594848527630652,0.007557903479053419,-0.0037331093563976276,0.007275238209571951,0.006782123455003734,0.7991721734401885,0.6724512635922507,0.027319695098325908,0.7870203782668947,0.0005646809377255418,0.0013830039753895322,-0.02558095457884809,-0.02721704255862215,-0.006699837909125346,-0.02667153249278125,-0.013732491889256696,-0.014882540063505298,-0.012866557420577778,-0.012052443301955977,-0.011448624630320599,-0.016021986563398257,-0.004719659827730549,-0.003254799706075805,-0.0612667154588989,-0.07447892832824454,-0.036456586988401984,-0.07240406749779273,-0.001963238685502593,-0.0018426787242006842,-0.000141144760803937,0.005448848691547467,-0.003477534186750045,-0.001957374783133435,-0.009560735572135886,-0.010040880474466133,-0.013779173909261902,-0.00465646538170789,0.0011767852179388506,-0.006722953852427083,0.0020775925332251668,0.0022465690606891012,0.19115247381108225,0.4989742865937385,0.4691252854373726,0.4611181204546696,0.01904619940132256,0.01914935492861831,-0.025273045545350047,-0.02434684651040682,-0.021291261390494375,-0.030331122965379133,0.0029993407140329613,0.0013691224891973696,-0.022004919464374925,0.00933685603856014,-0.0026732823143545714,-0.01858491307591981,0.007589187707748909,0.007652685481740055,-0.08942218465225159,-0.03205946610294647,0.042444162839163066,-0.06588629205244986,0.01139910301203979,0.011132352127261477,-0.03556495624872279,0.005734885590475286,0.0005823380261136477,-0.022648040840153885,0.013295492481519382,0.01281872230769447,-0.003419510932281236,0.02023292028766031,0.011429679348985733,-0.000599485606502205,-0.005720144570801339,-0.0063595298992151425,0.013878320092042195,0.06395231880723237,0.9938020276144527,0.024808986328785174,0.015657061594216315,0.009931932545172734,0.01287682725012902,0.9657757364150353,0.9916791910130324,0.9690404233417985,0.9670479829775722,0.9938019141607828,0.1628530153832387,1.0,0.938338217341978,0.8733313254325066,0.9938020276144527
out_BTC_mean,0.9158965438370804,0.012377809728869303,-0.08840622658470171,0.012812514221136249,-0.007762655020470585,0.008648261096100176,0.006166355017125777,0.9126167772565076,0.9079650881686178,0.07076733892267113,0.9140201915790092,-0.0030087127923443934,-0.0038161335002232003,-0.007693811391465834,-0.0018088788674916684,0.25543638787797224,0.9383382173419696,0.9833937297226768,0.9999999999999993,-0.00520403651551604,-0.004738629828631162,0.02374837187879046,0.013176094083384597,-0.004282509376335556,0.017841217451480772,-0.0014782126633018614,-0.001612685520401683,0.023575894440476503,0.01306489741221898,-0.0042824890231357845,0.0176941591600257,-0.0014791734302269572,-0.001627082686985895,0.12236136764630566,0.12056842370401735,-0.0024395978882068695,0.1222678385949319,-0.0013514933682841875,-0.0008314173316676184,0.015099692994661811,0.01238919519821685,-0.00728203876027054,0.01358569509801877,0.0032458121993644536,0.00351908564330941,0.015777347658206497,0.014019429316916064,-0.00848838917311971,0.014750645032302992,0.0034542022158809966,0.0038245289803298175,-0.009943234459500273,-0.018239128399750257,-0.022587399597351482,-0.015226886659933424,0.005178182854430254,0.00554427686243615,0.07263747365551672,0.017201208422843003,0.007078297850075384,0.02549618573235002,-0.0072298634367735995,-0.007142428924197566,0.0719433125131184,0.017185570636559212,0.007163941060124691,0.025384356938364872,-0.00725404930002852,-0.007173614121955091,0.08281291844009438,0.0790447980115729,0.07793854598617835,0.0820649264879897,0.009066749092386818,0.00915342607971472,-0.0036794381415946186,0.006629814915296185,0.007401406352283717,0.006837892475013701,-0.002442448139666369,-0.0027580378027421953,0.008107266867813571,0.012019969254630038,0.011730957937890288,0.012936561986925839,-0.00440262364528503,-0.004759906968285076,-0.00712736559452001,-0.012361446751527564,-0.0009192649043508581,-0.006660005462051611,0.004344186434965981,0.004242416478660327,0.7527235413461406,0.617918784923019,0.015290407091299248,0.7401525900419266,0.0005289753050426207,0.0009930464204667487,-0.03399722771415416,-0.03595961004444109,-0.00719989523834174,-0.035369096894913535,-0.012237953852337828,-0.013093070281605257,-0.016772964023274984,-0.015316343062999439,-0.012209633027677158,-0.019747202529160044,-0.004795122436479539,-0.00374815785238665,-0.08456136071354617,-0.09842047995695377,-0.03741754262091681,-0.09592588369856722,-0.00241746134944471,-0.002265141860571428,0.006489914265462296,0.009853802960908313,-0.0022172144282246627,0.005231844375531318,-0.009852981351886295,-0.010222470984801555,-0.015150189780039089,-0.010231694678788579,-0.004445536496348979,-0.014398425292991178,0.00015718349695505415,-1.980336491890534e-06,0.22836275248181706,0.4664004451996736,0.47319670301434946,0.4966045734574299,0.01595000335308593,0.01602567791808735,-0.03330351323027007,-0.046621903331006846,-0.03445060429675171,-0.03976548338720381,1.9735785722126383e-05,-0.00038018043643907323,-0.021223576070405446,-0.026554724285031667,-0.016119520717714796,-0.02650943131251222,0.005139518780309702,0.005077121678919287,-0.08172802127181182,-0.058448669332892465,0.035600563579531105,-0.08064061032638428,0.00845660287319209,0.008376566061580229,-0.034907431563612826,-0.0305190278479158,-0.013195488637961736,-0.03222385401920536,0.010456146785738708,0.010520499078110316,-0.001516176256831233,-0.010054408207493244,-0.008475109597536319,-0.005502396941642575,-0.009485601026814394,-0.009545726173594728,0.013326796432384614,0.01432984363402836,0.9158965438370771,0.01237780972886932,0.006467331866965176,0.012812514221136273,-0.007762655020470517,0.9126167772565199,0.9079650881686193,0.9140201915790018,0.9131992371022687,0.915896200218129,0.25543638787797585,0.938338217341978,1.0,0.9826159053029154,0.9158965438370771
out_BTC_median,0.8374129573144965,0.010274701302865537,-0.09408286355747031,0.011976868934600869,-0.008878596012239042,0.007546375195985407,0.006548939947046426,0.8441519699484465,0.8286200227286948,0.026742651925368083,0.8448266381199215,-0.0031776928820483295,-0.0037290910232806343,-0.008831473887406212,-0.0018900418588489434,0.25777822830226466,0.8733313254325091,0.9509712896941448,0.9826159053029172,-0.00521138015357699,-0.005288360591088927,0.019149606193601197,0.008484938461870765,-0.005422120382530794,0.013623578720572524,-0.0013468338105645176,-0.0020103543781961894,0.018977222487648174,0.008374115486105012,-0.005422036923559092,0.013476778099133516,-0.00134778593950042,-0.0020193462971554586,0.12171590128109586,0.11972257696716687,-0.0036193806115756167,0.1216046423034437,-0.00033147605238949843,-0.00040668933987304156,0.015167468949375939,0.011850327871994684,-0.007883706311629515,0.0136400035722743,0.0035358271399240676,0.0037834927626603293,0.015841025024770736,0.013490218865153813,-0.009382394790061525,0.01479370714048924,0.0037418124512890016,0.004051907766667812,-0.010076184889321731,-0.020208490865512043,-0.024026672243785952,-0.01588390334871435,0.005402346490746235,0.005849928707186169,0.07347460448718697,0.013442237531311697,0.006036023109881571,0.025952333819978735,-0.007677566703502264,-0.007811671870152799,0.07276792058631018,0.013428933967020714,0.006124169432864335,0.025838933174603024,-0.007700775064397883,-0.007831345127554774,0.08435999766600773,0.07789909371431662,0.0784362940003071,0.08322647201670733,0.008722958723016138,0.008952290760228463,-0.0031220296100819387,0.0062806663249414425,0.008327851879524244,0.008447567389152807,-0.002348916991846808,-0.002194961667588629,0.008651136155747304,0.011628177964622158,0.012704267021290976,0.01458073164385334,-0.0043443496912850075,-0.004228732814523615,-0.005484521735687536,-0.01686168771998979,-0.002140768113430714,-0.007212928131479759,0.003153302508677121,0.0031279633857898745,0.6947904176336273,0.5631254396983699,0.008058229031601975,0.6824072736768885,0.0004568287361571737,0.0007707570962067131,-0.03669009763669473,-0.03869866634813496,-0.007104680571220727,-0.03810826706258696,-0.012003471856868527,-0.012744674497450459,-0.016577381553090048,-0.015789321370512158,-0.01262028395211675,-0.019605903605098358,-0.004348679271834265,-0.003601424856254526,-0.08964974790981062,-0.10442251434101957,-0.0381714795798499,-0.10134424894422776,-0.002347170353102789,-0.002179135131683985,0.006836665067699218,0.00922814694414981,-0.0028158813665562442,0.005510805231223143,-0.009268948248657765,-0.009614025786562475,-0.014901532534994107,-0.012281475552429004,-0.0066618417033793235,-0.016545980732928983,-0.0005242392299491107,-0.0008190055565211259,0.23238832763571968,0.43547423667344237,0.45551151502034454,0.49025345895529665,0.015173896380803117,0.015273766848894267,-0.03583771618382472,-0.050907297847278,-0.03635685257429087,-0.04240815252284732,-0.0017724299509032755,-0.0018251727456138778,-0.02069001127253508,-0.03137960163385179,-0.018273939549278164,-0.02756251329753318,0.003257694918195443,0.003269641682778591,-0.08175237501142914,-0.06447476026115649,0.03506986331186706,-0.0845779790864437,0.006562474529548197,0.006560891928935408,-0.034084237491081665,-0.03551941509474505,-0.014837345446883709,-0.0327973458739789,0.008390548612435857,0.008500132949638388,-0.0011937663499726147,-0.013177866920061244,-0.011937596525664994,-0.006645275887575372,-0.010778023836779801,-0.010606627332901802,0.012260683415677624,0.006894154476885826,0.8374129573144933,0.010274701302865544,0.005124081177930659,0.011976868934600794,-0.008878596012239195,0.8441519699484411,0.8286200227286972,0.8448266381199261,0.844570870545893,0.8374126193755762,0.25777822830226305,0.8733313254325066,0.9826159053029154,1.0,0.8374129573144933
out_BTC_total,1.0000000000000009,0.029960023954308922,-0.05783906580510033,0.012804782780635942,0.025276584826675105,0.010908585887127882,0.0038858174604138687,0.9678730476447708,0.994615066690438,0.18639480437359615,0.9714904277674651,-0.0024943425961820274,-0.0022182278624378747,0.021045537374761274,0.028822251898268654,0.18062321309864507,0.9938020276144469,0.9435124206848576,0.9158965438370785,-0.004198243654264254,0.00014558903829715853,0.0678712365679428,0.04684540314186021,-0.0016347996496562998,0.05567848790612386,-0.0012067958245606239,0.00046537245729559053,0.0676975450416514,0.04672831099994519,-0.0016355625568868614,0.05552838285097822,-0.0012077912578721626,0.00043763834541041486,0.12865417906252583,0.1302229821982351,0.015041124181120098,0.1288191643336981,-0.003412590286052531,-0.0013567976980666965,0.022420493900418066,0.021847310242665927,-0.004407746333158384,0.02090858592236852,0.0029418670779711277,0.0038572607658708315,0.02309615550802781,0.023273497593878194,-0.004842924569783924,0.02217906322825883,0.003129336114164348,0.004231012255452518,-0.0003182189644611232,-0.0038670906936012044,-0.01718102367004999,-0.004295694484149924,0.004888479873335702,0.005365260646679389,0.048177595841851856,0.04420553627833559,0.014630268649776386,0.020782563605256602,-0.00502909930127067,-0.002989067225400124,0.04756719842696019,0.04416945821922164,0.014696477148153907,0.02068369255637247,-0.005052267626999214,-0.0030876491578272314,0.07042054674723329,0.08929606642642672,0.07337237468818153,0.07241108790766605,0.011325784410993986,0.010063662525319102,-0.010059118801542803,0.015451496053028741,0.006259483991987088,0.0015851081927822387,-0.0016299505633194046,-0.003225401056368601,-0.0020634808442372633,0.02065101174414318,0.010117357912908742,0.007016830488303199,-0.00365515419238039,-0.005399903827940345,-0.017037081571206293,0.0183212743333996,0.00806690312732255,-0.0018358845715453315,0.007866279133231641,0.007270835191137363,0.8025570587159975,0.678989638783264,0.03365315764008253,0.7919346170345706,0.0011676176668032638,0.0021744750246356953,-0.024282313963551707,-0.0257513145950805,-0.005893962935033796,-0.0252412548019476,-0.01318980251180779,-0.014649605208175808,-0.012014892890107851,-0.009072269645095424,-0.008849444699918253,-0.014580977133658558,-0.005753388103197126,-0.004114112683732272,-0.058112369626417214,-0.06862935614358474,-0.032371286997493344,-0.06755771670588323,-0.002622509318074074,-0.0024849927388487627,0.0006968509972441199,0.010013248461424323,0.002499342034999789,0.0009337049129292277,-0.010854677482057906,-0.011444260442553011,-0.013356411589679762,-0.003196326541661445,0.0021397982758966073,-0.005832148976269722,0.0025833931267001693,0.0027102111063952113,0.18833005009506762,0.5030332882429274,0.46329639694735275,0.45335896662471703,0.01803191362570143,0.018428294674123987,-0.023885747884316907,-0.02183747929105178,-0.02047536659468924,-0.02887282566029647,0.004696647442510181,0.0031191949997119786,-0.02175187933209563,0.012945885565739054,-0.0020455934175697753,-0.01806215665599771,0.00818819335698021,0.00817944230643511,-0.08742761859149216,-0.028824612697321134,0.04031991401344402,-0.0628494791014196,0.012508281850550237,0.01222534669221316,-0.03500366001406521,0.008215648879244147,0.0004331346963566293,-0.022423933947001606,0.014118415885633444,0.013679282878423989,-0.003276331330420598,0.02491851258281479,0.013886849364848792,0.001155686097105763,-0.005494822074057659,-0.006120998832669621,0.017198896977311876,0.0790830768404044,1.0,0.029960023954308922,0.024474973382164603,0.012804782780635909,0.025276584826675164,0.9678730476447649,0.9946150666904453,0.9714904277674602,0.9694800993612933,0.9999999997403736,0.18062321309864393,0.9938020276144527,0.9158965438370771,0.8374129573144933,1.0
