strategy,lag,level,step,window,K,n_labeled,n_illicit,flagged,tp,precision_at_k,recall_at_k,base_rate,lift_over_base,max_possible_precision,max_possible_recall
static,1,step,35,35-42,20,1341,182,20,20,1.0,0.10989010989010989,0.13571961222967935,7.368131868131868,1.0,0.10989010989010989
static,1,step,35,35-42,50,1341,182,50,50,1.0,0.27472527472527475,0.13571961222967935,7.368131868131868,1.0,0.27472527472527475
static,1,step,35,35-42,100,1341,182,100,100,1.0,0.5494505494505495,0.13571961222967935,7.368131868131868,1.0,0.5494505494505495
static,1,step,36,35-42,20,1708,33,20,20,1.0,0.6060606060606061,0.019320843091334895,51.75757575757576,1.0,0.6060606060606061
static,1,step,36,35-42,50,1708,33,50,32,0.64,0.9696969696969697,0.019320843091334895,33.124848484848485,0.66,1.0
static,1,step,36,35-42,100,1708,33,100,33,0.33,1.0,0.019320843091334895,17.080000000000002,0.33,1.0
static,1,step,37,35-42,20,498,40,20,20,1.0,0.5,0.08032128514056225,12.45,1.0,0.5
static,1,step,37,35-42,50,498,40,50,31,0.62,0.775,0.08032128514056225,7.719,0.8,1.0
static,1,step,37,35-42,100,498,40,100,38,0.38,0.95,0.08032128514056225,4.731,0.4,1.0
static,1,step,38,35-42,20,756,111,20,20,1.0,0.18018018018018017,0.14682539682539683,6.8108108108108105,1.0,0.18018018018018017
static,1,step,38,35-42,50,756,111,50,50,1.0,0.45045045045045046,0.14682539682539683,6.8108108108108105,1.0,0.45045045045045046
static,1,step,38,35-42,100,756,111,100,99,0.99,0.8918918918918919,0.14682539682539683,6.742702702702703,1.0,0.9009009009009009
static,1,step,39,35-42,20,1183,81,20,20,1.0,0.24691358024691357,0.06846999154691462,14.60493827160494,1.0,0.24691358024691357
static,1,step,39,35-42,50,1183,81,50,50,1.0,0.6172839506172839,0.06846999154691462,14.60493827160494,1.0,0.6172839506172839
static,1,step,39,35-42,100,1183,81,100,76,0.76,0.9382716049382716,0.06846999154691462,11.099753086419755,0.81,1.0
static,1,step,40,35-42,20,1211,112,20,20,1.0,0.17857142857142858,0.09248554913294797,10.8125,1.0,0.17857142857142858
static,1,step,40,35-42,50,1211,112,50,50,1.0,0.44642857142857145,0.09248554913294797,10.8125,1.0,0.44642857142857145
static,1,step,40,35-42,100,1211,112,100,77,0.77,0.6875,0.09248554913294797,8.325625,1.0,0.8928571428571429
static,1,step,41,35-42,20,1132,116,20,20,1.0,0.1724137931034483,0.10247349823321555,9.758620689655173,1.0,0.1724137931034483
static,1,step,41,35-42,50,1132,116,50,50,1.0,0.43103448275862066,0.10247349823321555,9.758620689655173,1.0,0.43103448275862066
static,1,step,41,35-42,100,1132,116,100,100,1.0,0.8620689655172413,0.10247349823321555,9.758620689655173,1.0,0.8620689655172413
static,1,step,42,35-42,20,2154,239,20,20,1.0,0.08368200836820083,0.11095636025998143,9.01255230125523,1.0,0.08368200836820083
static,1,step,42,35-42,50,2154,239,50,50,1.0,0.20920502092050208,0.11095636025998143,9.01255230125523,1.0,0.20920502092050208
static,1,step,42,35-42,100,2154,239,100,100,1.0,0.41841004184100417,0.11095636025998143,9.01255230125523,1.0,0.41841004184100417
static,1,step,43,43-49,20,1370,24,20,0,0.0,0.0,0.017518248175182483,0.0,1.0,0.8333333333333334
static,1,step,43,43-49,50,1370,24,50,1,0.02,0.041666666666666664,0.017518248175182483,1.1416666666666666,0.48,1.0
static,1,step,43,43-49,100,1370,24,100,5,0.05,0.20833333333333334,0.017518248175182483,2.8541666666666665,0.24,1.0
static,1,step,44,43-49,20,1591,24,20,1,0.05,0.041666666666666664,0.01508485229415462,3.3145833333333337,1.0,0.8333333333333334
static,1,step,44,43-49,50,1591,24,50,2,0.04,0.08333333333333333,0.01508485229415462,2.651666666666667,0.48,1.0
static,1,step,44,43-49,100,1591,24,100,3,0.03,0.125,0.01508485229415462,1.9887499999999998,0.24,1.0
static,1,step,45,43-49,20,1221,5,20,0,0.0,0.0,0.004095004095004095,0.0,0.25,1.0
static,1,step,45,43-49,50,1221,5,50,0,0.0,0.0,0.004095004095004095,0.0,0.1,1.0
static,1,step,45,43-49,100,1221,5,100,0,0.0,0.0,0.004095004095004095,0.0,0.05,1.0
static,1,step,46,43-49,20,712,2,20,1,0.05,0.5,0.0028089887640449437,17.8,0.1,1.0
static,1,step,46,43-49,50,712,2,50,1,0.02,0.5,0.0028089887640449437,7.12,0.04,1.0
static,1,step,46,43-49,100,712,2,100,2,0.02,1.0,0.0028089887640449437,7.12,0.02,1.0
static,1,step,47,43-49,20,846,22,20,0,0.0,0.0,0.026004728132387706,0.0,1.0,0.9090909090909091
static,1,step,47,43-49,50,846,22,50,0,0.0,0.0,0.026004728132387706,0.0,0.44,1.0
static,1,step,47,43-49,100,846,22,100,1,0.01,0.045454545454545456,0.026004728132387706,0.3845454545454546,0.22,1.0
static,1,step,48,43-49,20,471,36,20,1,0.05,0.027777777777777776,0.07643312101910828,0.6541666666666667,1.0,0.5555555555555556
static,1,step,48,43-49,50,471,36,50,7,0.14,0.19444444444444445,0.07643312101910828,1.831666666666667,0.72,1.0
static,1,step,48,43-49,100,471,36,100,25,0.25,0.6944444444444444,0.07643312101910828,3.2708333333333335,0.36,1.0
static,1,step,49,43-49,20,476,56,20,1,0.05,0.017857142857142856,0.11764705882352941,0.42500000000000004,1.0,0.35714285714285715
static,1,step,49,43-49,50,476,56,50,4,0.08,0.07142857142857142,0.11764705882352941,0.68,1.0,0.8928571428571429
static,1,step,49,43-49,100,476,56,100,26,0.26,0.4642857142857143,0.11764705882352941,2.21,0.56,1.0
expanding,1,step,35,35-42,20,1341,182,20,20,1.0,0.10989010989010989,0.13571961222967935,7.368131868131868,1.0,0.10989010989010989
expanding,1,step,35,35-42,50,1341,182,50,50,1.0,0.27472527472527475,0.13571961222967935,7.368131868131868,1.0,0.27472527472527475
expanding,1,step,35,35-42,100,1341,182,100,100,1.0,0.5494505494505495,0.13571961222967935,7.368131868131868,1.0,0.5494505494505495
expanding,1,step,36,35-42,20,1708,33,20,20,1.0,0.6060606060606061,0.019320843091334895,51.75757575757576,1.0,0.6060606060606061
expanding,1,step,36,35-42,50,1708,33,50,33,0.66,1.0,0.019320843091334895,34.160000000000004,0.66,1.0
expanding,1,step,36,35-42,100,1708,33,100,33,0.33,1.0,0.019320843091334895,17.080000000000002,0.33,1.0
expanding,1,step,37,35-42,20,498,40,20,20,1.0,0.5,0.08032128514056225,12.45,1.0,0.5
expanding,1,step,37,35-42,50,498,40,50,34,0.68,0.85,0.08032128514056225,8.466000000000001,0.8,1.0
expanding,1,step,37,35-42,100,498,40,100,40,0.4,1.0,0.08032128514056225,4.98,0.4,1.0
expanding,1,step,38,35-42,20,756,111,20,20,1.0,0.18018018018018017,0.14682539682539683,6.8108108108108105,1.0,0.18018018018018017
expanding,1,step,38,35-42,50,756,111,50,50,1.0,0.45045045045045046,0.14682539682539683,6.8108108108108105,1.0,0.45045045045045046
expanding,1,step,38,35-42,100,756,111,100,100,1.0,0.9009009009009009,0.14682539682539683,6.8108108108108105,1.0,0.9009009009009009
expanding,1,step,39,35-42,20,1183,81,20,20,1.0,0.24691358024691357,0.06846999154691462,14.60493827160494,1.0,0.24691358024691357
expanding,1,step,39,35-42,50,1183,81,50,50,1.0,0.6172839506172839,0.06846999154691462,14.60493827160494,1.0,0.6172839506172839
expanding,1,step,39,35-42,100,1183,81,100,79,0.79,0.9753086419753086,0.06846999154691462,11.537901234567903,0.81,1.0
expanding,1,step,40,35-42,20,1211,112,20,20,1.0,0.17857142857142858,0.09248554913294797,10.8125,1.0,0.17857142857142858
expanding,1,step,40,35-42,50,1211,112,50,50,1.0,0.44642857142857145,0.09248554913294797,10.8125,1.0,0.44642857142857145
expanding,1,step,40,35-42,100,1211,112,100,78,0.78,0.6964285714285714,0.09248554913294797,8.43375,1.0,0.8928571428571429
expanding,1,step,41,35-42,20,1132,116,20,20,1.0,0.1724137931034483,0.10247349823321555,9.758620689655173,1.0,0.1724137931034483
expanding,1,step,41,35-42,50,1132,116,50,50,1.0,0.43103448275862066,0.10247349823321555,9.758620689655173,1.0,0.43103448275862066
expanding,1,step,41,35-42,100,1132,116,100,100,1.0,0.8620689655172413,0.10247349823321555,9.758620689655173,1.0,0.8620689655172413
expanding,1,step,42,35-42,20,2154,239,20,20,1.0,0.08368200836820083,0.11095636025998143,9.01255230125523,1.0,0.08368200836820083
expanding,1,step,42,35-42,50,2154,239,50,50,1.0,0.20920502092050208,0.11095636025998143,9.01255230125523,1.0,0.20920502092050208
expanding,1,step,42,35-42,100,2154,239,100,100,1.0,0.41841004184100417,0.11095636025998143,9.01255230125523,1.0,0.41841004184100417
expanding,1,step,43,43-49,20,1370,24,20,8,0.4,0.3333333333333333,0.017518248175182483,22.833333333333332,1.0,0.8333333333333334
expanding,1,step,43,43-49,50,1370,24,50,15,0.3,0.625,0.017518248175182483,17.124999999999996,0.48,1.0
expanding,1,step,43,43-49,100,1370,24,100,17,0.17,0.7083333333333334,0.017518248175182483,9.704166666666666,0.24,1.0
expanding,1,step,44,43-49,20,1591,24,20,10,0.5,0.4166666666666667,0.01508485229415462,33.145833333333336,1.0,0.8333333333333334
expanding,1,step,44,43-49,50,1591,24,50,17,0.34,0.7083333333333334,0.01508485229415462,22.539166666666667,0.48,1.0
expanding,1,step,44,43-49,100,1591,24,100,20,0.2,0.8333333333333334,0.01508485229415462,13.258333333333335,0.24,1.0
expanding,1,step,45,43-49,20,1221,5,20,1,0.05,0.2,0.004095004095004095,12.21,0.25,1.0
expanding,1,step,45,43-49,50,1221,5,50,3,0.06,0.6,0.004095004095004095,14.652,0.1,1.0
expanding,1,step,45,43-49,100,1221,5,100,5,0.05,1.0,0.004095004095004095,12.21,0.05,1.0
expanding,1,step,46,43-49,20,712,2,20,1,0.05,0.5,0.0028089887640449437,17.8,0.1,1.0
expanding,1,step,46,43-49,50,712,2,50,2,0.04,1.0,0.0028089887640449437,14.24,0.04,1.0
expanding,1,step,46,43-49,100,712,2,100,2,0.02,1.0,0.0028089887640449437,7.12,0.02,1.0
expanding,1,step,47,43-49,20,846,22,20,12,0.6,0.5454545454545454,0.026004728132387706,23.072727272727274,1.0,0.9090909090909091
expanding,1,step,47,43-49,50,846,22,50,18,0.36,0.8181818181818182,0.026004728132387706,13.843636363636364,0.44,1.0
expanding,1,step,47,43-49,100,846,22,100,20,0.2,0.9090909090909091,0.026004728132387706,7.690909090909091,0.22,1.0
expanding,1,step,48,43-49,20,471,36,20,19,0.95,0.5277777777777778,0.07643312101910828,12.429166666666667,1.0,0.5555555555555556
expanding,1,step,48,43-49,50,471,36,50,33,0.66,0.9166666666666666,0.07643312101910828,8.635000000000002,0.72,1.0
expanding,1,step,48,43-49,100,471,36,100,36,0.36,1.0,0.07643312101910828,4.71,0.36,1.0
expanding,1,step,49,43-49,20,476,56,20,20,1.0,0.35714285714285715,0.11764705882352941,8.5,1.0,0.35714285714285715
expanding,1,step,49,43-49,50,476,56,50,49,0.98,0.875,0.11764705882352941,8.33,1.0,0.8928571428571429
expanding,1,step,49,43-49,100,476,56,100,56,0.56,1.0,0.11764705882352941,4.760000000000001,0.56,1.0
rolling_w5,1,step,35,35-42,20,1341,182,20,20,1.0,0.10989010989010989,0.13571961222967935,7.368131868131868,1.0,0.10989010989010989
rolling_w5,1,step,35,35-42,50,1341,182,50,50,1.0,0.27472527472527475,0.13571961222967935,7.368131868131868,1.0,0.27472527472527475
rolling_w5,1,step,35,35-42,100,1341,182,100,100,1.0,0.5494505494505495,0.13571961222967935,7.368131868131868,1.0,0.5494505494505495
rolling_w5,1,step,36,35-42,20,1708,33,20,20,1.0,0.6060606060606061,0.019320843091334895,51.75757575757576,1.0,0.6060606060606061
rolling_w5,1,step,36,35-42,50,1708,33,50,33,0.66,1.0,0.019320843091334895,34.160000000000004,0.66,1.0
rolling_w5,1,step,36,35-42,100,1708,33,100,33,0.33,1.0,0.019320843091334895,17.080000000000002,0.33,1.0
rolling_w5,1,step,37,35-42,20,498,40,20,20,1.0,0.5,0.08032128514056225,12.45,1.0,0.5
rolling_w5,1,step,37,35-42,50,498,40,50,32,0.64,0.8,0.08032128514056225,7.968,0.8,1.0
rolling_w5,1,step,37,35-42,100,498,40,100,38,0.38,0.95,0.08032128514056225,4.731,0.4,1.0
rolling_w5,1,step,38,35-42,20,756,111,20,20,1.0,0.18018018018018017,0.14682539682539683,6.8108108108108105,1.0,0.18018018018018017
rolling_w5,1,step,38,35-42,50,756,111,50,50,1.0,0.45045045045045046,0.14682539682539683,6.8108108108108105,1.0,0.45045045045045046
rolling_w5,1,step,38,35-42,100,756,111,100,96,0.96,0.8648648648648649,0.14682539682539683,6.538378378378378,1.0,0.9009009009009009
rolling_w5,1,step,39,35-42,20,1183,81,20,20,1.0,0.24691358024691357,0.06846999154691462,14.60493827160494,1.0,0.24691358024691357
rolling_w5,1,step,39,35-42,50,1183,81,50,50,1.0,0.6172839506172839,0.06846999154691462,14.60493827160494,1.0,0.6172839506172839
rolling_w5,1,step,39,35-42,100,1183,81,100,78,0.78,0.9629629629629629,0.06846999154691462,11.391851851851854,0.81,1.0
rolling_w5,1,step,40,35-42,20,1211,112,20,20,1.0,0.17857142857142858,0.09248554913294797,10.8125,1.0,0.17857142857142858
rolling_w5,1,step,40,35-42,50,1211,112,50,50,1.0,0.44642857142857145,0.09248554913294797,10.8125,1.0,0.44642857142857145
rolling_w5,1,step,40,35-42,100,1211,112,100,80,0.8,0.7142857142857143,0.09248554913294797,8.65,1.0,0.8928571428571429
rolling_w5,1,step,41,35-42,20,1132,116,20,20,1.0,0.1724137931034483,0.10247349823321555,9.758620689655173,1.0,0.1724137931034483
rolling_w5,1,step,41,35-42,50,1132,116,50,50,1.0,0.43103448275862066,0.10247349823321555,9.758620689655173,1.0,0.43103448275862066
rolling_w5,1,step,41,35-42,100,1132,116,100,100,1.0,0.8620689655172413,0.10247349823321555,9.758620689655173,1.0,0.8620689655172413
rolling_w5,1,step,42,35-42,20,2154,239,20,20,1.0,0.08368200836820083,0.11095636025998143,9.01255230125523,1.0,0.08368200836820083
rolling_w5,1,step,42,35-42,50,2154,239,50,50,1.0,0.20920502092050208,0.11095636025998143,9.01255230125523,1.0,0.20920502092050208
rolling_w5,1,step,42,35-42,100,2154,239,100,100,1.0,0.41841004184100417,0.11095636025998143,9.01255230125523,1.0,0.41841004184100417
rolling_w5,1,step,43,43-49,20,1370,24,20,9,0.45,0.375,0.017518248175182483,25.6875,1.0,0.8333333333333334
rolling_w5,1,step,43,43-49,50,1370,24,50,13,0.26,0.5416666666666666,0.017518248175182483,14.841666666666667,0.48,1.0
rolling_w5,1,step,43,43-49,100,1370,24,100,14,0.14,0.5833333333333334,0.017518248175182483,7.991666666666667,0.24,1.0
rolling_w5,1,step,44,43-49,20,1591,24,20,10,0.5,0.4166666666666667,0.01508485229415462,33.145833333333336,1.0,0.8333333333333334
rolling_w5,1,step,44,43-49,50,1591,24,50,15,0.3,0.625,0.01508485229415462,19.8875,0.48,1.0
rolling_w5,1,step,44,43-49,100,1591,24,100,19,0.19,0.7916666666666666,0.01508485229415462,12.595416666666667,0.24,1.0
rolling_w5,1,step,45,43-49,20,1221,5,20,1,0.05,0.2,0.004095004095004095,12.21,0.25,1.0
rolling_w5,1,step,45,43-49,50,1221,5,50,5,0.1,1.0,0.004095004095004095,24.42,0.1,1.0
rolling_w5,1,step,45,43-49,100,1221,5,100,5,0.05,1.0,0.004095004095004095,12.21,0.05,1.0
rolling_w5,1,step,46,43-49,20,712,2,20,2,0.1,1.0,0.0028089887640449437,35.6,0.1,1.0
rolling_w5,1,step,46,43-49,50,712,2,50,2,0.04,1.0,0.0028089887640449437,14.24,0.04,1.0
rolling_w5,1,step,46,43-49,100,712,2,100,2,0.02,1.0,0.0028089887640449437,7.12,0.02,1.0
rolling_w5,1,step,47,43-49,20,846,22,20,10,0.5,0.45454545454545453,0.026004728132387706,19.227272727272727,1.0,0.9090909090909091
rolling_w5,1,step,47,43-49,50,846,22,50,16,0.32,0.7272727272727273,0.026004728132387706,12.305454545454547,0.44,1.0
rolling_w5,1,step,47,43-49,100,846,22,100,20,0.2,0.9090909090909091,0.026004728132387706,7.690909090909091,0.22,1.0
rolling_w5,1,step,48,43-49,20,471,36,20,13,0.65,0.3611111111111111,0.07643312101910828,8.504166666666666,1.0,0.5555555555555556
rolling_w5,1,step,48,43-49,50,471,36,50,24,0.48,0.6666666666666666,0.07643312101910828,6.28,0.72,1.0
rolling_w5,1,step,48,43-49,100,471,36,100,33,0.33,0.9166666666666666,0.07643312101910828,4.317500000000001,0.36,1.0
rolling_w5,1,step,49,43-49,20,476,56,20,15,0.75,0.26785714285714285,0.11764705882352941,6.375,1.0,0.35714285714285715
rolling_w5,1,step,49,43-49,50,476,56,50,42,0.84,0.75,0.11764705882352941,7.14,1.0,0.8928571428571429
rolling_w5,1,step,49,43-49,100,476,56,100,56,0.56,1.0,0.11764705882352941,4.760000000000001,0.56,1.0
rolling_w10,1,step,35,35-42,20,1341,182,20,20,1.0,0.10989010989010989,0.13571961222967935,7.368131868131868,1.0,0.10989010989010989
rolling_w10,1,step,35,35-42,50,1341,182,50,50,1.0,0.27472527472527475,0.13571961222967935,7.368131868131868,1.0,0.27472527472527475
rolling_w10,1,step,35,35-42,100,1341,182,100,100,1.0,0.5494505494505495,0.13571961222967935,7.368131868131868,1.0,0.5494505494505495
rolling_w10,1,step,36,35-42,20,1708,33,20,20,1.0,0.6060606060606061,0.019320843091334895,51.75757575757576,1.0,0.6060606060606061
rolling_w10,1,step,36,35-42,50,1708,33,50,33,0.66,1.0,0.019320843091334895,34.160000000000004,0.66,1.0
rolling_w10,1,step,36,35-42,100,1708,33,100,33,0.33,1.0,0.019320843091334895,17.080000000000002,0.33,1.0
rolling_w10,1,step,37,35-42,20,498,40,20,20,1.0,0.5,0.08032128514056225,12.45,1.0,0.5
rolling_w10,1,step,37,35-42,50,498,40,50,33,0.66,0.825,0.08032128514056225,8.217,0.8,1.0
rolling_w10,1,step,37,35-42,100,498,40,100,37,0.37,0.925,0.08032128514056225,4.6065,0.4,1.0
rolling_w10,1,step,38,35-42,20,756,111,20,20,1.0,0.18018018018018017,0.14682539682539683,6.8108108108108105,1.0,0.18018018018018017
rolling_w10,1,step,38,35-42,50,756,111,50,50,1.0,0.45045045045045046,0.14682539682539683,6.8108108108108105,1.0,0.45045045045045046
rolling_w10,1,step,38,35-42,100,756,111,100,99,0.99,0.8918918918918919,0.14682539682539683,6.742702702702703,1.0,0.9009009009009009
rolling_w10,1,step,39,35-42,20,1183,81,20,20,1.0,0.24691358024691357,0.06846999154691462,14.60493827160494,1.0,0.24691358024691357
rolling_w10,1,step,39,35-42,50,1183,81,50,50,1.0,0.6172839506172839,0.06846999154691462,14.60493827160494,1.0,0.6172839506172839
rolling_w10,1,step,39,35-42,100,1183,81,100,80,0.8,0.9876543209876543,0.06846999154691462,11.683950617283951,0.81,1.0
rolling_w10,1,step,40,35-42,20,1211,112,20,20,1.0,0.17857142857142858,0.09248554913294797,10.8125,1.0,0.17857142857142858
rolling_w10,1,step,40,35-42,50,1211,112,50,50,1.0,0.44642857142857145,0.09248554913294797,10.8125,1.0,0.44642857142857145
rolling_w10,1,step,40,35-42,100,1211,112,100,78,0.78,0.6964285714285714,0.09248554913294797,8.43375,1.0,0.8928571428571429
rolling_w10,1,step,41,35-42,20,1132,116,20,20,1.0,0.1724137931034483,0.10247349823321555,9.758620689655173,1.0,0.1724137931034483
rolling_w10,1,step,41,35-42,50,1132,116,50,50,1.0,0.43103448275862066,0.10247349823321555,9.758620689655173,1.0,0.43103448275862066
rolling_w10,1,step,41,35-42,100,1132,116,100,100,1.0,0.8620689655172413,0.10247349823321555,9.758620689655173,1.0,0.8620689655172413
rolling_w10,1,step,42,35-42,20,2154,239,20,20,1.0,0.08368200836820083,0.11095636025998143,9.01255230125523,1.0,0.08368200836820083
rolling_w10,1,step,42,35-42,50,2154,239,50,50,1.0,0.20920502092050208,0.11095636025998143,9.01255230125523,1.0,0.20920502092050208
rolling_w10,1,step,42,35-42,100,2154,239,100,100,1.0,0.41841004184100417,0.11095636025998143,9.01255230125523,1.0,0.41841004184100417
rolling_w10,1,step,43,43-49,20,1370,24,20,9,0.45,0.375,0.017518248175182483,25.6875,1.0,0.8333333333333334
rolling_w10,1,step,43,43-49,50,1370,24,50,12,0.24,0.5,0.017518248175182483,13.699999999999998,0.48,1.0
rolling_w10,1,step,43,43-49,100,1370,24,100,17,0.17,0.7083333333333334,0.017518248175182483,9.704166666666666,0.24,1.0
rolling_w10,1,step,44,43-49,20,1591,24,20,10,0.5,0.4166666666666667,0.01508485229415462,33.145833333333336,1.0,0.8333333333333334
rolling_w10,1,step,44,43-49,50,1591,24,50,18,0.36,0.75,0.01508485229415462,23.865,0.48,1.0
rolling_w10,1,step,44,43-49,100,1591,24,100,18,0.18,0.75,0.01508485229415462,11.9325,0.24,1.0
rolling_w10,1,step,45,43-49,20,1221,5,20,2,0.1,0.4,0.004095004095004095,24.42,0.25,1.0
rolling_w10,1,step,45,43-49,50,1221,5,50,4,0.08,0.8,0.004095004095004095,19.536,0.1,1.0
rolling_w10,1,step,45,43-49,100,1221,5,100,5,0.05,1.0,0.004095004095004095,12.21,0.05,1.0
rolling_w10,1,step,46,43-49,20,712,2,20,2,0.1,1.0,0.0028089887640449437,35.6,0.1,1.0
rolling_w10,1,step,46,43-49,50,712,2,50,2,0.04,1.0,0.0028089887640449437,14.24,0.04,1.0
rolling_w10,1,step,46,43-49,100,712,2,100,2,0.02,1.0,0.0028089887640449437,7.12,0.02,1.0
rolling_w10,1,step,47,43-49,20,846,22,20,10,0.5,0.45454545454545453,0.026004728132387706,19.227272727272727,1.0,0.9090909090909091
rolling_w10,1,step,47,43-49,50,846,22,50,20,0.4,0.9090909090909091,0.026004728132387706,15.381818181818183,0.44,1.0
rolling_w10,1,step,47,43-49,100,846,22,100,20,0.2,0.9090909090909091,0.026004728132387706,7.690909090909091,0.22,1.0
rolling_w10,1,step,48,43-49,20,471,36,20,19,0.95,0.5277777777777778,0.07643312101910828,12.429166666666667,1.0,0.5555555555555556
rolling_w10,1,step,48,43-49,50,471,36,50,33,0.66,0.9166666666666666,0.07643312101910828,8.635000000000002,0.72,1.0
rolling_w10,1,step,48,43-49,100,471,36,100,36,0.36,1.0,0.07643312101910828,4.71,0.36,1.0
rolling_w10,1,step,49,43-49,20,476,56,20,20,1.0,0.35714285714285715,0.11764705882352941,8.5,1.0,0.35714285714285715
rolling_w10,1,step,49,43-49,50,476,56,50,50,1.0,0.8928571428571429,0.11764705882352941,8.5,1.0,0.8928571428571429
rolling_w10,1,step,49,43-49,100,476,56,100,56,0.56,1.0,0.11764705882352941,4.760000000000001,0.56,1.0
recency_exp_hl6,1,step,35,35-42,20,1341,182,20,20,1.0,0.10989010989010989,0.13571961222967935,7.368131868131868,1.0,0.10989010989010989
recency_exp_hl6,1,step,35,35-42,50,1341,182,50,50,1.0,0.27472527472527475,0.13571961222967935,7.368131868131868,1.0,0.27472527472527475
recency_exp_hl6,1,step,35,35-42,100,1341,182,100,100,1.0,0.5494505494505495,0.13571961222967935,7.368131868131868,1.0,0.5494505494505495
recency_exp_hl6,1,step,36,35-42,20,1708,33,20,20,1.0,0.6060606060606061,0.019320843091334895,51.75757575757576,1.0,0.6060606060606061
recency_exp_hl6,1,step,36,35-42,50,1708,33,50,33,0.66,1.0,0.019320843091334895,34.160000000000004,0.66,1.0
recency_exp_hl6,1,step,36,35-42,100,1708,33,100,33,0.33,1.0,0.019320843091334895,17.080000000000002,0.33,1.0
recency_exp_hl6,1,step,37,35-42,20,498,40,20,20,1.0,0.5,0.08032128514056225,12.45,1.0,0.5
recency_exp_hl6,1,step,37,35-42,50,498,40,50,34,0.68,0.85,0.08032128514056225,8.466000000000001,0.8,1.0
recency_exp_hl6,1,step,37,35-42,100,498,40,100,40,0.4,1.0,0.08032128514056225,4.98,0.4,1.0
recency_exp_hl6,1,step,38,35-42,20,756,111,20,20,1.0,0.18018018018018017,0.14682539682539683,6.8108108108108105,1.0,0.18018018018018017
recency_exp_hl6,1,step,38,35-42,50,756,111,50,50,1.0,0.45045045045045046,0.14682539682539683,6.8108108108108105,1.0,0.45045045045045046
recency_exp_hl6,1,step,38,35-42,100,756,111,100,100,1.0,0.9009009009009009,0.14682539682539683,6.8108108108108105,1.0,0.9009009009009009
recency_exp_hl6,1,step,39,35-42,20,1183,81,20,20,1.0,0.24691358024691357,0.06846999154691462,14.60493827160494,1.0,0.24691358024691357
recency_exp_hl6,1,step,39,35-42,50,1183,81,50,50,1.0,0.6172839506172839,0.06846999154691462,14.60493827160494,1.0,0.6172839506172839
recency_exp_hl6,1,step,39,35-42,100,1183,81,100,80,0.8,0.9876543209876543,0.06846999154691462,11.683950617283951,0.81,1.0
recency_exp_hl6,1,step,40,35-42,20,1211,112,20,20,1.0,0.17857142857142858,0.09248554913294797,10.8125,1.0,0.17857142857142858
recency_exp_hl6,1,step,40,35-42,50,1211,112,50,50,1.0,0.44642857142857145,0.09248554913294797,10.8125,1.0,0.44642857142857145
recency_exp_hl6,1,step,40,35-42,100,1211,112,100,77,0.77,0.6875,0.09248554913294797,8.325625,1.0,0.8928571428571429
recency_exp_hl6,1,step,41,35-42,20,1132,116,20,20,1.0,0.1724137931034483,0.10247349823321555,9.758620689655173,1.0,0.1724137931034483
recency_exp_hl6,1,step,41,35-42,50,1132,116,50,50,1.0,0.43103448275862066,0.10247349823321555,9.758620689655173,1.0,0.43103448275862066
recency_exp_hl6,1,step,41,35-42,100,1132,116,100,100,1.0,0.8620689655172413,0.10247349823321555,9.758620689655173,1.0,0.8620689655172413
recency_exp_hl6,1,step,42,35-42,20,2154,239,20,20,1.0,0.08368200836820083,0.11095636025998143,9.01255230125523,1.0,0.08368200836820083
recency_exp_hl6,1,step,42,35-42,50,2154,239,50,50,1.0,0.20920502092050208,0.11095636025998143,9.01255230125523,1.0,0.20920502092050208
recency_exp_hl6,1,step,42,35-42,100,2154,239,100,100,1.0,0.41841004184100417,0.11095636025998143,9.01255230125523,1.0,0.41841004184100417
recency_exp_hl6,1,step,43,43-49,20,1370,24,20,10,0.5,0.4166666666666667,0.017518248175182483,28.541666666666664,1.0,0.8333333333333334
recency_exp_hl6,1,step,43,43-49,50,1370,24,50,13,0.26,0.5416666666666666,0.017518248175182483,14.841666666666667,0.48,1.0
recency_exp_hl6,1,step,43,43-49,100,1370,24,100,17,0.17,0.7083333333333334,0.017518248175182483,9.704166666666666,0.24,1.0
recency_exp_hl6,1,step,44,43-49,20,1591,24,20,11,0.55,0.4583333333333333,0.01508485229415462,36.46041666666667,1.0,0.8333333333333334
recency_exp_hl6,1,step,44,43-49,50,1591,24,50,18,0.36,0.75,0.01508485229415462,23.865,0.48,1.0
recency_exp_hl6,1,step,44,43-49,100,1591,24,100,20,0.2,0.8333333333333334,0.01508485229415462,13.258333333333335,0.24,1.0
recency_exp_hl6,1,step,45,43-49,20,1221,5,20,2,0.1,0.4,0.004095004095004095,24.42,0.25,1.0
recency_exp_hl6,1,step,45,43-49,50,1221,5,50,3,0.06,0.6,0.004095004095004095,14.652,0.1,1.0
recency_exp_hl6,1,step,45,43-49,100,1221,5,100,4,0.04,0.8,0.004095004095004095,9.768,0.05,1.0
recency_exp_hl6,1,step,46,43-49,20,712,2,20,1,0.05,0.5,0.0028089887640449437,17.8,0.1,1.0
recency_exp_hl6,1,step,46,43-49,50,712,2,50,1,0.02,0.5,0.0028089887640449437,7.12,0.04,1.0
recency_exp_hl6,1,step,46,43-49,100,712,2,100,2,0.02,1.0,0.0028089887640449437,7.12,0.02,1.0
recency_exp_hl6,1,step,47,43-49,20,846,22,20,12,0.6,0.5454545454545454,0.026004728132387706,23.072727272727274,1.0,0.9090909090909091
recency_exp_hl6,1,step,47,43-49,50,846,22,50,18,0.36,0.8181818181818182,0.026004728132387706,13.843636363636364,0.44,1.0
recency_exp_hl6,1,step,47,43-49,100,846,22,100,20,0.2,0.9090909090909091,0.026004728132387706,7.690909090909091,0.22,1.0
recency_exp_hl6,1,step,48,43-49,20,471,36,20,18,0.9,0.5,0.07643312101910828,11.775,1.0,0.5555555555555556
recency_exp_hl6,1,step,48,43-49,50,471,36,50,35,0.7,0.9722222222222222,0.07643312101910828,9.158333333333333,0.72,1.0
recency_exp_hl6,1,step,48,43-49,100,471,36,100,36,0.36,1.0,0.07643312101910828,4.71,0.36,1.0
recency_exp_hl6,1,step,49,43-49,20,476,56,20,20,1.0,0.35714285714285715,0.11764705882352941,8.5,1.0,0.35714285714285715
recency_exp_hl6,1,step,49,43-49,50,476,56,50,49,0.98,0.875,0.11764705882352941,8.33,1.0,0.8928571428571429
recency_exp_hl6,1,step,49,43-49,100,476,56,100,56,0.56,1.0,0.11764705882352941,4.760000000000001,0.56,1.0
monitor_triggered,1,step,35,35-42,20,1341,182,20,20,1.0,0.10989010989010989,0.13571961222967935,7.368131868131868,1.0,0.10989010989010989
monitor_triggered,1,step,35,35-42,50,1341,182,50,50,1.0,0.27472527472527475,0.13571961222967935,7.368131868131868,1.0,0.27472527472527475
monitor_triggered,1,step,35,35-42,100,1341,182,100,100,1.0,0.5494505494505495,0.13571961222967935,7.368131868131868,1.0,0.5494505494505495
monitor_triggered,1,step,36,35-42,20,1708,33,20,20,1.0,0.6060606060606061,0.019320843091334895,51.75757575757576,1.0,0.6060606060606061
monitor_triggered,1,step,36,35-42,50,1708,33,50,32,0.64,0.9696969696969697,0.019320843091334895,33.124848484848485,0.66,1.0
monitor_triggered,1,step,36,35-42,100,1708,33,100,33,0.33,1.0,0.019320843091334895,17.080000000000002,0.33,1.0
monitor_triggered,1,step,37,35-42,20,498,40,20,20,1.0,0.5,0.08032128514056225,12.45,1.0,0.5
monitor_triggered,1,step,37,35-42,50,498,40,50,34,0.68,0.85,0.08032128514056225,8.466000000000001,0.8,1.0
monitor_triggered,1,step,37,35-42,100,498,40,100,40,0.4,1.0,0.08032128514056225,4.98,0.4,1.0
monitor_triggered,1,step,38,35-42,20,756,111,20,20,1.0,0.18018018018018017,0.14682539682539683,6.8108108108108105,1.0,0.18018018018018017
monitor_triggered,1,step,38,35-42,50,756,111,50,50,1.0,0.45045045045045046,0.14682539682539683,6.8108108108108105,1.0,0.45045045045045046
monitor_triggered,1,step,38,35-42,100,756,111,100,100,1.0,0.9009009009009009,0.14682539682539683,6.8108108108108105,1.0,0.9009009009009009
monitor_triggered,1,step,39,35-42,20,1183,81,20,20,1.0,0.24691358024691357,0.06846999154691462,14.60493827160494,1.0,0.24691358024691357
monitor_triggered,1,step,39,35-42,50,1183,81,50,50,1.0,0.6172839506172839,0.06846999154691462,14.60493827160494,1.0,0.6172839506172839
monitor_triggered,1,step,39,35-42,100,1183,81,100,78,0.78,0.9629629629629629,0.06846999154691462,11.391851851851854,0.81,1.0
monitor_triggered,1,step,40,35-42,20,1211,112,20,20,1.0,0.17857142857142858,0.09248554913294797,10.8125,1.0,0.17857142857142858
monitor_triggered,1,step,40,35-42,50,1211,112,50,50,1.0,0.44642857142857145,0.09248554913294797,10.8125,1.0,0.44642857142857145
monitor_triggered,1,step,40,35-42,100,1211,112,100,77,0.77,0.6875,0.09248554913294797,8.325625,1.0,0.8928571428571429
monitor_triggered,1,step,41,35-42,20,1132,116,20,20,1.0,0.1724137931034483,0.10247349823321555,9.758620689655173,1.0,0.1724137931034483
monitor_triggered,1,step,41,35-42,50,1132,116,50,50,1.0,0.43103448275862066,0.10247349823321555,9.758620689655173,1.0,0.43103448275862066
monitor_triggered,1,step,41,35-42,100,1132,116,100,100,1.0,0.8620689655172413,0.10247349823321555,9.758620689655173,1.0,0.8620689655172413
monitor_triggered,1,step,42,35-42,20,2154,239,20,20,1.0,0.08368200836820083,0.11095636025998143,9.01255230125523,1.0,0.08368200836820083
monitor_triggered,1,step,42,35-42,50,2154,239,50,50,1.0,0.20920502092050208,0.11095636025998143,9.01255230125523,1.0,0.20920502092050208
monitor_triggered,1,step,42,35-42,100,2154,239,100,100,1.0,0.41841004184100417,0.11095636025998143,9.01255230125523,1.0,0.41841004184100417
monitor_triggered,1,step,43,43-49,20,1370,24,20,8,0.4,0.3333333333333333,0.017518248175182483,22.833333333333332,1.0,0.8333333333333334
monitor_triggered,1,step,43,43-49,50,1370,24,50,15,0.3,0.625,0.017518248175182483,17.124999999999996,0.48,1.0
monitor_triggered,1,step,43,43-49,100,1370,24,100,17,0.17,0.7083333333333334,0.017518248175182483,9.704166666666666,0.24,1.0
monitor_triggered,1,step,44,43-49,20,1591,24,20,10,0.5,0.4166666666666667,0.01508485229415462,33.145833333333336,1.0,0.8333333333333334
monitor_triggered,1,step,44,43-49,50,1591,24,50,17,0.34,0.7083333333333334,0.01508485229415462,22.539166666666667,0.48,1.0
monitor_triggered,1,step,44,43-49,100,1591,24,100,20,0.2,0.8333333333333334,0.01508485229415462,13.258333333333335,0.24,1.0
monitor_triggered,1,step,45,43-49,20,1221,5,20,1,0.05,0.2,0.004095004095004095,12.21,0.25,1.0
monitor_triggered,1,step,45,43-49,50,1221,5,50,2,0.04,0.4,0.004095004095004095,9.768,0.1,1.0
monitor_triggered,1,step,45,43-49,100,1221,5,100,3,0.03,0.6,0.004095004095004095,7.326,0.05,1.0
monitor_triggered,1,step,46,43-49,20,712,2,20,1,0.05,0.5,0.0028089887640449437,17.8,0.1,1.0
monitor_triggered,1,step,46,43-49,50,712,2,50,2,0.04,1.0,0.0028089887640449437,14.24,0.04,1.0
monitor_triggered,1,step,46,43-49,100,712,2,100,2,0.02,1.0,0.0028089887640449437,7.12,0.02,1.0
monitor_triggered,1,step,47,43-49,20,846,22,20,6,0.3,0.2727272727272727,0.026004728132387706,11.536363636363637,1.0,0.9090909090909091
monitor_triggered,1,step,47,43-49,50,846,22,50,14,0.28,0.6363636363636364,0.026004728132387706,10.76727272727273,0.44,1.0
monitor_triggered,1,step,47,43-49,100,846,22,100,20,0.2,0.9090909090909091,0.026004728132387706,7.690909090909091,0.22,1.0
monitor_triggered,1,step,48,43-49,20,471,36,20,19,0.95,0.5277777777777778,0.07643312101910828,12.429166666666667,1.0,0.5555555555555556
monitor_triggered,1,step,48,43-49,50,471,36,50,33,0.66,0.9166666666666666,0.07643312101910828,8.635000000000002,0.72,1.0
monitor_triggered,1,step,48,43-49,100,471,36,100,36,0.36,1.0,0.07643312101910828,4.71,0.36,1.0
monitor_triggered,1,step,49,43-49,20,476,56,20,20,1.0,0.35714285714285715,0.11764705882352941,8.5,1.0,0.35714285714285715
monitor_triggered,1,step,49,43-49,50,476,56,50,49,0.98,0.875,0.11764705882352941,8.33,1.0,0.8928571428571429
monitor_triggered,1,step,49,43-49,100,476,56,100,56,0.56,1.0,0.11764705882352941,4.760000000000001,0.56,1.0
expanding_no_triad,1,step,35,35-42,20,1341,182,20,20,1.0,0.10989010989010989,0.13571961222967935,7.368131868131868,1.0,0.10989010989010989
expanding_no_triad,1,step,35,35-42,50,1341,182,50,50,1.0,0.27472527472527475,0.13571961222967935,7.368131868131868,1.0,0.27472527472527475
expanding_no_triad,1,step,35,35-42,100,1341,182,100,100,1.0,0.5494505494505495,0.13571961222967935,7.368131868131868,1.0,0.5494505494505495
expanding_no_triad,1,step,36,35-42,20,1708,33,20,20,1.0,0.6060606060606061,0.019320843091334895,51.75757575757576,1.0,0.6060606060606061
expanding_no_triad,1,step,36,35-42,50,1708,33,50,33,0.66,1.0,0.019320843091334895,34.160000000000004,0.66,1.0
expanding_no_triad,1,step,36,35-42,100,1708,33,100,33,0.33,1.0,0.019320843091334895,17.080000000000002,0.33,1.0
expanding_no_triad,1,step,37,35-42,20,498,40,20,20,1.0,0.5,0.08032128514056225,12.45,1.0,0.5
expanding_no_triad,1,step,37,35-42,50,498,40,50,35,0.7,0.875,0.08032128514056225,8.715,0.8,1.0
expanding_no_triad,1,step,37,35-42,100,498,40,100,40,0.4,1.0,0.08032128514056225,4.98,0.4,1.0
expanding_no_triad,1,step,38,35-42,20,756,111,20,20,1.0,0.18018018018018017,0.14682539682539683,6.8108108108108105,1.0,0.18018018018018017
expanding_no_triad,1,step,38,35-42,50,756,111,50,50,1.0,0.45045045045045046,0.14682539682539683,6.8108108108108105,1.0,0.45045045045045046
expanding_no_triad,1,step,38,35-42,100,756,111,100,100,1.0,0.9009009009009009,0.14682539682539683,6.8108108108108105,1.0,0.9009009009009009
expanding_no_triad,1,step,39,35-42,20,1183,81,20,20,1.0,0.24691358024691357,0.06846999154691462,14.60493827160494,1.0,0.24691358024691357
expanding_no_triad,1,step,39,35-42,50,1183,81,50,50,1.0,0.6172839506172839,0.06846999154691462,14.60493827160494,1.0,0.6172839506172839
expanding_no_triad,1,step,39,35-42,100,1183,81,100,79,0.79,0.9753086419753086,0.06846999154691462,11.537901234567903,0.81,1.0
expanding_no_triad,1,step,40,35-42,20,1211,112,20,20,1.0,0.17857142857142858,0.09248554913294797,10.8125,1.0,0.17857142857142858
expanding_no_triad,1,step,40,35-42,50,1211,112,50,50,1.0,0.44642857142857145,0.09248554913294797,10.8125,1.0,0.44642857142857145
expanding_no_triad,1,step,40,35-42,100,1211,112,100,77,0.77,0.6875,0.09248554913294797,8.325625,1.0,0.8928571428571429
expanding_no_triad,1,step,41,35-42,20,1132,116,20,20,1.0,0.1724137931034483,0.10247349823321555,9.758620689655173,1.0,0.1724137931034483
expanding_no_triad,1,step,41,35-42,50,1132,116,50,50,1.0,0.43103448275862066,0.10247349823321555,9.758620689655173,1.0,0.43103448275862066
expanding_no_triad,1,step,41,35-42,100,1132,116,100,100,1.0,0.8620689655172413,0.10247349823321555,9.758620689655173,1.0,0.8620689655172413
expanding_no_triad,1,step,42,35-42,20,2154,239,20,20,1.0,0.08368200836820083,0.11095636025998143,9.01255230125523,1.0,0.08368200836820083
expanding_no_triad,1,step,42,35-42,50,2154,239,50,50,1.0,0.20920502092050208,0.11095636025998143,9.01255230125523,1.0,0.20920502092050208
expanding_no_triad,1,step,42,35-42,100,2154,239,100,100,1.0,0.41841004184100417,0.11095636025998143,9.01255230125523,1.0,0.41841004184100417
expanding_no_triad,1,step,43,43-49,20,1370,24,20,9,0.45,0.375,0.017518248175182483,25.6875,1.0,0.8333333333333334
expanding_no_triad,1,step,43,43-49,50,1370,24,50,13,0.26,0.5416666666666666,0.017518248175182483,14.841666666666667,0.48,1.0
expanding_no_triad,1,step,43,43-49,100,1370,24,100,17,0.17,0.7083333333333334,0.017518248175182483,9.704166666666666,0.24,1.0
expanding_no_triad,1,step,44,43-49,20,1591,24,20,9,0.45,0.375,0.01508485229415462,29.83125,1.0,0.8333333333333334
expanding_no_triad,1,step,44,43-49,50,1591,24,50,17,0.34,0.7083333333333334,0.01508485229415462,22.539166666666667,0.48,1.0
expanding_no_triad,1,step,44,43-49,100,1591,24,100,19,0.19,0.7916666666666666,0.01508485229415462,12.595416666666667,0.24,1.0
expanding_no_triad,1,step,45,43-49,20,1221,5,20,2,0.1,0.4,0.004095004095004095,24.42,0.25,1.0
expanding_no_triad,1,step,45,43-49,50,1221,5,50,2,0.04,0.4,0.004095004095004095,9.768,0.1,1.0
expanding_no_triad,1,step,45,43-49,100,1221,5,100,4,0.04,0.8,0.004095004095004095,9.768,0.05,1.0
expanding_no_triad,1,step,46,43-49,20,712,2,20,1,0.05,0.5,0.0028089887640449437,17.8,0.1,1.0
expanding_no_triad,1,step,46,43-49,50,712,2,50,1,0.02,0.5,0.0028089887640449437,7.12,0.04,1.0
expanding_no_triad,1,step,46,43-49,100,712,2,100,2,0.02,1.0,0.0028089887640449437,7.12,0.02,1.0
expanding_no_triad,1,step,47,43-49,20,846,22,20,12,0.6,0.5454545454545454,0.026004728132387706,23.072727272727274,1.0,0.9090909090909091
expanding_no_triad,1,step,47,43-49,50,846,22,50,19,0.38,0.8636363636363636,0.026004728132387706,14.612727272727273,0.44,1.0
expanding_no_triad,1,step,47,43-49,100,846,22,100,20,0.2,0.9090909090909091,0.026004728132387706,7.690909090909091,0.22,1.0
expanding_no_triad,1,step,48,43-49,20,471,36,20,18,0.9,0.5,0.07643312101910828,11.775,1.0,0.5555555555555556
expanding_no_triad,1,step,48,43-49,50,471,36,50,33,0.66,0.9166666666666666,0.07643312101910828,8.635000000000002,0.72,1.0
expanding_no_triad,1,step,48,43-49,100,471,36,100,36,0.36,1.0,0.07643312101910828,4.71,0.36,1.0
expanding_no_triad,1,step,49,43-49,20,476,56,20,20,1.0,0.35714285714285715,0.11764705882352941,8.5,1.0,0.35714285714285715
expanding_no_triad,1,step,49,43-49,50,476,56,50,50,1.0,0.8928571428571429,0.11764705882352941,8.5,1.0,0.8928571428571429
expanding_no_triad,1,step,49,43-49,100,476,56,100,56,0.56,1.0,0.11764705882352941,4.760000000000001,0.56,1.0
static,3,step,35,35-42,20,1341,182,20,20,1.0,0.10989010989010989,0.13571961222967935,7.368131868131868,1.0,0.10989010989010989
static,3,step,35,35-42,50,1341,182,50,50,1.0,0.27472527472527475,0.13571961222967935,7.368131868131868,1.0,0.27472527472527475
static,3,step,35,35-42,100,1341,182,100,100,1.0,0.5494505494505495,0.13571961222967935,7.368131868131868,1.0,0.5494505494505495
static,3,step,36,35-42,20,1708,33,20,20,1.0,0.6060606060606061,0.019320843091334895,51.75757575757576,1.0,0.6060606060606061
static,3,step,36,35-42,50,1708,33,50,31,0.62,0.9393939393939394,0.019320843091334895,32.089696969696966,0.66,1.0
static,3,step,36,35-42,100,1708,33,100,32,0.32,0.9696969696969697,0.019320843091334895,16.562424242424242,0.33,1.0
static,3,step,37,35-42,20,498,40,20,20,1.0,0.5,0.08032128514056225,12.45,1.0,0.5
static,3,step,37,35-42,50,498,40,50,30,0.6,0.75,0.08032128514056225,7.47,0.8,1.0
static,3,step,37,35-42,100,498,40,100,34,0.34,0.85,0.08032128514056225,4.2330000000000005,0.4,1.0
static,3,step,38,35-42,20,756,111,20,20,1.0,0.18018018018018017,0.14682539682539683,6.8108108108108105,1.0,0.18018018018018017
static,3,step,38,35-42,50,756,111,50,50,1.0,0.45045045045045046,0.14682539682539683,6.8108108108108105,1.0,0.45045045045045046
static,3,step,38,35-42,100,756,111,100,99,0.99,0.8918918918918919,0.14682539682539683,6.742702702702703,1.0,0.9009009009009009
static,3,step,39,35-42,20,1183,81,20,20,1.0,0.24691358024691357,0.06846999154691462,14.60493827160494,1.0,0.24691358024691357
static,3,step,39,35-42,50,1183,81,50,50,1.0,0.6172839506172839,0.06846999154691462,14.60493827160494,1.0,0.6172839506172839
static,3,step,39,35-42,100,1183,81,100,75,0.75,0.9259259259259259,0.06846999154691462,10.953703703703704,0.81,1.0
static,3,step,40,35-42,20,1211,112,20,20,1.0,0.17857142857142858,0.09248554913294797,10.8125,1.0,0.17857142857142858
static,3,step,40,35-42,50,1211,112,50,50,1.0,0.44642857142857145,0.09248554913294797,10.8125,1.0,0.44642857142857145
static,3,step,40,35-42,100,1211,112,100,74,0.74,0.6607142857142857,0.09248554913294797,8.00125,1.0,0.8928571428571429
static,3,step,41,35-42,20,1132,116,20,20,1.0,0.1724137931034483,0.10247349823321555,9.758620689655173,1.0,0.1724137931034483
static,3,step,41,35-42,50,1132,116,50,50,1.0,0.43103448275862066,0.10247349823321555,9.758620689655173,1.0,0.43103448275862066
static,3,step,41,35-42,100,1132,116,100,99,0.99,0.853448275862069,0.10247349823321555,9.66103448275862,1.0,0.8620689655172413
static,3,step,42,35-42,20,2154,239,20,20,1.0,0.08368200836820083,0.11095636025998143,9.01255230125523,1.0,0.08368200836820083
static,3,step,42,35-42,50,2154,239,50,50,1.0,0.20920502092050208,0.11095636025998143,9.01255230125523,1.0,0.20920502092050208
static,3,step,42,35-42,100,2154,239,100,100,1.0,0.41841004184100417,0.11095636025998143,9.01255230125523,1.0,0.41841004184100417
static,3,step,43,43-49,20,1370,24,20,0,0.0,0.0,0.017518248175182483,0.0,1.0,0.8333333333333334
static,3,step,43,43-49,50,1370,24,50,0,0.0,0.0,0.017518248175182483,0.0,0.48,1.0
static,3,step,43,43-49,100,1370,24,100,2,0.02,0.08333333333333333,0.017518248175182483,1.1416666666666666,0.24,1.0
static,3,step,44,43-49,20,1591,24,20,0,0.0,0.0,0.01508485229415462,0.0,1.0,0.8333333333333334
static,3,step,44,43-49,50,1591,24,50,1,0.02,0.041666666666666664,0.01508485229415462,1.3258333333333334,0.48,1.0
static,3,step,44,43-49,100,1591,24,100,2,0.02,0.08333333333333333,0.01508485229415462,1.3258333333333334,0.24,1.0
static,3,step,45,43-49,20,1221,5,20,0,0.0,0.0,0.004095004095004095,0.0,0.25,1.0
static,3,step,45,43-49,50,1221,5,50,0,0.0,0.0,0.004095004095004095,0.0,0.1,1.0
static,3,step,45,43-49,100,1221,5,100,0,0.0,0.0,0.004095004095004095,0.0,0.05,1.0
static,3,step,46,43-49,20,712,2,20,0,0.0,0.0,0.0028089887640449437,0.0,0.1,1.0
static,3,step,46,43-49,50,712,2,50,1,0.02,0.5,0.0028089887640449437,7.12,0.04,1.0
static,3,step,46,43-49,100,712,2,100,1,0.01,0.5,0.0028089887640449437,3.56,0.02,1.0
static,3,step,47,43-49,20,846,22,20,0,0.0,0.0,0.026004728132387706,0.0,1.0,0.9090909090909091
static,3,step,47,43-49,50,846,22,50,0,0.0,0.0,0.026004728132387706,0.0,0.44,1.0
static,3,step,47,43-49,100,846,22,100,0,0.0,0.0,0.026004728132387706,0.0,0.22,1.0
static,3,step,48,43-49,20,471,36,20,0,0.0,0.0,0.07643312101910828,0.0,1.0,0.5555555555555556
static,3,step,48,43-49,50,471,36,50,3,0.06,0.08333333333333333,0.07643312101910828,0.785,0.72,1.0
static,3,step,48,43-49,100,471,36,100,7,0.07,0.19444444444444445,0.07643312101910828,0.9158333333333335,0.36,1.0
static,3,step,49,43-49,20,476,56,20,0,0.0,0.0,0.11764705882352941,0.0,1.0,0.35714285714285715
static,3,step,49,43-49,50,476,56,50,2,0.04,0.03571428571428571,0.11764705882352941,0.34,1.0,0.8928571428571429
static,3,step,49,43-49,100,476,56,100,9,0.09,0.16071428571428573,0.11764705882352941,0.765,0.56,1.0
expanding,3,step,35,35-42,20,1341,182,20,20,1.0,0.10989010989010989,0.13571961222967935,7.368131868131868,1.0,0.10989010989010989
expanding,3,step,35,35-42,50,1341,182,50,50,1.0,0.27472527472527475,0.13571961222967935,7.368131868131868,1.0,0.27472527472527475
expanding,3,step,35,35-42,100,1341,182,100,100,1.0,0.5494505494505495,0.13571961222967935,7.368131868131868,1.0,0.5494505494505495
expanding,3,step,36,35-42,20,1708,33,20,20,1.0,0.6060606060606061,0.019320843091334895,51.75757575757576,1.0,0.6060606060606061
expanding,3,step,36,35-42,50,1708,33,50,33,0.66,1.0,0.019320843091334895,34.160000000000004,0.66,1.0
expanding,3,step,36,35-42,100,1708,33,100,33,0.33,1.0,0.019320843091334895,17.080000000000002,0.33,1.0
expanding,3,step,37,35-42,20,498,40,20,20,1.0,0.5,0.08032128514056225,12.45,1.0,0.5
expanding,3,step,37,35-42,50,498,40,50,31,0.62,0.775,0.08032128514056225,7.719,0.8,1.0
expanding,3,step,37,35-42,100,498,40,100,38,0.38,0.95,0.08032128514056225,4.731,0.4,1.0
expanding,3,step,38,35-42,20,756,111,20,20,1.0,0.18018018018018017,0.14682539682539683,6.8108108108108105,1.0,0.18018018018018017
expanding,3,step,38,35-42,50,756,111,50,50,1.0,0.45045045045045046,0.14682539682539683,6.8108108108108105,1.0,0.45045045045045046
expanding,3,step,38,35-42,100,756,111,100,100,1.0,0.9009009009009009,0.14682539682539683,6.8108108108108105,1.0,0.9009009009009009
expanding,3,step,39,35-42,20,1183,81,20,20,1.0,0.24691358024691357,0.06846999154691462,14.60493827160494,1.0,0.24691358024691357
expanding,3,step,39,35-42,50,1183,81,50,50,1.0,0.6172839506172839,0.06846999154691462,14.60493827160494,1.0,0.6172839506172839
expanding,3,step,39,35-42,100,1183,81,100,78,0.78,0.9629629629629629,0.06846999154691462,11.391851851851854,0.81,1.0
expanding,3,step,40,35-42,20,1211,112,20,20,1.0,0.17857142857142858,0.09248554913294797,10.8125,1.0,0.17857142857142858
expanding,3,step,40,35-42,50,1211,112,50,50,1.0,0.44642857142857145,0.09248554913294797,10.8125,1.0,0.44642857142857145
expanding,3,step,40,35-42,100,1211,112,100,77,0.77,0.6875,0.09248554913294797,8.325625,1.0,0.8928571428571429
expanding,3,step,41,35-42,20,1132,116,20,20,1.0,0.1724137931034483,0.10247349823321555,9.758620689655173,1.0,0.1724137931034483
expanding,3,step,41,35-42,50,1132,116,50,50,1.0,0.43103448275862066,0.10247349823321555,9.758620689655173,1.0,0.43103448275862066
expanding,3,step,41,35-42,100,1132,116,100,100,1.0,0.8620689655172413,0.10247349823321555,9.758620689655173,1.0,0.8620689655172413
expanding,3,step,42,35-42,20,2154,239,20,20,1.0,0.08368200836820083,0.11095636025998143,9.01255230125523,1.0,0.08368200836820083
expanding,3,step,42,35-42,50,2154,239,50,50,1.0,0.20920502092050208,0.11095636025998143,9.01255230125523,1.0,0.20920502092050208
expanding,3,step,42,35-42,100,2154,239,100,100,1.0,0.41841004184100417,0.11095636025998143,9.01255230125523,1.0,0.41841004184100417
expanding,3,step,43,43-49,20,1370,24,20,3,0.15,0.125,0.017518248175182483,8.562499999999998,1.0,0.8333333333333334
expanding,3,step,43,43-49,50,1370,24,50,9,0.18,0.375,0.017518248175182483,10.274999999999999,0.48,1.0
expanding,3,step,43,43-49,100,1370,24,100,13,0.13,0.5416666666666666,0.017518248175182483,7.420833333333333,0.24,1.0
expanding,3,step,44,43-49,20,1591,24,20,3,0.15,0.125,0.01508485229415462,9.94375,1.0,0.8333333333333334
expanding,3,step,44,43-49,50,1591,24,50,5,0.1,0.20833333333333334,0.01508485229415462,6.629166666666667,0.48,1.0
expanding,3,step,44,43-49,100,1591,24,100,7,0.07,0.2916666666666667,0.01508485229415462,4.640416666666667,0.24,1.0
expanding,3,step,45,43-49,20,1221,5,20,0,0.0,0.0,0.004095004095004095,0.0,0.25,1.0
expanding,3,step,45,43-49,50,1221,5,50,1,0.02,0.2,0.004095004095004095,4.884,0.1,1.0
expanding,3,step,45,43-49,100,1221,5,100,3,0.03,0.6,0.004095004095004095,7.326,0.05,1.0
expanding,3,step,46,43-49,20,712,2,20,1,0.05,0.5,0.0028089887640449437,17.8,0.1,1.0
expanding,3,step,46,43-49,50,712,2,50,2,0.04,1.0,0.0028089887640449437,14.24,0.04,1.0
expanding,3,step,46,43-49,100,712,2,100,2,0.02,1.0,0.0028089887640449437,7.12,0.02,1.0
expanding,3,step,47,43-49,20,846,22,20,9,0.45,0.4090909090909091,0.026004728132387706,17.304545454545455,1.0,0.9090909090909091
expanding,3,step,47,43-49,50,846,22,50,16,0.32,0.7272727272727273,0.026004728132387706,12.305454545454547,0.44,1.0
expanding,3,step,47,43-49,100,846,22,100,20,0.2,0.9090909090909091,0.026004728132387706,7.690909090909091,0.22,1.0
expanding,3,step,48,43-49,20,471,36,20,14,0.7,0.3888888888888889,0.07643312101910828,9.158333333333333,1.0,0.5555555555555556
expanding,3,step,48,43-49,50,471,36,50,28,0.56,0.7777777777777778,0.07643312101910828,7.326666666666668,0.72,1.0
expanding,3,step,48,43-49,100,471,36,100,35,0.35,0.9722222222222222,0.07643312101910828,4.579166666666667,0.36,1.0
expanding,3,step,49,43-49,20,476,56,20,20,1.0,0.35714285714285715,0.11764705882352941,8.5,1.0,0.35714285714285715
expanding,3,step,49,43-49,50,476,56,50,43,0.86,0.7678571428571429,0.11764705882352941,7.31,1.0,0.8928571428571429
expanding,3,step,49,43-49,100,476,56,100,55,0.55,0.9821428571428571,0.11764705882352941,4.675000000000001,0.56,1.0
rolling_w5,3,step,35,35-42,20,1341,182,20,20,1.0,0.10989010989010989,0.13571961222967935,7.368131868131868,1.0,0.10989010989010989
rolling_w5,3,step,35,35-42,50,1341,182,50,50,1.0,0.27472527472527475,0.13571961222967935,7.368131868131868,1.0,0.27472527472527475
rolling_w5,3,step,35,35-42,100,1341,182,100,100,1.0,0.5494505494505495,0.13571961222967935,7.368131868131868,1.0,0.5494505494505495
rolling_w5,3,step,36,35-42,20,1708,33,20,20,1.0,0.6060606060606061,0.019320843091334895,51.75757575757576,1.0,0.6060606060606061
rolling_w5,3,step,36,35-42,50,1708,33,50,30,0.6,0.9090909090909091,0.019320843091334895,31.05454545454545,0.66,1.0
rolling_w5,3,step,36,35-42,100,1708,33,100,32,0.32,0.9696969696969697,0.019320843091334895,16.562424242424242,0.33,1.0
rolling_w5,3,step,37,35-42,20,498,40,20,20,1.0,0.5,0.08032128514056225,12.45,1.0,0.5
rolling_w5,3,step,37,35-42,50,498,40,50,31,0.62,0.775,0.08032128514056225,7.719,0.8,1.0
rolling_w5,3,step,37,35-42,100,498,40,100,33,0.33,0.825,0.08032128514056225,4.1085,0.4,1.0
rolling_w5,3,step,38,35-42,20,756,111,20,20,1.0,0.18018018018018017,0.14682539682539683,6.8108108108108105,1.0,0.18018018018018017
rolling_w5,3,step,38,35-42,50,756,111,50,50,1.0,0.45045045045045046,0.14682539682539683,6.8108108108108105,1.0,0.45045045045045046
rolling_w5,3,step,38,35-42,100,756,111,100,98,0.98,0.8828828828828829,0.14682539682539683,6.674594594594594,1.0,0.9009009009009009
rolling_w5,3,step,39,35-42,20,1183,81,20,20,1.0,0.24691358024691357,0.06846999154691462,14.60493827160494,1.0,0.24691358024691357
rolling_w5,3,step,39,35-42,50,1183,81,50,50,1.0,0.6172839506172839,0.06846999154691462,14.60493827160494,1.0,0.6172839506172839
rolling_w5,3,step,39,35-42,100,1183,81,100,77,0.77,0.9506172839506173,0.06846999154691462,11.245802469135803,0.81,1.0
rolling_w5,3,step,40,35-42,20,1211,112,20,20,1.0,0.17857142857142858,0.09248554913294797,10.8125,1.0,0.17857142857142858
rolling_w5,3,step,40,35-42,50,1211,112,50,49,0.98,0.4375,0.09248554913294797,10.59625,1.0,0.44642857142857145
rolling_w5,3,step,40,35-42,100,1211,112,100,75,0.75,0.6696428571428571,0.09248554913294797,8.109375,1.0,0.8928571428571429
rolling_w5,3,step,41,35-42,20,1132,116,20,20,1.0,0.1724137931034483,0.10247349823321555,9.758620689655173,1.0,0.1724137931034483
rolling_w5,3,step,41,35-42,50,1132,116,50,50,1.0,0.43103448275862066,0.10247349823321555,9.758620689655173,1.0,0.43103448275862066
rolling_w5,3,step,41,35-42,100,1132,116,100,100,1.0,0.8620689655172413,0.10247349823321555,9.758620689655173,1.0,0.8620689655172413
rolling_w5,3,step,42,35-42,20,2154,239,20,20,1.0,0.08368200836820083,0.11095636025998143,9.01255230125523,1.0,0.08368200836820083
rolling_w5,3,step,42,35-42,50,2154,239,50,50,1.0,0.20920502092050208,0.11095636025998143,9.01255230125523,1.0,0.20920502092050208
rolling_w5,3,step,42,35-42,100,2154,239,100,100,1.0,0.41841004184100417,0.11095636025998143,9.01255230125523,1.0,0.41841004184100417
rolling_w5,3,step,43,43-49,20,1370,24,20,7,0.35,0.2916666666666667,0.017518248175182483,19.979166666666664,1.0,0.8333333333333334
rolling_w5,3,step,43,43-49,50,1370,24,50,9,0.18,0.375,0.017518248175182483,10.274999999999999,0.48,1.0
rolling_w5,3,step,43,43-49,100,1370,24,100,13,0.13,0.5416666666666666,0.017518248175182483,7.420833333333333,0.24,1.0
rolling_w5,3,step,44,43-49,20,1591,24,20,4,0.2,0.16666666666666666,0.01508485229415462,13.258333333333335,1.0,0.8333333333333334
rolling_w5,3,step,44,43-49,50,1591,24,50,6,0.12,0.25,0.01508485229415462,7.954999999999999,0.48,1.0
rolling_w5,3,step,44,43-49,100,1591,24,100,9,0.09,0.375,0.01508485229415462,5.96625,0.24,1.0
rolling_w5,3,step,45,43-49,20,1221,5,20,1,0.05,0.2,0.004095004095004095,12.21,0.25,1.0
rolling_w5,3,step,45,43-49,50,1221,5,50,3,0.06,0.6,0.004095004095004095,14.652,0.1,1.0
rolling_w5,3,step,45,43-49,100,1221,5,100,4,0.04,0.8,0.004095004095004095,9.768,0.05,1.0
rolling_w5,3,step,46,43-49,20,712,2,20,1,0.05,0.5,0.0028089887640449437,17.8,0.1,1.0
rolling_w5,3,step,46,43-49,50,712,2,50,2,0.04,1.0,0.0028089887640449437,14.24,0.04,1.0
rolling_w5,3,step,46,43-49,100,712,2,100,2,0.02,1.0,0.0028089887640449437,7.12,0.02,1.0
rolling_w5,3,step,47,43-49,20,846,22,20,8,0.4,0.36363636363636365,0.026004728132387706,15.381818181818183,1.0,0.9090909090909091
rolling_w5,3,step,47,43-49,50,846,22,50,15,0.3,0.6818181818181818,0.026004728132387706,11.536363636363637,0.44,1.0
rolling_w5,3,step,47,43-49,100,846,22,100,20,0.2,0.9090909090909091,0.026004728132387706,7.690909090909091,0.22,1.0
rolling_w5,3,step,48,43-49,20,471,36,20,12,0.6,0.3333333333333333,0.07643312101910828,7.85,1.0,0.5555555555555556
rolling_w5,3,step,48,43-49,50,471,36,50,29,0.58,0.8055555555555556,0.07643312101910828,7.588333333333333,0.72,1.0
rolling_w5,3,step,48,43-49,100,471,36,100,35,0.35,0.9722222222222222,0.07643312101910828,4.579166666666667,0.36,1.0
rolling_w5,3,step,49,43-49,20,476,56,20,16,0.8,0.2857142857142857,0.11764705882352941,6.800000000000001,1.0,0.35714285714285715
rolling_w5,3,step,49,43-49,50,476,56,50,38,0.76,0.6785714285714286,0.11764705882352941,6.46,1.0,0.8928571428571429
rolling_w5,3,step,49,43-49,100,476,56,100,54,0.54,0.9642857142857143,0.11764705882352941,4.590000000000001,0.56,1.0
rolling_w10,3,step,35,35-42,20,1341,182,20,20,1.0,0.10989010989010989,0.13571961222967935,7.368131868131868,1.0,0.10989010989010989
rolling_w10,3,step,35,35-42,50,1341,182,50,50,1.0,0.27472527472527475,0.13571961222967935,7.368131868131868,1.0,0.27472527472527475
rolling_w10,3,step,35,35-42,100,1341,182,100,100,1.0,0.5494505494505495,0.13571961222967935,7.368131868131868,1.0,0.5494505494505495
rolling_w10,3,step,36,35-42,20,1708,33,20,20,1.0,0.6060606060606061,0.019320843091334895,51.75757575757576,1.0,0.6060606060606061
rolling_w10,3,step,36,35-42,50,1708,33,50,32,0.64,0.9696969696969697,0.019320843091334895,33.124848484848485,0.66,1.0
rolling_w10,3,step,36,35-42,100,1708,33,100,33,0.33,1.0,0.019320843091334895,17.080000000000002,0.33,1.0
rolling_w10,3,step,37,35-42,20,498,40,20,20,1.0,0.5,0.08032128514056225,12.45,1.0,0.5
rolling_w10,3,step,37,35-42,50,498,40,50,31,0.62,0.775,0.08032128514056225,7.719,0.8,1.0
rolling_w10,3,step,37,35-42,100,498,40,100,39,0.39,0.975,0.08032128514056225,4.8555,0.4,1.0
rolling_w10,3,step,38,35-42,20,756,111,20,20,1.0,0.18018018018018017,0.14682539682539683,6.8108108108108105,1.0,0.18018018018018017
rolling_w10,3,step,38,35-42,50,756,111,50,50,1.0,0.45045045045045046,0.14682539682539683,6.8108108108108105,1.0,0.45045045045045046
rolling_w10,3,step,38,35-42,100,756,111,100,99,0.99,0.8918918918918919,0.14682539682539683,6.742702702702703,1.0,0.9009009009009009
rolling_w10,3,step,39,35-42,20,1183,81,20,20,1.0,0.24691358024691357,0.06846999154691462,14.60493827160494,1.0,0.24691358024691357
rolling_w10,3,step,39,35-42,50,1183,81,50,50,1.0,0.6172839506172839,0.06846999154691462,14.60493827160494,1.0,0.6172839506172839
rolling_w10,3,step,39,35-42,100,1183,81,100,78,0.78,0.9629629629629629,0.06846999154691462,11.391851851851854,0.81,1.0
rolling_w10,3,step,40,35-42,20,1211,112,20,20,1.0,0.17857142857142858,0.09248554913294797,10.8125,1.0,0.17857142857142858
rolling_w10,3,step,40,35-42,50,1211,112,50,50,1.0,0.44642857142857145,0.09248554913294797,10.8125,1.0,0.44642857142857145
rolling_w10,3,step,40,35-42,100,1211,112,100,77,0.77,0.6875,0.09248554913294797,8.325625,1.0,0.8928571428571429
rolling_w10,3,step,41,35-42,20,1132,116,20,20,1.0,0.1724137931034483,0.10247349823321555,9.758620689655173,1.0,0.1724137931034483
rolling_w10,3,step,41,35-42,50,1132,116,50,50,1.0,0.43103448275862066,0.10247349823321555,9.758620689655173,1.0,0.43103448275862066
rolling_w10,3,step,41,35-42,100,1132,116,100,100,1.0,0.8620689655172413,0.10247349823321555,9.758620689655173,1.0,0.8620689655172413
rolling_w10,3,step,42,35-42,20,2154,239,20,20,1.0,0.08368200836820083,0.11095636025998143,9.01255230125523,1.0,0.08368200836820083
rolling_w10,3,step,42,35-42,50,2154,239,50,50,1.0,0.20920502092050208,0.11095636025998143,9.01255230125523,1.0,0.20920502092050208
rolling_w10,3,step,42,35-42,100,2154,239,100,100,1.0,0.41841004184100417,0.11095636025998143,9.01255230125523,1.0,0.41841004184100417
rolling_w10,3,step,43,43-49,20,1370,24,20,6,0.3,0.25,0.017518248175182483,17.124999999999996,1.0,0.8333333333333334
rolling_w10,3,step,43,43-49,50,1370,24,50,11,0.22,0.4583333333333333,0.017518248175182483,12.558333333333332,0.48,1.0
rolling_w10,3,step,43,43-49,100,1370,24,100,15,0.15,0.625,0.017518248175182483,8.562499999999998,0.24,1.0
rolling_w10,3,step,44,43-49,20,1591,24,20,7,0.35,0.2916666666666667,0.01508485229415462,23.20208333333333,1.0,0.8333333333333334
rolling_w10,3,step,44,43-49,50,1591,24,50,8,0.16,0.3333333333333333,0.01508485229415462,10.606666666666667,0.48,1.0
rolling_w10,3,step,44,43-49,100,1591,24,100,12,0.12,0.5,0.01508485229415462,7.954999999999999,0.24,1.0
rolling_w10,3,step,45,43-49,20,1221,5,20,2,0.1,0.4,0.004095004095004095,24.42,0.25,1.0
rolling_w10,3,step,45,43-49,50,1221,5,50,3,0.06,0.6,0.004095004095004095,14.652,0.1,1.0
rolling_w10,3,step,45,43-49,100,1221,5,100,3,0.03,0.6,0.004095004095004095,7.326,0.05,1.0
rolling_w10,3,step,46,43-49,20,712,2,20,2,0.1,1.0,0.0028089887640449437,35.6,0.1,1.0
rolling_w10,3,step,46,43-49,50,712,2,50,2,0.04,1.0,0.0028089887640449437,14.24,0.04,1.0
rolling_w10,3,step,46,43-49,100,712,2,100,2,0.02,1.0,0.0028089887640449437,7.12,0.02,1.0
rolling_w10,3,step,47,43-49,20,846,22,20,10,0.5,0.45454545454545453,0.026004728132387706,19.227272727272727,1.0,0.9090909090909091
rolling_w10,3,step,47,43-49,50,846,22,50,17,0.34,0.7727272727272727,0.026004728132387706,13.074545454545456,0.44,1.0
rolling_w10,3,step,47,43-49,100,846,22,100,20,0.2,0.9090909090909091,0.026004728132387706,7.690909090909091,0.22,1.0
rolling_w10,3,step,48,43-49,20,471,36,20,15,0.75,0.4166666666666667,0.07643312101910828,9.8125,1.0,0.5555555555555556
rolling_w10,3,step,48,43-49,50,471,36,50,31,0.62,0.8611111111111112,0.07643312101910828,8.111666666666666,0.72,1.0
rolling_w10,3,step,48,43-49,100,471,36,100,35,0.35,0.9722222222222222,0.07643312101910828,4.579166666666667,0.36,1.0
rolling_w10,3,step,49,43-49,20,476,56,20,20,1.0,0.35714285714285715,0.11764705882352941,8.5,1.0,0.35714285714285715
rolling_w10,3,step,49,43-49,50,476,56,50,45,0.9,0.8035714285714286,0.11764705882352941,7.65,1.0,0.8928571428571429
rolling_w10,3,step,49,43-49,100,476,56,100,56,0.56,1.0,0.11764705882352941,4.760000000000001,0.56,1.0
recency_exp_hl6,3,step,35,35-42,20,1341,182,20,20,1.0,0.10989010989010989,0.13571961222967935,7.368131868131868,1.0,0.10989010989010989
recency_exp_hl6,3,step,35,35-42,50,1341,182,50,50,1.0,0.27472527472527475,0.13571961222967935,7.368131868131868,1.0,0.27472527472527475
recency_exp_hl6,3,step,35,35-42,100,1341,182,100,100,1.0,0.5494505494505495,0.13571961222967935,7.368131868131868,1.0,0.5494505494505495
recency_exp_hl6,3,step,36,35-42,20,1708,33,20,20,1.0,0.6060606060606061,0.019320843091334895,51.75757575757576,1.0,0.6060606060606061
recency_exp_hl6,3,step,36,35-42,50,1708,33,50,32,0.64,0.9696969696969697,0.019320843091334895,33.124848484848485,0.66,1.0
recency_exp_hl6,3,step,36,35-42,100,1708,33,100,33,0.33,1.0,0.019320843091334895,17.080000000000002,0.33,1.0
recency_exp_hl6,3,step,37,35-42,20,498,40,20,20,1.0,0.5,0.08032128514056225,12.45,1.0,0.5
recency_exp_hl6,3,step,37,35-42,50,498,40,50,34,0.68,0.85,0.08032128514056225,8.466000000000001,0.8,1.0
recency_exp_hl6,3,step,37,35-42,100,498,40,100,39,0.39,0.975,0.08032128514056225,4.8555,0.4,1.0
recency_exp_hl6,3,step,38,35-42,20,756,111,20,20,1.0,0.18018018018018017,0.14682539682539683,6.8108108108108105,1.0,0.18018018018018017
recency_exp_hl6,3,step,38,35-42,50,756,111,50,50,1.0,0.45045045045045046,0.14682539682539683,6.8108108108108105,1.0,0.45045045045045046
recency_exp_hl6,3,step,38,35-42,100,756,111,100,100,1.0,0.9009009009009009,0.14682539682539683,6.8108108108108105,1.0,0.9009009009009009
recency_exp_hl6,3,step,39,35-42,20,1183,81,20,20,1.0,0.24691358024691357,0.06846999154691462,14.60493827160494,1.0,0.24691358024691357
recency_exp_hl6,3,step,39,35-42,50,1183,81,50,50,1.0,0.6172839506172839,0.06846999154691462,14.60493827160494,1.0,0.6172839506172839
recency_exp_hl6,3,step,39,35-42,100,1183,81,100,78,0.78,0.9629629629629629,0.06846999154691462,11.391851851851854,0.81,1.0
recency_exp_hl6,3,step,40,35-42,20,1211,112,20,20,1.0,0.17857142857142858,0.09248554913294797,10.8125,1.0,0.17857142857142858
recency_exp_hl6,3,step,40,35-42,50,1211,112,50,50,1.0,0.44642857142857145,0.09248554913294797,10.8125,1.0,0.44642857142857145
recency_exp_hl6,3,step,40,35-42,100,1211,112,100,79,0.79,0.7053571428571429,0.09248554913294797,8.541875000000001,1.0,0.8928571428571429
recency_exp_hl6,3,step,41,35-42,20,1132,116,20,20,1.0,0.1724137931034483,0.10247349823321555,9.758620689655173,1.0,0.1724137931034483
recency_exp_hl6,3,step,41,35-42,50,1132,116,50,50,1.0,0.43103448275862066,0.10247349823321555,9.758620689655173,1.0,0.43103448275862066
recency_exp_hl6,3,step,41,35-42,100,1132,116,100,100,1.0,0.8620689655172413,0.10247349823321555,9.758620689655173,1.0,0.8620689655172413
recency_exp_hl6,3,step,42,35-42,20,2154,239,20,20,1.0,0.08368200836820083,0.11095636025998143,9.01255230125523,1.0,0.08368200836820083
recency_exp_hl6,3,step,42,35-42,50,2154,239,50,50,1.0,0.20920502092050208,0.11095636025998143,9.01255230125523,1.0,0.20920502092050208
recency_exp_hl6,3,step,42,35-42,100,2154,239,100,100,1.0,0.41841004184100417,0.11095636025998143,9.01255230125523,1.0,0.41841004184100417
recency_exp_hl6,3,step,43,43-49,20,1370,24,20,6,0.3,0.25,0.017518248175182483,17.124999999999996,1.0,0.8333333333333334
recency_exp_hl6,3,step,43,43-49,50,1370,24,50,11,0.22,0.4583333333333333,0.017518248175182483,12.558333333333332,0.48,1.0
recency_exp_hl6,3,step,43,43-49,100,1370,24,100,14,0.14,0.5833333333333334,0.017518248175182483,7.991666666666667,0.24,1.0
recency_exp_hl6,3,step,44,43-49,20,1591,24,20,4,0.2,0.16666666666666666,0.01508485229415462,13.258333333333335,1.0,0.8333333333333334
recency_exp_hl6,3,step,44,43-49,50,1591,24,50,8,0.16,0.3333333333333333,0.01508485229415462,10.606666666666667,0.48,1.0
recency_exp_hl6,3,step,44,43-49,100,1591,24,100,11,0.11,0.4583333333333333,0.01508485229415462,7.292083333333333,0.24,1.0
recency_exp_hl6,3,step,45,43-49,20,1221,5,20,2,0.1,0.4,0.004095004095004095,24.42,0.25,1.0
recency_exp_hl6,3,step,45,43-49,50,1221,5,50,3,0.06,0.6,0.004095004095004095,14.652,0.1,1.0
recency_exp_hl6,3,step,45,43-49,100,1221,5,100,3,0.03,0.6,0.004095004095004095,7.326,0.05,1.0
recency_exp_hl6,3,step,46,43-49,20,712,2,20,1,0.05,0.5,0.0028089887640449437,17.8,0.1,1.0
recency_exp_hl6,3,step,46,43-49,50,712,2,50,2,0.04,1.0,0.0028089887640449437,14.24,0.04,1.0
recency_exp_hl6,3,step,46,43-49,100,712,2,100,2,0.02,1.0,0.0028089887640449437,7.12,0.02,1.0
recency_exp_hl6,3,step,47,43-49,20,846,22,20,6,0.3,0.2727272727272727,0.026004728132387706,11.536363636363637,1.0,0.9090909090909091
recency_exp_hl6,3,step,47,43-49,50,846,22,50,16,0.32,0.7272727272727273,0.026004728132387706,12.305454545454547,0.44,1.0
recency_exp_hl6,3,step,47,43-49,100,846,22,100,20,0.2,0.9090909090909091,0.026004728132387706,7.690909090909091,0.22,1.0
recency_exp_hl6,3,step,48,43-49,20,471,36,20,12,0.6,0.3333333333333333,0.07643312101910828,7.85,1.0,0.5555555555555556
recency_exp_hl6,3,step,48,43-49,50,471,36,50,28,0.56,0.7777777777777778,0.07643312101910828,7.326666666666668,0.72,1.0
recency_exp_hl6,3,step,48,43-49,100,471,36,100,35,0.35,0.9722222222222222,0.07643312101910828,4.579166666666667,0.36,1.0
recency_exp_hl6,3,step,49,43-49,20,476,56,20,19,0.95,0.3392857142857143,0.11764705882352941,8.075,1.0,0.35714285714285715
recency_exp_hl6,3,step,49,43-49,50,476,56,50,44,0.88,0.7857142857142857,0.11764705882352941,7.48,1.0,0.8928571428571429
recency_exp_hl6,3,step,49,43-49,100,476,56,100,56,0.56,1.0,0.11764705882352941,4.760000000000001,0.56,1.0
monitor_triggered,3,step,35,35-42,20,1341,182,20,20,1.0,0.10989010989010989,0.13571961222967935,7.368131868131868,1.0,0.10989010989010989
monitor_triggered,3,step,35,35-42,50,1341,182,50,50,1.0,0.27472527472527475,0.13571961222967935,7.368131868131868,1.0,0.27472527472527475
monitor_triggered,3,step,35,35-42,100,1341,182,100,100,1.0,0.5494505494505495,0.13571961222967935,7.368131868131868,1.0,0.5494505494505495
monitor_triggered,3,step,36,35-42,20,1708,33,20,20,1.0,0.6060606060606061,0.019320843091334895,51.75757575757576,1.0,0.6060606060606061
monitor_triggered,3,step,36,35-42,50,1708,33,50,31,0.62,0.9393939393939394,0.019320843091334895,32.089696969696966,0.66,1.0
monitor_triggered,3,step,36,35-42,100,1708,33,100,32,0.32,0.9696969696969697,0.019320843091334895,16.562424242424242,0.33,1.0
monitor_triggered,3,step,37,35-42,20,498,40,20,20,1.0,0.5,0.08032128514056225,12.45,1.0,0.5
monitor_triggered,3,step,37,35-42,50,498,40,50,31,0.62,0.775,0.08032128514056225,7.719,0.8,1.0
monitor_triggered,3,step,37,35-42,100,498,40,100,38,0.38,0.95,0.08032128514056225,4.731,0.4,1.0
monitor_triggered,3,step,38,35-42,20,756,111,20,20,1.0,0.18018018018018017,0.14682539682539683,6.8108108108108105,1.0,0.18018018018018017
monitor_triggered,3,step,38,35-42,50,756,111,50,50,1.0,0.45045045045045046,0.14682539682539683,6.8108108108108105,1.0,0.45045045045045046
monitor_triggered,3,step,38,35-42,100,756,111,100,99,0.99,0.8918918918918919,0.14682539682539683,6.742702702702703,1.0,0.9009009009009009
monitor_triggered,3,step,39,35-42,20,1183,81,20,20,1.0,0.24691358024691357,0.06846999154691462,14.60493827160494,1.0,0.24691358024691357
monitor_triggered,3,step,39,35-42,50,1183,81,50,50,1.0,0.6172839506172839,0.06846999154691462,14.60493827160494,1.0,0.6172839506172839
monitor_triggered,3,step,39,35-42,100,1183,81,100,76,0.76,0.9382716049382716,0.06846999154691462,11.099753086419755,0.81,1.0
monitor_triggered,3,step,40,35-42,20,1211,112,20,20,1.0,0.17857142857142858,0.09248554913294797,10.8125,1.0,0.17857142857142858
monitor_triggered,3,step,40,35-42,50,1211,112,50,50,1.0,0.44642857142857145,0.09248554913294797,10.8125,1.0,0.44642857142857145
monitor_triggered,3,step,40,35-42,100,1211,112,100,77,0.77,0.6875,0.09248554913294797,8.325625,1.0,0.8928571428571429
monitor_triggered,3,step,41,35-42,20,1132,116,20,20,1.0,0.1724137931034483,0.10247349823321555,9.758620689655173,1.0,0.1724137931034483
monitor_triggered,3,step,41,35-42,50,1132,116,50,50,1.0,0.43103448275862066,0.10247349823321555,9.758620689655173,1.0,0.43103448275862066
monitor_triggered,3,step,41,35-42,100,1132,116,100,100,1.0,0.8620689655172413,0.10247349823321555,9.758620689655173,1.0,0.8620689655172413
monitor_triggered,3,step,42,35-42,20,2154,239,20,20,1.0,0.08368200836820083,0.11095636025998143,9.01255230125523,1.0,0.08368200836820083
monitor_triggered,3,step,42,35-42,50,2154,239,50,50,1.0,0.20920502092050208,0.11095636025998143,9.01255230125523,1.0,0.20920502092050208
monitor_triggered,3,step,42,35-42,100,2154,239,100,100,1.0,0.41841004184100417,0.11095636025998143,9.01255230125523,1.0,0.41841004184100417
monitor_triggered,3,step,43,43-49,20,1370,24,20,3,0.15,0.125,0.017518248175182483,8.562499999999998,1.0,0.8333333333333334
monitor_triggered,3,step,43,43-49,50,1370,24,50,9,0.18,0.375,0.017518248175182483,10.274999999999999,0.48,1.0
monitor_triggered,3,step,43,43-49,100,1370,24,100,13,0.13,0.5416666666666666,0.017518248175182483,7.420833333333333,0.24,1.0
monitor_triggered,3,step,44,43-49,20,1591,24,20,3,0.15,0.125,0.01508485229415462,9.94375,1.0,0.8333333333333334
monitor_triggered,3,step,44,43-49,50,1591,24,50,4,0.08,0.16666666666666666,0.01508485229415462,5.303333333333334,0.48,1.0
monitor_triggered,3,step,44,43-49,100,1591,24,100,8,0.08,0.3333333333333333,0.01508485229415462,5.303333333333334,0.24,1.0
monitor_triggered,3,step,45,43-49,20,1221,5,20,0,0.0,0.0,0.004095004095004095,0.0,0.25,1.0
monitor_triggered,3,step,45,43-49,50,1221,5,50,1,0.02,0.2,0.004095004095004095,4.884,0.1,1.0
monitor_triggered,3,step,45,43-49,100,1221,5,100,3,0.03,0.6,0.004095004095004095,7.326,0.05,1.0
monitor_triggered,3,step,46,43-49,20,712,2,20,1,0.05,0.5,0.0028089887640449437,17.8,0.1,1.0
monitor_triggered,3,step,46,43-49,50,712,2,50,2,0.04,1.0,0.0028089887640449437,14.24,0.04,1.0
monitor_triggered,3,step,46,43-49,100,712,2,100,2,0.02,1.0,0.0028089887640449437,7.12,0.02,1.0
monitor_triggered,3,step,47,43-49,20,846,22,20,9,0.45,0.4090909090909091,0.026004728132387706,17.304545454545455,1.0,0.9090909090909091
monitor_triggered,3,step,47,43-49,50,846,22,50,15,0.3,0.6818181818181818,0.026004728132387706,11.536363636363637,0.44,1.0
monitor_triggered,3,step,47,43-49,100,846,22,100,20,0.2,0.9090909090909091,0.026004728132387706,7.690909090909091,0.22,1.0
monitor_triggered,3,step,48,43-49,20,471,36,20,16,0.8,0.4444444444444444,0.07643312101910828,10.466666666666667,1.0,0.5555555555555556
monitor_triggered,3,step,48,43-49,50,471,36,50,27,0.54,0.75,0.07643312101910828,7.065,0.72,1.0
monitor_triggered,3,step,48,43-49,100,471,36,100,34,0.34,0.9444444444444444,0.07643312101910828,4.448333333333334,0.36,1.0
monitor_triggered,3,step,49,43-49,20,476,56,20,14,0.7,0.25,0.11764705882352941,5.949999999999999,1.0,0.35714285714285715
monitor_triggered,3,step,49,43-49,50,476,56,50,30,0.6,0.5357142857142857,0.11764705882352941,5.1,1.0,0.8928571428571429
monitor_triggered,3,step,49,43-49,100,476,56,100,48,0.48,0.8571428571428571,0.11764705882352941,4.08,0.56,1.0
expanding_no_triad,3,step,35,35-42,20,1341,182,20,20,1.0,0.10989010989010989,0.13571961222967935,7.368131868131868,1.0,0.10989010989010989
expanding_no_triad,3,step,35,35-42,50,1341,182,50,50,1.0,0.27472527472527475,0.13571961222967935,7.368131868131868,1.0,0.27472527472527475
expanding_no_triad,3,step,35,35-42,100,1341,182,100,100,1.0,0.5494505494505495,0.13571961222967935,7.368131868131868,1.0,0.5494505494505495
expanding_no_triad,3,step,36,35-42,20,1708,33,20,20,1.0,0.6060606060606061,0.019320843091334895,51.75757575757576,1.0,0.6060606060606061
expanding_no_triad,3,step,36,35-42,50,1708,33,50,32,0.64,0.9696969696969697,0.019320843091334895,33.124848484848485,0.66,1.0
expanding_no_triad,3,step,36,35-42,100,1708,33,100,33,0.33,1.0,0.019320843091334895,17.080000000000002,0.33,1.0
expanding_no_triad,3,step,37,35-42,20,498,40,20,20,1.0,0.5,0.08032128514056225,12.45,1.0,0.5
expanding_no_triad,3,step,37,35-42,50,498,40,50,33,0.66,0.825,0.08032128514056225,8.217,0.8,1.0
expanding_no_triad,3,step,37,35-42,100,498,40,100,39,0.39,0.975,0.08032128514056225,4.8555,0.4,1.0
expanding_no_triad,3,step,38,35-42,20,756,111,20,20,1.0,0.18018018018018017,0.14682539682539683,6.8108108108108105,1.0,0.18018018018018017
expanding_no_triad,3,step,38,35-42,50,756,111,50,50,1.0,0.45045045045045046,0.14682539682539683,6.8108108108108105,1.0,0.45045045045045046
expanding_no_triad,3,step,38,35-42,100,756,111,100,100,1.0,0.9009009009009009,0.14682539682539683,6.8108108108108105,1.0,0.9009009009009009
expanding_no_triad,3,step,39,35-42,20,1183,81,20,20,1.0,0.24691358024691357,0.06846999154691462,14.60493827160494,1.0,0.24691358024691357
expanding_no_triad,3,step,39,35-42,50,1183,81,50,50,1.0,0.6172839506172839,0.06846999154691462,14.60493827160494,1.0,0.6172839506172839
expanding_no_triad,3,step,39,35-42,100,1183,81,100,78,0.78,0.9629629629629629,0.06846999154691462,11.391851851851854,0.81,1.0
expanding_no_triad,3,step,40,35-42,20,1211,112,20,20,1.0,0.17857142857142858,0.09248554913294797,10.8125,1.0,0.17857142857142858
expanding_no_triad,3,step,40,35-42,50,1211,112,50,50,1.0,0.44642857142857145,0.09248554913294797,10.8125,1.0,0.44642857142857145
expanding_no_triad,3,step,40,35-42,100,1211,112,100,77,0.77,0.6875,0.09248554913294797,8.325625,1.0,0.8928571428571429
expanding_no_triad,3,step,41,35-42,20,1132,116,20,20,1.0,0.1724137931034483,0.10247349823321555,9.758620689655173,1.0,0.1724137931034483
expanding_no_triad,3,step,41,35-42,50,1132,116,50,50,1.0,0.43103448275862066,0.10247349823321555,9.758620689655173,1.0,0.43103448275862066
expanding_no_triad,3,step,41,35-42,100,1132,116,100,100,1.0,0.8620689655172413,0.10247349823321555,9.758620689655173,1.0,0.8620689655172413
expanding_no_triad,3,step,42,35-42,20,2154,239,20,20,1.0,0.08368200836820083,0.11095636025998143,9.01255230125523,1.0,0.08368200836820083
expanding_no_triad,3,step,42,35-42,50,2154,239,50,50,1.0,0.20920502092050208,0.11095636025998143,9.01255230125523,1.0,0.20920502092050208
expanding_no_triad,3,step,42,35-42,100,2154,239,100,100,1.0,0.41841004184100417,0.11095636025998143,9.01255230125523,1.0,0.41841004184100417
expanding_no_triad,3,step,43,43-49,20,1370,24,20,4,0.2,0.16666666666666666,0.017518248175182483,11.416666666666666,1.0,0.8333333333333334
expanding_no_triad,3,step,43,43-49,50,1370,24,50,10,0.2,0.4166666666666667,0.017518248175182483,11.416666666666666,0.48,1.0
expanding_no_triad,3,step,43,43-49,100,1370,24,100,13,0.13,0.5416666666666666,0.017518248175182483,7.420833333333333,0.24,1.0
expanding_no_triad,3,step,44,43-49,20,1591,24,20,3,0.15,0.125,0.01508485229415462,9.94375,1.0,0.8333333333333334
expanding_no_triad,3,step,44,43-49,50,1591,24,50,8,0.16,0.3333333333333333,0.01508485229415462,10.606666666666667,0.48,1.0
expanding_no_triad,3,step,44,43-49,100,1591,24,100,8,0.08,0.3333333333333333,0.01508485229415462,5.303333333333334,0.24,1.0
expanding_no_triad,3,step,45,43-49,20,1221,5,20,0,0.0,0.0,0.004095004095004095,0.0,0.25,1.0
expanding_no_triad,3,step,45,43-49,50,1221,5,50,3,0.06,0.6,0.004095004095004095,14.652,0.1,1.0
expanding_no_triad,3,step,45,43-49,100,1221,5,100,3,0.03,0.6,0.004095004095004095,7.326,0.05,1.0
expanding_no_triad,3,step,46,43-49,20,712,2,20,1,0.05,0.5,0.0028089887640449437,17.8,0.1,1.0
expanding_no_triad,3,step,46,43-49,50,712,2,50,2,0.04,1.0,0.0028089887640449437,14.24,0.04,1.0
expanding_no_triad,3,step,46,43-49,100,712,2,100,2,0.02,1.0,0.0028089887640449437,7.12,0.02,1.0
expanding_no_triad,3,step,47,43-49,20,846,22,20,8,0.4,0.36363636363636365,0.026004728132387706,15.381818181818183,1.0,0.9090909090909091
expanding_no_triad,3,step,47,43-49,50,846,22,50,17,0.34,0.7727272727272727,0.026004728132387706,13.074545454545456,0.44,1.0
expanding_no_triad,3,step,47,43-49,100,846,22,100,20,0.2,0.9090909090909091,0.026004728132387706,7.690909090909091,0.22,1.0
expanding_no_triad,3,step,48,43-49,20,471,36,20,14,0.7,0.3888888888888889,0.07643312101910828,9.158333333333333,1.0,0.5555555555555556
expanding_no_triad,3,step,48,43-49,50,471,36,50,29,0.58,0.8055555555555556,0.07643312101910828,7.588333333333333,0.72,1.0
expanding_no_triad,3,step,48,43-49,100,471,36,100,35,0.35,0.9722222222222222,0.07643312101910828,4.579166666666667,0.36,1.0
expanding_no_triad,3,step,49,43-49,20,476,56,20,20,1.0,0.35714285714285715,0.11764705882352941,8.5,1.0,0.35714285714285715
expanding_no_triad,3,step,49,43-49,50,476,56,50,47,0.94,0.8392857142857143,0.11764705882352941,7.989999999999999,1.0,0.8928571428571429
expanding_no_triad,3,step,49,43-49,100,476,56,100,55,0.55,0.9821428571428571,0.11764705882352941,4.675000000000001,0.56,1.0
static,2,step,35,35-42,20,1341,182,20,20,1.0,0.10989010989010989,0.13571961222967935,7.368131868131868,1.0,0.10989010989010989
static,2,step,35,35-42,50,1341,182,50,50,1.0,0.27472527472527475,0.13571961222967935,7.368131868131868,1.0,0.27472527472527475
static,2,step,35,35-42,100,1341,182,100,100,1.0,0.5494505494505495,0.13571961222967935,7.368131868131868,1.0,0.5494505494505495
static,2,step,36,35-42,20,1708,33,20,20,1.0,0.6060606060606061,0.019320843091334895,51.75757575757576,1.0,0.6060606060606061
static,2,step,36,35-42,50,1708,33,50,33,0.66,1.0,0.019320843091334895,34.160000000000004,0.66,1.0
static,2,step,36,35-42,100,1708,33,100,33,0.33,1.0,0.019320843091334895,17.080000000000002,0.33,1.0
static,2,step,37,35-42,20,498,40,20,20,1.0,0.5,0.08032128514056225,12.45,1.0,0.5
static,2,step,37,35-42,50,498,40,50,34,0.68,0.85,0.08032128514056225,8.466000000000001,0.8,1.0
static,2,step,37,35-42,100,498,40,100,38,0.38,0.95,0.08032128514056225,4.731,0.4,1.0
static,2,step,38,35-42,20,756,111,20,20,1.0,0.18018018018018017,0.14682539682539683,6.8108108108108105,1.0,0.18018018018018017
static,2,step,38,35-42,50,756,111,50,50,1.0,0.45045045045045046,0.14682539682539683,6.8108108108108105,1.0,0.45045045045045046
static,2,step,38,35-42,100,756,111,100,99,0.99,0.8918918918918919,0.14682539682539683,6.742702702702703,1.0,0.9009009009009009
static,2,step,39,35-42,20,1183,81,20,20,1.0,0.24691358024691357,0.06846999154691462,14.60493827160494,1.0,0.24691358024691357
static,2,step,39,35-42,50,1183,81,50,50,1.0,0.6172839506172839,0.06846999154691462,14.60493827160494,1.0,0.6172839506172839
static,2,step,39,35-42,100,1183,81,100,75,0.75,0.9259259259259259,0.06846999154691462,10.953703703703704,0.81,1.0
static,2,step,40,35-42,20,1211,112,20,20,1.0,0.17857142857142858,0.09248554913294797,10.8125,1.0,0.17857142857142858
static,2,step,40,35-42,50,1211,112,50,50,1.0,0.44642857142857145,0.09248554913294797,10.8125,1.0,0.44642857142857145
static,2,step,40,35-42,100,1211,112,100,77,0.77,0.6875,0.09248554913294797,8.325625,1.0,0.8928571428571429
static,2,step,41,35-42,20,1132,116,20,20,1.0,0.1724137931034483,0.10247349823321555,9.758620689655173,1.0,0.1724137931034483
static,2,step,41,35-42,50,1132,116,50,50,1.0,0.43103448275862066,0.10247349823321555,9.758620689655173,1.0,0.43103448275862066
static,2,step,41,35-42,100,1132,116,100,100,1.0,0.8620689655172413,0.10247349823321555,9.758620689655173,1.0,0.8620689655172413
static,2,step,42,35-42,20,2154,239,20,20,1.0,0.08368200836820083,0.11095636025998143,9.01255230125523,1.0,0.08368200836820083
static,2,step,42,35-42,50,2154,239,50,50,1.0,0.20920502092050208,0.11095636025998143,9.01255230125523,1.0,0.20920502092050208
static,2,step,42,35-42,100,2154,239,100,100,1.0,0.41841004184100417,0.11095636025998143,9.01255230125523,1.0,0.41841004184100417
static,2,step,43,43-49,20,1370,24,20,0,0.0,0.0,0.017518248175182483,0.0,1.0,0.8333333333333334
static,2,step,43,43-49,50,1370,24,50,1,0.02,0.041666666666666664,0.017518248175182483,1.1416666666666666,0.48,1.0
static,2,step,43,43-49,100,1370,24,100,5,0.05,0.20833333333333334,0.017518248175182483,2.8541666666666665,0.24,1.0
static,2,step,44,43-49,20,1591,24,20,2,0.1,0.08333333333333333,0.01508485229415462,6.629166666666667,1.0,0.8333333333333334
static,2,step,44,43-49,50,1591,24,50,2,0.04,0.08333333333333333,0.01508485229415462,2.651666666666667,0.48,1.0
static,2,step,44,43-49,100,1591,24,100,3,0.03,0.125,0.01508485229415462,1.9887499999999998,0.24,1.0
static,2,step,45,43-49,20,1221,5,20,0,0.0,0.0,0.004095004095004095,0.0,0.25,1.0
static,2,step,45,43-49,50,1221,5,50,0,0.0,0.0,0.004095004095004095,0.0,0.1,1.0
static,2,step,45,43-49,100,1221,5,100,1,0.01,0.2,0.004095004095004095,2.442,0.05,1.0
static,2,step,46,43-49,20,712,2,20,1,0.05,0.5,0.0028089887640449437,17.8,0.1,1.0
static,2,step,46,43-49,50,712,2,50,1,0.02,0.5,0.0028089887640449437,7.12,0.04,1.0
static,2,step,46,43-49,100,712,2,100,2,0.02,1.0,0.0028089887640449437,7.12,0.02,1.0
static,2,step,47,43-49,20,846,22,20,0,0.0,0.0,0.026004728132387706,0.0,1.0,0.9090909090909091
static,2,step,47,43-49,50,846,22,50,0,0.0,0.0,0.026004728132387706,0.0,0.44,1.0
static,2,step,47,43-49,100,846,22,100,4,0.04,0.18181818181818182,0.026004728132387706,1.5381818181818183,0.22,1.0
static,2,step,48,43-49,20,471,36,20,2,0.1,0.05555555555555555,0.07643312101910828,1.3083333333333333,1.0,0.5555555555555556
static,2,step,48,43-49,50,471,36,50,9,0.18,0.25,0.07643312101910828,2.355,0.72,1.0
static,2,step,48,43-49,100,471,36,100,24,0.24,0.6666666666666666,0.07643312101910828,3.14,0.36,1.0
static,2,step,49,43-49,20,476,56,20,1,0.05,0.017857142857142856,0.11764705882352941,0.42500000000000004,1.0,0.35714285714285715
static,2,step,49,43-49,50,476,56,50,4,0.08,0.07142857142857142,0.11764705882352941,0.68,1.0,0.8928571428571429
static,2,step,49,43-49,100,476,56,100,24,0.24,0.42857142857142855,0.11764705882352941,2.04,0.56,1.0
expanding,2,step,35,35-42,20,1341,182,20,20,1.0,0.10989010989010989,0.13571961222967935,7.368131868131868,1.0,0.10989010989010989
expanding,2,step,35,35-42,50,1341,182,50,50,1.0,0.27472527472527475,0.13571961222967935,7.368131868131868,1.0,0.27472527472527475
expanding,2,step,35,35-42,100,1341,182,100,100,1.0,0.5494505494505495,0.13571961222967935,7.368131868131868,1.0,0.5494505494505495
expanding,2,step,36,35-42,20,1708,33,20,20,1.0,0.6060606060606061,0.019320843091334895,51.75757575757576,1.0,0.6060606060606061
expanding,2,step,36,35-42,50,1708,33,50,32,0.64,0.9696969696969697,0.019320843091334895,33.124848484848485,0.66,1.0
expanding,2,step,36,35-42,100,1708,33,100,33,0.33,1.0,0.019320843091334895,17.080000000000002,0.33,1.0
expanding,2,step,37,35-42,20,498,40,20,20,1.0,0.5,0.08032128514056225,12.45,1.0,0.5
expanding,2,step,37,35-42,50,498,40,50,34,0.68,0.85,0.08032128514056225,8.466000000000001,0.8,1.0
expanding,2,step,37,35-42,100,498,40,100,40,0.4,1.0,0.08032128514056225,4.98,0.4,1.0
expanding,2,step,38,35-42,20,756,111,20,20,1.0,0.18018018018018017,0.14682539682539683,6.8108108108108105,1.0,0.18018018018018017
expanding,2,step,38,35-42,50,756,111,50,50,1.0,0.45045045045045046,0.14682539682539683,6.8108108108108105,1.0,0.45045045045045046
expanding,2,step,38,35-42,100,756,111,100,100,1.0,0.9009009009009009,0.14682539682539683,6.8108108108108105,1.0,0.9009009009009009
expanding,2,step,39,35-42,20,1183,81,20,20,1.0,0.24691358024691357,0.06846999154691462,14.60493827160494,1.0,0.24691358024691357
expanding,2,step,39,35-42,50,1183,81,50,50,1.0,0.6172839506172839,0.06846999154691462,14.60493827160494,1.0,0.6172839506172839
expanding,2,step,39,35-42,100,1183,81,100,78,0.78,0.9629629629629629,0.06846999154691462,11.391851851851854,0.81,1.0
expanding,2,step,40,35-42,20,1211,112,20,20,1.0,0.17857142857142858,0.09248554913294797,10.8125,1.0,0.17857142857142858
expanding,2,step,40,35-42,50,1211,112,50,50,1.0,0.44642857142857145,0.09248554913294797,10.8125,1.0,0.44642857142857145
expanding,2,step,40,35-42,100,1211,112,100,78,0.78,0.6964285714285714,0.09248554913294797,8.43375,1.0,0.8928571428571429
expanding,2,step,41,35-42,20,1132,116,20,20,1.0,0.1724137931034483,0.10247349823321555,9.758620689655173,1.0,0.1724137931034483
expanding,2,step,41,35-42,50,1132,116,50,50,1.0,0.43103448275862066,0.10247349823321555,9.758620689655173,1.0,0.43103448275862066
expanding,2,step,41,35-42,100,1132,116,100,100,1.0,0.8620689655172413,0.10247349823321555,9.758620689655173,1.0,0.8620689655172413
expanding,2,step,42,35-42,20,2154,239,20,20,1.0,0.08368200836820083,0.11095636025998143,9.01255230125523,1.0,0.08368200836820083
expanding,2,step,42,35-42,50,2154,239,50,50,1.0,0.20920502092050208,0.11095636025998143,9.01255230125523,1.0,0.20920502092050208
expanding,2,step,42,35-42,100,2154,239,100,100,1.0,0.41841004184100417,0.11095636025998143,9.01255230125523,1.0,0.41841004184100417
expanding,2,step,43,43-49,20,1370,24,20,3,0.15,0.125,0.017518248175182483,8.562499999999998,1.0,0.8333333333333334
expanding,2,step,43,43-49,50,1370,24,50,9,0.18,0.375,0.017518248175182483,10.274999999999999,0.48,1.0
expanding,2,step,43,43-49,100,1370,24,100,13,0.13,0.5416666666666666,0.017518248175182483,7.420833333333333,0.24,1.0
expanding,2,step,44,43-49,20,1591,24,20,8,0.4,0.3333333333333333,0.01508485229415462,26.51666666666667,1.0,0.8333333333333334
expanding,2,step,44,43-49,50,1591,24,50,10,0.2,0.4166666666666667,0.01508485229415462,13.258333333333335,0.48,1.0
expanding,2,step,44,43-49,100,1591,24,100,15,0.15,0.625,0.01508485229415462,9.94375,0.24,1.0
expanding,2,step,45,43-49,20,1221,5,20,1,0.05,0.2,0.004095004095004095,12.21,0.25,1.0
expanding,2,step,45,43-49,50,1221,5,50,2,0.04,0.4,0.004095004095004095,9.768,0.1,1.0
expanding,2,step,45,43-49,100,1221,5,100,3,0.03,0.6,0.004095004095004095,7.326,0.05,1.0
expanding,2,step,46,43-49,20,712,2,20,1,0.05,0.5,0.0028089887640449437,17.8,0.1,1.0
expanding,2,step,46,43-49,50,712,2,50,1,0.02,0.5,0.0028089887640449437,7.12,0.04,1.0
expanding,2,step,46,43-49,100,712,2,100,2,0.02,1.0,0.0028089887640449437,7.12,0.02,1.0
expanding,2,step,47,43-49,20,846,22,20,9,0.45,0.4090909090909091,0.026004728132387706,17.304545454545455,1.0,0.9090909090909091
expanding,2,step,47,43-49,50,846,22,50,18,0.36,0.8181818181818182,0.026004728132387706,13.843636363636364,0.44,1.0
expanding,2,step,47,43-49,100,846,22,100,20,0.2,0.9090909090909091,0.026004728132387706,7.690909090909091,0.22,1.0
expanding,2,step,48,43-49,20,471,36,20,15,0.75,0.4166666666666667,0.07643312101910828,9.8125,1.0,0.5555555555555556
expanding,2,step,48,43-49,50,471,36,50,30,0.6,0.8333333333333334,0.07643312101910828,7.85,0.72,1.0
expanding,2,step,48,43-49,100,471,36,100,35,0.35,0.9722222222222222,0.07643312101910828,4.579166666666667,0.36,1.0
expanding,2,step,49,43-49,20,476,56,20,20,1.0,0.35714285714285715,0.11764705882352941,8.5,1.0,0.35714285714285715
expanding,2,step,49,43-49,50,476,56,50,48,0.96,0.8571428571428571,0.11764705882352941,8.16,1.0,0.8928571428571429
expanding,2,step,49,43-49,100,476,56,100,56,0.56,1.0,0.11764705882352941,4.760000000000001,0.56,1.0
static,5,step,35,35-42,20,1341,182,20,20,1.0,0.10989010989010989,0.13571961222967935,7.368131868131868,1.0,0.10989010989010989
static,5,step,35,35-42,50,1341,182,50,50,1.0,0.27472527472527475,0.13571961222967935,7.368131868131868,1.0,0.27472527472527475
static,5,step,35,35-42,100,1341,182,100,100,1.0,0.5494505494505495,0.13571961222967935,7.368131868131868,1.0,0.5494505494505495
static,5,step,36,35-42,20,1708,33,20,20,1.0,0.6060606060606061,0.019320843091334895,51.75757575757576,1.0,0.6060606060606061
static,5,step,36,35-42,50,1708,33,50,32,0.64,0.9696969696969697,0.019320843091334895,33.124848484848485,0.66,1.0
static,5,step,36,35-42,100,1708,33,100,33,0.33,1.0,0.019320843091334895,17.080000000000002,0.33,1.0
static,5,step,37,35-42,20,498,40,20,20,1.0,0.5,0.08032128514056225,12.45,1.0,0.5
static,5,step,37,35-42,50,498,40,50,33,0.66,0.825,0.08032128514056225,8.217,0.8,1.0
static,5,step,37,35-42,100,498,40,100,39,0.39,0.975,0.08032128514056225,4.8555,0.4,1.0
static,5,step,38,35-42,20,756,111,20,20,1.0,0.18018018018018017,0.14682539682539683,6.8108108108108105,1.0,0.18018018018018017
static,5,step,38,35-42,50,756,111,50,50,1.0,0.45045045045045046,0.14682539682539683,6.8108108108108105,1.0,0.45045045045045046
static,5,step,38,35-42,100,756,111,100,99,0.99,0.8918918918918919,0.14682539682539683,6.742702702702703,1.0,0.9009009009009009
static,5,step,39,35-42,20,1183,81,20,20,1.0,0.24691358024691357,0.06846999154691462,14.60493827160494,1.0,0.24691358024691357
static,5,step,39,35-42,50,1183,81,50,50,1.0,0.6172839506172839,0.06846999154691462,14.60493827160494,1.0,0.6172839506172839
static,5,step,39,35-42,100,1183,81,100,76,0.76,0.9382716049382716,0.06846999154691462,11.099753086419755,0.81,1.0
static,5,step,40,35-42,20,1211,112,20,20,1.0,0.17857142857142858,0.09248554913294797,10.8125,1.0,0.17857142857142858
static,5,step,40,35-42,50,1211,112,50,50,1.0,0.44642857142857145,0.09248554913294797,10.8125,1.0,0.44642857142857145
static,5,step,40,35-42,100,1211,112,100,78,0.78,0.6964285714285714,0.09248554913294797,8.43375,1.0,0.8928571428571429
static,5,step,41,35-42,20,1132,116,20,20,1.0,0.1724137931034483,0.10247349823321555,9.758620689655173,1.0,0.1724137931034483
static,5,step,41,35-42,50,1132,116,50,50,1.0,0.43103448275862066,0.10247349823321555,9.758620689655173,1.0,0.43103448275862066
static,5,step,41,35-42,100,1132,116,100,100,1.0,0.8620689655172413,0.10247349823321555,9.758620689655173,1.0,0.8620689655172413
static,5,step,42,35-42,20,2154,239,20,20,1.0,0.08368200836820083,0.11095636025998143,9.01255230125523,1.0,0.08368200836820083
static,5,step,42,35-42,50,2154,239,50,50,1.0,0.20920502092050208,0.11095636025998143,9.01255230125523,1.0,0.20920502092050208
static,5,step,42,35-42,100,2154,239,100,100,1.0,0.41841004184100417,0.11095636025998143,9.01255230125523,1.0,0.41841004184100417
static,5,step,43,43-49,20,1370,24,20,0,0.0,0.0,0.017518248175182483,0.0,1.0,0.8333333333333334
static,5,step,43,43-49,50,1370,24,50,3,0.06,0.125,0.017518248175182483,3.4249999999999994,0.48,1.0
static,5,step,43,43-49,100,1370,24,100,4,0.04,0.16666666666666666,0.017518248175182483,2.283333333333333,0.24,1.0
static,5,step,44,43-49,20,1591,24,20,1,0.05,0.041666666666666664,0.01508485229415462,3.3145833333333337,1.0,0.8333333333333334
static,5,step,44,43-49,50,1591,24,50,2,0.04,0.08333333333333333,0.01508485229415462,2.651666666666667,0.48,1.0
static,5,step,44,43-49,100,1591,24,100,4,0.04,0.16666666666666666,0.01508485229415462,2.651666666666667,0.24,1.0
static,5,step,45,43-49,20,1221,5,20,0,0.0,0.0,0.004095004095004095,0.0,0.25,1.0
static,5,step,45,43-49,50,1221,5,50,0,0.0,0.0,0.004095004095004095,0.0,0.1,1.0
static,5,step,45,43-49,100,1221,5,100,0,0.0,0.0,0.004095004095004095,0.0,0.05,1.0
static,5,step,46,43-49,20,712,2,20,1,0.05,0.5,0.0028089887640449437,17.8,0.1,1.0
static,5,step,46,43-49,50,712,2,50,1,0.02,0.5,0.0028089887640449437,7.12,0.04,1.0
static,5,step,46,43-49,100,712,2,100,2,0.02,1.0,0.0028089887640449437,7.12,0.02,1.0
static,5,step,47,43-49,20,846,22,20,0,0.0,0.0,0.026004728132387706,0.0,1.0,0.9090909090909091
static,5,step,47,43-49,50,846,22,50,0,0.0,0.0,0.026004728132387706,0.0,0.44,1.0
static,5,step,47,43-49,100,846,22,100,3,0.03,0.13636363636363635,0.026004728132387706,1.1536363636363636,0.22,1.0
static,5,step,48,43-49,20,471,36,20,4,0.2,0.1111111111111111,0.07643312101910828,2.6166666666666667,1.0,0.5555555555555556
static,5,step,48,43-49,50,471,36,50,10,0.2,0.2777777777777778,0.07643312101910828,2.6166666666666667,0.72,1.0
static,5,step,48,43-49,100,471,36,100,23,0.23,0.6388888888888888,0.07643312101910828,3.0091666666666668,0.36,1.0
static,5,step,49,43-49,20,476,56,20,1,0.05,0.017857142857142856,0.11764705882352941,0.42500000000000004,1.0,0.35714285714285715
static,5,step,49,43-49,50,476,56,50,2,0.04,0.03571428571428571,0.11764705882352941,0.34,1.0,0.8928571428571429
static,5,step,49,43-49,100,476,56,100,18,0.18,0.32142857142857145,0.11764705882352941,1.53,0.56,1.0
expanding,5,step,35,35-42,20,1341,182,20,20,1.0,0.10989010989010989,0.13571961222967935,7.368131868131868,1.0,0.10989010989010989
expanding,5,step,35,35-42,50,1341,182,50,50,1.0,0.27472527472527475,0.13571961222967935,7.368131868131868,1.0,0.27472527472527475
expanding,5,step,35,35-42,100,1341,182,100,100,1.0,0.5494505494505495,0.13571961222967935,7.368131868131868,1.0,0.5494505494505495
expanding,5,step,36,35-42,20,1708,33,20,20,1.0,0.6060606060606061,0.019320843091334895,51.75757575757576,1.0,0.6060606060606061
expanding,5,step,36,35-42,50,1708,33,50,33,0.66,1.0,0.019320843091334895,34.160000000000004,0.66,1.0
expanding,5,step,36,35-42,100,1708,33,100,33,0.33,1.0,0.019320843091334895,17.080000000000002,0.33,1.0
expanding,5,step,37,35-42,20,498,40,20,20,1.0,0.5,0.08032128514056225,12.45,1.0,0.5
expanding,5,step,37,35-42,50,498,40,50,30,0.6,0.75,0.08032128514056225,7.47,0.8,1.0
expanding,5,step,37,35-42,100,498,40,100,34,0.34,0.85,0.08032128514056225,4.2330000000000005,0.4,1.0
expanding,5,step,38,35-42,20,756,111,20,20,1.0,0.18018018018018017,0.14682539682539683,6.8108108108108105,1.0,0.18018018018018017
expanding,5,step,38,35-42,50,756,111,50,50,1.0,0.45045045045045046,0.14682539682539683,6.8108108108108105,1.0,0.45045045045045046
expanding,5,step,38,35-42,100,756,111,100,99,0.99,0.8918918918918919,0.14682539682539683,6.742702702702703,1.0,0.9009009009009009
expanding,5,step,39,35-42,20,1183,81,20,20,1.0,0.24691358024691357,0.06846999154691462,14.60493827160494,1.0,0.24691358024691357
expanding,5,step,39,35-42,50,1183,81,50,50,1.0,0.6172839506172839,0.06846999154691462,14.60493827160494,1.0,0.6172839506172839
expanding,5,step,39,35-42,100,1183,81,100,76,0.76,0.9382716049382716,0.06846999154691462,11.099753086419755,0.81,1.0
expanding,5,step,40,35-42,20,1211,112,20,20,1.0,0.17857142857142858,0.09248554913294797,10.8125,1.0,0.17857142857142858
expanding,5,step,40,35-42,50,1211,112,50,50,1.0,0.44642857142857145,0.09248554913294797,10.8125,1.0,0.44642857142857145
expanding,5,step,40,35-42,100,1211,112,100,78,0.78,0.6964285714285714,0.09248554913294797,8.43375,1.0,0.8928571428571429
expanding,5,step,41,35-42,20,1132,116,20,20,1.0,0.1724137931034483,0.10247349823321555,9.758620689655173,1.0,0.1724137931034483
expanding,5,step,41,35-42,50,1132,116,50,50,1.0,0.43103448275862066,0.10247349823321555,9.758620689655173,1.0,0.43103448275862066
expanding,5,step,41,35-42,100,1132,116,100,100,1.0,0.8620689655172413,0.10247349823321555,9.758620689655173,1.0,0.8620689655172413
expanding,5,step,42,35-42,20,2154,239,20,20,1.0,0.08368200836820083,0.11095636025998143,9.01255230125523,1.0,0.08368200836820083
expanding,5,step,42,35-42,50,2154,239,50,50,1.0,0.20920502092050208,0.11095636025998143,9.01255230125523,1.0,0.20920502092050208
expanding,5,step,42,35-42,100,2154,239,100,100,1.0,0.41841004184100417,0.11095636025998143,9.01255230125523,1.0,0.41841004184100417
expanding,5,step,43,43-49,20,1370,24,20,2,0.1,0.08333333333333333,0.017518248175182483,5.708333333333333,1.0,0.8333333333333334
expanding,5,step,43,43-49,50,1370,24,50,3,0.06,0.125,0.017518248175182483,3.4249999999999994,0.48,1.0
expanding,5,step,43,43-49,100,1370,24,100,11,0.11,0.4583333333333333,0.017518248175182483,6.279166666666666,0.24,1.0
expanding,5,step,44,43-49,20,1591,24,20,2,0.1,0.08333333333333333,0.01508485229415462,6.629166666666667,1.0,0.8333333333333334
expanding,5,step,44,43-49,50,1591,24,50,7,0.14,0.2916666666666667,0.01508485229415462,9.280833333333334,0.48,1.0
expanding,5,step,44,43-49,100,1591,24,100,9,0.09,0.375,0.01508485229415462,5.96625,0.24,1.0
expanding,5,step,45,43-49,20,1221,5,20,0,0.0,0.0,0.004095004095004095,0.0,0.25,1.0
expanding,5,step,45,43-49,50,1221,5,50,1,0.02,0.2,0.004095004095004095,4.884,0.1,1.0
expanding,5,step,45,43-49,100,1221,5,100,3,0.03,0.6,0.004095004095004095,7.326,0.05,1.0
expanding,5,step,46,43-49,20,712,2,20,1,0.05,0.5,0.0028089887640449437,17.8,0.1,1.0
expanding,5,step,46,43-49,50,712,2,50,1,0.02,0.5,0.0028089887640449437,7.12,0.04,1.0
expanding,5,step,46,43-49,100,712,2,100,1,0.01,0.5,0.0028089887640449437,3.56,0.02,1.0
expanding,5,step,47,43-49,20,846,22,20,9,0.45,0.4090909090909091,0.026004728132387706,17.304545454545455,1.0,0.9090909090909091
expanding,5,step,47,43-49,50,846,22,50,15,0.3,0.6818181818181818,0.026004728132387706,11.536363636363637,0.44,1.0
expanding,5,step,47,43-49,100,846,22,100,20,0.2,0.9090909090909091,0.026004728132387706,7.690909090909091,0.22,1.0
expanding,5,step,48,43-49,20,471,36,20,13,0.65,0.3611111111111111,0.07643312101910828,8.504166666666666,1.0,0.5555555555555556
expanding,5,step,48,43-49,50,471,36,50,29,0.58,0.8055555555555556,0.07643312101910828,7.588333333333333,0.72,1.0
expanding,5,step,48,43-49,100,471,36,100,34,0.34,0.9444444444444444,0.07643312101910828,4.448333333333334,0.36,1.0
expanding,5,step,49,43-49,20,476,56,20,19,0.95,0.3392857142857143,0.11764705882352941,8.075,1.0,0.35714285714285715
expanding,5,step,49,43-49,50,476,56,50,40,0.8,0.7142857142857143,0.11764705882352941,6.800000000000001,1.0,0.8928571428571429
expanding,5,step,49,43-49,100,476,56,100,55,0.55,0.9821428571428571,0.11764705882352941,4.675000000000001,0.56,1.0
expanding,1,window,-1,35-42,20,9983,914,160,160,1.0,0.175054704595186,0.09155564459581288,10.922319474835886,1.0,0.175054704595186
expanding,1,window,-1,35-42,50,9983,914,400,367,0.9175,0.40153172866520787,0.09155564459581288,10.021228118161925,1.0,0.437636761487965
expanding,1,window,-1,35-42,100,9983,914,800,630,0.7875,0.6892778993435449,0.09155564459581288,8.601326586433261,1.0,0.87527352297593
expanding,1,window,-1,43-49,20,6687,169,140,71,0.5071428571428571,0.42011834319526625,0.025272917601315985,20.06665257819104,1.0,0.8284023668639053
expanding,1,window,-1,43-49,50,6687,169,350,137,0.3914285714285714,0.8106508875739645,0.025272917601315985,15.488064243448859,0.4828571428571429,1.0
expanding,1,window,-1,43-49,100,6687,169,700,156,0.22285714285714286,0.9230769230769231,0.025272917601315985,8.818021978021978,0.24142857142857144,1.0
expanding,2,window,-1,35-42,20,9983,914,160,160,1.0,0.175054704595186,0.09155564459581288,10.922319474835886,1.0,0.175054704595186
expanding,2,window,-1,35-42,50,9983,914,400,366,0.915,0.40043763676148797,0.09155564459581288,9.993922319474837,1.0,0.437636761487965
expanding,2,window,-1,35-42,100,9983,914,800,629,0.78625,0.688183807439825,0.09155564459581288,8.587673687089715,1.0,0.87527352297593
expanding,2,window,-1,43-49,20,6687,169,140,57,0.40714285714285714,0.33727810650887574,0.025272917601315985,16.10984784446323,1.0,0.8284023668639053
expanding,2,window,-1,43-49,50,6687,169,350,118,0.33714285714285713,0.6982248520710059,0.025272917601315985,13.340084530853762,0.4828571428571429,1.0
expanding,2,window,-1,43-49,100,6687,169,700,144,0.2057142857142857,0.8520710059171598,0.025272917601315985,8.13971259509721,0.24142857142857144,1.0
expanding,3,window,-1,35-42,20,9983,914,160,160,1.0,0.175054704595186,0.09155564459581288,10.922319474835886,1.0,0.175054704595186
expanding,3,window,-1,35-42,50,9983,914,400,364,0.91,0.3982494529540481,0.09155564459581288,9.939310722100657,1.0,0.437636761487965
expanding,3,window,-1,35-42,100,9983,914,800,626,0.7825,0.6849015317286652,0.09155564459581288,8.546714989059081,1.0,0.87527352297593
expanding,3,window,-1,43-49,20,6687,169,140,50,0.35714285714285715,0.2958579881656805,0.025272917601315985,14.131445477599325,1.0,0.8284023668639053
expanding,3,window,-1,43-49,50,6687,169,350,104,0.29714285714285715,0.6153846153846154,0.025272917601315985,11.757362637362638,0.4828571428571429,1.0
expanding,3,window,-1,43-49,100,6687,169,700,135,0.19285714285714287,0.7988165680473372,0.025272917601315985,7.630980557903635,0.24142857142857144,1.0
expanding,5,window,-1,35-42,20,9983,914,160,160,1.0,0.175054704595186,0.09155564459581288,10.922319474835886,1.0,0.175054704595186
expanding,5,window,-1,35-42,50,9983,914,400,363,0.9075,0.3971553610503282,0.09155564459581288,9.912004923413567,1.0,0.437636761487965
expanding,5,window,-1,35-42,100,9983,914,800,620,0.775,0.6783369803063457,0.09155564459581288,8.464797592997813,1.0,0.87527352297593
expanding,5,window,-1,43-49,20,6687,169,140,46,0.32857142857142857,0.27218934911242604,0.025272917601315985,13.000929839391379,1.0,0.8284023668639053
expanding,5,window,-1,43-49,50,6687,169,350,96,0.2742857142857143,0.5680473372781065,0.025272917601315985,10.852950126796282,0.4828571428571429,1.0
expanding,5,window,-1,43-49,100,6687,169,700,133,0.19,0.7869822485207101,0.025272917601315985,7.51792899408284,0.24142857142857144,1.0
expanding_no_triad,1,window,-1,35-42,20,9983,914,160,160,1.0,0.175054704595186,0.09155564459581288,10.922319474835886,1.0,0.175054704595186
expanding_no_triad,1,window,-1,35-42,50,9983,914,400,368,0.92,0.4026258205689278,0.09155564459581288,10.048533916849017,1.0,0.437636761487965
expanding_no_triad,1,window,-1,35-42,100,9983,914,800,629,0.78625,0.688183807439825,0.09155564459581288,8.587673687089715,1.0,0.87527352297593
expanding_no_triad,1,window,-1,43-49,20,6687,169,140,71,0.5071428571428571,0.42011834319526625,0.025272917601315985,20.06665257819104,1.0,0.8284023668639053
expanding_no_triad,1,window,-1,43-49,50,6687,169,350,135,0.38571428571428573,0.7988165680473372,0.025272917601315985,15.26196111580727,0.4828571428571429,1.0
expanding_no_triad,1,window,-1,43-49,100,6687,169,700,154,0.22,0.9112426035502958,0.025272917601315985,8.704970414201183,0.24142857142857144,1.0
expanding_no_triad,3,window,-1,35-42,20,9983,914,160,160,1.0,0.175054704595186,0.09155564459581288,10.922319474835886,1.0,0.175054704595186
expanding_no_triad,3,window,-1,35-42,50,9983,914,400,365,0.9125,0.3993435448577681,0.09155564459581288,9.966616520787747,1.0,0.437636761487965
expanding_no_triad,3,window,-1,35-42,100,9983,914,800,627,0.78375,0.6859956236323851,0.09155564459581288,8.560367888402626,1.0,0.87527352297593
expanding_no_triad,3,window,-1,43-49,20,6687,169,140,50,0.35714285714285715,0.2958579881656805,0.025272917601315985,14.131445477599325,1.0,0.8284023668639053
expanding_no_triad,3,window,-1,43-49,50,6687,169,350,116,0.3314285714285714,0.6863905325443787,0.025272917601315985,13.113981403212172,0.4828571428571429,1.0
expanding_no_triad,3,window,-1,43-49,100,6687,169,700,136,0.19428571428571428,0.8047337278106509,0.025272917601315985,7.687506339814032,0.24142857142857144,1.0
monitor_triggered,1,window,-1,35-42,20,9983,914,160,160,1.0,0.175054704595186,0.09155564459581288,10.922319474835886,1.0,0.175054704595186
monitor_triggered,1,window,-1,35-42,50,9983,914,400,366,0.915,0.40043763676148797,0.09155564459581288,9.993922319474837,1.0,0.437636761487965
monitor_triggered,1,window,-1,35-42,100,9983,914,800,628,0.785,0.687089715536105,0.09155564459581288,8.574020787746171,1.0,0.87527352297593
monitor_triggered,1,window,-1,43-49,20,6687,169,140,65,0.4642857142857143,0.38461538461538464,0.025272917601315985,18.37087912087912,1.0,0.8284023668639053
monitor_triggered,1,window,-1,43-49,50,6687,169,350,132,0.37714285714285717,0.7810650887573964,0.025272917601315985,14.922806424344888,0.4828571428571429,1.0
monitor_triggered,1,window,-1,43-49,100,6687,169,700,154,0.22,0.9112426035502958,0.025272917601315985,8.704970414201183,0.24142857142857144,1.0
monitor_triggered,3,window,-1,35-42,20,9983,914,160,160,1.0,0.175054704595186,0.09155564459581288,10.922319474835886,1.0,0.175054704595186
monitor_triggered,3,window,-1,35-42,50,9983,914,400,362,0.905,0.39606126914660833,0.09155564459581288,9.884699124726477,1.0,0.437636761487965
monitor_triggered,3,window,-1,35-42,100,9983,914,800,622,0.7775,0.6805251641137856,0.09155564459581288,8.492103391684902,1.0,0.87527352297593
monitor_triggered,3,window,-1,43-49,20,6687,169,140,46,0.32857142857142857,0.27218934911242604,0.025272917601315985,13.000929839391379,1.0,0.8284023668639053
monitor_triggered,3,window,-1,43-49,50,6687,169,350,88,0.25142857142857145,0.5207100591715976,0.025272917601315985,9.948537616229926,0.4828571428571429,1.0
monitor_triggered,3,window,-1,43-49,100,6687,169,700,128,0.18285714285714286,0.757396449704142,0.025272917601315985,7.235300084530854,0.24142857142857144,1.0
recency_exp_hl6,1,window,-1,35-42,20,9983,914,160,160,1.0,0.175054704595186,0.09155564459581288,10.922319474835886,1.0,0.175054704595186
recency_exp_hl6,1,window,-1,35-42,50,9983,914,400,367,0.9175,0.40153172866520787,0.09155564459581288,10.021228118161925,1.0,0.437636761487965
recency_exp_hl6,1,window,-1,35-42,100,9983,914,800,630,0.7875,0.6892778993435449,0.09155564459581288,8.601326586433261,1.0,0.87527352297593
recency_exp_hl6,1,window,-1,43-49,20,6687,169,140,74,0.5285714285714286,0.4378698224852071,0.025272917601315985,20.914539306847,1.0,0.8284023668639053
recency_exp_hl6,1,window,-1,43-49,50,6687,169,350,137,0.3914285714285714,0.8106508875739645,0.025272917601315985,15.488064243448859,0.4828571428571429,1.0
recency_exp_hl6,1,window,-1,43-49,100,6687,169,700,155,0.22142857142857142,0.9171597633136095,0.025272917601315985,8.761496196111581,0.24142857142857144,1.0
recency_exp_hl6,3,window,-1,35-42,20,9983,914,160,160,1.0,0.175054704595186,0.09155564459581288,10.922319474835886,1.0,0.175054704595186
recency_exp_hl6,3,window,-1,35-42,50,9983,914,400,366,0.915,0.40043763676148797,0.09155564459581288,9.993922319474837,1.0,0.437636761487965
recency_exp_hl6,3,window,-1,35-42,100,9983,914,800,629,0.78625,0.688183807439825,0.09155564459581288,8.587673687089715,1.0,0.87527352297593
recency_exp_hl6,3,window,-1,43-49,20,6687,169,140,50,0.35714285714285715,0.2958579881656805,0.025272917601315985,14.131445477599325,1.0,0.8284023668639053
recency_exp_hl6,3,window,-1,43-49,50,6687,169,350,112,0.32,0.6627218934911243,0.025272917601315985,12.661775147928994,0.4828571428571429,1.0
recency_exp_hl6,3,window,-1,43-49,100,6687,169,700,141,0.20142857142857143,0.834319526627219,0.025272917601315985,7.9701352493660185,0.24142857142857144,1.0
rolling_w10,1,window,-1,35-42,20,9983,914,160,160,1.0,0.175054704595186,0.09155564459581288,10.922319474835886,1.0,0.175054704595186
rolling_w10,1,window,-1,35-42,50,9983,914,400,366,0.915,0.40043763676148797,0.09155564459581288,9.993922319474837,1.0,0.437636761487965
rolling_w10,1,window,-1,35-42,100,9983,914,800,627,0.78375,0.6859956236323851,0.09155564459581288,8.560367888402626,1.0,0.87527352297593
rolling_w10,1,window,-1,43-49,20,6687,169,140,72,0.5142857142857142,0.4260355029585799,0.025272917601315985,20.349281487743024,1.0,0.8284023668639053
rolling_w10,1,window,-1,43-49,50,6687,169,350,139,0.39714285714285713,0.8224852071005917,0.025272917601315985,15.714167371090449,0.4828571428571429,1.0
rolling_w10,1,window,-1,43-49,100,6687,169,700,154,0.22,0.9112426035502958,0.025272917601315985,8.704970414201183,0.24142857142857144,1.0
rolling_w10,3,window,-1,35-42,20,9983,914,160,160,1.0,0.175054704595186,0.09155564459581288,10.922319474835886,1.0,0.175054704595186
rolling_w10,3,window,-1,35-42,50,9983,914,400,363,0.9075,0.3971553610503282,0.09155564459581288,9.912004923413567,1.0,0.437636761487965
rolling_w10,3,window,-1,35-42,100,9983,914,800,626,0.7825,0.6849015317286652,0.09155564459581288,8.546714989059081,1.0,0.87527352297593
rolling_w10,3,window,-1,43-49,20,6687,169,140,62,0.44285714285714284,0.3668639053254438,0.025272917601315985,17.522992392223163,1.0,0.8284023668639053
rolling_w10,3,window,-1,43-49,50,6687,169,350,117,0.3342857142857143,0.6923076923076923,0.025272917601315985,13.227032967032969,0.4828571428571429,1.0
rolling_w10,3,window,-1,43-49,100,6687,169,700,143,0.2042857142857143,0.8461538461538461,0.025272917601315985,8.083186813186813,0.24142857142857144,1.0
rolling_w5,1,window,-1,35-42,20,9983,914,160,160,1.0,0.175054704595186,0.09155564459581288,10.922319474835886,1.0,0.175054704595186
rolling_w5,1,window,-1,35-42,50,9983,914,400,365,0.9125,0.3993435448577681,0.09155564459581288,9.966616520787747,1.0,0.437636761487965
rolling_w5,1,window,-1,35-42,100,9983,914,800,625,0.78125,0.6838074398249453,0.09155564459581288,8.533062089715537,1.0,0.87527352297593
rolling_w5,1,window,-1,43-49,20,6687,169,140,60,0.42857142857142855,0.35502958579881655,0.025272917601315985,16.95773457311919,1.0,0.8284023668639053
rolling_w5,1,window,-1,43-49,50,6687,169,350,117,0.3342857142857143,0.6923076923076923,0.025272917601315985,13.227032967032969,0.4828571428571429,1.0
rolling_w5,1,window,-1,43-49,100,6687,169,700,149,0.21285714285714286,0.8816568047337278,0.025272917601315985,8.422341504649197,0.24142857142857144,1.0
rolling_w5,3,window,-1,35-42,20,9983,914,160,160,1.0,0.175054704595186,0.09155564459581288,10.922319474835886,1.0,0.175054704595186
rolling_w5,3,window,-1,35-42,50,9983,914,400,360,0.9,0.3938730853391685,0.09155564459581288,9.830087527352298,1.0,0.437636761487965
rolling_w5,3,window,-1,35-42,100,9983,914,800,615,0.76875,0.6728665207877462,0.09155564459581288,8.396533096280088,1.0,0.87527352297593
rolling_w5,3,window,-1,43-49,20,6687,169,140,49,0.35,0.28994082840236685,0.025272917601315985,13.848816568047337,1.0,0.8284023668639053
rolling_w5,3,window,-1,43-49,50,6687,169,350,102,0.2914285714285714,0.6035502958579881,0.025272917601315985,11.531259509721048,0.4828571428571429,1.0
rolling_w5,3,window,-1,43-49,100,6687,169,700,137,0.1957142857142857,0.8106508875739645,0.025272917601315985,7.7440321217244295,0.24142857142857144,1.0
static,1,window,-1,35-42,20,9983,914,160,160,1.0,0.175054704595186,0.09155564459581288,10.922319474835886,1.0,0.175054704595186
static,1,window,-1,35-42,50,9983,914,400,363,0.9075,0.3971553610503282,0.09155564459581288,9.912004923413567,1.0,0.437636761487965
static,1,window,-1,35-42,100,9983,914,800,623,0.77875,0.6816192560175055,0.09155564459581288,8.505756291028447,1.0,0.87527352297593
static,1,window,-1,43-49,20,6687,169,140,4,0.02857142857142857,0.023668639053254437,0.025272917601315985,1.130515638207946,1.0,0.8284023668639053
static,1,window,-1,43-49,50,6687,169,350,15,0.04285714285714286,0.08875739644970414,0.025272917601315985,1.695773457311919,0.4828571428571429,1.0
static,1,window,-1,43-49,100,6687,169,700,62,0.08857142857142856,0.3668639053254438,0.025272917601315985,3.504598478444632,0.24142857142857144,1.0
static,2,window,-1,35-42,20,9983,914,160,160,1.0,0.175054704595186,0.09155564459581288,10.922319474835886,1.0,0.175054704595186
static,2,window,-1,35-42,50,9983,914,400,367,0.9175,0.40153172866520787,0.09155564459581288,10.021228118161925,1.0,0.437636761487965
static,2,window,-1,35-42,100,9983,914,800,622,0.7775,0.6805251641137856,0.09155564459581288,8.492103391684902,1.0,0.87527352297593
static,2,window,-1,43-49,20,6687,169,140,6,0.04285714285714286,0.03550295857988166,0.025272917601315985,1.695773457311919,1.0,0.8284023668639053
static,2,window,-1,43-49,50,6687,169,350,17,0.04857142857142857,0.10059171597633136,0.025272917601315985,1.921876584953508,0.4828571428571429,1.0
static,2,window,-1,43-49,100,6687,169,700,63,0.09,0.3727810650887574,0.025272917601315985,3.5611242603550295,0.24142857142857144,1.0
static,3,window,-1,35-42,20,9983,914,160,160,1.0,0.175054704595186,0.09155564459581288,10.922319474835886,1.0,0.175054704595186
static,3,window,-1,35-42,50,9983,914,400,361,0.9025,0.3949671772428884,0.09155564459581288,9.857393326039388,1.0,0.437636761487965
static,3,window,-1,35-42,100,9983,914,800,613,0.76625,0.6706783369803063,0.09155564459581288,8.369227297592998,1.0,0.87527352297593
static,3,window,-1,43-49,20,6687,169,140,0,0.0,0.0,0.025272917601315985,0.0,1.0,0.8284023668639053
static,3,window,-1,43-49,50,6687,169,350,7,0.02,0.04142011834319527,0.025272917601315985,0.7913609467455621,0.4828571428571429,1.0
static,3,window,-1,43-49,100,6687,169,700,21,0.03,0.1242603550295858,0.025272917601315985,1.1870414201183432,0.24142857142857144,1.0
static,5,window,-1,35-42,20,9983,914,160,160,1.0,0.175054704595186,0.09155564459581288,10.922319474835886,1.0,0.175054704595186
static,5,window,-1,35-42,50,9983,914,400,365,0.9125,0.3993435448577681,0.09155564459581288,9.966616520787747,1.0,0.437636761487965
static,5,window,-1,35-42,100,9983,914,800,625,0.78125,0.6838074398249453,0.09155564459581288,8.533062089715537,1.0,0.87527352297593
static,5,window,-1,43-49,20,6687,169,140,7,0.05,0.04142011834319527,0.025272917601315985,1.9784023668639055,1.0,0.8284023668639053
static,5,window,-1,43-49,50,6687,169,350,18,0.05142857142857143,0.10650887573964497,0.025272917601315985,2.0349281487743025,0.4828571428571429,1.0
static,5,window,-1,43-49,100,6687,169,700,54,0.07714285714285714,0.31952662721893493,0.025272917601315985,3.052392223161454,0.24142857142857144,1.0
